[mono_ns=7174513744569746][T0xf5e8e80ab020][TIMING] emit_host_span: [STRACE] v=1 pid=2354859 tid=2354859 inv=1 hid=ec2cdc3bae966a42 depth=2 name=chip.run.bind.args ts=7174513744447655 dur=112501 
[mono_ns=7174513744592276][T0xf5e8e80ab020][TIMING] emit_host_span: [STRACE] v=1 pid=2354859 tid=2354859 inv=1 hid=ec2cdc3bae966a42 depth=2 name=chip.run.bind.prebuilt ts=7174513744585676 dur=4040 
[mono_ns=7174513744598386][T0xf5e8e80ab020][TIMING] emit_host_span: [STRACE] v=1 pid=2354859 tid=2354859 inv=1 hid=ec2cdc3bae966a42 depth=1 name=chip.run.bind ts=7174513744397725 dur=197971 
[mono_ns=7174513862995002][T0xf5e8e80ab020][TIMING] emit_host_span: [STRACE] v=1 pid=2354859 tid=2354859 inv=1 hid=ec2cdc3bae966a42 depth=1 name=chip.run.runner_run ts=7174513746065984 dur=116919268 
[mono_ns=7174513863104152][T0xf5e8e80ab020][TIMING] emit_host_span: [STRACE] v=1 pid=2354859 tid=2354859 inv=1 hid=ec2cdc3bae966a42 depth=1 name=chip.run.validate ts=7174513863019062 dur=81000 
[mono_ns=7174513863116143][T0xf5e8e80ab020][TIMING] emit_host_span: [STRACE] v=1 pid=2354859 tid=2354859 inv=1 hid=ec2cdc3bae966a42 depth=2 name=chip.run.runner_run.device_wall ts=0 dur=269099 clk=dev
[mono_ns=7174513863121043][T0xf5e8e80ab020][TIMING] emit_host_span: [STRACE] v=1 pid=2354859 tid=2354859 inv=1 hid=ec2cdc3bae966a42 depth=3 name=chip.run.runner_run.device_wall.preamble ts=0 dur=170020 clk=dev
[mono_ns=7174513863125453][T0xf5e8e80ab020][TIMING] emit_host_span: [STRACE] v=1 pid=2354859 tid=2354859 inv=1 hid=ec2cdc3bae966a42 depth=3 name=chip.run.runner_run.device_wall.graph_build ts=40480 dur=208280 clk=dev
[mono_ns=7174513863130453][T0xf5e8e80ab020][TIMING] emit_host_span: [STRACE] v=1 pid=2354859 tid=2354859 inv=1 hid=ec2cdc3bae966a42 depth=3 name=chip.run.runner_run.device_wall.config_validate ts=44980 dur=3140 clk=dev
[mono_ns=7174513863136393][T0xf5e8e80ab020][TIMING] emit_host_span: [STRACE] v=1 pid=2354859 tid=2354859 inv=1 hid=ec2cdc3bae966a42 depth=3 name=chip.run.runner_run.device_wall.arena_wire ts=48400 dur=13480 clk=dev
[mono_ns=7174513863140803][T0xf5e8e80ab020][TIMING] emit_host_span: [STRACE] v=1 pid=2354859 tid=2354859 inv=1 hid=ec2cdc3bae966a42 depth=3 name=chip.run.runner_run.device_wall.sm_reset ts=61920 dur=18860 clk=dev
[mono_ns=7174513863145203][T0xf5e8e80ab020][TIMING] emit_host_span: [STRACE] v=1 pid=2354859 tid=2354859 inv=1 hid=ec2cdc3bae966a42 depth=3 name=chip.run.runner_run.device_wall.post_orch ts=248840 dur=16660 clk=dev
[mono_ns=7174513863149493][T0xf5e8e80ab020][TIMING] emit_host_span: [STRACE] v=1 pid=2354859 tid=2354859 inv=1 hid=ec2cdc3bae966a42 depth=3 name=chip.run.runner_run.device_wall.orch ts=86460 dur=44320 clk=dev
[mono_ns=7174513863153783][T0xf5e8e80ab020][TIMING] emit_host_span: [STRACE] v=1 pid=2354859 tid=2354859 inv=1 hid=ec2cdc3bae966a42 depth=3 name=chip.run.runner_run.device_wall.sched ts=171660 dur=53600 clk=dev
[mono_ns=7174513863159493][T0xf5e8e80ab020][TIMING] emit_host_span: [STRACE] v=1 pid=2354859 tid=2354859 inv=1 hid=ec2cdc3bae966a42 depth=1 name=chip.run.claim_release ts=7174513863157143 dur=600 
[mono_ns=7174513863165363][T0xf5e8e80ab020][TIMING] emit_host_span: [STRACE] v=1 pid=2354859 tid=2354859 inv=1 hid=ec2cdc3bae966a42 depth=0 name=chip.run ts=7174513744295974 dur=118867289 run_id=1 dispatch_id=1 slot_id=0 generation=1 run_epoch=1
[mono_ns=7174513866049489][T0xf5e8e80ab020][TIMING] emit_host_span: [STRACE] v=1 pid=2354859 tid=2354859 inv=2 hid=ec2cdc3bae966a42 depth=2 name=chip.run.bind.args ts=7174513865942069 dur=101530 
[mono_ns=7174513866067259][T0xf5e8e80ab020][TIMING] emit_host_span: [STRACE] v=1 pid=2354859 tid=2354859 inv=2 hid=ec2cdc3bae966a42 depth=2 name=chip.run.bind.prebuilt ts=7174513866061429 dur=3350 
[mono_ns=7174513866072359][T0xf5e8e80ab020][TIMING] emit_host_span: [STRACE] v=1 pid=2354859 tid=2354859 inv=2 hid=ec2cdc3bae966a42 depth=1 name=chip.run.bind ts=7174513865934569 dur=135650 
[mono_ns=7174513924448363][T0xf5e78203cca0][WARN] copy_aicore_buffer: [chip_swimlane_collector.cpp:689] Core 1: skipped 1024 AICore record slot(s) with start_time=0 (race-window write or recycled-buffer tail). buf seq=0 count=1024
[mono_ns=7174513924467193][T0xf5e78284cca0][WARN] copy_aicore_buffer: [chip_swimlane_collector.cpp:689] Core 0: skipped 1024 AICore record slot(s) with start_time=0 (race-window write or recycled-buffer tail). buf seq=0 count=1024
[mono_ns=7174513924493773][T0xf5e78182cca0][WARN] copy_aicore_buffer: [chip_swimlane_collector.cpp:689] Core 2: skipped 1024 AICore record slot(s) with start_time=0 (race-window write or recycled-buffer tail). buf seq=0 count=1024
[mono_ns=7174513924791895][T0xf5e78284cca0][WARN] copy_aicore_buffer: [chip_swimlane_collector.cpp:689] Core 24: skipped 1024 AICore record slot(s) with start_time=0 (race-window write or recycled-buffer tail). buf seq=0 count=1024
[mono_ns=7174513924805125][T0xf5e78203cca0][WARN] copy_aicore_buffer: [chip_swimlane_collector.cpp:689] Core 26: skipped 1023 AICore record slot(s) with start_time=0 (race-window write or recycled-buffer tail). buf seq=0 count=1024
[mono_ns=7174513924827605][T0xf5e78182cca0][WARN] copy_aicore_buffer: [chip_swimlane_collector.cpp:689] Core 28: skipped 1022 AICore record slot(s) with start_time=0 (race-window write or recycled-buffer tail). buf seq=0 count=1024
[mono_ns=7174513925122266][T0xf5e78284cca0][WARN] copy_aicore_buffer: [chip_swimlane_collector.cpp:689] Core 25: skipped 1024 AICore record slot(s) with start_time=0 (race-window write or recycled-buffer tail). buf seq=0 count=1024
[mono_ns=7174513925146147][T0xf5e78203cca0][WARN] copy_aicore_buffer: [chip_swimlane_collector.cpp:689] Core 27: skipped 1024 AICore record slot(s) with start_time=0 (race-window write or recycled-buffer tail). buf seq=0 count=1024
[mono_ns=7174513925177617][T0xf5e78182cca0][WARN] copy_aicore_buffer: [chip_swimlane_collector.cpp:689] Core 29: skipped 1024 AICore record slot(s) with start_time=0 (race-window write or recycled-buffer tail). buf seq=0 count=1024
[mono_ns=7174513925438168][T0xf5e78284cca0][WARN] copy_aicore_buffer: [chip_swimlane_collector.cpp:689] Core 3: skipped 1024 AICore record slot(s) with start_time=0 (race-window write or recycled-buffer tail). buf seq=0 count=1024
[mono_ns=7174513925470248][T0xf5e78203cca0][WARN] copy_aicore_buffer: [chip_swimlane_collector.cpp:689] Core 4: skipped 1024 AICore record slot(s) with start_time=0 (race-window write or recycled-buffer tail). buf seq=0 count=1024
[mono_ns=7174513925501549][T0xf5e78182cca0][WARN] copy_aicore_buffer: [chip_swimlane_collector.cpp:689] Core 5: skipped 1024 AICore record slot(s) with start_time=0 (race-window write or recycled-buffer tail). buf seq=0 count=1024
[mono_ns=7174513925770490][T0xf5e78284cca0][WARN] copy_aicore_buffer: [chip_swimlane_collector.cpp:689] Core 30: skipped 1024 AICore record slot(s) with start_time=0 (race-window write or recycled-buffer tail). buf seq=0 count=1024
[mono_ns=7174513925819190][T0xf5e78203cca0][WARN] copy_aicore_buffer: [chip_swimlane_collector.cpp:689] Core 32: skipped 1024 AICore record slot(s) with start_time=0 (race-window write or recycled-buffer tail). buf seq=0 count=1024
[mono_ns=7174513925840861][T0xf5e78182cca0][WARN] copy_aicore_buffer: [chip_swimlane_collector.cpp:689] Core 34: skipped 1024 AICore record slot(s) with start_time=0 (race-window write or recycled-buffer tail). buf seq=0 count=1024
[mono_ns=7174513926106522][T0xf5e78284cca0][WARN] copy_aicore_buffer: [chip_swimlane_collector.cpp:689] Core 31: skipped 1024 AICore record slot(s) with start_time=0 (race-window write or recycled-buffer tail). buf seq=0 count=1024
[mono_ns=7174513926171472][T0xf5e78203cca0][WARN] copy_aicore_buffer: [chip_swimlane_collector.cpp:689] Core 33: skipped 1024 AICore record slot(s) with start_time=0 (race-window write or recycled-buffer tail). buf seq=0 count=1024
[mono_ns=7174513926186043][T0xf5e78182cca0][WARN] copy_aicore_buffer: [chip_swimlane_collector.cpp:689] Core 35: skipped 1024 AICore record slot(s) with start_time=0 (race-window write or recycled-buffer tail). buf seq=0 count=1024
[mono_ns=7174513926436524][T0xf5e78284cca0][WARN] copy_aicore_buffer: [chip_swimlane_collector.cpp:689] Core 6: skipped 1024 AICore record slot(s) with start_time=0 (race-window write or recycled-buffer tail). buf seq=0 count=1024
[mono_ns=7174513926521734][T0xf5e78203cca0][WARN] copy_aicore_buffer: [chip_swimlane_collector.cpp:689] Core 7: skipped 1024 AICore record slot(s) with start_time=0 (race-window write or recycled-buffer tail). buf seq=0 count=1024
[mono_ns=7174513926535655][T0xf5e78182cca0][WARN] copy_aicore_buffer: [chip_swimlane_collector.cpp:689] Core 8: skipped 1024 AICore record slot(s) with start_time=0 (race-window write or recycled-buffer tail). buf seq=0 count=1024
[mono_ns=7174513926764956][T0xf5e78284cca0][WARN] copy_aicore_buffer: [chip_swimlane_collector.cpp:689] Core 36: skipped 1024 AICore record slot(s) with start_time=0 (race-window write or recycled-buffer tail). buf seq=0 count=1024
[mono_ns=7174513926873496][T0xf5e78203cca0][WARN] copy_aicore_buffer: [chip_swimlane_collector.cpp:689] Core 38: skipped 1024 AICore record slot(s) with start_time=0 (race-window write or recycled-buffer tail). buf seq=0 count=1024
[mono_ns=7174513926886677][T0xf5e78182cca0][WARN] copy_aicore_buffer: [chip_swimlane_collector.cpp:689] Core 40: skipped 1024 AICore record slot(s) with start_time=0 (race-window write or recycled-buffer tail). buf seq=0 count=1024
[mono_ns=7174513927104048][T0xf5e78284cca0][WARN] copy_aicore_buffer: [chip_swimlane_collector.cpp:689] Core 37: skipped 1024 AICore record slot(s) with start_time=0 (race-window write or recycled-buffer tail). buf seq=0 count=1024
[mono_ns=7174513927239169][T0xf5e78203cca0][WARN] copy_aicore_buffer: [chip_swimlane_collector.cpp:689] Core 39: skipped 1024 AICore record slot(s) with start_time=0 (race-window write or recycled-buffer tail). buf seq=0 count=1024
[mono_ns=7174513927242689][T0xf5e78182cca0][WARN] copy_aicore_buffer: [chip_swimlane_collector.cpp:689] Core 41: skipped 1024 AICore record slot(s) with start_time=0 (race-window write or recycled-buffer tail). buf seq=0 count=1024
[mono_ns=7174513927430460][T0xf5e78284cca0][WARN] copy_aicore_buffer: [chip_swimlane_collector.cpp:689] Core 9: skipped 1024 AICore record slot(s) with start_time=0 (race-window write or recycled-buffer tail). buf seq=0 count=1024
[mono_ns=7174513927586671][T0xf5e78182cca0][WARN] copy_aicore_buffer: [chip_swimlane_collector.cpp:689] Core 11: skipped 1024 AICore record slot(s) with start_time=0 (race-window write or recycled-buffer tail). buf seq=0 count=1024
[mono_ns=7174513927597171][T0xf5e78203cca0][WARN] copy_aicore_buffer: [chip_swimlane_collector.cpp:689] Core 10: skipped 1024 AICore record slot(s) with start_time=0 (race-window write or recycled-buffer tail). buf seq=0 count=1024
[mono_ns=7174513927754482][T0xf5e78284cca0][WARN] copy_aicore_buffer: [chip_swimlane_collector.cpp:689] Core 42: skipped 1024 AICore record slot(s) with start_time=0 (race-window write or recycled-buffer tail). buf seq=0 count=1024
[mono_ns=7174513927920242][T0xf5e78182cca0][WARN] copy_aicore_buffer: [chip_swimlane_collector.cpp:689] Core 46: skipped 1024 AICore record slot(s) with start_time=0 (race-window write or recycled-buffer tail). buf seq=0 count=1024
[mono_ns=7174513927935313][T0xf5e78203cca0][WARN] copy_aicore_buffer: [chip_swimlane_collector.cpp:689] Core 44: skipped 1024 AICore record slot(s) with start_time=0 (race-window write or recycled-buffer tail). buf seq=0 count=1024
[mono_ns=7174513928083453][T0xf5e78284cca0][WARN] copy_aicore_buffer: [chip_swimlane_collector.cpp:689] Core 43: skipped 1024 AICore record slot(s) with start_time=0 (race-window write or recycled-buffer tail). buf seq=0 count=1024
[mono_ns=7174513928259114][T0xf5e78182cca0][WARN] copy_aicore_buffer: [chip_swimlane_collector.cpp:689] Core 47: skipped 1024 AICore record slot(s) with start_time=0 (race-window write or recycled-buffer tail). buf seq=0 count=1024
[mono_ns=7174513928276904][T0xf5e78203cca0][WARN] copy_aicore_buffer: [chip_swimlane_collector.cpp:689] Core 45: skipped 1024 AICore record slot(s) with start_time=0 (race-window write or recycled-buffer tail). buf seq=0 count=1024
[mono_ns=7174513928408575][T0xf5e78284cca0][WARN] copy_aicore_buffer: [chip_swimlane_collector.cpp:689] Core 12: skipped 1024 AICore record slot(s) with start_time=0 (race-window write or recycled-buffer tail). buf seq=0 count=1024
[mono_ns=7174513928594406][T0xf5e78182cca0][WARN] copy_aicore_buffer: [chip_swimlane_collector.cpp:689] Core 14: skipped 1024 AICore record slot(s) with start_time=0 (race-window write or recycled-buffer tail). buf seq=0 count=1024
[mono_ns=7174513928623836][T0xf5e78203cca0][WARN] copy_aicore_buffer: [chip_swimlane_collector.cpp:689] Core 13: skipped 1024 AICore record slot(s) with start_time=0 (race-window write or recycled-buffer tail). buf seq=0 count=1024
[mono_ns=7174513928737377][T0xf5e78284cca0][WARN] copy_aicore_buffer: [chip_swimlane_collector.cpp:689] Core 48: skipped 1024 AICore record slot(s) with start_time=0 (race-window write or recycled-buffer tail). buf seq=0 count=1024
[mono_ns=7174513928930938][T0xf5e78182cca0][WARN] copy_aicore_buffer: [chip_swimlane_collector.cpp:689] Core 52: skipped 1024 AICore record slot(s) with start_time=0 (race-window write or recycled-buffer tail). buf seq=0 count=1024
[mono_ns=7174513928966028][T0xf5e78203cca0][WARN] copy_aicore_buffer: [chip_swimlane_collector.cpp:689] Core 50: skipped 1024 AICore record slot(s) with start_time=0 (race-window write or recycled-buffer tail). buf seq=0 count=1024
[mono_ns=7174513929073379][T0xf5e78284cca0][WARN] copy_aicore_buffer: [chip_swimlane_collector.cpp:689] Core 49: skipped 1024 AICore record slot(s) with start_time=0 (race-window write or recycled-buffer tail). buf seq=0 count=1024
[mono_ns=7174513929270750][T0xf5e78182cca0][WARN] copy_aicore_buffer: [chip_swimlane_collector.cpp:689] Core 53: skipped 1024 AICore record slot(s) with start_time=0 (race-window write or recycled-buffer tail). buf seq=0 count=1024
[mono_ns=7174513929324220][T0xf5e78203cca0][WARN] copy_aicore_buffer: [chip_swimlane_collector.cpp:689] Core 51: skipped 1024 AICore record slot(s) with start_time=0 (race-window write or recycled-buffer tail). buf seq=0 count=1024
[mono_ns=7174513929403881][T0xf5e78284cca0][WARN] copy_aicore_buffer: [chip_swimlane_collector.cpp:689] Core 15: skipped 1024 AICore record slot(s) with start_time=0 (race-window write or recycled-buffer tail). buf seq=0 count=1024
[mono_ns=7174513929602982][T0xf5e78182cca0][WARN] copy_aicore_buffer: [chip_swimlane_collector.cpp:689] Core 17: skipped 1024 AICore record slot(s) with start_time=0 (race-window write or recycled-buffer tail). buf seq=0 count=1024
[mono_ns=7174513929668272][T0xf5e78203cca0][WARN] copy_aicore_buffer: [chip_swimlane_collector.cpp:689] Core 16: skipped 1024 AICore record slot(s) with start_time=0 (race-window write or recycled-buffer tail). buf seq=0 count=1024
[mono_ns=7174513929732273][T0xf5e78284cca0][WARN] copy_aicore_buffer: [chip_swimlane_collector.cpp:689] Core 54: skipped 1024 AICore record slot(s) with start_time=0 (race-window write or recycled-buffer tail). buf seq=0 count=1024
[mono_ns=7174513929935824][T0xf5e78182cca0][WARN] copy_aicore_buffer: [chip_swimlane_collector.cpp:689] Core 58: skipped 1024 AICore record slot(s) with start_time=0 (race-window write or recycled-buffer tail). buf seq=0 count=1024
[mono_ns=7174513930017814][T0xf5e78203cca0][WARN] copy_aicore_buffer: [chip_swimlane_collector.cpp:689] Core 56: skipped 1024 AICore record slot(s) with start_time=0 (race-window write or recycled-buffer tail). buf seq=0 count=1024
[mono_ns=7174513930067115][T0xf5e78284cca0][WARN] copy_aicore_buffer: [chip_swimlane_collector.cpp:689] Core 55: skipped 1024 AICore record slot(s) with start_time=0 (race-window write or recycled-buffer tail). buf seq=0 count=1024
[mono_ns=7174513930275666][T0xf5e78182cca0][WARN] copy_aicore_buffer: [chip_swimlane_collector.cpp:689] Core 59: skipped 1024 AICore record slot(s) with start_time=0 (race-window write or recycled-buffer tail). buf seq=0 count=1024
[mono_ns=7174513930367936][T0xf5e78203cca0][WARN] copy_aicore_buffer: [chip_swimlane_collector.cpp:689] Core 57: skipped 1024 AICore record slot(s) with start_time=0 (race-window write or recycled-buffer tail). buf seq=0 count=1024
[mono_ns=7174513930396967][T0xf5e78284cca0][WARN] copy_aicore_buffer: [chip_swimlane_collector.cpp:689] Core 18: skipped 1024 AICore record slot(s) with start_time=0 (race-window write or recycled-buffer tail). buf seq=0 count=1024
[mono_ns=7174513930606868][T0xf5e78182cca0][WARN] copy_aicore_buffer: [chip_swimlane_collector.cpp:689] Core 20: skipped 1024 AICore record slot(s) with start_time=0 (race-window write or recycled-buffer tail). buf seq=0 count=1024
[mono_ns=7174513930710878][T0xf5e78203cca0][WARN] copy_aicore_buffer: [chip_swimlane_collector.cpp:689] Core 19: skipped 1024 AICore record slot(s) with start_time=0 (race-window write or recycled-buffer tail). buf seq=0 count=1024
[mono_ns=7174513930725598][T0xf5e78284cca0][WARN] copy_aicore_buffer: [chip_swimlane_collector.cpp:689] Core 60: skipped 1024 AICore record slot(s) with start_time=0 (race-window write or recycled-buffer tail). buf seq=0 count=1024
[mono_ns=7174513930942080][T0xf5e78182cca0][WARN] copy_aicore_buffer: [chip_swimlane_collector.cpp:689] Core 64: skipped 1024 AICore record slot(s) with start_time=0 (race-window write or recycled-buffer tail). buf seq=0 count=1024
[mono_ns=7174513931062490][T0xf5e78203cca0][WARN] copy_aicore_buffer: [chip_swimlane_collector.cpp:689] Core 62: skipped 1024 AICore record slot(s) with start_time=0 (race-window write or recycled-buffer tail). buf seq=0 count=1024
[mono_ns=7174513931063220][T0xf5e78284cca0][WARN] copy_aicore_buffer: [chip_swimlane_collector.cpp:689] Core 61: skipped 1024 AICore record slot(s) with start_time=0 (race-window write or recycled-buffer tail). buf seq=0 count=1024
[mono_ns=7174513931287992][T0xf5e78182cca0][WARN] copy_aicore_buffer: [chip_swimlane_collector.cpp:689] Core 65: skipped 1024 AICore record slot(s) with start_time=0 (race-window write or recycled-buffer tail). buf seq=0 count=1024
[mono_ns=7174513931396222][T0xf5e78284cca0][WARN] copy_aicore_buffer: [chip_swimlane_collector.cpp:689] Core 21: skipped 1024 AICore record slot(s) with start_time=0 (race-window write or recycled-buffer tail). buf seq=0 count=1024
[mono_ns=7174513931422542][T0xf5e78203cca0][WARN] copy_aicore_buffer: [chip_swimlane_collector.cpp:689] Core 63: skipped 1024 AICore record slot(s) with start_time=0 (race-window write or recycled-buffer tail). buf seq=0 count=1024
[mono_ns=7174513931626844][T0xf5e78182cca0][WARN] copy_aicore_buffer: [chip_swimlane_collector.cpp:689] Core 23: skipped 1024 AICore record slot(s) with start_time=0 (race-window write or recycled-buffer tail). buf seq=0 count=1024
[mono_ns=7174513931725074][T0xf5e78284cca0][WARN] copy_aicore_buffer: [chip_swimlane_collector.cpp:689] Core 66: skipped 1024 AICore record slot(s) with start_time=0 (race-window write or recycled-buffer tail). buf seq=0 count=1024
[mono_ns=7174513931765744][T0xf5e78203cca0][WARN] copy_aicore_buffer: [chip_swimlane_collector.cpp:689] Core 22: skipped 1024 AICore record slot(s) with start_time=0 (race-window write or recycled-buffer tail). buf seq=0 count=1024
[mono_ns=7174513931960856][T0xf5e78182cca0][WARN] copy_aicore_buffer: [chip_swimlane_collector.cpp:689] Core 70: skipped 1024 AICore record slot(s) with start_time=0 (race-window write or recycled-buffer tail). buf seq=0 count=1024
[mono_ns=7174513932059996][T0xf5e78284cca0][WARN] copy_aicore_buffer: [chip_swimlane_collector.cpp:689] Core 67: skipped 1024 AICore record slot(s) with start_time=0 (race-window write or recycled-buffer tail). buf seq=0 count=1024
[mono_ns=7174513932116726][T0xf5e78203cca0][WARN] copy_aicore_buffer: [chip_swimlane_collector.cpp:689] Core 68: skipped 1024 AICore record slot(s) with start_time=0 (race-window write or recycled-buffer tail). buf seq=0 count=1024
[mono_ns=7174513932303927][T0xf5e78182cca0][WARN] copy_aicore_buffer: [chip_swimlane_collector.cpp:689] Core 71: skipped 1024 AICore record slot(s) with start_time=0 (race-window write or recycled-buffer tail). buf seq=0 count=1024
[mono_ns=7174513932462498][T0xf5e78203cca0][WARN] copy_aicore_buffer: [chip_swimlane_collector.cpp:689] Core 69: skipped 1024 AICore record slot(s) with start_time=0 (race-window write or recycled-buffer tail). buf seq=0 count=1024
[mono_ns=7174514033106193][T0xf5e8e80ab020][TIMING] emit_host_span: [STRACE] v=1 pid=2354859 tid=2354859 inv=2 hid=ec2cdc3bae966a42 depth=1 name=chip.run.runner_run ts=7174513919484214 dur=113612819 
[mono_ns=7174514033183703][T0xf5e8e80ab020][TIMING] emit_host_span: [STRACE] v=1 pid=2354859 tid=2354859 inv=2 hid=ec2cdc3bae966a42 depth=1 name=chip.run.validate ts=7174514033118593 dur=61410 
[mono_ns=7174514033195493][T0xf5e8e80ab020][TIMING] emit_host_span: [STRACE] v=1 pid=2354859 tid=2354859 inv=2 hid=ec2cdc3bae966a42 depth=2 name=chip.run.runner_run.device_wall ts=0 dur=2856140 clk=dev
[mono_ns=7174514033200473][T0xf5e8e80ab020][TIMING] emit_host_span: [STRACE] v=1 pid=2354859 tid=2354859 inv=2 hid=ec2cdc3bae966a42 depth=3 name=chip.run.runner_run.device_wall.preamble ts=0 dur=137360 clk=dev
[mono_ns=7174514033205033][T0xf5e8e80ab020][TIMING] emit_host_span: [STRACE] v=1 pid=2354859 tid=2354859 inv=2 hid=ec2cdc3bae966a42 depth=3 name=chip.run.runner_run.device_wall.graph_build ts=132920 dur=2711879 clk=dev
[mono_ns=7174514033211113][T0xf5e8e80ab020][TIMING] emit_host_span: [STRACE] v=1 pid=2354859 tid=2354859 inv=2 hid=ec2cdc3bae966a42 depth=3 name=chip.run.runner_run.device_wall.config_validate ts=133060 dur=1100 clk=dev
[mono_ns=7174514033215794][T0xf5e8e80ab020][TIMING] emit_host_span: [STRACE] v=1 pid=2354859 tid=2354859 inv=2 hid=ec2cdc3bae966a42 depth=3 name=chip.run.runner_run.device_wall.arena_wire ts=134180 dur=700 clk=dev
[mono_ns=7174514033222084][T0xf5e8e80ab020][TIMING] emit_host_span: [STRACE] v=1 pid=2354859 tid=2354859 inv=2 hid=ec2cdc3bae966a42 depth=3 name=chip.run.runner_run.device_wall.sm_reset ts=134900 dur=1500 clk=dev
[mono_ns=7174514033230834][T0xf5e8e80ab020][TIMING] emit_host_span: [STRACE] v=1 pid=2354859 tid=2354859 inv=2 hid=ec2cdc3bae966a42 depth=3 name=chip.run.runner_run.device_wall.post_orch ts=2844840 dur=11180 clk=dev
[mono_ns=7174514033234684][T0xf5e8e80ab020][TIMING] emit_host_span: [STRACE] v=1 pid=2354859 tid=2354859 inv=2 hid=ec2cdc3bae966a42 depth=3 name=chip.run.runner_run.device_wall.orch ts=136440 dur=5100 clk=dev
[mono_ns=7174514033239064][T0xf5e8e80ab020][TIMING] emit_host_span: [STRACE] v=1 pid=2354859 tid=2354859 inv=2 hid=ec2cdc3bae966a42 depth=3 name=chip.run.runner_run.device_wall.sched ts=137620 dur=2680480 clk=dev
[mono_ns=7174514033244784][T0xf5e8e80ab020][TIMING] emit_host_span: [STRACE] v=1 pid=2354859 tid=2354859 inv=2 hid=ec2cdc3bae966a42 depth=1 name=chip.run.claim_release ts=7174514033242674 dur=360 
[mono_ns=7174514033250174][T0xf5e8e80ab020][TIMING] emit_host_span: [STRACE] v=1 pid=2354859 tid=2354859 inv=2 hid=ec2cdc3bae966a42 depth=0 name=chip.run ts=7174513865905788 dur=167342386 run_id=2 dispatch_id=2 slot_id=0 generation=2 run_epoch=2
[mono_ns=7174516462376600][T0xf5e8e80ab020][TIMING] emit_host_span: [STRACE] v=1 pid=2354859 tid=2354859 inv=3 hid=ec2cdc3bae966a42 depth=2 name=chip.run.bind.args ts=7174516462227239 dur=142161 
[mono_ns=7174516462397670][T0xf5e8e80ab020][TIMING] emit_host_span: [STRACE] v=1 pid=2354859 tid=2354859 inv=3 hid=ec2cdc3bae966a42 depth=2 name=chip.run.bind.prebuilt ts=7174516462391490 dur=3600 
[mono_ns=7174516462403550][T0xf5e8e80ab020][TIMING] emit_host_span: [STRACE] v=1 pid=2354859 tid=2354859 inv=3 hid=ec2cdc3bae966a42 depth=1 name=chip.run.bind ts=7174516462216119 dur=184701 
[mono_ns=7174516569895513][T0xf5e8e80ab020][TIMING] emit_host_span: [STRACE] v=1 pid=2354859 tid=2354859 inv=3 hid=ec2cdc3bae966a42 depth=1 name=chip.run.runner_run ts=7174516462694471 dur=107192242 
[mono_ns=7174516569979254][T0xf5e8e80ab020][TIMING] emit_host_span: [STRACE] v=1 pid=2354859 tid=2354859 inv=3 hid=ec2cdc3bae966a42 depth=1 name=chip.run.validate ts=7174516569910113 dur=65771 
[mono_ns=7174516569990164][T0xf5e8e80ab020][TIMING] emit_host_span: [STRACE] v=1 pid=2354859 tid=2354859 inv=3 hid=ec2cdc3bae966a42 depth=2 name=chip.run.runner_run.device_wall ts=0 dur=1955179 clk=dev
[mono_ns=7174516569994984][T0xf5e8e80ab020][TIMING] emit_host_span: [STRACE] v=1 pid=2354859 tid=2354859 inv=3 hid=ec2cdc3bae966a42 depth=3 name=chip.run.runner_run.device_wall.preamble ts=0 dur=5760 clk=dev
[mono_ns=7174516569999964][T0xf5e8e80ab020][TIMING] emit_host_span: [STRACE] v=1 pid=2354859 tid=2354859 inv=3 hid=ec2cdc3bae966a42 depth=3 name=chip.run.runner_run.device_wall.graph_build ts=1240 dur=1943100 clk=dev
[mono_ns=7174516570023964][T0xf5e8e80ab020][TIMING] emit_host_span: [STRACE] v=1 pid=2354859 tid=2354859 inv=3 hid=ec2cdc3bae966a42 depth=3 name=chip.run.runner_run.device_wall.config_validate ts=1359 dur=960 clk=dev
[mono_ns=7174516570027624][T0xf5e8e80ab020][TIMING] emit_host_span: [STRACE] v=1 pid=2354859 tid=2354859 inv=3 hid=ec2cdc3bae966a42 depth=3 name=chip.run.runner_run.device_wall.arena_wire ts=2340 dur=1120 clk=dev
[mono_ns=7174516570030974][T0xf5e8e80ab020][TIMING] emit_host_span: [STRACE] v=1 pid=2354859 tid=2354859 inv=3 hid=ec2cdc3bae966a42 depth=3 name=chip.run.runner_run.device_wall.sm_reset ts=3480 dur=860 clk=dev
[mono_ns=7174516570035134][T0xf5e8e80ab020][TIMING] emit_host_span: [STRACE] v=1 pid=2354859 tid=2354859 inv=3 hid=ec2cdc3bae966a42 depth=3 name=chip.run.runner_run.device_wall.post_orch ts=1944400 dur=10600 clk=dev
[mono_ns=7174516570038404][T0xf5e8e80ab020][TIMING] emit_host_span: [STRACE] v=1 pid=2354859 tid=2354859 inv=3 hid=ec2cdc3bae966a42 depth=3 name=chip.run.runner_run.device_wall.orch ts=5520 dur=9720 clk=dev
[mono_ns=7174516570041594][T0xf5e8e80ab020][TIMING] emit_host_span: [STRACE] v=1 pid=2354859 tid=2354859 inv=3 hid=ec2cdc3bae966a42 depth=3 name=chip.run.runner_run.device_wall.sched ts=5980 dur=1930000 clk=dev
[mono_ns=7174516570047714][T0xf5e8e80ab020][TIMING] emit_host_span: [STRACE] v=1 pid=2354859 tid=2354859 inv=3 hid=ec2cdc3bae966a42 depth=1 name=chip.run.claim_release ts=7174516570045204 dur=790 
[mono_ns=7174516570052964][T0xf5e8e80ab020][TIMING] emit_host_span: [STRACE] v=1 pid=2354859 tid=2354859 inv=3 hid=ec2cdc3bae966a42 depth=0 name=chip.run ts=7174516462141418 dur=107909576 run_id=3 dispatch_id=3 slot_id=0 generation=3 run_epoch=3
[mono_ns=7174516574868162][T0xf5e8e80ab020][TIMING] emit_host_span: [STRACE] v=1 pid=2354859 tid=2354859 inv=4 hid=ec2cdc3bae966a42 depth=2 name=chip.run.bind.args ts=7174516574766771 dur=96061 
[mono_ns=7174516574885982][T0xf5e8e80ab020][TIMING] emit_host_span: [STRACE] v=1 pid=2354859 tid=2354859 inv=4 hid=ec2cdc3bae966a42 depth=2 name=chip.run.bind.prebuilt ts=7174516574879542 dur=2900 
[mono_ns=7174516574891082][T0xf5e8e80ab020][TIMING] emit_host_span: [STRACE] v=1 pid=2354859 tid=2354859 inv=4 hid=ec2cdc3bae966a42 depth=1 name=chip.run.bind ts=7174516574761301 dur=127551 
[mono_ns=7174516577660948][T0xf5e78182cca0][WARN] copy_aicore_buffer: [chip_swimlane_collector.cpp:689] Core 2: skipped 1024 AICore record slot(s) with start_time=0 (race-window write or recycled-buffer tail). buf seq=0 count=1024
[mono_ns=7174516577662978][T0xf5e78284cca0][WARN] copy_aicore_buffer: [chip_swimlane_collector.cpp:689] Core 0: skipped 1024 AICore record slot(s) with start_time=0 (race-window write or recycled-buffer tail). buf seq=0 count=1024
[mono_ns=7174516577699778][T0xf5e78203cca0][WARN] copy_aicore_buffer: [chip_swimlane_collector.cpp:689] Core 1: skipped 1024 AICore record slot(s) with start_time=0 (race-window write or recycled-buffer tail). buf seq=0 count=1024
[mono_ns=7174516577983839][T0xf5e78284cca0][WARN] copy_aicore_buffer: [chip_swimlane_collector.cpp:689] Core 24: skipped 1024 AICore record slot(s) with start_time=0 (race-window write or recycled-buffer tail). buf seq=0 count=1024
[mono_ns=7174516577995340][T0xf5e78182cca0][WARN] copy_aicore_buffer: [chip_swimlane_collector.cpp:689] Core 28: skipped 1024 AICore record slot(s) with start_time=0 (race-window write or recycled-buffer tail). buf seq=0 count=1024
[mono_ns=7174516578068350][T0xf5e78203cca0][WARN] copy_aicore_buffer: [chip_swimlane_collector.cpp:689] Core 26: skipped 1021 AICore record slot(s) with start_time=0 (race-window write or recycled-buffer tail). buf seq=0 count=1024
[mono_ns=7174516578310251][T0xf5e78284cca0][WARN] copy_aicore_buffer: [chip_swimlane_collector.cpp:689] Core 25: skipped 1024 AICore record slot(s) with start_time=0 (race-window write or recycled-buffer tail). buf seq=0 count=1024
[mono_ns=7174516578328721][T0xf5e78182cca0][WARN] copy_aicore_buffer: [chip_swimlane_collector.cpp:689] Core 29: skipped 1024 AICore record slot(s) with start_time=0 (race-window write or recycled-buffer tail). buf seq=0 count=1024
[mono_ns=7174516578401572][T0xf5e78203cca0][WARN] copy_aicore_buffer: [chip_swimlane_collector.cpp:689] Core 27: skipped 1024 AICore record slot(s) with start_time=0 (race-window write or recycled-buffer tail). buf seq=0 count=1024
[mono_ns=7174516578623763][T0xf5e78284cca0][WARN] copy_aicore_buffer: [chip_swimlane_collector.cpp:689] Core 3: skipped 1024 AICore record slot(s) with start_time=0 (race-window write or recycled-buffer tail). buf seq=0 count=1024
[mono_ns=7174516578650223][T0xf5e78182cca0][WARN] copy_aicore_buffer: [chip_swimlane_collector.cpp:689] Core 5: skipped 1024 AICore record slot(s) with start_time=0 (race-window write or recycled-buffer tail). buf seq=0 count=1024
[mono_ns=7174516578726794][T0xf5e78203cca0][WARN] copy_aicore_buffer: [chip_swimlane_collector.cpp:689] Core 4: skipped 1024 AICore record slot(s) with start_time=0 (race-window write or recycled-buffer tail). buf seq=0 count=1024
[mono_ns=7174516578936975][T0xf5e78284cca0][WARN] copy_aicore_buffer: [chip_swimlane_collector.cpp:689] Core 30: skipped 1024 AICore record slot(s) with start_time=0 (race-window write or recycled-buffer tail). buf seq=0 count=1024
[mono_ns=7174516578971055][T0xf5e78182cca0][WARN] copy_aicore_buffer: [chip_swimlane_collector.cpp:689] Core 34: skipped 1024 AICore record slot(s) with start_time=0 (race-window write or recycled-buffer tail). buf seq=0 count=1024
[mono_ns=7174516579060276][T0xf5e78203cca0][WARN] copy_aicore_buffer: [chip_swimlane_collector.cpp:689] Core 32: skipped 1024 AICore record slot(s) with start_time=0 (race-window write or recycled-buffer tail). buf seq=0 count=1024
[mono_ns=7174516579257957][T0xf5e78284cca0][WARN] copy_aicore_buffer: [chip_swimlane_collector.cpp:689] Core 31: skipped 1024 AICore record slot(s) with start_time=0 (race-window write or recycled-buffer tail). buf seq=0 count=1024
[mono_ns=7174516579307737][T0xf5e78182cca0][WARN] copy_aicore_buffer: [chip_swimlane_collector.cpp:689] Core 35: skipped 1024 AICore record slot(s) with start_time=0 (race-window write or recycled-buffer tail). buf seq=0 count=1024
[mono_ns=7174516579385747][T0xf5e78203cca0][WARN] copy_aicore_buffer: [chip_swimlane_collector.cpp:689] Core 33: skipped 1024 AICore record slot(s) with start_time=0 (race-window write or recycled-buffer tail). buf seq=0 count=1024
[mono_ns=7174516579570428][T0xf5e78284cca0][WARN] copy_aicore_buffer: [chip_swimlane_collector.cpp:689] Core 6: skipped 1024 AICore record slot(s) with start_time=0 (race-window write or recycled-buffer tail). buf seq=0 count=1024
[mono_ns=7174516579630179][T0xf5e78182cca0][WARN] copy_aicore_buffer: [chip_swimlane_collector.cpp:689] Core 8: skipped 1024 AICore record slot(s) with start_time=0 (race-window write or recycled-buffer tail). buf seq=0 count=1024
[mono_ns=7174516579711019][T0xf5e78203cca0][WARN] copy_aicore_buffer: [chip_swimlane_collector.cpp:689] Core 7: skipped 1024 AICore record slot(s) with start_time=0 (race-window write or recycled-buffer tail). buf seq=0 count=1024
[mono_ns=7174516579883210][T0xf5e78284cca0][WARN] copy_aicore_buffer: [chip_swimlane_collector.cpp:689] Core 36: skipped 1024 AICore record slot(s) with start_time=0 (race-window write or recycled-buffer tail). buf seq=0 count=1024
[mono_ns=7174516579950501][T0xf5e78182cca0][WARN] copy_aicore_buffer: [chip_swimlane_collector.cpp:689] Core 40: skipped 1024 AICore record slot(s) with start_time=0 (race-window write or recycled-buffer tail). buf seq=0 count=1024
[mono_ns=7174516580043931][T0xf5e78203cca0][WARN] copy_aicore_buffer: [chip_swimlane_collector.cpp:689] Core 38: skipped 1024 AICore record slot(s) with start_time=0 (race-window write or recycled-buffer tail). buf seq=0 count=1024
[mono_ns=7174516580201492][T0xf5e78284cca0][WARN] copy_aicore_buffer: [chip_swimlane_collector.cpp:689] Core 37: skipped 1024 AICore record slot(s) with start_time=0 (race-window write or recycled-buffer tail). buf seq=0 count=1024
[mono_ns=7174516580278353][T0xf5e78182cca0][WARN] copy_aicore_buffer: [chip_swimlane_collector.cpp:689] Core 41: skipped 1024 AICore record slot(s) with start_time=0 (race-window write or recycled-buffer tail). buf seq=0 count=1024
[mono_ns=7174516580370453][T0xf5e78203cca0][WARN] copy_aicore_buffer: [chip_swimlane_collector.cpp:689] Core 39: skipped 1024 AICore record slot(s) with start_time=0 (race-window write or recycled-buffer tail). buf seq=0 count=1024
[mono_ns=7174516580513754][T0xf5e78284cca0][WARN] copy_aicore_buffer: [chip_swimlane_collector.cpp:689] Core 9: skipped 1024 AICore record slot(s) with start_time=0 (race-window write or recycled-buffer tail). buf seq=0 count=1024
[mono_ns=7174516580599874][T0xf5e78182cca0][WARN] copy_aicore_buffer: [chip_swimlane_collector.cpp:689] Core 11: skipped 1024 AICore record slot(s) with start_time=0 (race-window write or recycled-buffer tail). buf seq=0 count=1024
[mono_ns=7174516580696365][T0xf5e78203cca0][WARN] copy_aicore_buffer: [chip_swimlane_collector.cpp:689] Core 10: skipped 1024 AICore record slot(s) with start_time=0 (race-window write or recycled-buffer tail). buf seq=0 count=1024
[mono_ns=7174516580825676][T0xf5e78284cca0][WARN] copy_aicore_buffer: [chip_swimlane_collector.cpp:689] Core 42: skipped 1024 AICore record slot(s) with start_time=0 (race-window write or recycled-buffer tail). buf seq=0 count=1024
[mono_ns=7174516580951186][T0xf5e78182cca0][WARN] copy_aicore_buffer: [chip_swimlane_collector.cpp:689] Core 46: skipped 1024 AICore record slot(s) with start_time=0 (race-window write or recycled-buffer tail). buf seq=0 count=1024
[mono_ns=7174516581031157][T0xf5e78203cca0][WARN] copy_aicore_buffer: [chip_swimlane_collector.cpp:689] Core 44: skipped 1024 AICore record slot(s) with start_time=0 (race-window write or recycled-buffer tail). buf seq=0 count=1024
[mono_ns=7174516581143457][T0xf5e78284cca0][WARN] copy_aicore_buffer: [chip_swimlane_collector.cpp:689] Core 43: skipped 1024 AICore record slot(s) with start_time=0 (race-window write or recycled-buffer tail). buf seq=0 count=1024
[mono_ns=7174516581278048][T0xf5e78182cca0][WARN] copy_aicore_buffer: [chip_swimlane_collector.cpp:689] Core 47: skipped 1024 AICore record slot(s) with start_time=0 (race-window write or recycled-buffer tail). buf seq=0 count=1024
[mono_ns=7174516581358769][T0xf5e78203cca0][WARN] copy_aicore_buffer: [chip_swimlane_collector.cpp:689] Core 45: skipped 1024 AICore record slot(s) with start_time=0 (race-window write or recycled-buffer tail). buf seq=0 count=1024
[mono_ns=7174516581457189][T0xf5e78284cca0][WARN] copy_aicore_buffer: [chip_swimlane_collector.cpp:689] Core 12: skipped 1024 AICore record slot(s) with start_time=0 (race-window write or recycled-buffer tail). buf seq=0 count=1024
[mono_ns=7174516581599320][T0xf5e78182cca0][WARN] copy_aicore_buffer: [chip_swimlane_collector.cpp:689] Core 14: skipped 1024 AICore record slot(s) with start_time=0 (race-window write or recycled-buffer tail). buf seq=0 count=1024
[mono_ns=7174516581685031][T0xf5e78203cca0][WARN] copy_aicore_buffer: [chip_swimlane_collector.cpp:689] Core 13: skipped 1024 AICore record slot(s) with start_time=0 (race-window write or recycled-buffer tail). buf seq=0 count=1024
[mono_ns=7174516581768591][T0xf5e78284cca0][WARN] copy_aicore_buffer: [chip_swimlane_collector.cpp:689] Core 48: skipped 1024 AICore record slot(s) with start_time=0 (race-window write or recycled-buffer tail). buf seq=0 count=1024
[mono_ns=7174516581920452][T0xf5e78182cca0][WARN] copy_aicore_buffer: [chip_swimlane_collector.cpp:689] Core 52: skipped 1024 AICore record slot(s) with start_time=0 (race-window write or recycled-buffer tail). buf seq=0 count=1024
[mono_ns=7174516582019392][T0xf5e78203cca0][WARN] copy_aicore_buffer: [chip_swimlane_collector.cpp:689] Core 50: skipped 1024 AICore record slot(s) with start_time=0 (race-window write or recycled-buffer tail). buf seq=0 count=1024
[mono_ns=7174516582086853][T0xf5e78284cca0][WARN] copy_aicore_buffer: [chip_swimlane_collector.cpp:689] Core 49: skipped 1024 AICore record slot(s) with start_time=0 (race-window write or recycled-buffer tail). buf seq=0 count=1024
[mono_ns=7174516582249214][T0xf5e78182cca0][WARN] copy_aicore_buffer: [chip_swimlane_collector.cpp:689] Core 53: skipped 1024 AICore record slot(s) with start_time=0 (race-window write or recycled-buffer tail). buf seq=0 count=1024
[mono_ns=7174516582345184][T0xf5e78203cca0][WARN] copy_aicore_buffer: [chip_swimlane_collector.cpp:689] Core 51: skipped 1024 AICore record slot(s) with start_time=0 (race-window write or recycled-buffer tail). buf seq=0 count=1024
[mono_ns=7174516582400155][T0xf5e78284cca0][WARN] copy_aicore_buffer: [chip_swimlane_collector.cpp:689] Core 15: skipped 1024 AICore record slot(s) with start_time=0 (race-window write or recycled-buffer tail). buf seq=0 count=1024
[mono_ns=7174516582570296][T0xf5e78182cca0][WARN] copy_aicore_buffer: [chip_swimlane_collector.cpp:689] Core 17: skipped 1024 AICore record slot(s) with start_time=0 (race-window write or recycled-buffer tail). buf seq=0 count=1024
[mono_ns=7174516582671086][T0xf5e78203cca0][WARN] copy_aicore_buffer: [chip_swimlane_collector.cpp:689] Core 16: skipped 1024 AICore record slot(s) with start_time=0 (race-window write or recycled-buffer tail). buf seq=0 count=1024
[mono_ns=7174516582712426][T0xf5e78284cca0][WARN] copy_aicore_buffer: [chip_swimlane_collector.cpp:689] Core 54: skipped 1024 AICore record slot(s) with start_time=0 (race-window write or recycled-buffer tail). buf seq=0 count=1024
[mono_ns=7174516582891317][T0xf5e78182cca0][WARN] copy_aicore_buffer: [chip_swimlane_collector.cpp:689] Core 58: skipped 1024 AICore record slot(s) with start_time=0 (race-window write or recycled-buffer tail). buf seq=0 count=1024
[mono_ns=7174516582997418][T0xf5e78203cca0][WARN] copy_aicore_buffer: [chip_swimlane_collector.cpp:689] Core 56: skipped 1024 AICore record slot(s) with start_time=0 (race-window write or recycled-buffer tail). buf seq=0 count=1024
[mono_ns=7174516583041738][T0xf5e78284cca0][WARN] copy_aicore_buffer: [chip_swimlane_collector.cpp:689] Core 55: skipped 1024 AICore record slot(s) with start_time=0 (race-window write or recycled-buffer tail). buf seq=0 count=1024
[mono_ns=7174516583220989][T0xf5e78182cca0][WARN] copy_aicore_buffer: [chip_swimlane_collector.cpp:689] Core 59: skipped 1024 AICore record slot(s) with start_time=0 (race-window write or recycled-buffer tail). buf seq=0 count=1024
[mono_ns=7174516583328310][T0xf5e78203cca0][WARN] copy_aicore_buffer: [chip_swimlane_collector.cpp:689] Core 57: skipped 1024 AICore record slot(s) with start_time=0 (race-window write or recycled-buffer tail). buf seq=0 count=1024
[mono_ns=7174516583353100][T0xf5e78284cca0][WARN] copy_aicore_buffer: [chip_swimlane_collector.cpp:689] Core 18: skipped 1024 AICore record slot(s) with start_time=0 (race-window write or recycled-buffer tail). buf seq=0 count=1024
[mono_ns=7174516583542721][T0xf5e78182cca0][WARN] copy_aicore_buffer: [chip_swimlane_collector.cpp:689] Core 20: skipped 1024 AICore record slot(s) with start_time=0 (race-window write or recycled-buffer tail). buf seq=0 count=1024
[mono_ns=7174516583653842][T0xf5e78203cca0][WARN] copy_aicore_buffer: [chip_swimlane_collector.cpp:689] Core 19: skipped 1024 AICore record slot(s) with start_time=0 (race-window write or recycled-buffer tail). buf seq=0 count=1024
[mono_ns=7174516583703672][T0xf5e78284cca0][WARN] copy_aicore_buffer: [chip_swimlane_collector.cpp:689] Core 60: skipped 1024 AICore record slot(s) with start_time=0 (race-window write or recycled-buffer tail). buf seq=0 count=1024
[mono_ns=7174516583899263][T0xf5e78182cca0][WARN] copy_aicore_buffer: [chip_swimlane_collector.cpp:689] Core 64: skipped 1024 AICore record slot(s) with start_time=0 (race-window write or recycled-buffer tail). buf seq=0 count=1024
[mono_ns=7174516584029744][T0xf5e78203cca0][WARN] copy_aicore_buffer: [chip_swimlane_collector.cpp:689] Core 62: skipped 1024 AICore record slot(s) with start_time=0 (race-window write or recycled-buffer tail). buf seq=0 count=1024
[mono_ns=7174516584044604][T0xf5e78284cca0][WARN] copy_aicore_buffer: [chip_swimlane_collector.cpp:689] Core 61: skipped 1024 AICore record slot(s) with start_time=0 (race-window write or recycled-buffer tail). buf seq=0 count=1024
[mono_ns=7174516584244685][T0xf5e78182cca0][WARN] copy_aicore_buffer: [chip_swimlane_collector.cpp:689] Core 65: skipped 1024 AICore record slot(s) with start_time=0 (race-window write or recycled-buffer tail). buf seq=0 count=1024
[mono_ns=7174516584374026][T0xf5e78203cca0][WARN] copy_aicore_buffer: [chip_swimlane_collector.cpp:689] Core 63: skipped 1024 AICore record slot(s) with start_time=0 (race-window write or recycled-buffer tail). buf seq=0 count=1024
[mono_ns=7174516584374736][T0xf5e78284cca0][WARN] copy_aicore_buffer: [chip_swimlane_collector.cpp:689] Core 21: skipped 1024 AICore record slot(s) with start_time=0 (race-window write or recycled-buffer tail). buf seq=0 count=1024
[mono_ns=7174516584578817][T0xf5e78182cca0][WARN] copy_aicore_buffer: [chip_swimlane_collector.cpp:689] Core 23: skipped 1024 AICore record slot(s) with start_time=0 (race-window write or recycled-buffer tail). buf seq=0 count=1024
[mono_ns=7174516584715938][T0xf5e78203cca0][WARN] copy_aicore_buffer: [chip_swimlane_collector.cpp:689] Core 22: skipped 1024 AICore record slot(s) with start_time=0 (race-window write or recycled-buffer tail). buf seq=0 count=1024
[mono_ns=7174516584722888][T0xf5e78284cca0][WARN] copy_aicore_buffer: [chip_swimlane_collector.cpp:689] Core 66: skipped 1024 AICore record slot(s) with start_time=0 (race-window write or recycled-buffer tail). buf seq=0 count=1024
[mono_ns=7174516584931109][T0xf5e78182cca0][WARN] copy_aicore_buffer: [chip_swimlane_collector.cpp:689] Core 70: skipped 1024 AICore record slot(s) with start_time=0 (race-window write or recycled-buffer tail). buf seq=0 count=1024
[mono_ns=7174516585072760][T0xf5e78203cca0][WARN] copy_aicore_buffer: [chip_swimlane_collector.cpp:689] Core 68: skipped 1024 AICore record slot(s) with start_time=0 (race-window write or recycled-buffer tail). buf seq=0 count=1024
[mono_ns=7174516585076770][T0xf5e78284cca0][WARN] copy_aicore_buffer: [chip_swimlane_collector.cpp:689] Core 67: skipped 1024 AICore record slot(s) with start_time=0 (race-window write or recycled-buffer tail). buf seq=0 count=1024
[mono_ns=7174516585281781][T0xf5e78182cca0][WARN] copy_aicore_buffer: [chip_swimlane_collector.cpp:689] Core 71: skipped 1024 AICore record slot(s) with start_time=0 (race-window write or recycled-buffer tail). buf seq=0 count=1024
[mono_ns=7174516585411312][T0xf5e78203cca0][WARN] copy_aicore_buffer: [chip_swimlane_collector.cpp:689] Core 69: skipped 1024 AICore record slot(s) with start_time=0 (race-window write or recycled-buffer tail). buf seq=0 count=1024
[mono_ns=7174516685971246][T0xf5e8e80ab020][TIMING] emit_host_span: [STRACE] v=1 pid=2354859 tid=2354859 inv=4 hid=ec2cdc3bae966a42 depth=1 name=chip.run.runner_run ts=7174516575179013 dur=110785703 
[mono_ns=7174516686059716][T0xf5e8e80ab020][TIMING] emit_host_span: [STRACE] v=1 pid=2354859 tid=2354859 inv=4 hid=ec2cdc3bae966a42 depth=1 name=chip.run.validate ts=7174516685983316 dur=72600 
[mono_ns=7174516686073576][T0xf5e8e80ab020][TIMING] emit_host_span: [STRACE] v=1 pid=2354859 tid=2354859 inv=4 hid=ec2cdc3bae966a42 depth=2 name=chip.run.runner_run.device_wall ts=0 dur=2026000 clk=dev
[mono_ns=7174516686078566][T0xf5e8e80ab020][TIMING] emit_host_span: [STRACE] v=1 pid=2354859 tid=2354859 inv=4 hid=ec2cdc3bae966a42 depth=3 name=chip.run.runner_run.device_wall.preamble ts=0 dur=109440 clk=dev
[mono_ns=7174516686083016][T0xf5e8e80ab020][TIMING] emit_host_span: [STRACE] v=1 pid=2354859 tid=2354859 inv=4 hid=ec2cdc3bae966a42 depth=3 name=chip.run.runner_run.device_wall.graph_build ts=105560 dur=1909260 clk=dev
[mono_ns=7174516686087016][T0xf5e8e80ab020][TIMING] emit_host_span: [STRACE] v=1 pid=2354859 tid=2354859 inv=4 hid=ec2cdc3bae966a42 depth=3 name=chip.run.runner_run.device_wall.config_validate ts=105660 dur=679 clk=dev
[mono_ns=7174516686090436][T0xf5e8e80ab020][TIMING] emit_host_span: [STRACE] v=1 pid=2354859 tid=2354859 inv=4 hid=ec2cdc3bae966a42 depth=3 name=chip.run.runner_run.device_wall.arena_wire ts=106360 dur=339 clk=dev
[mono_ns=7174516686093767][T0xf5e8e80ab020][TIMING] emit_host_span: [STRACE] v=1 pid=2354859 tid=2354859 inv=4 hid=ec2cdc3bae966a42 depth=3 name=chip.run.runner_run.device_wall.sm_reset ts=106720 dur=560 clk=dev
[mono_ns=7174516686096967][T0xf5e8e80ab020][TIMING] emit_host_span: [STRACE] v=1 pid=2354859 tid=2354859 inv=4 hid=ec2cdc3bae966a42 depth=3 name=chip.run.runner_run.device_wall.post_orch ts=2014880 dur=10740 clk=dev
[mono_ns=7174516686100137][T0xf5e8e80ab020][TIMING] emit_host_span: [STRACE] v=1 pid=2354859 tid=2354859 inv=4 hid=ec2cdc3bae966a42 depth=3 name=chip.run.runner_run.device_wall.orch ts=107320 dur=4320 clk=dev
[mono_ns=7174516686103947][T0xf5e8e80ab020][TIMING] emit_host_span: [STRACE] v=1 pid=2354859 tid=2354859 inv=4 hid=ec2cdc3bae966a42 depth=3 name=chip.run.runner_run.device_wall.sched ts=109520 dur=1880480 clk=dev
[mono_ns=7174516686109267][T0xf5e8e80ab020][TIMING] emit_host_span: [STRACE] v=1 pid=2354859 tid=2354859 inv=4 hid=ec2cdc3bae966a42 depth=1 name=chip.run.claim_release ts=7174516686107197 dur=310 
[mono_ns=7174516686115547][T0xf5e8e80ab020][TIMING] emit_host_span: [STRACE] v=1 pid=2354859 tid=2354859 inv=4 hid=ec2cdc3bae966a42 depth=0 name=chip.run ts=7174516574731581 dur=111381996 run_id=4 dispatch_id=4 slot_id=0 generation=4 run_epoch=4
[mono_ns=7174519104813292][T0xf5e8e80ab020][TIMING] emit_host_span: [STRACE] v=1 pid=2354859 tid=2354859 inv=5 hid=ec2cdc3bae966a42 depth=2 name=chip.run.bind.args ts=7174519104655901 dur=146411 
[mono_ns=7174519104837172][T0xf5e8e80ab020][TIMING] emit_host_span: [STRACE] v=1 pid=2354859 tid=2354859 inv=5 hid=ec2cdc3bae966a42 depth=2 name=chip.run.bind.prebuilt ts=7174519104828932 dur=5460 
[mono_ns=7174519104843072][T0xf5e8e80ab020][TIMING] emit_host_span: [STRACE] v=1 pid=2354859 tid=2354859 inv=5 hid=ec2cdc3bae966a42 depth=1 name=chip.run.bind ts=7174519104642181 dur=198431 
[mono_ns=7174519210777636][T0xf5e8e80ab020][TIMING] emit_host_span: [STRACE] v=1 pid=2354859 tid=2354859 inv=5 hid=ec2cdc3bae966a42 depth=1 name=chip.run.runner_run ts=7174519105186154 dur=105580392 
[mono_ns=7174519210882357][T0xf5e8e80ab020][TIMING] emit_host_span: [STRACE] v=1 pid=2354859 tid=2354859 inv=5 hid=ec2cdc3bae966a42 depth=1 name=chip.run.validate ts=7174519210797807 dur=80490 
[mono_ns=7174519210893897][T0xf5e8e80ab020][TIMING] emit_host_span: [STRACE] v=1 pid=2354859 tid=2354859 inv=5 hid=ec2cdc3bae966a42 depth=2 name=chip.run.runner_run.device_wall ts=0 dur=1810180 clk=dev
[mono_ns=7174519210899517][T0xf5e8e80ab020][TIMING] emit_host_span: [STRACE] v=1 pid=2354859 tid=2354859 inv=5 hid=ec2cdc3bae966a42 depth=3 name=chip.run.runner_run.device_wall.preamble ts=0 dur=5800 clk=dev
[mono_ns=7174519210904917][T0xf5e8e80ab020][TIMING] emit_host_span: [STRACE] v=1 pid=2354859 tid=2354859 inv=5 hid=ec2cdc3bae966a42 depth=3 name=chip.run.runner_run.device_wall.graph_build ts=1420 dur=1797820 clk=dev
[mono_ns=7174519210908547][T0xf5e8e80ab020][TIMING] emit_host_span: [STRACE] v=1 pid=2354859 tid=2354859 inv=5 hid=ec2cdc3bae966a42 depth=3 name=chip.run.runner_run.device_wall.config_validate ts=1480 dur=1020 clk=dev
[mono_ns=7174519210912897][T0xf5e8e80ab020][TIMING] emit_host_span: [STRACE] v=1 pid=2354859 tid=2354859 inv=5 hid=ec2cdc3bae966a42 depth=3 name=chip.run.runner_run.device_wall.arena_wire ts=2520 dur=840 clk=dev
[mono_ns=7174519210917437][T0xf5e8e80ab020][TIMING] emit_host_span: [STRACE] v=1 pid=2354859 tid=2354859 inv=5 hid=ec2cdc3bae966a42 depth=3 name=chip.run.runner_run.device_wall.sm_reset ts=3400 dur=1180 clk=dev
[mono_ns=7174519210922217][T0xf5e8e80ab020][TIMING] emit_host_span: [STRACE] v=1 pid=2354859 tid=2354859 inv=5 hid=ec2cdc3bae966a42 depth=3 name=chip.run.runner_run.device_wall.post_orch ts=1799280 dur=10800 clk=dev
[mono_ns=7174519210926717][T0xf5e8e80ab020][TIMING] emit_host_span: [STRACE] v=1 pid=2354859 tid=2354859 inv=5 hid=ec2cdc3bae966a42 depth=3 name=chip.run.runner_run.device_wall.orch ts=5300 dur=8800 clk=dev
[mono_ns=7174519210930527][T0xf5e8e80ab020][TIMING] emit_host_span: [STRACE] v=1 pid=2354859 tid=2354859 inv=5 hid=ec2cdc3bae966a42 depth=3 name=chip.run.runner_run.device_wall.sched ts=5859 dur=1785139 clk=dev
[mono_ns=7174519210936277][T0xf5e8e80ab020][TIMING] emit_host_span: [STRACE] v=1 pid=2354859 tid=2354859 inv=5 hid=ec2cdc3bae966a42 depth=1 name=chip.run.claim_release ts=7174519210933807 dur=700 
[mono_ns=7174519210942657][T0xf5e8e80ab020][TIMING] emit_host_span: [STRACE] v=1 pid=2354859 tid=2354859 inv=5 hid=ec2cdc3bae966a42 depth=0 name=chip.run ts=7174519104497130 dur=106443517 run_id=5 dispatch_id=5 slot_id=0 generation=5 run_epoch=5
[mono_ns=7174519213826514][T0xf5e8e80ab020][TIMING] emit_host_span: [STRACE] v=1 pid=2354859 tid=2354859 inv=6 hid=ec2cdc3bae966a42 depth=2 name=chip.run.bind.args ts=7174519213727573 dur=93631 
[mono_ns=7174519213845324][T0xf5e8e80ab020][TIMING] emit_host_span: [STRACE] v=1 pid=2354859 tid=2354859 inv=6 hid=ec2cdc3bae966a42 depth=2 name=chip.run.bind.prebuilt ts=7174519213838864 dur=3910 
[mono_ns=7174519213850044][T0xf5e8e80ab020][TIMING] emit_host_span: [STRACE] v=1 pid=2354859 tid=2354859 inv=6 hid=ec2cdc3bae966a42 depth=1 name=chip.run.bind ts=7174519213717823 dur=130271 
[mono_ns=7174519216421199][T0xf5e78182cca0][WARN] copy_aicore_buffer: [chip_swimlane_collector.cpp:689] Core 2: skipped 1024 AICore record slot(s) with start_time=0 (race-window write or recycled-buffer tail). buf seq=0 count=1024
[mono_ns=7174519216420529][T0xf5e78203cca0][WARN] copy_aicore_buffer: [chip_swimlane_collector.cpp:689] Core 1: skipped 1024 AICore record slot(s) with start_time=0 (race-window write or recycled-buffer tail). buf seq=0 count=1024
[mono_ns=7174519216430719][T0xf5e78284cca0][WARN] copy_aicore_buffer: [chip_swimlane_collector.cpp:689] Core 0: skipped 1024 AICore record slot(s) with start_time=0 (race-window write or recycled-buffer tail). buf seq=0 count=1024
[mono_ns=7174519216752321][T0xf5e78284cca0][WARN] copy_aicore_buffer: [chip_swimlane_collector.cpp:689] Core 24: skipped 1024 AICore record slot(s) with start_time=0 (race-window write or recycled-buffer tail). buf seq=0 count=1024
[mono_ns=7174519216756931][T0xf5e78182cca0][WARN] copy_aicore_buffer: [chip_swimlane_collector.cpp:689] Core 28: skipped 1023 AICore record slot(s) with start_time=0 (race-window write or recycled-buffer tail). buf seq=0 count=1024
[mono_ns=7174519216769201][T0xf5e78203cca0][WARN] copy_aicore_buffer: [chip_swimlane_collector.cpp:689] Core 26: skipped 1022 AICore record slot(s) with start_time=0 (race-window write or recycled-buffer tail). buf seq=0 count=1024
[mono_ns=7174519217084842][T0xf5e78284cca0][WARN] copy_aicore_buffer: [chip_swimlane_collector.cpp:689] Core 25: skipped 1024 AICore record slot(s) with start_time=0 (race-window write or recycled-buffer tail). buf seq=0 count=1024
[mono_ns=7174519217093372][T0xf5e78182cca0][WARN] copy_aicore_buffer: [chip_swimlane_collector.cpp:689] Core 29: skipped 1024 AICore record slot(s) with start_time=0 (race-window write or recycled-buffer tail). buf seq=0 count=1024
[mono_ns=7174519217100903][T0xf5e78203cca0][WARN] copy_aicore_buffer: [chip_swimlane_collector.cpp:689] Core 27: skipped 1024 AICore record slot(s) with start_time=0 (race-window write or recycled-buffer tail). buf seq=0 count=1024
[mono_ns=7174519217398244][T0xf5e78284cca0][WARN] copy_aicore_buffer: [chip_swimlane_collector.cpp:689] Core 3: skipped 1024 AICore record slot(s) with start_time=0 (race-window write or recycled-buffer tail). buf seq=0 count=1024
[mono_ns=7174519217415634][T0xf5e78182cca0][WARN] copy_aicore_buffer: [chip_swimlane_collector.cpp:689] Core 5: skipped 1024 AICore record slot(s) with start_time=0 (race-window write or recycled-buffer tail). buf seq=0 count=1024
[mono_ns=7174519217422074][T0xf5e78203cca0][WARN] copy_aicore_buffer: [chip_swimlane_collector.cpp:689] Core 4: skipped 1024 AICore record slot(s) with start_time=0 (race-window write or recycled-buffer tail). buf seq=0 count=1024
[mono_ns=7174519217711766][T0xf5e78284cca0][WARN] copy_aicore_buffer: [chip_swimlane_collector.cpp:689] Core 30: skipped 1024 AICore record slot(s) with start_time=0 (race-window write or recycled-buffer tail). buf seq=0 count=1024
[mono_ns=7174519217735986][T0xf5e78182cca0][WARN] copy_aicore_buffer: [chip_swimlane_collector.cpp:689] Core 34: skipped 1024 AICore record slot(s) with start_time=0 (race-window write or recycled-buffer tail). buf seq=0 count=1024
[mono_ns=7174519217746306][T0xf5e78203cca0][WARN] copy_aicore_buffer: [chip_swimlane_collector.cpp:689] Core 32: skipped 1024 AICore record slot(s) with start_time=0 (race-window write or recycled-buffer tail). buf seq=0 count=1024
[mono_ns=7174519218032758][T0xf5e78284cca0][WARN] copy_aicore_buffer: [chip_swimlane_collector.cpp:689] Core 31: skipped 1024 AICore record slot(s) with start_time=0 (race-window write or recycled-buffer tail). buf seq=0 count=1024
[mono_ns=7174519218065788][T0xf5e78182cca0][WARN] copy_aicore_buffer: [chip_swimlane_collector.cpp:689] Core 35: skipped 1024 AICore record slot(s) with start_time=0 (race-window write or recycled-buffer tail). buf seq=0 count=1024
[mono_ns=7174519218074938][T0xf5e78203cca0][WARN] copy_aicore_buffer: [chip_swimlane_collector.cpp:689] Core 33: skipped 1024 AICore record slot(s) with start_time=0 (race-window write or recycled-buffer tail). buf seq=0 count=1024
[mono_ns=7174519218344960][T0xf5e78284cca0][WARN] copy_aicore_buffer: [chip_swimlane_collector.cpp:689] Core 6: skipped 1024 AICore record slot(s) with start_time=0 (race-window write or recycled-buffer tail). buf seq=0 count=1024
[mono_ns=7174519218389400][T0xf5e78182cca0][WARN] copy_aicore_buffer: [chip_swimlane_collector.cpp:689] Core 8: skipped 1024 AICore record slot(s) with start_time=0 (race-window write or recycled-buffer tail). buf seq=0 count=1024
[mono_ns=7174519218395790][T0xf5e78203cca0][WARN] copy_aicore_buffer: [chip_swimlane_collector.cpp:689] Core 7: skipped 1024 AICore record slot(s) with start_time=0 (race-window write or recycled-buffer tail). buf seq=0 count=1024
[mono_ns=7174519218658201][T0xf5e78284cca0][WARN] copy_aicore_buffer: [chip_swimlane_collector.cpp:689] Core 36: skipped 1024 AICore record slot(s) with start_time=0 (race-window write or recycled-buffer tail). buf seq=0 count=1024
[mono_ns=7174519218711872][T0xf5e78182cca0][WARN] copy_aicore_buffer: [chip_swimlane_collector.cpp:689] Core 40: skipped 1024 AICore record slot(s) with start_time=0 (race-window write or recycled-buffer tail). buf seq=0 count=1024
[mono_ns=7174519218717092][T0xf5e78203cca0][WARN] copy_aicore_buffer: [chip_swimlane_collector.cpp:689] Core 38: skipped 1024 AICore record slot(s) with start_time=0 (race-window write or recycled-buffer tail). buf seq=0 count=1024
[mono_ns=7174519218968883][T0xf5e78284cca0][WARN] copy_aicore_buffer: [chip_swimlane_collector.cpp:689] Core 37: skipped 1024 AICore record slot(s) with start_time=0 (race-window write or recycled-buffer tail). buf seq=0 count=1024
[mono_ns=7174519219041044][T0xf5e78182cca0][WARN] copy_aicore_buffer: [chip_swimlane_collector.cpp:689] Core 41: skipped 1024 AICore record slot(s) with start_time=0 (race-window write or recycled-buffer tail). buf seq=0 count=1024
[mono_ns=7174519219045034][T0xf5e78203cca0][WARN] copy_aicore_buffer: [chip_swimlane_collector.cpp:689] Core 39: skipped 1024 AICore record slot(s) with start_time=0 (race-window write or recycled-buffer tail). buf seq=0 count=1024
[mono_ns=7174519219288235][T0xf5e78284cca0][WARN] copy_aicore_buffer: [chip_swimlane_collector.cpp:689] Core 9: skipped 1024 AICore record slot(s) with start_time=0 (race-window write or recycled-buffer tail). buf seq=0 count=1024
[mono_ns=7174519219363195][T0xf5e78182cca0][WARN] copy_aicore_buffer: [chip_swimlane_collector.cpp:689] Core 11: skipped 1024 AICore record slot(s) with start_time=0 (race-window write or recycled-buffer tail). buf seq=0 count=1024
[mono_ns=7174519219367365][T0xf5e78203cca0][WARN] copy_aicore_buffer: [chip_swimlane_collector.cpp:689] Core 10: skipped 1024 AICore record slot(s) with start_time=0 (race-window write or recycled-buffer tail). buf seq=0 count=1024
[mono_ns=7174519219599707][T0xf5e78284cca0][WARN] copy_aicore_buffer: [chip_swimlane_collector.cpp:689] Core 42: skipped 1024 AICore record slot(s) with start_time=0 (race-window write or recycled-buffer tail). buf seq=0 count=1024
[mono_ns=7174519219683207][T0xf5e78182cca0][WARN] copy_aicore_buffer: [chip_swimlane_collector.cpp:689] Core 46: skipped 1024 AICore record slot(s) with start_time=0 (race-window write or recycled-buffer tail). buf seq=0 count=1024
[mono_ns=7174519219690277][T0xf5e78203cca0][WARN] copy_aicore_buffer: [chip_swimlane_collector.cpp:689] Core 44: skipped 1024 AICore record slot(s) with start_time=0 (race-window write or recycled-buffer tail). buf seq=0 count=1024
[mono_ns=7174519219911839][T0xf5e78284cca0][WARN] copy_aicore_buffer: [chip_swimlane_collector.cpp:689] Core 43: skipped 1024 AICore record slot(s) with start_time=0 (race-window write or recycled-buffer tail). buf seq=0 count=1024
[mono_ns=7174519220016989][T0xf5e78203cca0][WARN] copy_aicore_buffer: [chip_swimlane_collector.cpp:689] Core 45: skipped 1024 AICore record slot(s) with start_time=0 (race-window write or recycled-buffer tail). buf seq=0 count=1024
[mono_ns=7174519220045639][T0xf5e78182cca0][WARN] copy_aicore_buffer: [chip_swimlane_collector.cpp:689] Core 47: skipped 1024 AICore record slot(s) with start_time=0 (race-window write or recycled-buffer tail). buf seq=0 count=1024
[mono_ns=7174519220232750][T0xf5e78284cca0][WARN] copy_aicore_buffer: [chip_swimlane_collector.cpp:689] Core 12: skipped 1024 AICore record slot(s) with start_time=0 (race-window write or recycled-buffer tail). buf seq=0 count=1024
[mono_ns=7174519220349041][T0xf5e78203cca0][WARN] copy_aicore_buffer: [chip_swimlane_collector.cpp:689] Core 13: skipped 1024 AICore record slot(s) with start_time=0 (race-window write or recycled-buffer tail). buf seq=0 count=1024
[mono_ns=7174519220367331][T0xf5e78182cca0][WARN] copy_aicore_buffer: [chip_swimlane_collector.cpp:689] Core 14: skipped 1024 AICore record slot(s) with start_time=0 (race-window write or recycled-buffer tail). buf seq=0 count=1024
[mono_ns=7174519220544882][T0xf5e78284cca0][WARN] copy_aicore_buffer: [chip_swimlane_collector.cpp:689] Core 48: skipped 1024 AICore record slot(s) with start_time=0 (race-window write or recycled-buffer tail). buf seq=0 count=1024
[mono_ns=7174519220675873][T0xf5e78203cca0][WARN] copy_aicore_buffer: [chip_swimlane_collector.cpp:689] Core 50: skipped 1024 AICore record slot(s) with start_time=0 (race-window write or recycled-buffer tail). buf seq=0 count=1024
[mono_ns=7174519220685863][T0xf5e78182cca0][WARN] copy_aicore_buffer: [chip_swimlane_collector.cpp:689] Core 52: skipped 1024 AICore record slot(s) with start_time=0 (race-window write or recycled-buffer tail). buf seq=0 count=1024
[mono_ns=7174519220858284][T0xf5e78284cca0][WARN] copy_aicore_buffer: [chip_swimlane_collector.cpp:689] Core 49: skipped 1024 AICore record slot(s) with start_time=0 (race-window write or recycled-buffer tail). buf seq=0 count=1024
[mono_ns=7174519221007815][T0xf5e78203cca0][WARN] copy_aicore_buffer: [chip_swimlane_collector.cpp:689] Core 51: skipped 1024 AICore record slot(s) with start_time=0 (race-window write or recycled-buffer tail). buf seq=0 count=1024
[mono_ns=7174519221013935][T0xf5e78182cca0][WARN] copy_aicore_buffer: [chip_swimlane_collector.cpp:689] Core 53: skipped 1024 AICore record slot(s) with start_time=0 (race-window write or recycled-buffer tail). buf seq=0 count=1024
[mono_ns=7174519221178366][T0xf5e78284cca0][WARN] copy_aicore_buffer: [chip_swimlane_collector.cpp:689] Core 15: skipped 1024 AICore record slot(s) with start_time=0 (race-window write or recycled-buffer tail). buf seq=0 count=1024
[mono_ns=7174519221333717][T0xf5e78203cca0][WARN] copy_aicore_buffer: [chip_swimlane_collector.cpp:689] Core 16: skipped 1024 AICore record slot(s) with start_time=0 (race-window write or recycled-buffer tail). buf seq=0 count=1024
[mono_ns=7174519221337617][T0xf5e78182cca0][WARN] copy_aicore_buffer: [chip_swimlane_collector.cpp:689] Core 17: skipped 1024 AICore record slot(s) with start_time=0 (race-window write or recycled-buffer tail). buf seq=0 count=1024
[mono_ns=7174519221495378][T0xf5e78284cca0][WARN] copy_aicore_buffer: [chip_swimlane_collector.cpp:689] Core 54: skipped 1024 AICore record slot(s) with start_time=0 (race-window write or recycled-buffer tail). buf seq=0 count=1024
[mono_ns=7174519221659149][T0xf5e78203cca0][WARN] copy_aicore_buffer: [chip_swimlane_collector.cpp:689] Core 56: skipped 1024 AICore record slot(s) with start_time=0 (race-window write or recycled-buffer tail). buf seq=0 count=1024
[mono_ns=7174519221660399][T0xf5e78182cca0][WARN] copy_aicore_buffer: [chip_swimlane_collector.cpp:689] Core 58: skipped 1024 AICore record slot(s) with start_time=0 (race-window write or recycled-buffer tail). buf seq=0 count=1024
[mono_ns=7174519221855960][T0xf5e78284cca0][WARN] copy_aicore_buffer: [chip_swimlane_collector.cpp:689] Core 55: skipped 1024 AICore record slot(s) with start_time=0 (race-window write or recycled-buffer tail). buf seq=0 count=1024
[mono_ns=7174519222034551][T0xf5e78182cca0][WARN] copy_aicore_buffer: [chip_swimlane_collector.cpp:689] Core 59: skipped 1024 AICore record slot(s) with start_time=0 (race-window write or recycled-buffer tail). buf seq=0 count=1024
[mono_ns=7174519222081051][T0xf5e78203cca0][WARN] copy_aicore_buffer: [chip_swimlane_collector.cpp:689] Core 57: skipped 1024 AICore record slot(s) with start_time=0 (race-window write or recycled-buffer tail). buf seq=0 count=1024
[mono_ns=7174519222194152][T0xf5e78284cca0][WARN] copy_aicore_buffer: [chip_swimlane_collector.cpp:689] Core 18: skipped 1024 AICore record slot(s) with start_time=0 (race-window write or recycled-buffer tail). buf seq=0 count=1024
[mono_ns=7174519222369883][T0xf5e78182cca0][WARN] copy_aicore_buffer: [chip_swimlane_collector.cpp:689] Core 20: skipped 1024 AICore record slot(s) with start_time=0 (race-window write or recycled-buffer tail). buf seq=0 count=1024
[mono_ns=7174519222427513][T0xf5e78203cca0][WARN] copy_aicore_buffer: [chip_swimlane_collector.cpp:689] Core 19: skipped 1024 AICore record slot(s) with start_time=0 (race-window write or recycled-buffer tail). buf seq=0 count=1024
[mono_ns=7174519222524683][T0xf5e78284cca0][WARN] copy_aicore_buffer: [chip_swimlane_collector.cpp:689] Core 60: skipped 1024 AICore record slot(s) with start_time=0 (race-window write or recycled-buffer tail). buf seq=0 count=1024
[mono_ns=7174519222707485][T0xf5e78182cca0][WARN] copy_aicore_buffer: [chip_swimlane_collector.cpp:689] Core 64: skipped 1024 AICore record slot(s) with start_time=0 (race-window write or recycled-buffer tail). buf seq=0 count=1024
[mono_ns=7174519222771135][T0xf5e78203cca0][WARN] copy_aicore_buffer: [chip_swimlane_collector.cpp:689] Core 62: skipped 1024 AICore record slot(s) with start_time=0 (race-window write or recycled-buffer tail). buf seq=0 count=1024
[mono_ns=7174519222854545][T0xf5e78284cca0][WARN] copy_aicore_buffer: [chip_swimlane_collector.cpp:689] Core 61: skipped 1024 AICore record slot(s) with start_time=0 (race-window write or recycled-buffer tail). buf seq=0 count=1024
[mono_ns=7174519223051436][T0xf5e78182cca0][WARN] copy_aicore_buffer: [chip_swimlane_collector.cpp:689] Core 65: skipped 1024 AICore record slot(s) with start_time=0 (race-window write or recycled-buffer tail). buf seq=0 count=1024
[mono_ns=7174519223124427][T0xf5e78203cca0][WARN] copy_aicore_buffer: [chip_swimlane_collector.cpp:689] Core 63: skipped 1024 AICore record slot(s) with start_time=0 (race-window write or recycled-buffer tail). buf seq=0 count=1024
[mono_ns=7174519223189387][T0xf5e78284cca0][WARN] copy_aicore_buffer: [chip_swimlane_collector.cpp:689] Core 21: skipped 1024 AICore record slot(s) with start_time=0 (race-window write or recycled-buffer tail). buf seq=0 count=1024
[mono_ns=7174519223388458][T0xf5e78182cca0][WARN] copy_aicore_buffer: [chip_swimlane_collector.cpp:689] Core 23: skipped 1024 AICore record slot(s) with start_time=0 (race-window write or recycled-buffer tail). buf seq=0 count=1024
[mono_ns=7174519223469149][T0xf5e78203cca0][WARN] copy_aicore_buffer: [chip_swimlane_collector.cpp:689] Core 22: skipped 1024 AICore record slot(s) with start_time=0 (race-window write or recycled-buffer tail). buf seq=0 count=1024
[mono_ns=7174519223518279][T0xf5e78284cca0][WARN] copy_aicore_buffer: [chip_swimlane_collector.cpp:689] Core 66: skipped 1024 AICore record slot(s) with start_time=0 (race-window write or recycled-buffer tail). buf seq=0 count=1024
[mono_ns=7174519223725070][T0xf5e78182cca0][WARN] copy_aicore_buffer: [chip_swimlane_collector.cpp:689] Core 70: skipped 1024 AICore record slot(s) with start_time=0 (race-window write or recycled-buffer tail). buf seq=0 count=1024
[mono_ns=7174519223820481][T0xf5e78203cca0][WARN] copy_aicore_buffer: [chip_swimlane_collector.cpp:689] Core 68: skipped 1024 AICore record slot(s) with start_time=0 (race-window write or recycled-buffer tail). buf seq=0 count=1024
[mono_ns=7174519223845761][T0xf5e78284cca0][WARN] copy_aicore_buffer: [chip_swimlane_collector.cpp:689] Core 67: skipped 1024 AICore record slot(s) with start_time=0 (race-window write or recycled-buffer tail). buf seq=0 count=1024
[mono_ns=7174519224091282][T0xf5e78182cca0][WARN] copy_aicore_buffer: [chip_swimlane_collector.cpp:689] Core 71: skipped 1024 AICore record slot(s) with start_time=0 (race-window write or recycled-buffer tail). buf seq=0 count=1024
[mono_ns=7174519224168513][T0xf5e78203cca0][WARN] copy_aicore_buffer: [chip_swimlane_collector.cpp:689] Core 69: skipped 1024 AICore record slot(s) with start_time=0 (race-window write or recycled-buffer tail). buf seq=0 count=1024
[mono_ns=7174519324706057][T0xf5e8e80ab020][TIMING] emit_host_span: [STRACE] v=1 pid=2354859 tid=2354859 inv=6 hid=ec2cdc3bae966a42 depth=1 name=chip.run.runner_run ts=7174519214200106 dur=110498961 
[mono_ns=7174519324780867][T0xf5e8e80ab020][TIMING] emit_host_span: [STRACE] v=1 pid=2354859 tid=2354859 inv=6 hid=ec2cdc3bae966a42 depth=1 name=chip.run.validate ts=7174519324718467 dur=59280 
[mono_ns=7174519324792497][T0xf5e8e80ab020][TIMING] emit_host_span: [STRACE] v=1 pid=2354859 tid=2354859 inv=6 hid=ec2cdc3bae966a42 depth=2 name=chip.run.runner_run.device_wall ts=0 dur=1727100 clk=dev
[mono_ns=7174519324797257][T0xf5e8e80ab020][TIMING] emit_host_span: [STRACE] v=1 pid=2354859 tid=2354859 inv=6 hid=ec2cdc3bae966a42 depth=3 name=chip.run.runner_run.device_wall.preamble ts=0 dur=110760 clk=dev
[mono_ns=7174519324801677][T0xf5e8e80ab020][TIMING] emit_host_span: [STRACE] v=1 pid=2354859 tid=2354859 inv=6 hid=ec2cdc3bae966a42 depth=3 name=chip.run.runner_run.device_wall.graph_build ts=106660 dur=1609919 clk=dev
[mono_ns=7174519324806197][T0xf5e8e80ab020][TIMING] emit_host_span: [STRACE] v=1 pid=2354859 tid=2354859 inv=6 hid=ec2cdc3bae966a42 depth=3 name=chip.run.runner_run.device_wall.config_validate ts=106760 dur=720 clk=dev
[mono_ns=7174519324810867][T0xf5e8e80ab020][TIMING] emit_host_span: [STRACE] v=1 pid=2354859 tid=2354859 inv=6 hid=ec2cdc3bae966a42 depth=3 name=chip.run.runner_run.device_wall.arena_wire ts=107500 dur=280 clk=dev
[mono_ns=7174519324815717][T0xf5e8e80ab020][TIMING] emit_host_span: [STRACE] v=1 pid=2354859 tid=2354859 inv=6 hid=ec2cdc3bae966a42 depth=3 name=chip.run.runner_run.device_wall.sm_reset ts=107820 dur=1000 clk=dev
[mono_ns=7174519324819877][T0xf5e8e80ab020][TIMING] emit_host_span: [STRACE] v=1 pid=2354859 tid=2354859 inv=6 hid=ec2cdc3bae966a42 depth=3 name=chip.run.runner_run.device_wall.post_orch ts=1716639 dur=10340 clk=dev
[mono_ns=7174519324824027][T0xf5e8e80ab020][TIMING] emit_host_span: [STRACE] v=1 pid=2354859 tid=2354859 inv=6 hid=ec2cdc3bae966a42 depth=3 name=chip.run.runner_run.device_wall.orch ts=108860 dur=3500 clk=dev
[mono_ns=7174519324830107][T0xf5e8e80ab020][TIMING] emit_host_span: [STRACE] v=1 pid=2354859 tid=2354859 inv=6 hid=ec2cdc3bae966a42 depth=3 name=chip.run.runner_run.device_wall.sched ts=110780 dur=1581940 clk=dev
[mono_ns=7174519324837747][T0xf5e8e80ab020][TIMING] emit_host_span: [STRACE] v=1 pid=2354859 tid=2354859 inv=6 hid=ec2cdc3bae966a42 depth=1 name=chip.run.claim_release ts=7174519324835247 dur=270 
[mono_ns=7174519324847887][T0xf5e8e80ab020][TIMING] emit_host_span: [STRACE] v=1 pid=2354859 tid=2354859 inv=6 hid=ec2cdc3bae966a42 depth=0 name=chip.run ts=7174519213683713 dur=111162144 run_id=6 dispatch_id=6 slot_id=0 generation=6 run_epoch=6
[mono_ns=7174521742223744][T0xf5e8e80ab020][TIMING] emit_host_span: [STRACE] v=1 pid=2354859 tid=2354859 inv=7 hid=ec2cdc3bae966a42 depth=2 name=chip.run.bind.args ts=7174521742013113 dur=202701 
[mono_ns=7174521742362125][T0xf5e8e80ab020][TIMING] emit_host_span: [STRACE] v=1 pid=2354859 tid=2354859 inv=7 hid=ec2cdc3bae966a42 depth=2 name=chip.run.bind.prebuilt ts=7174521742345344 dur=13931 
[mono_ns=7174521742367455][T0xf5e8e80ab020][TIMING] emit_host_span: [STRACE] v=1 pid=2354859 tid=2354859 inv=7 hid=ec2cdc3bae966a42 depth=1 name=chip.run.bind ts=7174521741965752 dur=399373 
[mono_ns=7174521852314412][T0xf5e8e80ab020][TIMING] emit_host_span: [STRACE] v=1 pid=2354859 tid=2354859 inv=7 hid=ec2cdc3bae966a42 depth=1 name=chip.run.runner_run ts=7174521743138769 dur=109160683 
[mono_ns=7174521852412063][T0xf5e8e80ab020][TIMING] emit_host_span: [STRACE] v=1 pid=2354859 tid=2354859 inv=7 hid=ec2cdc3bae966a42 depth=1 name=chip.run.validate ts=7174521852332602 dur=75491 
[mono_ns=7174521852423903][T0xf5e8e80ab020][TIMING] emit_host_span: [STRACE] v=1 pid=2354859 tid=2354859 inv=7 hid=ec2cdc3bae966a42 depth=2 name=chip.run.runner_run.device_wall ts=0 dur=535400 clk=dev
[mono_ns=7174521852428543][T0xf5e8e80ab020][TIMING] emit_host_span: [STRACE] v=1 pid=2354859 tid=2354859 inv=7 hid=ec2cdc3bae966a42 depth=3 name=chip.run.runner_run.device_wall.preamble ts=0 dur=6040 clk=dev
[mono_ns=7174521852432723][T0xf5e8e80ab020][TIMING] emit_host_span: [STRACE] v=1 pid=2354859 tid=2354859 inv=7 hid=ec2cdc3bae966a42 depth=3 name=chip.run.runner_run.device_wall.graph_build ts=1460 dur=522900 clk=dev
[mono_ns=7174521852435933][T0xf5e8e80ab020][TIMING] emit_host_span: [STRACE] v=1 pid=2354859 tid=2354859 inv=7 hid=ec2cdc3bae966a42 depth=3 name=chip.run.runner_run.device_wall.config_validate ts=1740 dur=720 clk=dev
[mono_ns=7174521852477683][T0xf5e8e80ab020][TIMING] emit_host_span: [STRACE] v=1 pid=2354859 tid=2354859 inv=7 hid=ec2cdc3bae966a42 depth=3 name=chip.run.runner_run.device_wall.arena_wire ts=2620 dur=740 clk=dev
[mono_ns=7174521852481273][T0xf5e8e80ab020][TIMING] emit_host_span: [STRACE] v=1 pid=2354859 tid=2354859 inv=7 hid=ec2cdc3bae966a42 depth=3 name=chip.run.runner_run.device_wall.sm_reset ts=3380 dur=720 clk=dev
[mono_ns=7174521852486543][T0xf5e8e80ab020][TIMING] emit_host_span: [STRACE] v=1 pid=2354859 tid=2354859 inv=7 hid=ec2cdc3bae966a42 depth=3 name=chip.run.runner_run.device_wall.post_orch ts=524380 dur=10820 clk=dev
[mono_ns=7174521852489433][T0xf5e8e80ab020][TIMING] emit_host_span: [STRACE] v=1 pid=2354859 tid=2354859 inv=7 hid=ec2cdc3bae966a42 depth=3 name=chip.run.runner_run.device_wall.orch ts=4960 dur=11300 clk=dev
[mono_ns=7174521852493263][T0xf5e8e80ab020][TIMING] emit_host_span: [STRACE] v=1 pid=2354859 tid=2354859 inv=7 hid=ec2cdc3bae966a42 depth=3 name=chip.run.runner_run.device_wall.sched ts=6140 dur=509460 clk=dev
[mono_ns=7174521852499343][T0xf5e8e80ab020][TIMING] emit_host_span: [STRACE] v=1 pid=2354859 tid=2354859 inv=7 hid=ec2cdc3bae966a42 depth=1 name=chip.run.claim_release ts=7174521852496753 dur=800 
[mono_ns=7174521852505873][T0xf5e8e80ab020][TIMING] emit_host_span: [STRACE] v=1 pid=2354859 tid=2354859 inv=7 hid=ec2cdc3bae966a42 depth=0 name=chip.run ts=7174521741680081 dur=110823742 run_id=7 dispatch_id=7 slot_id=0 generation=7 run_epoch=7
[mono_ns=7174521857147000][T0xf5e8e80ab020][TIMING] emit_host_span: [STRACE] v=1 pid=2354859 tid=2354859 inv=8 hid=ec2cdc3bae966a42 depth=2 name=chip.run.bind.args ts=7174521857044649 dur=96311 
[mono_ns=7174521857167810][T0xf5e8e80ab020][TIMING] emit_host_span: [STRACE] v=1 pid=2354859 tid=2354859 inv=8 hid=ec2cdc3bae966a42 depth=2 name=chip.run.bind.prebuilt ts=7174521857159570 dur=4690 
[mono_ns=7174521857172960][T0xf5e8e80ab020][TIMING] emit_host_span: [STRACE] v=1 pid=2354859 tid=2354859 inv=8 hid=ec2cdc3bae966a42 depth=1 name=chip.run.bind ts=7174521857034739 dur=135931 
[mono_ns=7174521859460163][T0xf5e78284cca0][WARN] copy_aicore_buffer: [chip_swimlane_collector.cpp:689] Core 0: skipped 1024 AICore record slot(s) with start_time=0 (race-window write or recycled-buffer tail). buf seq=0 count=1024
[mono_ns=7174521859528923][T0xf5e78182cca0][WARN] copy_aicore_buffer: [chip_swimlane_collector.cpp:689] Core 2: skipped 1024 AICore record slot(s) with start_time=0 (race-window write or recycled-buffer tail). buf seq=0 count=1024
[mono_ns=7174521859546593][T0xf5e78203cca0][WARN] copy_aicore_buffer: [chip_swimlane_collector.cpp:689] Core 1: skipped 1024 AICore record slot(s) with start_time=0 (race-window write or recycled-buffer tail). buf seq=0 count=1024
[mono_ns=7174521859803555][T0xf5e78284cca0][WARN] copy_aicore_buffer: [chip_swimlane_collector.cpp:689] Core 24: skipped 1022 AICore record slot(s) with start_time=0 (race-window write or recycled-buffer tail). buf seq=0 count=1024
[mono_ns=7174521859901185][T0xf5e78182cca0][WARN] copy_aicore_buffer: [chip_swimlane_collector.cpp:689] Core 28: skipped 1023 AICore record slot(s) with start_time=0 (race-window write or recycled-buffer tail). buf seq=0 count=1024
[mono_ns=7174521859948066][T0xf5e78203cca0][WARN] copy_aicore_buffer: [chip_swimlane_collector.cpp:689] Core 26: skipped 1024 AICore record slot(s) with start_time=0 (race-window write or recycled-buffer tail). buf seq=0 count=1024
[mono_ns=7174521860136347][T0xf5e78284cca0][WARN] copy_aicore_buffer: [chip_swimlane_collector.cpp:689] Core 25: skipped 1024 AICore record slot(s) with start_time=0 (race-window write or recycled-buffer tail). buf seq=0 count=1024
[mono_ns=7174521860268207][T0xf5e78182cca0][WARN] copy_aicore_buffer: [chip_swimlane_collector.cpp:689] Core 29: skipped 1024 AICore record slot(s) with start_time=0 (race-window write or recycled-buffer tail). buf seq=0 count=1024
[mono_ns=7174521860295118][T0xf5e78203cca0][WARN] copy_aicore_buffer: [chip_swimlane_collector.cpp:689] Core 27: skipped 1024 AICore record slot(s) with start_time=0 (race-window write or recycled-buffer tail). buf seq=0 count=1024
[mono_ns=7174521860450648][T0xf5e78284cca0][WARN] copy_aicore_buffer: [chip_swimlane_collector.cpp:689] Core 3: skipped 1024 AICore record slot(s) with start_time=0 (race-window write or recycled-buffer tail). buf seq=0 count=1024
[mono_ns=7174521860591849][T0xf5e78182cca0][WARN] copy_aicore_buffer: [chip_swimlane_collector.cpp:689] Core 5: skipped 1024 AICore record slot(s) with start_time=0 (race-window write or recycled-buffer tail). buf seq=0 count=1024
[mono_ns=7174521860622359][T0xf5e78203cca0][WARN] copy_aicore_buffer: [chip_swimlane_collector.cpp:689] Core 4: skipped 1024 AICore record slot(s) with start_time=0 (race-window write or recycled-buffer tail). buf seq=0 count=1024
[mono_ns=7174521860762840][T0xf5e78284cca0][WARN] copy_aicore_buffer: [chip_swimlane_collector.cpp:689] Core 30: skipped 1024 AICore record slot(s) with start_time=0 (race-window write or recycled-buffer tail). buf seq=0 count=1024
[mono_ns=7174521860914611][T0xf5e78182cca0][WARN] copy_aicore_buffer: [chip_swimlane_collector.cpp:689] Core 34: skipped 1024 AICore record slot(s) with start_time=0 (race-window write or recycled-buffer tail). buf seq=0 count=1024
[mono_ns=7174521860948561][T0xf5e78203cca0][WARN] copy_aicore_buffer: [chip_swimlane_collector.cpp:689] Core 32: skipped 1024 AICore record slot(s) with start_time=0 (race-window write or recycled-buffer tail). buf seq=0 count=1024
[mono_ns=7174521861118802][T0xf5e78284cca0][WARN] copy_aicore_buffer: [chip_swimlane_collector.cpp:689] Core 31: skipped 1024 AICore record slot(s) with start_time=0 (race-window write or recycled-buffer tail). buf seq=0 count=1024
[mono_ns=7174521861242323][T0xf5e78182cca0][WARN] copy_aicore_buffer: [chip_swimlane_collector.cpp:689] Core 35: skipped 1024 AICore record slot(s) with start_time=0 (race-window write or recycled-buffer tail). buf seq=0 count=1024
[mono_ns=7174521861280833][T0xf5e78203cca0][WARN] copy_aicore_buffer: [chip_swimlane_collector.cpp:689] Core 33: skipped 1024 AICore record slot(s) with start_time=0 (race-window write or recycled-buffer tail). buf seq=0 count=1024
[mono_ns=7174521861431764][T0xf5e78284cca0][WARN] copy_aicore_buffer: [chip_swimlane_collector.cpp:689] Core 6: skipped 1024 AICore record slot(s) with start_time=0 (race-window write or recycled-buffer tail). buf seq=0 count=1024
[mono_ns=7174521861564765][T0xf5e78182cca0][WARN] copy_aicore_buffer: [chip_swimlane_collector.cpp:689] Core 8: skipped 1024 AICore record slot(s) with start_time=0 (race-window write or recycled-buffer tail). buf seq=0 count=1024
[mono_ns=7174521861606685][T0xf5e78203cca0][WARN] copy_aicore_buffer: [chip_swimlane_collector.cpp:689] Core 7: skipped 1024 AICore record slot(s) with start_time=0 (race-window write or recycled-buffer tail). buf seq=0 count=1024
[mono_ns=7174521861742866][T0xf5e78284cca0][WARN] copy_aicore_buffer: [chip_swimlane_collector.cpp:689] Core 36: skipped 1024 AICore record slot(s) with start_time=0 (race-window write or recycled-buffer tail). buf seq=0 count=1024
[mono_ns=7174521861886017][T0xf5e78182cca0][WARN] copy_aicore_buffer: [chip_swimlane_collector.cpp:689] Core 40: skipped 1024 AICore record slot(s) with start_time=0 (race-window write or recycled-buffer tail). buf seq=0 count=1024
[mono_ns=7174521861932077][T0xf5e78203cca0][WARN] copy_aicore_buffer: [chip_swimlane_collector.cpp:689] Core 38: skipped 1024 AICore record slot(s) with start_time=0 (race-window write or recycled-buffer tail). buf seq=0 count=1024
[mono_ns=7174521862084828][T0xf5e78284cca0][WARN] copy_aicore_buffer: [chip_swimlane_collector.cpp:689] Core 37: skipped 1024 AICore record slot(s) with start_time=0 (race-window write or recycled-buffer tail). buf seq=0 count=1024
[mono_ns=7174521862218989][T0xf5e78182cca0][WARN] copy_aicore_buffer: [chip_swimlane_collector.cpp:689] Core 41: skipped 1024 AICore record slot(s) with start_time=0 (race-window write or recycled-buffer tail). buf seq=0 count=1024
[mono_ns=7174521862269079][T0xf5e78203cca0][WARN] copy_aicore_buffer: [chip_swimlane_collector.cpp:689] Core 39: skipped 1024 AICore record slot(s) with start_time=0 (race-window write or recycled-buffer tail). buf seq=0 count=1024
[mono_ns=7174521862399140][T0xf5e78284cca0][WARN] copy_aicore_buffer: [chip_swimlane_collector.cpp:689] Core 9: skipped 1024 AICore record slot(s) with start_time=0 (race-window write or recycled-buffer tail). buf seq=0 count=1024
[mono_ns=7174521862540850][T0xf5e78182cca0][WARN] copy_aicore_buffer: [chip_swimlane_collector.cpp:689] Core 11: skipped 1024 AICore record slot(s) with start_time=0 (race-window write or recycled-buffer tail). buf seq=0 count=1024
[mono_ns=7174521862594771][T0xf5e78203cca0][WARN] copy_aicore_buffer: [chip_swimlane_collector.cpp:689] Core 10: skipped 1024 AICore record slot(s) with start_time=0 (race-window write or recycled-buffer tail). buf seq=0 count=1024
[mono_ns=7174521862710581][T0xf5e78284cca0][WARN] copy_aicore_buffer: [chip_swimlane_collector.cpp:689] Core 42: skipped 1024 AICore record slot(s) with start_time=0 (race-window write or recycled-buffer tail). buf seq=0 count=1024
[mono_ns=7174521862861242][T0xf5e78182cca0][WARN] copy_aicore_buffer: [chip_swimlane_collector.cpp:689] Core 46: skipped 1024 AICore record slot(s) with start_time=0 (race-window write or recycled-buffer tail). buf seq=0 count=1024
[mono_ns=7174521862919093][T0xf5e78203cca0][WARN] copy_aicore_buffer: [chip_swimlane_collector.cpp:689] Core 44: skipped 1024 AICore record slot(s) with start_time=0 (race-window write or recycled-buffer tail). buf seq=0 count=1024
[mono_ns=7174521863034803][T0xf5e78284cca0][WARN] copy_aicore_buffer: [chip_swimlane_collector.cpp:689] Core 43: skipped 1024 AICore record slot(s) with start_time=0 (race-window write or recycled-buffer tail). buf seq=0 count=1024
[mono_ns=7174521863192874][T0xf5e78182cca0][WARN] copy_aicore_buffer: [chip_swimlane_collector.cpp:689] Core 47: skipped 1024 AICore record slot(s) with start_time=0 (race-window write or recycled-buffer tail). buf seq=0 count=1024
[mono_ns=7174521863254134][T0xf5e78203cca0][WARN] copy_aicore_buffer: [chip_swimlane_collector.cpp:689] Core 45: skipped 1024 AICore record slot(s) with start_time=0 (race-window write or recycled-buffer tail). buf seq=0 count=1024
[mono_ns=7174521863346405][T0xf5e78284cca0][WARN] copy_aicore_buffer: [chip_swimlane_collector.cpp:689] Core 12: skipped 1024 AICore record slot(s) with start_time=0 (race-window write or recycled-buffer tail). buf seq=0 count=1024
[mono_ns=7174521863514836][T0xf5e78182cca0][WARN] copy_aicore_buffer: [chip_swimlane_collector.cpp:689] Core 14: skipped 1024 AICore record slot(s) with start_time=0 (race-window write or recycled-buffer tail). buf seq=0 count=1024
[mono_ns=7174521863578646][T0xf5e78203cca0][WARN] copy_aicore_buffer: [chip_swimlane_collector.cpp:689] Core 13: skipped 1024 AICore record slot(s) with start_time=0 (race-window write or recycled-buffer tail). buf seq=0 count=1024
[mono_ns=7174521863658257][T0xf5e78284cca0][WARN] copy_aicore_buffer: [chip_swimlane_collector.cpp:689] Core 48: skipped 1024 AICore record slot(s) with start_time=0 (race-window write or recycled-buffer tail). buf seq=0 count=1024
[mono_ns=7174521863836078][T0xf5e78182cca0][WARN] copy_aicore_buffer: [chip_swimlane_collector.cpp:689] Core 52: skipped 1024 AICore record slot(s) with start_time=0 (race-window write or recycled-buffer tail). buf seq=0 count=1024
[mono_ns=7174521863902788][T0xf5e78203cca0][WARN] copy_aicore_buffer: [chip_swimlane_collector.cpp:689] Core 50: skipped 1024 AICore record slot(s) with start_time=0 (race-window write or recycled-buffer tail). buf seq=0 count=1024
[mono_ns=7174521863969639][T0xf5e78284cca0][WARN] copy_aicore_buffer: [chip_swimlane_collector.cpp:689] Core 49: skipped 1024 AICore record slot(s) with start_time=0 (race-window write or recycled-buffer tail). buf seq=0 count=1024
[mono_ns=7174521864166020][T0xf5e78182cca0][WARN] copy_aicore_buffer: [chip_swimlane_collector.cpp:689] Core 53: skipped 1024 AICore record slot(s) with start_time=0 (race-window write or recycled-buffer tail). buf seq=0 count=1024
[mono_ns=7174521864236450][T0xf5e78203cca0][WARN] copy_aicore_buffer: [chip_swimlane_collector.cpp:689] Core 51: skipped 1024 AICore record slot(s) with start_time=0 (race-window write or recycled-buffer tail). buf seq=0 count=1024
[mono_ns=7174521864287570][T0xf5e78284cca0][WARN] copy_aicore_buffer: [chip_swimlane_collector.cpp:689] Core 15: skipped 1024 AICore record slot(s) with start_time=0 (race-window write or recycled-buffer tail). buf seq=0 count=1024
[mono_ns=7174521864489611][T0xf5e78182cca0][WARN] copy_aicore_buffer: [chip_swimlane_collector.cpp:689] Core 17: skipped 1024 AICore record slot(s) with start_time=0 (race-window write or recycled-buffer tail). buf seq=0 count=1024
[mono_ns=7174521864561012][T0xf5e78203cca0][WARN] copy_aicore_buffer: [chip_swimlane_collector.cpp:689] Core 16: skipped 1024 AICore record slot(s) with start_time=0 (race-window write or recycled-buffer tail). buf seq=0 count=1024
[mono_ns=7174521864599982][T0xf5e78284cca0][WARN] copy_aicore_buffer: [chip_swimlane_collector.cpp:689] Core 54: skipped 1024 AICore record slot(s) with start_time=0 (race-window write or recycled-buffer tail). buf seq=0 count=1024
[mono_ns=7174521864812153][T0xf5e78182cca0][WARN] copy_aicore_buffer: [chip_swimlane_collector.cpp:689] Core 58: skipped 1024 AICore record slot(s) with start_time=0 (race-window write or recycled-buffer tail). buf seq=0 count=1024
[mono_ns=7174521864886654][T0xf5e78203cca0][WARN] copy_aicore_buffer: [chip_swimlane_collector.cpp:689] Core 56: skipped 1024 AICore record slot(s) with start_time=0 (race-window write or recycled-buffer tail). buf seq=0 count=1024
[mono_ns=7174521864912694][T0xf5e78284cca0][WARN] copy_aicore_buffer: [chip_swimlane_collector.cpp:689] Core 55: skipped 1024 AICore record slot(s) with start_time=0 (race-window write or recycled-buffer tail). buf seq=0 count=1024
[mono_ns=7174521865147265][T0xf5e78182cca0][WARN] copy_aicore_buffer: [chip_swimlane_collector.cpp:689] Core 59: skipped 1024 AICore record slot(s) with start_time=0 (race-window write or recycled-buffer tail). buf seq=0 count=1024
[mono_ns=7174521865216176][T0xf5e78203cca0][WARN] copy_aicore_buffer: [chip_swimlane_collector.cpp:689] Core 57: skipped 1024 AICore record slot(s) with start_time=0 (race-window write or recycled-buffer tail). buf seq=0 count=1024
[mono_ns=7174521865266086][T0xf5e78284cca0][WARN] copy_aicore_buffer: [chip_swimlane_collector.cpp:689] Core 18: skipped 1024 AICore record slot(s) with start_time=0 (race-window write or recycled-buffer tail). buf seq=0 count=1024
[mono_ns=7174521865469017][T0xf5e78182cca0][WARN] copy_aicore_buffer: [chip_swimlane_collector.cpp:689] Core 20: skipped 1024 AICore record slot(s) with start_time=0 (race-window write or recycled-buffer tail). buf seq=0 count=1024
[mono_ns=7174521865541437][T0xf5e78203cca0][WARN] copy_aicore_buffer: [chip_swimlane_collector.cpp:689] Core 19: skipped 1024 AICore record slot(s) with start_time=0 (race-window write or recycled-buffer tail). buf seq=0 count=1024
[mono_ns=7174521865577358][T0xf5e78284cca0][WARN] copy_aicore_buffer: [chip_swimlane_collector.cpp:689] Core 60: skipped 1024 AICore record slot(s) with start_time=0 (race-window write or recycled-buffer tail). buf seq=0 count=1024
[mono_ns=7174521865791089][T0xf5e78182cca0][WARN] copy_aicore_buffer: [chip_swimlane_collector.cpp:689] Core 64: skipped 1024 AICore record slot(s) with start_time=0 (race-window write or recycled-buffer tail). buf seq=0 count=1024
[mono_ns=7174521865865609][T0xf5e78203cca0][WARN] copy_aicore_buffer: [chip_swimlane_collector.cpp:689] Core 62: skipped 1024 AICore record slot(s) with start_time=0 (race-window write or recycled-buffer tail). buf seq=0 count=1024
[mono_ns=7174521865889409][T0xf5e78284cca0][WARN] copy_aicore_buffer: [chip_swimlane_collector.cpp:689] Core 61: skipped 1024 AICore record slot(s) with start_time=0 (race-window write or recycled-buffer tail). buf seq=0 count=1024
[mono_ns=7174521866122741][T0xf5e78182cca0][WARN] copy_aicore_buffer: [chip_swimlane_collector.cpp:689] Core 65: skipped 1024 AICore record slot(s) with start_time=0 (race-window write or recycled-buffer tail). buf seq=0 count=1024
[mono_ns=7174521866199931][T0xf5e78203cca0][WARN] copy_aicore_buffer: [chip_swimlane_collector.cpp:689] Core 63: skipped 1024 AICore record slot(s) with start_time=0 (race-window write or recycled-buffer tail). buf seq=0 count=1024
[mono_ns=7174521866211051][T0xf5e78284cca0][WARN] copy_aicore_buffer: [chip_swimlane_collector.cpp:689] Core 21: skipped 1024 AICore record slot(s) with start_time=0 (race-window write or recycled-buffer tail). buf seq=0 count=1024
[mono_ns=7174521866444453][T0xf5e78182cca0][WARN] copy_aicore_buffer: [chip_swimlane_collector.cpp:689] Core 23: skipped 1024 AICore record slot(s) with start_time=0 (race-window write or recycled-buffer tail). buf seq=0 count=1024
[mono_ns=7174521866518003][T0xf5e78284cca0][WARN] copy_aicore_buffer: [chip_swimlane_collector.cpp:689] Core 66: skipped 1024 AICore record slot(s) with start_time=0 (race-window write or recycled-buffer tail). buf seq=0 count=1024
[mono_ns=7174521866525753][T0xf5e78203cca0][WARN] copy_aicore_buffer: [chip_swimlane_collector.cpp:689] Core 22: skipped 1024 AICore record slot(s) with start_time=0 (race-window write or recycled-buffer tail). buf seq=0 count=1024
[mono_ns=7174521866764924][T0xf5e78182cca0][WARN] copy_aicore_buffer: [chip_swimlane_collector.cpp:689] Core 70: skipped 1024 AICore record slot(s) with start_time=0 (race-window write or recycled-buffer tail). buf seq=0 count=1024
[mono_ns=7174521866830595][T0xf5e78284cca0][WARN] copy_aicore_buffer: [chip_swimlane_collector.cpp:689] Core 67: skipped 1024 AICore record slot(s) with start_time=0 (race-window write or recycled-buffer tail). buf seq=0 count=1024
[mono_ns=7174521866848595][T0xf5e78203cca0][WARN] copy_aicore_buffer: [chip_swimlane_collector.cpp:689] Core 68: skipped 1024 AICore record slot(s) with start_time=0 (race-window write or recycled-buffer tail). buf seq=0 count=1024
[mono_ns=7174521867102956][T0xf5e78182cca0][WARN] copy_aicore_buffer: [chip_swimlane_collector.cpp:689] Core 71: skipped 1024 AICore record slot(s) with start_time=0 (race-window write or recycled-buffer tail). buf seq=0 count=1024
[mono_ns=7174521867192947][T0xf5e78203cca0][WARN] copy_aicore_buffer: [chip_swimlane_collector.cpp:689] Core 69: skipped 1024 AICore record slot(s) with start_time=0 (race-window write or recycled-buffer tail). buf seq=0 count=1024
[mono_ns=7174521968095203][T0xf5e8e80ab020][TIMING] emit_host_span: [STRACE] v=1 pid=2354859 tid=2354859 inv=8 hid=ec2cdc3bae966a42 depth=1 name=chip.run.runner_run ts=7174521858201206 dur=109882627 
[mono_ns=7174521968178713][T0xf5e8e80ab020][TIMING] emit_host_span: [STRACE] v=1 pid=2354859 tid=2354859 inv=8 hid=ec2cdc3bae966a42 depth=1 name=chip.run.validate ts=7174521968110013 dur=64710 
[mono_ns=7174521968189643][T0xf5e8e80ab020][TIMING] emit_host_span: [STRACE] v=1 pid=2354859 tid=2354859 inv=8 hid=ec2cdc3bae966a42 depth=2 name=chip.run.runner_run.device_wall ts=0 dur=655660 clk=dev
[mono_ns=7174521968225433][T0xf5e8e80ab020][TIMING] emit_host_span: [STRACE] v=1 pid=2354859 tid=2354859 inv=8 hid=ec2cdc3bae966a42 depth=3 name=chip.run.runner_run.device_wall.preamble ts=0 dur=108620 clk=dev
[mono_ns=7174521968230014][T0xf5e8e80ab020][TIMING] emit_host_span: [STRACE] v=1 pid=2354859 tid=2354859 inv=8 hid=ec2cdc3bae966a42 depth=3 name=chip.run.runner_run.device_wall.graph_build ts=104640 dur=540020 clk=dev
[mono_ns=7174521968234164][T0xf5e8e80ab020][TIMING] emit_host_span: [STRACE] v=1 pid=2354859 tid=2354859 inv=8 hid=ec2cdc3bae966a42 depth=3 name=chip.run.runner_run.device_wall.config_validate ts=104740 dur=740 clk=dev
[mono_ns=7174521968239544][T0xf5e8e80ab020][TIMING] emit_host_span: [STRACE] v=1 pid=2354859 tid=2354859 inv=8 hid=ec2cdc3bae966a42 depth=3 name=chip.run.runner_run.device_wall.arena_wire ts=105500 dur=280 clk=dev
[mono_ns=7174521968243404][T0xf5e8e80ab020][TIMING] emit_host_span: [STRACE] v=1 pid=2354859 tid=2354859 inv=8 hid=ec2cdc3bae966a42 depth=3 name=chip.run.runner_run.device_wall.sm_reset ts=105820 dur=480 clk=dev
[mono_ns=7174521968247244][T0xf5e8e80ab020][TIMING] emit_host_span: [STRACE] v=1 pid=2354859 tid=2354859 inv=8 hid=ec2cdc3bae966a42 depth=3 name=chip.run.runner_run.device_wall.post_orch ts=644700 dur=10820 clk=dev
[mono_ns=7174521968251124][T0xf5e8e80ab020][TIMING] emit_host_span: [STRACE] v=1 pid=2354859 tid=2354859 inv=8 hid=ec2cdc3bae966a42 depth=3 name=chip.run.runner_run.device_wall.orch ts=106340 dur=3280 clk=dev
[mono_ns=7174521968254964][T0xf5e8e80ab020][TIMING] emit_host_span: [STRACE] v=1 pid=2354859 tid=2354859 inv=8 hid=ec2cdc3bae966a42 depth=3 name=chip.run.runner_run.device_wall.sched ts=108740 dur=510400 clk=dev
[mono_ns=7174521968281094][T0xf5e8e80ab020][TIMING] emit_host_span: [STRACE] v=1 pid=2354859 tid=2354859 inv=8 hid=ec2cdc3bae966a42 depth=1 name=chip.run.claim_release ts=7174521968278614 dur=420 
[mono_ns=7174521968287144][T0xf5e8e80ab020][TIMING] emit_host_span: [STRACE] v=1 pid=2354859 tid=2354859 inv=8 hid=ec2cdc3bae966a42 depth=0 name=chip.run ts=7174521856982309 dur=111302795 run_id=8 dispatch_id=8 slot_id=0 generation=8 run_epoch=8
[mono_ns=7174524391643623][T0xf5e8e80ab020][TIMING] emit_host_span: [STRACE] v=1 pid=2354859 tid=2354859 inv=9 hid=ec2cdc3bae966a42 depth=2 name=chip.run.bind.args ts=7174524391424632 dur=208931 
[mono_ns=7174524391665523][T0xf5e8e80ab020][TIMING] emit_host_span: [STRACE] v=1 pid=2354859 tid=2354859 inv=9 hid=ec2cdc3bae966a42 depth=2 name=chip.run.bind.prebuilt ts=7174524391658083 dur=4790 
[mono_ns=7174524391671653][T0xf5e8e80ab020][TIMING] emit_host_span: [STRACE] v=1 pid=2354859 tid=2354859 inv=9 hid=ec2cdc3bae966a42 depth=1 name=chip.run.bind ts=7174524391410702 dur=257951 
[mono_ns=7174524496641222][T0xf5e8e80ab020][TIMING] emit_host_span: [STRACE] v=1 pid=2354859 tid=2354859 inv=9 hid=ec2cdc3bae966a42 depth=1 name=chip.run.runner_run ts=7174524392013225 dur=104610767 
[mono_ns=7174524496731453][T0xf5e8e80ab020][TIMING] emit_host_span: [STRACE] v=1 pid=2354859 tid=2354859 inv=9 hid=ec2cdc3bae966a42 depth=1 name=chip.run.validate ts=7174524496657962 dur=69561 
[mono_ns=7174524496744193][T0xf5e8e80ab020][TIMING] emit_host_span: [STRACE] v=1 pid=2354859 tid=2354859 inv=9 hid=ec2cdc3bae966a42 depth=2 name=chip.run.runner_run.device_wall ts=0 dur=2103720 clk=dev
[mono_ns=7174524496809873][T0xf5e8e80ab020][TIMING] emit_host_span: [STRACE] v=1 pid=2354859 tid=2354859 inv=9 hid=ec2cdc3bae966a42 depth=3 name=chip.run.runner_run.device_wall.preamble ts=0 dur=5439 clk=dev
[mono_ns=7174524496814053][T0xf5e8e80ab020][TIMING] emit_host_span: [STRACE] v=1 pid=2354859 tid=2354859 inv=9 hid=ec2cdc3bae966a42 depth=3 name=chip.run.runner_run.device_wall.graph_build ts=1140 dur=2091920 clk=dev
[mono_ns=7174524496817643][T0xf5e8e80ab020][TIMING] emit_host_span: [STRACE] v=1 pid=2354859 tid=2354859 inv=9 hid=ec2cdc3bae966a42 depth=3 name=chip.run.runner_run.device_wall.config_validate ts=1300 dur=820 clk=dev
[mono_ns=7174524496821633][T0xf5e8e80ab020][TIMING] emit_host_span: [STRACE] v=1 pid=2354859 tid=2354859 inv=9 hid=ec2cdc3bae966a42 depth=3 name=chip.run.runner_run.device_wall.arena_wire ts=2139 dur=580 clk=dev
[mono_ns=7174524496825223][T0xf5e8e80ab020][TIMING] emit_host_span: [STRACE] v=1 pid=2354859 tid=2354859 inv=9 hid=ec2cdc3bae966a42 depth=3 name=chip.run.runner_run.device_wall.sm_reset ts=2740 dur=940 clk=dev
[mono_ns=7174524496828943][T0xf5e8e80ab020][TIMING] emit_host_span: [STRACE] v=1 pid=2354859 tid=2354859 inv=9 hid=ec2cdc3bae966a42 depth=3 name=chip.run.runner_run.device_wall.post_orch ts=2093120 dur=10380 clk=dev
[mono_ns=7174524496832593][T0xf5e8e80ab020][TIMING] emit_host_span: [STRACE] v=1 pid=2354859 tid=2354859 inv=9 hid=ec2cdc3bae966a42 depth=3 name=chip.run.runner_run.device_wall.orch ts=4220 dur=8000 clk=dev
[mono_ns=7174524496836203][T0xf5e8e80ab020][TIMING] emit_host_span: [STRACE] v=1 pid=2354859 tid=2354859 inv=9 hid=ec2cdc3bae966a42 depth=3 name=chip.run.runner_run.device_wall.sched ts=5580 dur=2079500 clk=dev
[mono_ns=7174524496865553][T0xf5e8e80ab020][TIMING] emit_host_span: [STRACE] v=1 pid=2354859 tid=2354859 inv=9 hid=ec2cdc3bae966a42 depth=1 name=chip.run.claim_release ts=7174524496862953 dur=530 
[mono_ns=7174524496871873][T0xf5e8e80ab020][TIMING] emit_host_span: [STRACE] v=1 pid=2354859 tid=2354859 inv=9 hid=ec2cdc3bae966a42 depth=0 name=chip.run ts=7174524391275801 dur=105593502 run_id=9 dispatch_id=9 slot_id=0 generation=9 run_epoch=9
[mono_ns=7174524506845530][T0xf5e8e80ab020][TIMING] emit_host_span: [STRACE] v=1 pid=2354859 tid=2354859 inv=10 hid=ec2cdc3bae966a42 depth=2 name=chip.run.bind.args ts=7174524506744340 dur=95360 
[mono_ns=7174524506865111][T0xf5e8e80ab020][TIMING] emit_host_span: [STRACE] v=1 pid=2354859 tid=2354859 inv=10 hid=ec2cdc3bae966a42 depth=2 name=chip.run.bind.prebuilt ts=7174524506857390 dur=5220 
[mono_ns=7174524506870061][T0xf5e8e80ab020][TIMING] emit_host_span: [STRACE] v=1 pid=2354859 tid=2354859 inv=10 hid=ec2cdc3bae966a42 depth=1 name=chip.run.bind ts=7174524506732580 dur=135351 
[mono_ns=7174524510254410][T0xf5e78284cca0][WARN] copy_aicore_buffer: [chip_swimlane_collector.cpp:689] Core 0: skipped 1024 AICore record slot(s) with start_time=0 (race-window write or recycled-buffer tail). buf seq=0 count=1024
[mono_ns=7174524510254820][T0xf5e78203cca0][WARN] copy_aicore_buffer: [chip_swimlane_collector.cpp:689] Core 1: skipped 1024 AICore record slot(s) with start_time=0 (race-window write or recycled-buffer tail). buf seq=0 count=1024
[mono_ns=7174524510261630][T0xf5e78182cca0][WARN] copy_aicore_buffer: [chip_swimlane_collector.cpp:689] Core 2: skipped 1024 AICore record slot(s) with start_time=0 (race-window write or recycled-buffer tail). buf seq=0 count=1024
[mono_ns=7174524510577052][T0xf5e78284cca0][WARN] copy_aicore_buffer: [chip_swimlane_collector.cpp:689] Core 24: skipped 1023 AICore record slot(s) with start_time=0 (race-window write or recycled-buffer tail). buf seq=0 count=1024
[mono_ns=7174524510598572][T0xf5e78182cca0][WARN] copy_aicore_buffer: [chip_swimlane_collector.cpp:689] Core 28: skipped 1023 AICore record slot(s) with start_time=0 (race-window write or recycled-buffer tail). buf seq=0 count=1024
[mono_ns=7174524510601192][T0xf5e78203cca0][WARN] copy_aicore_buffer: [chip_swimlane_collector.cpp:689] Core 26: skipped 1023 AICore record slot(s) with start_time=0 (race-window write or recycled-buffer tail). buf seq=0 count=1024
[mono_ns=7174524510890723][T0xf5e78284cca0][WARN] copy_aicore_buffer: [chip_swimlane_collector.cpp:689] Core 25: skipped 1024 AICore record slot(s) with start_time=0 (race-window write or recycled-buffer tail). buf seq=0 count=1024
[mono_ns=7174524510921824][T0xf5e78182cca0][WARN] copy_aicore_buffer: [chip_swimlane_collector.cpp:689] Core 29: skipped 1024 AICore record slot(s) with start_time=0 (race-window write or recycled-buffer tail). buf seq=0 count=1024
[mono_ns=7174524510924184][T0xf5e78203cca0][WARN] copy_aicore_buffer: [chip_swimlane_collector.cpp:689] Core 27: skipped 1024 AICore record slot(s) with start_time=0 (race-window write or recycled-buffer tail). buf seq=0 count=1024
[mono_ns=7174524511211915][T0xf5e78284cca0][WARN] copy_aicore_buffer: [chip_swimlane_collector.cpp:689] Core 3: skipped 1024 AICore record slot(s) with start_time=0 (race-window write or recycled-buffer tail). buf seq=0 count=1024
[mono_ns=7174524511251186][T0xf5e78182cca0][WARN] copy_aicore_buffer: [chip_swimlane_collector.cpp:689] Core 5: skipped 1024 AICore record slot(s) with start_time=0 (race-window write or recycled-buffer tail). buf seq=0 count=1024
[mono_ns=7174524511254526][T0xf5e78203cca0][WARN] copy_aicore_buffer: [chip_swimlane_collector.cpp:689] Core 4: skipped 1024 AICore record slot(s) with start_time=0 (race-window write or recycled-buffer tail). buf seq=0 count=1024
[mono_ns=7174524511566277][T0xf5e78284cca0][WARN] copy_aicore_buffer: [chip_swimlane_collector.cpp:689] Core 30: skipped 1024 AICore record slot(s) with start_time=0 (race-window write or recycled-buffer tail). buf seq=0 count=1024
[mono_ns=7174524511575737][T0xf5e78182cca0][WARN] copy_aicore_buffer: [chip_swimlane_collector.cpp:689] Core 34: skipped 1024 AICore record slot(s) with start_time=0 (race-window write or recycled-buffer tail). buf seq=0 count=1024
[mono_ns=7174524511578717][T0xf5e78203cca0][WARN] copy_aicore_buffer: [chip_swimlane_collector.cpp:689] Core 32: skipped 1024 AICore record slot(s) with start_time=0 (race-window write or recycled-buffer tail). buf seq=0 count=1024
[mono_ns=7174524511877969][T0xf5e78284cca0][WARN] copy_aicore_buffer: [chip_swimlane_collector.cpp:689] Core 31: skipped 1024 AICore record slot(s) with start_time=0 (race-window write or recycled-buffer tail). buf seq=0 count=1024
[mono_ns=7174524511899079][T0xf5e78203cca0][WARN] copy_aicore_buffer: [chip_swimlane_collector.cpp:689] Core 33: skipped 1024 AICore record slot(s) with start_time=0 (race-window write or recycled-buffer tail). buf seq=0 count=1024
[mono_ns=7174524511903079][T0xf5e78182cca0][WARN] copy_aicore_buffer: [chip_swimlane_collector.cpp:689] Core 35: skipped 1024 AICore record slot(s) with start_time=0 (race-window write or recycled-buffer tail). buf seq=0 count=1024
[mono_ns=7174524512197431][T0xf5e78284cca0][WARN] copy_aicore_buffer: [chip_swimlane_collector.cpp:689] Core 6: skipped 1024 AICore record slot(s) with start_time=0 (race-window write or recycled-buffer tail). buf seq=0 count=1024
[mono_ns=7174524512230741][T0xf5e78203cca0][WARN] copy_aicore_buffer: [chip_swimlane_collector.cpp:689] Core 7: skipped 1024 AICore record slot(s) with start_time=0 (race-window write or recycled-buffer tail). buf seq=0 count=1024
[mono_ns=7174524512233941][T0xf5e78182cca0][WARN] copy_aicore_buffer: [chip_swimlane_collector.cpp:689] Core 8: skipped 1024 AICore record slot(s) with start_time=0 (race-window write or recycled-buffer tail). buf seq=0 count=1024
[mono_ns=7174524512509613][T0xf5e78284cca0][WARN] copy_aicore_buffer: [chip_swimlane_collector.cpp:689] Core 36: skipped 1024 AICore record slot(s) with start_time=0 (race-window write or recycled-buffer tail). buf seq=0 count=1024
[mono_ns=7174524512556173][T0xf5e78203cca0][WARN] copy_aicore_buffer: [chip_swimlane_collector.cpp:689] Core 38: skipped 1024 AICore record slot(s) with start_time=0 (race-window write or recycled-buffer tail). buf seq=0 count=1024
[mono_ns=7174524512559973][T0xf5e78182cca0][WARN] copy_aicore_buffer: [chip_swimlane_collector.cpp:689] Core 40: skipped 1022 AICore record slot(s) with start_time=0 (race-window write or recycled-buffer tail). buf seq=0 count=1024
[mono_ns=7174524512820074][T0xf5e78284cca0][WARN] copy_aicore_buffer: [chip_swimlane_collector.cpp:689] Core 37: skipped 1024 AICore record slot(s) with start_time=0 (race-window write or recycled-buffer tail). buf seq=0 count=1024
[mono_ns=7174524512881075][T0xf5e78203cca0][WARN] copy_aicore_buffer: [chip_swimlane_collector.cpp:689] Core 39: skipped 1024 AICore record slot(s) with start_time=0 (race-window write or recycled-buffer tail). buf seq=0 count=1024
[mono_ns=7174524512883175][T0xf5e78182cca0][WARN] copy_aicore_buffer: [chip_swimlane_collector.cpp:689] Core 41: skipped 1024 AICore record slot(s) with start_time=0 (race-window write or recycled-buffer tail). buf seq=0 count=1024
[mono_ns=7174524513141556][T0xf5e78284cca0][WARN] copy_aicore_buffer: [chip_swimlane_collector.cpp:689] Core 9: skipped 1023 AICore record slot(s) with start_time=0 (race-window write or recycled-buffer tail). buf seq=0 count=1024
[mono_ns=7174524513213707][T0xf5e78182cca0][WARN] copy_aicore_buffer: [chip_swimlane_collector.cpp:689] Core 11: skipped 1024 AICore record slot(s) with start_time=0 (race-window write or recycled-buffer tail). buf seq=0 count=1024
[mono_ns=7174524513221217][T0xf5e78203cca0][WARN] copy_aicore_buffer: [chip_swimlane_collector.cpp:689] Core 10: skipped 1024 AICore record slot(s) with start_time=0 (race-window write or recycled-buffer tail). buf seq=0 count=1024
[mono_ns=7174524513453588][T0xf5e78284cca0][WARN] copy_aicore_buffer: [chip_swimlane_collector.cpp:689] Core 42: skipped 1024 AICore record slot(s) with start_time=0 (race-window write or recycled-buffer tail). buf seq=0 count=1024
[mono_ns=7174524513534919][T0xf5e78182cca0][WARN] copy_aicore_buffer: [chip_swimlane_collector.cpp:689] Core 46: skipped 1024 AICore record slot(s) with start_time=0 (race-window write or recycled-buffer tail). buf seq=0 count=1024
[mono_ns=7174524513541819][T0xf5e78203cca0][WARN] copy_aicore_buffer: [chip_swimlane_collector.cpp:689] Core 44: skipped 1024 AICore record slot(s) with start_time=0 (race-window write or recycled-buffer tail). buf seq=0 count=1024
[mono_ns=7174524513765970][T0xf5e78284cca0][WARN] copy_aicore_buffer: [chip_swimlane_collector.cpp:689] Core 43: skipped 1024 AICore record slot(s) with start_time=0 (race-window write or recycled-buffer tail). buf seq=0 count=1024
[mono_ns=7174524513856810][T0xf5e78182cca0][WARN] copy_aicore_buffer: [chip_swimlane_collector.cpp:689] Core 47: skipped 1024 AICore record slot(s) with start_time=0 (race-window write or recycled-buffer tail). buf seq=0 count=1024
[mono_ns=7174524513910371][T0xf5e78203cca0][WARN] copy_aicore_buffer: [chip_swimlane_collector.cpp:689] Core 45: skipped 1024 AICore record slot(s) with start_time=0 (race-window write or recycled-buffer tail). buf seq=0 count=1024
[mono_ns=7174524514101342][T0xf5e78284cca0][WARN] copy_aicore_buffer: [chip_swimlane_collector.cpp:689] Core 12: skipped 1024 AICore record slot(s) with start_time=0 (race-window write or recycled-buffer tail). buf seq=0 count=1024
[mono_ns=7174524514195842][T0xf5e78182cca0][WARN] copy_aicore_buffer: [chip_swimlane_collector.cpp:689] Core 14: skipped 1024 AICore record slot(s) with start_time=0 (race-window write or recycled-buffer tail). buf seq=0 count=1024
[mono_ns=7174524514245803][T0xf5e78203cca0][WARN] copy_aicore_buffer: [chip_swimlane_collector.cpp:689] Core 13: skipped 1024 AICore record slot(s) with start_time=0 (race-window write or recycled-buffer tail). buf seq=0 count=1024
[mono_ns=7174524514413314][T0xf5e78284cca0][WARN] copy_aicore_buffer: [chip_swimlane_collector.cpp:689] Core 48: skipped 1024 AICore record slot(s) with start_time=0 (race-window write or recycled-buffer tail). buf seq=0 count=1024
[mono_ns=7174524514518154][T0xf5e78182cca0][WARN] copy_aicore_buffer: [chip_swimlane_collector.cpp:689] Core 52: skipped 1024 AICore record slot(s) with start_time=0 (race-window write or recycled-buffer tail). buf seq=0 count=1024
[mono_ns=7174524514570674][T0xf5e78203cca0][WARN] copy_aicore_buffer: [chip_swimlane_collector.cpp:689] Core 50: skipped 1024 AICore record slot(s) with start_time=0 (race-window write or recycled-buffer tail). buf seq=0 count=1024
[mono_ns=7174524514724575][T0xf5e78284cca0][WARN] copy_aicore_buffer: [chip_swimlane_collector.cpp:689] Core 49: skipped 1024 AICore record slot(s) with start_time=0 (race-window write or recycled-buffer tail). buf seq=0 count=1024
[mono_ns=7174524514842976][T0xf5e78182cca0][WARN] copy_aicore_buffer: [chip_swimlane_collector.cpp:689] Core 53: skipped 1024 AICore record slot(s) with start_time=0 (race-window write or recycled-buffer tail). buf seq=0 count=1024
[mono_ns=7174524514896136][T0xf5e78203cca0][WARN] copy_aicore_buffer: [chip_swimlane_collector.cpp:689] Core 51: skipped 1024 AICore record slot(s) with start_time=0 (race-window write or recycled-buffer tail). buf seq=0 count=1024
[mono_ns=7174524515048237][T0xf5e78284cca0][WARN] copy_aicore_buffer: [chip_swimlane_collector.cpp:689] Core 15: skipped 1024 AICore record slot(s) with start_time=0 (race-window write or recycled-buffer tail). buf seq=0 count=1024
[mono_ns=7174524515170318][T0xf5e78182cca0][WARN] copy_aicore_buffer: [chip_swimlane_collector.cpp:689] Core 17: skipped 1024 AICore record slot(s) with start_time=0 (race-window write or recycled-buffer tail). buf seq=0 count=1024
[mono_ns=7174524515234578][T0xf5e78203cca0][WARN] copy_aicore_buffer: [chip_swimlane_collector.cpp:689] Core 16: skipped 1024 AICore record slot(s) with start_time=0 (race-window write or recycled-buffer tail). buf seq=0 count=1024
[mono_ns=7174524515359479][T0xf5e78284cca0][WARN] copy_aicore_buffer: [chip_swimlane_collector.cpp:689] Core 54: skipped 1024 AICore record slot(s) with start_time=0 (race-window write or recycled-buffer tail). buf seq=0 count=1024
[mono_ns=7174524515491520][T0xf5e78182cca0][WARN] copy_aicore_buffer: [chip_swimlane_collector.cpp:689] Core 58: skipped 1024 AICore record slot(s) with start_time=0 (race-window write or recycled-buffer tail). buf seq=0 count=1024
[mono_ns=7174524515560290][T0xf5e78203cca0][WARN] copy_aicore_buffer: [chip_swimlane_collector.cpp:689] Core 56: skipped 1024 AICore record slot(s) with start_time=0 (race-window write or recycled-buffer tail). buf seq=0 count=1024
[mono_ns=7174524515673241][T0xf5e78284cca0][WARN] copy_aicore_buffer: [chip_swimlane_collector.cpp:689] Core 55: skipped 1024 AICore record slot(s) with start_time=0 (race-window write or recycled-buffer tail). buf seq=0 count=1024
[mono_ns=7174524515812362][T0xf5e78182cca0][WARN] copy_aicore_buffer: [chip_swimlane_collector.cpp:689] Core 59: skipped 1024 AICore record slot(s) with start_time=0 (race-window write or recycled-buffer tail). buf seq=0 count=1024
[mono_ns=7174524515885152][T0xf5e78203cca0][WARN] copy_aicore_buffer: [chip_swimlane_collector.cpp:689] Core 57: skipped 1024 AICore record slot(s) with start_time=0 (race-window write or recycled-buffer tail). buf seq=0 count=1024
[mono_ns=7174524515985153][T0xf5e78284cca0][WARN] copy_aicore_buffer: [chip_swimlane_collector.cpp:689] Core 18: skipped 1024 AICore record slot(s) with start_time=0 (race-window write or recycled-buffer tail). buf seq=0 count=1024
[mono_ns=7174524516142613][T0xf5e78182cca0][WARN] copy_aicore_buffer: [chip_swimlane_collector.cpp:689] Core 20: skipped 1024 AICore record slot(s) with start_time=0 (race-window write or recycled-buffer tail). buf seq=0 count=1024
[mono_ns=7174524516225284][T0xf5e78203cca0][WARN] copy_aicore_buffer: [chip_swimlane_collector.cpp:689] Core 19: skipped 1024 AICore record slot(s) with start_time=0 (race-window write or recycled-buffer tail). buf seq=0 count=1024
[mono_ns=7174524516308794][T0xf5e78284cca0][WARN] copy_aicore_buffer: [chip_swimlane_collector.cpp:689] Core 60: skipped 1024 AICore record slot(s) with start_time=0 (race-window write or recycled-buffer tail). buf seq=0 count=1024
[mono_ns=7174524516463205][T0xf5e78182cca0][WARN] copy_aicore_buffer: [chip_swimlane_collector.cpp:689] Core 64: skipped 1024 AICore record slot(s) with start_time=0 (race-window write or recycled-buffer tail). buf seq=0 count=1024
[mono_ns=7174524516550846][T0xf5e78203cca0][WARN] copy_aicore_buffer: [chip_swimlane_collector.cpp:689] Core 62: skipped 1024 AICore record slot(s) with start_time=0 (race-window write or recycled-buffer tail). buf seq=0 count=1024
[mono_ns=7174524516620396][T0xf5e78284cca0][WARN] copy_aicore_buffer: [chip_swimlane_collector.cpp:689] Core 61: skipped 1024 AICore record slot(s) with start_time=0 (race-window write or recycled-buffer tail). buf seq=0 count=1024
[mono_ns=7174524516783737][T0xf5e78182cca0][WARN] copy_aicore_buffer: [chip_swimlane_collector.cpp:689] Core 65: skipped 1024 AICore record slot(s) with start_time=0 (race-window write or recycled-buffer tail). buf seq=0 count=1024
[mono_ns=7174524516876508][T0xf5e78203cca0][WARN] copy_aicore_buffer: [chip_swimlane_collector.cpp:689] Core 63: skipped 1024 AICore record slot(s) with start_time=0 (race-window write or recycled-buffer tail). buf seq=0 count=1024
[mono_ns=7174524516931758][T0xf5e78284cca0][WARN] copy_aicore_buffer: [chip_swimlane_collector.cpp:689] Core 21: skipped 1024 AICore record slot(s) with start_time=0 (race-window write or recycled-buffer tail). buf seq=0 count=1024
[mono_ns=7174524517111419][T0xf5e78182cca0][WARN] copy_aicore_buffer: [chip_swimlane_collector.cpp:689] Core 23: skipped 1024 AICore record slot(s) with start_time=0 (race-window write or recycled-buffer tail). buf seq=0 count=1024
[mono_ns=7174524517210290][T0xf5e78203cca0][WARN] copy_aicore_buffer: [chip_swimlane_collector.cpp:689] Core 22: skipped 1024 AICore record slot(s) with start_time=0 (race-window write or recycled-buffer tail). buf seq=0 count=1024
[mono_ns=7174524517283790][T0xf5e78284cca0][WARN] copy_aicore_buffer: [chip_swimlane_collector.cpp:689] Core 66: skipped 1024 AICore record slot(s) with start_time=0 (race-window write or recycled-buffer tail). buf seq=0 count=1024
[mono_ns=7174524517432801][T0xf5e78182cca0][WARN] copy_aicore_buffer: [chip_swimlane_collector.cpp:689] Core 70: skipped 1024 AICore record slot(s) with start_time=0 (race-window write or recycled-buffer tail). buf seq=0 count=1024
[mono_ns=7174524517535921][T0xf5e78203cca0][WARN] copy_aicore_buffer: [chip_swimlane_collector.cpp:689] Core 68: skipped 1024 AICore record slot(s) with start_time=0 (race-window write or recycled-buffer tail). buf seq=0 count=1024
[mono_ns=7174524517596442][T0xf5e78284cca0][WARN] copy_aicore_buffer: [chip_swimlane_collector.cpp:689] Core 67: skipped 1024 AICore record slot(s) with start_time=0 (race-window write or recycled-buffer tail). buf seq=0 count=1024
[mono_ns=7174524517752943][T0xf5e78182cca0][WARN] copy_aicore_buffer: [chip_swimlane_collector.cpp:689] Core 71: skipped 1024 AICore record slot(s) with start_time=0 (race-window write or recycled-buffer tail). buf seq=0 count=1024
[mono_ns=7174524517859623][T0xf5e78203cca0][WARN] copy_aicore_buffer: [chip_swimlane_collector.cpp:689] Core 69: skipped 1024 AICore record slot(s) with start_time=0 (race-window write or recycled-buffer tail). buf seq=0 count=1024
[mono_ns=7174524618361497][T0xf5e8e80ab020][TIMING] emit_host_span: [STRACE] v=1 pid=2354859 tid=2354859 inv=10 hid=ec2cdc3bae966a42 depth=1 name=chip.run.runner_run ts=7174524507205352 dur=111149425 
[mono_ns=7174524618436157][T0xf5e8e80ab020][TIMING] emit_host_span: [STRACE] v=1 pid=2354859 tid=2354859 inv=10 hid=ec2cdc3bae966a42 depth=1 name=chip.run.validate ts=7174524618373597 dur=58500 
[mono_ns=7174524618447067][T0xf5e8e80ab020][TIMING] emit_host_span: [STRACE] v=1 pid=2354859 tid=2354859 inv=10 hid=ec2cdc3bae966a42 depth=2 name=chip.run.runner_run.device_wall ts=0 dur=2516399 clk=dev
[mono_ns=7174524618451797][T0xf5e8e80ab020][TIMING] emit_host_span: [STRACE] v=1 pid=2354859 tid=2354859 inv=10 hid=ec2cdc3bae966a42 depth=3 name=chip.run.runner_run.device_wall.preamble ts=0 dur=692620 clk=dev
[mono_ns=7174524618456127][T0xf5e8e80ab020][TIMING] emit_host_span: [STRACE] v=1 pid=2354859 tid=2354859 inv=10 hid=ec2cdc3bae966a42 depth=3 name=chip.run.runner_run.device_wall.graph_build ts=688300 dur=1817880 clk=dev
[mono_ns=7174524618460357][T0xf5e8e80ab020][TIMING] emit_host_span: [STRACE] v=1 pid=2354859 tid=2354859 inv=10 hid=ec2cdc3bae966a42 depth=3 name=chip.run.runner_run.device_wall.config_validate ts=688420 dur=960 clk=dev
[mono_ns=7174524618463437][T0xf5e8e80ab020][TIMING] emit_host_span: [STRACE] v=1 pid=2354859 tid=2354859 inv=10 hid=ec2cdc3bae966a42 depth=3 name=chip.run.runner_run.device_wall.arena_wire ts=689540 dur=380 clk=dev
[mono_ns=7174524618467477][T0xf5e8e80ab020][TIMING] emit_host_span: [STRACE] v=1 pid=2354859 tid=2354859 inv=10 hid=ec2cdc3bae966a42 depth=3 name=chip.run.runner_run.device_wall.sm_reset ts=689940 dur=600 clk=dev
[mono_ns=7174524618505738][T0xf5e8e80ab020][TIMING] emit_host_span: [STRACE] v=1 pid=2354859 tid=2354859 inv=10 hid=ec2cdc3bae966a42 depth=3 name=chip.run.runner_run.device_wall.post_orch ts=2506240 dur=10040 clk=dev
[mono_ns=7174524618508718][T0xf5e8e80ab020][TIMING] emit_host_span: [STRACE] v=1 pid=2354859 tid=2354859 inv=10 hid=ec2cdc3bae966a42 depth=3 name=chip.run.runner_run.device_wall.orch ts=690580 dur=3480 clk=dev
[mono_ns=7174524618512318][T0xf5e8e80ab020][TIMING] emit_host_span: [STRACE] v=1 pid=2354859 tid=2354859 inv=10 hid=ec2cdc3bae966a42 depth=3 name=chip.run.runner_run.device_wall.sched ts=692740 dur=1795060 clk=dev
[mono_ns=7174524618517608][T0xf5e8e80ab020][TIMING] emit_host_span: [STRACE] v=1 pid=2354859 tid=2354859 inv=10 hid=ec2cdc3bae966a42 depth=1 name=chip.run.claim_release ts=7174524618515428 dur=400 
[mono_ns=7174524618522608][T0xf5e8e80ab020][TIMING] emit_host_span: [STRACE] v=1 pid=2354859 tid=2354859 inv=10 hid=ec2cdc3bae966a42 depth=0 name=chip.run ts=7174524506683799 dur=111836649 run_id=10 dispatch_id=10 slot_id=0 generation=10 run_epoch=10
[mono_ns=7174527042027356][T0xf5e8e80ab020][TIMING] emit_host_span: [STRACE] v=1 pid=2354859 tid=2354859 inv=11 hid=ec2cdc3bae966a42 depth=2 name=chip.run.bind.args ts=7174527041835755 dur=183381 
[mono_ns=7174527042055407][T0xf5e8e80ab020][TIMING] emit_host_span: [STRACE] v=1 pid=2354859 tid=2354859 inv=11 hid=ec2cdc3bae966a42 depth=2 name=chip.run.bind.prebuilt ts=7174527042048927 dur=4020 
[mono_ns=7174527042060627][T0xf5e8e80ab020][TIMING] emit_host_span: [STRACE] v=1 pid=2354859 tid=2354859 inv=11 hid=ec2cdc3bae966a42 depth=1 name=chip.run.bind ts=7174527041819825 dur=238442 
[mono_ns=7174527150689236][T0xf5e8e80ab020][TIMING] emit_host_span: [STRACE] v=1 pid=2354859 tid=2354859 inv=11 hid=ec2cdc3bae966a42 depth=1 name=chip.run.runner_run ts=7174527042415909 dur=108259037 
[mono_ns=7174527150789467][T0xf5e8e80ab020][TIMING] emit_host_span: [STRACE] v=1 pid=2354859 tid=2354859 inv=11 hid=ec2cdc3bae966a42 depth=1 name=chip.run.validate ts=7174527150708396 dur=76891 
[mono_ns=7174527150801397][T0xf5e8e80ab020][TIMING] emit_host_span: [STRACE] v=1 pid=2354859 tid=2354859 inv=11 hid=ec2cdc3bae966a42 depth=2 name=chip.run.runner_run.device_wall ts=0 dur=1154240 clk=dev
[mono_ns=7174527150805987][T0xf5e8e80ab020][TIMING] emit_host_span: [STRACE] v=1 pid=2354859 tid=2354859 inv=11 hid=ec2cdc3bae966a42 depth=3 name=chip.run.runner_run.device_wall.preamble ts=0 dur=5840 clk=dev
[mono_ns=7174527150810097][T0xf5e8e80ab020][TIMING] emit_host_span: [STRACE] v=1 pid=2354859 tid=2354859 inv=11 hid=ec2cdc3bae966a42 depth=3 name=chip.run.runner_run.device_wall.graph_build ts=1220 dur=1141960 clk=dev
[mono_ns=7174527150813337][T0xf5e8e80ab020][TIMING] emit_host_span: [STRACE] v=1 pid=2354859 tid=2354859 inv=11 hid=ec2cdc3bae966a42 depth=3 name=chip.run.runner_run.device_wall.config_validate ts=1320 dur=840 clk=dev
[mono_ns=7174527150817407][T0xf5e8e80ab020][TIMING] emit_host_span: [STRACE] v=1 pid=2354859 tid=2354859 inv=11 hid=ec2cdc3bae966a42 depth=3 name=chip.run.runner_run.device_wall.arena_wire ts=2300 dur=640 clk=dev
[mono_ns=7174527150873977][T0xf5e8e80ab020][TIMING] emit_host_span: [STRACE] v=1 pid=2354859 tid=2354859 inv=11 hid=ec2cdc3bae966a42 depth=3 name=chip.run.runner_run.device_wall.sm_reset ts=2980 dur=1120 clk=dev
[mono_ns=7174527150877897][T0xf5e8e80ab020][TIMING] emit_host_span: [STRACE] v=1 pid=2354859 tid=2354859 inv=11 hid=ec2cdc3bae966a42 depth=3 name=chip.run.runner_run.device_wall.post_orch ts=1143260 dur=10879 clk=dev
[mono_ns=7174527150882177][T0xf5e8e80ab020][TIMING] emit_host_span: [STRACE] v=1 pid=2354859 tid=2354859 inv=11 hid=ec2cdc3bae966a42 depth=3 name=chip.run.runner_run.device_wall.orch ts=4760 dur=9100 clk=dev
[mono_ns=7174527150885078][T0xf5e8e80ab020][TIMING] emit_host_span: [STRACE] v=1 pid=2354859 tid=2354859 inv=11 hid=ec2cdc3bae966a42 depth=3 name=chip.run.runner_run.device_wall.sched ts=5900 dur=1129760 clk=dev
[mono_ns=7174527150889818][T0xf5e8e80ab020][TIMING] emit_host_span: [STRACE] v=1 pid=2354859 tid=2354859 inv=11 hid=ec2cdc3bae966a42 depth=1 name=chip.run.claim_release ts=7174527150887468 dur=500 
[mono_ns=7174527150894438][T0xf5e8e80ab020][TIMING] emit_host_span: [STRACE] v=1 pid=2354859 tid=2354859 inv=11 hid=ec2cdc3bae966a42 depth=0 name=chip.run ts=7174527041733175 dur=109159233 run_id=11 dispatch_id=11 slot_id=0 generation=11 run_epoch=11
[mono_ns=7174527155646285][T0xf5e8e80ab020][TIMING] emit_host_span: [STRACE] v=1 pid=2354859 tid=2354859 inv=12 hid=ec2cdc3bae966a42 depth=2 name=chip.run.bind.args ts=7174527155548954 dur=91411 
[mono_ns=7174527155664635][T0xf5e8e80ab020][TIMING] emit_host_span: [STRACE] v=1 pid=2354859 tid=2354859 inv=12 hid=ec2cdc3bae966a42 depth=2 name=chip.run.bind.prebuilt ts=7174527155658275 dur=4000 
[mono_ns=7174527155704085][T0xf5e8e80ab020][TIMING] emit_host_span: [STRACE] v=1 pid=2354859 tid=2354859 inv=12 hid=ec2cdc3bae966a42 depth=1 name=chip.run.bind ts=7174527155538304 dur=162681 
[mono_ns=7174527158976094][T0xf5e78284cca0][WARN] copy_aicore_buffer: [chip_swimlane_collector.cpp:689] Core 0: skipped 1024 AICore record slot(s) with start_time=0 (race-window write or recycled-buffer tail). buf seq=0 count=1024
[mono_ns=7174527158999974][T0xf5e78182cca0][WARN] copy_aicore_buffer: [chip_swimlane_collector.cpp:689] Core 2: skipped 1024 AICore record slot(s) with start_time=0 (race-window write or recycled-buffer tail). buf seq=0 count=1024
[mono_ns=7174527159081834][T0xf5e78203cca0][WARN] copy_aicore_buffer: [chip_swimlane_collector.cpp:689] Core 1: skipped 1024 AICore record slot(s) with start_time=0 (race-window write or recycled-buffer tail). buf seq=0 count=1024
[mono_ns=7174527159308666][T0xf5e78284cca0][WARN] copy_aicore_buffer: [chip_swimlane_collector.cpp:689] Core 24: skipped 1024 AICore record slot(s) with start_time=0 (race-window write or recycled-buffer tail). buf seq=0 count=1024
[mono_ns=7174527159419066][T0xf5e78182cca0][WARN] copy_aicore_buffer: [chip_swimlane_collector.cpp:689] Core 28: skipped 1023 AICore record slot(s) with start_time=0 (race-window write or recycled-buffer tail). buf seq=0 count=1024
[mono_ns=7174527159438876][T0xf5e78203cca0][WARN] copy_aicore_buffer: [chip_swimlane_collector.cpp:689] Core 26: skipped 1022 AICore record slot(s) with start_time=0 (race-window write or recycled-buffer tail). buf seq=0 count=1024
[mono_ns=7174527159620887][T0xf5e78284cca0][WARN] copy_aicore_buffer: [chip_swimlane_collector.cpp:689] Core 25: skipped 1024 AICore record slot(s) with start_time=0 (race-window write or recycled-buffer tail). buf seq=0 count=1024
[mono_ns=7174527159742078][T0xf5e78182cca0][WARN] copy_aicore_buffer: [chip_swimlane_collector.cpp:689] Core 29: skipped 1024 AICore record slot(s) with start_time=0 (race-window write or recycled-buffer tail). buf seq=0 count=1024
[mono_ns=7174527159768568][T0xf5e78203cca0][WARN] copy_aicore_buffer: [chip_swimlane_collector.cpp:689] Core 27: skipped 1024 AICore record slot(s) with start_time=0 (race-window write or recycled-buffer tail). buf seq=0 count=1024
[mono_ns=7174527159934829][T0xf5e78284cca0][WARN] copy_aicore_buffer: [chip_swimlane_collector.cpp:689] Core 3: skipped 1024 AICore record slot(s) with start_time=0 (race-window write or recycled-buffer tail). buf seq=0 count=1024
[mono_ns=7174527160070300][T0xf5e78182cca0][WARN] copy_aicore_buffer: [chip_swimlane_collector.cpp:689] Core 5: skipped 1024 AICore record slot(s) with start_time=0 (race-window write or recycled-buffer tail). buf seq=0 count=1024
[mono_ns=7174527160103740][T0xf5e78203cca0][WARN] copy_aicore_buffer: [chip_swimlane_collector.cpp:689] Core 4: skipped 1024 AICore record slot(s) with start_time=0 (race-window write or recycled-buffer tail). buf seq=0 count=1024
[mono_ns=7174527160252371][T0xf5e78284cca0][WARN] copy_aicore_buffer: [chip_swimlane_collector.cpp:689] Core 30: skipped 1024 AICore record slot(s) with start_time=0 (race-window write or recycled-buffer tail). buf seq=0 count=1024
[mono_ns=7174527160393002][T0xf5e78182cca0][WARN] copy_aicore_buffer: [chip_swimlane_collector.cpp:689] Core 34: skipped 1024 AICore record slot(s) with start_time=0 (race-window write or recycled-buffer tail). buf seq=0 count=1024
[mono_ns=7174527160429472][T0xf5e78203cca0][WARN] copy_aicore_buffer: [chip_swimlane_collector.cpp:689] Core 32: skipped 1024 AICore record slot(s) with start_time=0 (race-window write or recycled-buffer tail). buf seq=0 count=1024
[mono_ns=7174527160564463][T0xf5e78284cca0][WARN] copy_aicore_buffer: [chip_swimlane_collector.cpp:689] Core 31: skipped 1024 AICore record slot(s) with start_time=0 (race-window write or recycled-buffer tail). buf seq=0 count=1024
[mono_ns=7174527160715424][T0xf5e78182cca0][WARN] copy_aicore_buffer: [chip_swimlane_collector.cpp:689] Core 35: skipped 1024 AICore record slot(s) with start_time=0 (race-window write or recycled-buffer tail). buf seq=0 count=1024
[mono_ns=7174527160754434][T0xf5e78203cca0][WARN] copy_aicore_buffer: [chip_swimlane_collector.cpp:689] Core 33: skipped 1024 AICore record slot(s) with start_time=0 (race-window write or recycled-buffer tail). buf seq=0 count=1024
[mono_ns=7174527160876885][T0xf5e78284cca0][WARN] copy_aicore_buffer: [chip_swimlane_collector.cpp:689] Core 6: skipped 1024 AICore record slot(s) with start_time=0 (race-window write or recycled-buffer tail). buf seq=0 count=1024
[mono_ns=7174527161051496][T0xf5e78182cca0][WARN] copy_aicore_buffer: [chip_swimlane_collector.cpp:689] Core 8: skipped 1024 AICore record slot(s) with start_time=0 (race-window write or recycled-buffer tail). buf seq=0 count=1024
[mono_ns=7174527161089816][T0xf5e78203cca0][WARN] copy_aicore_buffer: [chip_swimlane_collector.cpp:689] Core 7: skipped 1024 AICore record slot(s) with start_time=0 (race-window write or recycled-buffer tail). buf seq=0 count=1024
[mono_ns=7174527161202016][T0xf5e78284cca0][WARN] copy_aicore_buffer: [chip_swimlane_collector.cpp:689] Core 36: skipped 1024 AICore record slot(s) with start_time=0 (race-window write or recycled-buffer tail). buf seq=0 count=1024
[mono_ns=7174527161374477][T0xf5e78182cca0][WARN] copy_aicore_buffer: [chip_swimlane_collector.cpp:689] Core 40: skipped 1024 AICore record slot(s) with start_time=0 (race-window write or recycled-buffer tail). buf seq=0 count=1024
[mono_ns=7174527161416558][T0xf5e78203cca0][WARN] copy_aicore_buffer: [chip_swimlane_collector.cpp:689] Core 38: skipped 1024 AICore record slot(s) with start_time=0 (race-window write or recycled-buffer tail). buf seq=0 count=1024
[mono_ns=7174527161553958][T0xf5e78284cca0][WARN] copy_aicore_buffer: [chip_swimlane_collector.cpp:689] Core 37: skipped 1024 AICore record slot(s) with start_time=0 (race-window write or recycled-buffer tail). buf seq=0 count=1024
[mono_ns=7174527161695519][T0xf5e78182cca0][WARN] copy_aicore_buffer: [chip_swimlane_collector.cpp:689] Core 41: skipped 1024 AICore record slot(s) with start_time=0 (race-window write or recycled-buffer tail). buf seq=0 count=1024
[mono_ns=7174527161742689][T0xf5e78203cca0][WARN] copy_aicore_buffer: [chip_swimlane_collector.cpp:689] Core 39: skipped 1024 AICore record slot(s) with start_time=0 (race-window write or recycled-buffer tail). buf seq=0 count=1024
[mono_ns=7174527161865940][T0xf5e78284cca0][WARN] copy_aicore_buffer: [chip_swimlane_collector.cpp:689] Core 9: skipped 1024 AICore record slot(s) with start_time=0 (race-window write or recycled-buffer tail). buf seq=0 count=1024
[mono_ns=7174527162024411][T0xf5e78182cca0][WARN] copy_aicore_buffer: [chip_swimlane_collector.cpp:689] Core 11: skipped 1024 AICore record slot(s) with start_time=0 (race-window write or recycled-buffer tail). buf seq=0 count=1024
[mono_ns=7174527162074211][T0xf5e78203cca0][WARN] copy_aicore_buffer: [chip_swimlane_collector.cpp:689] Core 10: skipped 1024 AICore record slot(s) with start_time=0 (race-window write or recycled-buffer tail). buf seq=0 count=1024
[mono_ns=7174527162186562][T0xf5e78284cca0][WARN] copy_aicore_buffer: [chip_swimlane_collector.cpp:689] Core 42: skipped 1024 AICore record slot(s) with start_time=0 (race-window write or recycled-buffer tail). buf seq=0 count=1024
[mono_ns=7174527162346983][T0xf5e78182cca0][WARN] copy_aicore_buffer: [chip_swimlane_collector.cpp:689] Core 46: skipped 1024 AICore record slot(s) with start_time=0 (race-window write or recycled-buffer tail). buf seq=0 count=1024
[mono_ns=7174527162460134][T0xf5e78203cca0][WARN] copy_aicore_buffer: [chip_swimlane_collector.cpp:689] Core 44: skipped 1024 AICore record slot(s) with start_time=0 (race-window write or recycled-buffer tail). buf seq=0 count=1024
[mono_ns=7174527162498684][T0xf5e78284cca0][WARN] copy_aicore_buffer: [chip_swimlane_collector.cpp:689] Core 43: skipped 1024 AICore record slot(s) with start_time=0 (race-window write or recycled-buffer tail). buf seq=0 count=1024
[mono_ns=7174527162668255][T0xf5e78182cca0][WARN] copy_aicore_buffer: [chip_swimlane_collector.cpp:689] Core 47: skipped 1024 AICore record slot(s) with start_time=0 (race-window write or recycled-buffer tail). buf seq=0 count=1024
[mono_ns=7174527162785575][T0xf5e78203cca0][WARN] copy_aicore_buffer: [chip_swimlane_collector.cpp:689] Core 45: skipped 1024 AICore record slot(s) with start_time=0 (race-window write or recycled-buffer tail). buf seq=0 count=1024
[mono_ns=7174527162810666][T0xf5e78284cca0][WARN] copy_aicore_buffer: [chip_swimlane_collector.cpp:689] Core 12: skipped 1024 AICore record slot(s) with start_time=0 (race-window write or recycled-buffer tail). buf seq=0 count=1024
[mono_ns=7174527162989247][T0xf5e78182cca0][WARN] copy_aicore_buffer: [chip_swimlane_collector.cpp:689] Core 14: skipped 1024 AICore record slot(s) with start_time=0 (race-window write or recycled-buffer tail). buf seq=0 count=1024
[mono_ns=7174527163120627][T0xf5e78203cca0][WARN] copy_aicore_buffer: [chip_swimlane_collector.cpp:689] Core 13: skipped 1024 AICore record slot(s) with start_time=0 (race-window write or recycled-buffer tail). buf seq=0 count=1024
[mono_ns=7174527163131887][T0xf5e78284cca0][WARN] copy_aicore_buffer: [chip_swimlane_collector.cpp:689] Core 48: skipped 1024 AICore record slot(s) with start_time=0 (race-window write or recycled-buffer tail). buf seq=0 count=1024
[mono_ns=7174527163318758][T0xf5e78182cca0][WARN] copy_aicore_buffer: [chip_swimlane_collector.cpp:689] Core 52: skipped 1024 AICore record slot(s) with start_time=0 (race-window write or recycled-buffer tail). buf seq=0 count=1024
[mono_ns=7174527163440849][T0xf5e78284cca0][WARN] copy_aicore_buffer: [chip_swimlane_collector.cpp:689] Core 49: skipped 1024 AICore record slot(s) with start_time=0 (race-window write or recycled-buffer tail). buf seq=0 count=1024
[mono_ns=7174527163445539][T0xf5e78203cca0][WARN] copy_aicore_buffer: [chip_swimlane_collector.cpp:689] Core 50: skipped 1024 AICore record slot(s) with start_time=0 (race-window write or recycled-buffer tail). buf seq=0 count=1024
[mono_ns=7174527163639020][T0xf5e78182cca0][WARN] copy_aicore_buffer: [chip_swimlane_collector.cpp:689] Core 53: skipped 1024 AICore record slot(s) with start_time=0 (race-window write or recycled-buffer tail). buf seq=0 count=1024
[mono_ns=7174527163753511][T0xf5e78284cca0][WARN] copy_aicore_buffer: [chip_swimlane_collector.cpp:689] Core 15: skipped 1024 AICore record slot(s) with start_time=0 (race-window write or recycled-buffer tail). buf seq=0 count=1024
[mono_ns=7174527163769011][T0xf5e78203cca0][WARN] copy_aicore_buffer: [chip_swimlane_collector.cpp:689] Core 51: skipped 1024 AICore record slot(s) with start_time=0 (race-window write or recycled-buffer tail). buf seq=0 count=1024
[mono_ns=7174527163960362][T0xf5e78182cca0][WARN] copy_aicore_buffer: [chip_swimlane_collector.cpp:689] Core 17: skipped 1024 AICore record slot(s) with start_time=0 (race-window write or recycled-buffer tail). buf seq=0 count=1024
[mono_ns=7174527164068553][T0xf5e78284cca0][WARN] copy_aicore_buffer: [chip_swimlane_collector.cpp:689] Core 54: skipped 1024 AICore record slot(s) with start_time=0 (race-window write or recycled-buffer tail). buf seq=0 count=1024
[mono_ns=7174527164098473][T0xf5e78203cca0][WARN] copy_aicore_buffer: [chip_swimlane_collector.cpp:689] Core 16: skipped 1024 AICore record slot(s) with start_time=0 (race-window write or recycled-buffer tail). buf seq=0 count=1024
[mono_ns=7174527164289904][T0xf5e78182cca0][WARN] copy_aicore_buffer: [chip_swimlane_collector.cpp:689] Core 58: skipped 1024 AICore record slot(s) with start_time=0 (race-window write or recycled-buffer tail). buf seq=0 count=1024
[mono_ns=7174527164382195][T0xf5e78284cca0][WARN] copy_aicore_buffer: [chip_swimlane_collector.cpp:689] Core 55: skipped 1024 AICore record slot(s) with start_time=0 (race-window write or recycled-buffer tail). buf seq=0 count=1024
[mono_ns=7174527164423565][T0xf5e78203cca0][WARN] copy_aicore_buffer: [chip_swimlane_collector.cpp:689] Core 56: skipped 1024 AICore record slot(s) with start_time=0 (race-window write or recycled-buffer tail). buf seq=0 count=1024
[mono_ns=7174527164611156][T0xf5e78182cca0][WARN] copy_aicore_buffer: [chip_swimlane_collector.cpp:689] Core 59: skipped 1024 AICore record slot(s) with start_time=0 (race-window write or recycled-buffer tail). buf seq=0 count=1024
[mono_ns=7174527164694976][T0xf5e78284cca0][WARN] copy_aicore_buffer: [chip_swimlane_collector.cpp:689] Core 18: skipped 1024 AICore record slot(s) with start_time=0 (race-window write or recycled-buffer tail). buf seq=0 count=1024
[mono_ns=7174527164747827][T0xf5e78203cca0][WARN] copy_aicore_buffer: [chip_swimlane_collector.cpp:689] Core 57: skipped 1024 AICore record slot(s) with start_time=0 (race-window write or recycled-buffer tail). buf seq=0 count=1024
[mono_ns=7174527164935008][T0xf5e78182cca0][WARN] copy_aicore_buffer: [chip_swimlane_collector.cpp:689] Core 20: skipped 1024 AICore record slot(s) with start_time=0 (race-window write or recycled-buffer tail). buf seq=0 count=1024
[mono_ns=7174527165013728][T0xf5e78284cca0][WARN] copy_aicore_buffer: [chip_swimlane_collector.cpp:689] Core 60: skipped 1024 AICore record slot(s) with start_time=0 (race-window write or recycled-buffer tail). buf seq=0 count=1024
[mono_ns=7174527165084319][T0xf5e78203cca0][WARN] copy_aicore_buffer: [chip_swimlane_collector.cpp:689] Core 19: skipped 1024 AICore record slot(s) with start_time=0 (race-window write or recycled-buffer tail). buf seq=0 count=1024
[mono_ns=7174527165263500][T0xf5e78182cca0][WARN] copy_aicore_buffer: [chip_swimlane_collector.cpp:689] Core 64: skipped 1024 AICore record slot(s) with start_time=0 (race-window write or recycled-buffer tail). buf seq=0 count=1024
[mono_ns=7174527165325370][T0xf5e78284cca0][WARN] copy_aicore_buffer: [chip_swimlane_collector.cpp:689] Core 61: skipped 1024 AICore record slot(s) with start_time=0 (race-window write or recycled-buffer tail). buf seq=0 count=1024
[mono_ns=7174527165410420][T0xf5e78203cca0][WARN] copy_aicore_buffer: [chip_swimlane_collector.cpp:689] Core 62: skipped 1024 AICore record slot(s) with start_time=0 (race-window write or recycled-buffer tail). buf seq=0 count=1024
[mono_ns=7174527165584461][T0xf5e78182cca0][WARN] copy_aicore_buffer: [chip_swimlane_collector.cpp:689] Core 65: skipped 1024 AICore record slot(s) with start_time=0 (race-window write or recycled-buffer tail). buf seq=0 count=1024
[mono_ns=7174527165636492][T0xf5e78284cca0][WARN] copy_aicore_buffer: [chip_swimlane_collector.cpp:689] Core 21: skipped 1024 AICore record slot(s) with start_time=0 (race-window write or recycled-buffer tail). buf seq=0 count=1024
[mono_ns=7174527165793513][T0xf5e78203cca0][WARN] copy_aicore_buffer: [chip_swimlane_collector.cpp:689] Core 63: skipped 1024 AICore record slot(s) with start_time=0 (race-window write or recycled-buffer tail). buf seq=0 count=1024
[mono_ns=7174527165907143][T0xf5e78182cca0][WARN] copy_aicore_buffer: [chip_swimlane_collector.cpp:689] Core 23: skipped 1024 AICore record slot(s) with start_time=0 (race-window write or recycled-buffer tail). buf seq=0 count=1024
[mono_ns=7174527165948693][T0xf5e78284cca0][WARN] copy_aicore_buffer: [chip_swimlane_collector.cpp:689] Core 66: skipped 1024 AICore record slot(s) with start_time=0 (race-window write or recycled-buffer tail). buf seq=0 count=1024
[mono_ns=7174527166122504][T0xf5e78203cca0][WARN] copy_aicore_buffer: [chip_swimlane_collector.cpp:689] Core 22: skipped 1024 AICore record slot(s) with start_time=0 (race-window write or recycled-buffer tail). buf seq=0 count=1024
[mono_ns=7174527166238725][T0xf5e78182cca0][WARN] copy_aicore_buffer: [chip_swimlane_collector.cpp:689] Core 70: skipped 1024 AICore record slot(s) with start_time=0 (race-window write or recycled-buffer tail). buf seq=0 count=1024
[mono_ns=7174527166270565][T0xf5e78284cca0][WARN] copy_aicore_buffer: [chip_swimlane_collector.cpp:689] Core 67: skipped 1024 AICore record slot(s) with start_time=0 (race-window write or recycled-buffer tail). buf seq=0 count=1024
[mono_ns=7174527166446766][T0xf5e78203cca0][WARN] copy_aicore_buffer: [chip_swimlane_collector.cpp:689] Core 68: skipped 1024 AICore record slot(s) with start_time=0 (race-window write or recycled-buffer tail). buf seq=0 count=1024
[mono_ns=7174527166562427][T0xf5e78182cca0][WARN] copy_aicore_buffer: [chip_swimlane_collector.cpp:689] Core 71: skipped 1024 AICore record slot(s) with start_time=0 (race-window write or recycled-buffer tail). buf seq=0 count=1024
[mono_ns=7174527166771818][T0xf5e78203cca0][WARN] copy_aicore_buffer: [chip_swimlane_collector.cpp:689] Core 69: skipped 1024 AICore record slot(s) with start_time=0 (race-window write or recycled-buffer tail). buf seq=0 count=1024
[mono_ns=7174527267255431][T0xf5e8e80ab020][TIMING] emit_host_span: [STRACE] v=1 pid=2354859 tid=2354859 inv=12 hid=ec2cdc3bae966a42 depth=1 name=chip.run.runner_run ts=7174527156119937 dur=111128584 
[mono_ns=7174527267330442][T0xf5e8e80ab020][TIMING] emit_host_span: [STRACE] v=1 pid=2354859 tid=2354859 inv=12 hid=ec2cdc3bae966a42 depth=1 name=chip.run.validate ts=7174527267266982 dur=59940 
[mono_ns=7174527267341272][T0xf5e8e80ab020][TIMING] emit_host_span: [STRACE] v=1 pid=2354859 tid=2354859 inv=12 hid=ec2cdc3bae966a42 depth=2 name=chip.run.runner_run.device_wall ts=0 dur=2401260 clk=dev
[mono_ns=7174527267345932][T0xf5e8e80ab020][TIMING] emit_host_span: [STRACE] v=1 pid=2354859 tid=2354859 inv=12 hid=ec2cdc3bae966a42 depth=3 name=chip.run.runner_run.device_wall.preamble ts=0 dur=629140 clk=dev
[mono_ns=7174527267350402][T0xf5e8e80ab020][TIMING] emit_host_span: [STRACE] v=1 pid=2354859 tid=2354859 inv=12 hid=ec2cdc3bae966a42 depth=3 name=chip.run.runner_run.device_wall.graph_build ts=624740 dur=1765500 clk=dev
[mono_ns=7174527267392792][T0xf5e8e80ab020][TIMING] emit_host_span: [STRACE] v=1 pid=2354859 tid=2354859 inv=12 hid=ec2cdc3bae966a42 depth=3 name=chip.run.runner_run.device_wall.config_validate ts=624860 dur=720 clk=dev
[mono_ns=7174527267397502][T0xf5e8e80ab020][TIMING] emit_host_span: [STRACE] v=1 pid=2354859 tid=2354859 inv=12 hid=ec2cdc3bae966a42 depth=3 name=chip.run.runner_run.device_wall.arena_wire ts=625620 dur=260 clk=dev
[mono_ns=7174527267401302][T0xf5e8e80ab020][TIMING] emit_host_span: [STRACE] v=1 pid=2354859 tid=2354859 inv=12 hid=ec2cdc3bae966a42 depth=3 name=chip.run.runner_run.device_wall.sm_reset ts=625920 dur=480 clk=dev
[mono_ns=7174527267405092][T0xf5e8e80ab020][TIMING] emit_host_span: [STRACE] v=1 pid=2354859 tid=2354859 inv=12 hid=ec2cdc3bae966a42 depth=3 name=chip.run.runner_run.device_wall.post_orch ts=2390300 dur=10420 clk=dev
[mono_ns=7174527267408742][T0xf5e8e80ab020][TIMING] emit_host_span: [STRACE] v=1 pid=2354859 tid=2354859 inv=12 hid=ec2cdc3bae966a42 depth=3 name=chip.run.runner_run.device_wall.orch ts=626460 dur=3340 clk=dev
[mono_ns=7174527267412422][T0xf5e8e80ab020][TIMING] emit_host_span: [STRACE] v=1 pid=2354859 tid=2354859 inv=12 hid=ec2cdc3bae966a42 depth=3 name=chip.run.runner_run.device_wall.sched ts=629320 dur=1742360 clk=dev
[mono_ns=7174527267417222][T0xf5e8e80ab020][TIMING] emit_host_span: [STRACE] v=1 pid=2354859 tid=2354859 inv=12 hid=ec2cdc3bae966a42 depth=1 name=chip.run.claim_release ts=7174527267415072 dur=400 
[mono_ns=7174527267421482][T0xf5e8e80ab020][TIMING] emit_host_span: [STRACE] v=1 pid=2354859 tid=2354859 inv=12 hid=ec2cdc3bae966a42 depth=0 name=chip.run ts=7174527155495274 dur=111924168 run_id=12 dispatch_id=12 slot_id=0 generation=12 run_epoch=12
[mono_ns=7174529689456762][T0xf5e8e80ab020][TIMING] emit_host_span: [STRACE] v=1 pid=2354859 tid=2354859 inv=13 hid=ec2cdc3bae966a42 depth=2 name=chip.run.bind.args ts=7174529689303151 dur=144061 
[mono_ns=7174529689478862][T0xf5e8e80ab020][TIMING] emit_host_span: [STRACE] v=1 pid=2354859 tid=2354859 inv=13 hid=ec2cdc3bae966a42 depth=2 name=chip.run.bind.prebuilt ts=7174529689472112 dur=4340 
[mono_ns=7174529689485072][T0xf5e8e80ab020][TIMING] emit_host_span: [STRACE] v=1 pid=2354859 tid=2354859 inv=13 hid=ec2cdc3bae966a42 depth=1 name=chip.run.bind ts=7174529689288901 dur=193381 
[mono_ns=7174529794196579][T0xf5e8e80ab020][TIMING] emit_host_span: [STRACE] v=1 pid=2354859 tid=2354859 inv=13 hid=ec2cdc3bae966a42 depth=1 name=chip.run.runner_run ts=7174529689764143 dur=104418736 
[mono_ns=7174529794293290][T0xf5e8e80ab020][TIMING] emit_host_span: [STRACE] v=1 pid=2354859 tid=2354859 inv=13 hid=ec2cdc3bae966a42 depth=1 name=chip.run.validate ts=7174529794214249 dur=74961 
[mono_ns=7174529794305610][T0xf5e8e80ab020][TIMING] emit_host_span: [STRACE] v=1 pid=2354859 tid=2354859 inv=13 hid=ec2cdc3bae966a42 depth=2 name=chip.run.runner_run.device_wall ts=0 dur=2197300 clk=dev
[mono_ns=7174529794310430][T0xf5e8e80ab020][TIMING] emit_host_span: [STRACE] v=1 pid=2354859 tid=2354859 inv=13 hid=ec2cdc3bae966a42 depth=3 name=chip.run.runner_run.device_wall.preamble ts=0 dur=5840 clk=dev
[mono_ns=7174529794372160][T0xf5e8e80ab020][TIMING] emit_host_span: [STRACE] v=1 pid=2354859 tid=2354859 inv=13 hid=ec2cdc3bae966a42 depth=3 name=chip.run.runner_run.device_wall.graph_build ts=1480 dur=2184840 clk=dev
[mono_ns=7174529794376600][T0xf5e8e80ab020][TIMING] emit_host_span: [STRACE] v=1 pid=2354859 tid=2354859 inv=13 hid=ec2cdc3bae966a42 depth=3 name=chip.run.runner_run.device_wall.config_validate ts=1560 dur=700 clk=dev
[mono_ns=7174529794380310][T0xf5e8e80ab020][TIMING] emit_host_span: [STRACE] v=1 pid=2354859 tid=2354859 inv=13 hid=ec2cdc3bae966a42 depth=3 name=chip.run.runner_run.device_wall.arena_wire ts=2280 dur=880 clk=dev
[mono_ns=7174529794384180][T0xf5e8e80ab020][TIMING] emit_host_span: [STRACE] v=1 pid=2354859 tid=2354859 inv=13 hid=ec2cdc3bae966a42 depth=3 name=chip.run.runner_run.device_wall.sm_reset ts=3199 dur=620 clk=dev
[mono_ns=7174529794388010][T0xf5e8e80ab020][TIMING] emit_host_span: [STRACE] v=1 pid=2354859 tid=2354859 inv=13 hid=ec2cdc3bae966a42 depth=3 name=chip.run.runner_run.device_wall.post_orch ts=2186380 dur=10780 clk=dev
[mono_ns=7174529794391760][T0xf5e8e80ab020][TIMING] emit_host_span: [STRACE] v=1 pid=2354859 tid=2354859 inv=13 hid=ec2cdc3bae966a42 depth=3 name=chip.run.runner_run.device_wall.orch ts=4340 dur=8280 clk=dev
[mono_ns=7174529794395460][T0xf5e8e80ab020][TIMING] emit_host_span: [STRACE] v=1 pid=2354859 tid=2354859 inv=13 hid=ec2cdc3bae966a42 depth=3 name=chip.run.runner_run.device_wall.sched ts=5980 dur=2172100 clk=dev
[mono_ns=7174529794401320][T0xf5e8e80ab020][TIMING] emit_host_span: [STRACE] v=1 pid=2354859 tid=2354859 inv=13 hid=ec2cdc3bae966a42 depth=1 name=chip.run.claim_release ts=7174529794398790 dur=730 
[mono_ns=7174529794430040][T0xf5e8e80ab020][TIMING] emit_host_span: [STRACE] v=1 pid=2354859 tid=2354859 inv=13 hid=ec2cdc3bae966a42 depth=0 name=chip.run ts=7174529689221600 dur=105205860 run_id=13 dispatch_id=13 slot_id=0 generation=13 run_epoch=13
[mono_ns=7174529802621847][T0xf5e8e80ab020][TIMING] emit_host_span: [STRACE] v=1 pid=2354859 tid=2354859 inv=14 hid=ec2cdc3bae966a42 depth=2 name=chip.run.bind.args ts=7174529802522237 dur=94060 
[mono_ns=7174529802639287][T0xf5e8e80ab020][TIMING] emit_host_span: [STRACE] v=1 pid=2354859 tid=2354859 inv=14 hid=ec2cdc3bae966a42 depth=2 name=chip.run.bind.prebuilt ts=7174529802633927 dur=2910 
[mono_ns=7174529802644097][T0xf5e8e80ab020][TIMING] emit_host_span: [STRACE] v=1 pid=2354859 tid=2354859 inv=14 hid=ec2cdc3bae966a42 depth=1 name=chip.run.bind ts=7174529802511387 dur=130500 
[mono_ns=7174529805788575][T0xf5e78284cca0][WARN] copy_aicore_buffer: [chip_swimlane_collector.cpp:689] Core 0: skipped 1024 AICore record slot(s) with start_time=0 (race-window write or recycled-buffer tail). buf seq=0 count=1024
[mono_ns=7174529805807785][T0xf5e78203cca0][WARN] copy_aicore_buffer: [chip_swimlane_collector.cpp:689] Core 1: skipped 1024 AICore record slot(s) with start_time=0 (race-window write or recycled-buffer tail). buf seq=0 count=1024
[mono_ns=7174529805816315][T0xf5e78182cca0][WARN] copy_aicore_buffer: [chip_swimlane_collector.cpp:689] Core 2: skipped 1024 AICore record slot(s) with start_time=0 (race-window write or recycled-buffer tail). buf seq=0 count=1024
[mono_ns=7174529806117857][T0xf5e78284cca0][WARN] copy_aicore_buffer: [chip_swimlane_collector.cpp:689] Core 24: skipped 1024 AICore record slot(s) with start_time=0 (race-window write or recycled-buffer tail). buf seq=0 count=1024
[mono_ns=7174529806135377][T0xf5e78203cca0][WARN] copy_aicore_buffer: [chip_swimlane_collector.cpp:689] Core 26: skipped 1022 AICore record slot(s) with start_time=0 (race-window write or recycled-buffer tail). buf seq=0 count=1024
[mono_ns=7174529806183298][T0xf5e78182cca0][WARN] copy_aicore_buffer: [chip_swimlane_collector.cpp:689] Core 28: skipped 1023 AICore record slot(s) with start_time=0 (race-window write or recycled-buffer tail). buf seq=0 count=1024
[mono_ns=7174529806431619][T0xf5e78284cca0][WARN] copy_aicore_buffer: [chip_swimlane_collector.cpp:689] Core 25: skipped 1024 AICore record slot(s) with start_time=0 (race-window write or recycled-buffer tail). buf seq=0 count=1024
[mono_ns=7174529806445389][T0xf5e78203cca0][WARN] copy_aicore_buffer: [chip_swimlane_collector.cpp:689] Core 27: skipped 1024 AICore record slot(s) with start_time=0 (race-window write or recycled-buffer tail). buf seq=0 count=1024
[mono_ns=7174529806511209][T0xf5e78182cca0][WARN] copy_aicore_buffer: [chip_swimlane_collector.cpp:689] Core 29: skipped 1024 AICore record slot(s) with start_time=0 (race-window write or recycled-buffer tail). buf seq=0 count=1024
[mono_ns=7174529806745101][T0xf5e78284cca0][WARN] copy_aicore_buffer: [chip_swimlane_collector.cpp:689] Core 3: skipped 1024 AICore record slot(s) with start_time=0 (race-window write or recycled-buffer tail). buf seq=0 count=1024
[mono_ns=7174529806754501][T0xf5e78203cca0][WARN] copy_aicore_buffer: [chip_swimlane_collector.cpp:689] Core 4: skipped 1024 AICore record slot(s) with start_time=0 (race-window write or recycled-buffer tail). buf seq=0 count=1024
[mono_ns=7174529806835771][T0xf5e78182cca0][WARN] copy_aicore_buffer: [chip_swimlane_collector.cpp:689] Core 5: skipped 1024 AICore record slot(s) with start_time=0 (race-window write or recycled-buffer tail). buf seq=0 count=1024
[mono_ns=7174529807063373][T0xf5e78284cca0][WARN] copy_aicore_buffer: [chip_swimlane_collector.cpp:689] Core 30: skipped 1024 AICore record slot(s) with start_time=0 (race-window write or recycled-buffer tail). buf seq=0 count=1024
[mono_ns=7174529807074933][T0xf5e78203cca0][WARN] copy_aicore_buffer: [chip_swimlane_collector.cpp:689] Core 32: skipped 1024 AICore record slot(s) with start_time=0 (race-window write or recycled-buffer tail). buf seq=0 count=1024
[mono_ns=7174529807166423][T0xf5e78182cca0][WARN] copy_aicore_buffer: [chip_swimlane_collector.cpp:689] Core 34: skipped 1024 AICore record slot(s) with start_time=0 (race-window write or recycled-buffer tail). buf seq=0 count=1024
[mono_ns=7174529807378294][T0xf5e78284cca0][WARN] copy_aicore_buffer: [chip_swimlane_collector.cpp:689] Core 31: skipped 1024 AICore record slot(s) with start_time=0 (race-window write or recycled-buffer tail). buf seq=0 count=1024
[mono_ns=7174529807388054][T0xf5e78203cca0][WARN] copy_aicore_buffer: [chip_swimlane_collector.cpp:689] Core 33: skipped 1021 AICore record slot(s) with start_time=0 (race-window write or recycled-buffer tail). buf seq=0 count=1024
[mono_ns=7174529807488375][T0xf5e78182cca0][WARN] copy_aicore_buffer: [chip_swimlane_collector.cpp:689] Core 35: skipped 1024 AICore record slot(s) with start_time=0 (race-window write or recycled-buffer tail). buf seq=0 count=1024
[mono_ns=7174529807690136][T0xf5e78284cca0][WARN] copy_aicore_buffer: [chip_swimlane_collector.cpp:689] Core 6: skipped 1024 AICore record slot(s) with start_time=0 (race-window write or recycled-buffer tail). buf seq=0 count=1024
[mono_ns=7174529807698906][T0xf5e78203cca0][WARN] copy_aicore_buffer: [chip_swimlane_collector.cpp:689] Core 7: skipped 1024 AICore record slot(s) with start_time=0 (race-window write or recycled-buffer tail). buf seq=0 count=1024
[mono_ns=7174529807809207][T0xf5e78182cca0][WARN] copy_aicore_buffer: [chip_swimlane_collector.cpp:689] Core 8: skipped 1024 AICore record slot(s) with start_time=0 (race-window write or recycled-buffer tail). buf seq=0 count=1024
[mono_ns=7174529808056198][T0xf5e78284cca0][WARN] copy_aicore_buffer: [chip_swimlane_collector.cpp:689] Core 36: skipped 1024 AICore record slot(s) with start_time=0 (race-window write or recycled-buffer tail). buf seq=0 count=1024
[mono_ns=7174529808125949][T0xf5e78203cca0][WARN] copy_aicore_buffer: [chip_swimlane_collector.cpp:689] Core 38: skipped 1024 AICore record slot(s) with start_time=0 (race-window write or recycled-buffer tail). buf seq=0 count=1024
[mono_ns=7174529808140309][T0xf5e78182cca0][WARN] copy_aicore_buffer: [chip_swimlane_collector.cpp:689] Core 40: skipped 1024 AICore record slot(s) with start_time=0 (race-window write or recycled-buffer tail). buf seq=0 count=1024
[mono_ns=7174529808369850][T0xf5e78284cca0][WARN] copy_aicore_buffer: [chip_swimlane_collector.cpp:689] Core 37: skipped 1024 AICore record slot(s) with start_time=0 (race-window write or recycled-buffer tail). buf seq=0 count=1024
[mono_ns=7174529808463641][T0xf5e78182cca0][WARN] copy_aicore_buffer: [chip_swimlane_collector.cpp:689] Core 41: skipped 1024 AICore record slot(s) with start_time=0 (race-window write or recycled-buffer tail). buf seq=0 count=1024
[mono_ns=7174529808467401][T0xf5e78203cca0][WARN] copy_aicore_buffer: [chip_swimlane_collector.cpp:689] Core 39: skipped 1024 AICore record slot(s) with start_time=0 (race-window write or recycled-buffer tail). buf seq=0 count=1024
[mono_ns=7174529808680202][T0xf5e78284cca0][WARN] copy_aicore_buffer: [chip_swimlane_collector.cpp:689] Core 9: skipped 1024 AICore record slot(s) with start_time=0 (race-window write or recycled-buffer tail). buf seq=0 count=1024
[mono_ns=7174529808786242][T0xf5e78182cca0][WARN] copy_aicore_buffer: [chip_swimlane_collector.cpp:689] Core 11: skipped 1024 AICore record slot(s) with start_time=0 (race-window write or recycled-buffer tail). buf seq=0 count=1024
[mono_ns=7174529808864893][T0xf5e78203cca0][WARN] copy_aicore_buffer: [chip_swimlane_collector.cpp:689] Core 10: skipped 1024 AICore record slot(s) with start_time=0 (race-window write or recycled-buffer tail). buf seq=0 count=1024
[mono_ns=7174529808991754][T0xf5e78284cca0][WARN] copy_aicore_buffer: [chip_swimlane_collector.cpp:689] Core 42: skipped 1024 AICore record slot(s) with start_time=0 (race-window write or recycled-buffer tail). buf seq=0 count=1024
[mono_ns=7174529809115044][T0xf5e78182cca0][WARN] copy_aicore_buffer: [chip_swimlane_collector.cpp:689] Core 46: skipped 1024 AICore record slot(s) with start_time=0 (race-window write or recycled-buffer tail). buf seq=0 count=1024
[mono_ns=7174529809202525][T0xf5e78203cca0][WARN] copy_aicore_buffer: [chip_swimlane_collector.cpp:689] Core 44: skipped 1024 AICore record slot(s) with start_time=0 (race-window write or recycled-buffer tail). buf seq=0 count=1024
[mono_ns=7174529809311995][T0xf5e78284cca0][WARN] copy_aicore_buffer: [chip_swimlane_collector.cpp:689] Core 43: skipped 1024 AICore record slot(s) with start_time=0 (race-window write or recycled-buffer tail). buf seq=0 count=1024
[mono_ns=7174529809436316][T0xf5e78182cca0][WARN] copy_aicore_buffer: [chip_swimlane_collector.cpp:689] Core 47: skipped 1024 AICore record slot(s) with start_time=0 (race-window write or recycled-buffer tail). buf seq=0 count=1024
[mono_ns=7174529809526977][T0xf5e78203cca0][WARN] copy_aicore_buffer: [chip_swimlane_collector.cpp:689] Core 45: skipped 1024 AICore record slot(s) with start_time=0 (race-window write or recycled-buffer tail). buf seq=0 count=1024
[mono_ns=7174529809623677][T0xf5e78284cca0][WARN] copy_aicore_buffer: [chip_swimlane_collector.cpp:689] Core 12: skipped 1024 AICore record slot(s) with start_time=0 (race-window write or recycled-buffer tail). buf seq=0 count=1024
[mono_ns=7174529809757678][T0xf5e78182cca0][WARN] copy_aicore_buffer: [chip_swimlane_collector.cpp:689] Core 14: skipped 1024 AICore record slot(s) with start_time=0 (race-window write or recycled-buffer tail). buf seq=0 count=1024
[mono_ns=7174529809852118][T0xf5e78203cca0][WARN] copy_aicore_buffer: [chip_swimlane_collector.cpp:689] Core 13: skipped 1024 AICore record slot(s) with start_time=0 (race-window write or recycled-buffer tail). buf seq=0 count=1024
[mono_ns=7174529809937039][T0xf5e78284cca0][WARN] copy_aicore_buffer: [chip_swimlane_collector.cpp:689] Core 48: skipped 1024 AICore record slot(s) with start_time=0 (race-window write or recycled-buffer tail). buf seq=0 count=1024
[mono_ns=7174529810086350][T0xf5e78182cca0][WARN] copy_aicore_buffer: [chip_swimlane_collector.cpp:689] Core 52: skipped 1024 AICore record slot(s) with start_time=0 (race-window write or recycled-buffer tail). buf seq=0 count=1024
[mono_ns=7174529810183920][T0xf5e78203cca0][WARN] copy_aicore_buffer: [chip_swimlane_collector.cpp:689] Core 50: skipped 1024 AICore record slot(s) with start_time=0 (race-window write or recycled-buffer tail). buf seq=0 count=1024
[mono_ns=7174529810256591][T0xf5e78284cca0][WARN] copy_aicore_buffer: [chip_swimlane_collector.cpp:689] Core 49: skipped 1024 AICore record slot(s) with start_time=0 (race-window write or recycled-buffer tail). buf seq=0 count=1024
[mono_ns=7174529810407792][T0xf5e78182cca0][WARN] copy_aicore_buffer: [chip_swimlane_collector.cpp:689] Core 53: skipped 1024 AICore record slot(s) with start_time=0 (race-window write or recycled-buffer tail). buf seq=0 count=1024
[mono_ns=7174529810507772][T0xf5e78203cca0][WARN] copy_aicore_buffer: [chip_swimlane_collector.cpp:689] Core 51: skipped 1024 AICore record slot(s) with start_time=0 (race-window write or recycled-buffer tail). buf seq=0 count=1024
[mono_ns=7174529810568903][T0xf5e78284cca0][WARN] copy_aicore_buffer: [chip_swimlane_collector.cpp:689] Core 15: skipped 1024 AICore record slot(s) with start_time=0 (race-window write or recycled-buffer tail). buf seq=0 count=1024
[mono_ns=7174529810730113][T0xf5e78182cca0][WARN] copy_aicore_buffer: [chip_swimlane_collector.cpp:689] Core 17: skipped 1024 AICore record slot(s) with start_time=0 (race-window write or recycled-buffer tail). buf seq=0 count=1024
[mono_ns=7174529810832414][T0xf5e78203cca0][WARN] copy_aicore_buffer: [chip_swimlane_collector.cpp:689] Core 16: skipped 1024 AICore record slot(s) with start_time=0 (race-window write or recycled-buffer tail). buf seq=0 count=1024
[mono_ns=7174529810880654][T0xf5e78284cca0][WARN] copy_aicore_buffer: [chip_swimlane_collector.cpp:689] Core 54: skipped 1024 AICore record slot(s) with start_time=0 (race-window write or recycled-buffer tail). buf seq=0 count=1024
[mono_ns=7174529811061475][T0xf5e78182cca0][WARN] copy_aicore_buffer: [chip_swimlane_collector.cpp:689] Core 58: skipped 1024 AICore record slot(s) with start_time=0 (race-window write or recycled-buffer tail). buf seq=0 count=1024
[mono_ns=7174529811161176][T0xf5e78203cca0][WARN] copy_aicore_buffer: [chip_swimlane_collector.cpp:689] Core 56: skipped 1024 AICore record slot(s) with start_time=0 (race-window write or recycled-buffer tail). buf seq=0 count=1024
[mono_ns=7174529811205416][T0xf5e78284cca0][WARN] copy_aicore_buffer: [chip_swimlane_collector.cpp:689] Core 55: skipped 1024 AICore record slot(s) with start_time=0 (race-window write or recycled-buffer tail). buf seq=0 count=1024
[mono_ns=7174529811389807][T0xf5e78182cca0][WARN] copy_aicore_buffer: [chip_swimlane_collector.cpp:689] Core 59: skipped 1024 AICore record slot(s) with start_time=0 (race-window write or recycled-buffer tail). buf seq=0 count=1024
[mono_ns=7174529811485258][T0xf5e78203cca0][WARN] copy_aicore_buffer: [chip_swimlane_collector.cpp:689] Core 57: skipped 1024 AICore record slot(s) with start_time=0 (race-window write or recycled-buffer tail). buf seq=0 count=1024
[mono_ns=7174529811517458][T0xf5e78284cca0][WARN] copy_aicore_buffer: [chip_swimlane_collector.cpp:689] Core 18: skipped 1024 AICore record slot(s) with start_time=0 (race-window write or recycled-buffer tail). buf seq=0 count=1024
[mono_ns=7174529811711029][T0xf5e78182cca0][WARN] copy_aicore_buffer: [chip_swimlane_collector.cpp:689] Core 20: skipped 1024 AICore record slot(s) with start_time=0 (race-window write or recycled-buffer tail). buf seq=0 count=1024
[mono_ns=7174529811809820][T0xf5e78203cca0][WARN] copy_aicore_buffer: [chip_swimlane_collector.cpp:689] Core 19: skipped 1024 AICore record slot(s) with start_time=0 (race-window write or recycled-buffer tail). buf seq=0 count=1024
[mono_ns=7174529811830590][T0xf5e78284cca0][WARN] copy_aicore_buffer: [chip_swimlane_collector.cpp:689] Core 60: skipped 1024 AICore record slot(s) with start_time=0 (race-window write or recycled-buffer tail). buf seq=0 count=1024
[mono_ns=7174529812042821][T0xf5e78182cca0][WARN] copy_aicore_buffer: [chip_swimlane_collector.cpp:689] Core 64: skipped 1024 AICore record slot(s) with start_time=0 (race-window write or recycled-buffer tail). buf seq=0 count=1024
[mono_ns=7174529812145982][T0xf5e78203cca0][WARN] copy_aicore_buffer: [chip_swimlane_collector.cpp:689] Core 62: skipped 1024 AICore record slot(s) with start_time=0 (race-window write or recycled-buffer tail). buf seq=0 count=1024
[mono_ns=7174529812195182][T0xf5e78284cca0][WARN] copy_aicore_buffer: [chip_swimlane_collector.cpp:689] Core 61: skipped 1024 AICore record slot(s) with start_time=0 (race-window write or recycled-buffer tail). buf seq=0 count=1024
[mono_ns=7174529812364373][T0xf5e78182cca0][WARN] copy_aicore_buffer: [chip_swimlane_collector.cpp:689] Core 65: skipped 1024 AICore record slot(s) with start_time=0 (race-window write or recycled-buffer tail). buf seq=0 count=1024
[mono_ns=7174529812470313][T0xf5e78203cca0][WARN] copy_aicore_buffer: [chip_swimlane_collector.cpp:689] Core 63: skipped 1024 AICore record slot(s) with start_time=0 (race-window write or recycled-buffer tail). buf seq=0 count=1024
[mono_ns=7174529812538974][T0xf5e78284cca0][WARN] copy_aicore_buffer: [chip_swimlane_collector.cpp:689] Core 21: skipped 1024 AICore record slot(s) with start_time=0 (race-window write or recycled-buffer tail). buf seq=0 count=1024
[mono_ns=7174529812686145][T0xf5e78182cca0][WARN] copy_aicore_buffer: [chip_swimlane_collector.cpp:689] Core 23: skipped 1024 AICore record slot(s) with start_time=0 (race-window write or recycled-buffer tail). buf seq=0 count=1024
[mono_ns=7174529812796345][T0xf5e78203cca0][WARN] copy_aicore_buffer: [chip_swimlane_collector.cpp:689] Core 22: skipped 1024 AICore record slot(s) with start_time=0 (race-window write or recycled-buffer tail). buf seq=0 count=1024
[mono_ns=7174529812850496][T0xf5e78284cca0][WARN] copy_aicore_buffer: [chip_swimlane_collector.cpp:689] Core 66: skipped 1024 AICore record slot(s) with start_time=0 (race-window write or recycled-buffer tail). buf seq=0 count=1024
[mono_ns=7174529813012086][T0xf5e78182cca0][WARN] copy_aicore_buffer: [chip_swimlane_collector.cpp:689] Core 70: skipped 1024 AICore record slot(s) with start_time=0 (race-window write or recycled-buffer tail). buf seq=0 count=1024
[mono_ns=7174529813126427][T0xf5e78203cca0][WARN] copy_aicore_buffer: [chip_swimlane_collector.cpp:689] Core 68: skipped 1024 AICore record slot(s) with start_time=0 (race-window write or recycled-buffer tail). buf seq=0 count=1024
[mono_ns=7174529813167137][T0xf5e78284cca0][WARN] copy_aicore_buffer: [chip_swimlane_collector.cpp:689] Core 67: skipped 1024 AICore record slot(s) with start_time=0 (race-window write or recycled-buffer tail). buf seq=0 count=1024
[mono_ns=7174529813335058][T0xf5e78182cca0][WARN] copy_aicore_buffer: [chip_swimlane_collector.cpp:689] Core 71: skipped 1024 AICore record slot(s) with start_time=0 (race-window write or recycled-buffer tail). buf seq=0 count=1024
[mono_ns=7174529813450469][T0xf5e78203cca0][WARN] copy_aicore_buffer: [chip_swimlane_collector.cpp:689] Core 69: skipped 1024 AICore record slot(s) with start_time=0 (race-window write or recycled-buffer tail). buf seq=0 count=1024
[mono_ns=7174529913925672][T0xf5e8e80ab020][TIMING] emit_host_span: [STRACE] v=1 pid=2354859 tid=2354859 inv=14 hid=ec2cdc3bae966a42 depth=1 name=chip.run.runner_run ts=7174529802955989 dur=110962943 
[mono_ns=7174529914014863][T0xf5e8e80ab020][TIMING] emit_host_span: [STRACE] v=1 pid=2354859 tid=2354859 inv=14 hid=ec2cdc3bae966a42 depth=1 name=chip.run.validate ts=7174529913937532 dur=73561 
[mono_ns=7174529914026133][T0xf5e8e80ab020][TIMING] emit_host_span: [STRACE] v=1 pid=2354859 tid=2354859 inv=14 hid=ec2cdc3bae966a42 depth=2 name=chip.run.runner_run.device_wall ts=0 dur=2378140 clk=dev
[mono_ns=7174529914031813][T0xf5e8e80ab020][TIMING] emit_host_span: [STRACE] v=1 pid=2354859 tid=2354859 inv=14 hid=ec2cdc3bae966a42 depth=3 name=chip.run.runner_run.device_wall.preamble ts=0 dur=627460 clk=dev
[mono_ns=7174529914036073][T0xf5e8e80ab020][TIMING] emit_host_span: [STRACE] v=1 pid=2354859 tid=2354859 inv=14 hid=ec2cdc3bae966a42 depth=3 name=chip.run.runner_run.device_wall.graph_build ts=623740 dur=1743900 clk=dev
[mono_ns=7174529914040033][T0xf5e8e80ab020][TIMING] emit_host_span: [STRACE] v=1 pid=2354859 tid=2354859 inv=14 hid=ec2cdc3bae966a42 depth=3 name=chip.run.runner_run.device_wall.config_validate ts=623819 dur=860 clk=dev
[mono_ns=7174529914044473][T0xf5e8e80ab020][TIMING] emit_host_span: [STRACE] v=1 pid=2354859 tid=2354859 inv=14 hid=ec2cdc3bae966a42 depth=3 name=chip.run.runner_run.device_wall.arena_wire ts=624720 dur=300 clk=dev
[mono_ns=7174529914048723][T0xf5e8e80ab020][TIMING] emit_host_span: [STRACE] v=1 pid=2354859 tid=2354859 inv=14 hid=ec2cdc3bae966a42 depth=3 name=chip.run.runner_run.device_wall.sm_reset ts=625040 dur=500 clk=dev
[mono_ns=7174529914051983][T0xf5e8e80ab020][TIMING] emit_host_span: [STRACE] v=1 pid=2354859 tid=2354859 inv=14 hid=ec2cdc3bae966a42 depth=3 name=chip.run.runner_run.device_wall.post_orch ts=2367680 dur=10360 clk=dev
[mono_ns=7174529914092173][T0xf5e8e80ab020][TIMING] emit_host_span: [STRACE] v=1 pid=2354859 tid=2354859 inv=14 hid=ec2cdc3bae966a42 depth=3 name=chip.run.runner_run.device_wall.orch ts=625580 dur=3740 clk=dev
[mono_ns=7174529914095993][T0xf5e8e80ab020][TIMING] emit_host_span: [STRACE] v=1 pid=2354859 tid=2354859 inv=14 hid=ec2cdc3bae966a42 depth=3 name=chip.run.runner_run.device_wall.sched ts=627579 dur=1721860 clk=dev
[mono_ns=7174529914101223][T0xf5e8e80ab020][TIMING] emit_host_span: [STRACE] v=1 pid=2354859 tid=2354859 inv=14 hid=ec2cdc3bae966a42 depth=1 name=chip.run.claim_release ts=7174529914099123 dur=340 
[mono_ns=7174529914107093][T0xf5e8e80ab020][TIMING] emit_host_span: [STRACE] v=1 pid=2354859 tid=2354859 inv=14 hid=ec2cdc3bae966a42 depth=0 name=chip.run ts=7174529802468686 dur=111636277 run_id=14 dispatch_id=14 slot_id=0 generation=14 run_epoch=14
[mono_ns=7174532341247350][T0xf5e8e80ab020][TIMING] emit_host_span: [STRACE] v=1 pid=2354859 tid=2354859 inv=15 hid=ec2cdc3bae966a42 depth=2 name=chip.run.bind.args ts=7174532341118210 dur=122420 
[mono_ns=7174532341269600][T0xf5e8e80ab020][TIMING] emit_host_span: [STRACE] v=1 pid=2354859 tid=2354859 inv=15 hid=ec2cdc3bae966a42 depth=2 name=chip.run.bind.prebuilt ts=7174532341261730 dur=5260 
[mono_ns=7174532341274880][T0xf5e8e80ab020][TIMING] emit_host_span: [STRACE] v=1 pid=2354859 tid=2354859 inv=15 hid=ec2cdc3bae966a42 depth=1 name=chip.run.bind ts=7174532341105139 dur=167611 
[mono_ns=7174532448478632][T0xf5e8e80ab020][TIMING] emit_host_span: [STRACE] v=1 pid=2354859 tid=2354859 inv=15 hid=ec2cdc3bae966a42 depth=1 name=chip.run.runner_run ts=7174532341549072 dur=106921370 
[mono_ns=7174532448808284][T0xf5e8e80ab020][TIMING] emit_host_span: [STRACE] v=1 pid=2354859 tid=2354859 inv=15 hid=ec2cdc3bae966a42 depth=1 name=chip.run.validate ts=7174532448617233 dur=172821 
[mono_ns=7174532448824604][T0xf5e8e80ab020][TIMING] emit_host_span: [STRACE] v=1 pid=2354859 tid=2354859 inv=15 hid=ec2cdc3bae966a42 depth=2 name=chip.run.runner_run.device_wall ts=0 dur=1657820 clk=dev
[mono_ns=7174532448829754][T0xf5e8e80ab020][TIMING] emit_host_span: [STRACE] v=1 pid=2354859 tid=2354859 inv=15 hid=ec2cdc3bae966a42 depth=3 name=chip.run.runner_run.device_wall.preamble ts=0 dur=6040 clk=dev
[mono_ns=7174532448833824][T0xf5e8e80ab020][TIMING] emit_host_span: [STRACE] v=1 pid=2354859 tid=2354859 inv=15 hid=ec2cdc3bae966a42 depth=3 name=chip.run.runner_run.device_wall.graph_build ts=1240 dur=1645640 clk=dev
[mono_ns=7174532448838074][T0xf5e8e80ab020][TIMING] emit_host_span: [STRACE] v=1 pid=2354859 tid=2354859 inv=15 hid=ec2cdc3bae966a42 depth=3 name=chip.run.runner_run.device_wall.config_validate ts=1340 dur=760 clk=dev
[mono_ns=7174532448842444][T0xf5e8e80ab020][TIMING] emit_host_span: [STRACE] v=1 pid=2354859 tid=2354859 inv=15 hid=ec2cdc3bae966a42 depth=3 name=chip.run.runner_run.device_wall.arena_wire ts=2120 dur=580 clk=dev
[mono_ns=7174532448846404][T0xf5e8e80ab020][TIMING] emit_host_span: [STRACE] v=1 pid=2354859 tid=2354859 inv=15 hid=ec2cdc3bae966a42 depth=3 name=chip.run.runner_run.device_wall.sm_reset ts=2740 dur=679 clk=dev
[mono_ns=7174532448850614][T0xf5e8e80ab020][TIMING] emit_host_span: [STRACE] v=1 pid=2354859 tid=2354859 inv=15 hid=ec2cdc3bae966a42 depth=3 name=chip.run.runner_run.device_wall.post_orch ts=1646920 dur=10760 clk=dev
[mono_ns=7174532448911855][T0xf5e8e80ab020][TIMING] emit_host_span: [STRACE] v=1 pid=2354859 tid=2354859 inv=15 hid=ec2cdc3bae966a42 depth=3 name=chip.run.runner_run.device_wall.orch ts=3920 dur=8200 clk=dev
[mono_ns=7174532448916475][T0xf5e8e80ab020][TIMING] emit_host_span: [STRACE] v=1 pid=2354859 tid=2354859 inv=15 hid=ec2cdc3bae966a42 depth=3 name=chip.run.runner_run.device_wall.sched ts=6120 dur=1632840 clk=dev
[mono_ns=7174532448922855][T0xf5e8e80ab020][TIMING] emit_host_span: [STRACE] v=1 pid=2354859 tid=2354859 inv=15 hid=ec2cdc3bae966a42 depth=1 name=chip.run.claim_release ts=7174532448919595 dur=1430 
[mono_ns=7174532448931345][T0xf5e8e80ab020][TIMING] emit_host_span: [STRACE] v=1 pid=2354859 tid=2354859 inv=15 hid=ec2cdc3bae966a42 depth=0 name=chip.run ts=7174532341031369 dur=107897806 run_id=15 dispatch_id=15 slot_id=0 generation=15 run_epoch=15
[mono_ns=7174532454248105][T0xf5e8e80ab020][TIMING] emit_host_span: [STRACE] v=1 pid=2354859 tid=2354859 inv=16 hid=ec2cdc3bae966a42 depth=2 name=chip.run.bind.args ts=7174532454149094 dur=93501 
[mono_ns=7174532454268365][T0xf5e8e80ab020][TIMING] emit_host_span: [STRACE] v=1 pid=2354859 tid=2354859 inv=16 hid=ec2cdc3bae966a42 depth=2 name=chip.run.bind.prebuilt ts=7174532454260405 dur=5400 
[mono_ns=7174532454273505][T0xf5e8e80ab020][TIMING] emit_host_span: [STRACE] v=1 pid=2354859 tid=2354859 inv=16 hid=ec2cdc3bae966a42 depth=1 name=chip.run.bind ts=7174532454136734 dur=134331 
[mono_ns=7174532457208262][T0xf5e78182cca0][WARN] copy_aicore_buffer: [chip_swimlane_collector.cpp:689] Core 2: skipped 1024 AICore record slot(s) with start_time=0 (race-window write or recycled-buffer tail). buf seq=0 count=1024
[mono_ns=7174532457245702][T0xf5e78284cca0][WARN] copy_aicore_buffer: [chip_swimlane_collector.cpp:689] Core 0: skipped 1024 AICore record slot(s) with start_time=0 (race-window write or recycled-buffer tail). buf seq=0 count=1024
[mono_ns=7174532457267982][T0xf5e78203cca0][WARN] copy_aicore_buffer: [chip_swimlane_collector.cpp:689] Core 1: skipped 1024 AICore record slot(s) with start_time=0 (race-window write or recycled-buffer tail). buf seq=0 count=1024
[mono_ns=7174532457542294][T0xf5e78182cca0][WARN] copy_aicore_buffer: [chip_swimlane_collector.cpp:689] Core 28: skipped 1023 AICore record slot(s) with start_time=0 (race-window write or recycled-buffer tail). buf seq=0 count=1024
[mono_ns=7174532457569394][T0xf5e78284cca0][WARN] copy_aicore_buffer: [chip_swimlane_collector.cpp:689] Core 24: skipped 1023 AICore record slot(s) with start_time=0 (race-window write or recycled-buffer tail). buf seq=0 count=1024
[mono_ns=7174532457604524][T0xf5e78203cca0][WARN] copy_aicore_buffer: [chip_swimlane_collector.cpp:689] Core 26: skipped 1023 AICore record slot(s) with start_time=0 (race-window write or recycled-buffer tail). buf seq=0 count=1024
[mono_ns=7174532457865136][T0xf5e78182cca0][WARN] copy_aicore_buffer: [chip_swimlane_collector.cpp:689] Core 29: skipped 1024 AICore record slot(s) with start_time=0 (race-window write or recycled-buffer tail). buf seq=0 count=1024
[mono_ns=7174532457881446][T0xf5e78284cca0][WARN] copy_aicore_buffer: [chip_swimlane_collector.cpp:689] Core 25: skipped 1024 AICore record slot(s) with start_time=0 (race-window write or recycled-buffer tail). buf seq=0 count=1024
[mono_ns=7174532457940256][T0xf5e78203cca0][WARN] copy_aicore_buffer: [chip_swimlane_collector.cpp:689] Core 27: skipped 1024 AICore record slot(s) with start_time=0 (race-window write or recycled-buffer tail). buf seq=0 count=1024
[mono_ns=7174532458247198][T0xf5e78182cca0][WARN] copy_aicore_buffer: [chip_swimlane_collector.cpp:689] Core 5: skipped 1024 AICore record slot(s) with start_time=0 (race-window write or recycled-buffer tail). buf seq=0 count=1024
[mono_ns=7174532458247998][T0xf5e78284cca0][WARN] copy_aicore_buffer: [chip_swimlane_collector.cpp:689] Core 3: skipped 1024 AICore record slot(s) with start_time=0 (race-window write or recycled-buffer tail). buf seq=0 count=1024
[mono_ns=7174532458270818][T0xf5e78203cca0][WARN] copy_aicore_buffer: [chip_swimlane_collector.cpp:689] Core 4: skipped 1024 AICore record slot(s) with start_time=0 (race-window write or recycled-buffer tail). buf seq=0 count=1024
[mono_ns=7174532458558070][T0xf5e78284cca0][WARN] copy_aicore_buffer: [chip_swimlane_collector.cpp:689] Core 30: skipped 1024 AICore record slot(s) with start_time=0 (race-window write or recycled-buffer tail). buf seq=0 count=1024
[mono_ns=7174532458570530][T0xf5e78182cca0][WARN] copy_aicore_buffer: [chip_swimlane_collector.cpp:689] Core 34: skipped 1024 AICore record slot(s) with start_time=0 (race-window write or recycled-buffer tail). buf seq=0 count=1024
[mono_ns=7174532458589210][T0xf5e78203cca0][WARN] copy_aicore_buffer: [chip_swimlane_collector.cpp:689] Core 32: skipped 1024 AICore record slot(s) with start_time=0 (race-window write or recycled-buffer tail). buf seq=0 count=1024
[mono_ns=7174532458870101][T0xf5e78284cca0][WARN] copy_aicore_buffer: [chip_swimlane_collector.cpp:689] Core 31: skipped 1024 AICore record slot(s) with start_time=0 (race-window write or recycled-buffer tail). buf seq=0 count=1024
[mono_ns=7174532458891971][T0xf5e78182cca0][WARN] copy_aicore_buffer: [chip_swimlane_collector.cpp:689] Core 35: skipped 1023 AICore record slot(s) with start_time=0 (race-window write or recycled-buffer tail). buf seq=0 count=1024
[mono_ns=7174532458915552][T0xf5e78203cca0][WARN] copy_aicore_buffer: [chip_swimlane_collector.cpp:689] Core 33: skipped 1022 AICore record slot(s) with start_time=0 (race-window write or recycled-buffer tail). buf seq=0 count=1024
[mono_ns=7174532459210323][T0xf5e78284cca0][WARN] copy_aicore_buffer: [chip_swimlane_collector.cpp:689] Core 6: skipped 1024 AICore record slot(s) with start_time=0 (race-window write or recycled-buffer tail). buf seq=0 count=1024
[mono_ns=7174532459221583][T0xf5e78182cca0][WARN] copy_aicore_buffer: [chip_swimlane_collector.cpp:689] Core 8: skipped 1024 AICore record slot(s) with start_time=0 (race-window write or recycled-buffer tail). buf seq=0 count=1024
[mono_ns=7174532459242673][T0xf5e78203cca0][WARN] copy_aicore_buffer: [chip_swimlane_collector.cpp:689] Core 7: skipped 1024 AICore record slot(s) with start_time=0 (race-window write or recycled-buffer tail). buf seq=0 count=1024
[mono_ns=7174532459523035][T0xf5e78284cca0][WARN] copy_aicore_buffer: [chip_swimlane_collector.cpp:689] Core 36: skipped 1024 AICore record slot(s) with start_time=0 (race-window write or recycled-buffer tail). buf seq=0 count=1024
[mono_ns=7174532459544285][T0xf5e78182cca0][WARN] copy_aicore_buffer: [chip_swimlane_collector.cpp:689] Core 40: skipped 1024 AICore record slot(s) with start_time=0 (race-window write or recycled-buffer tail). buf seq=0 count=1024
[mono_ns=7174532459564285][T0xf5e78203cca0][WARN] copy_aicore_buffer: [chip_swimlane_collector.cpp:689] Core 38: skipped 1024 AICore record slot(s) with start_time=0 (race-window write or recycled-buffer tail). buf seq=0 count=1024
[mono_ns=7174532459834877][T0xf5e78284cca0][WARN] copy_aicore_buffer: [chip_swimlane_collector.cpp:689] Core 37: skipped 1024 AICore record slot(s) with start_time=0 (race-window write or recycled-buffer tail). buf seq=0 count=1024
[mono_ns=7174532459865097][T0xf5e78182cca0][WARN] copy_aicore_buffer: [chip_swimlane_collector.cpp:689] Core 41: skipped 1024 AICore record slot(s) with start_time=0 (race-window write or recycled-buffer tail). buf seq=0 count=1024
[mono_ns=7174532459889357][T0xf5e78203cca0][WARN] copy_aicore_buffer: [chip_swimlane_collector.cpp:689] Core 39: skipped 1024 AICore record slot(s) with start_time=0 (race-window write or recycled-buffer tail). buf seq=0 count=1024
[mono_ns=7174532460156459][T0xf5e78284cca0][WARN] copy_aicore_buffer: [chip_swimlane_collector.cpp:689] Core 9: skipped 1024 AICore record slot(s) with start_time=0 (race-window write or recycled-buffer tail). buf seq=0 count=1024
[mono_ns=7174532460189589][T0xf5e78182cca0][WARN] copy_aicore_buffer: [chip_swimlane_collector.cpp:689] Core 11: skipped 1024 AICore record slot(s) with start_time=0 (race-window write or recycled-buffer tail). buf seq=0 count=1024
[mono_ns=7174532460219689][T0xf5e78203cca0][WARN] copy_aicore_buffer: [chip_swimlane_collector.cpp:689] Core 10: skipped 1024 AICore record slot(s) with start_time=0 (race-window write or recycled-buffer tail). buf seq=0 count=1024
[mono_ns=7174532460468390][T0xf5e78284cca0][WARN] copy_aicore_buffer: [chip_swimlane_collector.cpp:689] Core 42: skipped 1024 AICore record slot(s) with start_time=0 (race-window write or recycled-buffer tail). buf seq=0 count=1024
[mono_ns=7174532460511341][T0xf5e78182cca0][WARN] copy_aicore_buffer: [chip_swimlane_collector.cpp:689] Core 46: skipped 1024 AICore record slot(s) with start_time=0 (race-window write or recycled-buffer tail). buf seq=0 count=1024
[mono_ns=7174532460544651][T0xf5e78203cca0][WARN] copy_aicore_buffer: [chip_swimlane_collector.cpp:689] Core 44: skipped 1024 AICore record slot(s) with start_time=0 (race-window write or recycled-buffer tail). buf seq=0 count=1024
[mono_ns=7174532460781342][T0xf5e78284cca0][WARN] copy_aicore_buffer: [chip_swimlane_collector.cpp:689] Core 43: skipped 1024 AICore record slot(s) with start_time=0 (race-window write or recycled-buffer tail). buf seq=0 count=1024
[mono_ns=7174532460832773][T0xf5e78182cca0][WARN] copy_aicore_buffer: [chip_swimlane_collector.cpp:689] Core 47: skipped 1024 AICore record slot(s) with start_time=0 (race-window write or recycled-buffer tail). buf seq=0 count=1024
[mono_ns=7174532460869273][T0xf5e78203cca0][WARN] copy_aicore_buffer: [chip_swimlane_collector.cpp:689] Core 45: skipped 1024 AICore record slot(s) with start_time=0 (race-window write or recycled-buffer tail). buf seq=0 count=1024
[mono_ns=7174532461098334][T0xf5e78284cca0][WARN] copy_aicore_buffer: [chip_swimlane_collector.cpp:689] Core 12: skipped 1024 AICore record slot(s) with start_time=0 (race-window write or recycled-buffer tail). buf seq=0 count=1024
[mono_ns=7174532461160514][T0xf5e78182cca0][WARN] copy_aicore_buffer: [chip_swimlane_collector.cpp:689] Core 14: skipped 1024 AICore record slot(s) with start_time=0 (race-window write or recycled-buffer tail). buf seq=0 count=1024
[mono_ns=7174532461196585][T0xf5e78203cca0][WARN] copy_aicore_buffer: [chip_swimlane_collector.cpp:689] Core 13: skipped 1024 AICore record slot(s) with start_time=0 (race-window write or recycled-buffer tail). buf seq=0 count=1024
[mono_ns=7174532461411736][T0xf5e78284cca0][WARN] copy_aicore_buffer: [chip_swimlane_collector.cpp:689] Core 48: skipped 1024 AICore record slot(s) with start_time=0 (race-window write or recycled-buffer tail). buf seq=0 count=1024
[mono_ns=7174532461482816][T0xf5e78182cca0][WARN] copy_aicore_buffer: [chip_swimlane_collector.cpp:689] Core 52: skipped 1024 AICore record slot(s) with start_time=0 (race-window write or recycled-buffer tail). buf seq=0 count=1024
[mono_ns=7174532461588547][T0xf5e78203cca0][WARN] copy_aicore_buffer: [chip_swimlane_collector.cpp:689] Core 50: skipped 1024 AICore record slot(s) with start_time=0 (race-window write or recycled-buffer tail). buf seq=0 count=1024
[mono_ns=7174532461723068][T0xf5e78284cca0][WARN] copy_aicore_buffer: [chip_swimlane_collector.cpp:689] Core 49: skipped 1024 AICore record slot(s) with start_time=0 (race-window write or recycled-buffer tail). buf seq=0 count=1024
[mono_ns=7174532461803938][T0xf5e78182cca0][WARN] copy_aicore_buffer: [chip_swimlane_collector.cpp:689] Core 53: skipped 1024 AICore record slot(s) with start_time=0 (race-window write or recycled-buffer tail). buf seq=0 count=1024
[mono_ns=7174532461913069][T0xf5e78203cca0][WARN] copy_aicore_buffer: [chip_swimlane_collector.cpp:689] Core 51: skipped 1024 AICore record slot(s) with start_time=0 (race-window write or recycled-buffer tail). buf seq=0 count=1024
[mono_ns=7174532462043969][T0xf5e78284cca0][WARN] copy_aicore_buffer: [chip_swimlane_collector.cpp:689] Core 15: skipped 1024 AICore record slot(s) with start_time=0 (race-window write or recycled-buffer tail). buf seq=0 count=1024
[mono_ns=7174532462128400][T0xf5e78182cca0][WARN] copy_aicore_buffer: [chip_swimlane_collector.cpp:689] Core 17: skipped 1024 AICore record slot(s) with start_time=0 (race-window write or recycled-buffer tail). buf seq=0 count=1024
[mono_ns=7174532462241301][T0xf5e78203cca0][WARN] copy_aicore_buffer: [chip_swimlane_collector.cpp:689] Core 16: skipped 1024 AICore record slot(s) with start_time=0 (race-window write or recycled-buffer tail). buf seq=0 count=1024
[mono_ns=7174532462358581][T0xf5e78284cca0][WARN] copy_aicore_buffer: [chip_swimlane_collector.cpp:689] Core 54: skipped 1024 AICore record slot(s) with start_time=0 (race-window write or recycled-buffer tail). buf seq=0 count=1024
[mono_ns=7174532462458602][T0xf5e78182cca0][WARN] copy_aicore_buffer: [chip_swimlane_collector.cpp:689] Core 58: skipped 1024 AICore record slot(s) with start_time=0 (race-window write or recycled-buffer tail). buf seq=0 count=1024
[mono_ns=7174532462565982][T0xf5e78203cca0][WARN] copy_aicore_buffer: [chip_swimlane_collector.cpp:689] Core 56: skipped 1024 AICore record slot(s) with start_time=0 (race-window write or recycled-buffer tail). buf seq=0 count=1024
[mono_ns=7174532462671813][T0xf5e78284cca0][WARN] copy_aicore_buffer: [chip_swimlane_collector.cpp:689] Core 55: skipped 1024 AICore record slot(s) with start_time=0 (race-window write or recycled-buffer tail). buf seq=0 count=1024
[mono_ns=7174532462779454][T0xf5e78182cca0][WARN] copy_aicore_buffer: [chip_swimlane_collector.cpp:689] Core 59: skipped 1024 AICore record slot(s) with start_time=0 (race-window write or recycled-buffer tail). buf seq=0 count=1024
[mono_ns=7174532462889164][T0xf5e78203cca0][WARN] copy_aicore_buffer: [chip_swimlane_collector.cpp:689] Core 57: skipped 1024 AICore record slot(s) with start_time=0 (race-window write or recycled-buffer tail). buf seq=0 count=1024
[mono_ns=7174532462985695][T0xf5e78284cca0][WARN] copy_aicore_buffer: [chip_swimlane_collector.cpp:689] Core 18: skipped 1024 AICore record slot(s) with start_time=0 (race-window write or recycled-buffer tail). buf seq=0 count=1024
[mono_ns=7174532463113376][T0xf5e78182cca0][WARN] copy_aicore_buffer: [chip_swimlane_collector.cpp:689] Core 20: skipped 1024 AICore record slot(s) with start_time=0 (race-window write or recycled-buffer tail). buf seq=0 count=1024
[mono_ns=7174532463220286][T0xf5e78203cca0][WARN] copy_aicore_buffer: [chip_swimlane_collector.cpp:689] Core 19: skipped 1024 AICore record slot(s) with start_time=0 (race-window write or recycled-buffer tail). buf seq=0 count=1024
[mono_ns=7174532463304917][T0xf5e78284cca0][WARN] copy_aicore_buffer: [chip_swimlane_collector.cpp:689] Core 60: skipped 1024 AICore record slot(s) with start_time=0 (race-window write or recycled-buffer tail). buf seq=0 count=1024
[mono_ns=7174532463435087][T0xf5e78182cca0][WARN] copy_aicore_buffer: [chip_swimlane_collector.cpp:689] Core 64: skipped 1024 AICore record slot(s) with start_time=0 (race-window write or recycled-buffer tail). buf seq=0 count=1024
[mono_ns=7174532463545258][T0xf5e78203cca0][WARN] copy_aicore_buffer: [chip_swimlane_collector.cpp:689] Core 62: skipped 1024 AICore record slot(s) with start_time=0 (race-window write or recycled-buffer tail). buf seq=0 count=1024
[mono_ns=7174532463617168][T0xf5e78284cca0][WARN] copy_aicore_buffer: [chip_swimlane_collector.cpp:689] Core 61: skipped 1024 AICore record slot(s) with start_time=0 (race-window write or recycled-buffer tail). buf seq=0 count=1024
[mono_ns=7174532463755739][T0xf5e78182cca0][WARN] copy_aicore_buffer: [chip_swimlane_collector.cpp:689] Core 65: skipped 1024 AICore record slot(s) with start_time=0 (race-window write or recycled-buffer tail). buf seq=0 count=1024
[mono_ns=7174532463868490][T0xf5e78203cca0][WARN] copy_aicore_buffer: [chip_swimlane_collector.cpp:689] Core 63: skipped 1024 AICore record slot(s) with start_time=0 (race-window write or recycled-buffer tail). buf seq=0 count=1024
[mono_ns=7174532463929950][T0xf5e78284cca0][WARN] copy_aicore_buffer: [chip_swimlane_collector.cpp:689] Core 21: skipped 1024 AICore record slot(s) with start_time=0 (race-window write or recycled-buffer tail). buf seq=0 count=1024
[mono_ns=7174532464086781][T0xf5e78182cca0][WARN] copy_aicore_buffer: [chip_swimlane_collector.cpp:689] Core 23: skipped 1024 AICore record slot(s) with start_time=0 (race-window write or recycled-buffer tail). buf seq=0 count=1024
[mono_ns=7174532464205542][T0xf5e78203cca0][WARN] copy_aicore_buffer: [chip_swimlane_collector.cpp:689] Core 22: skipped 1024 AICore record slot(s) with start_time=0 (race-window write or recycled-buffer tail). buf seq=0 count=1024
[mono_ns=7174532464247732][T0xf5e78284cca0][WARN] copy_aicore_buffer: [chip_swimlane_collector.cpp:689] Core 66: skipped 1024 AICore record slot(s) with start_time=0 (race-window write or recycled-buffer tail). buf seq=0 count=1024
[mono_ns=7174532464407943][T0xf5e78182cca0][WARN] copy_aicore_buffer: [chip_swimlane_collector.cpp:689] Core 70: skipped 1024 AICore record slot(s) with start_time=0 (race-window write or recycled-buffer tail). buf seq=0 count=1024
[mono_ns=7174532464530134][T0xf5e78203cca0][WARN] copy_aicore_buffer: [chip_swimlane_collector.cpp:689] Core 68: skipped 1024 AICore record slot(s) with start_time=0 (race-window write or recycled-buffer tail). buf seq=0 count=1024
[mono_ns=7174532464559454][T0xf5e78284cca0][WARN] copy_aicore_buffer: [chip_swimlane_collector.cpp:689] Core 67: skipped 1024 AICore record slot(s) with start_time=0 (race-window write or recycled-buffer tail). buf seq=0 count=1024
[mono_ns=7174532464728125][T0xf5e78182cca0][WARN] copy_aicore_buffer: [chip_swimlane_collector.cpp:689] Core 71: skipped 1024 AICore record slot(s) with start_time=0 (race-window write or recycled-buffer tail). buf seq=0 count=1024
[mono_ns=7174532464854935][T0xf5e78203cca0][WARN] copy_aicore_buffer: [chip_swimlane_collector.cpp:689] Core 69: skipped 1024 AICore record slot(s) with start_time=0 (race-window write or recycled-buffer tail). buf seq=0 count=1024
[mono_ns=7174532565402749][T0xf5e8e80ab020][TIMING] emit_host_span: [STRACE] v=1 pid=2354859 tid=2354859 inv=16 hid=ec2cdc3bae966a42 depth=1 name=chip.run.runner_run ts=7174532454630907 dur=110763952 
[mono_ns=7174532565482770][T0xf5e8e80ab020][TIMING] emit_host_span: [STRACE] v=1 pid=2354859 tid=2354859 inv=16 hid=ec2cdc3bae966a42 depth=1 name=chip.run.validate ts=7174532565414939 dur=64171 
[mono_ns=7174532565493620][T0xf5e8e80ab020][TIMING] emit_host_span: [STRACE] v=1 pid=2354859 tid=2354859 inv=16 hid=ec2cdc3bae966a42 depth=2 name=chip.run.runner_run.device_wall ts=0 dur=2075000 clk=dev
[mono_ns=7174532565498030][T0xf5e8e80ab020][TIMING] emit_host_span: [STRACE] v=1 pid=2354859 tid=2354859 inv=16 hid=ec2cdc3bae966a42 depth=3 name=chip.run.runner_run.device_wall.preamble ts=0 dur=631880 clk=dev
[mono_ns=7174532565502070][T0xf5e8e80ab020][TIMING] emit_host_span: [STRACE] v=1 pid=2354859 tid=2354859 inv=16 hid=ec2cdc3bae966a42 depth=3 name=chip.run.runner_run.device_wall.graph_build ts=627740 dur=1436840 clk=dev
[mono_ns=7174532565505260][T0xf5e8e80ab020][TIMING] emit_host_span: [STRACE] v=1 pid=2354859 tid=2354859 inv=16 hid=ec2cdc3bae966a42 depth=3 name=chip.run.runner_run.device_wall.config_validate ts=627819 dur=720 clk=dev
[mono_ns=7174532565539890][T0xf5e8e80ab020][TIMING] emit_host_span: [STRACE] v=1 pid=2354859 tid=2354859 inv=16 hid=ec2cdc3bae966a42 depth=3 name=chip.run.runner_run.device_wall.arena_wire ts=628580 dur=240 clk=dev
[mono_ns=7174532565544560][T0xf5e8e80ab020][TIMING] emit_host_span: [STRACE] v=1 pid=2354859 tid=2354859 inv=16 hid=ec2cdc3bae966a42 depth=3 name=chip.run.runner_run.device_wall.sm_reset ts=628860 dur=459 clk=dev
[mono_ns=7174532565548340][T0xf5e8e80ab020][TIMING] emit_host_span: [STRACE] v=1 pid=2354859 tid=2354859 inv=16 hid=ec2cdc3bae966a42 depth=3 name=chip.run.runner_run.device_wall.post_orch ts=2064620 dur=10299 clk=dev
[mono_ns=7174532565551250][T0xf5e8e80ab020][TIMING] emit_host_span: [STRACE] v=1 pid=2354859 tid=2354859 inv=16 hid=ec2cdc3bae966a42 depth=3 name=chip.run.runner_run.device_wall.orch ts=629360 dur=3300 clk=dev
[mono_ns=7174532565554880][T0xf5e8e80ab020][TIMING] emit_host_span: [STRACE] v=1 pid=2354859 tid=2354859 inv=16 hid=ec2cdc3bae966a42 depth=3 name=chip.run.runner_run.device_wall.sched ts=632060 dur=1415820 clk=dev
[mono_ns=7174532565559800][T0xf5e8e80ab020][TIMING] emit_host_span: [STRACE] v=1 pid=2354859 tid=2354859 inv=16 hid=ec2cdc3bae966a42 depth=1 name=chip.run.claim_release ts=7174532565557550 dur=470 
[mono_ns=7174532565564580][T0xf5e8e80ab020][TIMING] emit_host_span: [STRACE] v=1 pid=2354859 tid=2354859 inv=16 hid=ec2cdc3bae966a42 depth=0 name=chip.run ts=7174532454082124 dur=111480386 run_id=16 dispatch_id=16 slot_id=0 generation=16 run_epoch=16
[mono_ns=7174534990430123][T0xf5e8e80ab020][TIMING] emit_host_span: [STRACE] v=1 pid=2354859 tid=2354859 inv=17 hid=ec2cdc3bae966a42 depth=2 name=chip.run.bind.args ts=7174534990280022 dur=142071 
[mono_ns=7174534990452623][T0xf5e8e80ab020][TIMING] emit_host_span: [STRACE] v=1 pid=2354859 tid=2354859 inv=17 hid=ec2cdc3bae966a42 depth=2 name=chip.run.bind.prebuilt ts=7174534990444553 dur=5510 
[mono_ns=7174534990459513][T0xf5e8e80ab020][TIMING] emit_host_span: [STRACE] v=1 pid=2354859 tid=2354859 inv=17 hid=ec2cdc3bae966a42 depth=1 name=chip.run.bind ts=7174534990265162 dur=191631 
[mono_ns=7174535095031429][T0xf5e8e80ab020][TIMING] emit_host_span: [STRACE] v=1 pid=2354859 tid=2354859 inv=17 hid=ec2cdc3bae966a42 depth=1 name=chip.run.runner_run ts=7174534990738655 dur=104281704 
[mono_ns=7174535095115320][T0xf5e8e80ab020][TIMING] emit_host_span: [STRACE] v=1 pid=2354859 tid=2354859 inv=17 hid=ec2cdc3bae966a42 depth=1 name=chip.run.validate ts=7174535095045050 dur=66420 
[mono_ns=7174535095126700][T0xf5e8e80ab020][TIMING] emit_host_span: [STRACE] v=1 pid=2354859 tid=2354859 inv=17 hid=ec2cdc3bae966a42 depth=2 name=chip.run.runner_run.device_wall ts=0 dur=2138600 clk=dev
[mono_ns=7174535095131790][T0xf5e8e80ab020][TIMING] emit_host_span: [STRACE] v=1 pid=2354859 tid=2354859 inv=17 hid=ec2cdc3bae966a42 depth=3 name=chip.run.runner_run.device_wall.preamble ts=0 dur=5960 clk=dev
[mono_ns=7174535095137210][T0xf5e8e80ab020][TIMING] emit_host_span: [STRACE] v=1 pid=2354859 tid=2354859 inv=17 hid=ec2cdc3bae966a42 depth=3 name=chip.run.runner_run.device_wall.graph_build ts=1280 dur=2128000 clk=dev
[mono_ns=7174535095141610][T0xf5e8e80ab020][TIMING] emit_host_span: [STRACE] v=1 pid=2354859 tid=2354859 inv=17 hid=ec2cdc3bae966a42 depth=3 name=chip.run.runner_run.device_wall.config_validate ts=1400 dur=1060 clk=dev
[mono_ns=7174535095189910][T0xf5e8e80ab020][TIMING] emit_host_span: [STRACE] v=1 pid=2354859 tid=2354859 inv=17 hid=ec2cdc3bae966a42 depth=3 name=chip.run.runner_run.device_wall.arena_wire ts=2480 dur=679 clk=dev
[mono_ns=7174535095196080][T0xf5e8e80ab020][TIMING] emit_host_span: [STRACE] v=1 pid=2354859 tid=2354859 inv=17 hid=ec2cdc3bae966a42 depth=3 name=chip.run.runner_run.device_wall.sm_reset ts=3180 dur=1779 clk=dev
[mono_ns=7174535095202450][T0xf5e8e80ab020][TIMING] emit_host_span: [STRACE] v=1 pid=2354859 tid=2354859 inv=17 hid=ec2cdc3bae966a42 depth=3 name=chip.run.runner_run.device_wall.post_orch ts=2129320 dur=9080 clk=dev
[mono_ns=7174535095206200][T0xf5e8e80ab020][TIMING] emit_host_span: [STRACE] v=1 pid=2354859 tid=2354859 inv=17 hid=ec2cdc3bae966a42 depth=3 name=chip.run.runner_run.device_wall.orch ts=5540 dur=10840 clk=dev
[mono_ns=7174535095212541][T0xf5e8e80ab020][TIMING] emit_host_span: [STRACE] v=1 pid=2354859 tid=2354859 inv=17 hid=ec2cdc3bae966a42 depth=3 name=chip.run.runner_run.device_wall.sched ts=6080 dur=2115020 clk=dev
[mono_ns=7174535095219801][T0xf5e8e80ab020][TIMING] emit_host_span: [STRACE] v=1 pid=2354859 tid=2354859 inv=17 hid=ec2cdc3bae966a42 depth=1 name=chip.run.claim_release ts=7174535095217391 dur=630 
[mono_ns=7174535095230571][T0xf5e8e80ab020][TIMING] emit_host_span: [STRACE] v=1 pid=2354859 tid=2354859 inv=17 hid=ec2cdc3bae966a42 depth=0 name=chip.run ts=7174534990194321 dur=105034050 run_id=17 dispatch_id=17 slot_id=0 generation=17 run_epoch=17
[mono_ns=7174535103592988][T0xf5e8e80ab020][TIMING] emit_host_span: [STRACE] v=1 pid=2354859 tid=2354859 inv=18 hid=ec2cdc3bae966a42 depth=2 name=chip.run.bind.args ts=7174535103496798 dur=90890 
[mono_ns=7174535103610208][T0xf5e8e80ab020][TIMING] emit_host_span: [STRACE] v=1 pid=2354859 tid=2354859 inv=18 hid=ec2cdc3bae966a42 depth=2 name=chip.run.bind.prebuilt ts=7174535103604128 dur=3530 
[mono_ns=7174535103614618][T0xf5e8e80ab020][TIMING] emit_host_span: [STRACE] v=1 pid=2354859 tid=2354859 inv=18 hid=ec2cdc3bae966a42 depth=1 name=chip.run.bind ts=7174535103488438 dur=124190 
[mono_ns=7174535106770746][T0xf5e78284cca0][WARN] copy_aicore_buffer: [chip_swimlane_collector.cpp:689] Core 0: skipped 1024 AICore record slot(s) with start_time=0 (race-window write or recycled-buffer tail). buf seq=0 count=1024
[mono_ns=7174535106788317][T0xf5e78182cca0][WARN] copy_aicore_buffer: [chip_swimlane_collector.cpp:689] Core 2: skipped 1024 AICore record slot(s) with start_time=0 (race-window write or recycled-buffer tail). buf seq=0 count=1024
[mono_ns=7174535106792557][T0xf5e78203cca0][WARN] copy_aicore_buffer: [chip_swimlane_collector.cpp:689] Core 1: skipped 1024 AICore record slot(s) with start_time=0 (race-window write or recycled-buffer tail). buf seq=0 count=1024
[mono_ns=7174535107107548][T0xf5e78284cca0][WARN] copy_aicore_buffer: [chip_swimlane_collector.cpp:689] Core 24: skipped 1023 AICore record slot(s) with start_time=0 (race-window write or recycled-buffer tail). buf seq=0 count=1024
[mono_ns=7174535107134029][T0xf5e78182cca0][WARN] copy_aicore_buffer: [chip_swimlane_collector.cpp:689] Core 28: skipped 1022 AICore record slot(s) with start_time=0 (race-window write or recycled-buffer tail). buf seq=0 count=1024
[mono_ns=7174535107139399][T0xf5e78203cca0][WARN] copy_aicore_buffer: [chip_swimlane_collector.cpp:689] Core 26: skipped 1024 AICore record slot(s) with start_time=0 (race-window write or recycled-buffer tail). buf seq=0 count=1024
[mono_ns=7174535107419420][T0xf5e78284cca0][WARN] copy_aicore_buffer: [chip_swimlane_collector.cpp:689] Core 25: skipped 1024 AICore record slot(s) with start_time=0 (race-window write or recycled-buffer tail). buf seq=0 count=1024
[mono_ns=7174535107467930][T0xf5e78182cca0][WARN] copy_aicore_buffer: [chip_swimlane_collector.cpp:689] Core 29: skipped 1024 AICore record slot(s) with start_time=0 (race-window write or recycled-buffer tail). buf seq=0 count=1024
[mono_ns=7174535107474900][T0xf5e78203cca0][WARN] copy_aicore_buffer: [chip_swimlane_collector.cpp:689] Core 27: skipped 1024 AICore record slot(s) with start_time=0 (race-window write or recycled-buffer tail). buf seq=0 count=1024
[mono_ns=7174535107732402][T0xf5e78284cca0][WARN] copy_aicore_buffer: [chip_swimlane_collector.cpp:689] Core 3: skipped 1024 AICore record slot(s) with start_time=0 (race-window write or recycled-buffer tail). buf seq=0 count=1024
[mono_ns=7174535107790222][T0xf5e78182cca0][WARN] copy_aicore_buffer: [chip_swimlane_collector.cpp:689] Core 5: skipped 1024 AICore record slot(s) with start_time=0 (race-window write or recycled-buffer tail). buf seq=0 count=1024
[mono_ns=7174535107794002][T0xf5e78203cca0][WARN] copy_aicore_buffer: [chip_swimlane_collector.cpp:689] Core 4: skipped 1024 AICore record slot(s) with start_time=0 (race-window write or recycled-buffer tail). buf seq=0 count=1024
[mono_ns=7174535108050304][T0xf5e78284cca0][WARN] copy_aicore_buffer: [chip_swimlane_collector.cpp:689] Core 30: skipped 1024 AICore record slot(s) with start_time=0 (race-window write or recycled-buffer tail). buf seq=0 count=1024
[mono_ns=7174535108118794][T0xf5e78182cca0][WARN] copy_aicore_buffer: [chip_swimlane_collector.cpp:689] Core 34: skipped 1024 AICore record slot(s) with start_time=0 (race-window write or recycled-buffer tail). buf seq=0 count=1024
[mono_ns=7174535108124724][T0xf5e78203cca0][WARN] copy_aicore_buffer: [chip_swimlane_collector.cpp:689] Core 32: skipped 1024 AICore record slot(s) with start_time=0 (race-window write or recycled-buffer tail). buf seq=0 count=1024
[mono_ns=7174535108364706][T0xf5e78284cca0][WARN] copy_aicore_buffer: [chip_swimlane_collector.cpp:689] Core 31: skipped 1022 AICore record slot(s) with start_time=0 (race-window write or recycled-buffer tail). buf seq=0 count=1024
[mono_ns=7174535108443396][T0xf5e78182cca0][WARN] copy_aicore_buffer: [chip_swimlane_collector.cpp:689] Core 35: skipped 1023 AICore record slot(s) with start_time=0 (race-window write or recycled-buffer tail). buf seq=0 count=1024
[mono_ns=7174535108444596][T0xf5e78203cca0][WARN] copy_aicore_buffer: [chip_swimlane_collector.cpp:689] Core 33: skipped 1024 AICore record slot(s) with start_time=0 (race-window write or recycled-buffer tail). buf seq=0 count=1024
[mono_ns=7174535108677537][T0xf5e78284cca0][WARN] copy_aicore_buffer: [chip_swimlane_collector.cpp:689] Core 6: skipped 1024 AICore record slot(s) with start_time=0 (race-window write or recycled-buffer tail). buf seq=0 count=1024
[mono_ns=7174535108763678][T0xf5e78182cca0][WARN] copy_aicore_buffer: [chip_swimlane_collector.cpp:689] Core 8: skipped 1024 AICore record slot(s) with start_time=0 (race-window write or recycled-buffer tail). buf seq=0 count=1024
[mono_ns=7174535108765158][T0xf5e78203cca0][WARN] copy_aicore_buffer: [chip_swimlane_collector.cpp:689] Core 7: skipped 1024 AICore record slot(s) with start_time=0 (race-window write or recycled-buffer tail). buf seq=0 count=1024
[mono_ns=7174535108988009][T0xf5e78284cca0][WARN] copy_aicore_buffer: [chip_swimlane_collector.cpp:689] Core 36: skipped 1024 AICore record slot(s) with start_time=0 (race-window write or recycled-buffer tail). buf seq=0 count=1024
[mono_ns=7174535109090440][T0xf5e78182cca0][WARN] copy_aicore_buffer: [chip_swimlane_collector.cpp:689] Core 40: skipped 1024 AICore record slot(s) with start_time=0 (race-window write or recycled-buffer tail). buf seq=0 count=1024
[mono_ns=7174535109172120][T0xf5e78203cca0][WARN] copy_aicore_buffer: [chip_swimlane_collector.cpp:689] Core 38: skipped 1024 AICore record slot(s) with start_time=0 (race-window write or recycled-buffer tail). buf seq=0 count=1024
[mono_ns=7174535109306851][T0xf5e78284cca0][WARN] copy_aicore_buffer: [chip_swimlane_collector.cpp:689] Core 37: skipped 1024 AICore record slot(s) with start_time=0 (race-window write or recycled-buffer tail). buf seq=0 count=1024
[mono_ns=7174535109413092][T0xf5e78182cca0][WARN] copy_aicore_buffer: [chip_swimlane_collector.cpp:689] Core 41: skipped 1024 AICore record slot(s) with start_time=0 (race-window write or recycled-buffer tail). buf seq=0 count=1024
[mono_ns=7174535109498062][T0xf5e78203cca0][WARN] copy_aicore_buffer: [chip_swimlane_collector.cpp:689] Core 39: skipped 1024 AICore record slot(s) with start_time=0 (race-window write or recycled-buffer tail). buf seq=0 count=1024
[mono_ns=7174535109619073][T0xf5e78284cca0][WARN] copy_aicore_buffer: [chip_swimlane_collector.cpp:689] Core 9: skipped 1024 AICore record slot(s) with start_time=0 (race-window write or recycled-buffer tail). buf seq=0 count=1024
[mono_ns=7174535109734523][T0xf5e78182cca0][WARN] copy_aicore_buffer: [chip_swimlane_collector.cpp:689] Core 11: skipped 1024 AICore record slot(s) with start_time=0 (race-window write or recycled-buffer tail). buf seq=0 count=1024
[mono_ns=7174535109821434][T0xf5e78203cca0][WARN] copy_aicore_buffer: [chip_swimlane_collector.cpp:689] Core 10: skipped 1024 AICore record slot(s) with start_time=0 (race-window write or recycled-buffer tail). buf seq=0 count=1024
[mono_ns=7174535109932124][T0xf5e78284cca0][WARN] copy_aicore_buffer: [chip_swimlane_collector.cpp:689] Core 42: skipped 1024 AICore record slot(s) with start_time=0 (race-window write or recycled-buffer tail). buf seq=0 count=1024
[mono_ns=7174535110064245][T0xf5e78182cca0][WARN] copy_aicore_buffer: [chip_swimlane_collector.cpp:689] Core 46: skipped 1024 AICore record slot(s) with start_time=0 (race-window write or recycled-buffer tail). buf seq=0 count=1024
[mono_ns=7174535110154926][T0xf5e78203cca0][WARN] copy_aicore_buffer: [chip_swimlane_collector.cpp:689] Core 44: skipped 1024 AICore record slot(s) with start_time=0 (race-window write or recycled-buffer tail). buf seq=0 count=1024
[mono_ns=7174535110251046][T0xf5e78284cca0][WARN] copy_aicore_buffer: [chip_swimlane_collector.cpp:689] Core 43: skipped 1024 AICore record slot(s) with start_time=0 (race-window write or recycled-buffer tail). buf seq=0 count=1024
[mono_ns=7174535110383987][T0xf5e78182cca0][WARN] copy_aicore_buffer: [chip_swimlane_collector.cpp:689] Core 47: skipped 1024 AICore record slot(s) with start_time=0 (race-window write or recycled-buffer tail). buf seq=0 count=1024
[mono_ns=7174535110480408][T0xf5e78203cca0][WARN] copy_aicore_buffer: [chip_swimlane_collector.cpp:689] Core 45: skipped 1024 AICore record slot(s) with start_time=0 (race-window write or recycled-buffer tail). buf seq=0 count=1024
[mono_ns=7174535110563478][T0xf5e78284cca0][WARN] copy_aicore_buffer: [chip_swimlane_collector.cpp:689] Core 12: skipped 1024 AICore record slot(s) with start_time=0 (race-window write or recycled-buffer tail). buf seq=0 count=1024
[mono_ns=7174535110704499][T0xf5e78182cca0][WARN] copy_aicore_buffer: [chip_swimlane_collector.cpp:689] Core 14: skipped 1024 AICore record slot(s) with start_time=0 (race-window write or recycled-buffer tail). buf seq=0 count=1024
[mono_ns=7174535110833250][T0xf5e78203cca0][WARN] copy_aicore_buffer: [chip_swimlane_collector.cpp:689] Core 13: skipped 1024 AICore record slot(s) with start_time=0 (race-window write or recycled-buffer tail). buf seq=0 count=1024
[mono_ns=7174535110875220][T0xf5e78284cca0][WARN] copy_aicore_buffer: [chip_swimlane_collector.cpp:689] Core 48: skipped 1024 AICore record slot(s) with start_time=0 (race-window write or recycled-buffer tail). buf seq=0 count=1024
[mono_ns=7174535111033681][T0xf5e78182cca0][WARN] copy_aicore_buffer: [chip_swimlane_collector.cpp:689] Core 52: skipped 1024 AICore record slot(s) with start_time=0 (race-window write or recycled-buffer tail). buf seq=0 count=1024
[mono_ns=7174535111164912][T0xf5e78203cca0][WARN] copy_aicore_buffer: [chip_swimlane_collector.cpp:689] Core 50: skipped 1024 AICore record slot(s) with start_time=0 (race-window write or recycled-buffer tail). buf seq=0 count=1024
[mono_ns=7174535111191062][T0xf5e78284cca0][WARN] copy_aicore_buffer: [chip_swimlane_collector.cpp:689] Core 49: skipped 1024 AICore record slot(s) with start_time=0 (race-window write or recycled-buffer tail). buf seq=0 count=1024
[mono_ns=7174535111355943][T0xf5e78182cca0][WARN] copy_aicore_buffer: [chip_swimlane_collector.cpp:689] Core 53: skipped 1024 AICore record slot(s) with start_time=0 (race-window write or recycled-buffer tail). buf seq=0 count=1024
[mono_ns=7174535111487933][T0xf5e78203cca0][WARN] copy_aicore_buffer: [chip_swimlane_collector.cpp:689] Core 51: skipped 1024 AICore record slot(s) with start_time=0 (race-window write or recycled-buffer tail). buf seq=0 count=1024
[mono_ns=7174535111503733][T0xf5e78284cca0][WARN] copy_aicore_buffer: [chip_swimlane_collector.cpp:689] Core 15: skipped 1024 AICore record slot(s) with start_time=0 (race-window write or recycled-buffer tail). buf seq=0 count=1024
[mono_ns=7174535111680304][T0xf5e78182cca0][WARN] copy_aicore_buffer: [chip_swimlane_collector.cpp:689] Core 17: skipped 1024 AICore record slot(s) with start_time=0 (race-window write or recycled-buffer tail). buf seq=0 count=1024
[mono_ns=7174535111809755][T0xf5e78284cca0][WARN] copy_aicore_buffer: [chip_swimlane_collector.cpp:689] Core 54: skipped 1024 AICore record slot(s) with start_time=0 (race-window write or recycled-buffer tail). buf seq=0 count=1024
[mono_ns=7174535111811435][T0xf5e78203cca0][WARN] copy_aicore_buffer: [chip_swimlane_collector.cpp:689] Core 16: skipped 1024 AICore record slot(s) with start_time=0 (race-window write or recycled-buffer tail). buf seq=0 count=1024
[mono_ns=7174535112006306][T0xf5e78182cca0][WARN] copy_aicore_buffer: [chip_swimlane_collector.cpp:689] Core 58: skipped 1024 AICore record slot(s) with start_time=0 (race-window write or recycled-buffer tail). buf seq=0 count=1024
[mono_ns=7174535112125767][T0xf5e78284cca0][WARN] copy_aicore_buffer: [chip_swimlane_collector.cpp:689] Core 55: skipped 1024 AICore record slot(s) with start_time=0 (race-window write or recycled-buffer tail). buf seq=0 count=1024
[mono_ns=7174535112139937][T0xf5e78203cca0][WARN] copy_aicore_buffer: [chip_swimlane_collector.cpp:689] Core 56: skipped 1024 AICore record slot(s) with start_time=0 (race-window write or recycled-buffer tail). buf seq=0 count=1024
[mono_ns=7174535112326888][T0xf5e78182cca0][WARN] copy_aicore_buffer: [chip_swimlane_collector.cpp:689] Core 59: skipped 1024 AICore record slot(s) with start_time=0 (race-window write or recycled-buffer tail). buf seq=0 count=1024
[mono_ns=7174535112437289][T0xf5e78284cca0][WARN] copy_aicore_buffer: [chip_swimlane_collector.cpp:689] Core 18: skipped 1024 AICore record slot(s) with start_time=0 (race-window write or recycled-buffer tail). buf seq=0 count=1024
[mono_ns=7174535112457939][T0xf5e78203cca0][WARN] copy_aicore_buffer: [chip_swimlane_collector.cpp:689] Core 57: skipped 1024 AICore record slot(s) with start_time=0 (race-window write or recycled-buffer tail). buf seq=0 count=1024
[mono_ns=7174535112648350][T0xf5e78182cca0][WARN] copy_aicore_buffer: [chip_swimlane_collector.cpp:689] Core 20: skipped 1024 AICore record slot(s) with start_time=0 (race-window write or recycled-buffer tail). buf seq=0 count=1024
[mono_ns=7174535112747801][T0xf5e78284cca0][WARN] copy_aicore_buffer: [chip_swimlane_collector.cpp:689] Core 60: skipped 1024 AICore record slot(s) with start_time=0 (race-window write or recycled-buffer tail). buf seq=0 count=1024
[mono_ns=7174535112781711][T0xf5e78203cca0][WARN] copy_aicore_buffer: [chip_swimlane_collector.cpp:689] Core 19: skipped 1024 AICore record slot(s) with start_time=0 (race-window write or recycled-buffer tail). buf seq=0 count=1024
[mono_ns=7174535112968612][T0xf5e78182cca0][WARN] copy_aicore_buffer: [chip_swimlane_collector.cpp:689] Core 64: skipped 1024 AICore record slot(s) with start_time=0 (race-window write or recycled-buffer tail). buf seq=0 count=1024
[mono_ns=7174535113070842][T0xf5e78284cca0][WARN] copy_aicore_buffer: [chip_swimlane_collector.cpp:689] Core 61: skipped 1024 AICore record slot(s) with start_time=0 (race-window write or recycled-buffer tail). buf seq=0 count=1024
[mono_ns=7174535113120913][T0xf5e78203cca0][WARN] copy_aicore_buffer: [chip_swimlane_collector.cpp:689] Core 62: skipped 1024 AICore record slot(s) with start_time=0 (race-window write or recycled-buffer tail). buf seq=0 count=1024
[mono_ns=7174535113305634][T0xf5e78182cca0][WARN] copy_aicore_buffer: [chip_swimlane_collector.cpp:689] Core 65: skipped 1024 AICore record slot(s) with start_time=0 (race-window write or recycled-buffer tail). buf seq=0 count=1024
[mono_ns=7174535113383964][T0xf5e78284cca0][WARN] copy_aicore_buffer: [chip_swimlane_collector.cpp:689] Core 21: skipped 1024 AICore record slot(s) with start_time=0 (race-window write or recycled-buffer tail). buf seq=0 count=1024
[mono_ns=7174535113446135][T0xf5e78203cca0][WARN] copy_aicore_buffer: [chip_swimlane_collector.cpp:689] Core 63: skipped 1024 AICore record slot(s) with start_time=0 (race-window write or recycled-buffer tail). buf seq=0 count=1024
[mono_ns=7174535113627816][T0xf5e78182cca0][WARN] copy_aicore_buffer: [chip_swimlane_collector.cpp:689] Core 23: skipped 1024 AICore record slot(s) with start_time=0 (race-window write or recycled-buffer tail). buf seq=0 count=1024
[mono_ns=7174535113695626][T0xf5e78284cca0][WARN] copy_aicore_buffer: [chip_swimlane_collector.cpp:689] Core 66: skipped 1024 AICore record slot(s) with start_time=0 (race-window write or recycled-buffer tail). buf seq=0 count=1024
[mono_ns=7174535113771166][T0xf5e78203cca0][WARN] copy_aicore_buffer: [chip_swimlane_collector.cpp:689] Core 22: skipped 1024 AICore record slot(s) with start_time=0 (race-window write or recycled-buffer tail). buf seq=0 count=1024
[mono_ns=7174535113950997][T0xf5e78182cca0][WARN] copy_aicore_buffer: [chip_swimlane_collector.cpp:689] Core 70: skipped 1024 AICore record slot(s) with start_time=0 (race-window write or recycled-buffer tail). buf seq=0 count=1024
[mono_ns=7174535114014698][T0xf5e78284cca0][WARN] copy_aicore_buffer: [chip_swimlane_collector.cpp:689] Core 67: skipped 1024 AICore record slot(s) with start_time=0 (race-window write or recycled-buffer tail). buf seq=0 count=1024
[mono_ns=7174535114139898][T0xf5e78203cca0][WARN] copy_aicore_buffer: [chip_swimlane_collector.cpp:689] Core 68: skipped 1024 AICore record slot(s) with start_time=0 (race-window write or recycled-buffer tail). buf seq=0 count=1024
[mono_ns=7174535114283439][T0xf5e78182cca0][WARN] copy_aicore_buffer: [chip_swimlane_collector.cpp:689] Core 71: skipped 1024 AICore record slot(s) with start_time=0 (race-window write or recycled-buffer tail). buf seq=0 count=1024
[mono_ns=7174535114464650][T0xf5e78203cca0][WARN] copy_aicore_buffer: [chip_swimlane_collector.cpp:689] Core 69: skipped 1024 AICore record slot(s) with start_time=0 (race-window write or recycled-buffer tail). buf seq=0 count=1024
[mono_ns=7174535214933993][T0xf5e8e80ab020][TIMING] emit_host_span: [STRACE] v=1 pid=2354859 tid=2354859 inv=18 hid=ec2cdc3bae966a42 depth=1 name=chip.run.runner_run ts=7174535103888210 dur=111039403 
[mono_ns=7174535215023654][T0xf5e8e80ab020][TIMING] emit_host_span: [STRACE] v=1 pid=2354859 tid=2354859 inv=18 hid=ec2cdc3bae966a42 depth=1 name=chip.run.validate ts=7174535214945254 dur=73830 
[mono_ns=7174535215034394][T0xf5e8e80ab020][TIMING] emit_host_span: [STRACE] v=1 pid=2354859 tid=2354859 inv=18 hid=ec2cdc3bae966a42 depth=2 name=chip.run.runner_run.device_wall ts=0 dur=2389040 clk=dev
[mono_ns=7174535215070454][T0xf5e8e80ab020][TIMING] emit_host_span: [STRACE] v=1 pid=2354859 tid=2354859 inv=18 hid=ec2cdc3bae966a42 depth=3 name=chip.run.runner_run.device_wall.preamble ts=0 dur=628920 clk=dev
[mono_ns=7174535215074674][T0xf5e8e80ab020][TIMING] emit_host_span: [STRACE] v=1 pid=2354859 tid=2354859 inv=18 hid=ec2cdc3bae966a42 depth=3 name=chip.run.runner_run.device_wall.graph_build ts=624320 dur=1753760 clk=dev
[mono_ns=7174535215078554][T0xf5e8e80ab020][TIMING] emit_host_span: [STRACE] v=1 pid=2354859 tid=2354859 inv=18 hid=ec2cdc3bae966a42 depth=3 name=chip.run.runner_run.device_wall.config_validate ts=624420 dur=760 clk=dev
[mono_ns=7174535215082144][T0xf5e8e80ab020][TIMING] emit_host_span: [STRACE] v=1 pid=2354859 tid=2354859 inv=18 hid=ec2cdc3bae966a42 depth=3 name=chip.run.runner_run.device_wall.arena_wire ts=625360 dur=260 clk=dev
[mono_ns=7174535215085534][T0xf5e8e80ab020][TIMING] emit_host_span: [STRACE] v=1 pid=2354859 tid=2354859 inv=18 hid=ec2cdc3bae966a42 depth=3 name=chip.run.runner_run.device_wall.sm_reset ts=625640 dur=919 clk=dev
[mono_ns=7174535215089104][T0xf5e8e80ab020][TIMING] emit_host_span: [STRACE] v=1 pid=2354859 tid=2354859 inv=18 hid=ec2cdc3bae966a42 depth=3 name=chip.run.runner_run.device_wall.post_orch ts=2378140 dur=10780 clk=dev
[mono_ns=7174535215093374][T0xf5e8e80ab020][TIMING] emit_host_span: [STRACE] v=1 pid=2354859 tid=2354859 inv=18 hid=ec2cdc3bae966a42 depth=3 name=chip.run.runner_run.device_wall.orch ts=626600 dur=3800 clk=dev
[mono_ns=7174535215096304][T0xf5e8e80ab020][TIMING] emit_host_span: [STRACE] v=1 pid=2354859 tid=2354859 inv=18 hid=ec2cdc3bae966a42 depth=3 name=chip.run.runner_run.device_wall.sched ts=629060 dur=1731580 clk=dev
[mono_ns=7174535215115204][T0xf5e8e80ab020][TIMING] emit_host_span: [STRACE] v=1 pid=2354859 tid=2354859 inv=18 hid=ec2cdc3bae966a42 depth=1 name=chip.run.claim_release ts=7174535215112824 dur=300 
[mono_ns=7174535215119725][T0xf5e8e80ab020][TIMING] emit_host_span: [STRACE] v=1 pid=2354859 tid=2354859 inv=18 hid=ec2cdc3bae966a42 depth=0 name=chip.run ts=7174535103458048 dur=111659676 run_id=18 dispatch_id=18 slot_id=0 generation=18 run_epoch=18
[mono_ns=7174537640066347][T0xf5e8e80ab020][TIMING] emit_host_span: [STRACE] v=1 pid=2354859 tid=2354859 inv=19 hid=ec2cdc3bae966a42 depth=2 name=chip.run.bind.args ts=7174537639792805 dur=262862 
[mono_ns=7174537640092587][T0xf5e8e80ab020][TIMING] emit_host_span: [STRACE] v=1 pid=2354859 tid=2354859 inv=19 hid=ec2cdc3bae966a42 depth=2 name=chip.run.bind.prebuilt ts=7174537640084747 dur=5320 
[mono_ns=7174537640098207][T0xf5e8e80ab020][TIMING] emit_host_span: [STRACE] v=1 pid=2354859 tid=2354859 inv=19 hid=ec2cdc3bae966a42 depth=1 name=chip.run.bind ts=7174537639780065 dur=316052 
[mono_ns=7174537745156676][T0xf5e8e80ab020][TIMING] emit_host_span: [STRACE] v=1 pid=2354859 tid=2354859 inv=19 hid=ec2cdc3bae966a42 depth=1 name=chip.run.runner_run ts=7174537640559669 dur=104587257 
[mono_ns=7174537745237196][T0xf5e8e80ab020][TIMING] emit_host_span: [STRACE] v=1 pid=2354859 tid=2354859 inv=19 hid=ec2cdc3bae966a42 depth=1 name=chip.run.validate ts=7174537745169526 dur=64040 
[mono_ns=7174537745248287][T0xf5e8e80ab020][TIMING] emit_host_span: [STRACE] v=1 pid=2354859 tid=2354859 inv=19 hid=ec2cdc3bae966a42 depth=2 name=chip.run.runner_run.device_wall ts=0 dur=1287840 clk=dev
[mono_ns=7174537745292237][T0xf5e8e80ab020][TIMING] emit_host_span: [STRACE] v=1 pid=2354859 tid=2354859 inv=19 hid=ec2cdc3bae966a42 depth=3 name=chip.run.runner_run.device_wall.preamble ts=0 dur=7520 clk=dev
[mono_ns=7174537745296647][T0xf5e8e80ab020][TIMING] emit_host_span: [STRACE] v=1 pid=2354859 tid=2354859 inv=19 hid=ec2cdc3bae966a42 depth=3 name=chip.run.runner_run.device_wall.graph_build ts=1500 dur=1275420 clk=dev
[mono_ns=7174537745301737][T0xf5e8e80ab020][TIMING] emit_host_span: [STRACE] v=1 pid=2354859 tid=2354859 inv=19 hid=ec2cdc3bae966a42 depth=3 name=chip.run.runner_run.device_wall.config_validate ts=1740 dur=700 clk=dev
[mono_ns=7174537745304987][T0xf5e8e80ab020][TIMING] emit_host_span: [STRACE] v=1 pid=2354859 tid=2354859 inv=19 hid=ec2cdc3bae966a42 depth=3 name=chip.run.runner_run.device_wall.arena_wire ts=2480 dur=440 clk=dev
[mono_ns=7174537745307887][T0xf5e8e80ab020][TIMING] emit_host_span: [STRACE] v=1 pid=2354859 tid=2354859 inv=19 hid=ec2cdc3bae966a42 depth=3 name=chip.run.runner_run.device_wall.sm_reset ts=2960 dur=760 clk=dev
[mono_ns=7174537745311627][T0xf5e8e80ab020][TIMING] emit_host_span: [STRACE] v=1 pid=2354859 tid=2354859 inv=19 hid=ec2cdc3bae966a42 depth=3 name=chip.run.runner_run.device_wall.post_orch ts=1276960 dur=10780 clk=dev
[mono_ns=7174537745314487][T0xf5e8e80ab020][TIMING] emit_host_span: [STRACE] v=1 pid=2354859 tid=2354859 inv=19 hid=ec2cdc3bae966a42 depth=3 name=chip.run.runner_run.device_wall.orch ts=4260 dur=9700 clk=dev
[mono_ns=7174537745332897][T0xf5e8e80ab020][TIMING] emit_host_span: [STRACE] v=1 pid=2354859 tid=2354859 inv=19 hid=ec2cdc3bae966a42 depth=3 name=chip.run.runner_run.device_wall.sched ts=7700 dur=1261320 clk=dev
[mono_ns=7174537745338497][T0xf5e8e80ab020][TIMING] emit_host_span: [STRACE] v=1 pid=2354859 tid=2354859 inv=19 hid=ec2cdc3bae966a42 depth=1 name=chip.run.claim_release ts=7174537745336197 dur=420 
[mono_ns=7174537745344447][T0xf5e8e80ab020][TIMING] emit_host_span: [STRACE] v=1 pid=2354859 tid=2354859 inv=19 hid=ec2cdc3bae966a42 depth=0 name=chip.run ts=7174537639716235 dur=105625992 run_id=19 dispatch_id=19 slot_id=0 generation=19 run_epoch=19
[mono_ns=7174537752284727][T0xf5e8e80ab020][TIMING] emit_host_span: [STRACE] v=1 pid=2354859 tid=2354859 inv=20 hid=ec2cdc3bae966a42 depth=2 name=chip.run.bind.args ts=7174537752190396 dur=88731 
[mono_ns=7174537752301517][T0xf5e8e80ab020][TIMING] emit_host_span: [STRACE] v=1 pid=2354859 tid=2354859 inv=20 hid=ec2cdc3bae966a42 depth=2 name=chip.run.bind.prebuilt ts=7174537752296767 dur=2330 
[mono_ns=7174537752306027][T0xf5e8e80ab020][TIMING] emit_host_span: [STRACE] v=1 pid=2354859 tid=2354859 inv=20 hid=ec2cdc3bae966a42 depth=1 name=chip.run.bind ts=7174537752182446 dur=121431 
[mono_ns=7174537755479995][T0xf5e78284cca0][WARN] copy_aicore_buffer: [chip_swimlane_collector.cpp:689] Core 0: skipped 1024 AICore record slot(s) with start_time=0 (race-window write or recycled-buffer tail). buf seq=0 count=1024
[mono_ns=7174537755496355][T0xf5e78182cca0][WARN] copy_aicore_buffer: [chip_swimlane_collector.cpp:689] Core 2: skipped 1024 AICore record slot(s) with start_time=0 (race-window write or recycled-buffer tail). buf seq=0 count=1024
[mono_ns=7174537755500015][T0xf5e78203cca0][WARN] copy_aicore_buffer: [chip_swimlane_collector.cpp:689] Core 1: skipped 1024 AICore record slot(s) with start_time=0 (race-window write or recycled-buffer tail). buf seq=0 count=1024
[mono_ns=7174537755802687][T0xf5e78284cca0][WARN] copy_aicore_buffer: [chip_swimlane_collector.cpp:689] Core 24: skipped 1023 AICore record slot(s) with start_time=0 (race-window write or recycled-buffer tail). buf seq=0 count=1024
[mono_ns=7174537755829877][T0xf5e78182cca0][WARN] copy_aicore_buffer: [chip_swimlane_collector.cpp:689] Core 28: skipped 1024 AICore record slot(s) with start_time=0 (race-window write or recycled-buffer tail). buf seq=0 count=1024
[mono_ns=7174537755837917][T0xf5e78203cca0][WARN] copy_aicore_buffer: [chip_swimlane_collector.cpp:689] Core 26: skipped 1022 AICore record slot(s) with start_time=0 (race-window write or recycled-buffer tail). buf seq=0 count=1024
[mono_ns=7174537756129979][T0xf5e78284cca0][WARN] copy_aicore_buffer: [chip_swimlane_collector.cpp:689] Core 25: skipped 1024 AICore record slot(s) with start_time=0 (race-window write or recycled-buffer tail). buf seq=0 count=1024
[mono_ns=7174537756189089][T0xf5e78182cca0][WARN] copy_aicore_buffer: [chip_swimlane_collector.cpp:689] Core 29: skipped 1024 AICore record slot(s) with start_time=0 (race-window write or recycled-buffer tail). buf seq=0 count=1024
[mono_ns=7174537756212569][T0xf5e78203cca0][WARN] copy_aicore_buffer: [chip_swimlane_collector.cpp:689] Core 27: skipped 1024 AICore record slot(s) with start_time=0 (race-window write or recycled-buffer tail). buf seq=0 count=1024
[mono_ns=7174537756444240][T0xf5e78284cca0][WARN] copy_aicore_buffer: [chip_swimlane_collector.cpp:689] Core 3: skipped 1024 AICore record slot(s) with start_time=0 (race-window write or recycled-buffer tail). buf seq=0 count=1024
[mono_ns=7174537756511261][T0xf5e78182cca0][WARN] copy_aicore_buffer: [chip_swimlane_collector.cpp:689] Core 5: skipped 1024 AICore record slot(s) with start_time=0 (race-window write or recycled-buffer tail). buf seq=0 count=1024
[mono_ns=7174537756545801][T0xf5e78203cca0][WARN] copy_aicore_buffer: [chip_swimlane_collector.cpp:689] Core 4: skipped 1024 AICore record slot(s) with start_time=0 (race-window write or recycled-buffer tail). buf seq=0 count=1024
[mono_ns=7174537756755082][T0xf5e78284cca0][WARN] copy_aicore_buffer: [chip_swimlane_collector.cpp:689] Core 30: skipped 1024 AICore record slot(s) with start_time=0 (race-window write or recycled-buffer tail). buf seq=0 count=1024
[mono_ns=7174537756832883][T0xf5e78182cca0][WARN] copy_aicore_buffer: [chip_swimlane_collector.cpp:689] Core 34: skipped 1024 AICore record slot(s) with start_time=0 (race-window write or recycled-buffer tail). buf seq=0 count=1024
[mono_ns=7174537756870573][T0xf5e78203cca0][WARN] copy_aicore_buffer: [chip_swimlane_collector.cpp:689] Core 32: skipped 1024 AICore record slot(s) with start_time=0 (race-window write or recycled-buffer tail). buf seq=0 count=1024
[mono_ns=7174537757075554][T0xf5e78284cca0][WARN] copy_aicore_buffer: [chip_swimlane_collector.cpp:689] Core 31: skipped 1023 AICore record slot(s) with start_time=0 (race-window write or recycled-buffer tail). buf seq=0 count=1024
[mono_ns=7174537757167564][T0xf5e78182cca0][WARN] copy_aicore_buffer: [chip_swimlane_collector.cpp:689] Core 35: skipped 1023 AICore record slot(s) with start_time=0 (race-window write or recycled-buffer tail). buf seq=0 count=1024
[mono_ns=7174537757212535][T0xf5e78203cca0][WARN] copy_aicore_buffer: [chip_swimlane_collector.cpp:689] Core 33: skipped 1023 AICore record slot(s) with start_time=0 (race-window write or recycled-buffer tail). buf seq=0 count=1024
[mono_ns=7174537757388836][T0xf5e78284cca0][WARN] copy_aicore_buffer: [chip_swimlane_collector.cpp:689] Core 6: skipped 1024 AICore record slot(s) with start_time=0 (race-window write or recycled-buffer tail). buf seq=0 count=1024
[mono_ns=7174537757488486][T0xf5e78182cca0][WARN] copy_aicore_buffer: [chip_swimlane_collector.cpp:689] Core 8: skipped 1024 AICore record slot(s) with start_time=0 (race-window write or recycled-buffer tail). buf seq=0 count=1024
[mono_ns=7174537757537627][T0xf5e78203cca0][WARN] copy_aicore_buffer: [chip_swimlane_collector.cpp:689] Core 7: skipped 1024 AICore record slot(s) with start_time=0 (race-window write or recycled-buffer tail). buf seq=0 count=1024
[mono_ns=7174537757702008][T0xf5e78284cca0][WARN] copy_aicore_buffer: [chip_swimlane_collector.cpp:689] Core 36: skipped 1024 AICore record slot(s) with start_time=0 (race-window write or recycled-buffer tail). buf seq=0 count=1024
[mono_ns=7174537757809248][T0xf5e78182cca0][WARN] copy_aicore_buffer: [chip_swimlane_collector.cpp:689] Core 40: skipped 1024 AICore record slot(s) with start_time=0 (race-window write or recycled-buffer tail). buf seq=0 count=1024
[mono_ns=7174537757861768][T0xf5e78203cca0][WARN] copy_aicore_buffer: [chip_swimlane_collector.cpp:689] Core 38: skipped 1024 AICore record slot(s) with start_time=0 (race-window write or recycled-buffer tail). buf seq=0 count=1024
[mono_ns=7174537758024479][T0xf5e78284cca0][WARN] copy_aicore_buffer: [chip_swimlane_collector.cpp:689] Core 37: skipped 1024 AICore record slot(s) with start_time=0 (race-window write or recycled-buffer tail). buf seq=0 count=1024
[mono_ns=7174537758139830][T0xf5e78182cca0][WARN] copy_aicore_buffer: [chip_swimlane_collector.cpp:689] Core 41: skipped 1024 AICore record slot(s) with start_time=0 (race-window write or recycled-buffer tail). buf seq=0 count=1024
[mono_ns=7174537758193670][T0xf5e78203cca0][WARN] copy_aicore_buffer: [chip_swimlane_collector.cpp:689] Core 39: skipped 1024 AICore record slot(s) with start_time=0 (race-window write or recycled-buffer tail). buf seq=0 count=1024
[mono_ns=7174537758380361][T0xf5e78284cca0][WARN] copy_aicore_buffer: [chip_swimlane_collector.cpp:689] Core 9: skipped 1024 AICore record slot(s) with start_time=0 (race-window write or recycled-buffer tail). buf seq=0 count=1024
[mono_ns=7174537758461982][T0xf5e78182cca0][WARN] copy_aicore_buffer: [chip_swimlane_collector.cpp:689] Core 11: skipped 1024 AICore record slot(s) with start_time=0 (race-window write or recycled-buffer tail). buf seq=0 count=1024
[mono_ns=7174537758517462][T0xf5e78203cca0][WARN] copy_aicore_buffer: [chip_swimlane_collector.cpp:689] Core 10: skipped 1024 AICore record slot(s) with start_time=0 (race-window write or recycled-buffer tail). buf seq=0 count=1024
[mono_ns=7174537758692173][T0xf5e78284cca0][WARN] copy_aicore_buffer: [chip_swimlane_collector.cpp:689] Core 42: skipped 1024 AICore record slot(s) with start_time=0 (race-window write or recycled-buffer tail). buf seq=0 count=1024
[mono_ns=7174537758782604][T0xf5e78182cca0][WARN] copy_aicore_buffer: [chip_swimlane_collector.cpp:689] Core 46: skipped 1024 AICore record slot(s) with start_time=0 (race-window write or recycled-buffer tail). buf seq=0 count=1024
[mono_ns=7174537758842164][T0xf5e78203cca0][WARN] copy_aicore_buffer: [chip_swimlane_collector.cpp:689] Core 44: skipped 1024 AICore record slot(s) with start_time=0 (race-window write or recycled-buffer tail). buf seq=0 count=1024
[mono_ns=7174537759010765][T0xf5e78284cca0][WARN] copy_aicore_buffer: [chip_swimlane_collector.cpp:689] Core 43: skipped 1024 AICore record slot(s) with start_time=0 (race-window write or recycled-buffer tail). buf seq=0 count=1024
[mono_ns=7174537759113166][T0xf5e78182cca0][WARN] copy_aicore_buffer: [chip_swimlane_collector.cpp:689] Core 47: skipped 1022 AICore record slot(s) with start_time=0 (race-window write or recycled-buffer tail). buf seq=0 count=1024
[mono_ns=7174537759241196][T0xf5e78203cca0][WARN] copy_aicore_buffer: [chip_swimlane_collector.cpp:689] Core 45: skipped 1024 AICore record slot(s) with start_time=0 (race-window write or recycled-buffer tail). buf seq=0 count=1024
[mono_ns=7174537759322267][T0xf5e78284cca0][WARN] copy_aicore_buffer: [chip_swimlane_collector.cpp:689] Core 12: skipped 1024 AICore record slot(s) with start_time=0 (race-window write or recycled-buffer tail). buf seq=0 count=1024
[mono_ns=7174537759435037][T0xf5e78182cca0][WARN] copy_aicore_buffer: [chip_swimlane_collector.cpp:689] Core 14: skipped 1024 AICore record slot(s) with start_time=0 (race-window write or recycled-buffer tail). buf seq=0 count=1024
[mono_ns=7174537759566748][T0xf5e78203cca0][WARN] copy_aicore_buffer: [chip_swimlane_collector.cpp:689] Core 13: skipped 1024 AICore record slot(s) with start_time=0 (race-window write or recycled-buffer tail). buf seq=0 count=1024
[mono_ns=7174537759636589][T0xf5e78284cca0][WARN] copy_aicore_buffer: [chip_swimlane_collector.cpp:689] Core 48: skipped 1023 AICore record slot(s) with start_time=0 (race-window write or recycled-buffer tail). buf seq=0 count=1024
[mono_ns=7174537759757129][T0xf5e78182cca0][WARN] copy_aicore_buffer: [chip_swimlane_collector.cpp:689] Core 52: skipped 1024 AICore record slot(s) with start_time=0 (race-window write or recycled-buffer tail). buf seq=0 count=1024
[mono_ns=7174537759889850][T0xf5e78203cca0][WARN] copy_aicore_buffer: [chip_swimlane_collector.cpp:689] Core 50: skipped 1024 AICore record slot(s) with start_time=0 (race-window write or recycled-buffer tail). buf seq=0 count=1024
[mono_ns=7174537759947980][T0xf5e78284cca0][WARN] copy_aicore_buffer: [chip_swimlane_collector.cpp:689] Core 49: skipped 1024 AICore record slot(s) with start_time=0 (race-window write or recycled-buffer tail). buf seq=0 count=1024
[mono_ns=7174537760083341][T0xf5e78182cca0][WARN] copy_aicore_buffer: [chip_swimlane_collector.cpp:689] Core 53: skipped 1024 AICore record slot(s) with start_time=0 (race-window write or recycled-buffer tail). buf seq=0 count=1024
[mono_ns=7174537760219282][T0xf5e78203cca0][WARN] copy_aicore_buffer: [chip_swimlane_collector.cpp:689] Core 51: skipped 1024 AICore record slot(s) with start_time=0 (race-window write or recycled-buffer tail). buf seq=0 count=1024
[mono_ns=7174537760265492][T0xf5e78284cca0][WARN] copy_aicore_buffer: [chip_swimlane_collector.cpp:689] Core 15: skipped 1024 AICore record slot(s) with start_time=0 (race-window write or recycled-buffer tail). buf seq=0 count=1024
[mono_ns=7174537760405543][T0xf5e78182cca0][WARN] copy_aicore_buffer: [chip_swimlane_collector.cpp:689] Core 17: skipped 1024 AICore record slot(s) with start_time=0 (race-window write or recycled-buffer tail). buf seq=0 count=1024
[mono_ns=7174537760543104][T0xf5e78203cca0][WARN] copy_aicore_buffer: [chip_swimlane_collector.cpp:689] Core 16: skipped 1024 AICore record slot(s) with start_time=0 (race-window write or recycled-buffer tail). buf seq=0 count=1024
[mono_ns=7174537760578144][T0xf5e78284cca0][WARN] copy_aicore_buffer: [chip_swimlane_collector.cpp:689] Core 54: skipped 1024 AICore record slot(s) with start_time=0 (race-window write or recycled-buffer tail). buf seq=0 count=1024
[mono_ns=7174537760727445][T0xf5e78182cca0][WARN] copy_aicore_buffer: [chip_swimlane_collector.cpp:689] Core 58: skipped 1024 AICore record slot(s) with start_time=0 (race-window write or recycled-buffer tail). buf seq=0 count=1024
[mono_ns=7174537760866896][T0xf5e78203cca0][WARN] copy_aicore_buffer: [chip_swimlane_collector.cpp:689] Core 56: skipped 1024 AICore record slot(s) with start_time=0 (race-window write or recycled-buffer tail). buf seq=0 count=1024
[mono_ns=7174537760889786][T0xf5e78284cca0][WARN] copy_aicore_buffer: [chip_swimlane_collector.cpp:689] Core 55: skipped 1024 AICore record slot(s) with start_time=0 (race-window write or recycled-buffer tail). buf seq=0 count=1024
[mono_ns=7174537761056467][T0xf5e78182cca0][WARN] copy_aicore_buffer: [chip_swimlane_collector.cpp:689] Core 59: skipped 1024 AICore record slot(s) with start_time=0 (race-window write or recycled-buffer tail). buf seq=0 count=1024
[mono_ns=7174537761198697][T0xf5e78203cca0][WARN] copy_aicore_buffer: [chip_swimlane_collector.cpp:689] Core 57: skipped 1024 AICore record slot(s) with start_time=0 (race-window write or recycled-buffer tail). buf seq=0 count=1024
[mono_ns=7174537761208508][T0xf5e78284cca0][WARN] copy_aicore_buffer: [chip_swimlane_collector.cpp:689] Core 18: skipped 1024 AICore record slot(s) with start_time=0 (race-window write or recycled-buffer tail). buf seq=0 count=1024
[mono_ns=7174537761377909][T0xf5e78182cca0][WARN] copy_aicore_buffer: [chip_swimlane_collector.cpp:689] Core 20: skipped 1024 AICore record slot(s) with start_time=0 (race-window write or recycled-buffer tail). buf seq=0 count=1024
[mono_ns=7174537761516449][T0xf5e78284cca0][WARN] copy_aicore_buffer: [chip_swimlane_collector.cpp:689] Core 60: skipped 1024 AICore record slot(s) with start_time=0 (race-window write or recycled-buffer tail). buf seq=0 count=1024
[mono_ns=7174537761521579][T0xf5e78203cca0][WARN] copy_aicore_buffer: [chip_swimlane_collector.cpp:689] Core 19: skipped 1024 AICore record slot(s) with start_time=0 (race-window write or recycled-buffer tail). buf seq=0 count=1024
[mono_ns=7174537761701960][T0xf5e78182cca0][WARN] copy_aicore_buffer: [chip_swimlane_collector.cpp:689] Core 64: skipped 1024 AICore record slot(s) with start_time=0 (race-window write or recycled-buffer tail). buf seq=0 count=1024
[mono_ns=7174537761828701][T0xf5e78284cca0][WARN] copy_aicore_buffer: [chip_swimlane_collector.cpp:689] Core 61: skipped 1024 AICore record slot(s) with start_time=0 (race-window write or recycled-buffer tail). buf seq=0 count=1024
[mono_ns=7174537761843731][T0xf5e78203cca0][WARN] copy_aicore_buffer: [chip_swimlane_collector.cpp:689] Core 62: skipped 1024 AICore record slot(s) with start_time=0 (race-window write or recycled-buffer tail). buf seq=0 count=1024
[mono_ns=7174537762029892][T0xf5e78182cca0][WARN] copy_aicore_buffer: [chip_swimlane_collector.cpp:689] Core 65: skipped 1024 AICore record slot(s) with start_time=0 (race-window write or recycled-buffer tail). buf seq=0 count=1024
[mono_ns=7174537762146833][T0xf5e78284cca0][WARN] copy_aicore_buffer: [chip_swimlane_collector.cpp:689] Core 21: skipped 1024 AICore record slot(s) with start_time=0 (race-window write or recycled-buffer tail). buf seq=0 count=1024
[mono_ns=7174537762170833][T0xf5e78203cca0][WARN] copy_aicore_buffer: [chip_swimlane_collector.cpp:689] Core 63: skipped 1024 AICore record slot(s) with start_time=0 (race-window write or recycled-buffer tail). buf seq=0 count=1024
[mono_ns=7174537762351684][T0xf5e78182cca0][WARN] copy_aicore_buffer: [chip_swimlane_collector.cpp:689] Core 23: skipped 1024 AICore record slot(s) with start_time=0 (race-window write or recycled-buffer tail). buf seq=0 count=1024
[mono_ns=7174537762458705][T0xf5e78284cca0][WARN] copy_aicore_buffer: [chip_swimlane_collector.cpp:689] Core 66: skipped 1024 AICore record slot(s) with start_time=0 (race-window write or recycled-buffer tail). buf seq=0 count=1024
[mono_ns=7174537762529865][T0xf5e78203cca0][WARN] copy_aicore_buffer: [chip_swimlane_collector.cpp:689] Core 22: skipped 1024 AICore record slot(s) with start_time=0 (race-window write or recycled-buffer tail). buf seq=0 count=1024
[mono_ns=7174537762672716][T0xf5e78182cca0][WARN] copy_aicore_buffer: [chip_swimlane_collector.cpp:689] Core 70: skipped 1024 AICore record slot(s) with start_time=0 (race-window write or recycled-buffer tail). buf seq=0 count=1024
[mono_ns=7174537762770296][T0xf5e78284cca0][WARN] copy_aicore_buffer: [chip_swimlane_collector.cpp:689] Core 67: skipped 1024 AICore record slot(s) with start_time=0 (race-window write or recycled-buffer tail). buf seq=0 count=1024
[mono_ns=7174537762855547][T0xf5e78203cca0][WARN] copy_aicore_buffer: [chip_swimlane_collector.cpp:689] Core 68: skipped 1024 AICore record slot(s) with start_time=0 (race-window write or recycled-buffer tail). buf seq=0 count=1024
[mono_ns=7174537762993308][T0xf5e78182cca0][WARN] copy_aicore_buffer: [chip_swimlane_collector.cpp:689] Core 71: skipped 1024 AICore record slot(s) with start_time=0 (race-window write or recycled-buffer tail). buf seq=0 count=1024
[mono_ns=7174537763187609][T0xf5e78203cca0][WARN] copy_aicore_buffer: [chip_swimlane_collector.cpp:689] Core 69: skipped 1024 AICore record slot(s) with start_time=0 (race-window write or recycled-buffer tail). buf seq=0 count=1024
[mono_ns=7174537863612072][T0xf5e8e80ab020][TIMING] emit_host_span: [STRACE] v=1 pid=2354859 tid=2354859 inv=20 hid=ec2cdc3bae966a42 depth=1 name=chip.run.runner_run ts=7174537752564968 dur=111040454 
[mono_ns=7174537863685372][T0xf5e8e80ab020][TIMING] emit_host_span: [STRACE] v=1 pid=2354859 tid=2354859 inv=20 hid=ec2cdc3bae966a42 depth=1 name=chip.run.validate ts=7174537863624502 dur=57190 
[mono_ns=7174537863695932][T0xf5e8e80ab020][TIMING] emit_host_span: [STRACE] v=1 pid=2354859 tid=2354859 inv=20 hid=ec2cdc3bae966a42 depth=2 name=chip.run.runner_run.device_wall ts=0 dur=2463799 clk=dev
[mono_ns=7174537863700562][T0xf5e8e80ab020][TIMING] emit_host_span: [STRACE] v=1 pid=2354859 tid=2354859 inv=20 hid=ec2cdc3bae966a42 depth=3 name=chip.run.runner_run.device_wall.preamble ts=0 dur=622220 clk=dev
[mono_ns=7174537863705672][T0xf5e8e80ab020][TIMING] emit_host_span: [STRACE] v=1 pid=2354859 tid=2354859 inv=20 hid=ec2cdc3bae966a42 depth=3 name=chip.run.runner_run.device_wall.graph_build ts=617840 dur=1835300 clk=dev
[mono_ns=7174537863710142][T0xf5e8e80ab020][TIMING] emit_host_span: [STRACE] v=1 pid=2354859 tid=2354859 inv=20 hid=ec2cdc3bae966a42 depth=3 name=chip.run.runner_run.device_wall.config_validate ts=617959 dur=899 clk=dev
[mono_ns=7174537863713552][T0xf5e8e80ab020][TIMING] emit_host_span: [STRACE] v=1 pid=2354859 tid=2354859 inv=20 hid=ec2cdc3bae966a42 depth=3 name=chip.run.runner_run.device_wall.arena_wire ts=618900 dur=280 clk=dev
[mono_ns=7174537863718032][T0xf5e8e80ab020][TIMING] emit_host_span: [STRACE] v=1 pid=2354859 tid=2354859 inv=20 hid=ec2cdc3bae966a42 depth=3 name=chip.run.runner_run.device_wall.sm_reset ts=619199 dur=560 clk=dev
[mono_ns=7174537863757372][T0xf5e8e80ab020][TIMING] emit_host_span: [STRACE] v=1 pid=2354859 tid=2354859 inv=20 hid=ec2cdc3bae966a42 depth=3 name=chip.run.runner_run.device_wall.post_orch ts=2453200 dur=10520 clk=dev
[mono_ns=7174537863761222][T0xf5e8e80ab020][TIMING] emit_host_span: [STRACE] v=1 pid=2354859 tid=2354859 inv=20 hid=ec2cdc3bae966a42 depth=3 name=chip.run.runner_run.device_wall.orch ts=619800 dur=3340 clk=dev
[mono_ns=7174537863764933][T0xf5e8e80ab020][TIMING] emit_host_span: [STRACE] v=1 pid=2354859 tid=2354859 inv=20 hid=ec2cdc3bae966a42 depth=3 name=chip.run.runner_run.device_wall.sched ts=622360 dur=1813640 clk=dev
[mono_ns=7174537863768813][T0xf5e8e80ab020][TIMING] emit_host_span: [STRACE] v=1 pid=2354859 tid=2354859 inv=20 hid=ec2cdc3bae966a42 depth=1 name=chip.run.claim_release ts=7174537863766703 dur=290 
[mono_ns=7174537863773503][T0xf5e8e80ab020][TIMING] emit_host_span: [STRACE] v=1 pid=2354859 tid=2354859 inv=20 hid=ec2cdc3bae966a42 depth=0 name=chip.run ts=7174537752155836 dur=111615667 run_id=20 dispatch_id=20 slot_id=0 generation=20 run_epoch=20
[mono_ns=7174540287688228][T0xf5e8e80ab020][TIMING] emit_host_span: [STRACE] v=1 pid=2354859 tid=2354859 inv=21 hid=ec2cdc3bae966a42 depth=2 name=chip.run.bind.args ts=7174540287563397 dur=118050 
[mono_ns=7174540287706598][T0xf5e8e80ab020][TIMING] emit_host_span: [STRACE] v=1 pid=2354859 tid=2354859 inv=21 hid=ec2cdc3bae966a42 depth=2 name=chip.run.bind.prebuilt ts=7174540287701198 dur=2950 
[mono_ns=7174540287740438][T0xf5e8e80ab020][TIMING] emit_host_span: [STRACE] v=1 pid=2354859 tid=2354859 inv=21 hid=ec2cdc3bae966a42 depth=1 name=chip.run.bind ts=7174540287552047 dur=185351 
[mono_ns=7174540392245514][T0xf5e8e80ab020][TIMING] emit_host_span: [STRACE] v=1 pid=2354859 tid=2354859 inv=21 hid=ec2cdc3bae966a42 depth=1 name=chip.run.runner_run ts=7174540288088910 dur=104144924 
[mono_ns=7174540392335534][T0xf5e8e80ab020][TIMING] emit_host_span: [STRACE] v=1 pid=2354859 tid=2354859 inv=21 hid=ec2cdc3bae966a42 depth=1 name=chip.run.validate ts=7174540392260204 dur=71270 
[mono_ns=7174540392348404][T0xf5e8e80ab020][TIMING] emit_host_span: [STRACE] v=1 pid=2354859 tid=2354859 inv=21 hid=ec2cdc3bae966a42 depth=2 name=chip.run.runner_run.device_wall ts=0 dur=2319000 clk=dev
[mono_ns=7174540392353354][T0xf5e8e80ab020][TIMING] emit_host_span: [STRACE] v=1 pid=2354859 tid=2354859 inv=21 hid=ec2cdc3bae966a42 depth=3 name=chip.run.runner_run.device_wall.preamble ts=0 dur=6280 clk=dev
[mono_ns=7174540392357465][T0xf5e8e80ab020][TIMING] emit_host_span: [STRACE] v=1 pid=2354859 tid=2354859 inv=21 hid=ec2cdc3bae966a42 depth=3 name=chip.run.runner_run.device_wall.graph_build ts=1280 dur=2306980 clk=dev
[mono_ns=7174540392362025][T0xf5e8e80ab020][TIMING] emit_host_span: [STRACE] v=1 pid=2354859 tid=2354859 inv=21 hid=ec2cdc3bae966a42 depth=3 name=chip.run.runner_run.device_wall.config_validate ts=1400 dur=720 clk=dev
[mono_ns=7174540392366355][T0xf5e8e80ab020][TIMING] emit_host_span: [STRACE] v=1 pid=2354859 tid=2354859 inv=21 hid=ec2cdc3bae966a42 depth=3 name=chip.run.runner_run.device_wall.arena_wire ts=2139 dur=679 clk=dev
[mono_ns=7174540392415265][T0xf5e8e80ab020][TIMING] emit_host_span: [STRACE] v=1 pid=2354859 tid=2354859 inv=21 hid=ec2cdc3bae966a42 depth=3 name=chip.run.runner_run.device_wall.sm_reset ts=2840 dur=1520 clk=dev
[mono_ns=7174540392419005][T0xf5e8e80ab020][TIMING] emit_host_span: [STRACE] v=1 pid=2354859 tid=2354859 inv=21 hid=ec2cdc3bae966a42 depth=3 name=chip.run.runner_run.device_wall.post_orch ts=2308300 dur=10600 clk=dev
[mono_ns=7174540392422675][T0xf5e8e80ab020][TIMING] emit_host_span: [STRACE] v=1 pid=2354859 tid=2354859 inv=21 hid=ec2cdc3bae966a42 depth=3 name=chip.run.runner_run.device_wall.orch ts=5180 dur=7199 clk=dev
[mono_ns=7174540392426125][T0xf5e8e80ab020][TIMING] emit_host_span: [STRACE] v=1 pid=2354859 tid=2354859 inv=21 hid=ec2cdc3bae966a42 depth=3 name=chip.run.runner_run.device_wall.sched ts=6340 dur=2293960 clk=dev
[mono_ns=7174540392431365][T0xf5e8e80ab020][TIMING] emit_host_span: [STRACE] v=1 pid=2354859 tid=2354859 inv=21 hid=ec2cdc3bae966a42 depth=1 name=chip.run.claim_release ts=7174540392429235 dur=350 
[mono_ns=7174540392437435][T0xf5e8e80ab020][TIMING] emit_host_span: [STRACE] v=1 pid=2354859 tid=2354859 inv=21 hid=ec2cdc3bae966a42 depth=0 name=chip.run ts=7174540287502026 dur=104933349 run_id=21 dispatch_id=21 slot_id=0 generation=21 run_epoch=21
[mono_ns=7174540401114834][T0xf5e8e80ab020][TIMING] emit_host_span: [STRACE] v=1 pid=2354859 tid=2354859 inv=22 hid=ec2cdc3bae966a42 depth=2 name=chip.run.bind.args ts=7174540400996604 dur=111990 
[mono_ns=7174540401130835][T0xf5e8e80ab020][TIMING] emit_host_span: [STRACE] v=1 pid=2354859 tid=2354859 inv=22 hid=ec2cdc3bae966a42 depth=2 name=chip.run.bind.prebuilt ts=7174540401125405 dur=2960 
[mono_ns=7174540401174545][T0xf5e8e80ab020][TIMING] emit_host_span: [STRACE] v=1 pid=2354859 tid=2354859 inv=22 hid=ec2cdc3bae966a42 depth=1 name=chip.run.bind ts=7174540400987874 dur=183561 
[mono_ns=7174540404342343][T0xf5e78284cca0][WARN] copy_aicore_buffer: [chip_swimlane_collector.cpp:689] Core 0: skipped 1024 AICore record slot(s) with start_time=0 (race-window write or recycled-buffer tail). buf seq=0 count=1024
[mono_ns=7174540404341303][T0xf5e78182cca0][WARN] copy_aicore_buffer: [chip_swimlane_collector.cpp:689] Core 2: skipped 1024 AICore record slot(s) with start_time=0 (race-window write or recycled-buffer tail). buf seq=0 count=1024
[mono_ns=7174540404353313][T0xf5e78203cca0][WARN] copy_aicore_buffer: [chip_swimlane_collector.cpp:689] Core 1: skipped 1024 AICore record slot(s) with start_time=0 (race-window write or recycled-buffer tail). buf seq=0 count=1024
[mono_ns=7174540404669595][T0xf5e78284cca0][WARN] copy_aicore_buffer: [chip_swimlane_collector.cpp:689] Core 24: skipped 1023 AICore record slot(s) with start_time=0 (race-window write or recycled-buffer tail). buf seq=0 count=1024
[mono_ns=7174540404675275][T0xf5e78182cca0][WARN] copy_aicore_buffer: [chip_swimlane_collector.cpp:689] Core 28: skipped 1023 AICore record slot(s) with start_time=0 (race-window write or recycled-buffer tail). buf seq=0 count=1024
[mono_ns=7174540404694305][T0xf5e78203cca0][WARN] copy_aicore_buffer: [chip_swimlane_collector.cpp:689] Core 26: skipped 1023 AICore record slot(s) with start_time=0 (race-window write or recycled-buffer tail). buf seq=0 count=1024
[mono_ns=7174540404982377][T0xf5e78284cca0][WARN] copy_aicore_buffer: [chip_swimlane_collector.cpp:689] Core 25: skipped 1024 AICore record slot(s) with start_time=0 (race-window write or recycled-buffer tail). buf seq=0 count=1024
[mono_ns=7174540404997567][T0xf5e78182cca0][WARN] copy_aicore_buffer: [chip_swimlane_collector.cpp:689] Core 29: skipped 1024 AICore record slot(s) with start_time=0 (race-window write or recycled-buffer tail). buf seq=0 count=1024
[mono_ns=7174540405026317][T0xf5e78203cca0][WARN] copy_aicore_buffer: [chip_swimlane_collector.cpp:689] Core 27: skipped 1024 AICore record slot(s) with start_time=0 (race-window write or recycled-buffer tail). buf seq=0 count=1024
[mono_ns=7174540405309218][T0xf5e78284cca0][WARN] copy_aicore_buffer: [chip_swimlane_collector.cpp:689] Core 3: skipped 1024 AICore record slot(s) with start_time=0 (race-window write or recycled-buffer tail). buf seq=0 count=1024
[mono_ns=7174540405329438][T0xf5e78182cca0][WARN] copy_aicore_buffer: [chip_swimlane_collector.cpp:689] Core 5: skipped 1024 AICore record slot(s) with start_time=0 (race-window write or recycled-buffer tail). buf seq=0 count=1024
[mono_ns=7174540405346449][T0xf5e78203cca0][WARN] copy_aicore_buffer: [chip_swimlane_collector.cpp:689] Core 4: skipped 1024 AICore record slot(s) with start_time=0 (race-window write or recycled-buffer tail). buf seq=0 count=1024
[mono_ns=7174540405621460][T0xf5e78284cca0][WARN] copy_aicore_buffer: [chip_swimlane_collector.cpp:689] Core 30: skipped 1024 AICore record slot(s) with start_time=0 (race-window write or recycled-buffer tail). buf seq=0 count=1024
[mono_ns=7174540405651330][T0xf5e78182cca0][WARN] copy_aicore_buffer: [chip_swimlane_collector.cpp:689] Core 34: skipped 1024 AICore record slot(s) with start_time=0 (race-window write or recycled-buffer tail). buf seq=0 count=1024
[mono_ns=7174540405671180][T0xf5e78203cca0][WARN] copy_aicore_buffer: [chip_swimlane_collector.cpp:689] Core 32: skipped 1024 AICore record slot(s) with start_time=0 (race-window write or recycled-buffer tail). buf seq=0 count=1024
[mono_ns=7174540405932622][T0xf5e78284cca0][WARN] copy_aicore_buffer: [chip_swimlane_collector.cpp:689] Core 31: skipped 1024 AICore record slot(s) with start_time=0 (race-window write or recycled-buffer tail). buf seq=0 count=1024
[mono_ns=7174540405981762][T0xf5e78182cca0][WARN] copy_aicore_buffer: [chip_swimlane_collector.cpp:689] Core 35: skipped 1023 AICore record slot(s) with start_time=0 (race-window write or recycled-buffer tail). buf seq=0 count=1024
[mono_ns=7174540405995602][T0xf5e78203cca0][WARN] copy_aicore_buffer: [chip_swimlane_collector.cpp:689] Core 33: skipped 1022 AICore record slot(s) with start_time=0 (race-window write or recycled-buffer tail). buf seq=0 count=1024
[mono_ns=7174540406255724][T0xf5e78284cca0][WARN] copy_aicore_buffer: [chip_swimlane_collector.cpp:689] Core 6: skipped 1024 AICore record slot(s) with start_time=0 (race-window write or recycled-buffer tail). buf seq=0 count=1024
[mono_ns=7174540406313004][T0xf5e78182cca0][WARN] copy_aicore_buffer: [chip_swimlane_collector.cpp:689] Core 8: skipped 1024 AICore record slot(s) with start_time=0 (race-window write or recycled-buffer tail). buf seq=0 count=1024
[mono_ns=7174540406325984][T0xf5e78203cca0][WARN] copy_aicore_buffer: [chip_swimlane_collector.cpp:689] Core 7: skipped 1024 AICore record slot(s) with start_time=0 (race-window write or recycled-buffer tail). buf seq=0 count=1024
[mono_ns=7174540406568616][T0xf5e78284cca0][WARN] copy_aicore_buffer: [chip_swimlane_collector.cpp:689] Core 36: skipped 1024 AICore record slot(s) with start_time=0 (race-window write or recycled-buffer tail). buf seq=0 count=1024
[mono_ns=7174540406634836][T0xf5e78182cca0][WARN] copy_aicore_buffer: [chip_swimlane_collector.cpp:689] Core 40: skipped 1024 AICore record slot(s) with start_time=0 (race-window write or recycled-buffer tail). buf seq=0 count=1024
[mono_ns=7174540406648786][T0xf5e78203cca0][WARN] copy_aicore_buffer: [chip_swimlane_collector.cpp:689] Core 38: skipped 1024 AICore record slot(s) with start_time=0 (race-window write or recycled-buffer tail). buf seq=0 count=1024
[mono_ns=7174540406924958][T0xf5e78284cca0][WARN] copy_aicore_buffer: [chip_swimlane_collector.cpp:689] Core 37: skipped 1024 AICore record slot(s) with start_time=0 (race-window write or recycled-buffer tail). buf seq=0 count=1024
[mono_ns=7174540406956948][T0xf5e78182cca0][WARN] copy_aicore_buffer: [chip_swimlane_collector.cpp:689] Core 41: skipped 1024 AICore record slot(s) with start_time=0 (race-window write or recycled-buffer tail). buf seq=0 count=1024
[mono_ns=7174540406973388][T0xf5e78203cca0][WARN] copy_aicore_buffer: [chip_swimlane_collector.cpp:689] Core 39: skipped 1024 AICore record slot(s) with start_time=0 (race-window write or recycled-buffer tail). buf seq=0 count=1024
[mono_ns=7174540407247449][T0xf5e78284cca0][WARN] copy_aicore_buffer: [chip_swimlane_collector.cpp:689] Core 9: skipped 1024 AICore record slot(s) with start_time=0 (race-window write or recycled-buffer tail). buf seq=0 count=1024
[mono_ns=7174540407288870][T0xf5e78182cca0][WARN] copy_aicore_buffer: [chip_swimlane_collector.cpp:689] Core 11: skipped 1024 AICore record slot(s) with start_time=0 (race-window write or recycled-buffer tail). buf seq=0 count=1024
[mono_ns=7174540407323240][T0xf5e78203cca0][WARN] copy_aicore_buffer: [chip_swimlane_collector.cpp:689] Core 10: skipped 1024 AICore record slot(s) with start_time=0 (race-window write or recycled-buffer tail). buf seq=0 count=1024
[mono_ns=7174540407558991][T0xf5e78284cca0][WARN] copy_aicore_buffer: [chip_swimlane_collector.cpp:689] Core 42: skipped 1024 AICore record slot(s) with start_time=0 (race-window write or recycled-buffer tail). buf seq=0 count=1024
[mono_ns=7174540407610681][T0xf5e78182cca0][WARN] copy_aicore_buffer: [chip_swimlane_collector.cpp:689] Core 46: skipped 1024 AICore record slot(s) with start_time=0 (race-window write or recycled-buffer tail). buf seq=0 count=1024
[mono_ns=7174540407647802][T0xf5e78203cca0][WARN] copy_aicore_buffer: [chip_swimlane_collector.cpp:689] Core 44: skipped 1024 AICore record slot(s) with start_time=0 (race-window write or recycled-buffer tail). buf seq=0 count=1024
[mono_ns=7174540407870893][T0xf5e78284cca0][WARN] copy_aicore_buffer: [chip_swimlane_collector.cpp:689] Core 43: skipped 1024 AICore record slot(s) with start_time=0 (race-window write or recycled-buffer tail). buf seq=0 count=1024
[mono_ns=7174540407933433][T0xf5e78182cca0][WARN] copy_aicore_buffer: [chip_swimlane_collector.cpp:689] Core 47: skipped 1024 AICore record slot(s) with start_time=0 (race-window write or recycled-buffer tail). buf seq=0 count=1024
[mono_ns=7174540407972694][T0xf5e78203cca0][WARN] copy_aicore_buffer: [chip_swimlane_collector.cpp:689] Core 45: skipped 1024 AICore record slot(s) with start_time=0 (race-window write or recycled-buffer tail). buf seq=0 count=1024
[mono_ns=7174540408193135][T0xf5e78284cca0][WARN] copy_aicore_buffer: [chip_swimlane_collector.cpp:689] Core 12: skipped 1024 AICore record slot(s) with start_time=0 (race-window write or recycled-buffer tail). buf seq=0 count=1024
[mono_ns=7174540408261595][T0xf5e78182cca0][WARN] copy_aicore_buffer: [chip_swimlane_collector.cpp:689] Core 14: skipped 1024 AICore record slot(s) with start_time=0 (race-window write or recycled-buffer tail). buf seq=0 count=1024
[mono_ns=7174540408304845][T0xf5e78203cca0][WARN] copy_aicore_buffer: [chip_swimlane_collector.cpp:689] Core 13: skipped 1024 AICore record slot(s) with start_time=0 (race-window write or recycled-buffer tail). buf seq=0 count=1024
[mono_ns=7174540408505817][T0xf5e78284cca0][WARN] copy_aicore_buffer: [chip_swimlane_collector.cpp:689] Core 48: skipped 1024 AICore record slot(s) with start_time=0 (race-window write or recycled-buffer tail). buf seq=0 count=1024
[mono_ns=7174540408584897][T0xf5e78182cca0][WARN] copy_aicore_buffer: [chip_swimlane_collector.cpp:689] Core 52: skipped 1024 AICore record slot(s) with start_time=0 (race-window write or recycled-buffer tail). buf seq=0 count=1024
[mono_ns=7174540408629077][T0xf5e78203cca0][WARN] copy_aicore_buffer: [chip_swimlane_collector.cpp:689] Core 50: skipped 1024 AICore record slot(s) with start_time=0 (race-window write or recycled-buffer tail). buf seq=0 count=1024
[mono_ns=7174540408818228][T0xf5e78284cca0][WARN] copy_aicore_buffer: [chip_swimlane_collector.cpp:689] Core 49: skipped 1024 AICore record slot(s) with start_time=0 (race-window write or recycled-buffer tail). buf seq=0 count=1024
[mono_ns=7174540408906439][T0xf5e78182cca0][WARN] copy_aicore_buffer: [chip_swimlane_collector.cpp:689] Core 53: skipped 1024 AICore record slot(s) with start_time=0 (race-window write or recycled-buffer tail). buf seq=0 count=1024
[mono_ns=7174540408952749][T0xf5e78203cca0][WARN] copy_aicore_buffer: [chip_swimlane_collector.cpp:689] Core 51: skipped 1024 AICore record slot(s) with start_time=0 (race-window write or recycled-buffer tail). buf seq=0 count=1024
[mono_ns=7174540409143530][T0xf5e78284cca0][WARN] copy_aicore_buffer: [chip_swimlane_collector.cpp:689] Core 15: skipped 1024 AICore record slot(s) with start_time=0 (race-window write or recycled-buffer tail). buf seq=0 count=1024
[mono_ns=7174540409238421][T0xf5e78182cca0][WARN] copy_aicore_buffer: [chip_swimlane_collector.cpp:689] Core 17: skipped 1024 AICore record slot(s) with start_time=0 (race-window write or recycled-buffer tail). buf seq=0 count=1024
[mono_ns=7174540409368192][T0xf5e78203cca0][WARN] copy_aicore_buffer: [chip_swimlane_collector.cpp:689] Core 16: skipped 1024 AICore record slot(s) with start_time=0 (race-window write or recycled-buffer tail). buf seq=0 count=1024
[mono_ns=7174540409455152][T0xf5e78284cca0][WARN] copy_aicore_buffer: [chip_swimlane_collector.cpp:689] Core 54: skipped 1024 AICore record slot(s) with start_time=0 (race-window write or recycled-buffer tail). buf seq=0 count=1024
[mono_ns=7174540409560593][T0xf5e78182cca0][WARN] copy_aicore_buffer: [chip_swimlane_collector.cpp:689] Core 58: skipped 1024 AICore record slot(s) with start_time=0 (race-window write or recycled-buffer tail). buf seq=0 count=1024
[mono_ns=7174540409693403][T0xf5e78203cca0][WARN] copy_aicore_buffer: [chip_swimlane_collector.cpp:689] Core 56: skipped 1024 AICore record slot(s) with start_time=0 (race-window write or recycled-buffer tail). buf seq=0 count=1024
[mono_ns=7174540409766534][T0xf5e78284cca0][WARN] copy_aicore_buffer: [chip_swimlane_collector.cpp:689] Core 55: skipped 1024 AICore record slot(s) with start_time=0 (race-window write or recycled-buffer tail). buf seq=0 count=1024
[mono_ns=7174540409882654][T0xf5e78182cca0][WARN] copy_aicore_buffer: [chip_swimlane_collector.cpp:689] Core 59: skipped 1024 AICore record slot(s) with start_time=0 (race-window write or recycled-buffer tail). buf seq=0 count=1024
[mono_ns=7174540410028115][T0xf5e78203cca0][WARN] copy_aicore_buffer: [chip_swimlane_collector.cpp:689] Core 57: skipped 1024 AICore record slot(s) with start_time=0 (race-window write or recycled-buffer tail). buf seq=0 count=1024
[mono_ns=7174540410081796][T0xf5e78284cca0][WARN] copy_aicore_buffer: [chip_swimlane_collector.cpp:689] Core 18: skipped 1024 AICore record slot(s) with start_time=0 (race-window write or recycled-buffer tail). buf seq=0 count=1024
[mono_ns=7174540410217336][T0xf5e78182cca0][WARN] copy_aicore_buffer: [chip_swimlane_collector.cpp:689] Core 20: skipped 1024 AICore record slot(s) with start_time=0 (race-window write or recycled-buffer tail). buf seq=0 count=1024
[mono_ns=7174540410351677][T0xf5e78203cca0][WARN] copy_aicore_buffer: [chip_swimlane_collector.cpp:689] Core 19: skipped 1024 AICore record slot(s) with start_time=0 (race-window write or recycled-buffer tail). buf seq=0 count=1024
[mono_ns=7174540410394577][T0xf5e78284cca0][WARN] copy_aicore_buffer: [chip_swimlane_collector.cpp:689] Core 60: skipped 1024 AICore record slot(s) with start_time=0 (race-window write or recycled-buffer tail). buf seq=0 count=1024
[mono_ns=7174540410538908][T0xf5e78182cca0][WARN] copy_aicore_buffer: [chip_swimlane_collector.cpp:689] Core 64: skipped 1024 AICore record slot(s) with start_time=0 (race-window write or recycled-buffer tail). buf seq=0 count=1024
[mono_ns=7174540410676789][T0xf5e78203cca0][WARN] copy_aicore_buffer: [chip_swimlane_collector.cpp:689] Core 62: skipped 1024 AICore record slot(s) with start_time=0 (race-window write or recycled-buffer tail). buf seq=0 count=1024
[mono_ns=7174540410705349][T0xf5e78284cca0][WARN] copy_aicore_buffer: [chip_swimlane_collector.cpp:689] Core 61: skipped 1024 AICore record slot(s) with start_time=0 (race-window write or recycled-buffer tail). buf seq=0 count=1024
[mono_ns=7174540410860520][T0xf5e78182cca0][WARN] copy_aicore_buffer: [chip_swimlane_collector.cpp:689] Core 65: skipped 1024 AICore record slot(s) with start_time=0 (race-window write or recycled-buffer tail). buf seq=0 count=1024
[mono_ns=7174540411012161][T0xf5e78203cca0][WARN] copy_aicore_buffer: [chip_swimlane_collector.cpp:689] Core 63: skipped 1024 AICore record slot(s) with start_time=0 (race-window write or recycled-buffer tail). buf seq=0 count=1024
[mono_ns=7174540411032341][T0xf5e78284cca0][WARN] copy_aicore_buffer: [chip_swimlane_collector.cpp:689] Core 21: skipped 1024 AICore record slot(s) with start_time=0 (race-window write or recycled-buffer tail). buf seq=0 count=1024
[mono_ns=7174540411189632][T0xf5e78182cca0][WARN] copy_aicore_buffer: [chip_swimlane_collector.cpp:689] Core 23: skipped 1024 AICore record slot(s) with start_time=0 (race-window write or recycled-buffer tail). buf seq=0 count=1024
[mono_ns=7174540411340723][T0xf5e78284cca0][WARN] copy_aicore_buffer: [chip_swimlane_collector.cpp:689] Core 66: skipped 1024 AICore record slot(s) with start_time=0 (race-window write or recycled-buffer tail). buf seq=0 count=1024
[mono_ns=7174540411373713][T0xf5e78203cca0][WARN] copy_aicore_buffer: [chip_swimlane_collector.cpp:689] Core 22: skipped 1024 AICore record slot(s) with start_time=0 (race-window write or recycled-buffer tail). buf seq=0 count=1024
[mono_ns=7174540411510664][T0xf5e78182cca0][WARN] copy_aicore_buffer: [chip_swimlane_collector.cpp:689] Core 70: skipped 1024 AICore record slot(s) with start_time=0 (race-window write or recycled-buffer tail). buf seq=0 count=1024
[mono_ns=7174540411651785][T0xf5e78284cca0][WARN] copy_aicore_buffer: [chip_swimlane_collector.cpp:689] Core 67: skipped 1024 AICore record slot(s) with start_time=0 (race-window write or recycled-buffer tail). buf seq=0 count=1024
[mono_ns=7174540411697315][T0xf5e78203cca0][WARN] copy_aicore_buffer: [chip_swimlane_collector.cpp:689] Core 68: skipped 1024 AICore record slot(s) with start_time=0 (race-window write or recycled-buffer tail). buf seq=0 count=1024
[mono_ns=7174540411831926][T0xf5e78182cca0][WARN] copy_aicore_buffer: [chip_swimlane_collector.cpp:689] Core 71: skipped 1024 AICore record slot(s) with start_time=0 (race-window write or recycled-buffer tail). buf seq=0 count=1024
[mono_ns=7174540412027417][T0xf5e78203cca0][WARN] copy_aicore_buffer: [chip_swimlane_collector.cpp:689] Core 69: skipped 1024 AICore record slot(s) with start_time=0 (race-window write or recycled-buffer tail). buf seq=0 count=1024
[mono_ns=7174540512527910][T0xf5e8e80ab020][TIMING] emit_host_span: [STRACE] v=1 pid=2354859 tid=2354859 inv=22 hid=ec2cdc3bae966a42 depth=1 name=chip.run.runner_run ts=7174540401449736 dur=111071334 
[mono_ns=7174540512603050][T0xf5e8e80ab020][TIMING] emit_host_span: [STRACE] v=1 pid=2354859 tid=2354859 inv=22 hid=ec2cdc3bae966a42 depth=1 name=chip.run.validate ts=7174540512539600 dur=59980 
[mono_ns=7174540512613620][T0xf5e8e80ab020][TIMING] emit_host_span: [STRACE] v=1 pid=2354859 tid=2354859 inv=22 hid=ec2cdc3bae966a42 depth=2 name=chip.run.runner_run.device_wall ts=0 dur=2415440 clk=dev
[mono_ns=7174540512618040][T0xf5e8e80ab020][TIMING] emit_host_span: [STRACE] v=1 pid=2354859 tid=2354859 inv=22 hid=ec2cdc3bae966a42 depth=3 name=chip.run.runner_run.device_wall.preamble ts=0 dur=634460 clk=dev
[mono_ns=7174540512622650][T0xf5e8e80ab020][TIMING] emit_host_span: [STRACE] v=1 pid=2354859 tid=2354859 inv=22 hid=ec2cdc3bae966a42 depth=3 name=chip.run.runner_run.device_wall.graph_build ts=630500 dur=1774380 clk=dev
[mono_ns=7174540512660041][T0xf5e8e80ab020][TIMING] emit_host_span: [STRACE] v=1 pid=2354859 tid=2354859 inv=22 hid=ec2cdc3bae966a42 depth=3 name=chip.run.runner_run.device_wall.config_validate ts=630600 dur=780 clk=dev
[mono_ns=7174540512663851][T0xf5e8e80ab020][TIMING] emit_host_span: [STRACE] v=1 pid=2354859 tid=2354859 inv=22 hid=ec2cdc3bae966a42 depth=3 name=chip.run.runner_run.device_wall.arena_wire ts=631420 dur=260 clk=dev
[mono_ns=7174540512668151][T0xf5e8e80ab020][TIMING] emit_host_span: [STRACE] v=1 pid=2354859 tid=2354859 inv=22 hid=ec2cdc3bae966a42 depth=3 name=chip.run.runner_run.device_wall.sm_reset ts=631720 dur=520 clk=dev
[mono_ns=7174540512671591][T0xf5e8e80ab020][TIMING] emit_host_span: [STRACE] v=1 pid=2354859 tid=2354859 inv=22 hid=ec2cdc3bae966a42 depth=3 name=chip.run.runner_run.device_wall.post_orch ts=2404960 dur=10320 clk=dev
[mono_ns=7174540512674981][T0xf5e8e80ab020][TIMING] emit_host_span: [STRACE] v=1 pid=2354859 tid=2354859 inv=22 hid=ec2cdc3bae966a42 depth=3 name=chip.run.runner_run.device_wall.orch ts=632280 dur=3260 clk=dev
[mono_ns=7174540512678501][T0xf5e8e80ab020][TIMING] emit_host_span: [STRACE] v=1 pid=2354859 tid=2354859 inv=22 hid=ec2cdc3bae966a42 depth=3 name=chip.run.runner_run.device_wall.sched ts=634600 dur=1752639 clk=dev
[mono_ns=7174540512683111][T0xf5e8e80ab020][TIMING] emit_host_span: [STRACE] v=1 pid=2354859 tid=2354859 inv=22 hid=ec2cdc3bae966a42 depth=1 name=chip.run.claim_release ts=7174540512680981 dur=330 
[mono_ns=7174540512703581][T0xf5e8e80ab020][TIMING] emit_host_span: [STRACE] v=1 pid=2354859 tid=2354859 inv=22 hid=ec2cdc3bae966a42 depth=0 name=chip.run ts=7174540400955504 dur=111745617 run_id=22 dispatch_id=22 slot_id=0 generation=22 run_epoch=22
