cmd=/opt/ptoas-bin/bin/python3 /opt/pypto-profiling/collectives/a1_alltoallv/harness/all_to_all_v_benchmark.py --ep 8 --peer-bytes 49152 --count-pattern uniform --core-num 1 --impl managed-l2 --rounds 100 --warmup 5 --profile both --swimlane-rounds 8 --platform a2a3 --devices 0,1,2,3,4,5,6,7 --output-json /opt/pypto-profiling/reports/issue-2521-a1-alltoallv-ep8-gapfill-2026-09-10/json/p8_managed-l2_uniform_49152.json --output-dir /opt/pypto-profiling/reports/issue-2521-a1-alltoallv-ep8-gapfill-2026-09-10/builds/p8_managed-l2_uniform_49152
rc=-11
----- stdout -----
[a2av-bench] session=timing-slot enter warmup=5 rounds=100

----- stderr -----
[mono_ns=7252568406297115][T0xfb768d5fb020][TIMING] clock_anchor: [CLOCK_ANCHOR] v=1 pid=1887738 mono_ns=7252568406296295 wall_ns=1789048482878876311
[mono_ns=7252568422812576][T0xfb768d5fb020][TIMING] clock_anchor: [CLOCK_ANCHOR] v=1 pid=1887751 mono_ns=7252568422811476 wall_ns=1789048482895391632
[mono_ns=7252568439467178][T0xfb768d5fb020][TIMING] clock_anchor: [CLOCK_ANCHOR] v=1 pid=1887766 mono_ns=7252568439466638 wall_ns=1789048482912046394
[mono_ns=7252568456723703][T0xfb768d5fb020][TIMING] clock_anchor: [CLOCK_ANCHOR] v=1 pid=1887782 mono_ns=7252568456722553 wall_ns=1789048482929302809
[mono_ns=7252568474695589][T0xfb768d5fb020][TIMING] clock_anchor: [CLOCK_ANCHOR] v=1 pid=1887795 mono_ns=7252568474694679 wall_ns=1789048482947274585
[mono_ns=7252568493173698][T0xfb768d5fb020][TIMING] clock_anchor: [CLOCK_ANCHOR] v=1 pid=1887810 mono_ns=7252568493172928 wall_ns=1789048482965752834
[mono_ns=7252568512493980][T0xfb768d5fb020][TIMING] clock_anchor: [CLOCK_ANCHOR] v=1 pid=1887827 mono_ns=7252568512493540 wall_ns=1789048482985073186
[mono_ns=7252568531574281][T0xfb768d5fb020][TIMING] clock_anchor: [CLOCK_ANCHOR] v=1 pid=1887844 mono_ns=7252568531573521 wall_ns=1789048483004153437
[mono_ns=7252569508438903][T0xfb768d5fb020][TIMING] emit_host_span: [STRACE] v=1 pid=1887738 tid=1887738 inv=0 hid=0 depth=0 name=chip.prewarm.build ts=7252569430181612 dur=78237790 
[chip_process pid=1887738 dev=0] ready
[mono_ns=7252569537853602][T0xfb768d5fb020][TIMING] emit_host_span: [STRACE] v=1 pid=1887751 tid=1887751 inv=0 hid=0 depth=0 name=chip.prewarm.build ts=7252569457031081 dur=80809721 
[chip_process pid=1887751 dev=1] ready
[mono_ns=7252569567739723][T0xfb768d5fb020][TIMING] emit_host_span: [STRACE] v=1 pid=1887766 tid=1887766 inv=0 hid=0 depth=0 name=chip.prewarm.build ts=7252569466181955 dur=101540598 
[chip_process pid=1887766 dev=2] ready
[mono_ns=7252569576713916][T0xfb768d5fb020][TIMING] emit_host_span: [STRACE] v=1 pid=1887782 tid=1887782 inv=0 hid=0 depth=0 name=chip.prewarm.build ts=7252569500513713 dur=76179933 
[chip_process pid=1887782 dev=3] ready
[mono_ns=7252569608274114][T0xfb768d5fb020][TIMING] emit_host_span: [STRACE] v=1 pid=1887810 tid=1887810 inv=0 hid=0 depth=0 name=chip.prewarm.build ts=7252569529566601 dur=78691093 
[chip_process pid=1887810 dev=5] ready
[mono_ns=7252569618826423][T0xfb768d5fb020][TIMING] emit_host_span: [STRACE] v=1 pid=1887795 tid=1887795 inv=0 hid=0 depth=0 name=chip.prewarm.build ts=7252569536843338 dur=81967845 
[chip_process pid=1887795 dev=4] ready
[mono_ns=7252569649590697][T0xfb768d5fb020][TIMING] emit_host_span: [STRACE] v=1 pid=1887827 tid=1887827 inv=0 hid=0 depth=0 name=chip.prewarm.build ts=7252569559667403 dur=89901594 
[mono_ns=7252569652386738][T0xfb768d5fb020][TIMING] emit_host_span: [STRACE] v=1 pid=1887844 tid=1887844 inv=0 hid=0 depth=0 name=chip.prewarm.build ts=7252569567767743 dur=84606405 
[chip_process pid=1887827 dev=6] ready
[chip_process pid=1887844 dev=7] ready
[mono_ns=7252569659422774][T0xfb768d5fb020][TIMING] clock_anchor: [CLOCK_ANCHOR] v=1 pid=1883258 mono_ns=7252569659422144 wall_ns=1789048484132001940
[mono_ns=7252570730822658][T0xfb768d5fb020][TIMING] emit_host_span: [STRACE] v=1 pid=1883258 tid=1883258 inv=1 hid=50b590682672cac0 depth=0 name=node.submit ts=7252570730774958 dur=32690 run_id=1 task_slot=0 group_index=0 group_size=1 worker_id=0 role=facade
[mono_ns=7252570730897389][T0xfb753002cca0][TIMING] emit_host_span: [STRACE] v=1 pid=1883258 tid=1888752 inv=1 hid=50b590682672cac0 depth=0 name=node.frame_submit ts=7252570730860289 dur=24390 run_id=1 task_slot=0 group_index=0 worker_id=0 dispatch_id=1 endpoint_kind=local_mailbox prepare_only=0 role=worker
[mono_ns=7252570730913729][T0xfb753002cca0][TIMING] emit_host_span: [STRACE] v=1 pid=1883258 tid=1888752 inv=1 hid=50b590682672cac0 depth=0 name=node.dispatch ts=7252570730845319 dur=60240 run_id=1 task_slot=0 group_index=0 worker_id=0 dispatch_id=1 endpoint_kind=local_mailbox prepare_only=0 role=scheduler slot_id=0 generation=1
[mono_ns=7252570730928599][T0xfb753002cca0][TIMING] emit_host_span: [STRACE] v=1 pid=1883258 tid=1888752 inv=0 hid=0 depth=0 name=node.scheduler_loop ts=7252570730823278 dur=98201 role=scheduler drained=0 dispatched=1 drain_ns=7080 spins=2
[mono_ns=7252570731196180][T0xfb768d5fb020][TIMING] emit_host_span: [STRACE] v=1 pid=1883258 tid=1883258 inv=1 hid=50b590682672cac0 depth=0 name=node.submit ts=7252570731175430 dur=14060 run_id=1 task_slot=1 group_index=0 group_size=1 worker_id=1 role=facade
[mono_ns=7252570731211250][T0xfb753002cca0][TIMING] emit_host_span: [STRACE] v=1 pid=1883258 tid=1888752 inv=1 hid=50b590682672cac0 depth=0 name=node.frame_submit ts=7252570731195170 dur=12080 run_id=1 task_slot=1 group_index=0 worker_id=1 dispatch_id=1 endpoint_kind=local_mailbox prepare_only=0 role=worker
[mono_ns=7252570731220490][T0xfb753002cca0][TIMING] emit_host_span: [STRACE] v=1 pid=1883258 tid=1888752 inv=1 hid=50b590682672cac0 depth=0 name=node.dispatch ts=7252570731191570 dur=23670 run_id=1 task_slot=1 group_index=0 worker_id=1 dispatch_id=1 endpoint_kind=local_mailbox prepare_only=0 role=scheduler slot_id=0 generation=1
[mono_ns=7252570731228950][T0xfb753002cca0][TIMING] emit_host_span: [STRACE] v=1 pid=1883258 tid=1888752 inv=0 hid=0 depth=0 name=node.scheduler_loop ts=7252570731184450 dur=40920 role=scheduler drained=0 dispatched=1 drain_ns=1600 spins=62
[mono_ns=7252570731584171][T0xfb768d5fb020][TIMING] emit_host_span: [STRACE] v=1 pid=1883258 tid=1883258 inv=1 hid=50b590682672cac0 depth=0 name=node.submit ts=7252570731556371 dur=21430 run_id=1 task_slot=2 group_index=0 group_size=1 worker_id=2 role=facade
[mono_ns=7252570731605731][T0xfb753002cca0][TIMING] emit_host_span: [STRACE] v=1 pid=1883258 tid=1888752 inv=1 hid=50b590682672cac0 depth=0 name=node.frame_submit ts=7252570731589861 dur=12250 run_id=1 task_slot=2 group_index=0 worker_id=2 dispatch_id=1 endpoint_kind=local_mailbox prepare_only=0 role=worker
[mono_ns=7252570731614661][T0xfb753002cca0][TIMING] emit_host_span: [STRACE] v=1 pid=1883258 tid=1888752 inv=1 hid=50b590682672cac0 depth=0 name=node.dispatch ts=7252570731586731 dur=22860 run_id=1 task_slot=2 group_index=0 worker_id=2 dispatch_id=1 endpoint_kind=local_mailbox prepare_only=0 role=scheduler slot_id=0 generation=1
[mono_ns=7252570731623231][T0xfb753002cca0][TIMING] emit_host_span: [STRACE] v=1 pid=1883258 tid=1888752 inv=0 hid=0 depth=0 name=node.scheduler_loop ts=7252570731571531 dur=48060 role=scheduler drained=0 dispatched=1 drain_ns=1390 spins=92
[mono_ns=7252570731908663][T0xfb768d5fb020][TIMING] emit_host_span: [STRACE] v=1 pid=1883258 tid=1883258 inv=1 hid=50b590682672cac0 depth=0 name=node.submit ts=7252570731886272 dur=15630 run_id=1 task_slot=3 group_index=0 group_size=1 worker_id=3 role=facade
[mono_ns=7252570731921103][T0xfb753002cca0][TIMING] emit_host_span: [STRACE] v=1 pid=1883258 tid=1888752 inv=1 hid=50b590682672cac0 depth=0 name=node.frame_submit ts=7252570731906452 dur=11121 run_id=1 task_slot=3 group_index=0 worker_id=3 dispatch_id=1 endpoint_kind=local_mailbox prepare_only=0 role=worker
[mono_ns=7252570731928693][T0xfb753002cca0][TIMING] emit_host_span: [STRACE] v=1 pid=1883258 tid=1888752 inv=1 hid=50b590682672cac0 depth=0 name=node.dispatch ts=7252570731903912 dur=19941 run_id=1 task_slot=3 group_index=0 worker_id=3 dispatch_id=1 endpoint_kind=local_mailbox prepare_only=0 role=scheduler slot_id=0 generation=1
[mono_ns=7252570731936743][T0xfb753002cca0][TIMING] emit_host_span: [STRACE] v=1 pid=1883258 tid=1888752 inv=0 hid=0 depth=0 name=node.scheduler_loop ts=7252570731899762 dur=33451 role=scheduler drained=0 dispatched=1 drain_ns=1460 spins=76
[mono_ns=7252570732243704][T0xfb768d5fb020][TIMING] emit_host_span: [STRACE] v=1 pid=1883258 tid=1883258 inv=1 hid=50b590682672cac0 depth=0 name=node.submit ts=7252570732212214 dur=24670 run_id=1 task_slot=4 group_index=0 group_size=1 worker_id=4 role=facade
[mono_ns=7252570732283944][T0xfb753002cca0][TIMING] emit_host_span: [STRACE] v=1 pid=1883258 tid=1888752 inv=1 hid=50b590682672cac0 depth=0 name=node.frame_submit ts=7252570732268524 dur=11880 run_id=1 task_slot=4 group_index=0 worker_id=4 dispatch_id=1 endpoint_kind=local_mailbox prepare_only=0 role=worker
[mono_ns=7252570732293614][T0xfb753002cca0][TIMING] emit_host_span: [STRACE] v=1 pid=1883258 tid=1888752 inv=1 hid=50b590682672cac0 depth=0 name=node.dispatch ts=7252570732265554 dur=22500 run_id=1 task_slot=4 group_index=0 worker_id=4 dispatch_id=1 endpoint_kind=local_mailbox prepare_only=0 role=scheduler slot_id=0 generation=1
[mono_ns=7252570732301454][T0xfb753002cca0][TIMING] emit_host_span: [STRACE] v=1 pid=1883258 tid=1888752 inv=0 hid=0 depth=0 name=node.scheduler_loop ts=7252570732229484 dur=68580 role=scheduler drained=0 dispatched=1 drain_ns=1470 spins=79
[mono_ns=7252570732550825][T0xfb768d5fb020][TIMING] emit_host_span: [STRACE] v=1 pid=1883258 tid=1883258 inv=1 hid=50b590682672cac0 depth=0 name=node.submit ts=7252570732519675 dur=23440 run_id=1 task_slot=5 group_index=0 group_size=1 worker_id=5 role=facade
[mono_ns=7252570732581935][T0xfb753002cca0][TIMING] emit_host_span: [STRACE] v=1 pid=1883258 tid=1888752 inv=1 hid=50b590682672cac0 depth=0 name=node.frame_submit ts=7252570732569295 dur=9160 run_id=1 task_slot=5 group_index=0 worker_id=5 dispatch_id=1 endpoint_kind=local_mailbox prepare_only=0 role=worker
[mono_ns=7252570732590785][T0xfb753002cca0][TIMING] emit_host_span: [STRACE] v=1 pid=1883258 tid=1888752 inv=1 hid=50b590682672cac0 depth=0 name=node.dispatch ts=7252570732566425 dur=19440 run_id=1 task_slot=5 group_index=0 worker_id=5 dispatch_id=1 endpoint_kind=local_mailbox prepare_only=0 role=scheduler slot_id=0 generation=1
[mono_ns=7252570732598815][T0xfb753002cca0][TIMING] emit_host_span: [STRACE] v=1 pid=1883258 tid=1888752 inv=0 hid=0 depth=0 name=node.scheduler_loop ts=7252570732533845 dur=61410 role=scheduler drained=0 dispatched=1 drain_ns=1550 spins=63
[mono_ns=7252570732869936][T0xfb768d5fb020][TIMING] emit_host_span: [STRACE] v=1 pid=1883258 tid=1883258 inv=1 hid=50b590682672cac0 depth=0 name=node.submit ts=7252570732847876 dur=15600 run_id=1 task_slot=6 group_index=0 group_size=1 worker_id=6 role=facade
[mono_ns=7252570732881856][T0xfb753002cca0][TIMING] emit_host_span: [STRACE] v=1 pid=1883258 tid=1888752 inv=1 hid=50b590682672cac0 depth=0 name=node.frame_submit ts=7252570732867156 dur=11250 run_id=1 task_slot=6 group_index=0 worker_id=6 dispatch_id=1 endpoint_kind=local_mailbox prepare_only=0 role=worker
[mono_ns=7252570732890366][T0xfb753002cca0][TIMING] emit_host_span: [STRACE] v=1 pid=1883258 tid=1888752 inv=1 hid=50b590682672cac0 depth=0 name=node.dispatch ts=7252570732864496 dur=21100 run_id=1 task_slot=6 group_index=0 worker_id=6 dispatch_id=1 endpoint_kind=local_mailbox prepare_only=0 role=scheduler slot_id=0 generation=1
[mono_ns=7252570732898266][T0xfb753002cca0][TIMING] emit_host_span: [STRACE] v=1 pid=1883258 tid=1888752 inv=0 hid=0 depth=0 name=node.scheduler_loop ts=7252570732857956 dur=37070 role=scheduler drained=0 dispatched=1 drain_ns=1610 spins=70
[mono_ns=7252570733045997][T0xfb768d5fb020][TIMING] emit_host_span: [STRACE] v=1 pid=1887738 tid=1887738 inv=1 hid=2e8e960a9b608ef3 depth=2 name=chip.run.bind.args ts=7252570732807876 dur=228971 
[mono_ns=7252570733064607][T0xfb768d5fb020][TIMING] emit_host_span: [STRACE] v=1 pid=1887738 tid=1887738 inv=1 hid=2e8e960a9b608ef3 depth=2 name=chip.run.bind.prebuilt ts=7252570733057627 dur=4500 
[mono_ns=7252570733070577][T0xfb768d5fb020][TIMING] emit_host_span: [STRACE] v=1 pid=1887738 tid=1887738 inv=1 hid=2e8e960a9b608ef3 depth=1 name=chip.run.bind ts=7252570732379844 dur=687433 
[mono_ns=7252570733189047][T0xfb768d5fb020][TIMING] emit_host_span: [STRACE] v=1 pid=1883258 tid=1883258 inv=1 hid=50b590682672cac0 depth=0 name=node.submit ts=7252570733164567 dur=18010 run_id=1 task_slot=7 group_index=0 group_size=1 worker_id=7 role=facade
[mono_ns=7252570733221737][T0xfb768d5fb020][TIMING] emit_host_span: [STRACE] v=1 pid=1883258 tid=1883258 inv=1 hid=0 depth=0 name=node.graph_build ts=7252569662515606 dur=1070688951 run_id=1 role=facade
[mono_ns=7252570733229067][T0xfb753002cca0][TIMING] emit_host_span: [STRACE] v=1 pid=1883258 tid=1888752 inv=1 hid=50b590682672cac0 depth=0 name=node.frame_submit ts=7252570733212897 dur=12700 run_id=1 task_slot=7 group_index=0 worker_id=7 dispatch_id=1 endpoint_kind=local_mailbox prepare_only=0 role=worker
[mono_ns=7252570733237787][T0xfb753002cca0][TIMING] emit_host_span: [STRACE] v=1 pid=1883258 tid=1888752 inv=1 hid=50b590682672cac0 depth=0 name=node.dispatch ts=7252570733210067 dur=22850 run_id=1 task_slot=7 group_index=0 worker_id=7 dispatch_id=1 endpoint_kind=local_mailbox prepare_only=0 role=scheduler slot_id=0 generation=1
[mono_ns=7252570733243107][T0xfb753002cca0][TIMING] emit_host_span: [STRACE] v=1 pid=1883258 tid=1888752 inv=0 hid=0 depth=0 name=node.scheduler_loop ts=7252570733175967 dur=63790 role=scheduler drained=0 dispatched=1 drain_ns=1650 spins=75
[mono_ns=7252570733983600][T0xfb768d5fb020][TIMING] emit_host_span: [STRACE] v=1 pid=1887751 tid=1887751 inv=1 hid=2e8e960a9b608ef3 depth=2 name=chip.run.bind.args ts=7252570733711199 dur=264321 
[mono_ns=7252570734014830][T0xfb768d5fb020][TIMING] emit_host_span: [STRACE] v=1 pid=1887751 tid=1887751 inv=1 hid=2e8e960a9b608ef3 depth=2 name=chip.run.bind.prebuilt ts=7252570733998730 dur=13600 
[mono_ns=7252570734021550][T0xfb768d5fb020][TIMING] emit_host_span: [STRACE] v=1 pid=1887751 tid=1887751 inv=1 hid=2e8e960a9b608ef3 depth=1 name=chip.run.bind ts=7252570733280838 dur=738172 
[mono_ns=7252570734477462][T0xfb768d5fb020][TIMING] emit_host_span: [STRACE] v=1 pid=1887766 tid=1887766 inv=1 hid=2e8e960a9b608ef3 depth=2 name=chip.run.bind.args ts=7252570734176301 dur=294071 
[mono_ns=7252570734499392][T0xfb768d5fb020][TIMING] emit_host_span: [STRACE] v=1 pid=1887766 tid=1887766 inv=1 hid=2e8e960a9b608ef3 depth=2 name=chip.run.bind.prebuilt ts=7252570734492462 dur=4450 
[mono_ns=7252570734505002][T0xfb768d5fb020][TIMING] emit_host_span: [STRACE] v=1 pid=1887766 tid=1887766 inv=1 hid=2e8e960a9b608ef3 depth=1 name=chip.run.bind ts=7252570733754679 dur=747863 
[mono_ns=7252570734861813][T0xfb768d5fb020][TIMING] emit_host_span: [STRACE] v=1 pid=1887810 tid=1887810 inv=1 hid=2e8e960a9b608ef3 depth=2 name=chip.run.bind.args ts=7252570734562292 dur=291791 
[mono_ns=7252570734881084][T0xfb768d5fb020][TIMING] emit_host_span: [STRACE] v=1 pid=1887810 tid=1887810 inv=1 hid=2e8e960a9b608ef3 depth=2 name=chip.run.bind.prebuilt ts=7252570734873194 dur=4190 
[mono_ns=7252570734885974][T0xfb768d5fb020][TIMING] emit_host_span: [STRACE] v=1 pid=1887810 tid=1887810 inv=1 hid=2e8e960a9b608ef3 depth=1 name=chip.run.bind ts=7252570734104601 dur=779183 
[mono_ns=7252570735202565][T0xfb768d5fb020][TIMING] emit_host_span: [STRACE] v=1 pid=1887782 tid=1887782 inv=1 hid=2e8e960a9b608ef3 depth=2 name=chip.run.bind.args ts=7252570734918414 dur=278081 
[mono_ns=7252570735218505][T0xfb768d5fb020][TIMING] emit_host_span: [STRACE] v=1 pid=1887782 tid=1887782 inv=1 hid=2e8e960a9b608ef3 depth=2 name=chip.run.bind.prebuilt ts=7252570735213675 dur=2380 
[mono_ns=7252570735224265][T0xfb768d5fb020][TIMING] emit_host_span: [STRACE] v=1 pid=1887782 tid=1887782 inv=1 hid=2e8e960a9b608ef3 depth=1 name=chip.run.bind ts=7252570734487862 dur=733243 
[mono_ns=7252570735276655][T0xfb768d5fb020][TIMING] emit_host_span: [STRACE] v=1 pid=1887795 tid=1887795 inv=1 hid=2e8e960a9b608ef3 depth=2 name=chip.run.bind.args ts=7252570734967314 dur=304051 
[mono_ns=7252570735295675][T0xfb768d5fb020][TIMING] emit_host_span: [STRACE] v=1 pid=1887795 tid=1887795 inv=1 hid=2e8e960a9b608ef3 depth=2 name=chip.run.bind.prebuilt ts=7252570735289115 dur=3500 
[mono_ns=7252570735300895][T0xfb768d5fb020][TIMING] emit_host_span: [STRACE] v=1 pid=1887795 tid=1887795 inv=1 hid=2e8e960a9b608ef3 depth=1 name=chip.run.bind ts=7252570734551762 dur=746893 
[mono_ns=7252570735605526][T0xfb768d5fb020][TIMING] emit_host_span: [STRACE] v=1 pid=1887827 tid=1887827 inv=1 hid=2e8e960a9b608ef3 depth=2 name=chip.run.bind.args ts=7252570735323995 dur=273101 
[mono_ns=7252570735625016][T0xfb768d5fb020][TIMING] emit_host_span: [STRACE] v=1 pid=1887827 tid=1887827 inv=1 hid=2e8e960a9b608ef3 depth=2 name=chip.run.bind.prebuilt ts=7252570735619036 dur=3430 
[mono_ns=7252570735630316][T0xfb768d5fb020][TIMING] emit_host_span: [STRACE] v=1 pid=1887827 tid=1887827 inv=1 hid=2e8e960a9b608ef3 depth=1 name=chip.run.bind ts=7252570734879534 dur=748462 
[mono_ns=7252570735647816][T0xfb768d5fb020][TIMING] emit_host_span: [STRACE] v=1 pid=1887844 tid=1887844 inv=1 hid=2e8e960a9b608ef3 depth=2 name=chip.run.bind.args ts=7252570735365225 dur=275491 
[mono_ns=7252570735667626][T0xfb768d5fb020][TIMING] emit_host_span: [STRACE] v=1 pid=1887844 tid=1887844 inv=1 hid=2e8e960a9b608ef3 depth=2 name=chip.run.bind.prebuilt ts=7252570735661966 dur=3030 
[mono_ns=7252570735673097][T0xfb768d5fb020][TIMING] emit_host_span: [STRACE] v=1 pid=1887844 tid=1887844 inv=1 hid=2e8e960a9b608ef3 depth=1 name=chip.run.bind ts=7252570734879394 dur=791162 
[mono_ns=7252570739493571][T0xfb768d5fb020][TIMING] emit_host_span: [STRACE] v=1 pid=1887795 tid=1887795 inv=1 hid=2e8e960a9b608ef3 depth=1 name=chip.run.runner_run ts=7252570735659106 dur=3827455 
[mono_ns=7252570739493921][T0xfb768d5fb020][TIMING] emit_host_span: [STRACE] v=1 pid=1887766 tid=1887766 inv=1 hid=2e8e960a9b608ef3 depth=1 name=chip.run.runner_run ts=7252570734895334 dur=4592317 
[mono_ns=7252570739493551][T0xfb768d5fb020][TIMING] emit_host_span: [STRACE] v=1 pid=1887751 tid=1887751 inv=1 hid=2e8e960a9b608ef3 depth=1 name=chip.run.runner_run ts=7252570734408762 dur=5077819 
[mono_ns=7252570739499631][T0xfb768d5fb020][TIMING] emit_host_span: [STRACE] v=1 pid=1887738 tid=1887738 inv=1 hid=2e8e960a9b608ef3 depth=1 name=chip.run.runner_run ts=7252570733464088 dur=6026863 
[mono_ns=7252570739500081][T0xfb768d5fb020][TIMING] emit_host_span: [STRACE] v=1 pid=1887827 tid=1887827 inv=1 hid=2e8e960a9b608ef3 depth=1 name=chip.run.runner_run ts=7252570736018428 dur=3474963 
[mono_ns=7252570739501901][T0xfb768d5fb020][TIMING] emit_host_span: [STRACE] v=1 pid=1887810 tid=1887810 inv=1 hid=2e8e960a9b608ef3 depth=1 name=chip.run.runner_run ts=7252570735274085 dur=4220616 
[mono_ns=7252570739511621][T0xfb768d5fb020][TIMING] emit_host_span: [STRACE] v=1 pid=1887844 tid=1887844 inv=1 hid=2e8e960a9b608ef3 depth=1 name=chip.run.runner_run ts=7252570736037738 dur=3466963 
[mono_ns=7252570739537181][T0xfb768d5fb020][TIMING] emit_host_span: [STRACE] v=1 pid=1887782 tid=1887782 inv=1 hid=2e8e960a9b608ef3 depth=1 name=chip.run.runner_run ts=7252570735566936 dur=3961435 
[mono_ns=7252570739782922][T0xfb768d5fb020][TIMING] emit_host_span: [STRACE] v=1 pid=1887782 tid=1887782 inv=1 hid=2e8e960a9b608ef3 depth=1 name=chip.run.validate ts=7252570739546421 dur=231191 
[mono_ns=7252570739792742][T0xfb768d5fb020][TIMING] emit_host_span: [STRACE] v=1 pid=1887782 tid=1887782 inv=1 hid=2e8e960a9b608ef3 depth=2 name=chip.run.runner_run.device_wall ts=0 dur=1580440 clk=dev
[mono_ns=7252570739797172][T0xfb768d5fb020][TIMING] emit_host_span: [STRACE] v=1 pid=1887782 tid=1887782 inv=1 hid=2e8e960a9b608ef3 depth=3 name=chip.run.runner_run.device_wall.preamble ts=0 dur=160760 clk=dev
[mono_ns=7252570739790852][T0xfb768d5fb020][TIMING] emit_host_span: [STRACE] v=1 pid=1887810 tid=1887810 inv=1 hid=2e8e960a9b608ef3 depth=1 name=chip.run.validate ts=7252570739515421 dur=270481 
[mono_ns=7252570739788482][T0xfb768d5fb020][TIMING] emit_host_span: [STRACE] v=1 pid=1887844 tid=1887844 inv=1 hid=2e8e960a9b608ef3 depth=1 name=chip.run.validate ts=7252570739523771 dur=259711 
[mono_ns=7252570739800762][T0xfb768d5fb020][TIMING] emit_host_span: [STRACE] v=1 pid=1887782 tid=1887782 inv=1 hid=2e8e960a9b608ef3 depth=3 name=chip.run.runner_run.device_wall.graph_build ts=35780 dur=1524320 clk=dev
[mono_ns=7252570739800492][T0xfb768d5fb020][TIMING] emit_host_span: [STRACE] v=1 pid=1887810 tid=1887810 inv=1 hid=2e8e960a9b608ef3 depth=2 name=chip.run.runner_run.device_wall ts=0 dur=1627520 clk=dev
[mono_ns=7252570739798932][T0xfb768d5fb020][TIMING] emit_host_span: [STRACE] v=1 pid=1887844 tid=1887844 inv=1 hid=2e8e960a9b608ef3 depth=2 name=chip.run.runner_run.device_wall ts=0 dur=1285820 clk=dev
[mono_ns=7252570739805902][T0xfb768d5fb020][TIMING] emit_host_span: [STRACE] v=1 pid=1887782 tid=1887782 inv=1 hid=2e8e960a9b608ef3 depth=3 name=chip.run.runner_run.device_wall.config_validate ts=39660 dur=3300 clk=dev
[mono_ns=7252570739805042][T0xfb768d5fb020][TIMING] emit_host_span: [STRACE] v=1 pid=1887810 tid=1887810 inv=1 hid=2e8e960a9b608ef3 depth=3 name=chip.run.runner_run.device_wall.preamble ts=0 dur=165040 clk=dev
[mono_ns=7252570739803452][T0xfb768d5fb020][TIMING] emit_host_span: [STRACE] v=1 pid=1887844 tid=1887844 inv=1 hid=2e8e960a9b608ef3 depth=3 name=chip.run.runner_run.device_wall.preamble ts=0 dur=162620 clk=dev
[mono_ns=7252570739809162][T0xfb768d5fb020][TIMING] emit_host_span: [STRACE] v=1 pid=1887782 tid=1887782 inv=1 hid=2e8e960a9b608ef3 depth=3 name=chip.run.runner_run.device_wall.arena_wire ts=43080 dur=12420 clk=dev
[mono_ns=7252570739809192][T0xfb768d5fb020][TIMING] emit_host_span: [STRACE] v=1 pid=1887810 tid=1887810 inv=1 hid=2e8e960a9b608ef3 depth=3 name=chip.run.runner_run.device_wall.graph_build ts=38600 dur=1566580 clk=dev
[mono_ns=7252570739807982][T0xfb768d5fb020][TIMING] emit_host_span: [STRACE] v=1 pid=1887844 tid=1887844 inv=1 hid=2e8e960a9b608ef3 depth=3 name=chip.run.runner_run.device_wall.graph_build ts=37360 dur=1227720 clk=dev
[mono_ns=7252570739812322][T0xfb768d5fb020][TIMING] emit_host_span: [STRACE] v=1 pid=1887782 tid=1887782 inv=1 hid=2e8e960a9b608ef3 depth=3 name=chip.run.runner_run.device_wall.sm_reset ts=55540 dur=17960 clk=dev
[mono_ns=7252570739813462][T0xfb768d5fb020][TIMING] emit_host_span: [STRACE] v=1 pid=1887810 tid=1887810 inv=1 hid=2e8e960a9b608ef3 depth=3 name=chip.run.runner_run.device_wall.config_validate ts=42800 dur=3199 clk=dev
[mono_ns=7252570739815722][T0xfb768d5fb020][TIMING] emit_host_span: [STRACE] v=1 pid=1887782 tid=1887782 inv=1 hid=2e8e960a9b608ef3 depth=3 name=chip.run.runner_run.device_wall.post_orch ts=1560180 dur=16779 clk=dev
[mono_ns=7252570739814072][T0xfb768d5fb020][TIMING] emit_host_span: [STRACE] v=1 pid=1887844 tid=1887844 inv=1 hid=2e8e960a9b608ef3 depth=3 name=chip.run.runner_run.device_wall.config_validate ts=41160 dur=3140 clk=dev
[mono_ns=7252570739818752][T0xfb768d5fb020][TIMING] emit_host_span: [STRACE] v=1 pid=1887782 tid=1887782 inv=1 hid=2e8e960a9b608ef3 depth=3 name=chip.run.runner_run.device_wall.orch ts=75200 dur=37980 clk=dev
[mono_ns=7252570739818262][T0xfb768d5fb020][TIMING] emit_host_span: [STRACE] v=1 pid=1887810 tid=1887810 inv=1 hid=2e8e960a9b608ef3 depth=3 name=chip.run.runner_run.device_wall.arena_wire ts=46020 dur=13280 clk=dev
[mono_ns=7252570739782672][T0xfb768d5fb020][TIMING] emit_host_span: [STRACE] v=1 pid=1887827 tid=1887827 inv=1 hid=2e8e960a9b608ef3 depth=1 name=chip.run.validate ts=7252570739510121 dur=267291 
[mono_ns=7252570739823632][T0xfb768d5fb020][TIMING] emit_host_span: [STRACE] v=1 pid=1887782 tid=1887782 inv=1 hid=2e8e960a9b608ef3 depth=3 name=chip.run.runner_run.device_wall.sched ts=162460 dur=1375340 clk=dev
[mono_ns=7252570739824182][T0xfb768d5fb020][TIMING] emit_host_span: [STRACE] v=1 pid=1887810 tid=1887810 inv=1 hid=2e8e960a9b608ef3 depth=3 name=chip.run.runner_run.device_wall.sm_reset ts=59339 dur=18760 clk=dev
[mono_ns=7252570739820302][T0xfb768d5fb020][TIMING] emit_host_span: [STRACE] v=1 pid=1887844 tid=1887844 inv=1 hid=2e8e960a9b608ef3 depth=3 name=chip.run.runner_run.device_wall.arena_wire ts=44320 dur=12680 clk=dev
[mono_ns=7252570739828762][T0xfb768d5fb020][TIMING] emit_host_span: [STRACE] v=1 pid=1887810 tid=1887810 inv=1 hid=2e8e960a9b608ef3 depth=3 name=chip.run.runner_run.device_wall.post_orch ts=1605240 dur=17779 clk=dev
[mono_ns=7252570739816682][T0xfb768d5fb020][TIMING] emit_host_span: [STRACE] v=1 pid=1887795 tid=1887795 inv=1 hid=2e8e960a9b608ef3 depth=1 name=chip.run.validate ts=7252570739504871 dur=307461 
[mono_ns=7252570739794032][T0xfb768d5fb020][TIMING] emit_host_span: [STRACE] v=1 pid=1887827 tid=1887827 inv=1 hid=2e8e960a9b608ef3 depth=2 name=chip.run.runner_run.device_wall ts=0 dur=1117480 clk=dev
[mono_ns=7252570739829232][T0xfb768d5fb020][TIMING] emit_host_span: [STRACE] v=1 pid=1887782 tid=1887782 inv=1 hid=2e8e960a9b608ef3 depth=1 name=chip.run.claim_release ts=7252570739826922 dur=500 
[mono_ns=7252570739828672][T0xfb768d5fb020][TIMING] emit_host_span: [STRACE] v=1 pid=1887844 tid=1887844 inv=1 hid=2e8e960a9b608ef3 depth=3 name=chip.run.runner_run.device_wall.sm_reset ts=57040 dur=18919 clk=dev
[mono_ns=7252570739831652][T0xfb768d5fb020][TIMING] emit_host_span: [STRACE] v=1 pid=1887810 tid=1887810 inv=1 hid=2e8e960a9b608ef3 depth=3 name=chip.run.runner_run.device_wall.orch ts=80240 dur=39239 clk=dev
[mono_ns=7252570739829222][T0xfb768d5fb020][TIMING] emit_host_span: [STRACE] v=1 pid=1887795 tid=1887795 inv=1 hid=2e8e960a9b608ef3 depth=2 name=chip.run.runner_run.device_wall ts=0 dur=1516860 clk=dev
[mono_ns=7252570739798962][T0xfb768d5fb020][TIMING] emit_host_span: [STRACE] v=1 pid=1887827 tid=1887827 inv=1 hid=2e8e960a9b608ef3 depth=3 name=chip.run.runner_run.device_wall.preamble ts=0 dur=181880 clk=dev
[mono_ns=7252570739834332][T0xfb768d5fb020][TIMING] emit_host_span: [STRACE] v=1 pid=1887782 tid=1887782 inv=1 hid=2e8e960a9b608ef3 depth=0 name=chip.run ts=7252570734452122 dur=5380190 run_id=1 dispatch_id=1 slot_id=0 generation=1 run_epoch=1
[mono_ns=7252570739832662][T0xfb768d5fb020][TIMING] emit_host_span: [STRACE] v=1 pid=1887844 tid=1887844 inv=1 hid=2e8e960a9b608ef3 depth=3 name=chip.run.runner_run.device_wall.post_orch ts=1265200 dur=16660 clk=dev
[mono_ns=7252570739803272][T0xfb768d5fb020][TIMING] emit_host_span: [STRACE] v=1 pid=1887827 tid=1887827 inv=1 hid=2e8e960a9b608ef3 depth=3 name=chip.run.runner_run.device_wall.graph_build ts=39020 dur=1057780 clk=dev
[mono_ns=7252570739834702][T0xfb768d5fb020][TIMING] emit_host_span: [STRACE] v=1 pid=1887810 tid=1887810 inv=1 hid=2e8e960a9b608ef3 depth=3 name=chip.run.runner_run.device_wall.sched ts=166760 dur=1415320 clk=dev
[mono_ns=7252570739837452][T0xfb768d5fb020][TIMING] emit_host_span: [STRACE] v=1 pid=1887738 tid=1887738 inv=1 hid=2e8e960a9b608ef3 depth=1 name=chip.run.validate ts=7252570739506241 dur=326721 
[mono_ns=7252570739836812][T0xfb768d5fb020][TIMING] emit_host_span: [STRACE] v=1 pid=1887844 tid=1887844 inv=1 hid=2e8e960a9b608ef3 depth=3 name=chip.run.runner_run.device_wall.orch ts=77640 dur=39460 clk=dev
[mono_ns=7252570739834372][T0xfb768d5fb020][TIMING] emit_host_span: [STRACE] v=1 pid=1887795 tid=1887795 inv=1 hid=2e8e960a9b608ef3 depth=3 name=chip.run.runner_run.device_wall.preamble ts=0 dur=167020 clk=dev
[mono_ns=7252570739807182][T0xfb768d5fb020][TIMING] emit_host_span: [STRACE] v=1 pid=1887827 tid=1887827 inv=1 hid=2e8e960a9b608ef3 depth=3 name=chip.run.runner_run.device_wall.config_validate ts=42820 dur=3580 clk=dev
[mono_ns=7252570739839032][T0xfb768d5fb020][TIMING] emit_host_span: [STRACE] v=1 pid=1887810 tid=1887810 inv=1 hid=2e8e960a9b608ef3 depth=1 name=chip.run.claim_release ts=7252570739836872 dur=400 
[mono_ns=7252570739840092][T0xfb768d5fb020][TIMING] emit_host_span: [STRACE] v=1 pid=1887844 tid=1887844 inv=1 hid=2e8e960a9b608ef3 depth=3 name=chip.run.runner_run.device_wall.sched ts=164320 dur=1077880 clk=dev
[mono_ns=7252570739844982][T0xfb768d5fb020][TIMING] emit_host_span: [STRACE] v=1 pid=1887738 tid=1887738 inv=1 hid=2e8e960a9b608ef3 depth=2 name=chip.run.runner_run.device_wall ts=0 dur=4013220 clk=dev
[mono_ns=7252570739839092][T0xfb768d5fb020][TIMING] emit_host_span: [STRACE] v=1 pid=1887795 tid=1887795 inv=1 hid=2e8e960a9b608ef3 depth=3 name=chip.run.runner_run.device_wall.graph_build ts=40220 dur=1457320 clk=dev
[mono_ns=7252570739845242][T0xfb768d5fb020][TIMING] emit_host_span: [STRACE] v=1 pid=1887844 tid=1887844 inv=1 hid=2e8e960a9b608ef3 depth=1 name=chip.run.claim_release ts=7252570739843192 dur=300 
[mono_ns=7252570739811412][T0xfb768d5fb020][TIMING] emit_host_span: [STRACE] v=1 pid=1887827 tid=1887827 inv=1 hid=2e8e960a9b608ef3 depth=3 name=chip.run.runner_run.device_wall.arena_wire ts=46420 dur=12320 clk=dev
[mono_ns=7252570739843782][T0xfb768d5fb020][TIMING] emit_host_span: [STRACE] v=1 pid=1887810 tid=1887810 inv=1 hid=2e8e960a9b608ef3 depth=0 name=chip.run ts=7252570734069051 dur=5772701 run_id=1 dispatch_id=1 slot_id=0 generation=1 run_epoch=1
[mono_ns=7252570739849332][T0xfb768d5fb020][TIMING] emit_host_span: [STRACE] v=1 pid=1887738 tid=1887738 inv=1 hid=2e8e960a9b608ef3 depth=3 name=chip.run.runner_run.device_wall.preamble ts=0 dur=164720 clk=dev
[mono_ns=7252570739842722][T0xfb768d5fb020][TIMING] emit_host_span: [STRACE] v=1 pid=1887795 tid=1887795 inv=1 hid=2e8e960a9b608ef3 depth=3 name=chip.run.runner_run.device_wall.config_validate ts=43800 dur=3440 clk=dev
[mono_ns=7252570739850552][T0xfb768d5fb020][TIMING] emit_host_span: [STRACE] v=1 pid=1887844 tid=1887844 inv=1 hid=2e8e960a9b608ef3 depth=0 name=chip.run ts=7252570734843383 dur=5005159 run_id=1 dispatch_id=1 slot_id=0 generation=1 run_epoch=1
[mono_ns=7252570739815072][T0xfb768d5fb020][TIMING] emit_host_span: [STRACE] v=1 pid=1887827 tid=1887827 inv=1 hid=2e8e960a9b608ef3 depth=3 name=chip.run.runner_run.device_wall.sm_reset ts=58780 dur=18040 clk=dev
[mono_ns=7252570739852942][T0xfb768d5fb020][TIMING] emit_host_span: [STRACE] v=1 pid=1887738 tid=1887738 inv=1 hid=2e8e960a9b608ef3 depth=3 name=chip.run.runner_run.device_wall.graph_build ts=36300 dur=3956140 clk=dev
[mono_ns=7252570739847372][T0xfb768d5fb020][TIMING] emit_host_span: [STRACE] v=1 pid=1887795 tid=1887795 inv=1 hid=2e8e960a9b608ef3 depth=3 name=chip.run.runner_run.device_wall.arena_wire ts=47280 dur=12020 clk=dev
[mono_ns=7252570739818772][T0xfb768d5fb020][TIMING] emit_host_span: [STRACE] v=1 pid=1887827 tid=1887827 inv=1 hid=2e8e960a9b608ef3 depth=3 name=chip.run.runner_run.device_wall.post_orch ts=1096879 dur=16740 clk=dev
[mono_ns=7252570739856172][T0xfb768d5fb020][TIMING] emit_host_span: [STRACE] v=1 pid=1887738 tid=1887738 inv=1 hid=2e8e960a9b608ef3 depth=3 name=chip.run.runner_run.device_wall.config_validate ts=40000 dur=3220 clk=dev
[mono_ns=7252570739865552][T0xfb768d5fb020][TIMING] emit_host_span: [STRACE] v=1 pid=1887766 tid=1887766 inv=1 hid=2e8e960a9b608ef3 depth=1 name=chip.run.validate ts=7252570739504601 dur=356421 
[mono_ns=7252570739850642][T0xfb768d5fb020][TIMING] emit_host_span: [STRACE] v=1 pid=1887795 tid=1887795 inv=1 hid=2e8e960a9b608ef3 depth=3 name=chip.run.runner_run.device_wall.sm_reset ts=59339 dur=18760 clk=dev
[mono_ns=7252570739859472][T0xfb768d5fb020][TIMING] emit_host_span: [STRACE] v=1 pid=1887738 tid=1887738 inv=1 hid=2e8e960a9b608ef3 depth=3 name=chip.run.runner_run.device_wall.arena_wire ts=43260 dur=12459 clk=dev
[mono_ns=7252570739822452][T0xfb768d5fb020][TIMING] emit_host_span: [STRACE] v=1 pid=1887827 tid=1887827 inv=1 hid=2e8e960a9b608ef3 depth=3 name=chip.run.runner_run.device_wall.orch ts=78340 dur=38900 clk=dev
[mono_ns=7252570739877102][T0xfb768d5fb020][TIMING] emit_host_span: [STRACE] v=1 pid=1887766 tid=1887766 inv=1 hid=2e8e960a9b608ef3 depth=2 name=chip.run.runner_run.device_wall ts=0 dur=2533300 clk=dev
[mono_ns=7252570739874122][T0xfb753002cca0][TIMING] emit_host_span: [STRACE] v=1 pid=1883258 tid=1888752 inv=1 hid=50b590682672cac0 depth=0 name=node.complete ts=7252570739868932 dur=1510 run_id=1 task_slot=6 group_index=0 worker_id=6 dispatch_id=1 endpoint_kind=local_mailbox prepare_only=0 role=worker outcome=0
[mono_ns=7252570739853872][T0xfb768d5fb020][TIMING] emit_host_span: [STRACE] v=1 pid=1887795 tid=1887795 inv=1 hid=2e8e960a9b608ef3 depth=3 name=chip.run.runner_run.device_wall.post_orch ts=1497620 dur=15180 clk=dev
[mono_ns=7252570739862402][T0xfb768d5fb020][TIMING] emit_host_span: [STRACE] v=1 pid=1887738 tid=1887738 inv=1 hid=2e8e960a9b608ef3 depth=3 name=chip.run.runner_run.device_wall.sm_reset ts=55760 dur=18180 clk=dev
[mono_ns=7252570739826782][T0xfb768d5fb020][TIMING] emit_host_span: [STRACE] v=1 pid=1887827 tid=1887827 inv=1 hid=2e8e960a9b608ef3 depth=3 name=chip.run.runner_run.device_wall.sched ts=183620 dur=890980 clk=dev
[mono_ns=7252570739856942][T0xfb768d5fb020][TIMING] emit_host_span: [STRACE] v=1 pid=1887795 tid=1887795 inv=1 hid=2e8e960a9b608ef3 depth=3 name=chip.run.runner_run.device_wall.orch ts=79960 dur=40840 clk=dev
[mono_ns=7252570739882272][T0xfb768d5fb020][TIMING] emit_host_span: [STRACE] v=1 pid=1887766 tid=1887766 inv=1 hid=2e8e960a9b608ef3 depth=3 name=chip.run.runner_run.device_wall.preamble ts=0 dur=161280 clk=dev
[mono_ns=7252570739885752][T0xfb753002cca0][TIMING] emit_host_span: [STRACE] v=1 pid=1883258 tid=1888752 inv=1 hid=50b590682672cac0 depth=0 name=node.complete ts=7252570739882372 dur=310 run_id=1 task_slot=7 group_index=0 worker_id=7 dispatch_id=1 endpoint_kind=local_mailbox prepare_only=0 role=worker outcome=0
[mono_ns=7252570739877812][T0xfb768d5fb020][TIMING] emit_host_span: [STRACE] v=1 pid=1887751 tid=1887751 inv=1 hid=2e8e960a9b608ef3 depth=1 name=chip.run.validate ts=7252570739505411 dur=368211 
[mono_ns=7252570739865592][T0xfb768d5fb020][TIMING] emit_host_span: [STRACE] v=1 pid=1887738 tid=1887738 inv=1 hid=2e8e960a9b608ef3 depth=3 name=chip.run.runner_run.device_wall.post_orch ts=3992500 dur=17040 clk=dev
[mono_ns=7252570739831232][T0xfb768d5fb020][TIMING] emit_host_span: [STRACE] v=1 pid=1887827 tid=1887827 inv=1 hid=2e8e960a9b608ef3 depth=1 name=chip.run.claim_release ts=7252570739829072 dur=370 
[mono_ns=7252570739869722][T0xfb768d5fb020][TIMING] emit_host_span: [STRACE] v=1 pid=1887738 tid=1887738 inv=1 hid=2e8e960a9b608ef3 depth=3 name=chip.run.runner_run.device_wall.orch ts=75300 dur=45000 clk=dev
[mono_ns=7252570739862052][T0xfb768d5fb020][TIMING] emit_host_span: [STRACE] v=1 pid=1887795 tid=1887795 inv=1 hid=2e8e960a9b608ef3 depth=3 name=chip.run.runner_run.device_wall.sched ts=168980 dur=1307620 clk=dev
[mono_ns=7252570739873132][T0xfb768d5fb020][TIMING] emit_host_span: [STRACE] v=1 pid=1887738 tid=1887738 inv=1 hid=2e8e960a9b608ef3 depth=3 name=chip.run.runner_run.device_wall.sched ts=166380 dur=3804100 clk=dev
[mono_ns=7252570739887772][T0xfb768d5fb020][TIMING] emit_host_span: [STRACE] v=1 pid=1887766 tid=1887766 inv=1 hid=2e8e960a9b608ef3 depth=3 name=chip.run.runner_run.device_wall.graph_build ts=39500 dur=2475900 clk=dev
[mono_ns=7252570739889232][T0xfb768d5fb020][TIMING] emit_host_span: [STRACE] v=1 pid=1887751 tid=1887751 inv=1 hid=2e8e960a9b608ef3 depth=2 name=chip.run.runner_run.device_wall ts=0 dur=2552200 clk=dev
[mono_ns=7252570739835672][T0xfb768d5fb020][TIMING] emit_host_span: [STRACE] v=1 pid=1887827 tid=1887827 inv=1 hid=2e8e960a9b608ef3 depth=0 name=chip.run ts=7252570734839513 dur=4994199 run_id=1 dispatch_id=1 slot_id=0 generation=1 run_epoch=1
[mono_ns=7252570739877082][T0xfb768d5fb020][TIMING] emit_host_span: [STRACE] v=1 pid=1887738 tid=1887738 inv=1 hid=2e8e960a9b608ef3 depth=1 name=chip.run.claim_release ts=7252570739875002 dur=340 
[mono_ns=7252570739869092][T0xfb768d5fb020][TIMING] emit_host_span: [STRACE] v=1 pid=1887795 tid=1887795 inv=1 hid=2e8e960a9b608ef3 depth=1 name=chip.run.claim_release ts=7252570739866882 dur=350 
[mono_ns=7252570739893982][T0xfb768d5fb020][TIMING] emit_host_span: [STRACE] v=1 pid=1887751 tid=1887751 inv=1 hid=2e8e960a9b608ef3 depth=3 name=chip.run.runner_run.device_wall.preamble ts=0 dur=154520 clk=dev
[mono_ns=7252570739881532][T0xfb768d5fb020][TIMING] emit_host_span: [STRACE] v=1 pid=1887738 tid=1887738 inv=1 hid=2e8e960a9b608ef3 depth=0 name=chip.run ts=7252570732341044 dur=7538578 run_id=1 dispatch_id=1 slot_id=0 generation=1 run_epoch=1
[mono_ns=7252570739892222][T0xfb768d5fb020][TIMING] emit_host_span: [STRACE] v=1 pid=1887766 tid=1887766 inv=1 hid=2e8e960a9b608ef3 depth=3 name=chip.run.runner_run.device_wall.config_validate ts=43340 dur=3120 clk=dev
[mono_ns=7252570739903682][T0xfb753002cca0][TIMING] emit_host_span: [STRACE] v=1 pid=1883258 tid=1888752 inv=0 hid=0 depth=0 name=node.scheduler_loop ts=7252570739861732 dur=37720 role=scheduler drained=2 dispatched=0 drain_ns=34970 spins=1922
[mono_ns=7252570739875062][T0xfb768d5fb020][TIMING] emit_host_span: [STRACE] v=1 pid=1887795 tid=1887795 inv=1 hid=2e8e960a9b608ef3 depth=0 name=chip.run ts=7252570734523652 dur=5349310 run_id=1 dispatch_id=1 slot_id=0 generation=1 run_epoch=1
[mono_ns=7252570739898652][T0xfb768d5fb020][TIMING] emit_host_span: [STRACE] v=1 pid=1887751 tid=1887751 inv=1 hid=2e8e960a9b608ef3 depth=3 name=chip.run.runner_run.device_wall.graph_build ts=38200 dur=2494080 clk=dev
[mono_ns=7252570739914232][T0xfb753002cca0][TIMING] emit_host_span: [STRACE] v=1 pid=1883258 tid=1888752 inv=1 hid=50b590682672cac0 depth=0 name=node.complete ts=7252570739910102 dur=430 run_id=1 task_slot=0 group_index=0 worker_id=0 dispatch_id=1 endpoint_kind=local_mailbox prepare_only=0 role=worker outcome=0
[mono_ns=7252570739896542][T0xfb768d5fb020][TIMING] emit_host_span: [STRACE] v=1 pid=1887766 tid=1887766 inv=1 hid=2e8e960a9b608ef3 depth=3 name=chip.run.runner_run.device_wall.arena_wire ts=46620 dur=12440 clk=dev
[mono_ns=7252570739902272][T0xfb768d5fb020][TIMING] emit_host_span: [STRACE] v=1 pid=1887751 tid=1887751 inv=1 hid=2e8e960a9b608ef3 depth=3 name=chip.run.runner_run.device_wall.config_validate ts=41980 dur=3260 clk=dev
[mono_ns=7252570739900042][T0xfb768d5fb020][TIMING] emit_host_span: [STRACE] v=1 pid=1887766 tid=1887766 inv=1 hid=2e8e960a9b608ef3 depth=3 name=chip.run.runner_run.device_wall.sm_reset ts=59220 dur=18660 clk=dev
[mono_ns=7252570739907412][T0xfb768d5fb020][TIMING] emit_host_span: [STRACE] v=1 pid=1887751 tid=1887751 inv=1 hid=2e8e960a9b608ef3 depth=3 name=chip.run.runner_run.device_wall.arena_wire ts=45280 dur=11800 clk=dev
[mono_ns=7252570739904312][T0xfb768d5fb020][TIMING] emit_host_span: [STRACE] v=1 pid=1887766 tid=1887766 inv=1 hid=2e8e960a9b608ef3 depth=3 name=chip.run.runner_run.device_wall.post_orch ts=2515460 dur=14059 clk=dev
[mono_ns=7252570739907422][T0xfb768d5fb020][TIMING] emit_host_span: [STRACE] v=1 pid=1887766 tid=1887766 inv=1 hid=2e8e960a9b608ef3 depth=3 name=chip.run.runner_run.device_wall.orch ts=79420 dur=40260 clk=dev
[mono_ns=7252570739911472][T0xfb768d5fb020][TIMING] emit_host_span: [STRACE] v=1 pid=1887751 tid=1887751 inv=1 hid=2e8e960a9b608ef3 depth=3 name=chip.run.runner_run.device_wall.sm_reset ts=57120 dur=17060 clk=dev
[mono_ns=7252570739911632][T0xfb768d5fb020][TIMING] emit_host_span: [STRACE] v=1 pid=1887766 tid=1887766 inv=1 hid=2e8e960a9b608ef3 depth=3 name=chip.run.runner_run.device_wall.sched ts=162960 dur=2329560 clk=dev
[mono_ns=7252570739921422][T0xfb753002cca0][TIMING] emit_host_span: [STRACE] v=1 pid=1883258 tid=1888752 inv=1 hid=50b590682672cac0 depth=0 name=node.complete ts=7252570739918182 dur=280 run_id=1 task_slot=3 group_index=0 worker_id=3 dispatch_id=1 endpoint_kind=local_mailbox prepare_only=0 role=worker outcome=0
[mono_ns=7252570739916252][T0xfb768d5fb020][TIMING] emit_host_span: [STRACE] v=1 pid=1887751 tid=1887751 inv=1 hid=2e8e960a9b608ef3 depth=3 name=chip.run.runner_run.device_wall.post_orch ts=2532420 dur=15780 clk=dev
[mono_ns=7252570739916512][T0xfb768d5fb020][TIMING] emit_host_span: [STRACE] v=1 pid=1887766 tid=1887766 inv=1 hid=2e8e960a9b608ef3 depth=1 name=chip.run.claim_release ts=7252570739914402 dur=280 
[mono_ns=7252570739930292][T0xfb753002cca0][TIMING] emit_host_span: [STRACE] v=1 pid=1883258 tid=1888752 inv=1 hid=50b590682672cac0 depth=0 name=node.complete ts=7252570739926942 dur=400 run_id=1 task_slot=4 group_index=0 worker_id=4 dispatch_id=1 endpoint_kind=local_mailbox prepare_only=0 role=worker outcome=0
[mono_ns=7252570739922492][T0xfb768d5fb020][TIMING] emit_host_span: [STRACE] v=1 pid=1887766 tid=1887766 inv=1 hid=2e8e960a9b608ef3 depth=0 name=chip.run ts=7252570733705969 dur=6214393 run_id=1 dispatch_id=1 slot_id=0 generation=1 run_epoch=1
[mono_ns=7252570739920862][T0xfb768d5fb020][TIMING] emit_host_span: [STRACE] v=1 pid=1887751 tid=1887751 inv=1 hid=2e8e960a9b608ef3 depth=3 name=chip.run.runner_run.device_wall.orch ts=75760 dur=39680 clk=dev
[mono_ns=7252570739925762][T0xfb768d5fb020][TIMING] emit_host_span: [STRACE] v=1 pid=1887751 tid=1887751 inv=1 hid=2e8e960a9b608ef3 depth=3 name=chip.run.runner_run.device_wall.sched ts=156180 dur=2354480 clk=dev
[mono_ns=7252570739932362][T0xfb768d5fb020][TIMING] emit_host_span: [STRACE] v=1 pid=1887751 tid=1887751 inv=1 hid=2e8e960a9b608ef3 depth=1 name=chip.run.claim_release ts=7252570739930162 dur=380 
[mono_ns=7252570739936672][T0xfb753002cca0][TIMING] emit_host_span: [STRACE] v=1 pid=1883258 tid=1888752 inv=1 hid=50b590682672cac0 depth=0 name=node.complete ts=7252570739933572 dur=270 run_id=1 task_slot=5 group_index=0 worker_id=5 dispatch_id=1 endpoint_kind=local_mailbox prepare_only=0 role=worker outcome=0
[mono_ns=7252570739937842][T0xfb768d5fb020][TIMING] emit_host_span: [STRACE] v=1 pid=1887751 tid=1887751 inv=1 hid=2e8e960a9b608ef3 depth=0 name=chip.run ts=7252570733230057 dur=6705855 run_id=1 dispatch_id=1 slot_id=0 generation=1 run_epoch=1
[mono_ns=7252570739957052][T0xfb753002cca0][TIMING] emit_host_span: [STRACE] v=1 pid=1883258 tid=1888752 inv=0 hid=0 depth=0 name=node.scheduler_loop ts=7252570739907342 dur=46340 role=scheduler drained=4 dispatched=0 drain_ns=43800 spins=0
[mono_ns=7252570739966762][T0xfb753002cca0][TIMING] emit_host_span: [STRACE] v=1 pid=1883258 tid=1888752 inv=1 hid=50b590682672cac0 depth=0 name=node.complete ts=7252570739963472 dur=400 run_id=1 task_slot=1 group_index=0 worker_id=1 dispatch_id=1 endpoint_kind=local_mailbox prepare_only=0 role=worker outcome=0
[mono_ns=7252570739973922][T0xfb753002cca0][TIMING] emit_host_span: [STRACE] v=1 pid=1883258 tid=1888752 inv=1 hid=50b590682672cac0 depth=0 name=node.complete ts=7252570739970812 dur=310 run_id=1 task_slot=2 group_index=0 worker_id=2 dispatch_id=1 endpoint_kind=local_mailbox prepare_only=0 role=worker outcome=0
[mono_ns=7252570739989383][T0xfb753002cca0][TIMING] emit_host_span: [STRACE] v=1 pid=1883258 tid=1888752 inv=0 hid=0 depth=0 name=node.scheduler_loop ts=7252570739960812 dur=25421 role=scheduler drained=2 dispatched=0 drain_ns=25271 spins=0
[mono_ns=7252570740194633][T0xfb768d5fb020][TIMING] emit_host_span: [STRACE] v=1 pid=1883258 tid=1883258 inv=1 hid=0 depth=0 name=node.post_fence_retirement ts=7252570739982483 dur=205880 run_id=1 slot_id=0 generation=1 role=facade
[mono_ns=7252571301610952][T0xfb768d5fb020][TIMING] emit_host_span: [STRACE] v=1 pid=1883258 tid=1883258 inv=2 hid=50b590682672cac0 depth=0 name=node.submit ts=7252571301562381 dur=32371 run_id=2 task_slot=0 group_index=0 group_size=1 worker_id=0 role=facade
[mono_ns=7252571302083063][T0xfb753002cca0][TIMING] emit_host_span: [STRACE] v=1 pid=1883258 tid=1888752 inv=2 hid=50b590682672cac0 depth=0 name=node.frame_submit ts=7252571302068373 dur=2990 run_id=2 task_slot=0 group_index=0 worker_id=0 dispatch_id=2 endpoint_kind=local_mailbox prepare_only=0 role=worker
[mono_ns=7252571302117003][T0xfb753002cca0][TIMING] emit_host_span: [STRACE] v=1 pid=1883258 tid=1888752 inv=2 hid=50b590682672cac0 depth=0 name=node.dispatch ts=7252571302057013 dur=48360 run_id=2 task_slot=0 group_index=0 worker_id=0 dispatch_id=2 endpoint_kind=local_mailbox prepare_only=0 role=scheduler slot_id=0 generation=2
[mono_ns=7252571302143624][T0xfb753002cca0][TIMING] emit_host_span: [STRACE] v=1 pid=1883258 tid=1888752 inv=0 hid=0 depth=0 name=node.scheduler_loop ts=7252571302034003 dur=101891 role=scheduler drained=0 dispatched=1 drain_ns=9300 spins=0
[mono_ns=7252571305030984][T0xfb768d5fb020][TIMING] emit_host_span: [STRACE] v=1 pid=1883258 tid=1883258 inv=2 hid=50b590682672cac0 depth=0 name=node.submit ts=7252571305014224 dur=13100 run_id=2 task_slot=1 group_index=0 group_size=1 worker_id=1 role=facade
[mono_ns=7252571305126785][T0xfb768d5fb020][TIMING] emit_host_span: [STRACE] v=1 pid=1887738 tid=1887738 inv=2 hid=2e8e960a9b608ef3 depth=2 name=chip.run.bind.args ts=7252571302704796 dur=2411569 
[mono_ns=7252571305153195][T0xfb768d5fb020][TIMING] emit_host_span: [STRACE] v=1 pid=1887738 tid=1887738 inv=2 hid=2e8e960a9b608ef3 depth=2 name=chip.run.bind.prebuilt ts=7252571305143315 dur=6920 
[mono_ns=7252571305158505][T0xfb768d5fb020][TIMING] emit_host_span: [STRACE] v=1 pid=1887738 tid=1887738 inv=2 hid=2e8e960a9b608ef3 depth=1 name=chip.run.bind ts=7252571302689766 dur=2466339 
[mono_ns=7252571305415586][T0xfb768d5fb020][TIMING] emit_host_span: [STRACE] v=1 pid=1883258 tid=1883258 inv=2 hid=50b590682672cac0 depth=0 name=node.submit ts=7252571305396286 dur=13190 run_id=2 task_slot=2 group_index=0 group_size=1 worker_id=2 role=facade
[mono_ns=7252571305786007][T0xfb768d5fb020][TIMING] emit_host_span: [STRACE] v=1 pid=1883258 tid=1883258 inv=2 hid=50b590682672cac0 depth=0 name=node.submit ts=7252571305768447 dur=11490 run_id=2 task_slot=3 group_index=0 group_size=1 worker_id=3 role=facade
[mono_ns=7252571306098998][T0xfb753002cca0][TIMING] emit_host_span: [STRACE] v=1 pid=1883258 tid=1888752 inv=2 hid=50b590682672cac0 depth=0 name=node.frame_submit ts=7252571306081128 dur=9680 run_id=2 task_slot=1 group_index=0 worker_id=1 dispatch_id=2 endpoint_kind=local_mailbox prepare_only=0 role=worker
[mono_ns=7252571306129708][T0xfb753002cca0][TIMING] emit_host_span: [STRACE] v=1 pid=1883258 tid=1888752 inv=2 hid=50b590682672cac0 depth=0 name=node.dispatch ts=7252571306071878 dur=47960 run_id=2 task_slot=1 group_index=0 worker_id=1 dispatch_id=2 endpoint_kind=local_mailbox prepare_only=0 role=scheduler slot_id=0 generation=2
[mono_ns=7252571306144708][T0xfb753002cca0][TIMING] emit_host_span: [STRACE] v=1 pid=1883258 tid=1888752 inv=2 hid=50b590682672cac0 depth=0 name=node.frame_submit ts=7252571306137228 dur=4260 run_id=2 task_slot=2 group_index=0 worker_id=2 dispatch_id=2 endpoint_kind=local_mailbox prepare_only=0 role=worker
[mono_ns=7252571306151218][T0xfb753002cca0][TIMING] emit_host_span: [STRACE] v=1 pid=1883258 tid=1888752 inv=2 hid=50b590682672cac0 depth=0 name=node.dispatch ts=7252571306134588 dur=11960 run_id=2 task_slot=2 group_index=0 worker_id=2 dispatch_id=2 endpoint_kind=local_mailbox prepare_only=0 role=scheduler slot_id=0 generation=2
[mono_ns=7252571306192689][T0xfb753002cca0][TIMING] emit_host_span: [STRACE] v=1 pid=1883258 tid=1888752 inv=2 hid=50b590682672cac0 depth=0 name=node.frame_submit ts=7252571306180889 dur=8640 run_id=2 task_slot=3 group_index=0 worker_id=3 dispatch_id=2 endpoint_kind=local_mailbox prepare_only=0 role=worker
[mono_ns=7252571306198339][T0xfb768d5fb020][TIMING] emit_host_span: [STRACE] v=1 pid=1883258 tid=1883258 inv=2 hid=50b590682672cac0 depth=0 name=node.submit ts=7252571306174579 dur=18440 run_id=2 task_slot=4 group_index=0 group_size=1 worker_id=4 role=facade
[mono_ns=7252571306209129][T0xfb753002cca0][TIMING] emit_host_span: [STRACE] v=1 pid=1883258 tid=1888752 inv=2 hid=50b590682672cac0 depth=0 name=node.dispatch ts=7252571306178399 dur=26100 run_id=2 task_slot=3 group_index=0 worker_id=3 dispatch_id=2 endpoint_kind=local_mailbox prepare_only=0 role=scheduler slot_id=0 generation=2
[mono_ns=7252571306220709][T0xfb753002cca0][TIMING] emit_host_span: [STRACE] v=1 pid=1883258 tid=1888752 inv=2 hid=50b590682672cac0 depth=0 name=node.frame_submit ts=7252571306214599 dur=2960 run_id=2 task_slot=4 group_index=0 worker_id=4 dispatch_id=2 endpoint_kind=local_mailbox prepare_only=0 role=worker
[mono_ns=7252571306236049][T0xfb753002cca0][TIMING] emit_host_span: [STRACE] v=1 pid=1883258 tid=1888752 inv=2 hid=50b590682672cac0 depth=0 name=node.dispatch ts=7252571306212399 dur=19080 run_id=2 task_slot=4 group_index=0 worker_id=4 dispatch_id=2 endpoint_kind=local_mailbox prepare_only=0 role=scheduler slot_id=0 generation=2
[mono_ns=7252571306247479][T0xfb753002cca0][TIMING] emit_host_span: [STRACE] v=1 pid=1883258 tid=1888752 inv=0 hid=0 depth=0 name=node.scheduler_loop ts=7252571304997734 dur=1244735 role=scheduler drained=0 dispatched=4 drain_ns=1600 spins=738
[mono_ns=7252571306708611][T0xfb768d5fb020][TIMING] emit_host_span: [STRACE] v=1 pid=1883258 tid=1883258 inv=2 hid=50b590682672cac0 depth=0 name=node.submit ts=7252571306512990 dur=188881 run_id=2 task_slot=5 group_index=0 group_size=1 worker_id=5 role=facade
[mono_ns=7252571306736351][T0xfb753002cca0][TIMING] emit_host_span: [STRACE] v=1 pid=1883258 tid=1888752 inv=2 hid=50b590682672cac0 depth=0 name=node.frame_submit ts=7252571306725891 dur=5560 run_id=2 task_slot=5 group_index=0 worker_id=5 dispatch_id=2 endpoint_kind=local_mailbox prepare_only=0 role=worker
[mono_ns=7252571306755511][T0xfb753002cca0][TIMING] emit_host_span: [STRACE] v=1 pid=1883258 tid=1888752 inv=2 hid=50b590682672cac0 depth=0 name=node.dispatch ts=7252571306721711 dur=26770 run_id=2 task_slot=5 group_index=0 worker_id=5 dispatch_id=2 endpoint_kind=local_mailbox prepare_only=0 role=scheduler slot_id=0 generation=2
[mono_ns=7252571306768881][T0xfb753002cca0][TIMING] emit_host_span: [STRACE] v=1 pid=1883258 tid=1888752 inv=0 hid=0 depth=0 name=node.scheduler_loop ts=7252571306526480 dur=238441 role=scheduler drained=0 dispatched=1 drain_ns=1620 spins=66
[mono_ns=7252571307396243][T0xfb768d5fb020][TIMING] emit_host_span: [STRACE] v=1 pid=1887751 tid=1887751 inv=2 hid=2e8e960a9b608ef3 depth=2 name=chip.run.bind.args ts=7252571306951411 dur=437132 
[mono_ns=7252571307430163][T0xfb768d5fb020][TIMING] emit_host_span: [STRACE] v=1 pid=1887751 tid=1887751 inv=2 hid=2e8e960a9b608ef3 depth=2 name=chip.run.bind.prebuilt ts=7252571307423923 dur=3430 
[mono_ns=7252571307437093][T0xfb768d5fb020][TIMING] emit_host_span: [STRACE] v=1 pid=1887751 tid=1887751 inv=2 hid=2e8e960a9b608ef3 depth=1 name=chip.run.bind ts=7252571306932981 dur=501042 
[mono_ns=7252571307670794][T0xfb768d5fb020][TIMING] emit_host_span: [STRACE] v=1 pid=1887795 tid=1887795 inv=2 hid=2e8e960a9b608ef3 depth=2 name=chip.run.bind.args ts=7252571307029952 dur=632482 
[mono_ns=7252571307705094][T0xfb768d5fb020][TIMING] emit_host_span: [STRACE] v=1 pid=1887795 tid=1887795 inv=2 hid=2e8e960a9b608ef3 depth=2 name=chip.run.bind.prebuilt ts=7252571307696994 dur=5580 
[mono_ns=7252571307712234][T0xfb768d5fb020][TIMING] emit_host_span: [STRACE] v=1 pid=1887795 tid=1887795 inv=2 hid=2e8e960a9b608ef3 depth=1 name=chip.run.bind ts=7252571307014262 dur=694702 
[mono_ns=7252571307852305][T0xfb768d5fb020][TIMING] emit_host_span: [STRACE] v=1 pid=1883258 tid=1883258 inv=2 hid=50b590682672cac0 depth=0 name=node.submit ts=7252571307091512 dur=755503 run_id=2 task_slot=6 group_index=0 group_size=1 worker_id=6 role=facade
[mono_ns=7252571307864725][T0xfb753002cca0][TIMING] emit_host_span: [STRACE] v=1 pid=1883258 tid=1888752 inv=2 hid=50b590682672cac0 depth=0 name=node.frame_submit ts=7252571307858415 dur=2910 run_id=2 task_slot=6 group_index=0 worker_id=6 dispatch_id=2 endpoint_kind=local_mailbox prepare_only=0 role=worker
[mono_ns=7252571307873065][T0xfb753002cca0][TIMING] emit_host_span: [STRACE] v=1 pid=1883258 tid=1888752 inv=2 hid=50b590682672cac0 depth=0 name=node.dispatch ts=7252571307855515 dur=12980 run_id=2 task_slot=6 group_index=0 worker_id=6 dispatch_id=2 endpoint_kind=local_mailbox prepare_only=0 role=scheduler slot_id=0 generation=2
[mono_ns=7252571307879065][T0xfb753002cca0][TIMING] emit_host_span: [STRACE] v=1 pid=1883258 tid=1888752 inv=0 hid=0 depth=0 name=node.scheduler_loop ts=7252571307835605 dur=39910 role=scheduler drained=0 dispatched=1 drain_ns=1480 spins=298
[mono_ns=7252571308207356][T0xfb768d5fb020][TIMING] emit_host_span: [STRACE] v=1 pid=1887782 tid=1887782 inv=2 hid=2e8e960a9b608ef3 depth=2 name=chip.run.bind.args ts=7252571307197522 dur=999534 
[mono_ns=7252571308241676][T0xfb768d5fb020][TIMING] emit_host_span: [STRACE] v=1 pid=1887782 tid=1887782 inv=2 hid=2e8e960a9b608ef3 depth=2 name=chip.run.bind.prebuilt ts=7252571308231316 dur=7240 
[mono_ns=7252571308249816][T0xfb768d5fb020][TIMING] emit_host_span: [STRACE] v=1 pid=1887782 tid=1887782 inv=2 hid=2e8e960a9b608ef3 depth=1 name=chip.run.bind ts=7252571307185472 dur=1060734 
[mono_ns=7252571308400767][T0xfb768d5fb020][TIMING] emit_host_span: [STRACE] v=1 pid=1883258 tid=1883258 inv=2 hid=50b590682672cac0 depth=0 name=node.submit ts=7252571308292996 dur=102791 run_id=2 task_slot=7 group_index=0 group_size=1 worker_id=7 role=facade
[mono_ns=7252571308414157][T0xfb753002cca0][TIMING] emit_host_span: [STRACE] v=1 pid=1883258 tid=1888752 inv=2 hid=50b590682672cac0 depth=0 name=node.frame_submit ts=7252571308406867 dur=4040 run_id=2 task_slot=7 group_index=0 worker_id=7 dispatch_id=2 endpoint_kind=local_mailbox prepare_only=0 role=worker
[mono_ns=7252571308421387][T0xfb753002cca0][TIMING] emit_host_span: [STRACE] v=1 pid=1883258 tid=1888752 inv=2 hid=50b590682672cac0 depth=0 name=node.dispatch ts=7252571308404077 dur=12910 run_id=2 task_slot=7 group_index=0 worker_id=7 dispatch_id=2 endpoint_kind=local_mailbox prepare_only=0 role=scheduler slot_id=0 generation=2
[mono_ns=7252571308427557][T0xfb753002cca0][TIMING] emit_host_span: [STRACE] v=1 pid=1883258 tid=1888752 inv=0 hid=0 depth=0 name=node.scheduler_loop ts=7252571308387587 dur=36620 role=scheduler drained=0 dispatched=1 drain_ns=1690 spins=135
[mono_ns=7252571308437627][T0xfb768d5fb020][TIMING] emit_host_span: [STRACE] v=1 pid=1883258 tid=1883258 inv=2 hid=0 depth=0 name=node.graph_build ts=7252571300600878 dur=7818469 run_id=2 role=facade
[mono_ns=7252571308453907][T0xfb768d5fb020][TIMING] emit_host_span: [STRACE] v=1 pid=1887810 tid=1887810 inv=2 hid=2e8e960a9b608ef3 depth=2 name=chip.run.bind.args ts=7252571307919325 dur=525782 
[mono_ns=7252571308484807][T0xfb768d5fb020][TIMING] emit_host_span: [STRACE] v=1 pid=1887810 tid=1887810 inv=2 hid=2e8e960a9b608ef3 depth=2 name=chip.run.bind.prebuilt ts=7252571308476977 dur=4030 
[mono_ns=7252571308490217][T0xfb768d5fb020][TIMING] emit_host_span: [STRACE] v=1 pid=1887810 tid=1887810 inv=2 hid=2e8e960a9b608ef3 depth=1 name=chip.run.bind ts=7252571307902905 dur=584702 
[mono_ns=7252571309126500][T0xfb768d5fb020][TIMING] emit_host_span: [STRACE] v=1 pid=1887827 tid=1887827 inv=2 hid=2e8e960a9b608ef3 depth=2 name=chip.run.bind.args ts=7252571308672068 dur=446202 
[mono_ns=7252571309146100][T0xfb768d5fb020][TIMING] emit_host_span: [STRACE] v=1 pid=1887827 tid=1887827 inv=2 hid=2e8e960a9b608ef3 depth=2 name=chip.run.bind.prebuilt ts=7252571309139780 dur=3760 
[mono_ns=7252571309150890][T0xfb768d5fb020][TIMING] emit_host_span: [STRACE] v=1 pid=1887827 tid=1887827 inv=2 hid=2e8e960a9b608ef3 depth=1 name=chip.run.bind ts=7252571308661628 dur=486892 
[mono_ns=7252571309725792][T0xfb768d5fb020][TIMING] emit_host_span: [STRACE] v=1 pid=1887766 tid=1887766 inv=2 hid=2e8e960a9b608ef3 depth=2 name=chip.run.bind.args ts=7252571309368020 dur=350092 
[mono_ns=7252571309786452][T0xfb768d5fb020][TIMING] emit_host_span: [STRACE] v=1 pid=1887766 tid=1887766 inv=2 hid=2e8e960a9b608ef3 depth=2 name=chip.run.bind.prebuilt ts=7252571309779172 dur=4450 
[mono_ns=7252571309791902][T0xfb768d5fb020][TIMING] emit_host_span: [STRACE] v=1 pid=1887766 tid=1887766 inv=2 hid=2e8e960a9b608ef3 depth=1 name=chip.run.bind ts=7252571309339850 dur=449512 
[mono_ns=7252571310272874][T0xfb768d5fb020][TIMING] emit_host_span: [STRACE] v=1 pid=1887844 tid=1887844 inv=2 hid=2e8e960a9b608ef3 depth=2 name=chip.run.bind.args ts=7252571309935213 dur=329821 
[mono_ns=7252571310327234][T0xfb768d5fb020][TIMING] emit_host_span: [STRACE] v=1 pid=1887844 tid=1887844 inv=2 hid=2e8e960a9b608ef3 depth=2 name=chip.run.bind.prebuilt ts=7252571310321164 dur=2890 
[mono_ns=7252571310332044][T0xfb768d5fb020][TIMING] emit_host_span: [STRACE] v=1 pid=1887844 tid=1887844 inv=2 hid=2e8e960a9b608ef3 depth=1 name=chip.run.bind ts=7252571309909192 dur=420552 
[mono_ns=7252571311940270][T0xfb768d5fb020][TIMING] emit_host_span: [STRACE] v=1 pid=1887810 tid=1887810 inv=2 hid=2e8e960a9b608ef3 depth=1 name=chip.run.runner_run ts=7252571308779818 dur=3153642 
[mono_ns=7252571311933070][T0xfb768d5fb020][TIMING] emit_host_span: [STRACE] v=1 pid=1887795 tid=1887795 inv=2 hid=2e8e960a9b608ef3 depth=1 name=chip.run.runner_run ts=7252571308230536 dur=3696984 
[mono_ns=7252571311939550][T0xfb768d5fb020][TIMING] emit_host_span: [STRACE] v=1 pid=1887751 tid=1887751 inv=2 hid=2e8e960a9b608ef3 depth=1 name=chip.run.runner_run ts=7252571307889625 dur=4043125 
[mono_ns=7252571311939480][T0xfb768d5fb020][TIMING] emit_host_span: [STRACE] v=1 pid=1887738 tid=1887738 inv=2 hid=2e8e960a9b608ef3 depth=1 name=chip.run.runner_run ts=7252571305496536 dur=6436514 
[mono_ns=7252571311941950][T0xfb768d5fb020][TIMING] emit_host_span: [STRACE] v=1 pid=1887827 tid=1887827 inv=2 hid=2e8e960a9b608ef3 depth=1 name=chip.run.runner_run ts=7252571309412101 dur=2523619 
[mono_ns=7252571311940380][T0xfb768d5fb020][TIMING] emit_host_span: [STRACE] v=1 pid=1887782 tid=1887782 inv=2 hid=2e8e960a9b608ef3 depth=1 name=chip.run.runner_run ts=7252571308787658 dur=3145772 
[mono_ns=7252571311958680][T0xfb768d5fb020][TIMING] emit_host_span: [STRACE] v=1 pid=1887766 tid=1887766 inv=2 hid=2e8e960a9b608ef3 depth=1 name=chip.run.runner_run ts=7252571310195834 dur=1757336 
[mono_ns=7252571311990540][T0xfb768d5fb020][TIMING] emit_host_span: [STRACE] v=1 pid=1887844 tid=1887844 inv=2 hid=2e8e960a9b608ef3 depth=1 name=chip.run.runner_run ts=7252571310654725 dur=1328225 
[mono_ns=7252571312133571][T0xfb768d5fb020][TIMING] emit_host_span: [STRACE] v=1 pid=1887751 tid=1887751 inv=2 hid=2e8e960a9b608ef3 depth=1 name=chip.run.validate ts=7252571311946190 dur=181821 
[mono_ns=7252571312143221][T0xfb768d5fb020][TIMING] emit_host_span: [STRACE] v=1 pid=1887751 tid=1887751 inv=2 hid=2e8e960a9b608ef3 depth=2 name=chip.run.runner_run.device_wall ts=0 dur=3700620 clk=dev
[mono_ns=7252571312147671][T0xfb768d5fb020][TIMING] emit_host_span: [STRACE] v=1 pid=1887751 tid=1887751 inv=2 hid=2e8e960a9b608ef3 depth=3 name=chip.run.runner_run.device_wall.preamble ts=0 dur=6920 clk=dev
[mono_ns=7252571312151151][T0xfb768d5fb020][TIMING] emit_host_span: [STRACE] v=1 pid=1887751 tid=1887751 inv=2 hid=2e8e960a9b608ef3 depth=3 name=chip.run.runner_run.device_wall.graph_build ts=1859 dur=3687900 clk=dev
[mono_ns=7252571312154681][T0xfb768d5fb020][TIMING] emit_host_span: [STRACE] v=1 pid=1887751 tid=1887751 inv=2 hid=2e8e960a9b608ef3 depth=3 name=chip.run.runner_run.device_wall.config_validate ts=2060 dur=700 clk=dev
[mono_ns=7252571312157891][T0xfb768d5fb020][TIMING] emit_host_span: [STRACE] v=1 pid=1887751 tid=1887751 inv=2 hid=2e8e960a9b608ef3 depth=3 name=chip.run.runner_run.device_wall.arena_wire ts=2780 dur=580 clk=dev
[mono_ns=7252571312161851][T0xfb768d5fb020][TIMING] emit_host_span: [STRACE] v=1 pid=1887751 tid=1887751 inv=2 hid=2e8e960a9b608ef3 depth=3 name=chip.run.runner_run.device_wall.sm_reset ts=3440 dur=1020 clk=dev
[mono_ns=7252571312166751][T0xfb768d5fb020][TIMING] emit_host_span: [STRACE] v=1 pid=1887751 tid=1887751 inv=2 hid=2e8e960a9b608ef3 depth=3 name=chip.run.runner_run.device_wall.post_orch ts=3689819 dur=10600 clk=dev
[mono_ns=7252571312170241][T0xfb768d5fb020][TIMING] emit_host_span: [STRACE] v=1 pid=1887751 tid=1887751 inv=2 hid=2e8e960a9b608ef3 depth=3 name=chip.run.runner_run.device_wall.orch ts=4500 dur=5900 clk=dev
[mono_ns=7252571312173511][T0xfb768d5fb020][TIMING] emit_host_span: [STRACE] v=1 pid=1887751 tid=1887751 inv=2 hid=2e8e960a9b608ef3 depth=3 name=chip.run.runner_run.device_wall.sched ts=7080 dur=3674700 clk=dev
[mono_ns=7252571312172691][T0xfb768d5fb020][TIMING] emit_host_span: [STRACE] v=1 pid=1887782 tid=1887782 inv=2 hid=2e8e960a9b608ef3 depth=1 name=chip.run.validate ts=7252571311947430 dur=220411 
[mono_ns=7252571312181791][T0xfb768d5fb020][TIMING] emit_host_span: [STRACE] v=1 pid=1887782 tid=1887782 inv=2 hid=2e8e960a9b608ef3 depth=2 name=chip.run.runner_run.device_wall ts=0 dur=2840360 clk=dev
[mono_ns=7252571312186401][T0xfb768d5fb020][TIMING] emit_host_span: [STRACE] v=1 pid=1887782 tid=1887782 inv=2 hid=2e8e960a9b608ef3 depth=3 name=chip.run.runner_run.device_wall.preamble ts=0 dur=7220 clk=dev
[mono_ns=7252571312180471][T0xfb768d5fb020][TIMING] emit_host_span: [STRACE] v=1 pid=1887751 tid=1887751 inv=2 hid=2e8e960a9b608ef3 depth=1 name=chip.run.claim_release ts=7252571312177301 dur=320 
[mono_ns=7252571312186801][T0xfb768d5fb020][TIMING] emit_host_span: [STRACE] v=1 pid=1887751 tid=1887751 inv=2 hid=2e8e960a9b608ef3 depth=0 name=chip.run ts=7252571306826811 dur=5357900 run_id=2 dispatch_id=2 slot_id=0 generation=2 run_epoch=2
[mono_ns=7252571312190231][T0xfb768d5fb020][TIMING] emit_host_span: [STRACE] v=1 pid=1887782 tid=1887782 inv=2 hid=2e8e960a9b608ef3 depth=3 name=chip.run.runner_run.device_wall.graph_build ts=1579 dur=2827640 clk=dev
[mono_ns=7252571312194261][T0xfb768d5fb020][TIMING] emit_host_span: [STRACE] v=1 pid=1887782 tid=1887782 inv=2 hid=2e8e960a9b608ef3 depth=3 name=chip.run.runner_run.device_wall.config_validate ts=1799 dur=1080 clk=dev
[mono_ns=7252571312199801][T0xfb768d5fb020][TIMING] emit_host_span: [STRACE] v=1 pid=1887782 tid=1887782 inv=2 hid=2e8e960a9b608ef3 depth=3 name=chip.run.runner_run.device_wall.arena_wire ts=2940 dur=1000 clk=dev
[mono_ns=7252571312203291][T0xfb768d5fb020][TIMING] emit_host_span: [STRACE] v=1 pid=1887782 tid=1887782 inv=2 hid=2e8e960a9b608ef3 depth=3 name=chip.run.runner_run.device_wall.sm_reset ts=3980 dur=1400 clk=dev
[mono_ns=7252571312192281][T0xfb768d5fb020][TIMING] emit_host_span: [STRACE] v=1 pid=1887827 tid=1887827 inv=2 hid=2e8e960a9b608ef3 depth=1 name=chip.run.validate ts=7252571311951790 dur=235771 
[mono_ns=7252571312203601][T0xfb768d5fb020][TIMING] emit_host_span: [STRACE] v=1 pid=1887827 tid=1887827 inv=2 hid=2e8e960a9b608ef3 depth=2 name=chip.run.runner_run.device_wall ts=0 dur=2265280 clk=dev
[mono_ns=7252571312206801][T0xfb768d5fb020][TIMING] emit_host_span: [STRACE] v=1 pid=1887782 tid=1887782 inv=2 hid=2e8e960a9b608ef3 depth=3 name=chip.run.runner_run.device_wall.post_orch ts=2829280 dur=10900 clk=dev
[mono_ns=7252571312208271][T0xfb768d5fb020][TIMING] emit_host_span: [STRACE] v=1 pid=1887827 tid=1887827 inv=2 hid=2e8e960a9b608ef3 depth=3 name=chip.run.runner_run.device_wall.preamble ts=0 dur=7040 clk=dev
[mono_ns=7252571312211571][T0xfb768d5fb020][TIMING] emit_host_span: [STRACE] v=1 pid=1887782 tid=1887782 inv=2 hid=2e8e960a9b608ef3 depth=3 name=chip.run.runner_run.device_wall.orch ts=5460 dur=5699 clk=dev
[mono_ns=7252571312212551][T0xfb768d5fb020][TIMING] emit_host_span: [STRACE] v=1 pid=1887827 tid=1887827 inv=2 hid=2e8e960a9b608ef3 depth=3 name=chip.run.runner_run.device_wall.graph_build ts=1640 dur=2252620 clk=dev
[mono_ns=7252571312215481][T0xfb768d5fb020][TIMING] emit_host_span: [STRACE] v=1 pid=1887782 tid=1887782 inv=2 hid=2e8e960a9b608ef3 depth=3 name=chip.run.runner_run.device_wall.sched ts=7760 dur=2813800 clk=dev
[mono_ns=7252571312201771][T0xfb768d5fb020][TIMING] emit_host_span: [STRACE] v=1 pid=1887795 tid=1887795 inv=2 hid=2e8e960a9b608ef3 depth=1 name=chip.run.validate ts=7252571311944390 dur=252721 
[mono_ns=7252571312217411][T0xfb768d5fb020][TIMING] emit_host_span: [STRACE] v=1 pid=1887827 tid=1887827 inv=2 hid=2e8e960a9b608ef3 depth=3 name=chip.run.runner_run.device_wall.config_validate ts=1779 dur=820 clk=dev
[mono_ns=7252571312214821][T0xfb768d5fb020][TIMING] emit_host_span: [STRACE] v=1 pid=1887795 tid=1887795 inv=2 hid=2e8e960a9b608ef3 depth=2 name=chip.run.runner_run.device_wall ts=0 dur=3335700 clk=dev
[mono_ns=7252571312220061][T0xfb768d5fb020][TIMING] emit_host_span: [STRACE] v=1 pid=1887782 tid=1887782 inv=2 hid=2e8e960a9b608ef3 depth=1 name=chip.run.claim_release ts=7252571312218001 dur=310 
[mono_ns=7252571312221461][T0xfb768d5fb020][TIMING] emit_host_span: [STRACE] v=1 pid=1887827 tid=1887827 inv=2 hid=2e8e960a9b608ef3 depth=3 name=chip.run.runner_run.device_wall.arena_wire ts=2660 dur=520 clk=dev
[mono_ns=7252571312225671][T0xfb768d5fb020][TIMING] emit_host_span: [STRACE] v=1 pid=1887782 tid=1887782 inv=2 hid=2e8e960a9b608ef3 depth=0 name=chip.run ts=7252571307077052 dur=5146669 run_id=2 dispatch_id=2 slot_id=0 generation=2 run_epoch=2
[mono_ns=7252571312219501][T0xfb768d5fb020][TIMING] emit_host_span: [STRACE] v=1 pid=1887795 tid=1887795 inv=2 hid=2e8e960a9b608ef3 depth=3 name=chip.run.runner_run.device_wall.preamble ts=0 dur=7060 clk=dev
[mono_ns=7252571312226901][T0xfb768d5fb020][TIMING] emit_host_span: [STRACE] v=1 pid=1887827 tid=1887827 inv=2 hid=2e8e960a9b608ef3 depth=3 name=chip.run.runner_run.device_wall.sm_reset ts=3199 dur=1220 clk=dev
[mono_ns=7252571312224381][T0xfb768d5fb020][TIMING] emit_host_span: [STRACE] v=1 pid=1887795 tid=1887795 inv=2 hid=2e8e960a9b608ef3 depth=3 name=chip.run.runner_run.device_wall.graph_build ts=1920 dur=3324520 clk=dev
[mono_ns=7252571312229921][T0xfb768d5fb020][TIMING] emit_host_span: [STRACE] v=1 pid=1887795 tid=1887795 inv=2 hid=2e8e960a9b608ef3 depth=3 name=chip.run.runner_run.device_wall.config_validate ts=2040 dur=760 clk=dev
[mono_ns=7252571312224591][T0xfb753002cca0][TIMING] emit_host_span: [STRACE] v=1 pid=1883258 tid=1888752 inv=2 hid=50b590682672cac0 depth=0 name=node.complete ts=7252571312219871 dur=1340 run_id=2 task_slot=1 group_index=0 worker_id=1 dispatch_id=2 endpoint_kind=local_mailbox prepare_only=0 role=worker outcome=0
[mono_ns=7252571312234321][T0xfb768d5fb020][TIMING] emit_host_span: [STRACE] v=1 pid=1887795 tid=1887795 inv=2 hid=2e8e960a9b608ef3 depth=3 name=chip.run.runner_run.device_wall.arena_wire ts=2820 dur=560 clk=dev
[mono_ns=7252571312231311][T0xfb768d5fb020][TIMING] emit_host_span: [STRACE] v=1 pid=1887827 tid=1887827 inv=2 hid=2e8e960a9b608ef3 depth=3 name=chip.run.runner_run.device_wall.post_orch ts=2254360 dur=10780 clk=dev
[mono_ns=7252571312238821][T0xfb768d5fb020][TIMING] emit_host_span: [STRACE] v=1 pid=1887827 tid=1887827 inv=2 hid=2e8e960a9b608ef3 depth=3 name=chip.run.runner_run.device_wall.orch ts=4480 dur=7560 clk=dev
[mono_ns=7252571312231811][T0xfb768d5fb020][TIMING] emit_host_span: [STRACE] v=1 pid=1887766 tid=1887766 inv=2 hid=2e8e960a9b608ef3 depth=1 name=chip.run.validate ts=7252571311968860 dur=258731 
[mono_ns=7252571312242651][T0xfb768d5fb020][TIMING] emit_host_span: [STRACE] v=1 pid=1887827 tid=1887827 inv=2 hid=2e8e960a9b608ef3 depth=3 name=chip.run.runner_run.device_wall.sched ts=7220 dur=2239460 clk=dev
[mono_ns=7252571312242341][T0xfb753002cca0][TIMING] emit_host_span: [STRACE] v=1 pid=1883258 tid=1888752 inv=0 hid=0 depth=0 name=node.scheduler_loop ts=7252571312214491 dur=23870 role=scheduler drained=1 dispatched=0 drain_ns=21800 spins=1045
[mono_ns=7252571312243781][T0xfb768d5fb020][TIMING] emit_host_span: [STRACE] v=1 pid=1887766 tid=1887766 inv=2 hid=2e8e960a9b608ef3 depth=2 name=chip.run.runner_run.device_wall ts=0 dur=1351260 clk=dev
[mono_ns=7252571312248201][T0xfb768d5fb020][TIMING] emit_host_span: [STRACE] v=1 pid=1887827 tid=1887827 inv=2 hid=2e8e960a9b608ef3 depth=1 name=chip.run.claim_release ts=7252571312245491 dur=400 
[mono_ns=7252571312240081][T0xfb768d5fb020][TIMING] emit_host_span: [STRACE] v=1 pid=1887795 tid=1887795 inv=2 hid=2e8e960a9b608ef3 depth=3 name=chip.run.runner_run.device_wall.sm_reset ts=3460 dur=980 clk=dev
[mono_ns=7252571312248231][T0xfb768d5fb020][TIMING] emit_host_span: [STRACE] v=1 pid=1887766 tid=1887766 inv=2 hid=2e8e960a9b608ef3 depth=3 name=chip.run.runner_run.device_wall.preamble ts=0 dur=6960 clk=dev
[mono_ns=7252571312249131][T0xfb768d5fb020][TIMING] emit_host_span: [STRACE] v=1 pid=1887795 tid=1887795 inv=2 hid=2e8e960a9b608ef3 depth=3 name=chip.run.runner_run.device_wall.post_orch ts=3326500 dur=9000 clk=dev
[mono_ns=7252571312252371][T0xfb768d5fb020][TIMING] emit_host_span: [STRACE] v=1 pid=1887766 tid=1887766 inv=2 hid=2e8e960a9b608ef3 depth=3 name=chip.run.runner_run.device_wall.graph_build ts=1680 dur=1340400 clk=dev
[mono_ns=7252571312252941][T0xfb768d5fb020][TIMING] emit_host_span: [STRACE] v=1 pid=1887795 tid=1887795 inv=2 hid=2e8e960a9b608ef3 depth=3 name=chip.run.runner_run.device_wall.orch ts=4500 dur=4700 clk=dev
[mono_ns=7252571312256631][T0xfb768d5fb020][TIMING] emit_host_span: [STRACE] v=1 pid=1887766 tid=1887766 inv=2 hid=2e8e960a9b608ef3 depth=3 name=chip.run.runner_run.device_wall.config_validate ts=1839 dur=820 clk=dev
[mono_ns=7252571312253591][T0xfb768d5fb020][TIMING] emit_host_span: [STRACE] v=1 pid=1887827 tid=1887827 inv=2 hid=2e8e960a9b608ef3 depth=0 name=chip.run ts=7252571308579268 dur=3672303 run_id=2 dispatch_id=2 slot_id=0 generation=2 run_epoch=2
[mono_ns=7252571312256631][T0xfb768d5fb020][TIMING] emit_host_span: [STRACE] v=1 pid=1887795 tid=1887795 inv=2 hid=2e8e960a9b608ef3 depth=3 name=chip.run.runner_run.device_wall.sched ts=7199 dur=3311620 clk=dev
[mono_ns=7252571312261011][T0xfb753002cca0][TIMING] emit_host_span: [STRACE] v=1 pid=1883258 tid=1888752 inv=2 hid=50b590682672cac0 depth=0 name=node.complete ts=7252571312256261 dur=1610 run_id=2 task_slot=3 group_index=0 worker_id=3 dispatch_id=2 endpoint_kind=local_mailbox prepare_only=0 role=worker outcome=0
[mono_ns=7252571312263261][T0xfb768d5fb020][TIMING] emit_host_span: [STRACE] v=1 pid=1887795 tid=1887795 inv=2 hid=2e8e960a9b608ef3 depth=1 name=chip.run.claim_release ts=7252571312260341 dur=410 
[mono_ns=7252571312260991][T0xfb768d5fb020][TIMING] emit_host_span: [STRACE] v=1 pid=1887766 tid=1887766 inv=2 hid=2e8e960a9b608ef3 depth=3 name=chip.run.runner_run.device_wall.arena_wire ts=2719 dur=740 clk=dev
[mono_ns=7252571312265351][T0xfb768d5fb020][TIMING] emit_host_span: [STRACE] v=1 pid=1887766 tid=1887766 inv=2 hid=2e8e960a9b608ef3 depth=3 name=chip.run.runner_run.device_wall.sm_reset ts=3520 dur=980 clk=dev
[mono_ns=7252571312273251][T0xfb768d5fb020][TIMING] emit_host_span: [STRACE] v=1 pid=1887766 tid=1887766 inv=2 hid=2e8e960a9b608ef3 depth=3 name=chip.run.runner_run.device_wall.post_orch ts=1342120 dur=8940 clk=dev
[mono_ns=7252571312277641][T0xfb768d5fb020][TIMING] emit_host_span: [STRACE] v=1 pid=1887766 tid=1887766 inv=2 hid=2e8e960a9b608ef3 depth=3 name=chip.run.runner_run.device_wall.orch ts=4540 dur=6340 clk=dev
[mono_ns=7252571312269771][T0xfb768d5fb020][TIMING] emit_host_span: [STRACE] v=1 pid=1887795 tid=1887795 inv=2 hid=2e8e960a9b608ef3 depth=0 name=chip.run ts=7252571306907731 dur=5360070 run_id=2 dispatch_id=2 slot_id=0 generation=2 run_epoch=2
[mono_ns=7252571312274311][T0xfb768d5fb020][TIMING] emit_host_span: [STRACE] v=1 pid=1887738 tid=1887738 inv=2 hid=2e8e960a9b608ef3 depth=1 name=chip.run.validate ts=7252571311947800 dur=320211 
[mono_ns=7252571312273731][T0xfb753002cca0][TIMING] emit_host_span: [STRACE] v=1 pid=1883258 tid=1888752 inv=0 hid=0 depth=0 name=node.scheduler_loop ts=7252571312253191 dur=17070 role=scheduler drained=1 dispatched=0 drain_ns=15040 spins=2
[mono_ns=7252571312261441][T0xfb768d5fb020][TIMING] emit_host_span: [STRACE] v=1 pid=1887844 tid=1887844 inv=2 hid=2e8e960a9b608ef3 depth=1 name=chip.run.validate ts=7252571312019700 dur=237371 
[mono_ns=7252571312282871][T0xfb768d5fb020][TIMING] emit_host_span: [STRACE] v=1 pid=1887766 tid=1887766 inv=2 hid=2e8e960a9b608ef3 depth=3 name=chip.run.runner_run.device_wall.sched ts=7060 dur=1326640 clk=dev
[mono_ns=7252571312282051][T0xfb768d5fb020][TIMING] emit_host_span: [STRACE] v=1 pid=1887738 tid=1887738 inv=2 hid=2e8e960a9b608ef3 depth=2 name=chip.run.runner_run.device_wall ts=0 dur=6133500 clk=dev
[mono_ns=7252571312288161][T0xfb753002cca0][TIMING] emit_host_span: [STRACE] v=1 pid=1883258 tid=1888752 inv=2 hid=50b590682672cac0 depth=0 name=node.complete ts=7252571312284611 dur=370 run_id=2 task_slot=6 group_index=0 worker_id=6 dispatch_id=2 endpoint_kind=local_mailbox prepare_only=0 role=worker outcome=0
[mono_ns=7252571312277191][T0xfb768d5fb020][TIMING] emit_host_span: [STRACE] v=1 pid=1887844 tid=1887844 inv=2 hid=2e8e960a9b608ef3 depth=2 name=chip.run.runner_run.device_wall ts=0 dur=963400 clk=dev
[mono_ns=7252571312288791][T0xfb768d5fb020][TIMING] emit_host_span: [STRACE] v=1 pid=1887766 tid=1887766 inv=2 hid=2e8e960a9b608ef3 depth=1 name=chip.run.claim_release ts=7252571312286131 dur=390 
[mono_ns=7252571312287261][T0xfb768d5fb020][TIMING] emit_host_span: [STRACE] v=1 pid=1887738 tid=1887738 inv=2 hid=2e8e960a9b608ef3 depth=3 name=chip.run.runner_run.device_wall.preamble ts=0 dur=5740 clk=dev
[mono_ns=7252571312298241][T0xfb753002cca0][TIMING] emit_host_span: [STRACE] v=1 pid=1883258 tid=1888752 inv=0 hid=0 depth=0 name=node.scheduler_loop ts=7252571312280801 dur=14260 role=scheduler drained=1 dispatched=0 drain_ns=12230 spins=1
[mono_ns=7252571312281521][T0xfb768d5fb020][TIMING] emit_host_span: [STRACE] v=1 pid=1887844 tid=1887844 inv=2 hid=2e8e960a9b608ef3 depth=3 name=chip.run.runner_run.device_wall.preamble ts=0 dur=7060 clk=dev
[mono_ns=7252571312290721][T0xfb768d5fb020][TIMING] emit_host_span: [STRACE] v=1 pid=1887738 tid=1887738 inv=2 hid=2e8e960a9b608ef3 depth=3 name=chip.run.runner_run.device_wall.graph_build ts=1400 dur=6122060 clk=dev
[mono_ns=7252571312294761][T0xfb768d5fb020][TIMING] emit_host_span: [STRACE] v=1 pid=1887766 tid=1887766 inv=2 hid=2e8e960a9b608ef3 depth=0 name=chip.run ts=7252571308870869 dur=3421952 run_id=2 dispatch_id=2 slot_id=0 generation=2 run_epoch=2
[mono_ns=7252571312307011][T0xfb753002cca0][TIMING] emit_host_span: [STRACE] v=1 pid=1883258 tid=1888752 inv=2 hid=50b590682672cac0 depth=0 name=node.complete ts=7252571312303211 dur=340 run_id=2 task_slot=4 group_index=0 worker_id=4 dispatch_id=2 endpoint_kind=local_mailbox prepare_only=0 role=worker outcome=0
[mono_ns=7252571312285441][T0xfb768d5fb020][TIMING] emit_host_span: [STRACE] v=1 pid=1887844 tid=1887844 inv=2 hid=2e8e960a9b608ef3 depth=3 name=chip.run.runner_run.device_wall.graph_build ts=1320 dur=951500 clk=dev
[mono_ns=7252571312293951][T0xfb768d5fb020][TIMING] emit_host_span: [STRACE] v=1 pid=1887738 tid=1887738 inv=2 hid=2e8e960a9b608ef3 depth=3 name=chip.run.runner_run.device_wall.config_validate ts=1579 dur=820 clk=dev
[mono_ns=7252571312316461][T0xfb753002cca0][TIMING] emit_host_span: [STRACE] v=1 pid=1883258 tid=1888752 inv=0 hid=0 depth=0 name=node.scheduler_loop ts=7252571312299861 dur=13580 role=scheduler drained=1 dispatched=0 drain_ns=11480 spins=0
[mono_ns=7252571312289071][T0xfb768d5fb020][TIMING] emit_host_span: [STRACE] v=1 pid=1887844 tid=1887844 inv=2 hid=2e8e960a9b608ef3 depth=3 name=chip.run.runner_run.device_wall.config_validate ts=1599 dur=840 clk=dev
[mono_ns=7252571312297021][T0xfb768d5fb020][TIMING] emit_host_span: [STRACE] v=1 pid=1887738 tid=1887738 inv=2 hid=2e8e960a9b608ef3 depth=3 name=chip.run.runner_run.device_wall.arena_wire ts=2420 dur=820 clk=dev
[mono_ns=7252571312324011][T0xfb753002cca0][TIMING] emit_host_span: [STRACE] v=1 pid=1883258 tid=1888752 inv=2 hid=50b590682672cac0 depth=0 name=node.complete ts=7252571312320781 dur=380 run_id=2 task_slot=2 group_index=0 worker_id=2 dispatch_id=2 endpoint_kind=local_mailbox prepare_only=0 role=worker outcome=0
[mono_ns=7252571312292721][T0xfb768d5fb020][TIMING] emit_host_span: [STRACE] v=1 pid=1887844 tid=1887844 inv=2 hid=2e8e960a9b608ef3 depth=3 name=chip.run.runner_run.device_wall.arena_wire ts=2460 dur=640 clk=dev
[mono_ns=7252571312300141][T0xfb768d5fb020][TIMING] emit_host_span: [STRACE] v=1 pid=1887738 tid=1887738 inv=2 hid=2e8e960a9b608ef3 depth=3 name=chip.run.runner_run.device_wall.sm_reset ts=3260 dur=1080 clk=dev
[mono_ns=7252571312333571][T0xfb753002cca0][TIMING] emit_host_span: [STRACE] v=1 pid=1883258 tid=1888752 inv=0 hid=0 depth=0 name=node.scheduler_loop ts=7252571312318151 dur=12480 role=scheduler drained=1 dispatched=0 drain_ns=10330 spins=0
[mono_ns=7252571312296071][T0xfb768d5fb020][TIMING] emit_host_span: [STRACE] v=1 pid=1887844 tid=1887844 inv=2 hid=2e8e960a9b608ef3 depth=3 name=chip.run.runner_run.device_wall.sm_reset ts=3159 dur=1060 clk=dev
[mono_ns=7252571312303141][T0xfb768d5fb020][TIMING] emit_host_span: [STRACE] v=1 pid=1887738 tid=1887738 inv=2 hid=2e8e960a9b608ef3 depth=3 name=chip.run.runner_run.device_wall.post_orch ts=6123520 dur=9799 clk=dev
[mono_ns=7252571312351262][T0xfb753002cca0][TIMING] emit_host_span: [STRACE] v=1 pid=1883258 tid=1888752 inv=2 hid=50b590682672cac0 depth=0 name=node.complete ts=7252571312348062 dur=290 run_id=2 task_slot=0 group_index=0 worker_id=0 dispatch_id=2 endpoint_kind=local_mailbox prepare_only=0 role=worker outcome=0
[mono_ns=7252571312318611][T0xfb768d5fb020][TIMING] emit_host_span: [STRACE] v=1 pid=1887844 tid=1887844 inv=2 hid=2e8e960a9b608ef3 depth=3 name=chip.run.runner_run.device_wall.post_orch ts=952920 dur=10260 clk=dev
[mono_ns=7252571312306071][T0xfb768d5fb020][TIMING] emit_host_span: [STRACE] v=1 pid=1887738 tid=1887738 inv=2 hid=2e8e960a9b608ef3 depth=3 name=chip.run.runner_run.device_wall.orch ts=4400 dur=5640 clk=dev
[mono_ns=7252571312361372][T0xfb753002cca0][TIMING] emit_host_span: [STRACE] v=1 pid=1883258 tid=1888752 inv=0 hid=0 depth=0 name=node.scheduler_loop ts=7252571312346052 dur=12340 role=scheduler drained=1 dispatched=0 drain_ns=10110 spins=3
[mono_ns=7252571312322111][T0xfb768d5fb020][TIMING] emit_host_span: [STRACE] v=1 pid=1887844 tid=1887844 inv=2 hid=2e8e960a9b608ef3 depth=3 name=chip.run.runner_run.device_wall.orch ts=4260 dur=5100 clk=dev
[mono_ns=7252571312308961][T0xfb768d5fb020][TIMING] emit_host_span: [STRACE] v=1 pid=1887738 tid=1887738 inv=2 hid=2e8e960a9b608ef3 depth=3 name=chip.run.runner_run.device_wall.sched ts=5900 dur=6109700 clk=dev
[mono_ns=7252571312325601][T0xfb768d5fb020][TIMING] emit_host_span: [STRACE] v=1 pid=1887844 tid=1887844 inv=2 hid=2e8e960a9b608ef3 depth=3 name=chip.run.runner_run.device_wall.sched ts=7199 dur=937600 clk=dev
[mono_ns=7252571312369692][T0xfb753002cca0][TIMING] emit_host_span: [STRACE] v=1 pid=1883258 tid=1888752 inv=2 hid=50b590682672cac0 depth=0 name=node.complete ts=7252571312366562 dur=290 run_id=2 task_slot=7 group_index=0 worker_id=7 dispatch_id=2 endpoint_kind=local_mailbox prepare_only=0 role=worker outcome=0
[mono_ns=7252571312313041][T0xfb768d5fb020][TIMING] emit_host_span: [STRACE] v=1 pid=1887738 tid=1887738 inv=2 hid=2e8e960a9b608ef3 depth=1 name=chip.run.claim_release ts=7252571312310831 dur=450 
[mono_ns=7252571312329881][T0xfb768d5fb020][TIMING] emit_host_span: [STRACE] v=1 pid=1887844 tid=1887844 inv=2 hid=2e8e960a9b608ef3 depth=1 name=chip.run.claim_release ts=7252571312327811 dur=320 
[mono_ns=7252571312378942][T0xfb753002cca0][TIMING] emit_host_span: [STRACE] v=1 pid=1883258 tid=1888752 inv=0 hid=0 depth=0 name=node.scheduler_loop ts=7252571312363012 dur=12980 role=scheduler drained=1 dispatched=0 drain_ns=10710 spins=0
[mono_ns=7252571312318161][T0xfb768d5fb020][TIMING] emit_host_span: [STRACE] v=1 pid=1887738 tid=1887738 inv=2 hid=2e8e960a9b608ef3 depth=0 name=chip.run ts=7252571302613325 dur=9702376 run_id=2 dispatch_id=2 slot_id=0 generation=2 run_epoch=2
[mono_ns=7252571312333881][T0xfb768d5fb020][TIMING] emit_host_span: [STRACE] v=1 pid=1887844 tid=1887844 inv=2 hid=2e8e960a9b608ef3 depth=0 name=chip.run ts=7252571309670912 dur=2661039 run_id=2 dispatch_id=2 slot_id=0 generation=2 run_epoch=2
[mono_ns=7252571312410762][T0xfb768d5fb020][TIMING] emit_host_span: [STRACE] v=1 pid=1887810 tid=1887810 inv=2 hid=2e8e960a9b608ef3 depth=1 name=chip.run.validate ts=7252571311960750 dur=443632 
[mono_ns=7252571312432542][T0xfb768d5fb020][TIMING] emit_host_span: [STRACE] v=1 pid=1887810 tid=1887810 inv=2 hid=2e8e960a9b608ef3 depth=2 name=chip.run.runner_run.device_wall ts=0 dur=2862280 clk=dev
[mono_ns=7252571312444152][T0xfb768d5fb020][TIMING] emit_host_span: [STRACE] v=1 pid=1887810 tid=1887810 inv=2 hid=2e8e960a9b608ef3 depth=3 name=chip.run.runner_run.device_wall.preamble ts=0 dur=6540 clk=dev
[mono_ns=7252571312454842][T0xfb768d5fb020][TIMING] emit_host_span: [STRACE] v=1 pid=1887810 tid=1887810 inv=2 hid=2e8e960a9b608ef3 depth=3 name=chip.run.runner_run.device_wall.graph_build ts=2240 dur=2849600 clk=dev
[mono_ns=7252571312466932][T0xfb768d5fb020][TIMING] emit_host_span: [STRACE] v=1 pid=1887810 tid=1887810 inv=2 hid=2e8e960a9b608ef3 depth=3 name=chip.run.runner_run.device_wall.config_validate ts=2800 dur=1060 clk=dev
[mono_ns=7252571312476802][T0xfb768d5fb020][TIMING] emit_host_span: [STRACE] v=1 pid=1887810 tid=1887810 inv=2 hid=2e8e960a9b608ef3 depth=3 name=chip.run.runner_run.device_wall.arena_wire ts=3880 dur=1740 clk=dev
[mono_ns=7252571312489402][T0xfb768d5fb020][TIMING] emit_host_span: [STRACE] v=1 pid=1887810 tid=1887810 inv=2 hid=2e8e960a9b608ef3 depth=3 name=chip.run.runner_run.device_wall.sm_reset ts=5640 dur=3480 clk=dev
[mono_ns=7252571312499482][T0xfb768d5fb020][TIMING] emit_host_span: [STRACE] v=1 pid=1887810 tid=1887810 inv=2 hid=2e8e960a9b608ef3 depth=3 name=chip.run.runner_run.device_wall.post_orch ts=2851900 dur=10020 clk=dev
[mono_ns=7252571312511612][T0xfb768d5fb020][TIMING] emit_host_span: [STRACE] v=1 pid=1887810 tid=1887810 inv=2 hid=2e8e960a9b608ef3 depth=3 name=chip.run.runner_run.device_wall.orch ts=9520 dur=8020 clk=dev
[mono_ns=7252571312521062][T0xfb768d5fb020][TIMING] emit_host_span: [STRACE] v=1 pid=1887810 tid=1887810 inv=2 hid=2e8e960a9b608ef3 depth=3 name=chip.run.runner_run.device_wall.sched ts=9639 dur=2834540 clk=dev
[mono_ns=7252571312531852][T0xfb768d5fb020][TIMING] emit_host_span: [STRACE] v=1 pid=1887810 tid=1887810 inv=2 hid=2e8e960a9b608ef3 depth=1 name=chip.run.claim_release ts=7252571312529312 dur=530 
[mono_ns=7252571312545412][T0xfb768d5fb020][TIMING] emit_host_span: [STRACE] v=1 pid=1887810 tid=1887810 inv=2 hid=2e8e960a9b608ef3 depth=0 name=chip.run ts=7252571307815805 dur=4727407 run_id=2 dispatch_id=2 slot_id=0 generation=2 run_epoch=2
[mono_ns=7252571312581722][T0xfb753002cca0][TIMING] emit_host_span: [STRACE] v=1 pid=1883258 tid=1888752 inv=2 hid=50b590682672cac0 depth=0 name=node.complete ts=7252571312578442 dur=340 run_id=2 task_slot=5 group_index=0 worker_id=5 dispatch_id=2 endpoint_kind=local_mailbox prepare_only=0 role=worker outcome=0
[mono_ns=7252571312594612][T0xfb753002cca0][TIMING] emit_host_span: [STRACE] v=1 pid=1883258 tid=1888752 inv=0 hid=0 depth=0 name=node.scheduler_loop ts=7252571312575592 dur=15650 role=scheduler drained=1 dispatched=0 drain_ns=15490 spins=54
[mono_ns=7252571312707943][T0xfb768d5fb020][TIMING] emit_host_span: [STRACE] v=1 pid=1883258 tid=1883258 inv=2 hid=0 depth=0 name=node.post_fence_retirement ts=7252571312587642 dur=115111 run_id=2 slot_id=0 generation=2 role=facade
[mono_ns=7252571313342545][T0xfb768d5fb020][TIMING] emit_host_span: [STRACE] v=1 pid=1883258 tid=1883258 inv=3 hid=50b590682672cac0 depth=0 name=node.submit ts=7252571313323825 dur=12780 run_id=3 task_slot=0 group_index=0 group_size=1 worker_id=0 role=facade
[mono_ns=7252571313357615][T0xfb753002cca0][TIMING] emit_host_span: [STRACE] v=1 pid=1883258 tid=1888752 inv=3 hid=50b590682672cac0 depth=0 name=node.frame_submit ts=7252571313352555 dur=1240 run_id=3 task_slot=0 group_index=0 worker_id=0 dispatch_id=3 endpoint_kind=local_mailbox prepare_only=0 role=worker
[mono_ns=7252571313364435][T0xfb753002cca0][TIMING] emit_host_span: [STRACE] v=1 pid=1883258 tid=1888752 inv=3 hid=50b590682672cac0 depth=0 name=node.dispatch ts=7252571313348505 dur=11450 run_id=3 task_slot=0 group_index=0 worker_id=0 dispatch_id=3 endpoint_kind=local_mailbox prepare_only=0 role=scheduler slot_id=0 generation=3
[mono_ns=7252571313377525][T0xfb753002cca0][TIMING] emit_host_span: [STRACE] v=1 pid=1883258 tid=1888752 inv=0 hid=0 depth=0 name=node.scheduler_loop ts=7252571313343575 dur=30220 role=scheduler drained=0 dispatched=1 drain_ns=1750 spins=1
[mono_ns=7252571313589346][T0xfb768d5fb020][TIMING] emit_host_span: [STRACE] v=1 pid=1883258 tid=1883258 inv=3 hid=50b590682672cac0 depth=0 name=node.submit ts=7252571313574716 dur=9800 run_id=3 task_slot=1 group_index=0 group_size=1 worker_id=1 role=facade
[mono_ns=7252571313592426][T0xfb753002cca0][TIMING] emit_host_span: [STRACE] v=1 pid=1883258 tid=1888752 inv=3 hid=50b590682672cac0 depth=0 name=node.frame_submit ts=7252571313588116 dur=1320 run_id=3 task_slot=1 group_index=0 worker_id=1 dispatch_id=3 endpoint_kind=local_mailbox prepare_only=0 role=worker
[mono_ns=7252571313598756][T0xfb753002cca0][TIMING] emit_host_span: [STRACE] v=1 pid=1883258 tid=1888752 inv=3 hid=50b590682672cac0 depth=0 name=node.dispatch ts=7252571313585436 dur=9110 run_id=3 task_slot=1 group_index=0 worker_id=1 dispatch_id=3 endpoint_kind=local_mailbox prepare_only=0 role=scheduler slot_id=0 generation=3
[mono_ns=7252571313604796][T0xfb753002cca0][TIMING] emit_host_span: [STRACE] v=1 pid=1883258 tid=1888752 inv=0 hid=0 depth=0 name=node.scheduler_loop ts=7252571313580846 dur=20950 role=scheduler drained=0 dispatched=1 drain_ns=1430 spins=55
[mono_ns=7252571313675866][T0xfb768d5fb020][TIMING] emit_host_span: [STRACE] v=1 pid=1887738 tid=1887738 inv=3 hid=2e8e960a9b608ef3 depth=2 name=chip.run.bind.args ts=7252571313511326 dur=158900 
[mono_ns=7252571313686497][T0xfb768d5fb020][TIMING] emit_host_span: [STRACE] v=1 pid=1887738 tid=1887738 inv=3 hid=2e8e960a9b608ef3 depth=2 name=chip.run.bind.prebuilt ts=7252571313682266 dur=2021 
[mono_ns=7252571313690157][T0xfb768d5fb020][TIMING] emit_host_span: [STRACE] v=1 pid=1887738 tid=1887738 inv=3 hid=2e8e960a9b608ef3 depth=1 name=chip.run.bind ts=7252571313504336 dur=183901 
[mono_ns=7252571313830027][T0xfb768d5fb020][TIMING] emit_host_span: [STRACE] v=1 pid=1883258 tid=1883258 inv=3 hid=50b590682672cac0 depth=0 name=node.submit ts=7252571313814537 dur=9130 run_id=3 task_slot=2 group_index=0 group_size=1 worker_id=2 role=facade
[mono_ns=7252571313834757][T0xfb753002cca0][TIMING] emit_host_span: [STRACE] v=1 pid=1883258 tid=1888752 inv=3 hid=50b590682672cac0 depth=0 name=node.frame_submit ts=7252571313828887 dur=2200 run_id=3 task_slot=2 group_index=0 worker_id=2 dispatch_id=3 endpoint_kind=local_mailbox prepare_only=0 role=worker
[mono_ns=7252571313841057][T0xfb753002cca0][TIMING] emit_host_span: [STRACE] v=1 pid=1883258 tid=1888752 inv=3 hid=50b590682672cac0 depth=0 name=node.dispatch ts=7252571313826687 dur=10210 run_id=3 task_slot=2 group_index=0 worker_id=2 dispatch_id=3 endpoint_kind=local_mailbox prepare_only=0 role=scheduler slot_id=0 generation=3
[mono_ns=7252571313846877][T0xfb753002cca0][TIMING] emit_host_span: [STRACE] v=1 pid=1883258 tid=1888752 inv=0 hid=0 depth=0 name=node.scheduler_loop ts=7252571313823027 dur=20880 role=scheduler drained=0 dispatched=1 drain_ns=1520 spins=59
[mono_ns=7252571313928967][T0xfb768d5fb020][TIMING] emit_host_span: [STRACE] v=1 pid=1887751 tid=1887751 inv=3 hid=2e8e960a9b608ef3 depth=2 name=chip.run.bind.args ts=7252571313748727 dur=175140 
[mono_ns=7252571313940487][T0xfb768d5fb020][TIMING] emit_host_span: [STRACE] v=1 pid=1887751 tid=1887751 inv=3 hid=2e8e960a9b608ef3 depth=2 name=chip.run.bind.prebuilt ts=7252571313936237 dur=1740 
[mono_ns=7252571313945007][T0xfb768d5fb020][TIMING] emit_host_span: [STRACE] v=1 pid=1887751 tid=1887751 inv=3 hid=2e8e960a9b608ef3 depth=1 name=chip.run.bind ts=7252571313742577 dur=200360 
[mono_ns=7252571314085848][T0xfb768d5fb020][TIMING] emit_host_span: [STRACE] v=1 pid=1883258 tid=1883258 inv=3 hid=50b590682672cac0 depth=0 name=node.submit ts=7252571314071288 dur=8650 run_id=3 task_slot=3 group_index=0 group_size=1 worker_id=3 role=facade
[mono_ns=7252571314089658][T0xfb753002cca0][TIMING] emit_host_span: [STRACE] v=1 pid=1883258 tid=1888752 inv=3 hid=50b590682672cac0 depth=0 name=node.frame_submit ts=7252571314085548 dur=1000 run_id=3 task_slot=3 group_index=0 worker_id=3 dispatch_id=3 endpoint_kind=local_mailbox prepare_only=0 role=worker
[mono_ns=7252571314096128][T0xfb753002cca0][TIMING] emit_host_span: [STRACE] v=1 pid=1883258 tid=1888752 inv=3 hid=50b590682672cac0 depth=0 name=node.dispatch ts=7252571314083078 dur=8860 run_id=3 task_slot=3 group_index=0 worker_id=3 dispatch_id=3 endpoint_kind=local_mailbox prepare_only=0 role=scheduler slot_id=0 generation=3
[mono_ns=7252571314101938][T0xfb753002cca0][TIMING] emit_host_span: [STRACE] v=1 pid=1883258 tid=1888752 inv=0 hid=0 depth=0 name=node.scheduler_loop ts=7252571314079228 dur=19720 role=scheduler drained=0 dispatched=1 drain_ns=1570 spins=60
[mono_ns=7252571314245539][T0xfb768d5fb020][TIMING] emit_host_span: [STRACE] v=1 pid=1887766 tid=1887766 inv=3 hid=2e8e960a9b608ef3 depth=2 name=chip.run.bind.args ts=7252571313987548 dur=253201 
[mono_ns=7252571314260649][T0xfb768d5fb020][TIMING] emit_host_span: [STRACE] v=1 pid=1887766 tid=1887766 inv=3 hid=2e8e960a9b608ef3 depth=2 name=chip.run.bind.prebuilt ts=7252571314256169 dur=2150 
[mono_ns=7252571314293839][T0xfb768d5fb020][TIMING] emit_host_span: [STRACE] v=1 pid=1887766 tid=1887766 inv=3 hid=2e8e960a9b608ef3 depth=1 name=chip.run.bind ts=7252571313981388 dur=309821 
[mono_ns=7252571314329119][T0xfb768d5fb020][TIMING] emit_host_span: [STRACE] v=1 pid=1883258 tid=1883258 inv=3 hid=50b590682672cac0 depth=0 name=node.submit ts=7252571314313129 dur=9900 run_id=3 task_slot=4 group_index=0 group_size=1 worker_id=4 role=facade
[mono_ns=7252571314333049][T0xfb753002cca0][TIMING] emit_host_span: [STRACE] v=1 pid=1883258 tid=1888752 inv=3 hid=50b590682672cac0 depth=0 name=node.frame_submit ts=7252571314328149 dur=2000 run_id=3 task_slot=4 group_index=0 worker_id=4 dispatch_id=3 endpoint_kind=local_mailbox prepare_only=0 role=worker
[mono_ns=7252571314339249][T0xfb753002cca0][TIMING] emit_host_span: [STRACE] v=1 pid=1883258 tid=1888752 inv=3 hid=50b590682672cac0 depth=0 name=node.dispatch ts=7252571314325969 dur=9120 run_id=3 task_slot=4 group_index=0 worker_id=4 dispatch_id=3 endpoint_kind=local_mailbox prepare_only=0 role=scheduler slot_id=0 generation=3
[mono_ns=7252571314344849][T0xfb753002cca0][TIMING] emit_host_span: [STRACE] v=1 pid=1883258 tid=1888752 inv=0 hid=0 depth=0 name=node.scheduler_loop ts=7252571314322309 dur=19610 role=scheduler drained=0 dispatched=1 drain_ns=1430 spins=63
[mono_ns=7252571314498880][T0xfb768d5fb020][TIMING] emit_host_span: [STRACE] v=1 pid=1887782 tid=1887782 inv=3 hid=2e8e960a9b608ef3 depth=2 name=chip.run.bind.args ts=7252571314267229 dur=226371 
[mono_ns=7252571314510850][T0xfb768d5fb020][TIMING] emit_host_span: [STRACE] v=1 pid=1887782 tid=1887782 inv=3 hid=2e8e960a9b608ef3 depth=2 name=chip.run.bind.prebuilt ts=7252571314506480 dur=1980 
[mono_ns=7252571314515440][T0xfb768d5fb020][TIMING] emit_host_span: [STRACE] v=1 pid=1887782 tid=1887782 inv=3 hid=2e8e960a9b608ef3 depth=1 name=chip.run.bind ts=7252571314260209 dur=253091 
[mono_ns=7252571314565130][T0xfb768d5fb020][TIMING] emit_host_span: [STRACE] v=1 pid=1883258 tid=1883258 inv=3 hid=50b590682672cac0 depth=0 name=node.submit ts=7252571314550620 dur=9120 run_id=3 task_slot=5 group_index=0 group_size=1 worker_id=5 role=facade
[mono_ns=7252571314568300][T0xfb753002cca0][TIMING] emit_host_span: [STRACE] v=1 pid=1883258 tid=1888752 inv=3 hid=50b590682672cac0 depth=0 name=node.frame_submit ts=7252571314564510 dur=790 run_id=3 task_slot=5 group_index=0 worker_id=5 dispatch_id=3 endpoint_kind=local_mailbox prepare_only=0 role=worker
[mono_ns=7252571314574590][T0xfb753002cca0][TIMING] emit_host_span: [STRACE] v=1 pid=1883258 tid=1888752 inv=3 hid=50b590682672cac0 depth=0 name=node.dispatch ts=7252571314562330 dur=8150 run_id=3 task_slot=5 group_index=0 worker_id=5 dispatch_id=3 endpoint_kind=local_mailbox prepare_only=0 role=scheduler slot_id=0 generation=3
[mono_ns=7252571314580120][T0xfb753002cca0][TIMING] emit_host_span: [STRACE] v=1 pid=1883258 tid=1888752 inv=0 hid=0 depth=0 name=node.scheduler_loop ts=7252571314558470 dur=18750 role=scheduler drained=0 dispatched=1 drain_ns=1570 spins=59
[mono_ns=7252571314763291][T0xfb768d5fb020][TIMING] emit_host_span: [STRACE] v=1 pid=1887795 tid=1887795 inv=3 hid=2e8e960a9b608ef3 depth=2 name=chip.run.bind.args ts=7252571314484829 dur=273662 
[mono_ns=7252571314778531][T0xfb768d5fb020][TIMING] emit_host_span: [STRACE] v=1 pid=1887795 tid=1887795 inv=3 hid=2e8e960a9b608ef3 depth=2 name=chip.run.bind.prebuilt ts=7252571314774071 dur=2060 
[mono_ns=7252571314783841][T0xfb768d5fb020][TIMING] emit_host_span: [STRACE] v=1 pid=1887795 tid=1887795 inv=3 hid=2e8e960a9b608ef3 depth=1 name=chip.run.bind ts=7252571314478639 dur=302952 
[mono_ns=7252571314849711][T0xfb768d5fb020][TIMING] emit_host_span: [STRACE] v=1 pid=1883258 tid=1883258 inv=3 hid=50b590682672cac0 depth=0 name=node.submit ts=7252571314822661 dur=22270 run_id=3 task_slot=6 group_index=0 group_size=1 worker_id=6 role=facade
[mono_ns=7252571314860751][T0xfb753002cca0][TIMING] emit_host_span: [STRACE] v=1 pid=1883258 tid=1888752 inv=3 hid=50b590682672cac0 depth=0 name=node.frame_submit ts=7252571314855411 dur=2090 run_id=3 task_slot=6 group_index=0 worker_id=6 dispatch_id=3 endpoint_kind=local_mailbox prepare_only=0 role=worker
[mono_ns=7252571314867801][T0xfb753002cca0][TIMING] emit_host_span: [STRACE] v=1 pid=1883258 tid=1888752 inv=3 hid=50b590682672cac0 depth=0 name=node.dispatch ts=7252571314852691 dur=10650 run_id=3 task_slot=6 group_index=0 worker_id=6 dispatch_id=3 endpoint_kind=local_mailbox prepare_only=0 role=scheduler slot_id=0 generation=3
[mono_ns=7252571314877351][T0xfb753002cca0][TIMING] emit_host_span: [STRACE] v=1 pid=1883258 tid=1888752 inv=0 hid=0 depth=0 name=node.scheduler_loop ts=7252571314835811 dur=38110 role=scheduler drained=0 dispatched=1 drain_ns=1590 spins=72
[mono_ns=7252571315056272][T0xfb768d5fb020][TIMING] emit_host_span: [STRACE] v=1 pid=1887810 tid=1887810 inv=3 hid=2e8e960a9b608ef3 depth=2 name=chip.run.bind.args ts=7252571314712780 dur=337862 
[mono_ns=7252571315080962][T0xfb768d5fb020][TIMING] emit_host_span: [STRACE] v=1 pid=1887810 tid=1887810 inv=3 hid=2e8e960a9b608ef3 depth=2 name=chip.run.bind.prebuilt ts=7252571315076232 dur=2010 
[mono_ns=7252571315094582][T0xfb768d5fb020][TIMING] emit_host_span: [STRACE] v=1 pid=1887810 tid=1887810 inv=3 hid=2e8e960a9b608ef3 depth=1 name=chip.run.bind ts=7252571314706790 dur=385572 
[mono_ns=7252571315110552][T0xfb768d5fb020][TIMING] emit_host_span: [STRACE] v=1 pid=1883258 tid=1883258 inv=3 hid=50b590682672cac0 depth=0 name=node.submit ts=7252571315094372 dur=11670 run_id=3 task_slot=7 group_index=0 group_size=1 worker_id=7 role=facade
[mono_ns=7252571315115102][T0xfb753002cca0][TIMING] emit_host_span: [STRACE] v=1 pid=1883258 tid=1888752 inv=3 hid=50b590682672cac0 depth=0 name=node.frame_submit ts=7252571315109942 dur=2070 run_id=3 task_slot=7 group_index=0 worker_id=7 dispatch_id=3 endpoint_kind=local_mailbox prepare_only=0 role=worker
[mono_ns=7252571315122412][T0xfb753002cca0][TIMING] emit_host_span: [STRACE] v=1 pid=1883258 tid=1888752 inv=3 hid=50b590682672cac0 depth=0 name=node.dispatch ts=7252571315107292 dur=10270 run_id=3 task_slot=7 group_index=0 worker_id=7 dispatch_id=3 endpoint_kind=local_mailbox prepare_only=0 role=scheduler slot_id=0 generation=3
[mono_ns=7252571315127262][T0xfb753002cca0][TIMING] emit_host_span: [STRACE] v=1 pid=1883258 tid=1888752 inv=0 hid=0 depth=0 name=node.scheduler_loop ts=7252571315101882 dur=22390 role=scheduler drained=0 dispatched=1 drain_ns=1640 spins=61
[mono_ns=7252571315130552][T0xfb768d5fb020][TIMING] emit_host_span: [STRACE] v=1 pid=1883258 tid=1883258 inv=3 hid=0 depth=0 name=node.graph_build ts=7252571313026034 dur=2097228 run_id=3 role=facade
[mono_ns=7252571315269332][T0xfb768d5fb020][TIMING] emit_host_span: [STRACE] v=1 pid=1887827 tid=1887827 inv=3 hid=2e8e960a9b608ef3 depth=2 name=chip.run.bind.args ts=7252571315022481 dur=241521 
[mono_ns=7252571315282912][T0xfb768d5fb020][TIMING] emit_host_span: [STRACE] v=1 pid=1887827 tid=1887827 inv=3 hid=2e8e960a9b608ef3 depth=2 name=chip.run.bind.prebuilt ts=7252571315278952 dur=1640 
[mono_ns=7252571315287742][T0xfb768d5fb020][TIMING] emit_host_span: [STRACE] v=1 pid=1887827 tid=1887827 inv=3 hid=2e8e960a9b608ef3 depth=1 name=chip.run.bind ts=7252571315017291 dur=268361 
[mono_ns=7252571315506543][T0xfb768d5fb020][TIMING] emit_host_span: [STRACE] v=1 pid=1887844 tid=1887844 inv=3 hid=2e8e960a9b608ef3 depth=2 name=chip.run.bind.args ts=7252571315268642 dur=233031 
[mono_ns=7252571315522703][T0xfb768d5fb020][TIMING] emit_host_span: [STRACE] v=1 pid=1887844 tid=1887844 inv=3 hid=2e8e960a9b608ef3 depth=2 name=chip.run.bind.prebuilt ts=7252571315518823 dur=1530 
[mono_ns=7252571315547483][T0xfb768d5fb020][TIMING] emit_host_span: [STRACE] v=1 pid=1887844 tid=1887844 inv=3 hid=2e8e960a9b608ef3 depth=1 name=chip.run.bind ts=7252571315263362 dur=281481 
[mono_ns=7252571316835358][T0xfb768d5fb020][TIMING] emit_host_span: [STRACE] v=1 pid=1887795 tid=1887795 inv=3 hid=2e8e960a9b608ef3 depth=1 name=chip.run.runner_run ts=7252571314931341 dur=1899087 
[mono_ns=7252571316844468][T0xfb768d5fb020][TIMING] emit_host_span: [STRACE] v=1 pid=1887766 tid=1887766 inv=3 hid=2e8e960a9b608ef3 depth=1 name=chip.run.runner_run ts=7252571314444659 dur=2394339 
[mono_ns=7252571316852228][T0xfb768d5fb020][TIMING] emit_host_span: [STRACE] v=1 pid=1887782 tid=1887782 inv=3 hid=2e8e960a9b608ef3 depth=1 name=chip.run.runner_run ts=7252571314659660 dur=2186428 
[mono_ns=7252571316847648][T0xfb768d5fb020][TIMING] emit_host_span: [STRACE] v=1 pid=1887827 tid=1887827 inv=3 hid=2e8e960a9b608ef3 depth=1 name=chip.run.runner_run ts=7252571315434443 dur=1406375 
[mono_ns=7252571316852058][T0xfb768d5fb020][TIMING] emit_host_span: [STRACE] v=1 pid=1887738 tid=1887738 inv=3 hid=2e8e960a9b608ef3 depth=1 name=chip.run.runner_run ts=7252571313833707 dur=3012201 
[mono_ns=7252571316856528][T0xfb768d5fb020][TIMING] emit_host_span: [STRACE] v=1 pid=1887751 tid=1887751 inv=3 hid=2e8e960a9b608ef3 depth=1 name=chip.run.runner_run ts=7252571314111148 dur=2739270 
[mono_ns=7252571316857688][T0xfb768d5fb020][TIMING] emit_host_span: [STRACE] v=1 pid=1887810 tid=1887810 inv=3 hid=2e8e960a9b608ef3 depth=1 name=chip.run.runner_run ts=7252571315351003 dur=1500505 
[mono_ns=7252571316847168][T0xfb768d5fb020][TIMING] emit_host_span: [STRACE] v=1 pid=1887844 tid=1887844 inv=3 hid=2e8e960a9b608ef3 depth=1 name=chip.run.runner_run ts=7252571315696474 dur=1144814 
[mono_ns=7252571317038229][T0xfb768d5fb020][TIMING] emit_host_span: [STRACE] v=1 pid=1887751 tid=1887751 inv=3 hid=2e8e960a9b608ef3 depth=1 name=chip.run.validate ts=7252571316863658 dur=169461 
[mono_ns=7252571317045769][T0xfb768d5fb020][TIMING] emit_host_span: [STRACE] v=1 pid=1887751 tid=1887751 inv=3 hid=2e8e960a9b608ef3 depth=2 name=chip.run.runner_run.device_wall ts=0 dur=2534100 clk=dev
[mono_ns=7252571317050429][T0xfb768d5fb020][TIMING] emit_host_span: [STRACE] v=1 pid=1887751 tid=1887751 inv=3 hid=2e8e960a9b608ef3 depth=3 name=chip.run.runner_run.device_wall.preamble ts=0 dur=6319 clk=dev
[mono_ns=7252571317053969][T0xfb768d5fb020][TIMING] emit_host_span: [STRACE] v=1 pid=1887751 tid=1887751 inv=3 hid=2e8e960a9b608ef3 depth=3 name=chip.run.runner_run.device_wall.graph_build ts=1460 dur=2521820 clk=dev
[mono_ns=7252571317057339][T0xfb768d5fb020][TIMING] emit_host_span: [STRACE] v=1 pid=1887751 tid=1887751 inv=3 hid=2e8e960a9b608ef3 depth=3 name=chip.run.runner_run.device_wall.config_validate ts=1579 dur=679 clk=dev
[mono_ns=7252571317061019][T0xfb768d5fb020][TIMING] emit_host_span: [STRACE] v=1 pid=1887751 tid=1887751 inv=3 hid=2e8e960a9b608ef3 depth=3 name=chip.run.runner_run.device_wall.arena_wire ts=2300 dur=260 clk=dev
[mono_ns=7252571317066119][T0xfb768d5fb020][TIMING] emit_host_span: [STRACE] v=1 pid=1887751 tid=1887751 inv=3 hid=2e8e960a9b608ef3 depth=3 name=chip.run.runner_run.device_wall.sm_reset ts=2580 dur=580 clk=dev
[mono_ns=7252571317069939][T0xfb768d5fb020][TIMING] emit_host_span: [STRACE] v=1 pid=1887751 tid=1887751 inv=3 hid=2e8e960a9b608ef3 depth=3 name=chip.run.runner_run.device_wall.post_orch ts=2523339 dur=10620 clk=dev
[mono_ns=7252571317073889][T0xfb768d5fb020][TIMING] emit_host_span: [STRACE] v=1 pid=1887751 tid=1887751 inv=3 hid=2e8e960a9b608ef3 depth=3 name=chip.run.runner_run.device_wall.orch ts=3199 dur=3719 clk=dev
[mono_ns=7252571317078579][T0xfb768d5fb020][TIMING] emit_host_span: [STRACE] v=1 pid=1887751 tid=1887751 inv=3 hid=2e8e960a9b608ef3 depth=3 name=chip.run.runner_run.device_wall.sched ts=6399 dur=2509920 clk=dev
[mono_ns=7252571317083029][T0xfb768d5fb020][TIMING] emit_host_span: [STRACE] v=1 pid=1887751 tid=1887751 inv=3 hid=2e8e960a9b608ef3 depth=1 name=chip.run.claim_release ts=7252571317080909 dur=310 
[mono_ns=7252571317088029][T0xfb768d5fb020][TIMING] emit_host_span: [STRACE] v=1 pid=1887751 tid=1887751 inv=3 hid=2e8e960a9b608ef3 depth=0 name=chip.run ts=7252571313726337 dur=3359722 run_id=3 dispatch_id=3 slot_id=0 generation=3 run_epoch=3
[mono_ns=7252571317101309][T0xfb768d5fb020][TIMING] emit_host_span: [STRACE] v=1 pid=1887766 tid=1887766 inv=3 hid=2e8e960a9b608ef3 depth=1 name=chip.run.validate ts=7252571316854138 dur=243311 
[mono_ns=7252571317102299][T0xfb768d5fb020][TIMING] emit_host_span: [STRACE] v=1 pid=1887795 tid=1887795 inv=3 hid=2e8e960a9b608ef3 depth=1 name=chip.run.validate ts=7252571316845578 dur=252791 
[mono_ns=7252571317097379][T0xfb768d5fb020][TIMING] emit_host_span: [STRACE] v=1 pid=1887844 tid=1887844 inv=3 hid=2e8e960a9b608ef3 depth=1 name=chip.run.validate ts=7252571316857448 dur=235771 
[mono_ns=7252571317103669][T0xfb768d5fb020][TIMING] emit_host_span: [STRACE] v=1 pid=1887810 tid=1887810 inv=3 hid=2e8e960a9b608ef3 depth=1 name=chip.run.validate ts=7252571316877558 dur=221421 
[mono_ns=7252571317112109][T0xfb768d5fb020][TIMING] emit_host_span: [STRACE] v=1 pid=1887766 tid=1887766 inv=3 hid=2e8e960a9b608ef3 depth=2 name=chip.run.runner_run.device_wall ts=0 dur=2213060 clk=dev
[mono_ns=7252571317113209][T0xfb768d5fb020][TIMING] emit_host_span: [STRACE] v=1 pid=1887795 tid=1887795 inv=3 hid=2e8e960a9b608ef3 depth=2 name=chip.run.runner_run.device_wall ts=0 dur=1725840 clk=dev
[mono_ns=7252571317109869][T0xfb768d5fb020][TIMING] emit_host_span: [STRACE] v=1 pid=1887844 tid=1887844 inv=3 hid=2e8e960a9b608ef3 depth=2 name=chip.run.runner_run.device_wall ts=0 dur=967040 clk=dev
[mono_ns=7252571317112619][T0xfb768d5fb020][TIMING] emit_host_span: [STRACE] v=1 pid=1887810 tid=1887810 inv=3 hid=2e8e960a9b608ef3 depth=2 name=chip.run.runner_run.device_wall ts=0 dur=1320260 clk=dev
[mono_ns=7252571317120869][T0xfb753002cca0][TIMING] emit_host_span: [STRACE] v=1 pid=1883258 tid=1888752 inv=3 hid=50b590682672cac0 depth=0 name=node.complete ts=7252571317117029 dur=600 run_id=3 task_slot=1 group_index=0 worker_id=1 dispatch_id=3 endpoint_kind=local_mailbox prepare_only=0 role=worker outcome=0
[mono_ns=7252571317115999][T0xfb768d5fb020][TIMING] emit_host_span: [STRACE] v=1 pid=1887766 tid=1887766 inv=3 hid=2e8e960a9b608ef3 depth=3 name=chip.run.runner_run.device_wall.preamble ts=0 dur=5220 clk=dev
[mono_ns=7252571317117559][T0xfb768d5fb020][TIMING] emit_host_span: [STRACE] v=1 pid=1887795 tid=1887795 inv=3 hid=2e8e960a9b608ef3 depth=3 name=chip.run.runner_run.device_wall.preamble ts=0 dur=7359 clk=dev
[mono_ns=7252571317116669][T0xfb768d5fb020][TIMING] emit_host_span: [STRACE] v=1 pid=1887810 tid=1887810 inv=3 hid=2e8e960a9b608ef3 depth=3 name=chip.run.runner_run.device_wall.preamble ts=0 dur=5500 clk=dev
[mono_ns=7252571317120169][T0xfb768d5fb020][TIMING] emit_host_span: [STRACE] v=1 pid=1887766 tid=1887766 inv=3 hid=2e8e960a9b608ef3 depth=3 name=chip.run.runner_run.device_wall.graph_build ts=1560 dur=2201820 clk=dev
[mono_ns=7252571317121939][T0xfb768d5fb020][TIMING] emit_host_span: [STRACE] v=1 pid=1887795 tid=1887795 inv=3 hid=2e8e960a9b608ef3 depth=3 name=chip.run.runner_run.device_wall.graph_build ts=1799 dur=1714040 clk=dev
[mono_ns=7252571317124729][T0xfb768d5fb020][TIMING] emit_host_span: [STRACE] v=1 pid=1887766 tid=1887766 inv=3 hid=2e8e960a9b608ef3 depth=3 name=chip.run.runner_run.device_wall.config_validate ts=1680 dur=700 clk=dev
[mono_ns=7252571317113779][T0xfb768d5fb020][TIMING] emit_host_span: [STRACE] v=1 pid=1887844 tid=1887844 inv=3 hid=2e8e960a9b608ef3 depth=3 name=chip.run.runner_run.device_wall.preamble ts=0 dur=6900 clk=dev
[mono_ns=7252571317120489][T0xfb768d5fb020][TIMING] emit_host_span: [STRACE] v=1 pid=1887810 tid=1887810 inv=3 hid=2e8e960a9b608ef3 depth=3 name=chip.run.runner_run.device_wall.graph_build ts=1220 dur=1308320 clk=dev
[mono_ns=7252571317125349][T0xfb768d5fb020][TIMING] emit_host_span: [STRACE] v=1 pid=1887795 tid=1887795 inv=3 hid=2e8e960a9b608ef3 depth=3 name=chip.run.runner_run.device_wall.config_validate ts=1900 dur=720 clk=dev
[mono_ns=7252571317134589][T0xfb753002cca0][TIMING] emit_host_span: [STRACE] v=1 pid=1883258 tid=1888752 inv=0 hid=0 depth=0 name=node.scheduler_loop ts=7252571317113769 dur=17400 role=scheduler drained=1 dispatched=0 drain_ns=15340 spins=584
[mono_ns=7252571317117439][T0xfb768d5fb020][TIMING] emit_host_span: [STRACE] v=1 pid=1887844 tid=1887844 inv=3 hid=2e8e960a9b608ef3 depth=3 name=chip.run.runner_run.device_wall.graph_build ts=1920 dur=954660 clk=dev
[mono_ns=7252571317123779][T0xfb768d5fb020][TIMING] emit_host_span: [STRACE] v=1 pid=1887810 tid=1887810 inv=3 hid=2e8e960a9b608ef3 depth=3 name=chip.run.runner_run.device_wall.config_validate ts=1359 dur=899 clk=dev
[mono_ns=7252571317129889][T0xfb768d5fb020][TIMING] emit_host_span: [STRACE] v=1 pid=1887795 tid=1887795 inv=3 hid=2e8e960a9b608ef3 depth=3 name=chip.run.runner_run.device_wall.arena_wire ts=2640 dur=280 clk=dev
[mono_ns=7252571317142479][T0xfb768d5fb020][TIMING] emit_host_span: [STRACE] v=1 pid=1887782 tid=1887782 inv=3 hid=2e8e960a9b608ef3 depth=1 name=chip.run.validate ts=7252571316858748 dur=279571 
[mono_ns=7252571317126769][T0xfb768d5fb020][TIMING] emit_host_span: [STRACE] v=1 pid=1887810 tid=1887810 inv=3 hid=2e8e960a9b608ef3 depth=3 name=chip.run.runner_run.device_wall.arena_wire ts=2280 dur=399 clk=dev
[mono_ns=7252571317121289][T0xfb768d5fb020][TIMING] emit_host_span: [STRACE] v=1 pid=1887844 tid=1887844 inv=3 hid=2e8e960a9b608ef3 depth=3 name=chip.run.runner_run.device_wall.config_validate ts=2200 dur=660 clk=dev
[mono_ns=7252571317133509][T0xfb768d5fb020][TIMING] emit_host_span: [STRACE] v=1 pid=1887795 tid=1887795 inv=3 hid=2e8e960a9b608ef3 depth=3 name=chip.run.runner_run.device_wall.sm_reset ts=2940 dur=580 clk=dev
[mono_ns=7252571317149899][T0xfb768d5fb020][TIMING] emit_host_span: [STRACE] v=1 pid=1887782 tid=1887782 inv=3 hid=2e8e960a9b608ef3 depth=2 name=chip.run.runner_run.device_wall ts=0 dur=1997979 clk=dev
[mono_ns=7252571317129699][T0xfb768d5fb020][TIMING] emit_host_span: [STRACE] v=1 pid=1887810 tid=1887810 inv=3 hid=2e8e960a9b608ef3 depth=3 name=chip.run.runner_run.device_wall.sm_reset ts=2760 dur=640 clk=dev
[mono_ns=7252571317132709][T0xfb768d5fb020][TIMING] emit_host_span: [STRACE] v=1 pid=1887810 tid=1887810 inv=3 hid=2e8e960a9b608ef3 depth=3 name=chip.run.runner_run.device_wall.post_orch ts=1309580 dur=10220 clk=dev
[mono_ns=7252571317124639][T0xfb768d5fb020][TIMING] emit_host_span: [STRACE] v=1 pid=1887844 tid=1887844 inv=3 hid=2e8e960a9b608ef3 depth=3 name=chip.run.runner_run.device_wall.arena_wire ts=2920 dur=320 clk=dev
[mono_ns=7252571317135569][T0xfb768d5fb020][TIMING] emit_host_span: [STRACE] v=1 pid=1887810 tid=1887810 inv=3 hid=2e8e960a9b608ef3 depth=3 name=chip.run.runner_run.device_wall.orch ts=3460 dur=3760 clk=dev
[mono_ns=7252571317138479][T0xfb768d5fb020][TIMING] emit_host_span: [STRACE] v=1 pid=1887795 tid=1887795 inv=3 hid=2e8e960a9b608ef3 depth=3 name=chip.run.runner_run.device_wall.post_orch ts=1715879 dur=9240 clk=dev
[mono_ns=7252571317154089][T0xfb768d5fb020][TIMING] emit_host_span: [STRACE] v=1 pid=1887782 tid=1887782 inv=3 hid=2e8e960a9b608ef3 depth=3 name=chip.run.runner_run.device_wall.preamble ts=0 dur=4740 clk=dev
[mono_ns=7252571317155329][T0xfb768d5fb020][TIMING] emit_host_span: [STRACE] v=1 pid=1887844 tid=1887844 inv=3 hid=2e8e960a9b608ef3 depth=3 name=chip.run.runner_run.device_wall.sm_reset ts=3280 dur=620 clk=dev
[mono_ns=7252571317128189][T0xfb768d5fb020][TIMING] emit_host_span: [STRACE] v=1 pid=1887766 tid=1887766 inv=3 hid=2e8e960a9b608ef3 depth=3 name=chip.run.runner_run.device_wall.arena_wire ts=2420 dur=420 clk=dev
[mono_ns=7252571317139509][T0xfb768d5fb020][TIMING] emit_host_span: [STRACE] v=1 pid=1887810 tid=1887810 inv=3 hid=2e8e960a9b608ef3 depth=3 name=chip.run.runner_run.device_wall.sched ts=5600 dur=1296419 clk=dev
[mono_ns=7252571317144589][T0xfb768d5fb020][TIMING] emit_host_span: [STRACE] v=1 pid=1887795 tid=1887795 inv=3 hid=2e8e960a9b608ef3 depth=3 name=chip.run.runner_run.device_wall.orch ts=3559 dur=3580 clk=dev
[mono_ns=7252571317157739][T0xfb768d5fb020][TIMING] emit_host_span: [STRACE] v=1 pid=1887782 tid=1887782 inv=3 hid=2e8e960a9b608ef3 depth=3 name=chip.run.runner_run.device_wall.graph_build ts=1160 dur=1985840 clk=dev
[mono_ns=7252571317163949][T0xfb768d5fb020][TIMING] emit_host_span: [STRACE] v=1 pid=1887738 tid=1887738 inv=3 hid=2e8e960a9b608ef3 depth=1 name=chip.run.validate ts=7252571316857188 dur=300751 
[mono_ns=7252571317143609][T0xfb768d5fb020][TIMING] emit_host_span: [STRACE] v=1 pid=1887810 tid=1887810 inv=3 hid=2e8e960a9b608ef3 depth=1 name=chip.run.claim_release ts=7252571317141469 dur=410 
[mono_ns=7252571317160839][T0xfb768d5fb020][TIMING] emit_host_span: [STRACE] v=1 pid=1887766 tid=1887766 inv=3 hid=2e8e960a9b608ef3 depth=3 name=chip.run.runner_run.device_wall.sm_reset ts=2880 dur=520 clk=dev
[mono_ns=7252571317147959][T0xfb768d5fb020][TIMING] emit_host_span: [STRACE] v=1 pid=1887810 tid=1887810 inv=3 hid=2e8e960a9b608ef3 depth=0 name=chip.run ts=7252571314691390 dur=2454589 run_id=3 dispatch_id=3 slot_id=0 generation=3 run_epoch=3
[mono_ns=7252571317159609][T0xfb768d5fb020][TIMING] emit_host_span: [STRACE] v=1 pid=1887844 tid=1887844 inv=3 hid=2e8e960a9b608ef3 depth=3 name=chip.run.runner_run.device_wall.post_orch ts=956620 dur=10280 clk=dev
[mono_ns=7252571317148549][T0xfb768d5fb020][TIMING] emit_host_span: [STRACE] v=1 pid=1887795 tid=1887795 inv=3 hid=2e8e960a9b608ef3 depth=3 name=chip.run.runner_run.device_wall.sched ts=7439 dur=1701140 clk=dev
[mono_ns=7252571317160959][T0xfb768d5fb020][TIMING] emit_host_span: [STRACE] v=1 pid=1887782 tid=1887782 inv=3 hid=2e8e960a9b608ef3 depth=3 name=chip.run.runner_run.device_wall.config_validate ts=1280 dur=679 clk=dev
[mono_ns=7252571317172289][T0xfb768d5fb020][TIMING] emit_host_span: [STRACE] v=1 pid=1887738 tid=1887738 inv=3 hid=2e8e960a9b608ef3 depth=2 name=chip.run.runner_run.device_wall ts=0 dur=2833120 clk=dev
[mono_ns=7252571317166129][T0xfb768d5fb020][TIMING] emit_host_span: [STRACE] v=1 pid=1887827 tid=1887827 inv=3 hid=2e8e960a9b608ef3 depth=1 name=chip.run.validate ts=7252571316855998 dur=305251 
[mono_ns=7252571317164689][T0xfb768d5fb020][TIMING] emit_host_span: [STRACE] v=1 pid=1887766 tid=1887766 inv=3 hid=2e8e960a9b608ef3 depth=3 name=chip.run.runner_run.device_wall.post_orch ts=2203440 dur=8980 clk=dev
[mono_ns=7252571317178510][T0xfb753002cca0][TIMING] emit_host_span: [STRACE] v=1 pid=1883258 tid=1888752 inv=3 hid=50b590682672cac0 depth=0 name=node.complete ts=7252571317175099 dur=330 run_id=3 task_slot=5 group_index=0 worker_id=5 dispatch_id=3 endpoint_kind=local_mailbox prepare_only=0 role=worker outcome=0
[mono_ns=7252571317176049][T0xfb768d5fb020][TIMING] emit_host_span: [STRACE] v=1 pid=1887738 tid=1887738 inv=3 hid=2e8e960a9b608ef3 depth=3 name=chip.run.runner_run.device_wall.preamble ts=0 dur=5420 clk=dev
[mono_ns=7252571317168969][T0xfb768d5fb020][TIMING] emit_host_span: [STRACE] v=1 pid=1887766 tid=1887766 inv=3 hid=2e8e960a9b608ef3 depth=3 name=chip.run.runner_run.device_wall.orch ts=3440 dur=3580 clk=dev
[mono_ns=7252571317153809][T0xfb768d5fb020][TIMING] emit_host_span: [STRACE] v=1 pid=1887795 tid=1887795 inv=3 hid=2e8e960a9b608ef3 depth=1 name=chip.run.claim_release ts=7252571317151609 dur=440 
[mono_ns=7252571317179550][T0xfb768d5fb020][TIMING] emit_host_span: [STRACE] v=1 pid=1887738 tid=1887738 inv=3 hid=2e8e960a9b608ef3 depth=3 name=chip.run.runner_run.device_wall.graph_build ts=1140 dur=2821100 clk=dev
[mono_ns=7252571317163929][T0xfb768d5fb020][TIMING] emit_host_span: [STRACE] v=1 pid=1887782 tid=1887782 inv=3 hid=2e8e960a9b608ef3 depth=3 name=chip.run.runner_run.device_wall.arena_wire ts=2139 dur=399 clk=dev
[mono_ns=7252571317162459][T0xfb768d5fb020][TIMING] emit_host_span: [STRACE] v=1 pid=1887844 tid=1887844 inv=3 hid=2e8e960a9b608ef3 depth=3 name=chip.run.runner_run.device_wall.orch ts=3940 dur=3660 clk=dev
[mono_ns=7252571317176239][T0xfb768d5fb020][TIMING] emit_host_span: [STRACE] v=1 pid=1887827 tid=1887827 inv=3 hid=2e8e960a9b608ef3 depth=2 name=chip.run.runner_run.device_wall ts=0 dur=1227120 clk=dev
[mono_ns=7252571317190430][T0xfb753002cca0][TIMING] emit_host_span: [STRACE] v=1 pid=1883258 tid=1888752 inv=0 hid=0 depth=0 name=node.scheduler_loop ts=7252571317171629 dur=15561 role=scheduler drained=1 dispatched=0 drain_ns=13481 spins=10
[mono_ns=7252571317171849][T0xfb768d5fb020][TIMING] emit_host_span: [STRACE] v=1 pid=1887766 tid=1887766 inv=3 hid=2e8e960a9b608ef3 depth=3 name=chip.run.runner_run.device_wall.sched ts=5380 dur=2189440 clk=dev
[mono_ns=7252571317198550][T0xfb753002cca0][TIMING] emit_host_span: [STRACE] v=1 pid=1883258 tid=1888752 inv=3 hid=50b590682672cac0 depth=0 name=node.complete ts=7252571317195420 dur=310 run_id=3 task_slot=4 group_index=0 worker_id=4 dispatch_id=3 endpoint_kind=local_mailbox prepare_only=0 role=worker outcome=0
[mono_ns=7252571317166679][T0xfb768d5fb020][TIMING] emit_host_span: [STRACE] v=1 pid=1887844 tid=1887844 inv=3 hid=2e8e960a9b608ef3 depth=3 name=chip.run.runner_run.device_wall.sched ts=6939 dur=942180 clk=dev
[mono_ns=7252571317205580][T0xfb753002cca0][TIMING] emit_host_span: [STRACE] v=1 pid=1883258 tid=1888752 inv=3 hid=50b590682672cac0 depth=0 name=node.complete ts=7252571317202390 dur=400 run_id=3 task_slot=7 group_index=0 worker_id=7 dispatch_id=3 endpoint_kind=local_mailbox prepare_only=0 role=worker outcome=0
[mono_ns=7252571317159229][T0xfb768d5fb020][TIMING] emit_host_span: [STRACE] v=1 pid=1887795 tid=1887795 inv=3 hid=2e8e960a9b608ef3 depth=0 name=chip.run ts=7252571314461349 dur=2695730 run_id=3 dispatch_id=3 slot_id=0 generation=3 run_epoch=3
[mono_ns=7252571317183000][T0xfb768d5fb020][TIMING] emit_host_span: [STRACE] v=1 pid=1887738 tid=1887738 inv=3 hid=2e8e960a9b608ef3 depth=3 name=chip.run.runner_run.device_wall.config_validate ts=1460 dur=580 clk=dev
[mono_ns=7252571317170269][T0xfb768d5fb020][TIMING] emit_host_span: [STRACE] v=1 pid=1887844 tid=1887844 inv=3 hid=2e8e960a9b608ef3 depth=1 name=chip.run.claim_release ts=7252571317168289 dur=260 
[mono_ns=7252571317166969][T0xfb768d5fb020][TIMING] emit_host_span: [STRACE] v=1 pid=1887782 tid=1887782 inv=3 hid=2e8e960a9b608ef3 depth=3 name=chip.run.runner_run.device_wall.sm_reset ts=2600 dur=720 clk=dev
[mono_ns=7252571317186310][T0xfb768d5fb020][TIMING] emit_host_span: [STRACE] v=1 pid=1887738 tid=1887738 inv=3 hid=2e8e960a9b608ef3 depth=3 name=chip.run.runner_run.device_wall.arena_wire ts=2060 dur=899 clk=dev
[mono_ns=7252571317180640][T0xfb768d5fb020][TIMING] emit_host_span: [STRACE] v=1 pid=1887827 tid=1887827 inv=3 hid=2e8e960a9b608ef3 depth=3 name=chip.run.runner_run.device_wall.preamble ts=0 dur=5620 clk=dev
[mono_ns=7252571317175709][T0xfb768d5fb020][TIMING] emit_host_span: [STRACE] v=1 pid=1887766 tid=1887766 inv=3 hid=2e8e960a9b608ef3 depth=1 name=chip.run.claim_release ts=7252571317173649 dur=340 
[mono_ns=7252571317180840][T0xfb768d5fb020][TIMING] emit_host_span: [STRACE] v=1 pid=1887766 tid=1887766 inv=3 hid=2e8e960a9b608ef3 depth=0 name=chip.run ts=7252571313964008 dur=3214732 run_id=3 dispatch_id=3 slot_id=0 generation=3 run_epoch=3
[mono_ns=7252571317170769][T0xfb768d5fb020][TIMING] emit_host_span: [STRACE] v=1 pid=1887782 tid=1887782 inv=3 hid=2e8e960a9b608ef3 depth=3 name=chip.run.runner_run.device_wall.post_orch ts=1987060 dur=10820 clk=dev
[mono_ns=7252571317189230][T0xfb768d5fb020][TIMING] emit_host_span: [STRACE] v=1 pid=1887738 tid=1887738 inv=3 hid=2e8e960a9b608ef3 depth=3 name=chip.run.runner_run.device_wall.sm_reset ts=2980 dur=560 clk=dev
[mono_ns=7252571317175349][T0xfb768d5fb020][TIMING] emit_host_span: [STRACE] v=1 pid=1887844 tid=1887844 inv=3 hid=2e8e960a9b608ef3 depth=0 name=chip.run ts=7252571315245922 dur=1927467 run_id=3 dispatch_id=3 slot_id=0 generation=3 run_epoch=3
[mono_ns=7252571317185070][T0xfb768d5fb020][TIMING] emit_host_span: [STRACE] v=1 pid=1887827 tid=1887827 inv=3 hid=2e8e960a9b608ef3 depth=3 name=chip.run.runner_run.device_wall.graph_build ts=1880 dur=1215100 clk=dev
[mono_ns=7252571317173959][T0xfb768d5fb020][TIMING] emit_host_span: [STRACE] v=1 pid=1887782 tid=1887782 inv=3 hid=2e8e960a9b608ef3 depth=3 name=chip.run.runner_run.device_wall.orch ts=3380 dur=3880 clk=dev
[mono_ns=7252571317217230][T0xfb753002cca0][TIMING] emit_host_span: [STRACE] v=1 pid=1883258 tid=1888752 inv=0 hid=0 depth=0 name=node.scheduler_loop ts=7252571317192190 dur=21430 role=scheduler drained=2 dispatched=0 drain_ns=19370 spins=0
[mono_ns=7252571317188530][T0xfb768d5fb020][TIMING] emit_host_span: [STRACE] v=1 pid=1887827 tid=1887827 inv=3 hid=2e8e960a9b608ef3 depth=3 name=chip.run.runner_run.device_wall.config_validate ts=2000 dur=700 clk=dev
[mono_ns=7252571317192390][T0xfb768d5fb020][TIMING] emit_host_span: [STRACE] v=1 pid=1887738 tid=1887738 inv=3 hid=2e8e960a9b608ef3 depth=3 name=chip.run.runner_run.device_wall.post_orch ts=2822279 dur=10380 clk=dev
[mono_ns=7252571317177219][T0xfb768d5fb020][TIMING] emit_host_span: [STRACE] v=1 pid=1887782 tid=1887782 inv=3 hid=2e8e960a9b608ef3 depth=3 name=chip.run.runner_run.device_wall.sched ts=4819 dur=1974379 clk=dev
[mono_ns=7252571317227250][T0xfb753002cca0][TIMING] emit_host_span: [STRACE] v=1 pid=1883258 tid=1888752 inv=3 hid=50b590682672cac0 depth=0 name=node.complete ts=7252571317223920 dur=320 run_id=3 task_slot=2 group_index=0 worker_id=2 dispatch_id=3 endpoint_kind=local_mailbox prepare_only=0 role=worker outcome=0
[mono_ns=7252571317192220][T0xfb768d5fb020][TIMING] emit_host_span: [STRACE] v=1 pid=1887827 tid=1887827 inv=3 hid=2e8e960a9b608ef3 depth=3 name=chip.run.runner_run.device_wall.arena_wire ts=2740 dur=339 clk=dev
[mono_ns=7252571317195380][T0xfb768d5fb020][TIMING] emit_host_span: [STRACE] v=1 pid=1887738 tid=1887738 inv=3 hid=2e8e960a9b608ef3 depth=3 name=chip.run.runner_run.device_wall.orch ts=3599 dur=3740 clk=dev
[mono_ns=7252571317181340][T0xfb768d5fb020][TIMING] emit_host_span: [STRACE] v=1 pid=1887782 tid=1887782 inv=3 hid=2e8e960a9b608ef3 depth=1 name=chip.run.claim_release ts=7252571317179260 dur=330 
[mono_ns=7252571317233630][T0xfb753002cca0][TIMING] emit_host_span: [STRACE] v=1 pid=1883258 tid=1888752 inv=3 hid=50b590682672cac0 depth=0 name=node.complete ts=7252571317230510 dur=290 run_id=3 task_slot=3 group_index=0 worker_id=3 dispatch_id=3 endpoint_kind=local_mailbox prepare_only=0 role=worker outcome=0
[mono_ns=7252571317198390][T0xfb768d5fb020][TIMING] emit_host_span: [STRACE] v=1 pid=1887738 tid=1887738 inv=3 hid=2e8e960a9b608ef3 depth=3 name=chip.run.runner_run.device_wall.sched ts=5540 dur=2809120 clk=dev
[mono_ns=7252571317196230][T0xfb768d5fb020][TIMING] emit_host_span: [STRACE] v=1 pid=1887827 tid=1887827 inv=3 hid=2e8e960a9b608ef3 depth=3 name=chip.run.runner_run.device_wall.sm_reset ts=3100 dur=500 clk=dev
[mono_ns=7252571317185550][T0xfb768d5fb020][TIMING] emit_host_span: [STRACE] v=1 pid=1887782 tid=1887782 inv=3 hid=2e8e960a9b608ef3 depth=0 name=chip.run ts=7252571314244629 dur=2938841 run_id=3 dispatch_id=3 slot_id=0 generation=3 run_epoch=3
[mono_ns=7252571317199400][T0xfb768d5fb020][TIMING] emit_host_span: [STRACE] v=1 pid=1887827 tid=1887827 inv=3 hid=2e8e960a9b608ef3 depth=3 name=chip.run.runner_run.device_wall.post_orch ts=1217040 dur=9959 clk=dev
[mono_ns=7252571317202510][T0xfb768d5fb020][TIMING] emit_host_span: [STRACE] v=1 pid=1887738 tid=1887738 inv=3 hid=2e8e960a9b608ef3 depth=1 name=chip.run.claim_release ts=7252571317200280 dur=420 
[mono_ns=7252571317202490][T0xfb768d5fb020][TIMING] emit_host_span: [STRACE] v=1 pid=1887827 tid=1887827 inv=3 hid=2e8e960a9b608ef3 depth=3 name=chip.run.runner_run.device_wall.orch ts=3620 dur=3840 clk=dev
[mono_ns=7252571317207290][T0xfb768d5fb020][TIMING] emit_host_span: [STRACE] v=1 pid=1887738 tid=1887738 inv=3 hid=2e8e960a9b608ef3 depth=0 name=chip.run ts=7252571313488146 dur=3717154 run_id=3 dispatch_id=3 slot_id=0 generation=3 run_epoch=3
[mono_ns=7252571317207790][T0xfb768d5fb020][TIMING] emit_host_span: [STRACE] v=1 pid=1887827 tid=1887827 inv=3 hid=2e8e960a9b608ef3 depth=3 name=chip.run.runner_run.device_wall.sched ts=5740 dur=1204080 clk=dev
[mono_ns=7252571317211810][T0xfb768d5fb020][TIMING] emit_host_span: [STRACE] v=1 pid=1887827 tid=1887827 inv=3 hid=2e8e960a9b608ef3 depth=1 name=chip.run.claim_release ts=7252571317209820 dur=250 
[mono_ns=7252571317216130][T0xfb768d5fb020][TIMING] emit_host_span: [STRACE] v=1 pid=1887827 tid=1887827 inv=3 hid=2e8e960a9b608ef3 depth=0 name=chip.run ts=7252571314986901 dur=2227119 run_id=3 dispatch_id=3 slot_id=0 generation=3 run_epoch=3
[mono_ns=7252571317245510][T0xfb753002cca0][TIMING] emit_host_span: [STRACE] v=1 pid=1883258 tid=1888752 inv=0 hid=0 depth=0 name=node.scheduler_loop ts=7252571317221000 dur=21530 role=scheduler drained=2 dispatched=0 drain_ns=19240 spins=0
[mono_ns=7252571317254370][T0xfb753002cca0][TIMING] emit_host_span: [STRACE] v=1 pid=1883258 tid=1888752 inv=3 hid=50b590682672cac0 depth=0 name=node.complete ts=7252571317251120 dur=350 run_id=3 task_slot=0 group_index=0 worker_id=0 dispatch_id=3 endpoint_kind=local_mailbox prepare_only=0 role=worker outcome=0
[mono_ns=7252571317263710][T0xfb753002cca0][TIMING] emit_host_span: [STRACE] v=1 pid=1883258 tid=1888752 inv=3 hid=50b590682672cac0 depth=0 name=node.complete ts=7252571317260530 dur=300 run_id=3 task_slot=6 group_index=0 worker_id=6 dispatch_id=3 endpoint_kind=local_mailbox prepare_only=0 role=worker outcome=0
[mono_ns=7252571317275140][T0xfb753002cca0][TIMING] emit_host_span: [STRACE] v=1 pid=1883258 tid=1888752 inv=0 hid=0 depth=0 name=node.scheduler_loop ts=7252571317248820 dur=23280 role=scheduler drained=2 dispatched=0 drain_ns=23130 spins=0
[mono_ns=7252571317361050][T0xfb768d5fb020][TIMING] emit_host_span: [STRACE] v=1 pid=1883258 tid=1883258 inv=3 hid=0 depth=0 name=node.post_fence_retirement ts=7252571317269320 dur=86000 run_id=3 slot_id=0 generation=3 role=facade
[mono_ns=7252571317934082][T0xfb768d5fb020][TIMING] emit_host_span: [STRACE] v=1 pid=1883258 tid=1883258 inv=4 hid=50b590682672cac0 depth=0 name=node.submit ts=7252571317915672 dur=13360 run_id=4 task_slot=0 group_index=0 group_size=1 worker_id=0 role=facade
[mono_ns=7252571317944982][T0xfb753002cca0][TIMING] emit_host_span: [STRACE] v=1 pid=1883258 tid=1888752 inv=4 hid=50b590682672cac0 depth=0 name=node.frame_submit ts=7252571317940422 dur=1180 run_id=4 task_slot=0 group_index=0 worker_id=0 dispatch_id=4 endpoint_kind=local_mailbox prepare_only=0 role=worker
[mono_ns=7252571317952682][T0xfb753002cca0][TIMING] emit_host_span: [STRACE] v=1 pid=1883258 tid=1888752 inv=4 hid=50b590682672cac0 depth=0 name=node.dispatch ts=7252571317937272 dur=10960 run_id=4 task_slot=0 group_index=0 worker_id=0 dispatch_id=4 endpoint_kind=local_mailbox prepare_only=0 role=scheduler slot_id=0 generation=4
[mono_ns=7252571317960682][T0xfb753002cca0][TIMING] emit_host_span: [STRACE] v=1 pid=1883258 tid=1888752 inv=0 hid=0 depth=0 name=node.scheduler_loop ts=7252571317933512 dur=23980 role=scheduler drained=0 dispatched=1 drain_ns=1550 spins=1
[mono_ns=7252571318203013][T0xfb768d5fb020][TIMING] emit_host_span: [STRACE] v=1 pid=1883258 tid=1883258 inv=4 hid=50b590682672cac0 depth=0 name=node.submit ts=7252571318185393 dur=12950 run_id=4 task_slot=1 group_index=0 group_size=1 worker_id=1 role=facade
[mono_ns=7252571318214093][T0xfb753002cca0][TIMING] emit_host_span: [STRACE] v=1 pid=1883258 tid=1888752 inv=4 hid=50b590682672cac0 depth=0 name=node.frame_submit ts=7252571318209623 dur=1210 run_id=4 task_slot=1 group_index=0 worker_id=1 dispatch_id=4 endpoint_kind=local_mailbox prepare_only=0 role=worker
[mono_ns=7252571318220413][T0xfb753002cca0][TIMING] emit_host_span: [STRACE] v=1 pid=1883258 tid=1888752 inv=4 hid=50b590682672cac0 depth=0 name=node.dispatch ts=7252571318206853 dur=9060 run_id=4 task_slot=1 group_index=0 worker_id=1 dispatch_id=4 endpoint_kind=local_mailbox prepare_only=0 role=scheduler slot_id=0 generation=4
[mono_ns=7252571318228583][T0xfb753002cca0][TIMING] emit_host_span: [STRACE] v=1 pid=1883258 tid=1888752 inv=0 hid=0 depth=0 name=node.scheduler_loop ts=7252571318191593 dur=33710 role=scheduler drained=0 dispatched=1 drain_ns=1200 spins=64
[mono_ns=7252571318259304][T0xfb768d5fb020][TIMING] emit_host_span: [STRACE] v=1 pid=1887738 tid=1887738 inv=4 hid=2e8e960a9b608ef3 depth=2 name=chip.run.bind.args ts=7252571318095633 dur=158501 
[mono_ns=7252571318269344][T0xfb768d5fb020][TIMING] emit_host_span: [STRACE] v=1 pid=1887738 tid=1887738 inv=4 hid=2e8e960a9b608ef3 depth=2 name=chip.run.bind.prebuilt ts=7252571318265174 dur=1920 
[mono_ns=7252571318273054][T0xfb768d5fb020][TIMING] emit_host_span: [STRACE] v=1 pid=1887738 tid=1887738 inv=4 hid=2e8e960a9b608ef3 depth=1 name=chip.run.bind ts=7252571318088963 dur=182081 
[mono_ns=7252571318449044][T0xfb768d5fb020][TIMING] emit_host_span: [STRACE] v=1 pid=1883258 tid=1883258 inv=4 hid=50b590682672cac0 depth=0 name=node.submit ts=7252571318431664 dur=12720 run_id=4 task_slot=2 group_index=0 group_size=1 worker_id=2 role=facade
[mono_ns=7252571318460184][T0xfb753002cca0][TIMING] emit_host_span: [STRACE] v=1 pid=1883258 tid=1888752 inv=4 hid=50b590682672cac0 depth=0 name=node.frame_submit ts=7252571318454984 dur=2070 run_id=4 task_slot=2 group_index=0 worker_id=2 dispatch_id=4 endpoint_kind=local_mailbox prepare_only=0 role=worker
[mono_ns=7252571318466294][T0xfb753002cca0][TIMING] emit_host_span: [STRACE] v=1 pid=1883258 tid=1888752 inv=4 hid=50b590682672cac0 depth=0 name=node.dispatch ts=7252571318452274 dur=9810 run_id=4 task_slot=2 group_index=0 worker_id=2 dispatch_id=4 endpoint_kind=local_mailbox prepare_only=0 role=scheduler slot_id=0 generation=4
[mono_ns=7252571318474374][T0xfb753002cca0][TIMING] emit_host_span: [STRACE] v=1 pid=1883258 tid=1888752 inv=0 hid=0 depth=0 name=node.scheduler_loop ts=7252571318438544 dur=32170 role=scheduler drained=0 dispatched=1 drain_ns=1450 spins=57
[mono_ns=7252571318516704][T0xfb768d5fb020][TIMING] emit_host_span: [STRACE] v=1 pid=1887751 tid=1887751 inv=4 hid=2e8e960a9b608ef3 depth=2 name=chip.run.bind.args ts=7252571318357574 dur=154140 
[mono_ns=7252571318527315][T0xfb768d5fb020][TIMING] emit_host_span: [STRACE] v=1 pid=1887751 tid=1887751 inv=4 hid=2e8e960a9b608ef3 depth=2 name=chip.run.bind.prebuilt ts=7252571318523485 dur=1700 
[mono_ns=7252571318531575][T0xfb768d5fb020][TIMING] emit_host_span: [STRACE] v=1 pid=1887751 tid=1887751 inv=4 hid=2e8e960a9b608ef3 depth=1 name=chip.run.bind ts=7252571318351604 dur=178031 
[mono_ns=7252571318702155][T0xfb768d5fb020][TIMING] emit_host_span: [STRACE] v=1 pid=1883258 tid=1883258 inv=4 hid=50b590682672cac0 depth=0 name=node.submit ts=7252571318687015 dur=10520 run_id=4 task_slot=3 group_index=0 group_size=1 worker_id=3 role=facade
[mono_ns=7252571318704485][T0xfb753002cca0][TIMING] emit_host_span: [STRACE] v=1 pid=1883258 tid=1888752 inv=4 hid=50b590682672cac0 depth=0 name=node.frame_submit ts=7252571318700785 dur=750 run_id=4 task_slot=3 group_index=0 worker_id=3 dispatch_id=4 endpoint_kind=local_mailbox prepare_only=0 role=worker
[mono_ns=7252571318710975][T0xfb753002cca0][TIMING] emit_host_span: [STRACE] v=1 pid=1883258 tid=1888752 inv=4 hid=50b590682672cac0 depth=0 name=node.dispatch ts=7252571318698435 dur=8230 run_id=4 task_slot=3 group_index=0 worker_id=3 dispatch_id=4 endpoint_kind=local_mailbox prepare_only=0 role=scheduler slot_id=0 generation=4
[mono_ns=7252571318716525][T0xfb753002cca0][TIMING] emit_host_span: [STRACE] v=1 pid=1883258 tid=1888752 inv=0 hid=0 depth=0 name=node.scheduler_loop ts=7252571318693725 dur=19680 role=scheduler drained=0 dispatched=1 drain_ns=1520 spins=59
[mono_ns=7252571318836966][T0xfb768d5fb020][TIMING] emit_host_span: [STRACE] v=1 pid=1887766 tid=1887766 inv=4 hid=2e8e960a9b608ef3 depth=2 name=chip.run.bind.args ts=7252571318599485 dur=233011 
[mono_ns=7252571318850766][T0xfb768d5fb020][TIMING] emit_host_span: [STRACE] v=1 pid=1887766 tid=1887766 inv=4 hid=2e8e960a9b608ef3 depth=2 name=chip.run.bind.prebuilt ts=7252571318846646 dur=1920 
[mono_ns=7252571318880966][T0xfb768d5fb020][TIMING] emit_host_span: [STRACE] v=1 pid=1887766 tid=1887766 inv=4 hid=2e8e960a9b608ef3 depth=1 name=chip.run.bind ts=7252571318594015 dur=284271 
[mono_ns=7252571318951166][T0xfb768d5fb020][TIMING] emit_host_span: [STRACE] v=1 pid=1883258 tid=1883258 inv=4 hid=50b590682672cac0 depth=0 name=node.submit ts=7252571318935456 dur=10610 run_id=4 task_slot=4 group_index=0 group_size=1 worker_id=4 role=facade
[mono_ns=7252571318954546][T0xfb753002cca0][TIMING] emit_host_span: [STRACE] v=1 pid=1883258 tid=1888752 inv=4 hid=50b590682672cac0 depth=0 name=node.frame_submit ts=7252571318949776 dur=1840 run_id=4 task_slot=4 group_index=0 worker_id=4 dispatch_id=4 endpoint_kind=local_mailbox prepare_only=0 role=worker
[mono_ns=7252571318960806][T0xfb753002cca0][TIMING] emit_host_span: [STRACE] v=1 pid=1883258 tid=1888752 inv=4 hid=50b590682672cac0 depth=0 name=node.dispatch ts=7252571318947606 dur=9010 run_id=4 task_slot=4 group_index=0 worker_id=4 dispatch_id=4 endpoint_kind=local_mailbox prepare_only=0 role=scheduler slot_id=0 generation=4
[mono_ns=7252571318966366][T0xfb753002cca0][TIMING] emit_host_span: [STRACE] v=1 pid=1883258 tid=1888752 inv=0 hid=0 depth=0 name=node.scheduler_loop ts=7252571318944066 dur=19340 role=scheduler drained=0 dispatched=1 drain_ns=1370 spins=66
[mono_ns=7252571319064787][T0xfb768d5fb020][TIMING] emit_host_span: [STRACE] v=1 pid=1887782 tid=1887782 inv=4 hid=2e8e960a9b608ef3 depth=2 name=chip.run.bind.args ts=7252571318843886 dur=216170 
[mono_ns=7252571319075697][T0xfb768d5fb020][TIMING] emit_host_span: [STRACE] v=1 pid=1887782 tid=1887782 inv=4 hid=2e8e960a9b608ef3 depth=2 name=chip.run.bind.prebuilt ts=7252571319071317 dur=2050 
[mono_ns=7252571319079737][T0xfb768d5fb020][TIMING] emit_host_span: [STRACE] v=1 pid=1887782 tid=1887782 inv=4 hid=2e8e960a9b608ef3 depth=1 name=chip.run.bind ts=7252571318838106 dur=239561 
[mono_ns=7252571319206037][T0xfb768d5fb020][TIMING] emit_host_span: [STRACE] v=1 pid=1883258 tid=1883258 inv=4 hid=50b590682672cac0 depth=0 name=node.submit ts=7252571319190047 dur=11240 run_id=4 task_slot=5 group_index=0 group_size=1 worker_id=5 role=facade
[mono_ns=7252571319207777][T0xfb753002cca0][TIMING] emit_host_span: [STRACE] v=1 pid=1883258 tid=1888752 inv=4 hid=50b590682672cac0 depth=0 name=node.frame_submit ts=7252571319204017 dur=680 run_id=4 task_slot=5 group_index=0 worker_id=5 dispatch_id=4 endpoint_kind=local_mailbox prepare_only=0 role=worker
[mono_ns=7252571319215157][T0xfb753002cca0][TIMING] emit_host_span: [STRACE] v=1 pid=1883258 tid=1888752 inv=4 hid=50b590682672cac0 depth=0 name=node.dispatch ts=7252571319201637 dur=8800 run_id=4 task_slot=5 group_index=0 worker_id=5 dispatch_id=4 endpoint_kind=local_mailbox prepare_only=0 role=scheduler slot_id=0 generation=4
[mono_ns=7252571319220307][T0xfb753002cca0][TIMING] emit_host_span: [STRACE] v=1 pid=1883258 tid=1888752 inv=0 hid=0 depth=0 name=node.scheduler_loop ts=7252571319196667 dur=20650 role=scheduler drained=0 dispatched=1 drain_ns=1460 spins=64
[mono_ns=7252571319359338][T0xfb768d5fb020][TIMING] emit_host_span: [STRACE] v=1 pid=1887795 tid=1887795 inv=4 hid=2e8e960a9b608ef3 depth=2 name=chip.run.bind.args ts=7252571319104087 dur=250501 
[mono_ns=7252571319374228][T0xfb768d5fb020][TIMING] emit_host_span: [STRACE] v=1 pid=1887795 tid=1887795 inv=4 hid=2e8e960a9b608ef3 depth=2 name=chip.run.bind.prebuilt ts=7252571319369928 dur=2050 
[mono_ns=7252571319379158][T0xfb768d5fb020][TIMING] emit_host_span: [STRACE] v=1 pid=1887795 tid=1887795 inv=4 hid=2e8e960a9b608ef3 depth=1 name=chip.run.bind ts=7252571319098507 dur=278511 
[mono_ns=7252571319446668][T0xfb768d5fb020][TIMING] emit_host_span: [STRACE] v=1 pid=1883258 tid=1883258 inv=4 hid=50b590682672cac0 depth=0 name=node.submit ts=7252571319430108 dur=11270 run_id=4 task_slot=6 group_index=0 group_size=1 worker_id=6 role=facade
[mono_ns=7252571319449318][T0xfb753002cca0][TIMING] emit_host_span: [STRACE] v=1 pid=1883258 tid=1888752 inv=4 hid=50b590682672cac0 depth=0 name=node.frame_submit ts=7252571319444688 dur=1720 run_id=4 task_slot=6 group_index=0 worker_id=6 dispatch_id=4 endpoint_kind=local_mailbox prepare_only=0 role=worker
[mono_ns=7252571319455588][T0xfb753002cca0][TIMING] emit_host_span: [STRACE] v=1 pid=1883258 tid=1888752 inv=4 hid=50b590682672cac0 depth=0 name=node.dispatch ts=7252571319442528 dur=8880 run_id=4 task_slot=6 group_index=0 worker_id=6 dispatch_id=4 endpoint_kind=local_mailbox prepare_only=0 role=scheduler slot_id=0 generation=4
[mono_ns=7252571319460438][T0xfb753002cca0][TIMING] emit_host_span: [STRACE] v=1 pid=1883258 tid=1888752 inv=0 hid=0 depth=0 name=node.scheduler_loop ts=7252571319437478 dur=20110 role=scheduler drained=0 dispatched=1 drain_ns=1460 spins=63
[mono_ns=7252571319581708][T0xfb768d5fb020][TIMING] emit_host_span: [STRACE] v=1 pid=1887810 tid=1887810 inv=4 hid=2e8e960a9b608ef3 depth=2 name=chip.run.bind.args ts=7252571319342898 dur=233140 
[mono_ns=7252571319592038][T0xfb768d5fb020][TIMING] emit_host_span: [STRACE] v=1 pid=1887810 tid=1887810 inv=4 hid=2e8e960a9b608ef3 depth=2 name=chip.run.bind.prebuilt ts=7252571319587638 dur=1860 
[mono_ns=7252571319596248][T0xfb768d5fb020][TIMING] emit_host_span: [STRACE] v=1 pid=1887810 tid=1887810 inv=4 hid=2e8e960a9b608ef3 depth=1 name=chip.run.bind ts=7252571319337218 dur=256960 
[mono_ns=7252571319688859][T0xfb768d5fb020][TIMING] emit_host_span: [STRACE] v=1 pid=1883258 tid=1883258 inv=4 hid=50b590682672cac0 depth=0 name=node.submit ts=7252571319672909 dur=11160 run_id=4 task_slot=7 group_index=0 group_size=1 worker_id=7 role=facade
[mono_ns=7252571319691559][T0xfb753002cca0][TIMING] emit_host_span: [STRACE] v=1 pid=1883258 tid=1888752 inv=4 hid=50b590682672cac0 depth=0 name=node.frame_submit ts=7252571319686649 dur=1930 run_id=4 task_slot=7 group_index=0 worker_id=7 dispatch_id=4 endpoint_kind=local_mailbox prepare_only=0 role=worker
[mono_ns=7252571319697849][T0xfb753002cca0][TIMING] emit_host_span: [STRACE] v=1 pid=1883258 tid=1888752 inv=4 hid=50b590682672cac0 depth=0 name=node.dispatch ts=7252571319684309 dur=9420 run_id=4 task_slot=7 group_index=0 worker_id=7 dispatch_id=4 endpoint_kind=local_mailbox prepare_only=0 role=scheduler slot_id=0 generation=4
[mono_ns=7252571319702779][T0xfb753002cca0][TIMING] emit_host_span: [STRACE] v=1 pid=1883258 tid=1888752 inv=0 hid=0 depth=0 name=node.scheduler_loop ts=7252571319678869 dur=21010 role=scheduler drained=0 dispatched=1 drain_ns=1530 spins=62
[mono_ns=7252571319708759][T0xfb768d5fb020][TIMING] emit_host_span: [STRACE] v=1 pid=1883258 tid=1883258 inv=4 hid=0 depth=0 name=node.graph_build ts=7252571317636841 dur=2064348 run_id=4 role=facade
[mono_ns=7252571319817529][T0xfb768d5fb020][TIMING] emit_host_span: [STRACE] v=1 pid=1887827 tid=1887827 inv=4 hid=2e8e960a9b608ef3 depth=2 name=chip.run.bind.args ts=7252571319589788 dur=222201 
[mono_ns=7252571319831109][T0xfb768d5fb020][TIMING] emit_host_span: [STRACE] v=1 pid=1887827 tid=1887827 inv=4 hid=2e8e960a9b608ef3 depth=2 name=chip.run.bind.prebuilt ts=7252571319827019 dur=1910 
[mono_ns=7252571319835839][T0xfb768d5fb020][TIMING] emit_host_span: [STRACE] v=1 pid=1887827 tid=1887827 inv=4 hid=2e8e960a9b608ef3 depth=1 name=chip.run.bind ts=7252571319584938 dur=248711 
[mono_ns=7252571320072100][T0xfb768d5fb020][TIMING] emit_host_span: [STRACE] v=1 pid=1887844 tid=1887844 inv=4 hid=2e8e960a9b608ef3 depth=2 name=chip.run.bind.args ts=7252571319833849 dur=233451 
[mono_ns=7252571320087410][T0xfb768d5fb020][TIMING] emit_host_span: [STRACE] v=1 pid=1887844 tid=1887844 inv=4 hid=2e8e960a9b608ef3 depth=2 name=chip.run.bind.prebuilt ts=7252571320083470 dur=1620 
[mono_ns=7252571320119840][T0xfb768d5fb020][TIMING] emit_host_span: [STRACE] v=1 pid=1887844 tid=1887844 inv=4 hid=2e8e960a9b608ef3 depth=1 name=chip.run.bind ts=7252571319828159 dur=287801 
[mono_ns=7252571321413245][T0xfb768d5fb020][TIMING] emit_host_span: [STRACE] v=1 pid=1887782 tid=1887782 inv=4 hid=2e8e960a9b608ef3 depth=1 name=chip.run.runner_run ts=7252571319218107 dur=2189228 
[mono_ns=7252571321413365][T0xfb768d5fb020][TIMING] emit_host_span: [STRACE] v=1 pid=1887810 tid=1887810 inv=4 hid=2e8e960a9b608ef3 depth=1 name=chip.run.runner_run ts=7252571319733789 dur=1671986 
[mono_ns=7252571321411625][T0xfb768d5fb020][TIMING] emit_host_span: [STRACE] v=1 pid=1887751 tid=1887751 inv=4 hid=2e8e960a9b608ef3 depth=1 name=chip.run.runner_run ts=7252571318663365 dur=2742430 
[mono_ns=7252571321410205][T0xfb768d5fb020][TIMING] emit_host_span: [STRACE] v=1 pid=1887795 tid=1887795 inv=4 hid=2e8e960a9b608ef3 depth=1 name=chip.run.runner_run ts=7252571319512888 dur=1891477 
[mono_ns=7252571321420215][T0xfb768d5fb020][TIMING] emit_host_span: [STRACE] v=1 pid=1887738 tid=1887738 inv=4 hid=2e8e960a9b608ef3 depth=1 name=chip.run.runner_run ts=7252571318407484 dur=3006751 
[mono_ns=7252571321416765][T0xfb768d5fb020][TIMING] emit_host_span: [STRACE] v=1 pid=1887827 tid=1887827 inv=4 hid=2e8e960a9b608ef3 depth=1 name=chip.run.runner_run ts=7252571319974770 dur=1434855 
[mono_ns=7252571321417925][T0xfb768d5fb020][TIMING] emit_host_span: [STRACE] v=1 pid=1887766 tid=1887766 inv=4 hid=2e8e960a9b608ef3 depth=1 name=chip.run.runner_run ts=7252571319037676 dur=2375179 
[mono_ns=7252571321406205][T0xfb768d5fb020][TIMING] emit_host_span: [STRACE] v=1 pid=1887844 tid=1887844 inv=4 hid=2e8e960a9b608ef3 depth=1 name=chip.run.runner_run ts=7252571320267571 dur=1132664 
[mono_ns=7252571321598416][T0xfb768d5fb020][TIMING] emit_host_span: [STRACE] v=1 pid=1887751 tid=1887751 inv=4 hid=2e8e960a9b608ef3 depth=1 name=chip.run.validate ts=7252571321417745 dur=175891 
[mono_ns=7252571321601026][T0xfb768d5fb020][TIMING] emit_host_span: [STRACE] v=1 pid=1887782 tid=1887782 inv=4 hid=2e8e960a9b608ef3 depth=1 name=chip.run.validate ts=7252571321419365 dur=177541 
[mono_ns=7252571321606356][T0xfb768d5fb020][TIMING] emit_host_span: [STRACE] v=1 pid=1887751 tid=1887751 inv=4 hid=2e8e960a9b608ef3 depth=2 name=chip.run.runner_run.device_wall ts=0 dur=2538020 clk=dev
[mono_ns=7252571321607926][T0xfb768d5fb020][TIMING] emit_host_span: [STRACE] v=1 pid=1887782 tid=1887782 inv=4 hid=2e8e960a9b608ef3 depth=2 name=chip.run.runner_run.device_wall ts=0 dur=2010179 clk=dev
[mono_ns=7252571321610456][T0xfb768d5fb020][TIMING] emit_host_span: [STRACE] v=1 pid=1887751 tid=1887751 inv=4 hid=2e8e960a9b608ef3 depth=3 name=chip.run.runner_run.device_wall.preamble ts=0 dur=5420 clk=dev
[mono_ns=7252571321611626][T0xfb768d5fb020][TIMING] emit_host_span: [STRACE] v=1 pid=1887782 tid=1887782 inv=4 hid=2e8e960a9b608ef3 depth=3 name=chip.run.runner_run.device_wall.preamble ts=0 dur=6060 clk=dev
[mono_ns=7252571321613866][T0xfb768d5fb020][TIMING] emit_host_span: [STRACE] v=1 pid=1887751 tid=1887751 inv=4 hid=2e8e960a9b608ef3 depth=3 name=chip.run.runner_run.device_wall.graph_build ts=1680 dur=2525740 clk=dev
[mono_ns=7252571321615096][T0xfb768d5fb020][TIMING] emit_host_span: [STRACE] v=1 pid=1887782 tid=1887782 inv=4 hid=2e8e960a9b608ef3 depth=3 name=chip.run.runner_run.device_wall.graph_build ts=1140 dur=1998400 clk=dev
[mono_ns=7252571321617216][T0xfb768d5fb020][TIMING] emit_host_span: [STRACE] v=1 pid=1887751 tid=1887751 inv=4 hid=2e8e960a9b608ef3 depth=3 name=chip.run.runner_run.device_wall.config_validate ts=1980 dur=600 clk=dev
[mono_ns=7252571321618566][T0xfb768d5fb020][TIMING] emit_host_span: [STRACE] v=1 pid=1887782 tid=1887782 inv=4 hid=2e8e960a9b608ef3 depth=3 name=chip.run.runner_run.device_wall.config_validate ts=1240 dur=660 clk=dev
[mono_ns=7252571321620466][T0xfb768d5fb020][TIMING] emit_host_span: [STRACE] v=1 pid=1887751 tid=1887751 inv=4 hid=2e8e960a9b608ef3 depth=3 name=chip.run.runner_run.device_wall.arena_wire ts=2600 dur=240 clk=dev
[mono_ns=7252571321621756][T0xfb768d5fb020][TIMING] emit_host_span: [STRACE] v=1 pid=1887782 tid=1887782 inv=4 hid=2e8e960a9b608ef3 depth=3 name=chip.run.runner_run.device_wall.arena_wire ts=2060 dur=300 clk=dev
[mono_ns=7252571321624696][T0xfb768d5fb020][TIMING] emit_host_span: [STRACE] v=1 pid=1887751 tid=1887751 inv=4 hid=2e8e960a9b608ef3 depth=3 name=chip.run.runner_run.device_wall.sm_reset ts=2860 dur=520 clk=dev
[mono_ns=7252571321625796][T0xfb768d5fb020][TIMING] emit_host_span: [STRACE] v=1 pid=1887782 tid=1887782 inv=4 hid=2e8e960a9b608ef3 depth=3 name=chip.run.runner_run.device_wall.sm_reset ts=2400 dur=560 clk=dev
[mono_ns=7252571321628096][T0xfb768d5fb020][TIMING] emit_host_span: [STRACE] v=1 pid=1887751 tid=1887751 inv=4 hid=2e8e960a9b608ef3 depth=3 name=chip.run.runner_run.device_wall.post_orch ts=2527480 dur=10420 clk=dev
[mono_ns=7252571321628956][T0xfb768d5fb020][TIMING] emit_host_span: [STRACE] v=1 pid=1887782 tid=1887782 inv=4 hid=2e8e960a9b608ef3 depth=3 name=chip.run.runner_run.device_wall.post_orch ts=1999560 dur=10540 clk=dev
[mono_ns=7252571321631466][T0xfb768d5fb020][TIMING] emit_host_span: [STRACE] v=1 pid=1887751 tid=1887751 inv=4 hid=2e8e960a9b608ef3 depth=3 name=chip.run.runner_run.device_wall.orch ts=3420 dur=3559 clk=dev
[mono_ns=7252571321632216][T0xfb768d5fb020][TIMING] emit_host_span: [STRACE] v=1 pid=1887782 tid=1887782 inv=4 hid=2e8e960a9b608ef3 depth=3 name=chip.run.runner_run.device_wall.orch ts=3000 dur=3760 clk=dev
[mono_ns=7252571321634706][T0xfb768d5fb020][TIMING] emit_host_span: [STRACE] v=1 pid=1887751 tid=1887751 inv=4 hid=2e8e960a9b608ef3 depth=3 name=chip.run.runner_run.device_wall.sched ts=5480 dur=2514920 clk=dev
[mono_ns=7252571321635256][T0xfb768d5fb020][TIMING] emit_host_span: [STRACE] v=1 pid=1887782 tid=1887782 inv=4 hid=2e8e960a9b608ef3 depth=3 name=chip.run.runner_run.device_wall.sched ts=6120 dur=1985560 clk=dev
[mono_ns=7252571321639586][T0xfb768d5fb020][TIMING] emit_host_span: [STRACE] v=1 pid=1887751 tid=1887751 inv=4 hid=2e8e960a9b608ef3 depth=1 name=chip.run.claim_release ts=7252571321637596 dur=290 
[mono_ns=7252571321640416][T0xfb768d5fb020][TIMING] emit_host_span: [STRACE] v=1 pid=1887782 tid=1887782 inv=4 hid=2e8e960a9b608ef3 depth=1 name=chip.run.claim_release ts=7252571321638356 dur=290 
[mono_ns=7252571321645726][T0xfb768d5fb020][TIMING] emit_host_span: [STRACE] v=1 pid=1887751 tid=1887751 inv=4 hid=2e8e960a9b608ef3 depth=0 name=chip.run ts=7252571318337394 dur=3306302 run_id=4 dispatch_id=4 slot_id=0 generation=4 run_epoch=4
[mono_ns=7252571321644616][T0xfb768d5fb020][TIMING] emit_host_span: [STRACE] v=1 pid=1887782 tid=1887782 inv=4 hid=2e8e960a9b608ef3 depth=0 name=chip.run ts=7252571318823536 dur=2819150 run_id=4 dispatch_id=4 slot_id=0 generation=4 run_epoch=4
[mono_ns=7252571321649456][T0xfb768d5fb020][TIMING] emit_host_span: [STRACE] v=1 pid=1887810 tid=1887810 inv=4 hid=2e8e960a9b608ef3 depth=1 name=chip.run.validate ts=7252571321418955 dur=225811 
[mono_ns=7252571321656586][T0xfb768d5fb020][TIMING] emit_host_span: [STRACE] v=1 pid=1887810 tid=1887810 inv=4 hid=2e8e960a9b608ef3 depth=2 name=chip.run.runner_run.device_wall ts=0 dur=1502840 clk=dev
[mono_ns=7252571321660646][T0xfb768d5fb020][TIMING] emit_host_span: [STRACE] v=1 pid=1887810 tid=1887810 inv=4 hid=2e8e960a9b608ef3 depth=3 name=chip.run.runner_run.device_wall.preamble ts=0 dur=6020 clk=dev
[mono_ns=7252571321664036][T0xfb768d5fb020][TIMING] emit_host_span: [STRACE] v=1 pid=1887810 tid=1887810 inv=4 hid=2e8e960a9b608ef3 depth=3 name=chip.run.runner_run.device_wall.graph_build ts=1980 dur=1489800 clk=dev
[mono_ns=7252571321667306][T0xfb768d5fb020][TIMING] emit_host_span: [STRACE] v=1 pid=1887810 tid=1887810 inv=4 hid=2e8e960a9b608ef3 depth=3 name=chip.run.runner_run.device_wall.config_validate ts=2099 dur=880 clk=dev
[mono_ns=7252571321670386][T0xfb768d5fb020][TIMING] emit_host_span: [STRACE] v=1 pid=1887810 tid=1887810 inv=4 hid=2e8e960a9b608ef3 depth=3 name=chip.run.runner_run.device_wall.arena_wire ts=3020 dur=240 clk=dev
[mono_ns=7252571321654806][T0xfb768d5fb020][TIMING] emit_host_span: [STRACE] v=1 pid=1887795 tid=1887795 inv=4 hid=2e8e960a9b608ef3 depth=1 name=chip.run.validate ts=7252571321420365 dur=230621 
[mono_ns=7252571321673976][T0xfb768d5fb020][TIMING] emit_host_span: [STRACE] v=1 pid=1887810 tid=1887810 inv=4 hid=2e8e960a9b608ef3 depth=3 name=chip.run.runner_run.device_wall.sm_reset ts=3300 dur=620 clk=dev
[mono_ns=7252571321666346][T0xfb768d5fb020][TIMING] emit_host_span: [STRACE] v=1 pid=1887795 tid=1887795 inv=4 hid=2e8e960a9b608ef3 depth=2 name=chip.run.runner_run.device_wall ts=0 dur=1724939 clk=dev
[mono_ns=7252571321677726][T0xfb768d5fb020][TIMING] emit_host_span: [STRACE] v=1 pid=1887810 tid=1887810 inv=4 hid=2e8e960a9b608ef3 depth=3 name=chip.run.runner_run.device_wall.post_orch ts=1491820 dur=10400 clk=dev
[mono_ns=7252571321672676][T0xfb753002cca0][TIMING] emit_host_span: [STRACE] v=1 pid=1883258 tid=1888752 inv=4 hid=50b590682672cac0 depth=0 name=node.complete ts=7252571321669016 dur=400 run_id=4 task_slot=3 group_index=0 worker_id=3 dispatch_id=4 endpoint_kind=local_mailbox prepare_only=0 role=worker outcome=0
[mono_ns=7252571321670646][T0xfb768d5fb020][TIMING] emit_host_span: [STRACE] v=1 pid=1887795 tid=1887795 inv=4 hid=2e8e960a9b608ef3 depth=3 name=chip.run.runner_run.device_wall.preamble ts=0 dur=6360 clk=dev
[mono_ns=7252571321681216][T0xfb768d5fb020][TIMING] emit_host_span: [STRACE] v=1 pid=1887810 tid=1887810 inv=4 hid=2e8e960a9b608ef3 depth=3 name=chip.run.runner_run.device_wall.orch ts=3980 dur=3420 clk=dev
[mono_ns=7252571321675476][T0xfb768d5fb020][TIMING] emit_host_span: [STRACE] v=1 pid=1887795 tid=1887795 inv=4 hid=2e8e960a9b608ef3 depth=3 name=chip.run.runner_run.device_wall.graph_build ts=1340 dur=1713800 clk=dev
[mono_ns=7252571321671516][T0xfb768d5fb020][TIMING] emit_host_span: [STRACE] v=1 pid=1887766 tid=1887766 inv=4 hid=2e8e960a9b608ef3 depth=1 name=chip.run.validate ts=7252571321427635 dur=239931 
[mono_ns=7252571321684706][T0xfb768d5fb020][TIMING] emit_host_span: [STRACE] v=1 pid=1887810 tid=1887810 inv=4 hid=2e8e960a9b608ef3 depth=3 name=chip.run.runner_run.device_wall.sched ts=6100 dur=1478560 clk=dev
[mono_ns=7252571321685796][T0xfb753002cca0][TIMING] emit_host_span: [STRACE] v=1 pid=1883258 tid=1888752 inv=0 hid=0 depth=0 name=node.scheduler_loop ts=7252571321665676 dur=16720 role=scheduler drained=1 dispatched=0 drain_ns=14720 spins=572
[mono_ns=7252571321679006][T0xfb768d5fb020][TIMING] emit_host_span: [STRACE] v=1 pid=1887795 tid=1887795 inv=4 hid=2e8e960a9b608ef3 depth=3 name=chip.run.runner_run.device_wall.config_validate ts=1420 dur=700 clk=dev
[mono_ns=7252571321681446][T0xfb768d5fb020][TIMING] emit_host_span: [STRACE] v=1 pid=1887766 tid=1887766 inv=4 hid=2e8e960a9b608ef3 depth=2 name=chip.run.runner_run.device_wall ts=0 dur=2196180 clk=dev
[mono_ns=7252571321689576][T0xfb768d5fb020][TIMING] emit_host_span: [STRACE] v=1 pid=1887810 tid=1887810 inv=4 hid=2e8e960a9b608ef3 depth=1 name=chip.run.claim_release ts=7252571321687456 dur=330 
[mono_ns=7252571321695166][T0xfb753002cca0][TIMING] emit_host_span: [STRACE] v=1 pid=1883258 tid=1888752 inv=4 hid=50b590682672cac0 depth=0 name=node.complete ts=7252571321691806 dur=350 run_id=4 task_slot=1 group_index=0 worker_id=1 dispatch_id=4 endpoint_kind=local_mailbox prepare_only=0 role=worker outcome=0
[mono_ns=7252571321683716][T0xfb768d5fb020][TIMING] emit_host_span: [STRACE] v=1 pid=1887795 tid=1887795 inv=4 hid=2e8e960a9b608ef3 depth=3 name=chip.run.runner_run.device_wall.arena_wire ts=2160 dur=260 clk=dev
[mono_ns=7252571321693866][T0xfb768d5fb020][TIMING] emit_host_span: [STRACE] v=1 pid=1887810 tid=1887810 inv=4 hid=2e8e960a9b608ef3 depth=0 name=chip.run ts=7252571319322167 dur=2369639 run_id=4 dispatch_id=4 slot_id=0 generation=4 run_epoch=4
[mono_ns=7252571321685326][T0xfb768d5fb020][TIMING] emit_host_span: [STRACE] v=1 pid=1887766 tid=1887766 inv=4 hid=2e8e960a9b608ef3 depth=3 name=chip.run.runner_run.device_wall.preamble ts=0 dur=4760 clk=dev
[mono_ns=7252571321688316][T0xfb768d5fb020][TIMING] emit_host_span: [STRACE] v=1 pid=1887795 tid=1887795 inv=4 hid=2e8e960a9b608ef3 depth=3 name=chip.run.runner_run.device_wall.sm_reset ts=2440 dur=480 clk=dev
[mono_ns=7252571321689186][T0xfb768d5fb020][TIMING] emit_host_span: [STRACE] v=1 pid=1887766 tid=1887766 inv=4 hid=2e8e960a9b608ef3 depth=3 name=chip.run.runner_run.device_wall.graph_build ts=1060 dur=2186140 clk=dev
[mono_ns=7252571321691496][T0xfb768d5fb020][TIMING] emit_host_span: [STRACE] v=1 pid=1887795 tid=1887795 inv=4 hid=2e8e960a9b608ef3 depth=3 name=chip.run.runner_run.device_wall.post_orch ts=1715160 dur=9160 clk=dev
[mono_ns=7252571321692186][T0xfb768d5fb020][TIMING] emit_host_span: [STRACE] v=1 pid=1887766 tid=1887766 inv=4 hid=2e8e960a9b608ef3 depth=3 name=chip.run.runner_run.device_wall.config_validate ts=1160 dur=600 clk=dev
[mono_ns=7252571321696696][T0xfb768d5fb020][TIMING] emit_host_span: [STRACE] v=1 pid=1887795 tid=1887795 inv=4 hid=2e8e960a9b608ef3 depth=3 name=chip.run.runner_run.device_wall.orch ts=2960 dur=3340 clk=dev
[mono_ns=7252571321705266][T0xfb753002cca0][TIMING] emit_host_span: [STRACE] v=1 pid=1883258 tid=1888752 inv=0 hid=0 depth=0 name=node.scheduler_loop ts=7252571321689256 dur=13110 role=scheduler drained=1 dispatched=0 drain_ns=11020 spins=0
[mono_ns=7252571321701596][T0xfb768d5fb020][TIMING] emit_host_span: [STRACE] v=1 pid=1887795 tid=1887795 inv=4 hid=2e8e960a9b608ef3 depth=3 name=chip.run.runner_run.device_wall.sched ts=6399 dur=1701560 clk=dev
[mono_ns=7252571321706926][T0xfb768d5fb020][TIMING] emit_host_span: [STRACE] v=1 pid=1887795 tid=1887795 inv=4 hid=2e8e960a9b608ef3 depth=1 name=chip.run.claim_release ts=7252571321704886 dur=230 
[mono_ns=7252571321712746][T0xfb768d5fb020][TIMING] emit_host_span: [STRACE] v=1 pid=1887795 tid=1887795 inv=4 hid=2e8e960a9b608ef3 depth=0 name=chip.run ts=7252571319082267 dur=2628499 run_id=4 dispatch_id=4 slot_id=0 generation=4 run_epoch=4
[mono_ns=7252571321718576][T0xfb753002cca0][TIMING] emit_host_span: [STRACE] v=1 pid=1883258 tid=1888752 inv=4 hid=50b590682672cac0 depth=0 name=node.complete ts=7252571321715256 dur=320 run_id=4 task_slot=5 group_index=0 worker_id=5 dispatch_id=4 endpoint_kind=local_mailbox prepare_only=0 role=worker outcome=0
[mono_ns=7252571321696216][T0xfb768d5fb020][TIMING] emit_host_span: [STRACE] v=1 pid=1887766 tid=1887766 inv=4 hid=2e8e960a9b608ef3 depth=3 name=chip.run.runner_run.device_wall.arena_wire ts=1900 dur=280 clk=dev
[mono_ns=7252571321728976][T0xfb768d5fb020][TIMING] emit_host_span: [STRACE] v=1 pid=1887766 tid=1887766 inv=4 hid=2e8e960a9b608ef3 depth=3 name=chip.run.runner_run.device_wall.sm_reset ts=2219 dur=500 clk=dev
[mono_ns=7252571321729426][T0xfb753002cca0][TIMING] emit_host_span: [STRACE] v=1 pid=1883258 tid=1888752 inv=0 hid=0 depth=0 name=node.scheduler_loop ts=7252571321712286 dur=14150 role=scheduler drained=1 dispatched=0 drain_ns=12110 spins=1
[mono_ns=7252571321733796][T0xfb768d5fb020][TIMING] emit_host_span: [STRACE] v=1 pid=1887766 tid=1887766 inv=4 hid=2e8e960a9b608ef3 depth=3 name=chip.run.runner_run.device_wall.post_orch ts=2187240 dur=8840 clk=dev
[mono_ns=7252571321728116][T0xfb768d5fb020][TIMING] emit_host_span: [STRACE] v=1 pid=1887738 tid=1887738 inv=4 hid=2e8e960a9b608ef3 depth=1 name=chip.run.validate ts=7252571321425735 dur=297461 
[mono_ns=7252571321718806][T0xfb768d5fb020][TIMING] emit_host_span: [STRACE] v=1 pid=1887844 tid=1887844 inv=4 hid=2e8e960a9b608ef3 depth=1 name=chip.run.validate ts=7252571321425015 dur=289721 
[mono_ns=7252571321737766][T0xfb768d5fb020][TIMING] emit_host_span: [STRACE] v=1 pid=1887766 tid=1887766 inv=4 hid=2e8e960a9b608ef3 depth=3 name=chip.run.runner_run.device_wall.orch ts=2760 dur=3760 clk=dev
[mono_ns=7252571321736506][T0xfb768d5fb020][TIMING] emit_host_span: [STRACE] v=1 pid=1887738 tid=1887738 inv=4 hid=2e8e960a9b608ef3 depth=2 name=chip.run.runner_run.device_wall ts=0 dur=2790320 clk=dev
[mono_ns=7252571321738916][T0xfb753002cca0][TIMING] emit_host_span: [STRACE] v=1 pid=1883258 tid=1888752 inv=4 hid=50b590682672cac0 depth=0 name=node.complete ts=7252571321735696 dur=300 run_id=4 task_slot=4 group_index=0 worker_id=4 dispatch_id=4 endpoint_kind=local_mailbox prepare_only=0 role=worker outcome=0
[mono_ns=7252571321740696][T0xfb768d5fb020][TIMING] emit_host_span: [STRACE] v=1 pid=1887738 tid=1887738 inv=4 hid=2e8e960a9b608ef3 depth=3 name=chip.run.runner_run.device_wall.preamble ts=0 dur=4740 clk=dev
[mono_ns=7252571321741686][T0xfb768d5fb020][TIMING] emit_host_span: [STRACE] v=1 pid=1887766 tid=1887766 inv=4 hid=2e8e960a9b608ef3 depth=3 name=chip.run.runner_run.device_wall.sched ts=4819 dur=2174380 clk=dev
[mono_ns=7252571321731756][T0xfb768d5fb020][TIMING] emit_host_span: [STRACE] v=1 pid=1887827 tid=1887827 inv=4 hid=2e8e960a9b608ef3 depth=1 name=chip.run.validate ts=7252571321425415 dur=301711 
[mono_ns=7252571321729296][T0xfb768d5fb020][TIMING] emit_host_span: [STRACE] v=1 pid=1887844 tid=1887844 inv=4 hid=2e8e960a9b608ef3 depth=2 name=chip.run.runner_run.device_wall ts=0 dur=962600 clk=dev
[mono_ns=7252571321744356][T0xfb768d5fb020][TIMING] emit_host_span: [STRACE] v=1 pid=1887738 tid=1887738 inv=4 hid=2e8e960a9b608ef3 depth=3 name=chip.run.runner_run.device_wall.graph_build ts=1160 dur=2778180 clk=dev
[mono_ns=7252571321746496][T0xfb768d5fb020][TIMING] emit_host_span: [STRACE] v=1 pid=1887766 tid=1887766 inv=4 hid=2e8e960a9b608ef3 depth=1 name=chip.run.claim_release ts=7252571321744266 dur=390 
[mono_ns=7252571321741776][T0xfb768d5fb020][TIMING] emit_host_span: [STRACE] v=1 pid=1887827 tid=1887827 inv=4 hid=2e8e960a9b608ef3 depth=2 name=chip.run.runner_run.device_wall ts=0 dur=1249520 clk=dev
[mono_ns=7252571321733296][T0xfb768d5fb020][TIMING] emit_host_span: [STRACE] v=1 pid=1887844 tid=1887844 inv=4 hid=2e8e960a9b608ef3 depth=3 name=chip.run.runner_run.device_wall.preamble ts=0 dur=5779 clk=dev
[mono_ns=7252571321750377][T0xfb753002cca0][TIMING] emit_host_span: [STRACE] v=1 pid=1883258 tid=1888752 inv=0 hid=0 depth=0 name=node.scheduler_loop ts=7252571321732646 dur=14660 role=scheduler drained=1 dispatched=0 drain_ns=12570 spins=0
[mono_ns=7252571321747596][T0xfb768d5fb020][TIMING] emit_host_span: [STRACE] v=1 pid=1887738 tid=1887738 inv=4 hid=2e8e960a9b608ef3 depth=3 name=chip.run.runner_run.device_wall.config_validate ts=1240 dur=860 clk=dev
[mono_ns=7252571321751647][T0xfb768d5fb020][TIMING] emit_host_span: [STRACE] v=1 pid=1887766 tid=1887766 inv=4 hid=2e8e960a9b608ef3 depth=0 name=chip.run ts=7252571318577315 dur=3172422 run_id=4 dispatch_id=4 slot_id=0 generation=4 run_epoch=4
[mono_ns=7252571321746206][T0xfb768d5fb020][TIMING] emit_host_span: [STRACE] v=1 pid=1887827 tid=1887827 inv=4 hid=2e8e960a9b608ef3 depth=3 name=chip.run.runner_run.device_wall.preamble ts=0 dur=5820 clk=dev
[mono_ns=7252571321750747][T0xfb768d5fb020][TIMING] emit_host_span: [STRACE] v=1 pid=1887738 tid=1887738 inv=4 hid=2e8e960a9b608ef3 depth=3 name=chip.run.runner_run.device_wall.arena_wire ts=2139 dur=300 clk=dev
[mono_ns=7252571321737086][T0xfb768d5fb020][TIMING] emit_host_span: [STRACE] v=1 pid=1887844 tid=1887844 inv=4 hid=2e8e960a9b608ef3 depth=3 name=chip.run.runner_run.device_wall.graph_build ts=1579 dur=951220 clk=dev
[mono_ns=7252571321750307][T0xfb768d5fb020][TIMING] emit_host_span: [STRACE] v=1 pid=1887827 tid=1887827 inv=4 hid=2e8e960a9b608ef3 depth=3 name=chip.run.runner_run.device_wall.graph_build ts=1599 dur=1237820 clk=dev
[mono_ns=7252571321753967][T0xfb768d5fb020][TIMING] emit_host_span: [STRACE] v=1 pid=1887738 tid=1887738 inv=4 hid=2e8e960a9b608ef3 depth=3 name=chip.run.runner_run.device_wall.sm_reset ts=2460 dur=540 clk=dev
[mono_ns=7252571321754807][T0xfb768d5fb020][TIMING] emit_host_span: [STRACE] v=1 pid=1887827 tid=1887827 inv=4 hid=2e8e960a9b608ef3 depth=3 name=chip.run.runner_run.device_wall.config_validate ts=1720 dur=720 clk=dev
[mono_ns=7252571321742296][T0xfb768d5fb020][TIMING] emit_host_span: [STRACE] v=1 pid=1887844 tid=1887844 inv=4 hid=2e8e960a9b608ef3 depth=3 name=chip.run.runner_run.device_wall.config_validate ts=1880 dur=660 clk=dev
[mono_ns=7252571321757257][T0xfb768d5fb020][TIMING] emit_host_span: [STRACE] v=1 pid=1887738 tid=1887738 inv=4 hid=2e8e960a9b608ef3 depth=3 name=chip.run.runner_run.device_wall.post_orch ts=2779400 dur=10420 clk=dev
[mono_ns=7252571321758277][T0xfb768d5fb020][TIMING] emit_host_span: [STRACE] v=1 pid=1887827 tid=1887827 inv=4 hid=2e8e960a9b608ef3 depth=3 name=chip.run.runner_run.device_wall.arena_wire ts=2480 dur=260 clk=dev
[mono_ns=7252571321760327][T0xfb768d5fb020][TIMING] emit_host_span: [STRACE] v=1 pid=1887738 tid=1887738 inv=4 hid=2e8e960a9b608ef3 depth=3 name=chip.run.runner_run.device_wall.orch ts=3060 dur=3500 clk=dev
[mono_ns=7252571321745196][T0xfb768d5fb020][TIMING] emit_host_span: [STRACE] v=1 pid=1887844 tid=1887844 inv=4 hid=2e8e960a9b608ef3 depth=3 name=chip.run.runner_run.device_wall.arena_wire ts=2600 dur=240 clk=dev
[mono_ns=7252571321763297][T0xfb768d5fb020][TIMING] emit_host_span: [STRACE] v=1 pid=1887738 tid=1887738 inv=4 hid=2e8e960a9b608ef3 depth=3 name=chip.run.runner_run.device_wall.sched ts=4780 dur=2766940 clk=dev
[mono_ns=7252571321762167][T0xfb768d5fb020][TIMING] emit_host_span: [STRACE] v=1 pid=1887827 tid=1887827 inv=4 hid=2e8e960a9b608ef3 depth=3 name=chip.run.runner_run.device_wall.sm_reset ts=2760 dur=480 clk=dev
[mono_ns=7252571321771777][T0xfb768d5fb020][TIMING] emit_host_span: [STRACE] v=1 pid=1887844 tid=1887844 inv=4 hid=2e8e960a9b608ef3 depth=3 name=chip.run.runner_run.device_wall.sm_reset ts=2860 dur=560 clk=dev
[mono_ns=7252571321767937][T0xfb768d5fb020][TIMING] emit_host_span: [STRACE] v=1 pid=1887738 tid=1887738 inv=4 hid=2e8e960a9b608ef3 depth=1 name=chip.run.claim_release ts=7252571321765757 dur=350 
[mono_ns=7252571321766197][T0xfb768d5fb020][TIMING] emit_host_span: [STRACE] v=1 pid=1887827 tid=1887827 inv=4 hid=2e8e960a9b608ef3 depth=3 name=chip.run.runner_run.device_wall.post_orch ts=1239480 dur=9959 clk=dev
[mono_ns=7252571321772097][T0xfb768d5fb020][TIMING] emit_host_span: [STRACE] v=1 pid=1887738 tid=1887738 inv=4 hid=2e8e960a9b608ef3 depth=0 name=chip.run ts=7252571318074423 dur=3695744 run_id=4 dispatch_id=4 slot_id=0 generation=4 run_epoch=4
[mono_ns=7252571321770747][T0xfb768d5fb020][TIMING] emit_host_span: [STRACE] v=1 pid=1887827 tid=1887827 inv=4 hid=2e8e960a9b608ef3 depth=3 name=chip.run.runner_run.device_wall.orch ts=3260 dur=3639 clk=dev
[mono_ns=7252571321778167][T0xfb753002cca0][TIMING] emit_host_span: [STRACE] v=1 pid=1883258 tid=1888752 inv=4 hid=50b590682672cac0 depth=0 name=node.complete ts=7252571321774247 dur=420 run_id=4 task_slot=2 group_index=0 worker_id=2 dispatch_id=4 endpoint_kind=local_mailbox prepare_only=0 role=worker outcome=0
[mono_ns=7252571321775797][T0xfb768d5fb020][TIMING] emit_host_span: [STRACE] v=1 pid=1887844 tid=1887844 inv=4 hid=2e8e960a9b608ef3 depth=3 name=chip.run.runner_run.device_wall.post_orch ts=952840 dur=9639 clk=dev
[mono_ns=7252571321774567][T0xfb768d5fb020][TIMING] emit_host_span: [STRACE] v=1 pid=1887827 tid=1887827 inv=4 hid=2e8e960a9b608ef3 depth=3 name=chip.run.runner_run.device_wall.sched ts=5980 dur=1226380 clk=dev
[mono_ns=7252571321779767][T0xfb768d5fb020][TIMING] emit_host_span: [STRACE] v=1 pid=1887844 tid=1887844 inv=4 hid=2e8e960a9b608ef3 depth=3 name=chip.run.runner_run.device_wall.orch ts=3460 dur=3220 clk=dev
[mono_ns=7252571321779217][T0xfb768d5fb020][TIMING] emit_host_span: [STRACE] v=1 pid=1887827 tid=1887827 inv=4 hid=2e8e960a9b608ef3 depth=1 name=chip.run.claim_release ts=7252571321777297 dur=220 
[mono_ns=7252571321783787][T0xfb768d5fb020][TIMING] emit_host_span: [STRACE] v=1 pid=1887844 tid=1887844 inv=4 hid=2e8e960a9b608ef3 depth=3 name=chip.run.runner_run.device_wall.sched ts=5840 dur=939860 clk=dev
[mono_ns=7252571321784187][T0xfb768d5fb020][TIMING] emit_host_span: [STRACE] v=1 pid=1887827 tid=1887827 inv=4 hid=2e8e960a9b608ef3 depth=0 name=chip.run ts=7252571319568468 dur=2213769 run_id=4 dispatch_id=4 slot_id=0 generation=4 run_epoch=4
[mono_ns=7252571321787407][T0xfb768d5fb020][TIMING] emit_host_span: [STRACE] v=1 pid=1887844 tid=1887844 inv=4 hid=2e8e960a9b608ef3 depth=1 name=chip.run.claim_release ts=7252571321785407 dur=290 
[mono_ns=7252571321789617][T0xfb753002cca0][TIMING] emit_host_span: [STRACE] v=1 pid=1883258 tid=1888752 inv=0 hid=0 depth=0 name=node.scheduler_loop ts=7252571321771507 dur=15040 role=scheduler drained=1 dispatched=0 drain_ns=12860 spins=5
[mono_ns=7252571321792287][T0xfb768d5fb020][TIMING] emit_host_span: [STRACE] v=1 pid=1887844 tid=1887844 inv=4 hid=2e8e960a9b608ef3 depth=0 name=chip.run ts=7252571319811899 dur=1978348 run_id=4 dispatch_id=4 slot_id=0 generation=4 run_epoch=4
[mono_ns=7252571321802217][T0xfb753002cca0][TIMING] emit_host_span: [STRACE] v=1 pid=1883258 tid=1888752 inv=4 hid=50b590682672cac0 depth=0 name=node.complete ts=7252571321798757 dur=440 run_id=4 task_slot=0 group_index=0 worker_id=0 dispatch_id=4 endpoint_kind=local_mailbox prepare_only=0 role=worker outcome=0
[mono_ns=7252571321814217][T0xfb753002cca0][TIMING] emit_host_span: [STRACE] v=1 pid=1883258 tid=1888752 inv=0 hid=0 depth=0 name=node.scheduler_loop ts=7252571321796607 dur=14630 role=scheduler drained=1 dispatched=0 drain_ns=12400 spins=1
[mono_ns=7252571321824027][T0xfb753002cca0][TIMING] emit_host_span: [STRACE] v=1 pid=1883258 tid=1888752 inv=4 hid=50b590682672cac0 depth=0 name=node.complete ts=7252571321820827 dur=280 run_id=4 task_slot=6 group_index=0 worker_id=6 dispatch_id=4 endpoint_kind=local_mailbox prepare_only=0 role=worker outcome=0
[mono_ns=7252571321831867][T0xfb753002cca0][TIMING] emit_host_span: [STRACE] v=1 pid=1883258 tid=1888752 inv=4 hid=50b590682672cac0 depth=0 name=node.complete ts=7252571321828757 dur=270 run_id=4 task_slot=7 group_index=0 worker_id=7 dispatch_id=4 endpoint_kind=local_mailbox prepare_only=0 role=worker outcome=0
[mono_ns=7252571321844797][T0xfb753002cca0][TIMING] emit_host_span: [STRACE] v=1 pid=1883258 tid=1888752 inv=0 hid=0 depth=0 name=node.scheduler_loop ts=7252571321817617 dur=24140 role=scheduler drained=2 dispatched=0 drain_ns=23980 spins=0
[mono_ns=7252571321925027][T0xfb768d5fb020][TIMING] emit_host_span: [STRACE] v=1 pid=1883258 tid=1883258 inv=4 hid=0 depth=0 name=node.post_fence_retirement ts=7252571321839037 dur=81250 run_id=4 slot_id=0 generation=4 role=facade
[mono_ns=7252571322531779][T0xfb768d5fb020][TIMING] emit_host_span: [STRACE] v=1 pid=1883258 tid=1883258 inv=5 hid=50b590682672cac0 depth=0 name=node.submit ts=7252571322514299 dur=12390 run_id=5 task_slot=0 group_index=0 group_size=1 worker_id=0 role=facade
[mono_ns=7252571322542699][T0xfb753002cca0][TIMING] emit_host_span: [STRACE] v=1 pid=1883258 tid=1888752 inv=5 hid=50b590682672cac0 depth=0 name=node.frame_submit ts=7252571322537879 dur=900 run_id=5 task_slot=0 group_index=0 worker_id=0 dispatch_id=5 endpoint_kind=local_mailbox prepare_only=0 role=worker
[mono_ns=7252571322548659][T0xfb753002cca0][TIMING] emit_host_span: [STRACE] v=1 pid=1883258 tid=1888752 inv=5 hid=50b590682672cac0 depth=0 name=node.dispatch ts=7252571322534929 dur=9450 run_id=5 task_slot=0 group_index=0 worker_id=0 dispatch_id=5 endpoint_kind=local_mailbox prepare_only=0 role=scheduler slot_id=0 generation=5
[mono_ns=7252571322556810][T0xfb753002cca0][TIMING] emit_host_span: [STRACE] v=1 pid=1883258 tid=1888752 inv=0 hid=0 depth=0 name=node.scheduler_loop ts=7252571322531349 dur=22200 role=scheduler drained=0 dispatched=1 drain_ns=1300 spins=1
[mono_ns=7252571322778340][T0xfb768d5fb020][TIMING] emit_host_span: [STRACE] v=1 pid=1883258 tid=1883258 inv=5 hid=50b590682672cac0 depth=0 name=node.submit ts=7252571322760610 dur=12890 run_id=5 task_slot=1 group_index=0 group_size=1 worker_id=1 role=facade
[mono_ns=7252571322786150][T0xfb753002cca0][TIMING] emit_host_span: [STRACE] v=1 pid=1883258 tid=1888752 inv=5 hid=50b590682672cac0 depth=0 name=node.frame_submit ts=7252571322781900 dur=1120 run_id=5 task_slot=1 group_index=0 worker_id=1 dispatch_id=5 endpoint_kind=local_mailbox prepare_only=0 role=worker
[mono_ns=7252571322792040][T0xfb753002cca0][TIMING] emit_host_span: [STRACE] v=1 pid=1883258 tid=1888752 inv=5 hid=50b590682672cac0 depth=0 name=node.dispatch ts=7252571322779180 dur=8650 run_id=5 task_slot=1 group_index=0 worker_id=1 dispatch_id=5 endpoint_kind=local_mailbox prepare_only=0 role=scheduler slot_id=0 generation=5
[mono_ns=7252571322799940][T0xfb753002cca0][TIMING] emit_host_span: [STRACE] v=1 pid=1883258 tid=1888752 inv=0 hid=0 depth=0 name=node.scheduler_loop ts=7252571322766340 dur=30360 role=scheduler drained=0 dispatched=1 drain_ns=1210 spins=59
[mono_ns=7252571322834321][T0xfb768d5fb020][TIMING] emit_host_span: [STRACE] v=1 pid=1887738 tid=1887738 inv=5 hid=2e8e960a9b608ef3 depth=2 name=chip.run.bind.args ts=7252571322680680 dur=148841 
[mono_ns=7252571322844311][T0xfb768d5fb020][TIMING] emit_host_span: [STRACE] v=1 pid=1887738 tid=1887738 inv=5 hid=2e8e960a9b608ef3 depth=2 name=chip.run.bind.prebuilt ts=7252571322840201 dur=1800 
[mono_ns=7252571322848281][T0xfb768d5fb020][TIMING] emit_host_span: [STRACE] v=1 pid=1887738 tid=1887738 inv=5 hid=2e8e960a9b608ef3 depth=1 name=chip.run.bind ts=7252571322674140 dur=172041 
[mono_ns=7252571323031161][T0xfb768d5fb020][TIMING] emit_host_span: [STRACE] v=1 pid=1883258 tid=1883258 inv=5 hid=50b590682672cac0 depth=0 name=node.submit ts=7252571323014811 dur=11830 run_id=5 task_slot=2 group_index=0 group_size=1 worker_id=2 role=facade
[mono_ns=7252571323040081][T0xfb753002cca0][TIMING] emit_host_span: [STRACE] v=1 pid=1883258 tid=1888752 inv=5 hid=50b590682672cac0 depth=0 name=node.frame_submit ts=7252571323034721 dur=2180 run_id=5 task_slot=2 group_index=0 worker_id=2 dispatch_id=5 endpoint_kind=local_mailbox prepare_only=0 role=worker
[mono_ns=7252571323045941][T0xfb753002cca0][TIMING] emit_host_span: [STRACE] v=1 pid=1883258 tid=1888752 inv=5 hid=50b590682672cac0 depth=0 name=node.dispatch ts=7252571323031951 dur=9780 run_id=5 task_slot=2 group_index=0 worker_id=2 dispatch_id=5 endpoint_kind=local_mailbox prepare_only=0 role=scheduler slot_id=0 generation=5
[mono_ns=7252571323052001][T0xfb753002cca0][TIMING] emit_host_span: [STRACE] v=1 pid=1883258 tid=1888752 inv=0 hid=0 depth=0 name=node.scheduler_loop ts=7252571323021401 dur=26950 role=scheduler drained=0 dispatched=1 drain_ns=1320 spins=60
[mono_ns=7252571323085761][T0xfb768d5fb020][TIMING] emit_host_span: [STRACE] v=1 pid=1887751 tid=1887751 inv=5 hid=2e8e960a9b608ef3 depth=2 name=chip.run.bind.args ts=7252571322925821 dur=155000 
[mono_ns=7252571323097042][T0xfb768d5fb020][TIMING] emit_host_span: [STRACE] v=1 pid=1887751 tid=1887751 inv=5 hid=2e8e960a9b608ef3 depth=2 name=chip.run.bind.prebuilt ts=7252571323093051 dur=1711 
[mono_ns=7252571323100932][T0xfb768d5fb020][TIMING] emit_host_span: [STRACE] v=1 pid=1887751 tid=1887751 inv=5 hid=2e8e960a9b608ef3 depth=1 name=chip.run.bind ts=7252571322919931 dur=179001 
[mono_ns=7252571323269922][T0xfb768d5fb020][TIMING] emit_host_span: [STRACE] v=1 pid=1883258 tid=1883258 inv=5 hid=50b590682672cac0 depth=0 name=node.submit ts=7252571323256882 dur=8380 run_id=5 task_slot=3 group_index=0 group_size=1 worker_id=3 role=facade
[mono_ns=7252571323274952][T0xfb753002cca0][TIMING] emit_host_span: [STRACE] v=1 pid=1883258 tid=1888752 inv=5 hid=50b590682672cac0 depth=0 name=node.frame_submit ts=7252571323270972 dur=860 run_id=5 task_slot=3 group_index=0 worker_id=3 dispatch_id=5 endpoint_kind=local_mailbox prepare_only=0 role=worker
[mono_ns=7252571323281642][T0xfb753002cca0][TIMING] emit_host_span: [STRACE] v=1 pid=1883258 tid=1888752 inv=5 hid=50b590682672cac0 depth=0 name=node.dispatch ts=7252571323268552 dur=8610 run_id=5 task_slot=3 group_index=0 worker_id=3 dispatch_id=5 endpoint_kind=local_mailbox prepare_only=0 role=scheduler slot_id=0 generation=5
[mono_ns=7252571323287392][T0xfb753002cca0][TIMING] emit_host_span: [STRACE] v=1 pid=1883258 tid=1888752 inv=0 hid=0 depth=0 name=node.scheduler_loop ts=7252571323264902 dur=19280 role=scheduler drained=0 dispatched=1 drain_ns=1380 spins=59
[mono_ns=7252571323450873][T0xfb768d5fb020][TIMING] emit_host_span: [STRACE] v=1 pid=1887766 tid=1887766 inv=5 hid=2e8e960a9b608ef3 depth=2 name=chip.run.bind.args ts=7252571323178802 dur=267891 
[mono_ns=7252571323465083][T0xfb768d5fb020][TIMING] emit_host_span: [STRACE] v=1 pid=1887766 tid=1887766 inv=5 hid=2e8e960a9b608ef3 depth=2 name=chip.run.bind.prebuilt ts=7252571323460883 dur=1820 
[mono_ns=7252571323473633][T0xfb768d5fb020][TIMING] emit_host_span: [STRACE] v=1 pid=1887766 tid=1887766 inv=5 hid=2e8e960a9b608ef3 depth=1 name=chip.run.bind ts=7252571323173112 dur=298221 
[mono_ns=7252571323517413][T0xfb768d5fb020][TIMING] emit_host_span: [STRACE] v=1 pid=1883258 tid=1883258 inv=5 hid=50b590682672cac0 depth=0 name=node.submit ts=7252571323501103 dur=11480 run_id=5 task_slot=4 group_index=0 group_size=1 worker_id=4 role=facade
[mono_ns=7252571323520633][T0xfb753002cca0][TIMING] emit_host_span: [STRACE] v=1 pid=1883258 tid=1888752 inv=5 hid=50b590682672cac0 depth=0 name=node.frame_submit ts=7252571323515433 dur=1990 run_id=5 task_slot=4 group_index=0 worker_id=4 dispatch_id=5 endpoint_kind=local_mailbox prepare_only=0 role=worker
[mono_ns=7252571323527203][T0xfb753002cca0][TIMING] emit_host_span: [STRACE] v=1 pid=1883258 tid=1888752 inv=5 hid=50b590682672cac0 depth=0 name=node.dispatch ts=7252571323513243 dur=9570 run_id=5 task_slot=4 group_index=0 worker_id=4 dispatch_id=5 endpoint_kind=local_mailbox prepare_only=0 role=scheduler slot_id=0 generation=5
[mono_ns=7252571323532673][T0xfb753002cca0][TIMING] emit_host_span: [STRACE] v=1 pid=1883258 tid=1888752 inv=0 hid=0 depth=0 name=node.scheduler_loop ts=7252571323508483 dur=21090 role=scheduler drained=0 dispatched=1 drain_ns=1410 spins=63
[mono_ns=7252571323633324][T0xfb768d5fb020][TIMING] emit_host_span: [STRACE] v=1 pid=1887782 tid=1887782 inv=5 hid=2e8e960a9b608ef3 depth=2 name=chip.run.bind.args ts=7252571323414033 dur=214360 
[mono_ns=7252571323644484][T0xfb768d5fb020][TIMING] emit_host_span: [STRACE] v=1 pid=1887782 tid=1887782 inv=5 hid=2e8e960a9b608ef3 depth=2 name=chip.run.bind.prebuilt ts=7252571323640274 dur=1950 
[mono_ns=7252571323648504][T0xfb768d5fb020][TIMING] emit_host_span: [STRACE] v=1 pid=1887782 tid=1887782 inv=5 hid=2e8e960a9b608ef3 depth=1 name=chip.run.bind ts=7252571323408383 dur=238151 
[mono_ns=7252571323753154][T0xfb768d5fb020][TIMING] emit_host_span: [STRACE] v=1 pid=1883258 tid=1883258 inv=5 hid=50b590682672cac0 depth=0 name=node.submit ts=7252571323738674 dur=8980 run_id=5 task_slot=5 group_index=0 group_size=1 worker_id=5 role=facade
[mono_ns=7252571323755004][T0xfb753002cca0][TIMING] emit_host_span: [STRACE] v=1 pid=1883258 tid=1888752 inv=5 hid=50b590682672cac0 depth=0 name=node.frame_submit ts=7252571323751134 dur=820 run_id=5 task_slot=5 group_index=0 worker_id=5 dispatch_id=5 endpoint_kind=local_mailbox prepare_only=0 role=worker
[mono_ns=7252571323763604][T0xfb753002cca0][TIMING] emit_host_span: [STRACE] v=1 pid=1883258 tid=1888752 inv=5 hid=50b590682672cac0 depth=0 name=node.dispatch ts=7252571323748924 dur=10170 run_id=5 task_slot=5 group_index=0 worker_id=5 dispatch_id=5 endpoint_kind=local_mailbox prepare_only=0 role=scheduler slot_id=0 generation=5
[mono_ns=7252571323768744][T0xfb753002cca0][TIMING] emit_host_span: [STRACE] v=1 pid=1883258 tid=1888752 inv=0 hid=0 depth=0 name=node.scheduler_loop ts=7252571323744074 dur=21660 role=scheduler drained=0 dispatched=1 drain_ns=1460 spins=60
[mono_ns=7252571323923975][T0xfb768d5fb020][TIMING] emit_host_span: [STRACE] v=1 pid=1887795 tid=1887795 inv=5 hid=2e8e960a9b608ef3 depth=2 name=chip.run.bind.args ts=7252571323658824 dur=260501 
[mono_ns=7252571323939305][T0xfb768d5fb020][TIMING] emit_host_span: [STRACE] v=1 pid=1887795 tid=1887795 inv=5 hid=2e8e960a9b608ef3 depth=2 name=chip.run.bind.prebuilt ts=7252571323934995 dur=2000 
[mono_ns=7252571323944575][T0xfb768d5fb020][TIMING] emit_host_span: [STRACE] v=1 pid=1887795 tid=1887795 inv=5 hid=2e8e960a9b608ef3 depth=1 name=chip.run.bind ts=7252571323653214 dur=289091 
[mono_ns=7252571324023375][T0xfb768d5fb020][TIMING] emit_host_span: [STRACE] v=1 pid=1883258 tid=1883258 inv=5 hid=50b590682672cac0 depth=0 name=node.submit ts=7252571323996055 dur=22530 run_id=5 task_slot=6 group_index=0 group_size=1 worker_id=6 role=facade
[mono_ns=7252571324032555][T0xfb753002cca0][TIMING] emit_host_span: [STRACE] v=1 pid=1883258 tid=1888752 inv=5 hid=50b590682672cac0 depth=0 name=node.frame_submit ts=7252571324027435 dur=1860 run_id=5 task_slot=6 group_index=0 worker_id=6 dispatch_id=5 endpoint_kind=local_mailbox prepare_only=0 role=worker
[mono_ns=7252571324038565][T0xfb753002cca0][TIMING] emit_host_span: [STRACE] v=1 pid=1883258 tid=1888752 inv=5 hid=50b590682672cac0 depth=0 name=node.dispatch ts=7252571324024585 dur=9630 run_id=5 task_slot=6 group_index=0 worker_id=6 dispatch_id=5 endpoint_kind=local_mailbox prepare_only=0 role=scheduler slot_id=0 generation=5
[mono_ns=7252571324045775][T0xfb753002cca0][TIMING] emit_host_span: [STRACE] v=1 pid=1883258 tid=1888752 inv=0 hid=0 depth=0 name=node.scheduler_loop ts=7252571324013275 dur=29210 role=scheduler drained=0 dispatched=1 drain_ns=1510 spins=68
[mono_ns=7252571324122185][T0xfb768d5fb020][TIMING] emit_host_span: [STRACE] v=1 pid=1887810 tid=1887810 inv=5 hid=2e8e960a9b608ef3 depth=2 name=chip.run.bind.args ts=7252571323889274 dur=227161 
[mono_ns=7252571324131905][T0xfb768d5fb020][TIMING] emit_host_span: [STRACE] v=1 pid=1887810 tid=1887810 inv=5 hid=2e8e960a9b608ef3 depth=2 name=chip.run.bind.prebuilt ts=7252571324127875 dur=1700 
[mono_ns=7252571324135885][T0xfb768d5fb020][TIMING] emit_host_span: [STRACE] v=1 pid=1887810 tid=1887810 inv=5 hid=2e8e960a9b608ef3 depth=1 name=chip.run.bind ts=7252571323883474 dur=250321 
[mono_ns=7252571324268606][T0xfb768d5fb020][TIMING] emit_host_span: [STRACE] v=1 pid=1883258 tid=1883258 inv=5 hid=50b590682672cac0 depth=0 name=node.submit ts=7252571324253236 dur=9700 run_id=5 task_slot=7 group_index=0 group_size=1 worker_id=7 role=facade
[mono_ns=7252571324273496][T0xfb753002cca0][TIMING] emit_host_span: [STRACE] v=1 pid=1883258 tid=1888752 inv=5 hid=50b590682672cac0 depth=0 name=node.frame_submit ts=7252571324268276 dur=2130 run_id=5 task_slot=7 group_index=0 worker_id=7 dispatch_id=5 endpoint_kind=local_mailbox prepare_only=0 role=worker
[mono_ns=7252571324279936][T0xfb753002cca0][TIMING] emit_host_span: [STRACE] v=1 pid=1883258 tid=1888752 inv=5 hid=50b590682672cac0 depth=0 name=node.dispatch ts=7252571324266006 dur=9700 run_id=5 task_slot=7 group_index=0 worker_id=7 dispatch_id=5 endpoint_kind=local_mailbox prepare_only=0 role=scheduler slot_id=0 generation=5
[mono_ns=7252571324284766][T0xfb753002cca0][TIMING] emit_host_span: [STRACE] v=1 pid=1883258 tid=1888752 inv=0 hid=0 depth=0 name=node.scheduler_loop ts=7252571324261986 dur=19800 role=scheduler drained=0 dispatched=1 drain_ns=1570 spins=62
[mono_ns=7252571324289416][T0xfb768d5fb020][TIMING] emit_host_span: [STRACE] v=1 pid=1883258 tid=1883258 inv=5 hid=0 depth=0 name=node.graph_build ts=7252571322212638 dur=2069148 run_id=5 role=facade
[mono_ns=7252571324415566][T0xfb768d5fb020][TIMING] emit_host_span: [STRACE] v=1 pid=1887827 tid=1887827 inv=5 hid=2e8e960a9b608ef3 depth=2 name=chip.run.bind.args ts=7252571324174526 dur=235870 
[mono_ns=7252571324429496][T0xfb768d5fb020][TIMING] emit_host_span: [STRACE] v=1 pid=1887827 tid=1887827 inv=5 hid=2e8e960a9b608ef3 depth=2 name=chip.run.bind.prebuilt ts=7252571324425476 dur=1700 
[mono_ns=7252571324434696][T0xfb768d5fb020][TIMING] emit_host_span: [STRACE] v=1 pid=1887827 tid=1887827 inv=5 hid=2e8e960a9b608ef3 depth=1 name=chip.run.bind ts=7252571324169916 dur=262630 
[mono_ns=7252571324656417][T0xfb768d5fb020][TIMING] emit_host_span: [STRACE] v=1 pid=1887844 tid=1887844 inv=5 hid=2e8e960a9b608ef3 depth=2 name=chip.run.bind.args ts=7252571324416456 dur=235291 
[mono_ns=7252571324671707][T0xfb768d5fb020][TIMING] emit_host_span: [STRACE] v=1 pid=1887844 tid=1887844 inv=5 hid=2e8e960a9b608ef3 depth=2 name=chip.run.bind.prebuilt ts=7252571324666787 dur=1690 
[mono_ns=7252571324703467][T0xfb768d5fb020][TIMING] emit_host_span: [STRACE] v=1 pid=1887844 tid=1887844 inv=5 hid=2e8e960a9b608ef3 depth=1 name=chip.run.bind ts=7252571324411056 dur=289681 
[mono_ns=7252571325965902][T0xfb768d5fb020][TIMING] emit_host_span: [STRACE] v=1 pid=1887738 tid=1887738 inv=5 hid=2e8e960a9b608ef3 depth=1 name=chip.run.runner_run ts=7252571322983151 dur=2976641 
[mono_ns=7252571325968592][T0xfb768d5fb020][TIMING] emit_host_span: [STRACE] v=1 pid=1887810 tid=1887810 inv=5 hid=2e8e960a9b608ef3 depth=1 name=chip.run.runner_run ts=7252571324272896 dur=1689156 
[mono_ns=7252571325962192][T0xfb768d5fb020][TIMING] emit_host_span: [STRACE] v=1 pid=1887795 tid=1887795 inv=5 hid=2e8e960a9b608ef3 depth=1 name=chip.run.runner_run ts=7252571324089465 dur=1867777 
[mono_ns=7252571325965062][T0xfb768d5fb020][TIMING] emit_host_span: [STRACE] v=1 pid=1887766 tid=1887766 inv=5 hid=2e8e960a9b608ef3 depth=1 name=chip.run.runner_run ts=7252571323614213 dur=2345969 
[mono_ns=7252571325967582][T0xfb768d5fb020][TIMING] emit_host_span: [STRACE] v=1 pid=1887827 tid=1887827 inv=5 hid=2e8e960a9b608ef3 depth=1 name=chip.run.runner_run ts=7252571324575697 dur=1386125 
[mono_ns=7252571325974812][T0xfb768d5fb020][TIMING] emit_host_span: [STRACE] v=1 pid=1887782 tid=1887782 inv=5 hid=2e8e960a9b608ef3 depth=1 name=chip.run.runner_run ts=7252571323786904 dur=2181838 
[mono_ns=7252571325974052][T0xfb768d5fb020][TIMING] emit_host_span: [STRACE] v=1 pid=1887751 tid=1887751 inv=5 hid=2e8e960a9b608ef3 depth=1 name=chip.run.runner_run ts=7252571323237062 dur=2731160 
[mono_ns=7252571326024752][T0xfb768d5fb020][TIMING] emit_host_span: [STRACE] v=1 pid=1887844 tid=1887844 inv=5 hid=2e8e960a9b608ef3 depth=1 name=chip.run.runner_run ts=7252571324850468 dur=1168434 
[mono_ns=7252571326121043][T0xfb768d5fb020][TIMING] emit_host_span: [STRACE] v=1 pid=1887738 tid=1887738 inv=5 hid=2e8e960a9b608ef3 depth=1 name=chip.run.validate ts=7252571325971312 dur=145381 
[mono_ns=7252571326127403][T0xfb768d5fb020][TIMING] emit_host_span: [STRACE] v=1 pid=1887738 tid=1887738 inv=5 hid=2e8e960a9b608ef3 depth=2 name=chip.run.runner_run.device_wall ts=0 dur=2790580 clk=dev
[mono_ns=7252571326151043][T0xfb768d5fb020][TIMING] emit_host_span: [STRACE] v=1 pid=1887751 tid=1887751 inv=5 hid=2e8e960a9b608ef3 depth=1 name=chip.run.validate ts=7252571325980332 dur=165951 
[mono_ns=7252571326159093][T0xfb768d5fb020][TIMING] emit_host_span: [STRACE] v=1 pid=1887751 tid=1887751 inv=5 hid=2e8e960a9b608ef3 depth=2 name=chip.run.runner_run.device_wall ts=0 dur=2547760 clk=dev
[mono_ns=7252571326162723][T0xfb768d5fb020][TIMING] emit_host_span: [STRACE] v=1 pid=1887751 tid=1887751 inv=5 hid=2e8e960a9b608ef3 depth=3 name=chip.run.runner_run.device_wall.preamble ts=0 dur=5080 clk=dev
[mono_ns=7252571326167073][T0xfb768d5fb020][TIMING] emit_host_span: [STRACE] v=1 pid=1887751 tid=1887751 inv=5 hid=2e8e960a9b608ef3 depth=3 name=chip.run.runner_run.device_wall.graph_build ts=1320 dur=2536280 clk=dev
[mono_ns=7252571326172253][T0xfb768d5fb020][TIMING] emit_host_span: [STRACE] v=1 pid=1887751 tid=1887751 inv=5 hid=2e8e960a9b608ef3 depth=3 name=chip.run.runner_run.device_wall.config_validate ts=1619 dur=540 clk=dev
[mono_ns=7252571326176403][T0xfb768d5fb020][TIMING] emit_host_span: [STRACE] v=1 pid=1887751 tid=1887751 inv=5 hid=2e8e960a9b608ef3 depth=3 name=chip.run.runner_run.device_wall.arena_wire ts=2200 dur=260 clk=dev
[mono_ns=7252571326181463][T0xfb768d5fb020][TIMING] emit_host_span: [STRACE] v=1 pid=1887751 tid=1887751 inv=5 hid=2e8e960a9b608ef3 depth=3 name=chip.run.runner_run.device_wall.sm_reset ts=2480 dur=480 clk=dev
[mono_ns=7252571326185013][T0xfb768d5fb020][TIMING] emit_host_span: [STRACE] v=1 pid=1887751 tid=1887751 inv=5 hid=2e8e960a9b608ef3 depth=3 name=chip.run.runner_run.device_wall.post_orch ts=2537660 dur=10000 clk=dev
[mono_ns=7252571326188133][T0xfb768d5fb020][TIMING] emit_host_span: [STRACE] v=1 pid=1887751 tid=1887751 inv=5 hid=2e8e960a9b608ef3 depth=3 name=chip.run.runner_run.device_wall.orch ts=3000 dur=3480 clk=dev
[mono_ns=7252571326191283][T0xfb768d5fb020][TIMING] emit_host_span: [STRACE] v=1 pid=1887751 tid=1887751 inv=5 hid=2e8e960a9b608ef3 depth=3 name=chip.run.runner_run.device_wall.sched ts=5200 dur=2525420 clk=dev
[mono_ns=7252571326188703][T0xfb768d5fb020][TIMING] emit_host_span: [STRACE] v=1 pid=1887782 tid=1887782 inv=5 hid=2e8e960a9b608ef3 depth=1 name=chip.run.validate ts=7252571325980842 dur=203261 
[mono_ns=7252571326188573][T0xfb768d5fb020][TIMING] emit_host_span: [STRACE] v=1 pid=1887810 tid=1887810 inv=5 hid=2e8e960a9b608ef3 depth=1 name=chip.run.validate ts=7252571325974312 dur=209291 
[mono_ns=7252571326195223][T0xfb768d5fb020][TIMING] emit_host_span: [STRACE] v=1 pid=1887751 tid=1887751 inv=5 hid=2e8e960a9b608ef3 depth=1 name=chip.run.claim_release ts=7252571326193173 dur=280 
[mono_ns=7252571326195903][T0xfb768d5fb020][TIMING] emit_host_span: [STRACE] v=1 pid=1887782 tid=1887782 inv=5 hid=2e8e960a9b608ef3 depth=2 name=chip.run.runner_run.device_wall ts=0 dur=1999040 clk=dev
[mono_ns=7252571326195573][T0xfb768d5fb020][TIMING] emit_host_span: [STRACE] v=1 pid=1887810 tid=1887810 inv=5 hid=2e8e960a9b608ef3 depth=2 name=chip.run.runner_run.device_wall ts=0 dur=1518660 clk=dev
[mono_ns=7252571326201243][T0xfb768d5fb020][TIMING] emit_host_span: [STRACE] v=1 pid=1887751 tid=1887751 inv=5 hid=2e8e960a9b608ef3 depth=0 name=chip.run ts=7252571322905391 dur=3293822 run_id=5 dispatch_id=5 slot_id=0 generation=5 run_epoch=5
[mono_ns=7252571326200013][T0xfb768d5fb020][TIMING] emit_host_span: [STRACE] v=1 pid=1887782 tid=1887782 inv=5 hid=2e8e960a9b608ef3 depth=3 name=chip.run.runner_run.device_wall.preamble ts=0 dur=6240 clk=dev
[mono_ns=7252571326199683][T0xfb768d5fb020][TIMING] emit_host_span: [STRACE] v=1 pid=1887810 tid=1887810 inv=5 hid=2e8e960a9b608ef3 depth=3 name=chip.run.runner_run.device_wall.preamble ts=0 dur=4720 clk=dev
[mono_ns=7252571326203583][T0xfb768d5fb020][TIMING] emit_host_span: [STRACE] v=1 pid=1887782 tid=1887782 inv=5 hid=2e8e960a9b608ef3 depth=3 name=chip.run.runner_run.device_wall.graph_build ts=1480 dur=1986180 clk=dev
[mono_ns=7252571326202943][T0xfb768d5fb020][TIMING] emit_host_span: [STRACE] v=1 pid=1887810 tid=1887810 inv=5 hid=2e8e960a9b608ef3 depth=3 name=chip.run.runner_run.device_wall.graph_build ts=1180 dur=1507440 clk=dev
[mono_ns=7252571326206893][T0xfb768d5fb020][TIMING] emit_host_span: [STRACE] v=1 pid=1887782 tid=1887782 inv=5 hid=2e8e960a9b608ef3 depth=3 name=chip.run.runner_run.device_wall.config_validate ts=1579 dur=740 clk=dev
[mono_ns=7252571326206063][T0xfb768d5fb020][TIMING] emit_host_span: [STRACE] v=1 pid=1887810 tid=1887810 inv=5 hid=2e8e960a9b608ef3 depth=3 name=chip.run.runner_run.device_wall.config_validate ts=1280 dur=700 clk=dev
[mono_ns=7252571326211273][T0xfb768d5fb020][TIMING] emit_host_span: [STRACE] v=1 pid=1887782 tid=1887782 inv=5 hid=2e8e960a9b608ef3 depth=3 name=chip.run.runner_run.device_wall.arena_wire ts=2360 dur=300 clk=dev
[mono_ns=7252571326131433][T0xfb768d5fb020][TIMING] emit_host_span: [STRACE] v=1 pid=1887738 tid=1887738 inv=5 hid=2e8e960a9b608ef3 depth=3 name=chip.run.runner_run.device_wall.preamble ts=0 dur=4979 clk=dev
[mono_ns=7252571326209053][T0xfb768d5fb020][TIMING] emit_host_span: [STRACE] v=1 pid=1887810 tid=1887810 inv=5 hid=2e8e960a9b608ef3 depth=3 name=chip.run.runner_run.device_wall.arena_wire ts=2000 dur=440 clk=dev
[mono_ns=7252571326214773][T0xfb768d5fb020][TIMING] emit_host_span: [STRACE] v=1 pid=1887782 tid=1887782 inv=5 hid=2e8e960a9b608ef3 depth=3 name=chip.run.runner_run.device_wall.sm_reset ts=2680 dur=540 clk=dev
[mono_ns=7252571326213103][T0xfb768d5fb020][TIMING] emit_host_span: [STRACE] v=1 pid=1887738 tid=1887738 inv=5 hid=2e8e960a9b608ef3 depth=3 name=chip.run.runner_run.device_wall.graph_build ts=1180 dur=2778300 clk=dev
[mono_ns=7252571326213093][T0xfb768d5fb020][TIMING] emit_host_span: [STRACE] v=1 pid=1887810 tid=1887810 inv=5 hid=2e8e960a9b608ef3 depth=3 name=chip.run.runner_run.device_wall.sm_reset ts=2460 dur=520 clk=dev
[mono_ns=7252571326218003][T0xfb768d5fb020][TIMING] emit_host_span: [STRACE] v=1 pid=1887782 tid=1887782 inv=5 hid=2e8e960a9b608ef3 depth=3 name=chip.run.runner_run.device_wall.post_orch ts=1987699 dur=10720 clk=dev
[mono_ns=7252571326216853][T0xfb768d5fb020][TIMING] emit_host_span: [STRACE] v=1 pid=1887738 tid=1887738 inv=5 hid=2e8e960a9b608ef3 depth=3 name=chip.run.runner_run.device_wall.config_validate ts=1260 dur=720 clk=dev
[mono_ns=7252571326216123][T0xfb768d5fb020][TIMING] emit_host_span: [STRACE] v=1 pid=1887810 tid=1887810 inv=5 hid=2e8e960a9b608ef3 depth=3 name=chip.run.runner_run.device_wall.post_orch ts=1508639 dur=9900 clk=dev
[mono_ns=7252571326221113][T0xfb768d5fb020][TIMING] emit_host_span: [STRACE] v=1 pid=1887782 tid=1887782 inv=5 hid=2e8e960a9b608ef3 depth=3 name=chip.run.runner_run.device_wall.orch ts=3239 dur=3460 clk=dev
[mono_ns=7252571326220043][T0xfb768d5fb020][TIMING] emit_host_span: [STRACE] v=1 pid=1887738 tid=1887738 inv=5 hid=2e8e960a9b608ef3 depth=3 name=chip.run.runner_run.device_wall.arena_wire ts=2000 dur=320 clk=dev
[mono_ns=7252571326217373][T0xfb768d5fb020][TIMING] emit_host_span: [STRACE] v=1 pid=1887766 tid=1887766 inv=5 hid=2e8e960a9b608ef3 depth=1 name=chip.run.validate ts=7252571325974592 dur=238871 
[mono_ns=7252571326224223][T0xfb768d5fb020][TIMING] emit_host_span: [STRACE] v=1 pid=1887782 tid=1887782 inv=5 hid=2e8e960a9b608ef3 depth=3 name=chip.run.runner_run.device_wall.sched ts=6300 dur=1973959 clk=dev
[mono_ns=7252571326219093][T0xfb768d5fb020][TIMING] emit_host_span: [STRACE] v=1 pid=1887810 tid=1887810 inv=5 hid=2e8e960a9b608ef3 depth=3 name=chip.run.runner_run.device_wall.orch ts=3020 dur=3280 clk=dev
[mono_ns=7252571326223083][T0xfb768d5fb020][TIMING] emit_host_span: [STRACE] v=1 pid=1887738 tid=1887738 inv=5 hid=2e8e960a9b608ef3 depth=3 name=chip.run.runner_run.device_wall.sm_reset ts=2360 dur=620 clk=dev
[mono_ns=7252571326227783][T0xfb768d5fb020][TIMING] emit_host_span: [STRACE] v=1 pid=1887766 tid=1887766 inv=5 hid=2e8e960a9b608ef3 depth=2 name=chip.run.runner_run.device_wall ts=0 dur=2166299 clk=dev
[mono_ns=7252571326227953][T0xfb768d5fb020][TIMING] emit_host_span: [STRACE] v=1 pid=1887782 tid=1887782 inv=5 hid=2e8e960a9b608ef3 depth=1 name=chip.run.claim_release ts=7252571326225863 dur=300 
[mono_ns=7252571326222043][T0xfb768d5fb020][TIMING] emit_host_span: [STRACE] v=1 pid=1887810 tid=1887810 inv=5 hid=2e8e960a9b608ef3 depth=3 name=chip.run.runner_run.device_wall.sched ts=4740 dur=1497000 clk=dev
[mono_ns=7252571326231073][T0xfb753002cca0][TIMING] emit_host_span: [STRACE] v=1 pid=1883258 tid=1888752 inv=5 hid=50b590682672cac0 depth=0 name=node.complete ts=7252571326226853 dur=410 run_id=5 task_slot=1 group_index=0 worker_id=1 dispatch_id=5 endpoint_kind=local_mailbox prepare_only=0 role=worker outcome=0
[mono_ns=7252571326226113][T0xfb768d5fb020][TIMING] emit_host_span: [STRACE] v=1 pid=1887738 tid=1887738 inv=5 hid=2e8e960a9b608ef3 depth=3 name=chip.run.runner_run.device_wall.post_orch ts=2779540 dur=10480 clk=dev
[mono_ns=7252571326232343][T0xfb768d5fb020][TIMING] emit_host_span: [STRACE] v=1 pid=1887782 tid=1887782 inv=5 hid=2e8e960a9b608ef3 depth=0 name=chip.run ts=7252571323393623 dur=2836740 run_id=5 dispatch_id=5 slot_id=0 generation=5 run_epoch=5
[mono_ns=7252571326244703][T0xfb753002cca0][TIMING] emit_host_span: [STRACE] v=1 pid=1883258 tid=1888752 inv=0 hid=0 depth=0 name=node.scheduler_loop ts=7252571326223963 dur=17330 role=scheduler drained=1 dispatched=0 drain_ns=15320 spins=572
[mono_ns=7252571326232263][T0xfb768d5fb020][TIMING] emit_host_span: [STRACE] v=1 pid=1887766 tid=1887766 inv=5 hid=2e8e960a9b608ef3 depth=3 name=chip.run.runner_run.device_wall.preamble ts=0 dur=4680 clk=dev
[mono_ns=7252571326234173][T0xfb768d5fb020][TIMING] emit_host_span: [STRACE] v=1 pid=1887795 tid=1887795 inv=5 hid=2e8e960a9b608ef3 depth=1 name=chip.run.validate ts=7252571325971912 dur=258151 
[mono_ns=7252571326225723][T0xfb768d5fb020][TIMING] emit_host_span: [STRACE] v=1 pid=1887810 tid=1887810 inv=5 hid=2e8e960a9b608ef3 depth=1 name=chip.run.claim_release ts=7252571326223673 dur=260 
[mono_ns=7252571326229703][T0xfb768d5fb020][TIMING] emit_host_span: [STRACE] v=1 pid=1887738 tid=1887738 inv=5 hid=2e8e960a9b608ef3 depth=3 name=chip.run.runner_run.device_wall.orch ts=3020 dur=3320 clk=dev
[mono_ns=7252571326236923][T0xfb768d5fb020][TIMING] emit_host_span: [STRACE] v=1 pid=1887766 tid=1887766 inv=5 hid=2e8e960a9b608ef3 depth=3 name=chip.run.runner_run.device_wall.graph_build ts=1080 dur=2156140 clk=dev
[mono_ns=7252571326245543][T0xfb768d5fb020][TIMING] emit_host_span: [STRACE] v=1 pid=1887795 tid=1887795 inv=5 hid=2e8e960a9b608ef3 depth=2 name=chip.run.runner_run.device_wall ts=0 dur=1696320 clk=dev
[mono_ns=7252571326229843][T0xfb768d5fb020][TIMING] emit_host_span: [STRACE] v=1 pid=1887810 tid=1887810 inv=5 hid=2e8e960a9b608ef3 depth=0 name=chip.run ts=7252571323868854 dur=2358979 run_id=5 dispatch_id=5 slot_id=0 generation=5 run_epoch=5
[mono_ns=7252571326232743][T0xfb768d5fb020][TIMING] emit_host_span: [STRACE] v=1 pid=1887738 tid=1887738 inv=5 hid=2e8e960a9b608ef3 depth=3 name=chip.run.runner_run.device_wall.sched ts=5040 dur=2767140 clk=dev
[mono_ns=7252571326250233][T0xfb768d5fb020][TIMING] emit_host_span: [STRACE] v=1 pid=1887795 tid=1887795 inv=5 hid=2e8e960a9b608ef3 depth=3 name=chip.run.runner_run.device_wall.preamble ts=0 dur=5540 clk=dev
[mono_ns=7252571326236833][T0xfb768d5fb020][TIMING] emit_host_span: [STRACE] v=1 pid=1887738 tid=1887738 inv=5 hid=2e8e960a9b608ef3 depth=1 name=chip.run.claim_release ts=7252571326234623 dur=360 
[mono_ns=7252571326256083][T0xfb753002cca0][TIMING] emit_host_span: [STRACE] v=1 pid=1883258 tid=1888752 inv=5 hid=50b590682672cac0 depth=0 name=node.complete ts=7252571326252763 dur=280 run_id=5 task_slot=5 group_index=0 worker_id=5 dispatch_id=5 endpoint_kind=local_mailbox prepare_only=0 role=worker outcome=0
[mono_ns=7252571326254693][T0xfb768d5fb020][TIMING] emit_host_span: [STRACE] v=1 pid=1887795 tid=1887795 inv=5 hid=2e8e960a9b608ef3 depth=3 name=chip.run.runner_run.device_wall.graph_build ts=1160 dur=1685800 clk=dev
[mono_ns=7252571326241183][T0xfb768d5fb020][TIMING] emit_host_span: [STRACE] v=1 pid=1887738 tid=1887738 inv=5 hid=2e8e960a9b608ef3 depth=0 name=chip.run ts=7252571322658970 dur=3580213 run_id=5 dispatch_id=5 slot_id=0 generation=5 run_epoch=5
[mono_ns=7252571326259103][T0xfb768d5fb020][TIMING] emit_host_span: [STRACE] v=1 pid=1887795 tid=1887795 inv=5 hid=2e8e960a9b608ef3 depth=3 name=chip.run.runner_run.device_wall.config_validate ts=1240 dur=860 clk=dev
[mono_ns=7252571326263643][T0xfb768d5fb020][TIMING] emit_host_span: [STRACE] v=1 pid=1887795 tid=1887795 inv=5 hid=2e8e960a9b608ef3 depth=3 name=chip.run.runner_run.device_wall.arena_wire ts=2120 dur=260 clk=dev
[mono_ns=7252571326267283][T0xfb753002cca0][TIMING] emit_host_span: [STRACE] v=1 pid=1883258 tid=1888752 inv=0 hid=0 depth=0 name=node.scheduler_loop ts=7252571326249793 dur=14270 role=scheduler drained=1 dispatched=0 drain_ns=12260 spins=1
[mono_ns=7252571326241363][T0xfb768d5fb020][TIMING] emit_host_span: [STRACE] v=1 pid=1887766 tid=1887766 inv=5 hid=2e8e960a9b608ef3 depth=3 name=chip.run.runner_run.device_wall.config_validate ts=1200 dur=720 clk=dev
[mono_ns=7252571326276303][T0xfb753002cca0][TIMING] emit_host_span: [STRACE] v=1 pid=1883258 tid=1888752 inv=5 hid=50b590682672cac0 depth=0 name=node.complete ts=7252571326272863 dur=380 run_id=5 task_slot=0 group_index=0 worker_id=0 dispatch_id=5 endpoint_kind=local_mailbox prepare_only=0 role=worker outcome=0
[mono_ns=7252571326270613][T0xfb768d5fb020][TIMING] emit_host_span: [STRACE] v=1 pid=1887795 tid=1887795 inv=5 hid=2e8e960a9b608ef3 depth=3 name=chip.run.runner_run.device_wall.sm_reset ts=2420 dur=440 clk=dev
[mono_ns=7252571326266943][T0xfb768d5fb020][TIMING] emit_host_span: [STRACE] v=1 pid=1887844 tid=1887844 inv=5 hid=2e8e960a9b608ef3 depth=1 name=chip.run.validate ts=7252571326034132 dur=228771 
[mono_ns=7252571326274463][T0xfb768d5fb020][TIMING] emit_host_span: [STRACE] v=1 pid=1887766 tid=1887766 inv=5 hid=2e8e960a9b608ef3 depth=3 name=chip.run.runner_run.device_wall.arena_wire ts=2060 dur=260 clk=dev
[mono_ns=7252571326289813][T0xfb753002cca0][TIMING] emit_host_span: [STRACE] v=1 pid=1883258 tid=1888752 inv=5 hid=50b590682672cac0 depth=0 name=node.complete ts=7252571326286493 dur=270 run_id=5 task_slot=3 group_index=0 worker_id=3 dispatch_id=5 endpoint_kind=local_mailbox prepare_only=0 role=worker outcome=0
[mono_ns=7252571326278993][T0xfb768d5fb020][TIMING] emit_host_span: [STRACE] v=1 pid=1887795 tid=1887795 inv=5 hid=2e8e960a9b608ef3 depth=3 name=chip.run.runner_run.device_wall.post_orch ts=1687020 dur=9200 clk=dev
[mono_ns=7252571326277583][T0xfb768d5fb020][TIMING] emit_host_span: [STRACE] v=1 pid=1887844 tid=1887844 inv=5 hid=2e8e960a9b608ef3 depth=2 name=chip.run.runner_run.device_wall ts=0 dur=950520 clk=dev
[mono_ns=7252571326278293][T0xfb768d5fb020][TIMING] emit_host_span: [STRACE] v=1 pid=1887766 tid=1887766 inv=5 hid=2e8e960a9b608ef3 depth=3 name=chip.run.runner_run.device_wall.sm_reset ts=2360 dur=459 clk=dev
[mono_ns=7252571326282823][T0xfb768d5fb020][TIMING] emit_host_span: [STRACE] v=1 pid=1887795 tid=1887795 inv=5 hid=2e8e960a9b608ef3 depth=3 name=chip.run.runner_run.device_wall.orch ts=2900 dur=3380 clk=dev
[mono_ns=7252571326281293][T0xfb768d5fb020][TIMING] emit_host_span: [STRACE] v=1 pid=1887844 tid=1887844 inv=5 hid=2e8e960a9b608ef3 depth=3 name=chip.run.runner_run.device_wall.preamble ts=0 dur=6360 clk=dev
[mono_ns=7252571326282013][T0xfb768d5fb020][TIMING] emit_host_span: [STRACE] v=1 pid=1887766 tid=1887766 inv=5 hid=2e8e960a9b608ef3 depth=3 name=chip.run.runner_run.device_wall.post_orch ts=2157280 dur=8920 clk=dev
[mono_ns=7252571326286763][T0xfb768d5fb020][TIMING] emit_host_span: [STRACE] v=1 pid=1887795 tid=1887795 inv=5 hid=2e8e960a9b608ef3 depth=3 name=chip.run.runner_run.device_wall.sched ts=5620 dur=1673680 clk=dev
[mono_ns=7252571326285333][T0xfb768d5fb020][TIMING] emit_host_span: [STRACE] v=1 pid=1887766 tid=1887766 inv=5 hid=2e8e960a9b608ef3 depth=3 name=chip.run.runner_run.device_wall.orch ts=2860 dur=3740 clk=dev
[mono_ns=7252571326286193][T0xfb768d5fb020][TIMING] emit_host_span: [STRACE] v=1 pid=1887844 tid=1887844 inv=5 hid=2e8e960a9b608ef3 depth=3 name=chip.run.runner_run.device_wall.graph_build ts=1320 dur=938600 clk=dev
[mono_ns=7252571326288943][T0xfb768d5fb020][TIMING] emit_host_span: [STRACE] v=1 pid=1887827 tid=1887827 inv=5 hid=2e8e960a9b608ef3 depth=1 name=chip.run.validate ts=7252571325976582 dur=306871 
[mono_ns=7252571326290903][T0xfb768d5fb020][TIMING] emit_host_span: [STRACE] v=1 pid=1887795 tid=1887795 inv=5 hid=2e8e960a9b608ef3 depth=1 name=chip.run.claim_release ts=7252571326288873 dur=300 
[mono_ns=7252571326303333][T0xfb753002cca0][TIMING] emit_host_span: [STRACE] v=1 pid=1883258 tid=1888752 inv=0 hid=0 depth=0 name=node.scheduler_loop ts=7252571326270783 dur=29390 role=scheduler drained=2 dispatched=0 drain_ns=27180 spins=0
[mono_ns=7252571326288173][T0xfb768d5fb020][TIMING] emit_host_span: [STRACE] v=1 pid=1887766 tid=1887766 inv=5 hid=2e8e960a9b608ef3 depth=3 name=chip.run.runner_run.device_wall.sched ts=4760 dur=2144259 clk=dev
[mono_ns=7252571326299603][T0xfb768d5fb020][TIMING] emit_host_span: [STRACE] v=1 pid=1887827 tid=1887827 inv=5 hid=2e8e960a9b608ef3 depth=2 name=chip.run.runner_run.device_wall ts=0 dur=1212480 clk=dev
[mono_ns=7252571326295443][T0xfb768d5fb020][TIMING] emit_host_span: [STRACE] v=1 pid=1887795 tid=1887795 inv=5 hid=2e8e960a9b608ef3 depth=0 name=chip.run ts=7252571323637074 dur=2656129 run_id=5 dispatch_id=5 slot_id=0 generation=5 run_epoch=5
[mono_ns=7252571326292053][T0xfb768d5fb020][TIMING] emit_host_span: [STRACE] v=1 pid=1887766 tid=1887766 inv=5 hid=2e8e960a9b608ef3 depth=1 name=chip.run.claim_release ts=7252571326289933 dur=320 
[mono_ns=7252571326303843][T0xfb768d5fb020][TIMING] emit_host_span: [STRACE] v=1 pid=1887827 tid=1887827 inv=5 hid=2e8e960a9b608ef3 depth=3 name=chip.run.runner_run.device_wall.preamble ts=0 dur=6780 clk=dev
[mono_ns=7252571326307973][T0xfb768d5fb020][TIMING] emit_host_span: [STRACE] v=1 pid=1887827 tid=1887827 inv=5 hid=2e8e960a9b608ef3 depth=3 name=chip.run.runner_run.device_wall.graph_build ts=1599 dur=1200020 clk=dev
[mono_ns=7252571326297263][T0xfb768d5fb020][TIMING] emit_host_span: [STRACE] v=1 pid=1887766 tid=1887766 inv=5 hid=2e8e960a9b608ef3 depth=0 name=chip.run ts=7252571323155922 dur=3139391 run_id=5 dispatch_id=5 slot_id=0 generation=5 run_epoch=5
[mono_ns=7252571326311493][T0xfb768d5fb020][TIMING] emit_host_span: [STRACE] v=1 pid=1887827 tid=1887827 inv=5 hid=2e8e960a9b608ef3 depth=3 name=chip.run.runner_run.device_wall.config_validate ts=1700 dur=760 clk=dev
[mono_ns=7252571326316253][T0xfb768d5fb020][TIMING] emit_host_span: [STRACE] v=1 pid=1887827 tid=1887827 inv=5 hid=2e8e960a9b608ef3 depth=3 name=chip.run.runner_run.device_wall.arena_wire ts=2480 dur=260 clk=dev
[mono_ns=7252571326290183][T0xfb768d5fb020][TIMING] emit_host_span: [STRACE] v=1 pid=1887844 tid=1887844 inv=5 hid=2e8e960a9b608ef3 depth=3 name=chip.run.runner_run.device_wall.config_validate ts=1599 dur=540 clk=dev
[mono_ns=7252571326320394][T0xfb768d5fb020][TIMING] emit_host_span: [STRACE] v=1 pid=1887844 tid=1887844 inv=5 hid=2e8e960a9b608ef3 depth=3 name=chip.run.runner_run.device_wall.arena_wire ts=2160 dur=240 clk=dev
[mono_ns=7252571326321704][T0xfb768d5fb020][TIMING] emit_host_span: [STRACE] v=1 pid=1887827 tid=1887827 inv=5 hid=2e8e960a9b608ef3 depth=3 name=chip.run.runner_run.device_wall.sm_reset ts=2780 dur=480 clk=dev
[mono_ns=7252571326324504][T0xfb768d5fb020][TIMING] emit_host_span: [STRACE] v=1 pid=1887844 tid=1887844 inv=5 hid=2e8e960a9b608ef3 depth=3 name=chip.run.runner_run.device_wall.sm_reset ts=2440 dur=520 clk=dev
[mono_ns=7252571326324034][T0xfb753002cca0][TIMING] emit_host_span: [STRACE] v=1 pid=1883258 tid=1888752 inv=5 hid=50b590682672cac0 depth=0 name=node.complete ts=7252571326320614 dur=350 run_id=5 task_slot=2 group_index=0 worker_id=2 dispatch_id=5 endpoint_kind=local_mailbox prepare_only=0 role=worker outcome=0
[mono_ns=7252571326328924][T0xfb768d5fb020][TIMING] emit_host_span: [STRACE] v=1 pid=1887844 tid=1887844 inv=5 hid=2e8e960a9b608ef3 depth=3 name=chip.run.runner_run.device_wall.post_orch ts=939980 dur=10459 clk=dev
[mono_ns=7252571326328834][T0xfb768d5fb020][TIMING] emit_host_span: [STRACE] v=1 pid=1887827 tid=1887827 inv=5 hid=2e8e960a9b608ef3 depth=3 name=chip.run.runner_run.device_wall.post_orch ts=1201679 dur=10700 clk=dev
[mono_ns=7252571326333564][T0xfb753002cca0][TIMING] emit_host_span: [STRACE] v=1 pid=1883258 tid=1888752 inv=5 hid=50b590682672cac0 depth=0 name=node.complete ts=7252571326330384 dur=280 run_id=5 task_slot=4 group_index=0 worker_id=4 dispatch_id=5 endpoint_kind=local_mailbox prepare_only=0 role=worker outcome=0
[mono_ns=7252571326336454][T0xfb768d5fb020][TIMING] emit_host_span: [STRACE] v=1 pid=1887827 tid=1887827 inv=5 hid=2e8e960a9b608ef3 depth=3 name=chip.run.runner_run.device_wall.orch ts=3300 dur=3000 clk=dev
[mono_ns=7252571326340324][T0xfb768d5fb020][TIMING] emit_host_span: [STRACE] v=1 pid=1887827 tid=1887827 inv=5 hid=2e8e960a9b608ef3 depth=3 name=chip.run.runner_run.device_wall.sched ts=6840 dur=1187720 clk=dev
[mono_ns=7252571326334164][T0xfb768d5fb020][TIMING] emit_host_span: [STRACE] v=1 pid=1887844 tid=1887844 inv=5 hid=2e8e960a9b608ef3 depth=3 name=chip.run.runner_run.device_wall.orch ts=3000 dur=3360 clk=dev
[mono_ns=7252571326342534][T0xfb768d5fb020][TIMING] emit_host_span: [STRACE] v=1 pid=1887844 tid=1887844 inv=5 hid=2e8e960a9b608ef3 depth=3 name=chip.run.runner_run.device_wall.sched ts=6440 dur=926520 clk=dev
[mono_ns=7252571326345524][T0xfb768d5fb020][TIMING] emit_host_span: [STRACE] v=1 pid=1887827 tid=1887827 inv=5 hid=2e8e960a9b608ef3 depth=1 name=chip.run.claim_release ts=7252571326343514 dur=290 
[mono_ns=7252571326346784][T0xfb768d5fb020][TIMING] emit_host_span: [STRACE] v=1 pid=1887844 tid=1887844 inv=5 hid=2e8e960a9b608ef3 depth=1 name=chip.run.claim_release ts=7252571326344724 dur=270 
[mono_ns=7252571326346594][T0xfb753002cca0][TIMING] emit_host_span: [STRACE] v=1 pid=1883258 tid=1888752 inv=0 hid=0 depth=0 name=node.scheduler_loop ts=7252571326317803 dur=25741 role=scheduler drained=2 dispatched=0 drain_ns=23541 spins=3
[mono_ns=7252571326353004][T0xfb768d5fb020][TIMING] emit_host_span: [STRACE] v=1 pid=1887827 tid=1887827 inv=5 hid=2e8e960a9b608ef3 depth=0 name=chip.run ts=7252571324152655 dur=2198379 run_id=5 dispatch_id=5 slot_id=0 generation=5 run_epoch=5
[mono_ns=7252571326388534][T0xfb753002cca0][TIMING] emit_host_span: [STRACE] v=1 pid=1883258 tid=1888752 inv=5 hid=50b590682672cac0 depth=0 name=node.complete ts=7252571326385314 dur=280 run_id=5 task_slot=6 group_index=0 worker_id=6 dispatch_id=5 endpoint_kind=local_mailbox prepare_only=0 role=worker outcome=0
[mono_ns=7252571326397194][T0xfb753002cca0][TIMING] emit_host_span: [STRACE] v=1 pid=1883258 tid=1888752 inv=5 hid=50b590682672cac0 depth=0 name=node.complete ts=7252571326393984 dur=400 run_id=5 task_slot=7 group_index=0 worker_id=7 dispatch_id=5 endpoint_kind=local_mailbox prepare_only=0 role=worker outcome=0
[mono_ns=7252571326352144][T0xfb768d5fb020][TIMING] emit_host_span: [STRACE] v=1 pid=1887844 tid=1887844 inv=5 hid=2e8e960a9b608ef3 depth=0 name=chip.run ts=7252571324394316 dur=1955858 run_id=5 dispatch_id=5 slot_id=0 generation=5 run_epoch=5
[mono_ns=7252571326408624][T0xfb753002cca0][TIMING] emit_host_span: [STRACE] v=1 pid=1883258 tid=1888752 inv=0 hid=0 depth=0 name=node.scheduler_loop ts=7252571326382024 dur=23490 role=scheduler drained=2 dispatched=0 drain_ns=23350 spins=9
[mono_ns=7252571326482574][T0xfb768d5fb020][TIMING] emit_host_span: [STRACE] v=1 pid=1883258 tid=1883258 inv=5 hid=0 depth=0 name=node.post_fence_retirement ts=7252571326402814 dur=74640 run_id=5 slot_id=0 generation=5 role=facade
[mono_ns=7252571327070636][T0xfb768d5fb020][TIMING] emit_host_span: [STRACE] v=1 pid=1883258 tid=1883258 inv=6 hid=50b590682672cac0 depth=0 name=node.submit ts=7252571327053336 dur=12250 run_id=6 task_slot=0 group_index=0 group_size=1 worker_id=0 role=facade
[mono_ns=7252571327080936][T0xfb753002cca0][TIMING] emit_host_span: [STRACE] v=1 pid=1883258 tid=1888752 inv=6 hid=50b590682672cac0 depth=0 name=node.frame_submit ts=7252571327076536 dur=1070 run_id=6 task_slot=0 group_index=0 worker_id=0 dispatch_id=6 endpoint_kind=local_mailbox prepare_only=0 role=worker
[mono_ns=7252571327087246][T0xfb753002cca0][TIMING] emit_host_span: [STRACE] v=1 pid=1883258 tid=1888752 inv=6 hid=50b590682672cac0 depth=0 name=node.dispatch ts=7252571327073836 dur=9090 run_id=6 task_slot=0 group_index=0 worker_id=0 dispatch_id=6 endpoint_kind=local_mailbox prepare_only=0 role=scheduler slot_id=0 generation=6
[mono_ns=7252571327095966][T0xfb753002cca0][TIMING] emit_host_span: [STRACE] v=1 pid=1883258 tid=1888752 inv=0 hid=0 depth=0 name=node.scheduler_loop ts=7252571327070146 dur=21970 role=scheduler drained=0 dispatched=1 drain_ns=1440 spins=1
[mono_ns=7252571327322617][T0xfb768d5fb020][TIMING] emit_host_span: [STRACE] v=1 pid=1883258 tid=1883258 inv=6 hid=50b590682672cac0 depth=0 name=node.submit ts=7252571327307437 dur=9370 run_id=6 task_slot=1 group_index=0 group_size=1 worker_id=1 role=facade
[mono_ns=7252571327325547][T0xfb753002cca0][TIMING] emit_host_span: [STRACE] v=1 pid=1883258 tid=1888752 inv=6 hid=50b590682672cac0 depth=0 name=node.frame_submit ts=7252571327321317 dur=1180 run_id=6 task_slot=1 group_index=0 worker_id=1 dispatch_id=6 endpoint_kind=local_mailbox prepare_only=0 role=worker
[mono_ns=7252571327332307][T0xfb753002cca0][TIMING] emit_host_span: [STRACE] v=1 pid=1883258 tid=1888752 inv=6 hid=50b590682672cac0 depth=0 name=node.dispatch ts=7252571327318997 dur=9070 run_id=6 task_slot=1 group_index=0 worker_id=1 dispatch_id=6 endpoint_kind=local_mailbox prepare_only=0 role=scheduler slot_id=0 generation=6
[mono_ns=7252571327337917][T0xfb753002cca0][TIMING] emit_host_span: [STRACE] v=1 pid=1883258 tid=1888752 inv=0 hid=0 depth=0 name=node.scheduler_loop ts=7252571327315607 dur=19430 role=scheduler drained=0 dispatched=1 drain_ns=1440 spins=60
[mono_ns=7252571327363607][T0xfb768d5fb020][TIMING] emit_host_span: [STRACE] v=1 pid=1887738 tid=1887738 inv=6 hid=2e8e960a9b608ef3 depth=2 name=chip.run.bind.args ts=7252571327216837 dur=141620 
[mono_ns=7252571327373077][T0xfb768d5fb020][TIMING] emit_host_span: [STRACE] v=1 pid=1887738 tid=1887738 inv=6 hid=2e8e960a9b608ef3 depth=2 name=chip.run.bind.prebuilt ts=7252571327368987 dur=1880 
[mono_ns=7252571327376807][T0xfb768d5fb020][TIMING] emit_host_span: [STRACE] v=1 pid=1887738 tid=1887738 inv=6 hid=2e8e960a9b608ef3 depth=1 name=chip.run.bind ts=7252571327210857 dur=163970 
[mono_ns=7252571327557918][T0xfb768d5fb020][TIMING] emit_host_span: [STRACE] v=1 pid=1883258 tid=1883258 inv=6 hid=50b590682672cac0 depth=0 name=node.submit ts=7252571327542428 dur=10760 run_id=6 task_slot=2 group_index=0 group_size=1 worker_id=2 role=facade
[mono_ns=7252571327561248][T0xfb753002cca0][TIMING] emit_host_span: [STRACE] v=1 pid=1883258 tid=1888752 inv=6 hid=50b590682672cac0 depth=0 name=node.frame_submit ts=7252571327555958 dur=2230 run_id=6 task_slot=2 group_index=0 worker_id=2 dispatch_id=6 endpoint_kind=local_mailbox prepare_only=0 role=worker
[mono_ns=7252571327567548][T0xfb753002cca0][TIMING] emit_host_span: [STRACE] v=1 pid=1883258 tid=1888752 inv=6 hid=50b590682672cac0 depth=0 name=node.dispatch ts=7252571327553628 dur=9750 run_id=6 task_slot=2 group_index=0 worker_id=2 dispatch_id=6 endpoint_kind=local_mailbox prepare_only=0 role=scheduler slot_id=0 generation=6
[mono_ns=7252571327573048][T0xfb753002cca0][TIMING] emit_host_span: [STRACE] v=1 pid=1883258 tid=1888752 inv=0 hid=0 depth=0 name=node.scheduler_loop ts=7252571327549078 dur=21040 role=scheduler drained=0 dispatched=1 drain_ns=1300 spins=59
[mono_ns=7252571327633788][T0xfb768d5fb020][TIMING] emit_host_span: [STRACE] v=1 pid=1887751 tid=1887751 inv=6 hid=2e8e960a9b608ef3 depth=2 name=chip.run.bind.args ts=7252571327470418 dur=157920 
[mono_ns=7252571327646308][T0xfb768d5fb020][TIMING] emit_host_span: [STRACE] v=1 pid=1887751 tid=1887751 inv=6 hid=2e8e960a9b608ef3 depth=2 name=chip.run.bind.prebuilt ts=7252571327641928 dur=1880 
[mono_ns=7252571327650708][T0xfb768d5fb020][TIMING] emit_host_span: [STRACE] v=1 pid=1887751 tid=1887751 inv=6 hid=2e8e960a9b608ef3 depth=1 name=chip.run.bind ts=7252571327464428 dur=184080 
[mono_ns=7252571327794689][T0xfb768d5fb020][TIMING] emit_host_span: [STRACE] v=1 pid=1883258 tid=1883258 inv=6 hid=50b590682672cac0 depth=0 name=node.submit ts=7252571327779759 dur=10230 run_id=6 task_slot=3 group_index=0 group_size=1 worker_id=3 role=facade
[mono_ns=7252571327797649][T0xfb753002cca0][TIMING] emit_host_span: [STRACE] v=1 pid=1883258 tid=1888752 inv=6 hid=50b590682672cac0 depth=0 name=node.frame_submit ts=7252571327794059 dur=630 run_id=6 task_slot=3 group_index=0 worker_id=3 dispatch_id=6 endpoint_kind=local_mailbox prepare_only=0 role=worker
[mono_ns=7252571327804439][T0xfb753002cca0][TIMING] emit_host_span: [STRACE] v=1 pid=1883258 tid=1888752 inv=6 hid=50b590682672cac0 depth=0 name=node.dispatch ts=7252571327791779 dur=7910 run_id=6 task_slot=3 group_index=0 worker_id=3 dispatch_id=6 endpoint_kind=local_mailbox prepare_only=0 role=scheduler slot_id=0 generation=6
[mono_ns=7252571327810019][T0xfb753002cca0][TIMING] emit_host_span: [STRACE] v=1 pid=1883258 tid=1888752 inv=0 hid=0 depth=0 name=node.scheduler_loop ts=7252571327786219 dur=20900 role=scheduler drained=0 dispatched=1 drain_ns=1350 spins=60
[mono_ns=7252571327930439][T0xfb768d5fb020][TIMING] emit_host_span: [STRACE] v=1 pid=1887766 tid=1887766 inv=6 hid=2e8e960a9b608ef3 depth=2 name=chip.run.bind.args ts=7252571327699049 dur=226820 
[mono_ns=7252571327943830][T0xfb768d5fb020][TIMING] emit_host_span: [STRACE] v=1 pid=1887766 tid=1887766 inv=6 hid=2e8e960a9b608ef3 depth=2 name=chip.run.bind.prebuilt ts=7252571327939900 dur=1750 
[mono_ns=7252571327949750][T0xfb768d5fb020][TIMING] emit_host_span: [STRACE] v=1 pid=1887766 tid=1887766 inv=6 hid=2e8e960a9b608ef3 depth=1 name=chip.run.bind ts=7252571327693549 dur=254001 
[mono_ns=7252571328044520][T0xfb768d5fb020][TIMING] emit_host_span: [STRACE] v=1 pid=1883258 tid=1883258 inv=6 hid=50b590682672cac0 depth=0 name=node.submit ts=7252571328027410 dur=12430 run_id=6 task_slot=4 group_index=0 group_size=1 worker_id=4 role=facade
[mono_ns=7252571328056560][T0xfb753002cca0][TIMING] emit_host_span: [STRACE] v=1 pid=1883258 tid=1888752 inv=6 hid=50b590682672cac0 depth=0 name=node.frame_submit ts=7252571328051360 dur=1910 run_id=6 task_slot=4 group_index=0 worker_id=4 dispatch_id=6 endpoint_kind=local_mailbox prepare_only=0 role=worker
[mono_ns=7252571328062840][T0xfb753002cca0][TIMING] emit_host_span: [STRACE] v=1 pid=1883258 tid=1888752 inv=6 hid=50b590682672cac0 depth=0 name=node.dispatch ts=7252571328048680 dur=9870 run_id=6 task_slot=4 group_index=0 worker_id=4 dispatch_id=6 endpoint_kind=local_mailbox prepare_only=0 role=scheduler slot_id=0 generation=6
[mono_ns=7252571328070190][T0xfb753002cca0][TIMING] emit_host_span: [STRACE] v=1 pid=1883258 tid=1888752 inv=0 hid=0 depth=0 name=node.scheduler_loop ts=7252571328034220 dur=32750 role=scheduler drained=0 dispatched=1 drain_ns=1420 spins=62
[mono_ns=7252571328162270][T0xfb768d5fb020][TIMING] emit_host_span: [STRACE] v=1 pid=1887782 tid=1887782 inv=6 hid=2e8e960a9b608ef3 depth=2 name=chip.run.bind.args ts=7252571327938860 dur=218150 
[mono_ns=7252571328173210][T0xfb768d5fb020][TIMING] emit_host_span: [STRACE] v=1 pid=1887782 tid=1887782 inv=6 hid=2e8e960a9b608ef3 depth=2 name=chip.run.bind.prebuilt ts=7252571328168980 dur=2060 
[mono_ns=7252571328177950][T0xfb768d5fb020][TIMING] emit_host_span: [STRACE] v=1 pid=1887782 tid=1887782 inv=6 hid=2e8e960a9b608ef3 depth=1 name=chip.run.bind ts=7252571327933000 dur=242930 
[mono_ns=7252571328297891][T0xfb768d5fb020][TIMING] emit_host_span: [STRACE] v=1 pid=1883258 tid=1883258 inv=6 hid=50b590682672cac0 depth=0 name=node.submit ts=7252571328282681 dur=10730 run_id=6 task_slot=5 group_index=0 group_size=1 worker_id=5 role=facade
[mono_ns=7252571328300351][T0xfb753002cca0][TIMING] emit_host_span: [STRACE] v=1 pid=1883258 tid=1888752 inv=6 hid=50b590682672cac0 depth=0 name=node.frame_submit ts=7252571328296721 dur=700 run_id=6 task_slot=5 group_index=0 worker_id=5 dispatch_id=6 endpoint_kind=local_mailbox prepare_only=0 role=worker
[mono_ns=7252571328306651][T0xfb753002cca0][TIMING] emit_host_span: [STRACE] v=1 pid=1883258 tid=1888752 inv=6 hid=50b590682672cac0 depth=0 name=node.dispatch ts=7252571328294431 dur=8060 run_id=6 task_slot=5 group_index=0 worker_id=5 dispatch_id=6 endpoint_kind=local_mailbox prepare_only=0 role=scheduler slot_id=0 generation=6
[mono_ns=7252571328311601][T0xfb753002cca0][TIMING] emit_host_span: [STRACE] v=1 pid=1883258 tid=1888752 inv=0 hid=0 depth=0 name=node.scheduler_loop ts=7252571328289691 dur=19050 role=scheduler drained=0 dispatched=1 drain_ns=1430 spins=62
[mono_ns=7252571328438391][T0xfb768d5fb020][TIMING] emit_host_span: [STRACE] v=1 pid=1887795 tid=1887795 inv=6 hid=2e8e960a9b608ef3 depth=2 name=chip.run.bind.args ts=7252571328194230 dur=239751 
[mono_ns=7252571328452871][T0xfb768d5fb020][TIMING] emit_host_span: [STRACE] v=1 pid=1887795 tid=1887795 inv=6 hid=2e8e960a9b608ef3 depth=2 name=chip.run.bind.prebuilt ts=7252571328448511 dur=2080 
[mono_ns=7252571328458581][T0xfb768d5fb020][TIMING] emit_host_span: [STRACE] v=1 pid=1887795 tid=1887795 inv=6 hid=2e8e960a9b608ef3 depth=1 name=chip.run.bind ts=7252571328188510 dur=267061 
[mono_ns=7252571328542112][T0xfb768d5fb020][TIMING] emit_host_span: [STRACE] v=1 pid=1883258 tid=1883258 inv=6 hid=50b590682672cac0 depth=0 name=node.submit ts=7252571328525502 dur=11160 run_id=6 task_slot=6 group_index=0 group_size=1 worker_id=6 role=facade
[mono_ns=7252571328544112][T0xfb753002cca0][TIMING] emit_host_span: [STRACE] v=1 pid=1883258 tid=1888752 inv=6 hid=50b590682672cac0 depth=0 name=node.frame_submit ts=7252571328539322 dur=1900 run_id=6 task_slot=6 group_index=0 worker_id=6 dispatch_id=6 endpoint_kind=local_mailbox prepare_only=0 role=worker
[mono_ns=7252571328550782][T0xfb753002cca0][TIMING] emit_host_span: [STRACE] v=1 pid=1883258 tid=1888752 inv=6 hid=50b590682672cac0 depth=0 name=node.dispatch ts=7252571328537172 dur=9410 run_id=6 task_slot=6 group_index=0 worker_id=6 dispatch_id=6 endpoint_kind=local_mailbox prepare_only=0 role=scheduler slot_id=0 generation=6
[mono_ns=7252571328555632][T0xfb753002cca0][TIMING] emit_host_span: [STRACE] v=1 pid=1883258 tid=1888752 inv=0 hid=0 depth=0 name=node.scheduler_loop ts=7252571328531592 dur=21220 role=scheduler drained=0 dispatched=1 drain_ns=1470 spins=63
[mono_ns=7252571328648162][T0xfb768d5fb020][TIMING] emit_host_span: [STRACE] v=1 pid=1887810 tid=1887810 inv=6 hid=2e8e960a9b608ef3 depth=2 name=chip.run.bind.args ts=7252571328433651 dur=209241 
[mono_ns=7252571328658332][T0xfb768d5fb020][TIMING] emit_host_span: [STRACE] v=1 pid=1887810 tid=1887810 inv=6 hid=2e8e960a9b608ef3 depth=2 name=chip.run.bind.prebuilt ts=7252571328654222 dur=1860 
[mono_ns=7252571328663042][T0xfb768d5fb020][TIMING] emit_host_span: [STRACE] v=1 pid=1887810 tid=1887810 inv=6 hid=2e8e960a9b608ef3 depth=1 name=chip.run.bind ts=7252571328428051 dur=232051 
[mono_ns=7252571328782523][T0xfb768d5fb020][TIMING] emit_host_span: [STRACE] v=1 pid=1883258 tid=1883258 inv=6 hid=50b590682672cac0 depth=0 name=node.submit ts=7252571328767163 dur=10940 run_id=6 task_slot=7 group_index=0 group_size=1 worker_id=7 role=facade
[mono_ns=7252571328786273][T0xfb753002cca0][TIMING] emit_host_span: [STRACE] v=1 pid=1883258 tid=1888752 inv=6 hid=50b590682672cac0 depth=0 name=node.frame_submit ts=7252571328781403 dur=1970 run_id=6 task_slot=7 group_index=0 worker_id=7 dispatch_id=6 endpoint_kind=local_mailbox prepare_only=0 role=worker
[mono_ns=7252571328792533][T0xfb753002cca0][TIMING] emit_host_span: [STRACE] v=1 pid=1883258 tid=1888752 inv=6 hid=50b590682672cac0 depth=0 name=node.dispatch ts=7252571328779123 dur=9290 run_id=6 task_slot=7 group_index=0 worker_id=7 dispatch_id=6 endpoint_kind=local_mailbox prepare_only=0 role=scheduler slot_id=0 generation=6
[mono_ns=7252571328797173][T0xfb753002cca0][TIMING] emit_host_span: [STRACE] v=1 pid=1883258 tid=1888752 inv=0 hid=0 depth=0 name=node.scheduler_loop ts=7252571328774193 dur=20140 role=scheduler drained=0 dispatched=1 drain_ns=1520 spins=63
[mono_ns=7252571328801883][T0xfb768d5fb020][TIMING] emit_host_span: [STRACE] v=1 pid=1883258 tid=1883258 inv=6 hid=0 depth=0 name=node.graph_build ts=7252571326753035 dur=2041858 run_id=6 role=facade
[mono_ns=7252571328934183][T0xfb768d5fb020][TIMING] emit_host_span: [STRACE] v=1 pid=1887827 tid=1887827 inv=6 hid=2e8e960a9b608ef3 depth=2 name=chip.run.bind.args ts=7252571328686972 dur=242031 
[mono_ns=7252571328947553][T0xfb768d5fb020][TIMING] emit_host_span: [STRACE] v=1 pid=1887827 tid=1887827 inv=6 hid=2e8e960a9b608ef3 depth=2 name=chip.run.bind.prebuilt ts=7252571328943583 dur=1720 
[mono_ns=7252571328953293][T0xfb768d5fb020][TIMING] emit_host_span: [STRACE] v=1 pid=1887827 tid=1887827 inv=6 hid=2e8e960a9b608ef3 depth=1 name=chip.run.bind ts=7252571328681942 dur=268391 
[mono_ns=7252571329177314][T0xfb768d5fb020][TIMING] emit_host_span: [STRACE] v=1 pid=1887844 tid=1887844 inv=6 hid=2e8e960a9b608ef3 depth=2 name=chip.run.bind.args ts=7252571328929473 dur=243081 
[mono_ns=7252571329196254][T0xfb768d5fb020][TIMING] emit_host_span: [STRACE] v=1 pid=1887844 tid=1887844 inv=6 hid=2e8e960a9b608ef3 depth=2 name=chip.run.bind.prebuilt ts=7252571329192494 dur=1500 
[mono_ns=7252571329200824][T0xfb768d5fb020][TIMING] emit_host_span: [STRACE] v=1 pid=1887844 tid=1887844 inv=6 hid=2e8e960a9b608ef3 depth=1 name=chip.run.bind ts=7252571328924483 dur=274291 
[mono_ns=7252571330500539][T0xfb768d5fb020][TIMING] emit_host_span: [STRACE] v=1 pid=1887738 tid=1887738 inv=6 hid=2e8e960a9b608ef3 depth=1 name=chip.run.runner_run ts=7252571327509208 dur=2984431 
[mono_ns=7252571330502469][T0xfb768d5fb020][TIMING] emit_host_span: [STRACE] v=1 pid=1887810 tid=1887810 inv=6 hid=2e8e960a9b608ef3 depth=1 name=chip.run.runner_run ts=7252571328796333 dur=1700126 
[mono_ns=7252571330497209][T0xfb768d5fb020][TIMING] emit_host_span: [STRACE] v=1 pid=1887795 tid=1887795 inv=6 hid=2e8e960a9b608ef3 depth=1 name=chip.run.runner_run ts=7252571328595852 dur=1896457 
[mono_ns=7252571330503609][T0xfb768d5fb020][TIMING] emit_host_span: [STRACE] v=1 pid=1887766 tid=1887766 inv=6 hid=2e8e960a9b608ef3 depth=1 name=chip.run.runner_run ts=7252571328102080 dur=2396659 
[mono_ns=7252571330509109][T0xfb768d5fb020][TIMING] emit_host_span: [STRACE] v=1 pid=1887751 tid=1887751 inv=6 hid=2e8e960a9b608ef3 depth=1 name=chip.run.runner_run ts=7252571327783949 dur=2719420 
[mono_ns=7252571330504319][T0xfb768d5fb020][TIMING] emit_host_span: [STRACE] v=1 pid=1887844 tid=1887844 inv=6 hid=2e8e960a9b608ef3 depth=1 name=chip.run.runner_run ts=7252571329347605 dur=1150824 
[mono_ns=7252571330515969][T0xfb768d5fb020][TIMING] emit_host_span: [STRACE] v=1 pid=1887782 tid=1887782 inv=6 hid=2e8e960a9b608ef3 depth=1 name=chip.run.runner_run ts=7252571328315611 dur=2194588 
[mono_ns=7252571330515049][T0xfb768d5fb020][TIMING] emit_host_span: [STRACE] v=1 pid=1887827 tid=1887827 inv=6 hid=2e8e960a9b608ef3 depth=1 name=chip.run.runner_run ts=7252571329105154 dur=1403735 
[mono_ns=7252571330700960][T0xfb768d5fb020][TIMING] emit_host_span: [STRACE] v=1 pid=1887782 tid=1887782 inv=6 hid=2e8e960a9b608ef3 depth=1 name=chip.run.validate ts=7252571330521839 dur=174571 
[mono_ns=7252571330707970][T0xfb768d5fb020][TIMING] emit_host_span: [STRACE] v=1 pid=1887782 tid=1887782 inv=6 hid=2e8e960a9b608ef3 depth=2 name=chip.run.runner_run.device_wall ts=0 dur=2022899 clk=dev
[mono_ns=7252571330711640][T0xfb768d5fb020][TIMING] emit_host_span: [STRACE] v=1 pid=1887782 tid=1887782 inv=6 hid=2e8e960a9b608ef3 depth=3 name=chip.run.runner_run.device_wall.preamble ts=0 dur=4960 clk=dev
[mono_ns=7252571330714950][T0xfb768d5fb020][TIMING] emit_host_span: [STRACE] v=1 pid=1887782 tid=1887782 inv=6 hid=2e8e960a9b608ef3 depth=3 name=chip.run.runner_run.device_wall.graph_build ts=1320 dur=2010540 clk=dev
[mono_ns=7252571330711240][T0xfb768d5fb020][TIMING] emit_host_span: [STRACE] v=1 pid=1887810 tid=1887810 inv=6 hid=2e8e960a9b608ef3 depth=1 name=chip.run.validate ts=7252571330507939 dur=198551 
[mono_ns=7252571330717880][T0xfb768d5fb020][TIMING] emit_host_span: [STRACE] v=1 pid=1887810 tid=1887810 inv=6 hid=2e8e960a9b608ef3 depth=2 name=chip.run.runner_run.device_wall ts=0 dur=1535460 clk=dev
[mono_ns=7252571330721110][T0xfb768d5fb020][TIMING] emit_host_span: [STRACE] v=1 pid=1887810 tid=1887810 inv=6 hid=2e8e960a9b608ef3 depth=3 name=chip.run.runner_run.device_wall.preamble ts=0 dur=5380 clk=dev
[mono_ns=7252571330719350][T0xfb768d5fb020][TIMING] emit_host_span: [STRACE] v=1 pid=1887782 tid=1887782 inv=6 hid=2e8e960a9b608ef3 depth=3 name=chip.run.runner_run.device_wall.config_validate ts=1440 dur=679 clk=dev
[mono_ns=7252571330724380][T0xfb768d5fb020][TIMING] emit_host_span: [STRACE] v=1 pid=1887782 tid=1887782 inv=6 hid=2e8e960a9b608ef3 depth=3 name=chip.run.runner_run.device_wall.arena_wire ts=2139 dur=260 clk=dev
[mono_ns=7252571330728040][T0xfb768d5fb020][TIMING] emit_host_span: [STRACE] v=1 pid=1887782 tid=1887782 inv=6 hid=2e8e960a9b608ef3 depth=3 name=chip.run.runner_run.device_wall.sm_reset ts=2440 dur=480 clk=dev
[mono_ns=7252571330724910][T0xfb768d5fb020][TIMING] emit_host_span: [STRACE] v=1 pid=1887810 tid=1887810 inv=6 hid=2e8e960a9b608ef3 depth=3 name=chip.run.runner_run.device_wall.graph_build ts=1440 dur=1523700 clk=dev
[mono_ns=7252571330729990][T0xfb768d5fb020][TIMING] emit_host_span: [STRACE] v=1 pid=1887810 tid=1887810 inv=6 hid=2e8e960a9b608ef3 depth=3 name=chip.run.runner_run.device_wall.config_validate ts=1540 dur=679 clk=dev
[mono_ns=7252571330733560][T0xfb768d5fb020][TIMING] emit_host_span: [STRACE] v=1 pid=1887810 tid=1887810 inv=6 hid=2e8e960a9b608ef3 depth=3 name=chip.run.runner_run.device_wall.arena_wire ts=2240 dur=260 clk=dev
[mono_ns=7252571330731340][T0xfb768d5fb020][TIMING] emit_host_span: [STRACE] v=1 pid=1887782 tid=1887782 inv=6 hid=2e8e960a9b608ef3 depth=3 name=chip.run.runner_run.device_wall.post_orch ts=2011900 dur=10900 clk=dev
[mono_ns=7252571330737690][T0xfb768d5fb020][TIMING] emit_host_span: [STRACE] v=1 pid=1887810 tid=1887810 inv=6 hid=2e8e960a9b608ef3 depth=3 name=chip.run.runner_run.device_wall.sm_reset ts=2520 dur=500 clk=dev
[mono_ns=7252571330736100][T0xfb768d5fb020][TIMING] emit_host_span: [STRACE] v=1 pid=1887782 tid=1887782 inv=6 hid=2e8e960a9b608ef3 depth=3 name=chip.run.runner_run.device_wall.orch ts=2960 dur=3440 clk=dev
[mono_ns=7252571330739480][T0xfb768d5fb020][TIMING] emit_host_span: [STRACE] v=1 pid=1887782 tid=1887782 inv=6 hid=2e8e960a9b608ef3 depth=3 name=chip.run.runner_run.device_wall.sched ts=5040 dur=1998820 clk=dev
[mono_ns=7252571330727020][T0xfb768d5fb020][TIMING] emit_host_span: [STRACE] v=1 pid=1887844 tid=1887844 inv=6 hid=2e8e960a9b608ef3 depth=1 name=chip.run.validate ts=7252571330513409 dur=209171 
[mono_ns=7252571330741200][T0xfb768d5fb020][TIMING] emit_host_span: [STRACE] v=1 pid=1887810 tid=1887810 inv=6 hid=2e8e960a9b608ef3 depth=3 name=chip.run.runner_run.device_wall.post_orch ts=1525179 dur=10139 clk=dev
[mono_ns=7252571330738830][T0xfb768d5fb020][TIMING] emit_host_span: [STRACE] v=1 pid=1887844 tid=1887844 inv=6 hid=2e8e960a9b608ef3 depth=2 name=chip.run.runner_run.device_wall ts=0 dur=981420 clk=dev
[mono_ns=7252571330744680][T0xfb768d5fb020][TIMING] emit_host_span: [STRACE] v=1 pid=1887810 tid=1887810 inv=6 hid=2e8e960a9b608ef3 depth=3 name=chip.run.runner_run.device_wall.orch ts=3080 dur=3500 clk=dev
[mono_ns=7252571330743730][T0xfb768d5fb020][TIMING] emit_host_span: [STRACE] v=1 pid=1887782 tid=1887782 inv=6 hid=2e8e960a9b608ef3 depth=1 name=chip.run.claim_release ts=7252571330741560 dur=250 
[mono_ns=7252571330740630][T0xfb768d5fb020][TIMING] emit_host_span: [STRACE] v=1 pid=1887795 tid=1887795 inv=6 hid=2e8e960a9b608ef3 depth=1 name=chip.run.validate ts=7252571330508009 dur=228521 
[mono_ns=7252571330743010][T0xfb768d5fb020][TIMING] emit_host_span: [STRACE] v=1 pid=1887844 tid=1887844 inv=6 hid=2e8e960a9b608ef3 depth=3 name=chip.run.runner_run.device_wall.preamble ts=0 dur=5500 clk=dev
[mono_ns=7252571330748800][T0xfb768d5fb020][TIMING] emit_host_span: [STRACE] v=1 pid=1887810 tid=1887810 inv=6 hid=2e8e960a9b608ef3 depth=3 name=chip.run.runner_run.device_wall.sched ts=5420 dur=1512880 clk=dev
[mono_ns=7252571330749760][T0xfb768d5fb020][TIMING] emit_host_span: [STRACE] v=1 pid=1887782 tid=1887782 inv=6 hid=2e8e960a9b608ef3 depth=0 name=chip.run ts=7252571327918269 dur=2829321 run_id=6 dispatch_id=6 slot_id=0 generation=6 run_epoch=6
[mono_ns=7252571330756120][T0xfb768d5fb020][TIMING] emit_host_span: [STRACE] v=1 pid=1887751 tid=1887751 inv=6 hid=2e8e960a9b608ef3 depth=1 name=chip.run.validate ts=7252571330515219 dur=236151 
[mono_ns=7252571330751860][T0xfb768d5fb020][TIMING] emit_host_span: [STRACE] v=1 pid=1887795 tid=1887795 inv=6 hid=2e8e960a9b608ef3 depth=2 name=chip.run.runner_run.device_wall ts=0 dur=1730600 clk=dev
[mono_ns=7252571330752560][T0xfb768d5fb020][TIMING] emit_host_span: [STRACE] v=1 pid=1887827 tid=1887827 inv=6 hid=2e8e960a9b608ef3 depth=1 name=chip.run.validate ts=7252571330524019 dur=223931 
[mono_ns=7252571330753160][T0xfb768d5fb020][TIMING] emit_host_span: [STRACE] v=1 pid=1887810 tid=1887810 inv=6 hid=2e8e960a9b608ef3 depth=1 name=chip.run.claim_release ts=7252571330751080 dur=300 
[mono_ns=7252571330763460][T0xfb768d5fb020][TIMING] emit_host_span: [STRACE] v=1 pid=1887751 tid=1887751 inv=6 hid=2e8e960a9b608ef3 depth=2 name=chip.run.runner_run.device_wall ts=0 dur=2532200 clk=dev
[mono_ns=7252571330756170][T0xfb768d5fb020][TIMING] emit_host_span: [STRACE] v=1 pid=1887795 tid=1887795 inv=6 hid=2e8e960a9b608ef3 depth=3 name=chip.run.runner_run.device_wall.preamble ts=0 dur=5180 clk=dev
[mono_ns=7252571330762560][T0xfb768d5fb020][TIMING] emit_host_span: [STRACE] v=1 pid=1887827 tid=1887827 inv=6 hid=2e8e960a9b608ef3 depth=2 name=chip.run.runner_run.device_wall ts=0 dur=1228360 clk=dev
[mono_ns=7252571330767690][T0xfb768d5fb020][TIMING] emit_host_span: [STRACE] v=1 pid=1887751 tid=1887751 inv=6 hid=2e8e960a9b608ef3 depth=3 name=chip.run.runner_run.device_wall.preamble ts=0 dur=5320 clk=dev
[mono_ns=7252571330757270][T0xfb768d5fb020][TIMING] emit_host_span: [STRACE] v=1 pid=1887810 tid=1887810 inv=6 hid=2e8e960a9b608ef3 depth=0 name=chip.run ts=7252571328414071 dur=2341239 run_id=6 dispatch_id=6 slot_id=0 generation=6 run_epoch=6
[mono_ns=7252571330760590][T0xfb768d5fb020][TIMING] emit_host_span: [STRACE] v=1 pid=1887795 tid=1887795 inv=6 hid=2e8e960a9b608ef3 depth=3 name=chip.run.runner_run.device_wall.graph_build ts=1160 dur=1720399 clk=dev
[mono_ns=7252571330772640][T0xfb768d5fb020][TIMING] emit_host_span: [STRACE] v=1 pid=1887751 tid=1887751 inv=6 hid=2e8e960a9b608ef3 depth=3 name=chip.run.runner_run.device_wall.graph_build ts=1500 dur=2520560 clk=dev
[mono_ns=7252571330767080][T0xfb768d5fb020][TIMING] emit_host_span: [STRACE] v=1 pid=1887827 tid=1887827 inv=6 hid=2e8e960a9b608ef3 depth=3 name=chip.run.runner_run.device_wall.preamble ts=0 dur=4819 clk=dev
[mono_ns=7252571330776000][T0xfb768d5fb020][TIMING] emit_host_span: [STRACE] v=1 pid=1887751 tid=1887751 inv=6 hid=2e8e960a9b608ef3 depth=3 name=chip.run.runner_run.device_wall.config_validate ts=1579 dur=679 clk=dev
[mono_ns=7252571330764240][T0xfb768d5fb020][TIMING] emit_host_span: [STRACE] v=1 pid=1887795 tid=1887795 inv=6 hid=2e8e960a9b608ef3 depth=3 name=chip.run.runner_run.device_wall.config_validate ts=1240 dur=679 clk=dev
[mono_ns=7252571330771130][T0xfb768d5fb020][TIMING] emit_host_span: [STRACE] v=1 pid=1887827 tid=1887827 inv=6 hid=2e8e960a9b608ef3 depth=3 name=chip.run.runner_run.device_wall.graph_build ts=1240 dur=1216160 clk=dev
[mono_ns=7252571330779570][T0xfb768d5fb020][TIMING] emit_host_span: [STRACE] v=1 pid=1887751 tid=1887751 inv=6 hid=2e8e960a9b608ef3 depth=3 name=chip.run.runner_run.device_wall.arena_wire ts=2280 dur=240 clk=dev
[mono_ns=7252571330747900][T0xfb768d5fb020][TIMING] emit_host_span: [STRACE] v=1 pid=1887844 tid=1887844 inv=6 hid=2e8e960a9b608ef3 depth=3 name=chip.run.runner_run.device_wall.graph_build ts=1540 dur=969300 clk=dev
[mono_ns=7252571330769750][T0xfb768d5fb020][TIMING] emit_host_span: [STRACE] v=1 pid=1887795 tid=1887795 inv=6 hid=2e8e960a9b608ef3 depth=3 name=chip.run.runner_run.device_wall.arena_wire ts=1940 dur=280 clk=dev
[mono_ns=7252571330778920][T0xfb753002cca0][TIMING] emit_host_span: [STRACE] v=1 pid=1883258 tid=1888752 inv=6 hid=50b590682672cac0 depth=0 name=node.complete ts=7252571330775200 dur=430 run_id=6 task_slot=3 group_index=0 worker_id=3 dispatch_id=6 endpoint_kind=local_mailbox prepare_only=0 role=worker outcome=0
[mono_ns=7252571330752190][T0xfb768d5fb020][TIMING] emit_host_span: [STRACE] v=1 pid=1887844 tid=1887844 inv=6 hid=2e8e960a9b608ef3 depth=3 name=chip.run.runner_run.device_wall.config_validate ts=1640 dur=700 clk=dev
[mono_ns=7252571330782720][T0xfb768d5fb020][TIMING] emit_host_span: [STRACE] v=1 pid=1887751 tid=1887751 inv=6 hid=2e8e960a9b608ef3 depth=3 name=chip.run.runner_run.device_wall.sm_reset ts=2540 dur=520 clk=dev
[mono_ns=7252571330777670][T0xfb768d5fb020][TIMING] emit_host_span: [STRACE] v=1 pid=1887738 tid=1887738 inv=6 hid=2e8e960a9b608ef3 depth=1 name=chip.run.validate ts=7252571330506039 dur=266121 
[mono_ns=7252571330777220][T0xfb768d5fb020][TIMING] emit_host_span: [STRACE] v=1 pid=1887827 tid=1887827 inv=6 hid=2e8e960a9b608ef3 depth=3 name=chip.run.runner_run.device_wall.config_validate ts=1359 dur=700 clk=dev
[mono_ns=7252571330785730][T0xfb768d5fb020][TIMING] emit_host_span: [STRACE] v=1 pid=1887751 tid=1887751 inv=6 hid=2e8e960a9b608ef3 depth=3 name=chip.run.runner_run.device_wall.post_orch ts=2522120 dur=9940 clk=dev
[mono_ns=7252571330788980][T0xfb753002cca0][TIMING] emit_host_span: [STRACE] v=1 pid=1883258 tid=1888752 inv=6 hid=50b590682672cac0 depth=0 name=node.complete ts=7252571330785260 dur=290 run_id=6 task_slot=5 group_index=0 worker_id=5 dispatch_id=6 endpoint_kind=local_mailbox prepare_only=0 role=worker outcome=0
[mono_ns=7252571330774830][T0xfb768d5fb020][TIMING] emit_host_span: [STRACE] v=1 pid=1887795 tid=1887795 inv=6 hid=2e8e960a9b608ef3 depth=3 name=chip.run.runner_run.device_wall.sm_reset ts=2240 dur=440 clk=dev
[mono_ns=7252571330784430][T0xfb768d5fb020][TIMING] emit_host_span: [STRACE] v=1 pid=1887844 tid=1887844 inv=6 hid=2e8e960a9b608ef3 depth=3 name=chip.run.runner_run.device_wall.arena_wire ts=2380 dur=240 clk=dev
[mono_ns=7252571330785020][T0xfb768d5fb020][TIMING] emit_host_span: [STRACE] v=1 pid=1887738 tid=1887738 inv=6 hid=2e8e960a9b608ef3 depth=2 name=chip.run.runner_run.device_wall ts=0 dur=2817500 clk=dev
[mono_ns=7252571330781330][T0xfb768d5fb020][TIMING] emit_host_span: [STRACE] v=1 pid=1887827 tid=1887827 inv=6 hid=2e8e960a9b608ef3 depth=3 name=chip.run.runner_run.device_wall.arena_wire ts=2080 dur=260 clk=dev
[mono_ns=7252571330779640][T0xfb768d5fb020][TIMING] emit_host_span: [STRACE] v=1 pid=1887766 tid=1887766 inv=6 hid=2e8e960a9b608ef3 depth=1 name=chip.run.validate ts=7252571330513429 dur=262251 
[mono_ns=7252571330789000][T0xfb768d5fb020][TIMING] emit_host_span: [STRACE] v=1 pid=1887751 tid=1887751 inv=6 hid=2e8e960a9b608ef3 depth=3 name=chip.run.runner_run.device_wall.orch ts=3100 dur=3620 clk=dev
[mono_ns=7252571330787740][T0xfb768d5fb020][TIMING] emit_host_span: [STRACE] v=1 pid=1887844 tid=1887844 inv=6 hid=2e8e960a9b608ef3 depth=3 name=chip.run.runner_run.device_wall.sm_reset ts=2640 dur=459 clk=dev
[mono_ns=7252571330788990][T0xfb768d5fb020][TIMING] emit_host_span: [STRACE] v=1 pid=1887738 tid=1887738 inv=6 hid=2e8e960a9b608ef3 depth=3 name=chip.run.runner_run.device_wall.preamble ts=0 dur=6380 clk=dev
[mono_ns=7252571330779270][T0xfb768d5fb020][TIMING] emit_host_span: [STRACE] v=1 pid=1887795 tid=1887795 inv=6 hid=2e8e960a9b608ef3 depth=3 name=chip.run.runner_run.device_wall.post_orch ts=1721620 dur=8860 clk=dev
[mono_ns=7252571330785440][T0xfb768d5fb020][TIMING] emit_host_span: [STRACE] v=1 pid=1887827 tid=1887827 inv=6 hid=2e8e960a9b608ef3 depth=3 name=chip.run.runner_run.device_wall.sm_reset ts=2360 dur=459 clk=dev
[mono_ns=7252571330792170][T0xfb768d5fb020][TIMING] emit_host_span: [STRACE] v=1 pid=1887751 tid=1887751 inv=6 hid=2e8e960a9b608ef3 depth=3 name=chip.run.runner_run.device_wall.sched ts=5400 dur=2509620 clk=dev
[mono_ns=7252571330789850][T0xfb768d5fb020][TIMING] emit_host_span: [STRACE] v=1 pid=1887766 tid=1887766 inv=6 hid=2e8e960a9b608ef3 depth=2 name=chip.run.runner_run.device_wall ts=0 dur=2219680 clk=dev
[mono_ns=7252571330792460][T0xfb768d5fb020][TIMING] emit_host_span: [STRACE] v=1 pid=1887738 tid=1887738 inv=6 hid=2e8e960a9b608ef3 depth=3 name=chip.run.runner_run.device_wall.graph_build ts=1240 dur=2805680 clk=dev
[mono_ns=7252571330791910][T0xfb768d5fb020][TIMING] emit_host_span: [STRACE] v=1 pid=1887844 tid=1887844 inv=6 hid=2e8e960a9b608ef3 depth=3 name=chip.run.runner_run.device_wall.post_orch ts=970880 dur=10440 clk=dev
[mono_ns=7252571330783450][T0xfb768d5fb020][TIMING] emit_host_span: [STRACE] v=1 pid=1887795 tid=1887795 inv=6 hid=2e8e960a9b608ef3 depth=3 name=chip.run.runner_run.device_wall.orch ts=2719 dur=3360 clk=dev
[mono_ns=7252571330788600][T0xfb768d5fb020][TIMING] emit_host_span: [STRACE] v=1 pid=1887827 tid=1887827 inv=6 hid=2e8e960a9b608ef3 depth=3 name=chip.run.runner_run.device_wall.post_orch ts=1217460 dur=10240 clk=dev
[mono_ns=7252571330801740][T0xfb753002cca0][TIMING] emit_host_span: [STRACE] v=1 pid=1883258 tid=1888752 inv=0 hid=0 depth=0 name=node.scheduler_loop ts=7252571330771730 dur=26830 role=scheduler drained=2 dispatched=0 drain_ns=24750 spins=552
[mono_ns=7252571330786570][T0xfb768d5fb020][TIMING] emit_host_span: [STRACE] v=1 pid=1887795 tid=1887795 inv=6 hid=2e8e960a9b608ef3 depth=3 name=chip.run.runner_run.device_wall.sched ts=5220 dur=1709280 clk=dev
[mono_ns=7252571330796220][T0xfb768d5fb020][TIMING] emit_host_span: [STRACE] v=1 pid=1887751 tid=1887751 inv=6 hid=2e8e960a9b608ef3 depth=1 name=chip.run.claim_release ts=7252571330794160 dur=310 
[mono_ns=7252571330795720][T0xfb768d5fb020][TIMING] emit_host_span: [STRACE] v=1 pid=1887738 tid=1887738 inv=6 hid=2e8e960a9b608ef3 depth=3 name=chip.run.runner_run.device_wall.config_validate ts=1340 dur=740 clk=dev
[mono_ns=7252571330791650][T0xfb768d5fb020][TIMING] emit_host_span: [STRACE] v=1 pid=1887795 tid=1887795 inv=6 hid=2e8e960a9b608ef3 depth=1 name=chip.run.claim_release ts=7252571330789590 dur=310 
[mono_ns=7252571330794120][T0xfb768d5fb020][TIMING] emit_host_span: [STRACE] v=1 pid=1887766 tid=1887766 inv=6 hid=2e8e960a9b608ef3 depth=3 name=chip.run.runner_run.device_wall.preamble ts=0 dur=5320 clk=dev
[mono_ns=7252571330795880][T0xfb768d5fb020][TIMING] emit_host_span: [STRACE] v=1 pid=1887844 tid=1887844 inv=6 hid=2e8e960a9b608ef3 depth=3 name=chip.run.runner_run.device_wall.orch ts=3140 dur=3120 clk=dev
[mono_ns=7252571330792670][T0xfb768d5fb020][TIMING] emit_host_span: [STRACE] v=1 pid=1887827 tid=1887827 inv=6 hid=2e8e960a9b608ef3 depth=3 name=chip.run.runner_run.device_wall.orch ts=2840 dur=3400 clk=dev
[mono_ns=7252571330800720][T0xfb768d5fb020][TIMING] emit_host_span: [STRACE] v=1 pid=1887751 tid=1887751 inv=6 hid=2e8e960a9b608ef3 depth=0 name=chip.run ts=7252571327449138 dur=3349612 run_id=6 dispatch_id=6 slot_id=0 generation=6 run_epoch=6
[mono_ns=7252571330798820][T0xfb768d5fb020][TIMING] emit_host_span: [STRACE] v=1 pid=1887738 tid=1887738 inv=6 hid=2e8e960a9b608ef3 depth=3 name=chip.run.runner_run.device_wall.arena_wire ts=2099 dur=240 clk=dev
[mono_ns=7252571330797280][T0xfb768d5fb020][TIMING] emit_host_span: [STRACE] v=1 pid=1887795 tid=1887795 inv=6 hid=2e8e960a9b608ef3 depth=0 name=chip.run ts=7252571328171620 dur=2623680 run_id=6 dispatch_id=6 slot_id=0 generation=6 run_epoch=6
[mono_ns=7252571330798750][T0xfb768d5fb020][TIMING] emit_host_span: [STRACE] v=1 pid=1887844 tid=1887844 inv=6 hid=2e8e960a9b608ef3 depth=3 name=chip.run.runner_run.device_wall.sched ts=5580 dur=957500 clk=dev
[mono_ns=7252571330797010][T0xfb768d5fb020][TIMING] emit_host_span: [STRACE] v=1 pid=1887827 tid=1887827 inv=6 hid=2e8e960a9b608ef3 depth=3 name=chip.run.runner_run.device_wall.sched ts=4880 dur=1205460 clk=dev
[mono_ns=7252571330798540][T0xfb768d5fb020][TIMING] emit_host_span: [STRACE] v=1 pid=1887766 tid=1887766 inv=6 hid=2e8e960a9b608ef3 depth=3 name=chip.run.runner_run.device_wall.graph_build ts=1680 dur=2208780 clk=dev
[mono_ns=7252571330801770][T0xfb768d5fb020][TIMING] emit_host_span: [STRACE] v=1 pid=1887738 tid=1887738 inv=6 hid=2e8e960a9b608ef3 depth=3 name=chip.run.runner_run.device_wall.sm_reset ts=2380 dur=459 clk=dev
[mono_ns=7252571330800940][T0xfb768d5fb020][TIMING] emit_host_span: [STRACE] v=1 pid=1887827 tid=1887827 inv=6 hid=2e8e960a9b608ef3 depth=1 name=chip.run.claim_release ts=7252571330798920 dur=270 
[mono_ns=7252571330805660][T0xfb768d5fb020][TIMING] emit_host_span: [STRACE] v=1 pid=1887738 tid=1887738 inv=6 hid=2e8e960a9b608ef3 depth=3 name=chip.run.runner_run.device_wall.post_orch ts=2806980 dur=10420 clk=dev
[mono_ns=7252571330804520][T0xfb768d5fb020][TIMING] emit_host_span: [STRACE] v=1 pid=1887844 tid=1887844 inv=6 hid=2e8e960a9b608ef3 depth=1 name=chip.run.claim_release ts=7252571330801890 dur=190 
[mono_ns=7252571330826820][T0xfb753002cca0][TIMING] emit_host_span: [STRACE] v=1 pid=1883258 tid=1888752 inv=6 hid=50b590682672cac0 depth=0 name=node.complete ts=7252571330823520 dur=350 run_id=6 task_slot=4 group_index=0 worker_id=4 dispatch_id=6 endpoint_kind=local_mailbox prepare_only=0 role=worker outcome=0
[mono_ns=7252571330805950][T0xfb768d5fb020][TIMING] emit_host_span: [STRACE] v=1 pid=1887827 tid=1887827 inv=6 hid=2e8e960a9b608ef3 depth=0 name=chip.run ts=7252571328664602 dur=2139368 run_id=6 dispatch_id=6 slot_id=0 generation=6 run_epoch=6
[mono_ns=7252571330808810][T0xfb768d5fb020][TIMING] emit_host_span: [STRACE] v=1 pid=1887738 tid=1887738 inv=6 hid=2e8e960a9b608ef3 depth=3 name=chip.run.runner_run.device_wall.orch ts=2880 dur=3180 clk=dev
[mono_ns=7252571330802860][T0xfb768d5fb020][TIMING] emit_host_span: [STRACE] v=1 pid=1887766 tid=1887766 inv=6 hid=2e8e960a9b608ef3 depth=3 name=chip.run.runner_run.device_wall.config_validate ts=1779 dur=940 clk=dev
[mono_ns=7252571330811770][T0xfb768d5fb020][TIMING] emit_host_span: [STRACE] v=1 pid=1887738 tid=1887738 inv=6 hid=2e8e960a9b608ef3 depth=3 name=chip.run.runner_run.device_wall.sched ts=6479 dur=2793020 clk=dev
[mono_ns=7252571330809350][T0xfb768d5fb020][TIMING] emit_host_span: [STRACE] v=1 pid=1887844 tid=1887844 inv=6 hid=2e8e960a9b608ef3 depth=0 name=chip.run ts=7252571328907583 dur=1899847 run_id=6 dispatch_id=6 slot_id=0 generation=6 run_epoch=6
[mono_ns=7252571330815690][T0xfb768d5fb020][TIMING] emit_host_span: [STRACE] v=1 pid=1887738 tid=1887738 inv=6 hid=2e8e960a9b608ef3 depth=1 name=chip.run.claim_release ts=7252571330813600 dur=340 
[mono_ns=7252571330819940][T0xfb768d5fb020][TIMING] emit_host_span: [STRACE] v=1 pid=1887738 tid=1887738 inv=6 hid=2e8e960a9b608ef3 depth=0 name=chip.run ts=7252571327197127 dur=3620843 run_id=6 dispatch_id=6 slot_id=0 generation=6 run_epoch=6
[mono_ns=7252571330835840][T0xfb768d5fb020][TIMING] emit_host_span: [STRACE] v=1 pid=1887766 tid=1887766 inv=6 hid=2e8e960a9b608ef3 depth=3 name=chip.run.runner_run.device_wall.arena_wire ts=2740 dur=260 clk=dev
[mono_ns=7252571330835880][T0xfb753002cca0][TIMING] emit_host_span: [STRACE] v=1 pid=1883258 tid=1888752 inv=6 hid=50b590682672cac0 depth=0 name=node.complete ts=7252571330832700 dur=270 run_id=6 task_slot=6 group_index=0 worker_id=6 dispatch_id=6 endpoint_kind=local_mailbox prepare_only=0 role=worker outcome=0
[mono_ns=7252571330839780][T0xfb768d5fb020][TIMING] emit_host_span: [STRACE] v=1 pid=1887766 tid=1887766 inv=6 hid=2e8e960a9b608ef3 depth=3 name=chip.run.runner_run.device_wall.sm_reset ts=3020 dur=500 clk=dev
[mono_ns=7252571330843630][T0xfb768d5fb020][TIMING] emit_host_span: [STRACE] v=1 pid=1887766 tid=1887766 inv=6 hid=2e8e960a9b608ef3 depth=3 name=chip.run.runner_run.device_wall.post_orch ts=2210520 dur=9060 clk=dev
[mono_ns=7252571330846510][T0xfb768d5fb020][TIMING] emit_host_span: [STRACE] v=1 pid=1887766 tid=1887766 inv=6 hid=2e8e960a9b608ef3 depth=3 name=chip.run.runner_run.device_wall.orch ts=3559 dur=3400 clk=dev
[mono_ns=7252571330851150][T0xfb768d5fb020][TIMING] emit_host_span: [STRACE] v=1 pid=1887766 tid=1887766 inv=6 hid=2e8e960a9b608ef3 depth=3 name=chip.run.runner_run.device_wall.sched ts=5380 dur=2197320 clk=dev
[mono_ns=7252571330849150][T0xfb753002cca0][TIMING] emit_host_span: [STRACE] v=1 pid=1883258 tid=1888752 inv=0 hid=0 depth=0 name=node.scheduler_loop ts=7252571330820010 dur=25960 role=scheduler drained=2 dispatched=0 drain_ns=23790 spins=4
[mono_ns=7252571330858070][T0xfb753002cca0][TIMING] emit_host_span: [STRACE] v=1 pid=1883258 tid=1888752 inv=6 hid=50b590682672cac0 depth=0 name=node.complete ts=7252571330854790 dur=290 run_id=6 task_slot=0 group_index=0 worker_id=0 dispatch_id=6 endpoint_kind=local_mailbox prepare_only=0 role=worker outcome=0
[mono_ns=7252571330866510][T0xfb753002cca0][TIMING] emit_host_span: [STRACE] v=1 pid=1883258 tid=1888752 inv=6 hid=50b590682672cac0 depth=0 name=node.complete ts=7252571330863260 dur=320 run_id=6 task_slot=1 group_index=0 worker_id=1 dispatch_id=6 endpoint_kind=local_mailbox prepare_only=0 role=worker outcome=0
[mono_ns=7252571330855880][T0xfb768d5fb020][TIMING] emit_host_span: [STRACE] v=1 pid=1887766 tid=1887766 inv=6 hid=2e8e960a9b608ef3 depth=1 name=chip.run.claim_release ts=7252571330853730 dur=360 
[mono_ns=7252571330874190][T0xfb753002cca0][TIMING] emit_host_span: [STRACE] v=1 pid=1883258 tid=1888752 inv=6 hid=50b590682672cac0 depth=0 name=node.complete ts=7252571330871060 dur=270 run_id=6 task_slot=7 group_index=0 worker_id=7 dispatch_id=6 endpoint_kind=local_mailbox prepare_only=0 role=worker outcome=0
[mono_ns=7252571330865070][T0xfb768d5fb020][TIMING] emit_host_span: [STRACE] v=1 pid=1887766 tid=1887766 inv=6 hid=2e8e960a9b608ef3 depth=0 name=chip.run ts=7252571327677109 dur=3185901 run_id=6 dispatch_id=6 slot_id=0 generation=6 run_epoch=6
[mono_ns=7252571330889151][T0xfb753002cca0][TIMING] emit_host_span: [STRACE] v=1 pid=1883258 tid=1888752 inv=0 hid=0 depth=0 name=node.scheduler_loop ts=7252571330852680 dur=32870 role=scheduler drained=3 dispatched=0 drain_ns=30440 spins=0
[mono_ns=7252571330906971][T0xfb753002cca0][TIMING] emit_host_span: [STRACE] v=1 pid=1883258 tid=1888752 inv=6 hid=50b590682672cac0 depth=0 name=node.complete ts=7252571330903391 dur=580 run_id=6 task_slot=2 group_index=0 worker_id=2 dispatch_id=6 endpoint_kind=local_mailbox prepare_only=0 role=worker outcome=0
[mono_ns=7252571330919561][T0xfb753002cca0][TIMING] emit_host_span: [STRACE] v=1 pid=1883258 tid=1888752 inv=0 hid=0 depth=0 name=node.scheduler_loop ts=7252571330900661 dur=15820 role=scheduler drained=1 dispatched=0 drain_ns=15650 spins=2
[mono_ns=7252571330999591][T0xfb768d5fb020][TIMING] emit_host_span: [STRACE] v=1 pid=1883258 tid=1883258 inv=6 hid=0 depth=0 name=node.post_fence_retirement ts=7252571330913571 dur=81140 run_id=6 slot_id=0 generation=6 role=facade
[mono_ns=7252571331595853][T0xfb768d5fb020][TIMING] emit_host_span: [STRACE] v=1 pid=1883258 tid=1883258 inv=7 hid=50b590682672cac0 depth=0 name=node.submit ts=7252571331578193 dur=12640 run_id=7 task_slot=0 group_index=0 group_size=1 worker_id=0 role=facade
[mono_ns=7252571331606643][T0xfb753002cca0][TIMING] emit_host_span: [STRACE] v=1 pid=1883258 tid=1888752 inv=7 hid=50b590682672cac0 depth=0 name=node.frame_submit ts=7252571331602323 dur=930 run_id=7 task_slot=0 group_index=0 worker_id=0 dispatch_id=7 endpoint_kind=local_mailbox prepare_only=0 role=worker
[mono_ns=7252571331612703][T0xfb753002cca0][TIMING] emit_host_span: [STRACE] v=1 pid=1883258 tid=1888752 inv=7 hid=50b590682672cac0 depth=0 name=node.dispatch ts=7252571331599593 dur=8740 run_id=7 task_slot=0 group_index=0 worker_id=0 dispatch_id=7 endpoint_kind=local_mailbox prepare_only=0 role=scheduler slot_id=0 generation=7
[mono_ns=7252571331620823][T0xfb753002cca0][TIMING] emit_host_span: [STRACE] v=1 pid=1883258 tid=1888752 inv=0 hid=0 depth=0 name=node.scheduler_loop ts=7252571331595913 dur=21620 role=scheduler drained=0 dispatched=1 drain_ns=1440 spins=1
[mono_ns=7252571331855604][T0xfb768d5fb020][TIMING] emit_host_span: [STRACE] v=1 pid=1883258 tid=1883258 inv=7 hid=50b590682672cac0 depth=0 name=node.submit ts=7252571331841064 dur=9080 run_id=7 task_slot=1 group_index=0 group_size=1 worker_id=1 role=facade
[mono_ns=7252571331858854][T0xfb753002cca0][TIMING] emit_host_span: [STRACE] v=1 pid=1883258 tid=1888752 inv=7 hid=50b590682672cac0 depth=0 name=node.frame_submit ts=7252571331854834 dur=1060 run_id=7 task_slot=1 group_index=0 worker_id=1 dispatch_id=7 endpoint_kind=local_mailbox prepare_only=0 role=worker
[mono_ns=7252571331865304][T0xfb753002cca0][TIMING] emit_host_span: [STRACE] v=1 pid=1883258 tid=1888752 inv=7 hid=50b590682672cac0 depth=0 name=node.dispatch ts=7252571331852444 dur=8600 run_id=7 task_slot=1 group_index=0 worker_id=1 dispatch_id=7 endpoint_kind=local_mailbox prepare_only=0 role=scheduler slot_id=0 generation=7
[mono_ns=7252571331871934][T0xfb753002cca0][TIMING] emit_host_span: [STRACE] v=1 pid=1883258 tid=1888752 inv=0 hid=0 depth=0 name=node.scheduler_loop ts=7252571331849034 dur=19940 role=scheduler drained=0 dispatched=1 drain_ns=1450 spins=62
[mono_ns=7252571331887884][T0xfb768d5fb020][TIMING] emit_host_span: [STRACE] v=1 pid=1887738 tid=1887738 inv=7 hid=2e8e960a9b608ef3 depth=2 name=chip.run.bind.args ts=7252571331740844 dur=141450 
[mono_ns=7252571331897854][T0xfb768d5fb020][TIMING] emit_host_span: [STRACE] v=1 pid=1887738 tid=1887738 inv=7 hid=2e8e960a9b608ef3 depth=2 name=chip.run.bind.prebuilt ts=7252571331893894 dur=1760 
[mono_ns=7252571331901554][T0xfb768d5fb020][TIMING] emit_host_span: [STRACE] v=1 pid=1887738 tid=1887738 inv=7 hid=2e8e960a9b608ef3 depth=1 name=chip.run.bind ts=7252571331734664 dur=164940 
[mono_ns=7252571332118015][T0xfb768d5fb020][TIMING] emit_host_span: [STRACE] v=1 pid=1883258 tid=1883258 inv=7 hid=50b590682672cac0 depth=0 name=node.submit ts=7252571332103675 dur=9140 run_id=7 task_slot=2 group_index=0 group_size=1 worker_id=2 role=facade
[mono_ns=7252571332122265][T0xfb753002cca0][TIMING] emit_host_span: [STRACE] v=1 pid=1883258 tid=1888752 inv=7 hid=50b590682672cac0 depth=0 name=node.frame_submit ts=7252571332116945 dur=2200 run_id=7 task_slot=2 group_index=0 worker_id=2 dispatch_id=7 endpoint_kind=local_mailbox prepare_only=0 role=worker
[mono_ns=7252571332128795][T0xfb753002cca0][TIMING] emit_host_span: [STRACE] v=1 pid=1883258 tid=1888752 inv=7 hid=50b590682672cac0 depth=0 name=node.dispatch ts=7252571332114485 dur=10040 run_id=7 task_slot=2 group_index=0 worker_id=2 dispatch_id=7 endpoint_kind=local_mailbox prepare_only=0 role=scheduler slot_id=0 generation=7
[mono_ns=7252571332134585][T0xfb753002cca0][TIMING] emit_host_span: [STRACE] v=1 pid=1883258 tid=1888752 inv=0 hid=0 depth=0 name=node.scheduler_loop ts=7252571332110955 dur=20700 role=scheduler drained=0 dispatched=1 drain_ns=1520 spins=62
[mono_ns=7252571332158365][T0xfb768d5fb020][TIMING] emit_host_span: [STRACE] v=1 pid=1887751 tid=1887751 inv=7 hid=2e8e960a9b608ef3 depth=2 name=chip.run.bind.args ts=7252571331998835 dur=154360 
[mono_ns=7252571332169445][T0xfb768d5fb020][TIMING] emit_host_span: [STRACE] v=1 pid=1887751 tid=1887751 inv=7 hid=2e8e960a9b608ef3 depth=2 name=chip.run.bind.prebuilt ts=7252571332165445 dur=1670 
[mono_ns=7252571332173515][T0xfb768d5fb020][TIMING] emit_host_span: [STRACE] v=1 pid=1887751 tid=1887751 inv=7 hid=2e8e960a9b608ef3 depth=1 name=chip.run.bind ts=7252571331993015 dur=178390 
[mono_ns=7252571332362126][T0xfb753002cca0][TIMING] emit_host_span: [STRACE] v=1 pid=1883258 tid=1888752 inv=7 hid=50b590682672cac0 depth=0 name=node.frame_submit ts=7252571332358576 dur=600 run_id=7 task_slot=3 group_index=0 worker_id=3 dispatch_id=7 endpoint_kind=local_mailbox prepare_only=0 role=worker
[mono_ns=7252571332361966][T0xfb768d5fb020][TIMING] emit_host_span: [STRACE] v=1 pid=1883258 tid=1883258 inv=7 hid=50b590682672cac0 depth=0 name=node.submit ts=7252571332346466 dur=11000 run_id=7 task_slot=3 group_index=0 group_size=1 worker_id=3 role=facade
[mono_ns=7252571332370236][T0xfb753002cca0][TIMING] emit_host_span: [STRACE] v=1 pid=1883258 tid=1888752 inv=7 hid=50b590682672cac0 depth=0 name=node.dispatch ts=7252571332356226 dur=9690 run_id=7 task_slot=3 group_index=0 worker_id=3 dispatch_id=7 endpoint_kind=local_mailbox prepare_only=0 role=scheduler slot_id=0 generation=7
[mono_ns=7252571332376126][T0xfb753002cca0][TIMING] emit_host_span: [STRACE] v=1 pid=1883258 tid=1888752 inv=0 hid=0 depth=0 name=node.scheduler_loop ts=7252571332351366 dur=21890 role=scheduler drained=0 dispatched=1 drain_ns=1540 spins=58
[mono_ns=7252571332513307][T0xfb768d5fb020][TIMING] emit_host_span: [STRACE] v=1 pid=1887766 tid=1887766 inv=7 hid=2e8e960a9b608ef3 depth=2 name=chip.run.bind.args ts=7252571332260376 dur=248651 
[mono_ns=7252571332527157][T0xfb768d5fb020][TIMING] emit_host_span: [STRACE] v=1 pid=1887766 tid=1887766 inv=7 hid=2e8e960a9b608ef3 depth=2 name=chip.run.bind.prebuilt ts=7252571332523207 dur=1880 
[mono_ns=7252571332531757][T0xfb768d5fb020][TIMING] emit_host_span: [STRACE] v=1 pid=1887766 tid=1887766 inv=7 hid=2e8e960a9b608ef3 depth=1 name=chip.run.bind ts=7252571332254826 dur=274671 
[mono_ns=7252571332595837][T0xfb768d5fb020][TIMING] emit_host_span: [STRACE] v=1 pid=1883258 tid=1883258 inv=7 hid=50b590682672cac0 depth=0 name=node.submit ts=7252571332581057 dur=10040 run_id=7 task_slot=4 group_index=0 group_size=1 worker_id=4 role=facade
[mono_ns=7252571332600457][T0xfb753002cca0][TIMING] emit_host_span: [STRACE] v=1 pid=1883258 tid=1888752 inv=7 hid=50b590682672cac0 depth=0 name=node.frame_submit ts=7252571332595187 dur=1740 run_id=7 task_slot=4 group_index=0 worker_id=4 dispatch_id=7 endpoint_kind=local_mailbox prepare_only=0 role=worker
[mono_ns=7252571332606867][T0xfb753002cca0][TIMING] emit_host_span: [STRACE] v=1 pid=1883258 tid=1888752 inv=7 hid=50b590682672cac0 depth=0 name=node.dispatch ts=7252571332592937 dur=9720 run_id=7 task_slot=4 group_index=0 worker_id=4 dispatch_id=7 endpoint_kind=local_mailbox prepare_only=0 role=scheduler slot_id=0 generation=7
[mono_ns=7252571332612147][T0xfb753002cca0][TIMING] emit_host_span: [STRACE] v=1 pid=1883258 tid=1888752 inv=0 hid=0 depth=0 name=node.scheduler_loop ts=7252571332589327 dur=19850 role=scheduler drained=0 dispatched=1 drain_ns=1400 spins=60
[mono_ns=7252571332689577][T0xfb768d5fb020][TIMING] emit_host_span: [STRACE] v=1 pid=1887782 tid=1887782 inv=7 hid=2e8e960a9b608ef3 depth=2 name=chip.run.bind.args ts=7252571332498126 dur=186361 
[mono_ns=7252571332701217][T0xfb768d5fb020][TIMING] emit_host_span: [STRACE] v=1 pid=1887782 tid=1887782 inv=7 hid=2e8e960a9b608ef3 depth=2 name=chip.run.bind.prebuilt ts=7252571332696967 dur=2040 
[mono_ns=7252571332704967][T0xfb768d5fb020][TIMING] emit_host_span: [STRACE] v=1 pid=1887782 tid=1887782 inv=7 hid=2e8e960a9b608ef3 depth=1 name=chip.run.bind ts=7252571332491986 dur=211051 
[mono_ns=7252571332847958][T0xfb768d5fb020][TIMING] emit_host_span: [STRACE] v=1 pid=1883258 tid=1883258 inv=7 hid=50b590682672cac0 depth=0 name=node.submit ts=7252571332832608 dur=10780 run_id=7 task_slot=5 group_index=0 group_size=1 worker_id=5 role=facade
[mono_ns=7252571332850348][T0xfb753002cca0][TIMING] emit_host_span: [STRACE] v=1 pid=1883258 tid=1888752 inv=7 hid=50b590682672cac0 depth=0 name=node.frame_submit ts=7252571332846708 dur=740 run_id=7 task_slot=5 group_index=0 worker_id=5 dispatch_id=7 endpoint_kind=local_mailbox prepare_only=0 role=worker
[mono_ns=7252571332856728][T0xfb753002cca0][TIMING] emit_host_span: [STRACE] v=1 pid=1883258 tid=1888752 inv=7 hid=50b590682672cac0 depth=0 name=node.dispatch ts=7252571332844588 dur=7990 run_id=7 task_slot=5 group_index=0 worker_id=5 dispatch_id=7 endpoint_kind=local_mailbox prepare_only=0 role=scheduler slot_id=0 generation=7
[mono_ns=7252571332861678][T0xfb753002cca0][TIMING] emit_host_span: [STRACE] v=1 pid=1883258 tid=1888752 inv=0 hid=0 depth=0 name=node.scheduler_loop ts=7252571332839798 dur=19010 role=scheduler drained=0 dispatched=1 drain_ns=1430 spins=65
[mono_ns=7252571332978738][T0xfb768d5fb020][TIMING] emit_host_span: [STRACE] v=1 pid=1887795 tid=1887795 inv=7 hid=2e8e960a9b608ef3 depth=2 name=chip.run.bind.args ts=7252571332736857 dur=237481 
[mono_ns=7252571332994478][T0xfb768d5fb020][TIMING] emit_host_span: [STRACE] v=1 pid=1887795 tid=1887795 inv=7 hid=2e8e960a9b608ef3 depth=2 name=chip.run.bind.prebuilt ts=7252571332989548 dur=1810 
[mono_ns=7252571332999338][T0xfb768d5fb020][TIMING] emit_host_span: [STRACE] v=1 pid=1887795 tid=1887795 inv=7 hid=2e8e960a9b608ef3 depth=1 name=chip.run.bind ts=7252571332731327 dur=265811 
[mono_ns=7252571333107389][T0xfb768d5fb020][TIMING] emit_host_span: [STRACE] v=1 pid=1883258 tid=1883258 inv=7 hid=50b590682672cac0 depth=0 name=node.submit ts=7252571333093059 dur=9780 run_id=7 task_slot=6 group_index=0 group_size=1 worker_id=6 role=facade
[mono_ns=7252571333112509][T0xfb753002cca0][TIMING] emit_host_span: [STRACE] v=1 pid=1883258 tid=1888752 inv=7 hid=50b590682672cac0 depth=0 name=node.frame_submit ts=7252571333107169 dur=2040 run_id=7 task_slot=6 group_index=0 worker_id=6 dispatch_id=7 endpoint_kind=local_mailbox prepare_only=0 role=worker
[mono_ns=7252571333118999][T0xfb753002cca0][TIMING] emit_host_span: [STRACE] v=1 pid=1883258 tid=1888752 inv=7 hid=50b590682672cac0 depth=0 name=node.dispatch ts=7252571333104719 dur=10140 run_id=7 task_slot=6 group_index=0 worker_id=6 dispatch_id=7 endpoint_kind=local_mailbox prepare_only=0 role=scheduler slot_id=0 generation=7
[mono_ns=7252571333124159][T0xfb753002cca0][TIMING] emit_host_span: [STRACE] v=1 pid=1883258 tid=1888752 inv=0 hid=0 depth=0 name=node.scheduler_loop ts=7252571333100789 dur=20030 role=scheduler drained=0 dispatched=1 drain_ns=1560 spins=67
[mono_ns=7252571333207109][T0xfb768d5fb020][TIMING] emit_host_span: [STRACE] v=1 pid=1887810 tid=1887810 inv=7 hid=2e8e960a9b608ef3 depth=2 name=chip.run.bind.args ts=7252571332986078 dur=214471 
[mono_ns=7252571333217959][T0xfb768d5fb020][TIMING] emit_host_span: [STRACE] v=1 pid=1887810 tid=1887810 inv=7 hid=2e8e960a9b608ef3 depth=2 name=chip.run.bind.prebuilt ts=7252571333213479 dur=1780 
[mono_ns=7252571333221789][T0xfb768d5fb020][TIMING] emit_host_span: [STRACE] v=1 pid=1887810 tid=1887810 inv=7 hid=2e8e960a9b608ef3 depth=1 name=chip.run.bind ts=7252571332980558 dur=239171 
[mono_ns=7252571333346760][T0xfb768d5fb020][TIMING] emit_host_span: [STRACE] v=1 pid=1883258 tid=1883258 inv=7 hid=50b590682672cac0 depth=0 name=node.submit ts=7252571333331650 dur=9720 run_id=7 task_slot=7 group_index=0 group_size=1 worker_id=7 role=facade
[mono_ns=7252571333351030][T0xfb753002cca0][TIMING] emit_host_span: [STRACE] v=1 pid=1883258 tid=1888752 inv=7 hid=50b590682672cac0 depth=0 name=node.frame_submit ts=7252571333345970 dur=2060 run_id=7 task_slot=7 group_index=0 worker_id=7 dispatch_id=7 endpoint_kind=local_mailbox prepare_only=0 role=worker
[mono_ns=7252571333357280][T0xfb753002cca0][TIMING] emit_host_span: [STRACE] v=1 pid=1883258 tid=1888752 inv=7 hid=50b590682672cac0 depth=0 name=node.dispatch ts=7252571333343640 dur=9470 run_id=7 task_slot=7 group_index=0 worker_id=7 dispatch_id=7 endpoint_kind=local_mailbox prepare_only=0 role=scheduler slot_id=0 generation=7
[mono_ns=7252571333362190][T0xfb753002cca0][TIMING] emit_host_span: [STRACE] v=1 pid=1883258 tid=1888752 inv=0 hid=0 depth=0 name=node.scheduler_loop ts=7252571333339670 dur=19570 role=scheduler drained=0 dispatched=1 drain_ns=1550 spins=61
[mono_ns=7252571333367600][T0xfb768d5fb020][TIMING] emit_host_span: [STRACE] v=1 pid=1883258 tid=1883258 inv=7 hid=0 depth=0 name=node.graph_build ts=7252571331291172 dur=2069008 run_id=7 role=facade
[mono_ns=7252571333500590][T0xfb768d5fb020][TIMING] emit_host_span: [STRACE] v=1 pid=1887827 tid=1887827 inv=7 hid=2e8e960a9b608ef3 depth=2 name=chip.run.bind.args ts=7252571333255699 dur=239621 
[mono_ns=7252571333515130][T0xfb768d5fb020][TIMING] emit_host_span: [STRACE] v=1 pid=1887827 tid=1887827 inv=7 hid=2e8e960a9b608ef3 depth=2 name=chip.run.bind.prebuilt ts=7252571333510300 dur=1750 
[mono_ns=7252571333520370][T0xfb768d5fb020][TIMING] emit_host_span: [STRACE] v=1 pid=1887827 tid=1887827 inv=7 hid=2e8e960a9b608ef3 depth=1 name=chip.run.bind ts=7252571333250739 dur=267511 
[mono_ns=7252571333713801][T0xfb768d5fb020][TIMING] emit_host_span: [STRACE] v=1 pid=1887844 tid=1887844 inv=7 hid=2e8e960a9b608ef3 depth=2 name=chip.run.bind.args ts=7252571333492300 dur=216851 
[mono_ns=7252571333728001][T0xfb768d5fb020][TIMING] emit_host_span: [STRACE] v=1 pid=1887844 tid=1887844 inv=7 hid=2e8e960a9b608ef3 depth=2 name=chip.run.bind.prebuilt ts=7252571333724321 dur=1470 
[mono_ns=7252571333732511][T0xfb768d5fb020][TIMING] emit_host_span: [STRACE] v=1 pid=1887844 tid=1887844 inv=7 hid=2e8e960a9b608ef3 depth=1 name=chip.run.bind ts=7252571333487190 dur=243091 
[mono_ns=7252571335029446][T0xfb768d5fb020][TIMING] emit_host_span: [STRACE] v=1 pid=1887782 tid=1887782 inv=7 hid=2e8e960a9b608ef3 depth=1 name=chip.run.runner_run ts=7252571332838168 dur=2185248 
[mono_ns=7252571335023786][T0xfb768d5fb020][TIMING] emit_host_span: [STRACE] v=1 pid=1887795 tid=1887795 inv=7 hid=2e8e960a9b608ef3 depth=1 name=chip.run.runner_run ts=7252571333144629 dur=1874417 
[mono_ns=7252571335025306][T0xfb768d5fb020][TIMING] emit_host_span: [STRACE] v=1 pid=1887766 tid=1887766 inv=7 hid=2e8e960a9b608ef3 depth=1 name=chip.run.runner_run ts=7252571332666747 dur=2353679 
[mono_ns=7252571335030706][T0xfb768d5fb020][TIMING] emit_host_span: [STRACE] v=1 pid=1887738 tid=1887738 inv=7 hid=2e8e960a9b608ef3 depth=1 name=chip.run.runner_run ts=7252571332041875 dur=2982751 
[mono_ns=7252571335036486][T0xfb768d5fb020][TIMING] emit_host_span: [STRACE] v=1 pid=1887751 tid=1887751 inv=7 hid=2e8e960a9b608ef3 depth=1 name=chip.run.runner_run ts=7252571332305856 dur=2724650 
[mono_ns=7252571335036486][T0xfb768d5fb020][TIMING] emit_host_span: [STRACE] v=1 pid=1887810 tid=1887810 inv=7 hid=2e8e960a9b608ef3 depth=1 name=chip.run.runner_run ts=7252571333359690 dur=1671016 
[mono_ns=7252571335068356][T0xfb768d5fb020][TIMING] emit_host_span: [STRACE] v=1 pid=1887827 tid=1887827 inv=7 hid=2e8e960a9b608ef3 depth=1 name=chip.run.runner_run ts=7252571333658661 dur=1403905 
[mono_ns=7252571335032526][T0xfb768d5fb020][TIMING] emit_host_span: [STRACE] v=1 pid=1887844 tid=1887844 inv=7 hid=2e8e960a9b608ef3 depth=1 name=chip.run.runner_run ts=7252571333871842 dur=1154924 
[mono_ns=7252571335209347][T0xfb768d5fb020][TIMING] emit_host_span: [STRACE] v=1 pid=1887751 tid=1887751 inv=7 hid=2e8e960a9b608ef3 depth=1 name=chip.run.validate ts=7252571335042926 dur=161971 
[mono_ns=7252571335209087][T0xfb768d5fb020][TIMING] emit_host_span: [STRACE] v=1 pid=1887738 tid=1887738 inv=7 hid=2e8e960a9b608ef3 depth=1 name=chip.run.validate ts=7252571335035826 dur=169321 
[mono_ns=7252571335217227][T0xfb768d5fb020][TIMING] emit_host_span: [STRACE] v=1 pid=1887751 tid=1887751 inv=7 hid=2e8e960a9b608ef3 depth=2 name=chip.run.runner_run.device_wall ts=0 dur=2537859 clk=dev
[mono_ns=7252571335215637][T0xfb768d5fb020][TIMING] emit_host_span: [STRACE] v=1 pid=1887738 tid=1887738 inv=7 hid=2e8e960a9b608ef3 depth=2 name=chip.run.runner_run.device_wall ts=0 dur=2804380 clk=dev
[mono_ns=7252571335222387][T0xfb768d5fb020][TIMING] emit_host_span: [STRACE] v=1 pid=1887751 tid=1887751 inv=7 hid=2e8e960a9b608ef3 depth=3 name=chip.run.runner_run.device_wall.preamble ts=0 dur=4780 clk=dev
[mono_ns=7252571335219427][T0xfb768d5fb020][TIMING] emit_host_span: [STRACE] v=1 pid=1887738 tid=1887738 inv=7 hid=2e8e960a9b608ef3 depth=3 name=chip.run.runner_run.device_wall.preamble ts=0 dur=4620 clk=dev
[mono_ns=7252571335225777][T0xfb768d5fb020][TIMING] emit_host_span: [STRACE] v=1 pid=1887751 tid=1887751 inv=7 hid=2e8e960a9b608ef3 depth=3 name=chip.run.runner_run.device_wall.graph_build ts=1260 dur=2525740 clk=dev
[mono_ns=7252571335222647][T0xfb768d5fb020][TIMING] emit_host_span: [STRACE] v=1 pid=1887738 tid=1887738 inv=7 hid=2e8e960a9b608ef3 depth=3 name=chip.run.runner_run.device_wall.graph_build ts=1100 dur=2792220 clk=dev
[mono_ns=7252571335229547][T0xfb768d5fb020][TIMING] emit_host_span: [STRACE] v=1 pid=1887751 tid=1887751 inv=7 hid=2e8e960a9b608ef3 depth=3 name=chip.run.runner_run.device_wall.config_validate ts=1359 dur=660 clk=dev
[mono_ns=7252571335225657][T0xfb768d5fb020][TIMING] emit_host_span: [STRACE] v=1 pid=1887738 tid=1887738 inv=7 hid=2e8e960a9b608ef3 depth=3 name=chip.run.runner_run.device_wall.config_validate ts=1400 dur=560 clk=dev
[mono_ns=7252571335232907][T0xfb768d5fb020][TIMING] emit_host_span: [STRACE] v=1 pid=1887751 tid=1887751 inv=7 hid=2e8e960a9b608ef3 depth=3 name=chip.run.runner_run.device_wall.arena_wire ts=2040 dur=240 clk=dev
[mono_ns=7252571335228707][T0xfb768d5fb020][TIMING] emit_host_span: [STRACE] v=1 pid=1887738 tid=1887738 inv=7 hid=2e8e960a9b608ef3 depth=3 name=chip.run.runner_run.device_wall.arena_wire ts=1980 dur=320 clk=dev
[mono_ns=7252571335228267][T0xfb768d5fb020][TIMING] emit_host_span: [STRACE] v=1 pid=1887782 tid=1887782 inv=7 hid=2e8e960a9b608ef3 depth=1 name=chip.run.validate ts=7252571335035576 dur=188271 
[mono_ns=7252571335236087][T0xfb768d5fb020][TIMING] emit_host_span: [STRACE] v=1 pid=1887751 tid=1887751 inv=7 hid=2e8e960a9b608ef3 depth=3 name=chip.run.runner_run.device_wall.sm_reset ts=2320 dur=459 clk=dev
[mono_ns=7252571335231747][T0xfb768d5fb020][TIMING] emit_host_span: [STRACE] v=1 pid=1887738 tid=1887738 inv=7 hid=2e8e960a9b608ef3 depth=3 name=chip.run.runner_run.device_wall.sm_reset ts=2320 dur=500 clk=dev
[mono_ns=7252571335235337][T0xfb768d5fb020][TIMING] emit_host_span: [STRACE] v=1 pid=1887782 tid=1887782 inv=7 hid=2e8e960a9b608ef3 depth=2 name=chip.run.runner_run.device_wall ts=0 dur=2009019 clk=dev
[mono_ns=7252571335239457][T0xfb768d5fb020][TIMING] emit_host_span: [STRACE] v=1 pid=1887751 tid=1887751 inv=7 hid=2e8e960a9b608ef3 depth=3 name=chip.run.runner_run.device_wall.post_orch ts=2527060 dur=10680 clk=dev
[mono_ns=7252571335235737][T0xfb768d5fb020][TIMING] emit_host_span: [STRACE] v=1 pid=1887738 tid=1887738 inv=7 hid=2e8e960a9b608ef3 depth=3 name=chip.run.runner_run.device_wall.post_orch ts=2793379 dur=10580 clk=dev
[mono_ns=7252571335240237][T0xfb768d5fb020][TIMING] emit_host_span: [STRACE] v=1 pid=1887782 tid=1887782 inv=7 hid=2e8e960a9b608ef3 depth=3 name=chip.run.runner_run.device_wall.preamble ts=0 dur=4700 clk=dev
[mono_ns=7252571335238877][T0xfb768d5fb020][TIMING] emit_host_span: [STRACE] v=1 pid=1887738 tid=1887738 inv=7 hid=2e8e960a9b608ef3 depth=3 name=chip.run.runner_run.device_wall.orch ts=2880 dur=3100 clk=dev
[mono_ns=7252571335242607][T0xfb768d5fb020][TIMING] emit_host_span: [STRACE] v=1 pid=1887751 tid=1887751 inv=7 hid=2e8e960a9b608ef3 depth=3 name=chip.run.runner_run.device_wall.orch ts=2820 dur=3320 clk=dev
[mono_ns=7252571335240377][T0xfb768d5fb020][TIMING] emit_host_span: [STRACE] v=1 pid=1887810 tid=1887810 inv=7 hid=2e8e960a9b608ef3 depth=1 name=chip.run.validate ts=7252571335041876 dur=194151 
[mono_ns=7252571335243757][T0xfb768d5fb020][TIMING] emit_host_span: [STRACE] v=1 pid=1887782 tid=1887782 inv=7 hid=2e8e960a9b608ef3 depth=3 name=chip.run.runner_run.device_wall.graph_build ts=1140 dur=1997500 clk=dev
[mono_ns=7252571335241837][T0xfb768d5fb020][TIMING] emit_host_span: [STRACE] v=1 pid=1887738 tid=1887738 inv=7 hid=2e8e960a9b608ef3 depth=3 name=chip.run.runner_run.device_wall.sched ts=4700 dur=2780580 clk=dev
[mono_ns=7252571335246697][T0xfb768d5fb020][TIMING] emit_host_span: [STRACE] v=1 pid=1887751 tid=1887751 inv=7 hid=2e8e960a9b608ef3 depth=3 name=chip.run.runner_run.device_wall.sched ts=4819 dur=2515020 clk=dev
[mono_ns=7252571335246877][T0xfb768d5fb020][TIMING] emit_host_span: [STRACE] v=1 pid=1887810 tid=1887810 inv=7 hid=2e8e960a9b608ef3 depth=2 name=chip.run.runner_run.device_wall ts=0 dur=1490320 clk=dev
[mono_ns=7252571335246947][T0xfb768d5fb020][TIMING] emit_host_span: [STRACE] v=1 pid=1887782 tid=1887782 inv=7 hid=2e8e960a9b608ef3 depth=3 name=chip.run.runner_run.device_wall.config_validate ts=1260 dur=640 clk=dev
[mono_ns=7252571335245847][T0xfb768d5fb020][TIMING] emit_host_span: [STRACE] v=1 pid=1887738 tid=1887738 inv=7 hid=2e8e960a9b608ef3 depth=1 name=chip.run.claim_release ts=7252571335243757 dur=330 
[mono_ns=7252571335251597][T0xfb768d5fb020][TIMING] emit_host_span: [STRACE] v=1 pid=1887810 tid=1887810 inv=7 hid=2e8e960a9b608ef3 depth=3 name=chip.run.runner_run.device_wall.preamble ts=0 dur=5100 clk=dev
[mono_ns=7252571335250857][T0xfb768d5fb020][TIMING] emit_host_span: [STRACE] v=1 pid=1887751 tid=1887751 inv=7 hid=2e8e960a9b608ef3 depth=1 name=chip.run.claim_release ts=7252571335248657 dur=410 
[mono_ns=7252571335254727][T0xfb768d5fb020][TIMING] emit_host_span: [STRACE] v=1 pid=1887810 tid=1887810 inv=7 hid=2e8e960a9b608ef3 depth=3 name=chip.run.runner_run.device_wall.graph_build ts=1359 dur=1478220 clk=dev
[mono_ns=7252571335250087][T0xfb768d5fb020][TIMING] emit_host_span: [STRACE] v=1 pid=1887782 tid=1887782 inv=7 hid=2e8e960a9b608ef3 depth=3 name=chip.run.runner_run.device_wall.arena_wire ts=2060 dur=260 clk=dev
[mono_ns=7252571335255597][T0xfb768d5fb020][TIMING] emit_host_span: [STRACE] v=1 pid=1887751 tid=1887751 inv=7 hid=2e8e960a9b608ef3 depth=0 name=chip.run ts=7252571331978755 dur=3274372 run_id=7 dispatch_id=7 slot_id=0 generation=7 run_epoch=7
[mono_ns=7252571335250147][T0xfb768d5fb020][TIMING] emit_host_span: [STRACE] v=1 pid=1887738 tid=1887738 inv=7 hid=2e8e960a9b608ef3 depth=0 name=chip.run ts=7252571331719984 dur=3528243 run_id=7 dispatch_id=7 slot_id=0 generation=7 run_epoch=7
[mono_ns=7252571335258067][T0xfb768d5fb020][TIMING] emit_host_span: [STRACE] v=1 pid=1887810 tid=1887810 inv=7 hid=2e8e960a9b608ef3 depth=3 name=chip.run.runner_run.device_wall.config_validate ts=1460 dur=640 clk=dev
[mono_ns=7252571335253207][T0xfb768d5fb020][TIMING] emit_host_span: [STRACE] v=1 pid=1887782 tid=1887782 inv=7 hid=2e8e960a9b608ef3 depth=3 name=chip.run.runner_run.device_wall.sm_reset ts=2340 dur=540 clk=dev
[mono_ns=7252571335261007][T0xfb768d5fb020][TIMING] emit_host_span: [STRACE] v=1 pid=1887810 tid=1887810 inv=7 hid=2e8e960a9b608ef3 depth=3 name=chip.run.runner_run.device_wall.arena_wire ts=2139 dur=260 clk=dev
[mono_ns=7252571335256247][T0xfb768d5fb020][TIMING] emit_host_span: [STRACE] v=1 pid=1887782 tid=1887782 inv=7 hid=2e8e960a9b608ef3 depth=3 name=chip.run.runner_run.device_wall.post_orch ts=1998680 dur=10240 clk=dev
[mono_ns=7252571335263937][T0xfb768d5fb020][TIMING] emit_host_span: [STRACE] v=1 pid=1887810 tid=1887810 inv=7 hid=2e8e960a9b608ef3 depth=3 name=chip.run.runner_run.device_wall.sm_reset ts=2420 dur=500 clk=dev
[mono_ns=7252571335259257][T0xfb768d5fb020][TIMING] emit_host_span: [STRACE] v=1 pid=1887782 tid=1887782 inv=7 hid=2e8e960a9b608ef3 depth=3 name=chip.run.runner_run.device_wall.orch ts=2920 dur=2960 clk=dev
[mono_ns=7252571335250717][T0xfb768d5fb020][TIMING] emit_host_span: [STRACE] v=1 pid=1887844 tid=1887844 inv=7 hid=2e8e960a9b608ef3 depth=1 name=chip.run.validate ts=7252571335041896 dur=204601 
[mono_ns=7252571335266867][T0xfb768d5fb020][TIMING] emit_host_span: [STRACE] v=1 pid=1887810 tid=1887810 inv=7 hid=2e8e960a9b608ef3 depth=3 name=chip.run.runner_run.device_wall.post_orch ts=1479620 dur=10120 clk=dev
[mono_ns=7252571335262097][T0xfb768d5fb020][TIMING] emit_host_span: [STRACE] v=1 pid=1887782 tid=1887782 inv=7 hid=2e8e960a9b608ef3 depth=3 name=chip.run.runner_run.device_wall.sched ts=4740 dur=1986300 clk=dev
[mono_ns=7252571335269747][T0xfb768d5fb020][TIMING] emit_host_span: [STRACE] v=1 pid=1887810 tid=1887810 inv=7 hid=2e8e960a9b608ef3 depth=3 name=chip.run.runner_run.device_wall.orch ts=2980 dur=3340 clk=dev
[mono_ns=7252571335266047][T0xfb768d5fb020][TIMING] emit_host_span: [STRACE] v=1 pid=1887782 tid=1887782 inv=7 hid=2e8e960a9b608ef3 depth=1 name=chip.run.claim_release ts=7252571335263957 dur=300 
[mono_ns=7252571335261527][T0xfb768d5fb020][TIMING] emit_host_span: [STRACE] v=1 pid=1887844 tid=1887844 inv=7 hid=2e8e960a9b608ef3 depth=2 name=chip.run.runner_run.device_wall ts=0 dur=979160 clk=dev
[mono_ns=7252571335272677][T0xfb768d5fb020][TIMING] emit_host_span: [STRACE] v=1 pid=1887810 tid=1887810 inv=7 hid=2e8e960a9b608ef3 depth=3 name=chip.run.runner_run.device_wall.sched ts=5120 dur=1467440 clk=dev
[mono_ns=7252571335270207][T0xfb768d5fb020][TIMING] emit_host_span: [STRACE] v=1 pid=1887782 tid=1887782 inv=7 hid=2e8e960a9b608ef3 depth=0 name=chip.run ts=7252571332477286 dur=2790971 run_id=7 dispatch_id=7 slot_id=0 generation=7 run_epoch=7
[mono_ns=7252571335265637][T0xfb768d5fb020][TIMING] emit_host_span: [STRACE] v=1 pid=1887844 tid=1887844 inv=7 hid=2e8e960a9b608ef3 depth=3 name=chip.run.runner_run.device_wall.preamble ts=0 dur=4880 clk=dev
[mono_ns=7252571335276717][T0xfb768d5fb020][TIMING] emit_host_span: [STRACE] v=1 pid=1887810 tid=1887810 inv=7 hid=2e8e960a9b608ef3 depth=1 name=chip.run.claim_release ts=7252571335274317 dur=670 
[mono_ns=7252571335267687][T0xfb768d5fb020][TIMING] emit_host_span: [STRACE] v=1 pid=1887766 tid=1887766 inv=7 hid=2e8e960a9b608ef3 depth=1 name=chip.run.validate ts=7252571335035516 dur=228411 
[mono_ns=7252571335281127][T0xfb768d5fb020][TIMING] emit_host_span: [STRACE] v=1 pid=1887810 tid=1887810 inv=7 hid=2e8e960a9b608ef3 depth=0 name=chip.run ts=7252571332965688 dur=2313519 run_id=7 dispatch_id=7 slot_id=0 generation=7 run_epoch=7
[mono_ns=7252571335279187][T0xfb753002cca0][TIMING] emit_host_span: [STRACE] v=1 pid=1883258 tid=1888752 inv=7 hid=50b590682672cac0 depth=0 name=node.complete ts=7252571335275517 dur=440 run_id=7 task_slot=0 group_index=0 worker_id=0 dispatch_id=7 endpoint_kind=local_mailbox prepare_only=0 role=worker outcome=0
[mono_ns=7252571335277987][T0xfb768d5fb020][TIMING] emit_host_span: [STRACE] v=1 pid=1887766 tid=1887766 inv=7 hid=2e8e960a9b608ef3 depth=2 name=chip.run.runner_run.device_wall ts=0 dur=2169680 clk=dev
[mono_ns=7252571335288227][T0xfb753002cca0][TIMING] emit_host_span: [STRACE] v=1 pid=1883258 tid=1888752 inv=7 hid=50b590682672cac0 depth=0 name=node.complete ts=7252571335284867 dur=470 run_id=7 task_slot=1 group_index=0 worker_id=1 dispatch_id=7 endpoint_kind=local_mailbox prepare_only=0 role=worker outcome=0
[mono_ns=7252571335281857][T0xfb768d5fb020][TIMING] emit_host_span: [STRACE] v=1 pid=1887766 tid=1887766 inv=7 hid=2e8e960a9b608ef3 depth=3 name=chip.run.runner_run.device_wall.preamble ts=0 dur=5439 clk=dev
[mono_ns=7252571335269867][T0xfb768d5fb020][TIMING] emit_host_span: [STRACE] v=1 pid=1887844 tid=1887844 inv=7 hid=2e8e960a9b608ef3 depth=3 name=chip.run.runner_run.device_wall.graph_build ts=1200 dur=966860 clk=dev
[mono_ns=7252571335288817][T0xfb768d5fb020][TIMING] emit_host_span: [STRACE] v=1 pid=1887795 tid=1887795 inv=7 hid=2e8e960a9b608ef3 depth=1 name=chip.run.validate ts=7252571335034106 dur=250901 
[mono_ns=7252571335301067][T0xfb753002cca0][TIMING] emit_host_span: [STRACE] v=1 pid=1883258 tid=1888752 inv=0 hid=0 depth=0 name=node.scheduler_loop ts=7252571335272937 dur=25030 role=scheduler drained=2 dispatched=0 drain_ns=22880 spins=561
[mono_ns=7252571335294217][T0xfb768d5fb020][TIMING] emit_host_span: [STRACE] v=1 pid=1887827 tid=1887827 inv=7 hid=2e8e960a9b608ef3 depth=1 name=chip.run.validate ts=7252571335077576 dur=211751 
[mono_ns=7252571335302137][T0xfb768d5fb020][TIMING] emit_host_span: [STRACE] v=1 pid=1887844 tid=1887844 inv=7 hid=2e8e960a9b608ef3 depth=3 name=chip.run.runner_run.device_wall.config_validate ts=1500 dur=560 clk=dev
[mono_ns=7252571335300037][T0xfb768d5fb020][TIMING] emit_host_span: [STRACE] v=1 pid=1887795 tid=1887795 inv=7 hid=2e8e960a9b608ef3 depth=2 name=chip.run.runner_run.device_wall ts=0 dur=1699020 clk=dev
[mono_ns=7252571335304227][T0xfb768d5fb020][TIMING] emit_host_span: [STRACE] v=1 pid=1887827 tid=1887827 inv=7 hid=2e8e960a9b608ef3 depth=2 name=chip.run.runner_run.device_wall ts=0 dur=1190680 clk=dev
[mono_ns=7252571335306297][T0xfb768d5fb020][TIMING] emit_host_span: [STRACE] v=1 pid=1887844 tid=1887844 inv=7 hid=2e8e960a9b608ef3 depth=3 name=chip.run.runner_run.device_wall.arena_wire ts=2080 dur=260 clk=dev
[mono_ns=7252571335304237][T0xfb768d5fb020][TIMING] emit_host_span: [STRACE] v=1 pid=1887795 tid=1887795 inv=7 hid=2e8e960a9b608ef3 depth=3 name=chip.run.runner_run.device_wall.preamble ts=0 dur=5820 clk=dev
[mono_ns=7252571335310107][T0xfb768d5fb020][TIMING] emit_host_span: [STRACE] v=1 pid=1887844 tid=1887844 inv=7 hid=2e8e960a9b608ef3 depth=3 name=chip.run.runner_run.device_wall.sm_reset ts=2360 dur=500 clk=dev
[mono_ns=7252571335308687][T0xfb768d5fb020][TIMING] emit_host_span: [STRACE] v=1 pid=1887827 tid=1887827 inv=7 hid=2e8e960a9b608ef3 depth=3 name=chip.run.runner_run.device_wall.preamble ts=0 dur=5439 clk=dev
[mono_ns=7252571335310537][T0xfb753002cca0][TIMING] emit_host_span: [STRACE] v=1 pid=1883258 tid=1888752 inv=7 hid=50b590682672cac0 depth=0 name=node.complete ts=7252571335307307 dur=310 run_id=7 task_slot=3 group_index=0 worker_id=3 dispatch_id=7 endpoint_kind=local_mailbox prepare_only=0 role=worker outcome=0
[mono_ns=7252571335309417][T0xfb768d5fb020][TIMING] emit_host_span: [STRACE] v=1 pid=1887795 tid=1887795 inv=7 hid=2e8e960a9b608ef3 depth=3 name=chip.run.runner_run.device_wall.graph_build ts=1240 dur=1688800 clk=dev
[mono_ns=7252571335314197][T0xfb768d5fb020][TIMING] emit_host_span: [STRACE] v=1 pid=1887844 tid=1887844 inv=7 hid=2e8e960a9b608ef3 depth=3 name=chip.run.runner_run.device_wall.post_orch ts=968120 dur=10560 clk=dev
[mono_ns=7252571335313487][T0xfb768d5fb020][TIMING] emit_host_span: [STRACE] v=1 pid=1887827 tid=1887827 inv=7 hid=2e8e960a9b608ef3 depth=3 name=chip.run.runner_run.device_wall.graph_build ts=1920 dur=1178120 clk=dev
[mono_ns=7252571335286917][T0xfb768d5fb020][TIMING] emit_host_span: [STRACE] v=1 pid=1887766 tid=1887766 inv=7 hid=2e8e960a9b608ef3 depth=3 name=chip.run.runner_run.device_wall.graph_build ts=1500 dur=2159200 clk=dev
[mono_ns=7252571335319207][T0xfb753002cca0][TIMING] emit_host_span: [STRACE] v=1 pid=1883258 tid=1888752 inv=7 hid=50b590682672cac0 depth=0 name=node.complete ts=7252571335316007 dur=280 run_id=7 task_slot=5 group_index=0 worker_id=5 dispatch_id=7 endpoint_kind=local_mailbox prepare_only=0 role=worker outcome=0
[mono_ns=7252571335314517][T0xfb768d5fb020][TIMING] emit_host_span: [STRACE] v=1 pid=1887795 tid=1887795 inv=7 hid=2e8e960a9b608ef3 depth=3 name=chip.run.runner_run.device_wall.config_validate ts=1320 dur=700 clk=dev
[mono_ns=7252571335317777][T0xfb768d5fb020][TIMING] emit_host_span: [STRACE] v=1 pid=1887766 tid=1887766 inv=7 hid=2e8e960a9b608ef3 depth=3 name=chip.run.runner_run.device_wall.config_validate ts=1599 dur=760 clk=dev
[mono_ns=7252571335318187][T0xfb768d5fb020][TIMING] emit_host_span: [STRACE] v=1 pid=1887844 tid=1887844 inv=7 hid=2e8e960a9b608ef3 depth=3 name=chip.run.runner_run.device_wall.orch ts=2880 dur=3380 clk=dev
[mono_ns=7252571335317747][T0xfb768d5fb020][TIMING] emit_host_span: [STRACE] v=1 pid=1887827 tid=1887827 inv=7 hid=2e8e960a9b608ef3 depth=3 name=chip.run.runner_run.device_wall.config_validate ts=2020 dur=679 clk=dev
[mono_ns=7252571335319787][T0xfb768d5fb020][TIMING] emit_host_span: [STRACE] v=1 pid=1887795 tid=1887795 inv=7 hid=2e8e960a9b608ef3 depth=3 name=chip.run.runner_run.device_wall.arena_wire ts=2060 dur=260 clk=dev
[mono_ns=7252571335323667][T0xfb768d5fb020][TIMING] emit_host_span: [STRACE] v=1 pid=1887844 tid=1887844 inv=7 hid=2e8e960a9b608ef3 depth=3 name=chip.run.runner_run.device_wall.sched ts=4920 dur=955900 clk=dev
[mono_ns=7252571335323077][T0xfb768d5fb020][TIMING] emit_host_span: [STRACE] v=1 pid=1887827 tid=1887827 inv=7 hid=2e8e960a9b608ef3 depth=3 name=chip.run.runner_run.device_wall.arena_wire ts=2740 dur=260 clk=dev
[mono_ns=7252571335321747][T0xfb768d5fb020][TIMING] emit_host_span: [STRACE] v=1 pid=1887766 tid=1887766 inv=7 hid=2e8e960a9b608ef3 depth=3 name=chip.run.runner_run.device_wall.arena_wire ts=2380 dur=280 clk=dev
[mono_ns=7252571335326037][T0xfb768d5fb020][TIMING] emit_host_span: [STRACE] v=1 pid=1887795 tid=1887795 inv=7 hid=2e8e960a9b608ef3 depth=3 name=chip.run.runner_run.device_wall.sm_reset ts=2360 dur=459 clk=dev
[mono_ns=7252571335326837][T0xfb768d5fb020][TIMING] emit_host_span: [STRACE] v=1 pid=1887827 tid=1887827 inv=7 hid=2e8e960a9b608ef3 depth=3 name=chip.run.runner_run.device_wall.sm_reset ts=3020 dur=480 clk=dev
[mono_ns=7252571335330967][T0xfb753002cca0][TIMING] emit_host_span: [STRACE] v=1 pid=1883258 tid=1888752 inv=0 hid=0 depth=0 name=node.scheduler_loop ts=7252571335304637 dur=23350 role=scheduler drained=2 dispatched=0 drain_ns=21210 spins=0
[mono_ns=7252571335325467][T0xfb768d5fb020][TIMING] emit_host_span: [STRACE] v=1 pid=1887766 tid=1887766 inv=7 hid=2e8e960a9b608ef3 depth=3 name=chip.run.runner_run.device_wall.sm_reset ts=2680 dur=459 clk=dev
[mono_ns=7252571335330707][T0xfb768d5fb020][TIMING] emit_host_span: [STRACE] v=1 pid=1887827 tid=1887827 inv=7 hid=2e8e960a9b608ef3 depth=3 name=chip.run.runner_run.device_wall.post_orch ts=1180080 dur=10520 clk=dev
[mono_ns=7252571335334667][T0xfb768d5fb020][TIMING] emit_host_span: [STRACE] v=1 pid=1887827 tid=1887827 inv=7 hid=2e8e960a9b608ef3 depth=3 name=chip.run.runner_run.device_wall.orch ts=3540 dur=3420 clk=dev
[mono_ns=7252571335329717][T0xfb768d5fb020][TIMING] emit_host_span: [STRACE] v=1 pid=1887795 tid=1887795 inv=7 hid=2e8e960a9b608ef3 depth=3 name=chip.run.runner_run.device_wall.post_orch ts=1690100 dur=8780 clk=dev
[mono_ns=7252571335327287][T0xfb768d5fb020][TIMING] emit_host_span: [STRACE] v=1 pid=1887844 tid=1887844 inv=7 hid=2e8e960a9b608ef3 depth=1 name=chip.run.claim_release ts=7252571335325207 dur=330 
[mono_ns=7252571335328497][T0xfb768d5fb020][TIMING] emit_host_span: [STRACE] v=1 pid=1887766 tid=1887766 inv=7 hid=2e8e960a9b608ef3 depth=3 name=chip.run.runner_run.device_wall.post_orch ts=2160759 dur=8740 clk=dev
[mono_ns=7252571335337767][T0xfb768d5fb020][TIMING] emit_host_span: [STRACE] v=1 pid=1887827 tid=1887827 inv=7 hid=2e8e960a9b608ef3 depth=3 name=chip.run.runner_run.device_wall.sched ts=5540 dur=1167200 clk=dev
[mono_ns=7252571335333937][T0xfb768d5fb020][TIMING] emit_host_span: [STRACE] v=1 pid=1887795 tid=1887795 inv=7 hid=2e8e960a9b608ef3 depth=3 name=chip.run.runner_run.device_wall.orch ts=2860 dur=3420 clk=dev
[mono_ns=7252571335333647][T0xfb768d5fb020][TIMING] emit_host_span: [STRACE] v=1 pid=1887766 tid=1887766 inv=7 hid=2e8e960a9b608ef3 depth=3 name=chip.run.runner_run.device_wall.orch ts=3180 dur=3320 clk=dev
[mono_ns=7252571335343667][T0xfb768d5fb020][TIMING] emit_host_span: [STRACE] v=1 pid=1887827 tid=1887827 inv=7 hid=2e8e960a9b608ef3 depth=1 name=chip.run.claim_release ts=7252571335341567 dur=380 
[mono_ns=7252571335338127][T0xfb768d5fb020][TIMING] emit_host_span: [STRACE] v=1 pid=1887795 tid=1887795 inv=7 hid=2e8e960a9b608ef3 depth=3 name=chip.run.runner_run.device_wall.sched ts=5880 dur=1677120 clk=dev
[mono_ns=7252571335337107][T0xfb768d5fb020][TIMING] emit_host_span: [STRACE] v=1 pid=1887766 tid=1887766 inv=7 hid=2e8e960a9b608ef3 depth=3 name=chip.run.runner_run.device_wall.sched ts=5520 dur=2147360 clk=dev
[mono_ns=7252571335349227][T0xfb768d5fb020][TIMING] emit_host_span: [STRACE] v=1 pid=1887827 tid=1887827 inv=7 hid=2e8e960a9b608ef3 depth=0 name=chip.run ts=7252571333233359 dur=2113868 run_id=7 dispatch_id=7 slot_id=0 generation=7 run_epoch=7
[mono_ns=7252571335343207][T0xfb768d5fb020][TIMING] emit_host_span: [STRACE] v=1 pid=1887795 tid=1887795 inv=7 hid=2e8e960a9b608ef3 depth=1 name=chip.run.claim_release ts=7252571335341157 dur=310 
[mono_ns=7252571335347507][T0xfb768d5fb020][TIMING] emit_host_span: [STRACE] v=1 pid=1887795 tid=1887795 inv=7 hid=2e8e960a9b608ef3 depth=0 name=chip.run ts=7252571332715167 dur=2630370 run_id=7 dispatch_id=7 slot_id=0 generation=7 run_epoch=7
[mono_ns=7252571335332367][T0xfb768d5fb020][TIMING] emit_host_span: [STRACE] v=1 pid=1887844 tid=1887844 inv=7 hid=2e8e960a9b608ef3 depth=0 name=chip.run ts=7252571333470260 dur=1860037 run_id=7 dispatch_id=7 slot_id=0 generation=7 run_epoch=7
[mono_ns=7252571335342267][T0xfb768d5fb020][TIMING] emit_host_span: [STRACE] v=1 pid=1887766 tid=1887766 inv=7 hid=2e8e960a9b608ef3 depth=1 name=chip.run.claim_release ts=7252571335340197 dur=300 
[mono_ns=7252571335347187][T0xfb768d5fb020][TIMING] emit_host_span: [STRACE] v=1 pid=1887766 tid=1887766 inv=7 hid=2e8e960a9b608ef3 depth=0 name=chip.run ts=7252571332237526 dur=3107741 run_id=7 dispatch_id=7 slot_id=0 generation=7 run_epoch=7
[mono_ns=7252571335376007][T0xfb753002cca0][TIMING] emit_host_span: [STRACE] v=1 pid=1883258 tid=1888752 inv=7 hid=50b590682672cac0 depth=0 name=node.complete ts=7252571335372757 dur=280 run_id=7 task_slot=4 group_index=0 worker_id=4 dispatch_id=7 endpoint_kind=local_mailbox prepare_only=0 role=worker outcome=0
[mono_ns=7252571335384817][T0xfb753002cca0][TIMING] emit_host_span: [STRACE] v=1 pid=1883258 tid=1888752 inv=7 hid=50b590682672cac0 depth=0 name=node.complete ts=7252571335381627 dur=260 run_id=7 task_slot=6 group_index=0 worker_id=6 dispatch_id=7 endpoint_kind=local_mailbox prepare_only=0 role=worker outcome=0
[mono_ns=7252571335392177][T0xfb753002cca0][TIMING] emit_host_span: [STRACE] v=1 pid=1883258 tid=1888752 inv=7 hid=50b590682672cac0 depth=0 name=node.complete ts=7252571335389107 dur=270 run_id=7 task_slot=7 group_index=0 worker_id=7 dispatch_id=7 endpoint_kind=local_mailbox prepare_only=0 role=worker outcome=0
[mono_ns=7252571335406537][T0xfb753002cca0][TIMING] emit_host_span: [STRACE] v=1 pid=1883258 tid=1888752 inv=0 hid=0 depth=0 name=node.scheduler_loop ts=7252571335369727 dur=33710 role=scheduler drained=3 dispatched=0 drain_ns=31390 spins=10
[mono_ns=7252571335415917][T0xfb753002cca0][TIMING] emit_host_span: [STRACE] v=1 pid=1883258 tid=1888752 inv=7 hid=50b590682672cac0 depth=0 name=node.complete ts=7252571335412737 dur=290 run_id=7 task_slot=2 group_index=0 worker_id=2 dispatch_id=7 endpoint_kind=local_mailbox prepare_only=0 role=worker outcome=0
[mono_ns=7252571335426157][T0xfb753002cca0][TIMING] emit_host_span: [STRACE] v=1 pid=1883258 tid=1888752 inv=0 hid=0 depth=0 name=node.scheduler_loop ts=7252571335409827 dur=13300 role=scheduler drained=1 dispatched=0 drain_ns=13150 spins=0
[mono_ns=7252571335498788][T0xfb768d5fb020][TIMING] emit_host_span: [STRACE] v=1 pid=1883258 tid=1883258 inv=7 hid=0 depth=0 name=node.post_fence_retirement ts=7252571335420467 dur=74071 run_id=7 slot_id=0 generation=7 role=facade
[mono_ns=7252571336107670][T0xfb768d5fb020][TIMING] emit_host_span: [STRACE] v=1 pid=1883258 tid=1883258 inv=8 hid=50b590682672cac0 depth=0 name=node.submit ts=7252571336089790 dur=12750 run_id=8 task_slot=0 group_index=0 group_size=1 worker_id=0 role=facade
[mono_ns=7252571336119240][T0xfb753002cca0][TIMING] emit_host_span: [STRACE] v=1 pid=1883258 tid=1888752 inv=8 hid=50b590682672cac0 depth=0 name=node.frame_submit ts=7252571336114300 dur=1050 run_id=8 task_slot=0 group_index=0 worker_id=0 dispatch_id=8 endpoint_kind=local_mailbox prepare_only=0 role=worker
[mono_ns=7252571336126350][T0xfb753002cca0][TIMING] emit_host_span: [STRACE] v=1 pid=1883258 tid=1888752 inv=8 hid=50b590682672cac0 depth=0 name=node.dispatch ts=7252571336111580 dur=10360 run_id=8 task_slot=0 group_index=0 worker_id=0 dispatch_id=8 endpoint_kind=local_mailbox prepare_only=0 role=scheduler slot_id=0 generation=8
[mono_ns=7252571336134470][T0xfb753002cca0][TIMING] emit_host_span: [STRACE] v=1 pid=1883258 tid=1888752 inv=0 hid=0 depth=0 name=node.scheduler_loop ts=7252571336107840 dur=23460 role=scheduler drained=0 dispatched=1 drain_ns=1470 spins=1
[mono_ns=7252571336358381][T0xfb768d5fb020][TIMING] emit_host_span: [STRACE] v=1 pid=1883258 tid=1883258 inv=8 hid=50b590682672cac0 depth=0 name=node.submit ts=7252571336343031 dur=9180 run_id=8 task_slot=1 group_index=0 group_size=1 worker_id=1 role=facade
[mono_ns=7252571336360751][T0xfb753002cca0][TIMING] emit_host_span: [STRACE] v=1 pid=1883258 tid=1888752 inv=8 hid=50b590682672cac0 depth=0 name=node.frame_submit ts=7252571336356731 dur=920 run_id=8 task_slot=1 group_index=0 worker_id=1 dispatch_id=8 endpoint_kind=local_mailbox prepare_only=0 role=worker
[mono_ns=7252571336368301][T0xfb753002cca0][TIMING] emit_host_span: [STRACE] v=1 pid=1883258 tid=1888752 inv=8 hid=50b590682672cac0 depth=0 name=node.dispatch ts=7252571336354301 dur=9630 run_id=8 task_slot=1 group_index=0 worker_id=1 dispatch_id=8 endpoint_kind=local_mailbox prepare_only=0 role=scheduler slot_id=0 generation=8
[mono_ns=7252571336373971][T0xfb753002cca0][TIMING] emit_host_span: [STRACE] v=1 pid=1883258 tid=1888752 inv=0 hid=0 depth=0 name=node.scheduler_loop ts=7252571336350931 dur=20070 role=scheduler drained=0 dispatched=1 drain_ns=1430 spins=59
[mono_ns=7252571336409011][T0xfb768d5fb020][TIMING] emit_host_span: [STRACE] v=1 pid=1887738 tid=1887738 inv=8 hid=2e8e960a9b608ef3 depth=2 name=chip.run.bind.args ts=7252571336253990 dur=150091 
[mono_ns=7252571336418891][T0xfb768d5fb020][TIMING] emit_host_span: [STRACE] v=1 pid=1887738 tid=1887738 inv=8 hid=2e8e960a9b608ef3 depth=2 name=chip.run.bind.prebuilt ts=7252571336414591 dur=1990 
[mono_ns=7252571336422921][T0xfb768d5fb020][TIMING] emit_host_span: [STRACE] v=1 pid=1887738 tid=1887738 inv=8 hid=2e8e960a9b608ef3 depth=1 name=chip.run.bind ts=7252571336248110 dur=172671 
[mono_ns=7252571336598892][T0xfb768d5fb020][TIMING] emit_host_span: [STRACE] v=1 pid=1883258 tid=1883258 inv=8 hid=50b590682672cac0 depth=0 name=node.submit ts=7252571336583942 dur=9450 run_id=8 task_slot=2 group_index=0 group_size=1 worker_id=2 role=facade
[mono_ns=7252571336603092][T0xfb753002cca0][TIMING] emit_host_span: [STRACE] v=1 pid=1883258 tid=1888752 inv=8 hid=50b590682672cac0 depth=0 name=node.frame_submit ts=7252571336598272 dur=1800 run_id=8 task_slot=2 group_index=0 worker_id=2 dispatch_id=8 endpoint_kind=local_mailbox prepare_only=0 role=worker
[mono_ns=7252571336609522][T0xfb753002cca0][TIMING] emit_host_span: [STRACE] v=1 pid=1883258 tid=1888752 inv=8 hid=50b590682672cac0 depth=0 name=node.dispatch ts=7252571336596042 dur=9230 run_id=8 task_slot=2 group_index=0 worker_id=2 dispatch_id=8 endpoint_kind=local_mailbox prepare_only=0 role=scheduler slot_id=0 generation=8
[mono_ns=7252571336615542][T0xfb753002cca0][TIMING] emit_host_span: [STRACE] v=1 pid=1883258 tid=1888752 inv=0 hid=0 depth=0 name=node.scheduler_loop ts=7252571336592572 dur=19520 role=scheduler drained=0 dispatched=1 drain_ns=1510 spins=59
[mono_ns=7252571336657302][T0xfb768d5fb020][TIMING] emit_host_span: [STRACE] v=1 pid=1887751 tid=1887751 inv=8 hid=2e8e960a9b608ef3 depth=2 name=chip.run.bind.args ts=7252571336496371 dur=156161 
[mono_ns=7252571336668242][T0xfb768d5fb020][TIMING] emit_host_span: [STRACE] v=1 pid=1887751 tid=1887751 inv=8 hid=2e8e960a9b608ef3 depth=2 name=chip.run.bind.prebuilt ts=7252571336664072 dur=1980 
[mono_ns=7252571336672302][T0xfb768d5fb020][TIMING] emit_host_span: [STRACE] v=1 pid=1887751 tid=1887751 inv=8 hid=2e8e960a9b608ef3 depth=1 name=chip.run.bind ts=7252571336490571 dur=179721 
[mono_ns=7252571336832113][T0xfb768d5fb020][TIMING] emit_host_span: [STRACE] v=1 pid=1883258 tid=1883258 inv=8 hid=50b590682672cac0 depth=0 name=node.submit ts=7252571336818613 dur=8880 run_id=8 task_slot=3 group_index=0 group_size=1 worker_id=3 role=facade
[mono_ns=7252571336836803][T0xfb753002cca0][TIMING] emit_host_span: [STRACE] v=1 pid=1883258 tid=1888752 inv=8 hid=50b590682672cac0 depth=0 name=node.frame_submit ts=7252571336832983 dur=750 run_id=8 task_slot=3 group_index=0 worker_id=3 dispatch_id=8 endpoint_kind=local_mailbox prepare_only=0 role=worker
[mono_ns=7252571336843223][T0xfb753002cca0][TIMING] emit_host_span: [STRACE] v=1 pid=1883258 tid=1888752 inv=8 hid=50b590682672cac0 depth=0 name=node.dispatch ts=7252571336830723 dur=8300 run_id=8 task_slot=3 group_index=0 worker_id=3 dispatch_id=8 endpoint_kind=local_mailbox prepare_only=0 role=scheduler slot_id=0 generation=8
[mono_ns=7252571336848503][T0xfb753002cca0][TIMING] emit_host_span: [STRACE] v=1 pid=1883258 tid=1888752 inv=0 hid=0 depth=0 name=node.scheduler_loop ts=7252571336826943 dur=18640 role=scheduler drained=0 dispatched=1 drain_ns=1630 spins=56
[mono_ns=7252571336996373][T0xfb768d5fb020][TIMING] emit_host_span: [STRACE] v=1 pid=1887766 tid=1887766 inv=8 hid=2e8e960a9b608ef3 depth=2 name=chip.run.bind.args ts=7252571336741132 dur=250561 
[mono_ns=7252571337019703][T0xfb768d5fb020][TIMING] emit_host_span: [STRACE] v=1 pid=1887766 tid=1887766 inv=8 hid=2e8e960a9b608ef3 depth=2 name=chip.run.bind.prebuilt ts=7252571337015233 dur=2080 
[mono_ns=7252571337024653][T0xfb768d5fb020][TIMING] emit_host_span: [STRACE] v=1 pid=1887766 tid=1887766 inv=8 hid=2e8e960a9b608ef3 depth=1 name=chip.run.bind ts=7252571336735712 dur=286691 
[mono_ns=7252571337082134][T0xfb768d5fb020][TIMING] emit_host_span: [STRACE] v=1 pid=1883258 tid=1883258 inv=8 hid=50b590682672cac0 depth=0 name=node.submit ts=7252571337066913 dur=10731 run_id=8 task_slot=4 group_index=0 group_size=1 worker_id=4 role=facade
[mono_ns=7252571337084894][T0xfb753002cca0][TIMING] emit_host_span: [STRACE] v=1 pid=1883258 tid=1888752 inv=8 hid=50b590682672cac0 depth=0 name=node.frame_submit ts=7252571337080064 dur=1710 run_id=8 task_slot=4 group_index=0 worker_id=4 dispatch_id=8 endpoint_kind=local_mailbox prepare_only=0 role=worker
[mono_ns=7252571337091544][T0xfb753002cca0][TIMING] emit_host_span: [STRACE] v=1 pid=1883258 tid=1888752 inv=8 hid=50b590682672cac0 depth=0 name=node.dispatch ts=7252571337077584 dur=9490 run_id=8 task_slot=4 group_index=0 worker_id=4 dispatch_id=8 endpoint_kind=local_mailbox prepare_only=0 role=scheduler slot_id=0 generation=8
[mono_ns=7252571337097184][T0xfb753002cca0][TIMING] emit_host_span: [STRACE] v=1 pid=1883258 tid=1888752 inv=0 hid=0 depth=0 name=node.scheduler_loop ts=7252571337073044 dur=20790 role=scheduler drained=0 dispatched=1 drain_ns=1390 spins=62
[mono_ns=7252571337171484][T0xfb768d5fb020][TIMING] emit_host_span: [STRACE] v=1 pid=1887782 tid=1887782 inv=8 hid=2e8e960a9b608ef3 depth=2 name=chip.run.bind.args ts=7252571336974333 dur=192131 
[mono_ns=7252571337181984][T0xfb768d5fb020][TIMING] emit_host_span: [STRACE] v=1 pid=1887782 tid=1887782 inv=8 hid=2e8e960a9b608ef3 depth=2 name=chip.run.bind.prebuilt ts=7252571337178054 dur=1730 
[mono_ns=7252571337185704][T0xfb768d5fb020][TIMING] emit_host_span: [STRACE] v=1 pid=1887782 tid=1887782 inv=8 hid=2e8e960a9b608ef3 depth=1 name=chip.run.bind ts=7252571336968693 dur=215141 
[mono_ns=7252571337318644][T0xfb768d5fb020][TIMING] emit_host_span: [STRACE] v=1 pid=1883258 tid=1883258 inv=8 hid=50b590682672cac0 depth=0 name=node.submit ts=7252571337303954 dur=9120 run_id=8 task_slot=5 group_index=0 group_size=1 worker_id=5 role=facade
[mono_ns=7252571337321414][T0xfb753002cca0][TIMING] emit_host_span: [STRACE] v=1 pid=1883258 tid=1888752 inv=8 hid=50b590682672cac0 depth=0 name=node.frame_submit ts=7252571337317804 dur=630 run_id=8 task_slot=5 group_index=0 worker_id=5 dispatch_id=8 endpoint_kind=local_mailbox prepare_only=0 role=worker
[mono_ns=7252571337328554][T0xfb753002cca0][TIMING] emit_host_span: [STRACE] v=1 pid=1883258 tid=1888752 inv=8 hid=50b590682672cac0 depth=0 name=node.dispatch ts=7252571337315664 dur=8180 run_id=8 task_slot=5 group_index=0 worker_id=5 dispatch_id=8 endpoint_kind=local_mailbox prepare_only=0 role=scheduler slot_id=0 generation=8
[mono_ns=7252571337333504][T0xfb753002cca0][TIMING] emit_host_span: [STRACE] v=1 pid=1883258 tid=1888752 inv=0 hid=0 depth=0 name=node.scheduler_loop ts=7252571337311944 dur=18700 role=scheduler drained=0 dispatched=1 drain_ns=1460 spins=61
[mono_ns=7252571337469165][T0xfb768d5fb020][TIMING] emit_host_span: [STRACE] v=1 pid=1887795 tid=1887795 inv=8 hid=2e8e960a9b608ef3 depth=2 name=chip.run.bind.args ts=7252571337224274 dur=239681 
[mono_ns=7252571337483795][T0xfb768d5fb020][TIMING] emit_host_span: [STRACE] v=1 pid=1887795 tid=1887795 inv=8 hid=2e8e960a9b608ef3 depth=2 name=chip.run.bind.prebuilt ts=7252571337479595 dur=1820 
[mono_ns=7252571337488445][T0xfb768d5fb020][TIMING] emit_host_span: [STRACE] v=1 pid=1887795 tid=1887795 inv=8 hid=2e8e960a9b608ef3 depth=1 name=chip.run.bind ts=7252571337218724 dur=267681 
[mono_ns=7252571337553515][T0xfb768d5fb020][TIMING] emit_host_span: [STRACE] v=1 pid=1883258 tid=1883258 inv=8 hid=50b590682672cac0 depth=0 name=node.submit ts=7252571337538865 dur=9290 run_id=8 task_slot=6 group_index=0 group_size=1 worker_id=6 role=facade
[mono_ns=7252571337557185][T0xfb753002cca0][TIMING] emit_host_span: [STRACE] v=1 pid=1883258 tid=1888752 inv=8 hid=50b590682672cac0 depth=0 name=node.frame_submit ts=7252571337552375 dur=1830 run_id=8 task_slot=6 group_index=0 worker_id=6 dispatch_id=8 endpoint_kind=local_mailbox prepare_only=0 role=worker
[mono_ns=7252571337563555][T0xfb753002cca0][TIMING] emit_host_span: [STRACE] v=1 pid=1883258 tid=1888752 inv=8 hid=50b590682672cac0 depth=0 name=node.dispatch ts=7252571337550115 dur=9300 run_id=8 task_slot=6 group_index=0 worker_id=6 dispatch_id=8 endpoint_kind=local_mailbox prepare_only=0 role=scheduler slot_id=0 generation=8
[mono_ns=7252571337568555][T0xfb753002cca0][TIMING] emit_host_span: [STRACE] v=1 pid=1883258 tid=1888752 inv=0 hid=0 depth=0 name=node.scheduler_loop ts=7252571337546135 dur=19570 role=scheduler drained=0 dispatched=1 drain_ns=1460 spins=61
[mono_ns=7252571337697676][T0xfb768d5fb020][TIMING] emit_host_span: [STRACE] v=1 pid=1887810 tid=1887810 inv=8 hid=2e8e960a9b608ef3 depth=2 name=chip.run.bind.args ts=7252571337456295 dur=236151 
[mono_ns=7252571337707556][T0xfb768d5fb020][TIMING] emit_host_span: [STRACE] v=1 pid=1887810 tid=1887810 inv=8 hid=2e8e960a9b608ef3 depth=2 name=chip.run.bind.prebuilt ts=7252571337703586 dur=1750 
[mono_ns=7252571337712036][T0xfb768d5fb020][TIMING] emit_host_span: [STRACE] v=1 pid=1887810 tid=1887810 inv=8 hid=2e8e960a9b608ef3 depth=1 name=chip.run.bind ts=7252571337450385 dur=259451 
[mono_ns=7252571337794196][T0xfb768d5fb020][TIMING] emit_host_span: [STRACE] v=1 pid=1883258 tid=1883258 inv=8 hid=50b590682672cac0 depth=0 name=node.submit ts=7252571337778026 dur=11480 run_id=8 task_slot=7 group_index=0 group_size=1 worker_id=7 role=facade
[mono_ns=7252571337796546][T0xfb753002cca0][TIMING] emit_host_span: [STRACE] v=1 pid=1883258 tid=1888752 inv=8 hid=50b590682672cac0 depth=0 name=node.frame_submit ts=7252571337791656 dur=2010 run_id=8 task_slot=7 group_index=0 worker_id=7 dispatch_id=8 endpoint_kind=local_mailbox prepare_only=0 role=worker
[mono_ns=7252571337802826][T0xfb753002cca0][TIMING] emit_host_span: [STRACE] v=1 pid=1883258 tid=1888752 inv=8 hid=50b590682672cac0 depth=0 name=node.dispatch ts=7252571337789356 dur=9300 run_id=8 task_slot=7 group_index=0 worker_id=7 dispatch_id=8 endpoint_kind=local_mailbox prepare_only=0 role=scheduler slot_id=0 generation=8
[mono_ns=7252571337807446][T0xfb753002cca0][TIMING] emit_host_span: [STRACE] v=1 pid=1883258 tid=1888752 inv=0 hid=0 depth=0 name=node.scheduler_loop ts=7252571337783496 dur=21110 role=scheduler drained=0 dispatched=1 drain_ns=1530 spins=62
[mono_ns=7252571337814296][T0xfb768d5fb020][TIMING] emit_host_span: [STRACE] v=1 pid=1883258 tid=1883258 inv=8 hid=0 depth=0 name=node.graph_build ts=7252571335795729 dur=2010777 run_id=8 role=facade
[mono_ns=7252571337922687][T0xfb768d5fb020][TIMING] emit_host_span: [STRACE] v=1 pid=1887827 tid=1887827 inv=8 hid=2e8e960a9b608ef3 depth=2 name=chip.run.bind.args ts=7252571337699496 dur=217001 
[mono_ns=7252571337936307][T0xfb768d5fb020][TIMING] emit_host_span: [STRACE] v=1 pid=1887827 tid=1887827 inv=8 hid=2e8e960a9b608ef3 depth=2 name=chip.run.bind.prebuilt ts=7252571337932207 dur=1790 
[mono_ns=7252571337940977][T0xfb768d5fb020][TIMING] emit_host_span: [STRACE] v=1 pid=1887827 tid=1887827 inv=8 hid=2e8e960a9b608ef3 depth=1 name=chip.run.bind ts=7252571337694826 dur=244061 
[mono_ns=7252571338191188][T0xfb768d5fb020][TIMING] emit_host_span: [STRACE] v=1 pid=1887844 tid=1887844 inv=8 hid=2e8e960a9b608ef3 depth=2 name=chip.run.bind.args ts=7252571337937917 dur=248461 
[mono_ns=7252571338204538][T0xfb768d5fb020][TIMING] emit_host_span: [STRACE] v=1 pid=1887844 tid=1887844 inv=8 hid=2e8e960a9b608ef3 depth=2 name=chip.run.bind.prebuilt ts=7252571338200758 dur=1540 
[mono_ns=7252571338208918][T0xfb768d5fb020][TIMING] emit_host_span: [STRACE] v=1 pid=1887844 tid=1887844 inv=8 hid=2e8e960a9b608ef3 depth=1 name=chip.run.bind ts=7252571337933007 dur=273851 
[mono_ns=7252571339464582][T0xfb768d5fb020][TIMING] emit_host_span: [STRACE] v=1 pid=1887810 tid=1887810 inv=8 hid=2e8e960a9b608ef3 depth=1 name=chip.run.runner_run ts=7252571337848266 dur=1610666 
[mono_ns=7252571339467452][T0xfb768d5fb020][TIMING] emit_host_span: [STRACE] v=1 pid=1887782 tid=1887782 inv=8 hid=2e8e960a9b608ef3 depth=1 name=chip.run.runner_run ts=7252571337318234 dur=2143158 
[mono_ns=7252571339462042][T0xfb768d5fb020][TIMING] emit_host_span: [STRACE] v=1 pid=1887795 tid=1887795 inv=8 hid=2e8e960a9b608ef3 depth=1 name=chip.run.runner_run ts=7252571337620756 dur=1836456 
[mono_ns=7252571339466702][T0xfb768d5fb020][TIMING] emit_host_span: [STRACE] v=1 pid=1887766 tid=1887766 inv=8 hid=2e8e960a9b608ef3 depth=1 name=chip.run.runner_run ts=7252571337166034 dur=2296168 
[mono_ns=7252571339467882][T0xfb768d5fb020][TIMING] emit_host_span: [STRACE] v=1 pid=1887738 tid=1887738 inv=8 hid=2e8e960a9b608ef3 depth=1 name=chip.run.runner_run ts=7252571336556312 dur=2905620 
[mono_ns=7252571339466262][T0xfb768d5fb020][TIMING] emit_host_span: [STRACE] v=1 pid=1887844 tid=1887844 inv=8 hid=2e8e960a9b608ef3 depth=1 name=chip.run.runner_run ts=7252571338353098 dur=1107604 
[mono_ns=7252571339469722][T0xfb768d5fb020][TIMING] emit_host_span: [STRACE] v=1 pid=1887827 tid=1887827 inv=8 hid=2e8e960a9b608ef3 depth=1 name=chip.run.runner_run ts=7252571338100217 dur=1362835 
[mono_ns=7252571339486812][T0xfb768d5fb020][TIMING] emit_host_span: [STRACE] v=1 pid=1887751 tid=1887751 inv=8 hid=2e8e960a9b608ef3 depth=1 name=chip.run.runner_run ts=7252571336803863 dur=2676649 
[mono_ns=7252571339643263][T0xfb768d5fb020][TIMING] emit_host_span: [STRACE] v=1 pid=1887751 tid=1887751 inv=8 hid=2e8e960a9b608ef3 depth=1 name=chip.run.validate ts=7252571339493393 dur=145300 
[mono_ns=7252571339647933][T0xfb768d5fb020][TIMING] emit_host_span: [STRACE] v=1 pid=1887782 tid=1887782 inv=8 hid=2e8e960a9b608ef3 depth=1 name=chip.run.validate ts=7252571339473432 dur=170391 
[mono_ns=7252571339652473][T0xfb768d5fb020][TIMING] emit_host_span: [STRACE] v=1 pid=1887751 tid=1887751 inv=8 hid=2e8e960a9b608ef3 depth=2 name=chip.run.runner_run.device_wall ts=0 dur=2492320 clk=dev
[mono_ns=7252571339655683][T0xfb768d5fb020][TIMING] emit_host_span: [STRACE] v=1 pid=1887782 tid=1887782 inv=8 hid=2e8e960a9b608ef3 depth=2 name=chip.run.runner_run.device_wall ts=0 dur=1972180 clk=dev
[mono_ns=7252571339656053][T0xfb768d5fb020][TIMING] emit_host_span: [STRACE] v=1 pid=1887751 tid=1887751 inv=8 hid=2e8e960a9b608ef3 depth=3 name=chip.run.runner_run.device_wall.preamble ts=0 dur=5080 clk=dev
[mono_ns=7252571339659353][T0xfb768d5fb020][TIMING] emit_host_span: [STRACE] v=1 pid=1887782 tid=1887782 inv=8 hid=2e8e960a9b608ef3 depth=3 name=chip.run.runner_run.device_wall.preamble ts=0 dur=6560 clk=dev
[mono_ns=7252571339659263][T0xfb768d5fb020][TIMING] emit_host_span: [STRACE] v=1 pid=1887751 tid=1887751 inv=8 hid=2e8e960a9b608ef3 depth=3 name=chip.run.runner_run.device_wall.graph_build ts=1480 dur=2480120 clk=dev
[mono_ns=7252571339662843][T0xfb768d5fb020][TIMING] emit_host_span: [STRACE] v=1 pid=1887782 tid=1887782 inv=8 hid=2e8e960a9b608ef3 depth=3 name=chip.run.runner_run.device_wall.graph_build ts=1420 dur=1960300 clk=dev
[mono_ns=7252571339662673][T0xfb768d5fb020][TIMING] emit_host_span: [STRACE] v=1 pid=1887751 tid=1887751 inv=8 hid=2e8e960a9b608ef3 depth=3 name=chip.run.runner_run.device_wall.config_validate ts=1560 dur=780 clk=dev
[mono_ns=7252571339666133][T0xfb768d5fb020][TIMING] emit_host_span: [STRACE] v=1 pid=1887782 tid=1887782 inv=8 hid=2e8e960a9b608ef3 depth=3 name=chip.run.runner_run.device_wall.config_validate ts=1520 dur=880 clk=dev
[mono_ns=7252571339665943][T0xfb768d5fb020][TIMING] emit_host_span: [STRACE] v=1 pid=1887751 tid=1887751 inv=8 hid=2e8e960a9b608ef3 depth=3 name=chip.run.runner_run.device_wall.arena_wire ts=2380 dur=220 clk=dev
[mono_ns=7252571339669203][T0xfb768d5fb020][TIMING] emit_host_span: [STRACE] v=1 pid=1887782 tid=1887782 inv=8 hid=2e8e960a9b608ef3 depth=3 name=chip.run.runner_run.device_wall.arena_wire ts=2440 dur=260 clk=dev
[mono_ns=7252571339669223][T0xfb768d5fb020][TIMING] emit_host_span: [STRACE] v=1 pid=1887751 tid=1887751 inv=8 hid=2e8e960a9b608ef3 depth=3 name=chip.run.runner_run.device_wall.sm_reset ts=2640 dur=459 clk=dev
[mono_ns=7252571339672203][T0xfb768d5fb020][TIMING] emit_host_span: [STRACE] v=1 pid=1887782 tid=1887782 inv=8 hid=2e8e960a9b608ef3 depth=3 name=chip.run.runner_run.device_wall.sm_reset ts=2719 dur=560 clk=dev
[mono_ns=7252571339672843][T0xfb768d5fb020][TIMING] emit_host_span: [STRACE] v=1 pid=1887751 tid=1887751 inv=8 hid=2e8e960a9b608ef3 depth=3 name=chip.run.runner_run.device_wall.post_orch ts=2481640 dur=10600 clk=dev
[mono_ns=7252571339676343][T0xfb768d5fb020][TIMING] emit_host_span: [STRACE] v=1 pid=1887782 tid=1887782 inv=8 hid=2e8e960a9b608ef3 depth=3 name=chip.run.runner_run.device_wall.post_orch ts=1961740 dur=10020 clk=dev
[mono_ns=7252571339675973][T0xfb768d5fb020][TIMING] emit_host_span: [STRACE] v=1 pid=1887751 tid=1887751 inv=8 hid=2e8e960a9b608ef3 depth=3 name=chip.run.runner_run.device_wall.orch ts=3140 dur=3719 clk=dev
[mono_ns=7252571339679133][T0xfb768d5fb020][TIMING] emit_host_span: [STRACE] v=1 pid=1887751 tid=1887751 inv=8 hid=2e8e960a9b608ef3 depth=3 name=chip.run.runner_run.device_wall.sched ts=5140 dur=2468900 clk=dev
[mono_ns=7252571339674373][T0xfb768d5fb020][TIMING] emit_host_span: [STRACE] v=1 pid=1887810 tid=1887810 inv=8 hid=2e8e960a9b608ef3 depth=1 name=chip.run.validate ts=7252571339469832 dur=199731 
[mono_ns=7252571339681923][T0xfb768d5fb020][TIMING] emit_host_span: [STRACE] v=1 pid=1887810 tid=1887810 inv=8 hid=2e8e960a9b608ef3 depth=2 name=chip.run.runner_run.device_wall ts=0 dur=1447380 clk=dev
[mono_ns=7252571339685453][T0xfb768d5fb020][TIMING] emit_host_span: [STRACE] v=1 pid=1887810 tid=1887810 inv=8 hid=2e8e960a9b608ef3 depth=3 name=chip.run.runner_run.device_wall.preamble ts=0 dur=5540 clk=dev
[mono_ns=7252571339680043][T0xfb768d5fb020][TIMING] emit_host_span: [STRACE] v=1 pid=1887782 tid=1887782 inv=8 hid=2e8e960a9b608ef3 depth=3 name=chip.run.runner_run.device_wall.orch ts=3320 dur=3239 clk=dev
[mono_ns=7252571339685223][T0xfb768d5fb020][TIMING] emit_host_span: [STRACE] v=1 pid=1887782 tid=1887782 inv=8 hid=2e8e960a9b608ef3 depth=3 name=chip.run.runner_run.device_wall.sched ts=6600 dur=1947580 clk=dev
[mono_ns=7252571339683973][T0xfb768d5fb020][TIMING] emit_host_span: [STRACE] v=1 pid=1887751 tid=1887751 inv=8 hid=2e8e960a9b608ef3 depth=1 name=chip.run.claim_release ts=7252571339681543 dur=270 
[mono_ns=7252571339689923][T0xfb768d5fb020][TIMING] emit_host_span: [STRACE] v=1 pid=1887782 tid=1887782 inv=8 hid=2e8e960a9b608ef3 depth=1 name=chip.run.claim_release ts=7252571339687303 dur=270 
[mono_ns=7252571339690733][T0xfb768d5fb020][TIMING] emit_host_span: [STRACE] v=1 pid=1887751 tid=1887751 inv=8 hid=2e8e960a9b608ef3 depth=0 name=chip.run ts=7252571336476551 dur=3212032 run_id=8 dispatch_id=8 slot_id=0 generation=8 run_epoch=8
[mono_ns=7252571339688733][T0xfb768d5fb020][TIMING] emit_host_span: [STRACE] v=1 pid=1887810 tid=1887810 inv=8 hid=2e8e960a9b608ef3 depth=3 name=chip.run.runner_run.device_wall.graph_build ts=1700 dur=1434820 clk=dev
[mono_ns=7252571339695053][T0xfb768d5fb020][TIMING] emit_host_span: [STRACE] v=1 pid=1887782 tid=1887782 inv=8 hid=2e8e960a9b608ef3 depth=0 name=chip.run ts=7252571336954653 dur=2738370 run_id=8 dispatch_id=8 slot_id=0 generation=8 run_epoch=8
[mono_ns=7252571339693163][T0xfb768d5fb020][TIMING] emit_host_span: [STRACE] v=1 pid=1887810 tid=1887810 inv=8 hid=2e8e960a9b608ef3 depth=3 name=chip.run.runner_run.device_wall.config_validate ts=1779 dur=880 clk=dev
[mono_ns=7252571339697083][T0xfb768d5fb020][TIMING] emit_host_span: [STRACE] v=1 pid=1887810 tid=1887810 inv=8 hid=2e8e960a9b608ef3 depth=3 name=chip.run.runner_run.device_wall.arena_wire ts=2700 dur=260 clk=dev
[mono_ns=7252571339700153][T0xfb768d5fb020][TIMING] emit_host_span: [STRACE] v=1 pid=1887810 tid=1887810 inv=8 hid=2e8e960a9b608ef3 depth=3 name=chip.run.runner_run.device_wall.sm_reset ts=2980 dur=480 clk=dev
[mono_ns=7252571339703103][T0xfb768d5fb020][TIMING] emit_host_span: [STRACE] v=1 pid=1887810 tid=1887810 inv=8 hid=2e8e960a9b608ef3 depth=3 name=chip.run.runner_run.device_wall.post_orch ts=1436560 dur=10660 clk=dev
[mono_ns=7252571339698463][T0xfb768d5fb020][TIMING] emit_host_span: [STRACE] v=1 pid=1887738 tid=1887738 inv=8 hid=2e8e960a9b608ef3 depth=1 name=chip.run.validate ts=7252571339475272 dur=217851 
[mono_ns=7252571339706073][T0xfb768d5fb020][TIMING] emit_host_span: [STRACE] v=1 pid=1887810 tid=1887810 inv=8 hid=2e8e960a9b608ef3 depth=3 name=chip.run.runner_run.device_wall.orch ts=3500 dur=4300 clk=dev
[mono_ns=7252571339705313][T0xfb768d5fb020][TIMING] emit_host_span: [STRACE] v=1 pid=1887738 tid=1887738 inv=8 hid=2e8e960a9b608ef3 depth=2 name=chip.run.runner_run.device_wall ts=0 dur=2732280 clk=dev
[mono_ns=7252571339709313][T0xfb768d5fb020][TIMING] emit_host_span: [STRACE] v=1 pid=1887810 tid=1887810 inv=8 hid=2e8e960a9b608ef3 depth=3 name=chip.run.runner_run.device_wall.sched ts=5580 dur=1423840 clk=dev
[mono_ns=7252571339709143][T0xfb768d5fb020][TIMING] emit_host_span: [STRACE] v=1 pid=1887738 tid=1887738 inv=8 hid=2e8e960a9b608ef3 depth=3 name=chip.run.runner_run.device_wall.preamble ts=0 dur=4899 clk=dev
[mono_ns=7252571339712363][T0xfb768d5fb020][TIMING] emit_host_span: [STRACE] v=1 pid=1887738 tid=1887738 inv=8 hid=2e8e960a9b608ef3 depth=3 name=chip.run.runner_run.device_wall.graph_build ts=1220 dur=2720500 clk=dev
[mono_ns=7252571339703313][T0xfb768d5fb020][TIMING] emit_host_span: [STRACE] v=1 pid=1887844 tid=1887844 inv=8 hid=2e8e960a9b608ef3 depth=1 name=chip.run.validate ts=7252571339475622 dur=223451 
[mono_ns=7252571339714373][T0xfb768d5fb020][TIMING] emit_host_span: [STRACE] v=1 pid=1887810 tid=1887810 inv=8 hid=2e8e960a9b608ef3 depth=1 name=chip.run.claim_release ts=7252571339711693 dur=370 
[mono_ns=7252571339715393][T0xfb768d5fb020][TIMING] emit_host_span: [STRACE] v=1 pid=1887738 tid=1887738 inv=8 hid=2e8e960a9b608ef3 depth=3 name=chip.run.runner_run.device_wall.config_validate ts=1320 dur=720 clk=dev
[mono_ns=7252571339714253][T0xfb768d5fb020][TIMING] emit_host_span: [STRACE] v=1 pid=1887844 tid=1887844 inv=8 hid=2e8e960a9b608ef3 depth=2 name=chip.run.runner_run.device_wall ts=0 dur=938600 clk=dev
[mono_ns=7252571339719783][T0xfb768d5fb020][TIMING] emit_host_span: [STRACE] v=1 pid=1887810 tid=1887810 inv=8 hid=2e8e960a9b608ef3 depth=0 name=chip.run ts=7252571337436465 dur=2281258 run_id=8 dispatch_id=8 slot_id=0 generation=8 run_epoch=8
[mono_ns=7252571339720463][T0xfb768d5fb020][TIMING] emit_host_span: [STRACE] v=1 pid=1887738 tid=1887738 inv=8 hid=2e8e960a9b608ef3 depth=3 name=chip.run.runner_run.device_wall.arena_wire ts=2060 dur=280 clk=dev
[mono_ns=7252571339710013][T0xfb768d5fb020][TIMING] emit_host_span: [STRACE] v=1 pid=1887827 tid=1887827 inv=8 hid=2e8e960a9b608ef3 depth=1 name=chip.run.validate ts=7252571339483352 dur=222201 
[mono_ns=7252571339723433][T0xfb768d5fb020][TIMING] emit_host_span: [STRACE] v=1 pid=1887738 tid=1887738 inv=8 hid=2e8e960a9b608ef3 depth=3 name=chip.run.runner_run.device_wall.sm_reset ts=2380 dur=420 clk=dev
[mono_ns=7252571339712353][T0xfb768d5fb020][TIMING] emit_host_span: [STRACE] v=1 pid=1887766 tid=1887766 inv=8 hid=2e8e960a9b608ef3 depth=1 name=chip.run.validate ts=7252571339476592 dur=232101 
[mono_ns=7252571339726373][T0xfb768d5fb020][TIMING] emit_host_span: [STRACE] v=1 pid=1887738 tid=1887738 inv=8 hid=2e8e960a9b608ef3 depth=3 name=chip.run.runner_run.device_wall.post_orch ts=2721799 dur=10360 clk=dev
[mono_ns=7252571339719163][T0xfb753002cca0][TIMING] emit_host_span: [STRACE] v=1 pid=1883258 tid=1888752 inv=8 hid=50b590682672cac0 depth=0 name=node.complete ts=7252571339715583 dur=460 run_id=8 task_slot=1 group_index=0 worker_id=1 dispatch_id=8 endpoint_kind=local_mailbox prepare_only=0 role=worker outcome=0
[mono_ns=7252571339719583][T0xfb768d5fb020][TIMING] emit_host_span: [STRACE] v=1 pid=1887827 tid=1887827 inv=8 hid=2e8e960a9b608ef3 depth=2 name=chip.run.runner_run.device_wall ts=0 dur=1188760 clk=dev
[mono_ns=7252571339718153][T0xfb768d5fb020][TIMING] emit_host_span: [STRACE] v=1 pid=1887844 tid=1887844 inv=8 hid=2e8e960a9b608ef3 depth=3 name=chip.run.runner_run.device_wall.preamble ts=0 dur=5300 clk=dev
[mono_ns=7252571339729343][T0xfb768d5fb020][TIMING] emit_host_span: [STRACE] v=1 pid=1887738 tid=1887738 inv=8 hid=2e8e960a9b608ef3 depth=3 name=chip.run.runner_run.device_wall.orch ts=2840 dur=3360 clk=dev
[mono_ns=7252571339723103][T0xfb768d5fb020][TIMING] emit_host_span: [STRACE] v=1 pid=1887766 tid=1887766 inv=8 hid=2e8e960a9b608ef3 depth=2 name=chip.run.runner_run.device_wall ts=0 dur=2114319 clk=dev
[mono_ns=7252571339728443][T0xfb753002cca0][TIMING] emit_host_span: [STRACE] v=1 pid=1883258 tid=1888752 inv=8 hid=50b590682672cac0 depth=0 name=node.complete ts=7252571339725193 dur=280 run_id=8 task_slot=3 group_index=0 worker_id=3 dispatch_id=8 endpoint_kind=local_mailbox prepare_only=0 role=worker outcome=0
[mono_ns=7252571339724633][T0xfb768d5fb020][TIMING] emit_host_span: [STRACE] v=1 pid=1887827 tid=1887827 inv=8 hid=2e8e960a9b608ef3 depth=3 name=chip.run.runner_run.device_wall.preamble ts=0 dur=5000 clk=dev
[mono_ns=7252571339732223][T0xfb768d5fb020][TIMING] emit_host_span: [STRACE] v=1 pid=1887738 tid=1887738 inv=8 hid=2e8e960a9b608ef3 depth=3 name=chip.run.runner_run.device_wall.sched ts=4960 dur=2708900 clk=dev
[mono_ns=7252571339727103][T0xfb768d5fb020][TIMING] emit_host_span: [STRACE] v=1 pid=1887766 tid=1887766 inv=8 hid=2e8e960a9b608ef3 depth=3 name=chip.run.runner_run.device_wall.preamble ts=0 dur=6020 clk=dev
[mono_ns=7252571339736023][T0xfb768d5fb020][TIMING] emit_host_span: [STRACE] v=1 pid=1887738 tid=1887738 inv=8 hid=2e8e960a9b608ef3 depth=1 name=chip.run.claim_release ts=7252571339733903 dur=360 
[mono_ns=7252571339728643][T0xfb768d5fb020][TIMING] emit_host_span: [STRACE] v=1 pid=1887827 tid=1887827 inv=8 hid=2e8e960a9b608ef3 depth=3 name=chip.run.runner_run.device_wall.graph_build ts=1359 dur=1176680 clk=dev
[mono_ns=7252571339740463][T0xfb768d5fb020][TIMING] emit_host_span: [STRACE] v=1 pid=1887738 tid=1887738 inv=8 hid=2e8e960a9b608ef3 depth=0 name=chip.run ts=7252571336233790 dur=3504663 run_id=8 dispatch_id=8 slot_id=0 generation=8 run_epoch=8
[mono_ns=7252571339732843][T0xfb768d5fb020][TIMING] emit_host_span: [STRACE] v=1 pid=1887827 tid=1887827 inv=8 hid=2e8e960a9b608ef3 depth=3 name=chip.run.runner_run.device_wall.config_validate ts=1440 dur=820 clk=dev
[mono_ns=7252571339736273][T0xfb768d5fb020][TIMING] emit_host_span: [STRACE] v=1 pid=1887827 tid=1887827 inv=8 hid=2e8e960a9b608ef3 depth=3 name=chip.run.runner_run.device_wall.arena_wire ts=2280 dur=260 clk=dev
[mono_ns=7252571339741203][T0xfb753002cca0][TIMING] emit_host_span: [STRACE] v=1 pid=1883258 tid=1888752 inv=0 hid=0 depth=0 name=node.scheduler_loop ts=7252571339712603 dur=25300 role=scheduler drained=2 dispatched=0 drain_ns=23150 spins=565
[mono_ns=7252571339740423][T0xfb768d5fb020][TIMING] emit_host_span: [STRACE] v=1 pid=1887827 tid=1887827 inv=8 hid=2e8e960a9b608ef3 depth=3 name=chip.run.runner_run.device_wall.sm_reset ts=2560 dur=480 clk=dev
[mono_ns=7252571339744613][T0xfb768d5fb020][TIMING] emit_host_span: [STRACE] v=1 pid=1887827 tid=1887827 inv=8 hid=2e8e960a9b608ef3 depth=3 name=chip.run.runner_run.device_wall.post_orch ts=1178100 dur=10180 clk=dev
[mono_ns=7252571339749593][T0xfb768d5fb020][TIMING] emit_host_span: [STRACE] v=1 pid=1887827 tid=1887827 inv=8 hid=2e8e960a9b608ef3 depth=3 name=chip.run.runner_run.device_wall.orch ts=3080 dur=3239 clk=dev
[mono_ns=7252571339741653][T0xfb768d5fb020][TIMING] emit_host_span: [STRACE] v=1 pid=1887795 tid=1887795 inv=8 hid=2e8e960a9b608ef3 depth=1 name=chip.run.validate ts=7252571339471642 dur=266031 
[mono_ns=7252571339753853][T0xfb768d5fb020][TIMING] emit_host_span: [STRACE] v=1 pid=1887827 tid=1887827 inv=8 hid=2e8e960a9b608ef3 depth=3 name=chip.run.runner_run.device_wall.sched ts=5080 dur=1165940 clk=dev
[mono_ns=7252571339722303][T0xfb768d5fb020][TIMING] emit_host_span: [STRACE] v=1 pid=1887844 tid=1887844 inv=8 hid=2e8e960a9b608ef3 depth=3 name=chip.run.runner_run.device_wall.graph_build ts=1460 dur=926940 clk=dev
[mono_ns=7252571339751403][T0xfb753002cca0][TIMING] emit_host_span: [STRACE] v=1 pid=1883258 tid=1888752 inv=8 hid=50b590682672cac0 depth=0 name=node.complete ts=7252571339748093 dur=320 run_id=8 task_slot=5 group_index=0 worker_id=5 dispatch_id=8 endpoint_kind=local_mailbox prepare_only=0 role=worker outcome=0
[mono_ns=7252571339752533][T0xfb768d5fb020][TIMING] emit_host_span: [STRACE] v=1 pid=1887795 tid=1887795 inv=8 hid=2e8e960a9b608ef3 depth=2 name=chip.run.runner_run.device_wall ts=0 dur=1670180 clk=dev
[mono_ns=7252571339755303][T0xfb768d5fb020][TIMING] emit_host_span: [STRACE] v=1 pid=1887844 tid=1887844 inv=8 hid=2e8e960a9b608ef3 depth=3 name=chip.run.runner_run.device_wall.config_validate ts=1740 dur=760 clk=dev
[mono_ns=7252571339757753][T0xfb768d5fb020][TIMING] emit_host_span: [STRACE] v=1 pid=1887795 tid=1887795 inv=8 hid=2e8e960a9b608ef3 depth=3 name=chip.run.runner_run.device_wall.preamble ts=0 dur=4620 clk=dev
[mono_ns=7252571339759313][T0xfb768d5fb020][TIMING] emit_host_span: [STRACE] v=1 pid=1887844 tid=1887844 inv=8 hid=2e8e960a9b608ef3 depth=3 name=chip.run.runner_run.device_wall.arena_wire ts=2540 dur=240 clk=dev
[mono_ns=7252571339731123][T0xfb768d5fb020][TIMING] emit_host_span: [STRACE] v=1 pid=1887766 tid=1887766 inv=8 hid=2e8e960a9b608ef3 depth=3 name=chip.run.runner_run.device_wall.graph_build ts=1340 dur=2103760 clk=dev
[mono_ns=7252571339762154][T0xfb753002cca0][TIMING] emit_host_span: [STRACE] v=1 pid=1883258 tid=1888752 inv=0 hid=0 depth=0 name=node.scheduler_loop ts=7252571339745073 dur=14000 role=scheduler drained=1 dispatched=0 drain_ns=11920 spins=0
[mono_ns=7252571339763214][T0xfb768d5fb020][TIMING] emit_host_span: [STRACE] v=1 pid=1887795 tid=1887795 inv=8 hid=2e8e960a9b608ef3 depth=3 name=chip.run.runner_run.device_wall.graph_build ts=1040 dur=1659899 clk=dev
[mono_ns=7252571339763184][T0xfb768d5fb020][TIMING] emit_host_span: [STRACE] v=1 pid=1887844 tid=1887844 inv=8 hid=2e8e960a9b608ef3 depth=3 name=chip.run.runner_run.device_wall.sm_reset ts=2820 dur=459 clk=dev
[mono_ns=7252571339763454][T0xfb768d5fb020][TIMING] emit_host_span: [STRACE] v=1 pid=1887766 tid=1887766 inv=8 hid=2e8e960a9b608ef3 depth=3 name=chip.run.runner_run.device_wall.config_validate ts=1440 dur=799 clk=dev
[mono_ns=7252571339760753][T0xfb768d5fb020][TIMING] emit_host_span: [STRACE] v=1 pid=1887827 tid=1887827 inv=8 hid=2e8e960a9b608ef3 depth=1 name=chip.run.claim_release ts=7252571339758743 dur=270 
[mono_ns=7252571339768764][T0xfb768d5fb020][TIMING] emit_host_span: [STRACE] v=1 pid=1887844 tid=1887844 inv=8 hid=2e8e960a9b608ef3 depth=3 name=chip.run.runner_run.device_wall.post_orch ts=928460 dur=10020 clk=dev
[mono_ns=7252571339767364][T0xfb768d5fb020][TIMING] emit_host_span: [STRACE] v=1 pid=1887766 tid=1887766 inv=8 hid=2e8e960a9b608ef3 depth=3 name=chip.run.runner_run.device_wall.arena_wire ts=2260 dur=260 clk=dev
[mono_ns=7252571339769204][T0xfb768d5fb020][TIMING] emit_host_span: [STRACE] v=1 pid=1887795 tid=1887795 inv=8 hid=2e8e960a9b608ef3 depth=3 name=chip.run.runner_run.device_wall.config_validate ts=1120 dur=780 clk=dev
[mono_ns=7252571339769254][T0xfb768d5fb020][TIMING] emit_host_span: [STRACE] v=1 pid=1887827 tid=1887827 inv=8 hid=2e8e960a9b608ef3 depth=0 name=chip.run ts=7252571337677746 dur=2089478 run_id=8 dispatch_id=8 slot_id=0 generation=8 run_epoch=8
[mono_ns=7252571339770914][T0xfb753002cca0][TIMING] emit_host_span: [STRACE] v=1 pid=1883258 tid=1888752 inv=8 hid=50b590682672cac0 depth=0 name=node.complete ts=7252571339767624 dur=390 run_id=8 task_slot=0 group_index=0 worker_id=0 dispatch_id=8 endpoint_kind=local_mailbox prepare_only=0 role=worker outcome=0
[mono_ns=7252571339772764][T0xfb768d5fb020][TIMING] emit_host_span: [STRACE] v=1 pid=1887844 tid=1887844 inv=8 hid=2e8e960a9b608ef3 depth=3 name=chip.run.runner_run.device_wall.orch ts=3320 dur=3620 clk=dev
[mono_ns=7252571339771084][T0xfb768d5fb020][TIMING] emit_host_span: [STRACE] v=1 pid=1887766 tid=1887766 inv=8 hid=2e8e960a9b608ef3 depth=3 name=chip.run.runner_run.device_wall.sm_reset ts=2540 dur=500 clk=dev
[mono_ns=7252571339776794][T0xfb768d5fb020][TIMING] emit_host_span: [STRACE] v=1 pid=1887844 tid=1887844 inv=8 hid=2e8e960a9b608ef3 depth=3 name=chip.run.runner_run.device_wall.sched ts=5400 dur=916120 clk=dev
[mono_ns=7252571339775444][T0xfb768d5fb020][TIMING] emit_host_span: [STRACE] v=1 pid=1887766 tid=1887766 inv=8 hid=2e8e960a9b608ef3 depth=3 name=chip.run.runner_run.device_wall.post_orch ts=2105140 dur=8719 clk=dev
[mono_ns=7252571339778474][T0xfb768d5fb020][TIMING] emit_host_span: [STRACE] v=1 pid=1887766 tid=1887766 inv=8 hid=2e8e960a9b608ef3 depth=3 name=chip.run.runner_run.device_wall.orch ts=3080 dur=3639 clk=dev
[mono_ns=7252571339782214][T0xfb768d5fb020][TIMING] emit_host_span: [STRACE] v=1 pid=1887766 tid=1887766 inv=8 hid=2e8e960a9b608ef3 depth=3 name=chip.run.runner_run.device_wall.sched ts=6080 dur=2091500 clk=dev
[mono_ns=7252571339782604][T0xfb753002cca0][TIMING] emit_host_span: [STRACE] v=1 pid=1883258 tid=1888752 inv=0 hid=0 depth=0 name=node.scheduler_loop ts=7252571339765544 dur=14060 role=scheduler drained=1 dispatched=0 drain_ns=11930 spins=0
[mono_ns=7252571339775694][T0xfb768d5fb020][TIMING] emit_host_span: [STRACE] v=1 pid=1887795 tid=1887795 inv=8 hid=2e8e960a9b608ef3 depth=3 name=chip.run.runner_run.device_wall.arena_wire ts=1940 dur=260 clk=dev
[mono_ns=7252571339787504][T0xfb768d5fb020][TIMING] emit_host_span: [STRACE] v=1 pid=1887766 tid=1887766 inv=8 hid=2e8e960a9b608ef3 depth=1 name=chip.run.claim_release ts=7252571339784824 dur=340 
[mono_ns=7252571339786544][T0xfb768d5fb020][TIMING] emit_host_span: [STRACE] v=1 pid=1887795 tid=1887795 inv=8 hid=2e8e960a9b608ef3 depth=3 name=chip.run.runner_run.device_wall.sm_reset ts=2240 dur=440 clk=dev
[mono_ns=7252571339790664][T0xfb768d5fb020][TIMING] emit_host_span: [STRACE] v=1 pid=1887795 tid=1887795 inv=8 hid=2e8e960a9b608ef3 depth=3 name=chip.run.runner_run.device_wall.post_orch ts=1661000 dur=9080 clk=dev
[mono_ns=7252571339795724][T0xfb768d5fb020][TIMING] emit_host_span: [STRACE] v=1 pid=1887795 tid=1887795 inv=8 hid=2e8e960a9b608ef3 depth=3 name=chip.run.runner_run.device_wall.orch ts=2719 dur=3400 clk=dev
[mono_ns=7252571339799594][T0xfb753002cca0][TIMING] emit_host_span: [STRACE] v=1 pid=1883258 tid=1888752 inv=8 hid=50b590682672cac0 depth=0 name=node.complete ts=7252571339796394 dur=280 run_id=8 task_slot=6 group_index=0 worker_id=6 dispatch_id=8 endpoint_kind=local_mailbox prepare_only=0 role=worker outcome=0
[mono_ns=7252571339794404][T0xfb768d5fb020][TIMING] emit_host_span: [STRACE] v=1 pid=1887766 tid=1887766 inv=8 hid=2e8e960a9b608ef3 depth=0 name=chip.run ts=7252571336718722 dur=3073182 run_id=8 dispatch_id=8 slot_id=0 generation=8 run_epoch=8
[mono_ns=7252571339781474][T0xfb768d5fb020][TIMING] emit_host_span: [STRACE] v=1 pid=1887844 tid=1887844 inv=8 hid=2e8e960a9b608ef3 depth=1 name=chip.run.claim_release ts=7252571339779484 dur=260 
[mono_ns=7252571339786444][T0xfb768d5fb020][TIMING] emit_host_span: [STRACE] v=1 pid=1887844 tid=1887844 inv=8 hid=2e8e960a9b608ef3 depth=0 name=chip.run ts=7252571337916417 dur=1868067 run_id=8 dispatch_id=8 slot_id=0 generation=8 run_epoch=8
[mono_ns=7252571339800044][T0xfb768d5fb020][TIMING] emit_host_span: [STRACE] v=1 pid=1887795 tid=1887795 inv=8 hid=2e8e960a9b608ef3 depth=3 name=chip.run.runner_run.device_wall.sched ts=4660 dur=1649600 clk=dev
[mono_ns=7252571339810904][T0xfb753002cca0][TIMING] emit_host_span: [STRACE] v=1 pid=1883258 tid=1888752 inv=0 hid=0 depth=0 name=node.scheduler_loop ts=7252571339793144 dur=14780 role=scheduler drained=1 dispatched=0 drain_ns=12600 spins=2
[mono_ns=7252571339809594][T0xfb768d5fb020][TIMING] emit_host_span: [STRACE] v=1 pid=1887795 tid=1887795 inv=8 hid=2e8e960a9b608ef3 depth=1 name=chip.run.claim_release ts=7252571339807404 dur=310 
[mono_ns=7252571339815064][T0xfb768d5fb020][TIMING] emit_host_span: [STRACE] v=1 pid=1887795 tid=1887795 inv=8 hid=2e8e960a9b608ef3 depth=0 name=chip.run ts=7252571337201664 dur=2611340 run_id=8 dispatch_id=8 slot_id=0 generation=8 run_epoch=8
[mono_ns=7252571339824844][T0xfb753002cca0][TIMING] emit_host_span: [STRACE] v=1 pid=1883258 tid=1888752 inv=8 hid=50b590682672cac0 depth=0 name=node.complete ts=7252571339821634 dur=280 run_id=8 task_slot=7 group_index=0 worker_id=7 dispatch_id=8 endpoint_kind=local_mailbox prepare_only=0 role=worker outcome=0
[mono_ns=7252571339835364][T0xfb753002cca0][TIMING] emit_host_span: [STRACE] v=1 pid=1883258 tid=1888752 inv=0 hid=0 depth=0 name=node.scheduler_loop ts=7252571339818214 dur=14160 role=scheduler drained=1 dispatched=0 drain_ns=11930 spins=1
[mono_ns=7252571339842744][T0xfb753002cca0][TIMING] emit_host_span: [STRACE] v=1 pid=1883258 tid=1888752 inv=8 hid=50b590682672cac0 depth=0 name=node.complete ts=7252571339839634 dur=270 run_id=8 task_slot=2 group_index=0 worker_id=2 dispatch_id=8 endpoint_kind=local_mailbox prepare_only=0 role=worker outcome=0
[mono_ns=7252571339851554][T0xfb753002cca0][TIMING] emit_host_span: [STRACE] v=1 pid=1883258 tid=1888752 inv=8 hid=50b590682672cac0 depth=0 name=node.complete ts=7252571339848404 dur=270 run_id=8 task_slot=4 group_index=0 worker_id=4 dispatch_id=8 endpoint_kind=local_mailbox prepare_only=0 role=worker outcome=0
[mono_ns=7252571339864614][T0xfb753002cca0][TIMING] emit_host_span: [STRACE] v=1 pid=1883258 tid=1888752 inv=0 hid=0 depth=0 name=node.scheduler_loop ts=7252571339836924 dur=24720 role=scheduler drained=2 dispatched=0 drain_ns=24570 spins=0
[mono_ns=7252571339937504][T0xfb768d5fb020][TIMING] emit_host_span: [STRACE] v=1 pid=1883258 tid=1883258 inv=8 hid=0 depth=0 name=node.post_fence_retirement ts=7252571339858984 dur=73910 run_id=8 slot_id=0 generation=8 role=facade
[mono_ns=7252571340522856][T0xfb768d5fb020][TIMING] emit_host_span: [STRACE] v=1 pid=1883258 tid=1883258 inv=9 hid=50b590682672cac0 depth=0 name=node.submit ts=7252571340504956 dur=12570 run_id=9 task_slot=0 group_index=0 group_size=1 worker_id=0 role=facade
[mono_ns=7252571340532326][T0xfb753002cca0][TIMING] emit_host_span: [STRACE] v=1 pid=1883258 tid=1888752 inv=9 hid=50b590682672cac0 depth=0 name=node.frame_submit ts=7252571340527916 dur=1110 run_id=9 task_slot=0 group_index=0 worker_id=0 dispatch_id=9 endpoint_kind=local_mailbox prepare_only=0 role=worker
[mono_ns=7252571340538946][T0xfb753002cca0][TIMING] emit_host_span: [STRACE] v=1 pid=1883258 tid=1888752 inv=9 hid=50b590682672cac0 depth=0 name=node.dispatch ts=7252571340525136 dur=8890 run_id=9 task_slot=0 group_index=0 worker_id=0 dispatch_id=9 endpoint_kind=local_mailbox prepare_only=0 role=scheduler slot_id=0 generation=9
[mono_ns=7252571340546956][T0xfb753002cca0][TIMING] emit_host_span: [STRACE] v=1 pid=1883258 tid=1888752 inv=0 hid=0 depth=0 name=node.scheduler_loop ts=7252571340521626 dur=22080 role=scheduler drained=0 dispatched=1 drain_ns=1200 spins=1
[mono_ns=7252571340770787][T0xfb768d5fb020][TIMING] emit_host_span: [STRACE] v=1 pid=1883258 tid=1883258 inv=9 hid=50b590682672cac0 depth=0 name=node.submit ts=7252571340755187 dur=10870 run_id=9 task_slot=1 group_index=0 group_size=1 worker_id=1 role=facade
[mono_ns=7252571340772537][T0xfb753002cca0][TIMING] emit_host_span: [STRACE] v=1 pid=1883258 tid=1888752 inv=9 hid=50b590682672cac0 depth=0 name=node.frame_submit ts=7252571340768587 dur=1000 run_id=9 task_slot=1 group_index=0 worker_id=1 dispatch_id=9 endpoint_kind=local_mailbox prepare_only=0 role=worker
[mono_ns=7252571340779417][T0xfb753002cca0][TIMING] emit_host_span: [STRACE] v=1 pid=1883258 tid=1888752 inv=9 hid=50b590682672cac0 depth=0 name=node.dispatch ts=7252571340766157 dur=8840 run_id=9 task_slot=1 group_index=0 worker_id=1 dispatch_id=9 endpoint_kind=local_mailbox prepare_only=0 role=scheduler slot_id=0 generation=9
[mono_ns=7252571340784827][T0xfb753002cca0][TIMING] emit_host_span: [STRACE] v=1 pid=1883258 tid=1888752 inv=0 hid=0 depth=0 name=node.scheduler_loop ts=7252571340761787 dur=20200 role=scheduler drained=0 dispatched=1 drain_ns=1200 spins=62
[mono_ns=7252571340815507][T0xfb768d5fb020][TIMING] emit_host_span: [STRACE] v=1 pid=1887738 tid=1887738 inv=9 hid=2e8e960a9b608ef3 depth=2 name=chip.run.bind.args ts=7252571340670027 dur=140680 
[mono_ns=7252571340825667][T0xfb768d5fb020][TIMING] emit_host_span: [STRACE] v=1 pid=1887738 tid=1887738 inv=9 hid=2e8e960a9b608ef3 depth=2 name=chip.run.bind.prebuilt ts=7252571340821487 dur=1920 
[mono_ns=7252571340830287][T0xfb768d5fb020][TIMING] emit_host_span: [STRACE] v=1 pid=1887738 tid=1887738 inv=9 hid=2e8e960a9b608ef3 depth=1 name=chip.run.bind ts=7252571340664147 dur=163260 
[mono_ns=7252571341020468][T0xfb768d5fb020][TIMING] emit_host_span: [STRACE] v=1 pid=1883258 tid=1883258 inv=9 hid=50b590682672cac0 depth=0 name=node.submit ts=7252571340993038 dur=22810 run_id=9 task_slot=2 group_index=0 group_size=1 worker_id=2 role=facade
[mono_ns=7252571341029378][T0xfb753002cca0][TIMING] emit_host_span: [STRACE] v=1 pid=1883258 tid=1888752 inv=9 hid=50b590682672cac0 depth=0 name=node.frame_submit ts=7252571341024168 dur=2050 run_id=9 task_slot=2 group_index=0 worker_id=2 dispatch_id=9 endpoint_kind=local_mailbox prepare_only=0 role=worker
[mono_ns=7252571341035368][T0xfb753002cca0][TIMING] emit_host_span: [STRACE] v=1 pid=1883258 tid=1888752 inv=9 hid=50b590682672cac0 depth=0 name=node.dispatch ts=7252571341021468 dur=9690 run_id=9 task_slot=2 group_index=0 worker_id=2 dispatch_id=9 endpoint_kind=local_mailbox prepare_only=0 role=scheduler slot_id=0 generation=9
[mono_ns=7252571341041038][T0xfb753002cca0][TIMING] emit_host_span: [STRACE] v=1 pid=1883258 tid=1888752 inv=0 hid=0 depth=0 name=node.scheduler_loop ts=7252571341011058 dur=26880 role=scheduler drained=0 dispatched=1 drain_ns=1260 spins=63
[mono_ns=7252571341068388][T0xfb768d5fb020][TIMING] emit_host_span: [STRACE] v=1 pid=1887751 tid=1887751 inv=9 hid=2e8e960a9b608ef3 depth=2 name=chip.run.bind.args ts=7252571340913138 dur=150070 
[mono_ns=7252571341078908][T0xfb768d5fb020][TIMING] emit_host_span: [STRACE] v=1 pid=1887751 tid=1887751 inv=9 hid=2e8e960a9b608ef3 depth=2 name=chip.run.bind.prebuilt ts=7252571341074908 dur=1730 
[mono_ns=7252571341083728][T0xfb768d5fb020][TIMING] emit_host_span: [STRACE] v=1 pid=1887751 tid=1887751 inv=9 hid=2e8e960a9b608ef3 depth=1 name=chip.run.bind ts=7252571340907408 dur=174350 
[mono_ns=7252571341284889][T0xfb753002cca0][TIMING] emit_host_span: [STRACE] v=1 pid=1883258 tid=1888752 inv=9 hid=50b590682672cac0 depth=0 name=node.frame_submit ts=7252571341281259 dur=620 run_id=9 task_slot=3 group_index=0 worker_id=3 dispatch_id=9 endpoint_kind=local_mailbox prepare_only=0 role=worker
[mono_ns=7252571341284709][T0xfb768d5fb020][TIMING] emit_host_span: [STRACE] v=1 pid=1883258 tid=1883258 inv=9 hid=50b590682672cac0 depth=0 name=node.submit ts=7252571341268219 dur=10790 run_id=9 task_slot=3 group_index=0 group_size=1 worker_id=3 role=facade
[mono_ns=7252571341293159][T0xfb753002cca0][TIMING] emit_host_span: [STRACE] v=1 pid=1883258 tid=1888752 inv=9 hid=50b590682672cac0 depth=0 name=node.dispatch ts=7252571341278859 dur=9930 run_id=9 task_slot=3 group_index=0 worker_id=3 dispatch_id=9 endpoint_kind=local_mailbox prepare_only=0 role=scheduler slot_id=0 generation=9
[mono_ns=7252571341298529][T0xfb753002cca0][TIMING] emit_host_span: [STRACE] v=1 pid=1883258 tid=1888752 inv=0 hid=0 depth=0 name=node.scheduler_loop ts=7252571341273309 dur=22280 role=scheduler drained=0 dispatched=1 drain_ns=1530 spins=62
[mono_ns=7252571341402040][T0xfb768d5fb020][TIMING] emit_host_span: [STRACE] v=1 pid=1887766 tid=1887766 inv=9 hid=2e8e960a9b608ef3 depth=2 name=chip.run.bind.args ts=7252571341167769 dur=229901 
[mono_ns=7252571341416750][T0xfb768d5fb020][TIMING] emit_host_span: [STRACE] v=1 pid=1887766 tid=1887766 inv=9 hid=2e8e960a9b608ef3 depth=2 name=chip.run.bind.prebuilt ts=7252571341412210 dur=2270 
[mono_ns=7252571341421470][T0xfb768d5fb020][TIMING] emit_host_span: [STRACE] v=1 pid=1887766 tid=1887766 inv=9 hid=2e8e960a9b608ef3 depth=1 name=chip.run.bind ts=7252571341162179 dur=257171 
[mono_ns=7252571341522700][T0xfb768d5fb020][TIMING] emit_host_span: [STRACE] v=1 pid=1883258 tid=1883258 inv=9 hid=50b590682672cac0 depth=0 name=node.submit ts=7252571341506240 dur=11920 run_id=9 task_slot=4 group_index=0 group_size=1 worker_id=4 role=facade
[mono_ns=7252571341524220][T0xfb753002cca0][TIMING] emit_host_span: [STRACE] v=1 pid=1883258 tid=1888752 inv=9 hid=50b590682672cac0 depth=0 name=node.frame_submit ts=7252571341519500 dur=1710 run_id=9 task_slot=4 group_index=0 worker_id=4 dispatch_id=9 endpoint_kind=local_mailbox prepare_only=0 role=worker
[mono_ns=7252571341531940][T0xfb753002cca0][TIMING] emit_host_span: [STRACE] v=1 pid=1883258 tid=1888752 inv=9 hid=50b590682672cac0 depth=0 name=node.dispatch ts=7252571341517250 dur=10370 run_id=9 task_slot=4 group_index=0 worker_id=4 dispatch_id=9 endpoint_kind=local_mailbox prepare_only=0 role=scheduler slot_id=0 generation=9
[mono_ns=7252571341537120][T0xfb753002cca0][TIMING] emit_host_span: [STRACE] v=1 pid=1883258 tid=1888752 inv=0 hid=0 depth=0 name=node.scheduler_loop ts=7252571341512500 dur=21710 role=scheduler drained=0 dispatched=1 drain_ns=1370 spins=62
[mono_ns=7252571341617410][T0xfb768d5fb020][TIMING] emit_host_span: [STRACE] v=1 pid=1887782 tid=1887782 inv=9 hid=2e8e960a9b608ef3 depth=2 name=chip.run.bind.args ts=7252571341421140 dur=191200 
[mono_ns=7252571341627820][T0xfb768d5fb020][TIMING] emit_host_span: [STRACE] v=1 pid=1887782 tid=1887782 inv=9 hid=2e8e960a9b608ef3 depth=2 name=chip.run.bind.prebuilt ts=7252571341623790 dur=1830 
[mono_ns=7252571341631580][T0xfb768d5fb020][TIMING] emit_host_span: [STRACE] v=1 pid=1887782 tid=1887782 inv=9 hid=2e8e960a9b608ef3 depth=1 name=chip.run.bind ts=7252571341415150 dur=214400 
[mono_ns=7252571341850041][T0xfb768d5fb020][TIMING] emit_host_span: [STRACE] v=1 pid=1883258 tid=1883258 inv=9 hid=50b590682672cac0 depth=0 name=node.submit ts=7252571341835391 dur=9690 run_id=9 task_slot=5 group_index=0 group_size=1 worker_id=5 role=facade
[mono_ns=7252571341853421][T0xfb753002cca0][TIMING] emit_host_span: [STRACE] v=1 pid=1883258 tid=1888752 inv=9 hid=50b590682672cac0 depth=0 name=node.frame_submit ts=7252571341849871 dur=670 run_id=9 task_slot=5 group_index=0 worker_id=5 dispatch_id=9 endpoint_kind=local_mailbox prepare_only=0 role=worker
[mono_ns=7252571341859691][T0xfb753002cca0][TIMING] emit_host_span: [STRACE] v=1 pid=1883258 tid=1888752 inv=9 hid=50b590682672cac0 depth=0 name=node.dispatch ts=7252571341847761 dur=7790 run_id=9 task_slot=5 group_index=0 worker_id=5 dispatch_id=9 endpoint_kind=local_mailbox prepare_only=0 role=scheduler slot_id=0 generation=9
[mono_ns=7252571341865051][T0xfb753002cca0][TIMING] emit_host_span: [STRACE] v=1 pid=1883258 tid=1888752 inv=0 hid=0 depth=0 name=node.scheduler_loop ts=7252571341844141 dur=17560 role=scheduler drained=0 dispatched=1 drain_ns=1400 spins=89
[mono_ns=7252571341900821][T0xfb768d5fb020][TIMING] emit_host_span: [STRACE] v=1 pid=1887795 tid=1887795 inv=9 hid=2e8e960a9b608ef3 depth=2 name=chip.run.bind.args ts=7252571341659241 dur=237090 
[mono_ns=7252571341915482][T0xfb768d5fb020][TIMING] emit_host_span: [STRACE] v=1 pid=1887795 tid=1887795 inv=9 hid=2e8e960a9b608ef3 depth=2 name=chip.run.bind.prebuilt ts=7252571341911161 dur=2081 
[mono_ns=7252571341920732][T0xfb768d5fb020][TIMING] emit_host_span: [STRACE] v=1 pid=1887795 tid=1887795 inv=9 hid=2e8e960a9b608ef3 depth=1 name=chip.run.bind ts=7252571341653931 dur=264611 
[mono_ns=7252571342137132][T0xfb768d5fb020][TIMING] emit_host_span: [STRACE] v=1 pid=1883258 tid=1883258 inv=9 hid=50b590682672cac0 depth=0 name=node.submit ts=7252571342121042 dur=11230 run_id=9 task_slot=6 group_index=0 group_size=1 worker_id=6 role=facade
[mono_ns=7252571342140972][T0xfb753002cca0][TIMING] emit_host_span: [STRACE] v=1 pid=1883258 tid=1888752 inv=9 hid=50b590682672cac0 depth=0 name=node.frame_submit ts=7252571342136012 dur=1890 run_id=9 task_slot=6 group_index=0 worker_id=6 dispatch_id=9 endpoint_kind=local_mailbox prepare_only=0 role=worker
[mono_ns=7252571342147312][T0xfb753002cca0][TIMING] emit_host_span: [STRACE] v=1 pid=1883258 tid=1888752 inv=9 hid=50b590682672cac0 depth=0 name=node.dispatch ts=7252571342133592 dur=9550 run_id=9 task_slot=6 group_index=0 worker_id=6 dispatch_id=9 endpoint_kind=local_mailbox prepare_only=0 role=scheduler slot_id=0 generation=9
[mono_ns=7252571342152172][T0xfb753002cca0][TIMING] emit_host_span: [STRACE] v=1 pid=1883258 tid=1888752 inv=0 hid=0 depth=0 name=node.scheduler_loop ts=7252571342128092 dur=21230 role=scheduler drained=0 dispatched=1 drain_ns=3160 spins=75
[mono_ns=7252571342207483][T0xfb768d5fb020][TIMING] emit_host_span: [STRACE] v=1 pid=1887810 tid=1887810 inv=9 hid=2e8e960a9b608ef3 depth=2 name=chip.run.bind.args ts=7252571341986722 dur=215541 
[mono_ns=7252571342217253][T0xfb768d5fb020][TIMING] emit_host_span: [STRACE] v=1 pid=1887810 tid=1887810 inv=9 hid=2e8e960a9b608ef3 depth=2 name=chip.run.bind.prebuilt ts=7252571342213113 dur=1880 
[mono_ns=7252571342221523][T0xfb768d5fb020][TIMING] emit_host_span: [STRACE] v=1 pid=1887810 tid=1887810 inv=9 hid=2e8e960a9b608ef3 depth=1 name=chip.run.bind ts=7252571341980922 dur=238621 
[mono_ns=7252571342372913][T0xfb768d5fb020][TIMING] emit_host_span: [STRACE] v=1 pid=1883258 tid=1883258 inv=9 hid=50b590682672cac0 depth=0 name=node.submit ts=7252571342358563 dur=9550 run_id=9 task_slot=7 group_index=0 group_size=1 worker_id=7 role=facade
[mono_ns=7252571342376723][T0xfb753002cca0][TIMING] emit_host_span: [STRACE] v=1 pid=1883258 tid=1888752 inv=9 hid=50b590682672cac0 depth=0 name=node.frame_submit ts=7252571342372193 dur=1670 run_id=9 task_slot=7 group_index=0 worker_id=7 dispatch_id=9 endpoint_kind=local_mailbox prepare_only=0 role=worker
[mono_ns=7252571342383013][T0xfb753002cca0][TIMING] emit_host_span: [STRACE] v=1 pid=1883258 tid=1888752 inv=9 hid=50b590682672cac0 depth=0 name=node.dispatch ts=7252571342369993 dur=8870 run_id=9 task_slot=7 group_index=0 worker_id=7 dispatch_id=9 endpoint_kind=local_mailbox prepare_only=0 role=scheduler slot_id=0 generation=9
[mono_ns=7252571342387563][T0xfb753002cca0][TIMING] emit_host_span: [STRACE] v=1 pid=1883258 tid=1888752 inv=0 hid=0 depth=0 name=node.scheduler_loop ts=7252571342366073 dur=18700 role=scheduler drained=0 dispatched=1 drain_ns=1520 spins=62
[mono_ns=7252571342392643][T0xfb768d5fb020][TIMING] emit_host_span: [STRACE] v=1 pid=1883258 tid=1883258 inv=9 hid=0 depth=0 name=node.graph_build ts=7252571340226695 dur=2158668 run_id=9 role=facade
[mono_ns=7252571342505174][T0xfb768d5fb020][TIMING] emit_host_span: [STRACE] v=1 pid=1887827 tid=1887827 inv=9 hid=2e8e960a9b608ef3 depth=2 name=chip.run.bind.args ts=7252571342282103 dur=217921 
[mono_ns=7252571342518974][T0xfb768d5fb020][TIMING] emit_host_span: [STRACE] v=1 pid=1887827 tid=1887827 inv=9 hid=2e8e960a9b608ef3 depth=2 name=chip.run.bind.prebuilt ts=7252571342515074 dur=1580 
[mono_ns=7252571342523924][T0xfb768d5fb020][TIMING] emit_host_span: [STRACE] v=1 pid=1887827 tid=1887827 inv=9 hid=2e8e960a9b608ef3 depth=1 name=chip.run.bind ts=7252571342277163 dur=244591 
[mono_ns=7252571342753895][T0xfb768d5fb020][TIMING] emit_host_span: [STRACE] v=1 pid=1887844 tid=1887844 inv=9 hid=2e8e960a9b608ef3 depth=2 name=chip.run.bind.args ts=7252571342515994 dur=233271 
[mono_ns=7252571342767085][T0xfb768d5fb020][TIMING] emit_host_span: [STRACE] v=1 pid=1887844 tid=1887844 inv=9 hid=2e8e960a9b608ef3 depth=2 name=chip.run.bind.prebuilt ts=7252571342763605 dur=1370 
[mono_ns=7252571342771385][T0xfb768d5fb020][TIMING] emit_host_span: [STRACE] v=1 pid=1887844 tid=1887844 inv=9 hid=2e8e960a9b608ef3 depth=1 name=chip.run.bind ts=7252571342510254 dur=259291 
[mono_ns=7252571344030049][T0xfb768d5fb020][TIMING] emit_host_span: [STRACE] v=1 pid=1887766 tid=1887766 inv=9 hid=2e8e960a9b608ef3 depth=1 name=chip.run.runner_run ts=7252571341558070 dur=2467139 
[mono_ns=7252571344029339][T0xfb768d5fb020][TIMING] emit_host_span: [STRACE] v=1 pid=1887795 tid=1887795 inv=9 hid=2e8e960a9b608ef3 depth=1 name=chip.run.runner_run ts=7252571342064812 dur=1959707 
[mono_ns=7252571344045039][T0xfb768d5fb020][TIMING] emit_host_span: [STRACE] v=1 pid=1887738 tid=1887738 inv=9 hid=2e8e960a9b608ef3 depth=1 name=chip.run.runner_run ts=7252571340964608 dur=3074621 
[mono_ns=7252571344048059][T0xfb768d5fb020][TIMING] emit_host_span: [STRACE] v=1 pid=1887751 tid=1887751 inv=9 hid=2e8e960a9b608ef3 depth=1 name=chip.run.runner_run ts=7252571341216089 dur=2825680 
[mono_ns=7252571344048709][T0xfb768d5fb020][TIMING] emit_host_span: [STRACE] v=1 pid=1887810 tid=1887810 inv=9 hid=2e8e960a9b608ef3 depth=1 name=chip.run.runner_run ts=7252571342350403 dur=1692286 
[mono_ns=7252571344049219][T0xfb768d5fb020][TIMING] emit_host_span: [STRACE] v=1 pid=1887827 tid=1887827 inv=9 hid=2e8e960a9b608ef3 depth=1 name=chip.run.runner_run ts=7252571342662234 dur=1380405 
[mono_ns=7252571344070350][T0xfb768d5fb020][TIMING] emit_host_span: [STRACE] v=1 pid=1887782 tid=1887782 inv=9 hid=2e8e960a9b608ef3 depth=1 name=chip.run.runner_run ts=7252571341763181 dur=2301249 
[mono_ns=7252571344038919][T0xfb768d5fb020][TIMING] emit_host_span: [STRACE] v=1 pid=1887844 tid=1887844 inv=9 hid=2e8e960a9b608ef3 depth=1 name=chip.run.runner_run ts=7252571342911835 dur=1121394 
[mono_ns=7252571344200190][T0xfb768d5fb020][TIMING] emit_host_span: [STRACE] v=1 pid=1887738 tid=1887738 inv=9 hid=2e8e960a9b608ef3 depth=1 name=chip.run.validate ts=7252571344051009 dur=145041 
[mono_ns=7252571344206760][T0xfb768d5fb020][TIMING] emit_host_span: [STRACE] v=1 pid=1887738 tid=1887738 inv=9 hid=2e8e960a9b608ef3 depth=2 name=chip.run.runner_run.device_wall ts=0 dur=2871299 clk=dev
[mono_ns=7252571344210800][T0xfb768d5fb020][TIMING] emit_host_span: [STRACE] v=1 pid=1887738 tid=1887738 inv=9 hid=2e8e960a9b608ef3 depth=3 name=chip.run.runner_run.device_wall.preamble ts=0 dur=5160 clk=dev
[mono_ns=7252571344207370][T0xfb768d5fb020][TIMING] emit_host_span: [STRACE] v=1 pid=1887751 tid=1887751 inv=9 hid=2e8e960a9b608ef3 depth=1 name=chip.run.validate ts=7252571344054739 dur=147631 
[mono_ns=7252571344214240][T0xfb768d5fb020][TIMING] emit_host_span: [STRACE] v=1 pid=1887738 tid=1887738 inv=9 hid=2e8e960a9b608ef3 depth=3 name=chip.run.runner_run.device_wall.graph_build ts=1380 dur=2858799 clk=dev
[mono_ns=7252571344214650][T0xfb768d5fb020][TIMING] emit_host_span: [STRACE] v=1 pid=1887751 tid=1887751 inv=9 hid=2e8e960a9b608ef3 depth=2 name=chip.run.runner_run.device_wall ts=0 dur=2628440 clk=dev
[mono_ns=7252571344218460][T0xfb768d5fb020][TIMING] emit_host_span: [STRACE] v=1 pid=1887751 tid=1887751 inv=9 hid=2e8e960a9b608ef3 depth=3 name=chip.run.runner_run.device_wall.preamble ts=0 dur=4860 clk=dev
[mono_ns=7252571344218760][T0xfb768d5fb020][TIMING] emit_host_span: [STRACE] v=1 pid=1887738 tid=1887738 inv=9 hid=2e8e960a9b608ef3 depth=3 name=chip.run.runner_run.device_wall.config_validate ts=1480 dur=660 clk=dev
[mono_ns=7252571344222500][T0xfb768d5fb020][TIMING] emit_host_span: [STRACE] v=1 pid=1887738 tid=1887738 inv=9 hid=2e8e960a9b608ef3 depth=3 name=chip.run.runner_run.device_wall.arena_wire ts=2179 dur=240 clk=dev
[mono_ns=7252571344221970][T0xfb768d5fb020][TIMING] emit_host_span: [STRACE] v=1 pid=1887751 tid=1887751 inv=9 hid=2e8e960a9b608ef3 depth=3 name=chip.run.runner_run.device_wall.graph_build ts=1380 dur=2616299 clk=dev
[mono_ns=7252571344226870][T0xfb768d5fb020][TIMING] emit_host_span: [STRACE] v=1 pid=1887738 tid=1887738 inv=9 hid=2e8e960a9b608ef3 depth=3 name=chip.run.runner_run.device_wall.sm_reset ts=2460 dur=440 clk=dev
[mono_ns=7252571344227740][T0xfb768d5fb020][TIMING] emit_host_span: [STRACE] v=1 pid=1887751 tid=1887751 inv=9 hid=2e8e960a9b608ef3 depth=3 name=chip.run.runner_run.device_wall.config_validate ts=1460 dur=679 clk=dev
[mono_ns=7252571344230920][T0xfb768d5fb020][TIMING] emit_host_span: [STRACE] v=1 pid=1887751 tid=1887751 inv=9 hid=2e8e960a9b608ef3 depth=3 name=chip.run.runner_run.device_wall.arena_wire ts=2160 dur=260 clk=dev
[mono_ns=7252571344230350][T0xfb768d5fb020][TIMING] emit_host_span: [STRACE] v=1 pid=1887738 tid=1887738 inv=9 hid=2e8e960a9b608ef3 depth=3 name=chip.run.runner_run.device_wall.post_orch ts=2860240 dur=10440 clk=dev
[mono_ns=7252571344234200][T0xfb768d5fb020][TIMING] emit_host_span: [STRACE] v=1 pid=1887751 tid=1887751 inv=9 hid=2e8e960a9b608ef3 depth=3 name=chip.run.runner_run.device_wall.sm_reset ts=2440 dur=480 clk=dev
[mono_ns=7252571344234520][T0xfb768d5fb020][TIMING] emit_host_span: [STRACE] v=1 pid=1887738 tid=1887738 inv=9 hid=2e8e960a9b608ef3 depth=3 name=chip.run.runner_run.device_wall.orch ts=2940 dur=3480 clk=dev
[mono_ns=7252571344237600][T0xfb768d5fb020][TIMING] emit_host_span: [STRACE] v=1 pid=1887738 tid=1887738 inv=9 hid=2e8e960a9b608ef3 depth=3 name=chip.run.runner_run.device_wall.sched ts=5240 dur=2847180 clk=dev
[mono_ns=7252571344238400][T0xfb768d5fb020][TIMING] emit_host_span: [STRACE] v=1 pid=1887751 tid=1887751 inv=9 hid=2e8e960a9b608ef3 depth=3 name=chip.run.runner_run.device_wall.post_orch ts=2617740 dur=10600 clk=dev
[mono_ns=7252571344243660][T0xfb768d5fb020][TIMING] emit_host_span: [STRACE] v=1 pid=1887751 tid=1887751 inv=9 hid=2e8e960a9b608ef3 depth=3 name=chip.run.runner_run.device_wall.orch ts=2960 dur=3280 clk=dev
[mono_ns=7252571344242690][T0xfb768d5fb020][TIMING] emit_host_span: [STRACE] v=1 pid=1887738 tid=1887738 inv=9 hid=2e8e960a9b608ef3 depth=1 name=chip.run.claim_release ts=7252571344240560 dur=340 
[mono_ns=7252571344248450][T0xfb768d5fb020][TIMING] emit_host_span: [STRACE] v=1 pid=1887738 tid=1887738 inv=9 hid=2e8e960a9b608ef3 depth=0 name=chip.run ts=7252571340649547 dur=3596733 run_id=9 dispatch_id=9 slot_id=0 generation=9 run_epoch=9
[mono_ns=7252571344247390][T0xfb768d5fb020][TIMING] emit_host_span: [STRACE] v=1 pid=1887751 tid=1887751 inv=9 hid=2e8e960a9b608ef3 depth=3 name=chip.run.runner_run.device_wall.sched ts=4920 dur=2605720 clk=dev
[mono_ns=7252571344253510][T0xfb768d5fb020][TIMING] emit_host_span: [STRACE] v=1 pid=1887751 tid=1887751 inv=9 hid=2e8e960a9b608ef3 depth=1 name=chip.run.claim_release ts=7252571344251290 dur=330 
[mono_ns=7252571344257770][T0xfb768d5fb020][TIMING] emit_host_span: [STRACE] v=1 pid=1887751 tid=1887751 inv=9 hid=2e8e960a9b608ef3 depth=0 name=chip.run ts=7252571340892798 dur=3363052 run_id=9 dispatch_id=9 slot_id=0 generation=9 run_epoch=9
[mono_ns=7252571344264320][T0xfb768d5fb020][TIMING] emit_host_span: [STRACE] v=1 pid=1887810 tid=1887810 inv=9 hid=2e8e960a9b608ef3 depth=1 name=chip.run.validate ts=7252571344054009 dur=205701 
[mono_ns=7252571344270960][T0xfb768d5fb020][TIMING] emit_host_span: [STRACE] v=1 pid=1887810 tid=1887810 inv=9 hid=2e8e960a9b608ef3 depth=2 name=chip.run.runner_run.device_wall ts=0 dur=1501120 clk=dev
[mono_ns=7252571344261320][T0xfb768d5fb020][TIMING] emit_host_span: [STRACE] v=1 pid=1887844 tid=1887844 inv=9 hid=2e8e960a9b608ef3 depth=1 name=chip.run.validate ts=7252571344048429 dur=208921 
[mono_ns=7252571344274910][T0xfb768d5fb020][TIMING] emit_host_span: [STRACE] v=1 pid=1887810 tid=1887810 inv=9 hid=2e8e960a9b608ef3 depth=3 name=chip.run.runner_run.device_wall.preamble ts=0 dur=5820 clk=dev
[mono_ns=7252571344271000][T0xfb768d5fb020][TIMING] emit_host_span: [STRACE] v=1 pid=1887844 tid=1887844 inv=9 hid=2e8e960a9b608ef3 depth=2 name=chip.run.runner_run.device_wall ts=0 dur=939800 clk=dev
[mono_ns=7252571344278300][T0xfb768d5fb020][TIMING] emit_host_span: [STRACE] v=1 pid=1887810 tid=1887810 inv=9 hid=2e8e960a9b608ef3 depth=3 name=chip.run.runner_run.device_wall.graph_build ts=1660 dur=1488840 clk=dev
[mono_ns=7252571344281370][T0xfb768d5fb020][TIMING] emit_host_span: [STRACE] v=1 pid=1887810 tid=1887810 inv=9 hid=2e8e960a9b608ef3 depth=3 name=chip.run.runner_run.device_wall.config_validate ts=1779 dur=660 clk=dev
[mono_ns=7252571344284350][T0xfb768d5fb020][TIMING] emit_host_span: [STRACE] v=1 pid=1887810 tid=1887810 inv=9 hid=2e8e960a9b608ef3 depth=3 name=chip.run.runner_run.device_wall.arena_wire ts=2460 dur=240 clk=dev
[mono_ns=7252571344277230][T0xfb753002cca0][TIMING] emit_host_span: [STRACE] v=1 pid=1883258 tid=1888752 inv=9 hid=50b590682672cac0 depth=0 name=node.complete ts=7252571344273540 dur=390 run_id=9 task_slot=0 group_index=0 worker_id=0 dispatch_id=9 endpoint_kind=local_mailbox prepare_only=0 role=worker outcome=0
[mono_ns=7252571344278370][T0xfb768d5fb020][TIMING] emit_host_span: [STRACE] v=1 pid=1887782 tid=1887782 inv=9 hid=2e8e960a9b608ef3 depth=1 name=chip.run.validate ts=7252571344077510 dur=196450 
[mono_ns=7252571344286800][T0xfb753002cca0][TIMING] emit_host_span: [STRACE] v=1 pid=1883258 tid=1888752 inv=9 hid=50b590682672cac0 depth=0 name=node.complete ts=7252571344283550 dur=340 run_id=9 task_slot=1 group_index=0 worker_id=1 dispatch_id=9 endpoint_kind=local_mailbox prepare_only=0 role=worker outcome=0
[mono_ns=7252571344285350][T0xfb768d5fb020][TIMING] emit_host_span: [STRACE] v=1 pid=1887782 tid=1887782 inv=9 hid=2e8e960a9b608ef3 depth=2 name=chip.run.runner_run.device_wall ts=0 dur=2085659 clk=dev
[mono_ns=7252571344289240][T0xfb768d5fb020][TIMING] emit_host_span: [STRACE] v=1 pid=1887782 tid=1887782 inv=9 hid=2e8e960a9b608ef3 depth=3 name=chip.run.runner_run.device_wall.preamble ts=0 dur=5580 clk=dev
[mono_ns=7252571344287850][T0xfb768d5fb020][TIMING] emit_host_span: [STRACE] v=1 pid=1887810 tid=1887810 inv=9 hid=2e8e960a9b608ef3 depth=3 name=chip.run.runner_run.device_wall.sm_reset ts=2719 dur=480 clk=dev
[mono_ns=7252571344292560][T0xfb768d5fb020][TIMING] emit_host_span: [STRACE] v=1 pid=1887782 tid=1887782 inv=9 hid=2e8e960a9b608ef3 depth=3 name=chip.run.runner_run.device_wall.graph_build ts=1799 dur=2072640 clk=dev
[mono_ns=7252571344292470][T0xfb768d5fb020][TIMING] emit_host_span: [STRACE] v=1 pid=1887810 tid=1887810 inv=9 hid=2e8e960a9b608ef3 depth=3 name=chip.run.runner_run.device_wall.post_orch ts=1490580 dur=10440 clk=dev
[mono_ns=7252571344296080][T0xfb768d5fb020][TIMING] emit_host_span: [STRACE] v=1 pid=1887782 tid=1887782 inv=9 hid=2e8e960a9b608ef3 depth=3 name=chip.run.runner_run.device_wall.config_validate ts=1900 dur=720 clk=dev
[mono_ns=7252571344296740][T0xfb768d5fb020][TIMING] emit_host_span: [STRACE] v=1 pid=1887810 tid=1887810 inv=9 hid=2e8e960a9b608ef3 depth=3 name=chip.run.runner_run.device_wall.orch ts=3239 dur=3440 clk=dev
[mono_ns=7252571344285230][T0xfb768d5fb020][TIMING] emit_host_span: [STRACE] v=1 pid=1887766 tid=1887766 inv=9 hid=2e8e960a9b608ef3 depth=1 name=chip.run.validate ts=7252571344039709 dur=240911 
[mono_ns=7252571344284990][T0xfb768d5fb020][TIMING] emit_host_span: [STRACE] v=1 pid=1887795 tid=1887795 inv=9 hid=2e8e960a9b608ef3 depth=1 name=chip.run.validate ts=7252571344039289 dur=241101 
[mono_ns=7252571344299650][T0xfb768d5fb020][TIMING] emit_host_span: [STRACE] v=1 pid=1887810 tid=1887810 inv=9 hid=2e8e960a9b608ef3 depth=3 name=chip.run.runner_run.device_wall.sched ts=5920 dur=1476700 clk=dev
[mono_ns=7252571344299180][T0xfb768d5fb020][TIMING] emit_host_span: [STRACE] v=1 pid=1887782 tid=1887782 inv=9 hid=2e8e960a9b608ef3 depth=3 name=chip.run.runner_run.device_wall.arena_wire ts=2640 dur=260 clk=dev
[mono_ns=7252571344288910][T0xfb768d5fb020][TIMING] emit_host_span: [STRACE] v=1 pid=1887827 tid=1887827 inv=9 hid=2e8e960a9b608ef3 depth=1 name=chip.run.validate ts=7252571344058049 dur=226031 
[mono_ns=7252571344296370][T0xfb768d5fb020][TIMING] emit_host_span: [STRACE] v=1 pid=1887766 tid=1887766 inv=9 hid=2e8e960a9b608ef3 depth=2 name=chip.run.runner_run.device_wall ts=0 dur=2283379 clk=dev
[mono_ns=7252571344296070][T0xfb768d5fb020][TIMING] emit_host_span: [STRACE] v=1 pid=1887795 tid=1887795 inv=9 hid=2e8e960a9b608ef3 depth=2 name=chip.run.runner_run.device_wall ts=0 dur=1779700 clk=dev
[mono_ns=7252571344299510][T0xfb753002cca0][TIMING] emit_host_span: [STRACE] v=1 pid=1883258 tid=1888752 inv=0 hid=0 depth=0 name=node.scheduler_loop ts=7252571344270910 dur=25450 role=scheduler drained=2 dispatched=0 drain_ns=23380 spins=562
[mono_ns=7252571344299780][T0xfb768d5fb020][TIMING] emit_host_span: [STRACE] v=1 pid=1887827 tid=1887827 inv=9 hid=2e8e960a9b608ef3 depth=2 name=chip.run.runner_run.device_wall ts=0 dur=1183140 clk=dev
[mono_ns=7252571344304050][T0xfb768d5fb020][TIMING] emit_host_span: [STRACE] v=1 pid=1887810 tid=1887810 inv=9 hid=2e8e960a9b608ef3 depth=1 name=chip.run.claim_release ts=7252571344302050 dur=310 
[mono_ns=7252571344302880][T0xfb768d5fb020][TIMING] emit_host_span: [STRACE] v=1 pid=1887782 tid=1887782 inv=9 hid=2e8e960a9b608ef3 depth=3 name=chip.run.runner_run.device_wall.sm_reset ts=2940 dur=520 clk=dev
[mono_ns=7252571344304500][T0xfb768d5fb020][TIMING] emit_host_span: [STRACE] v=1 pid=1887827 tid=1887827 inv=9 hid=2e8e960a9b608ef3 depth=3 name=chip.run.runner_run.device_wall.preamble ts=0 dur=4700 clk=dev
[mono_ns=7252571344300310][T0xfb768d5fb020][TIMING] emit_host_span: [STRACE] v=1 pid=1887795 tid=1887795 inv=9 hid=2e8e960a9b608ef3 depth=3 name=chip.run.runner_run.device_wall.preamble ts=0 dur=4860 clk=dev
[mono_ns=7252571344309090][T0xfb768d5fb020][TIMING] emit_host_span: [STRACE] v=1 pid=1887810 tid=1887810 inv=9 hid=2e8e960a9b608ef3 depth=0 name=chip.run ts=7252571341966882 dur=2340208 run_id=9 dispatch_id=9 slot_id=0 generation=9 run_epoch=9
[mono_ns=7252571344308280][T0xfb768d5fb020][TIMING] emit_host_span: [STRACE] v=1 pid=1887827 tid=1887827 inv=9 hid=2e8e960a9b608ef3 depth=3 name=chip.run.runner_run.device_wall.graph_build ts=1140 dur=1171240 clk=dev
[mono_ns=7252571344305910][T0xfb768d5fb020][TIMING] emit_host_span: [STRACE] v=1 pid=1887782 tid=1887782 inv=9 hid=2e8e960a9b608ef3 depth=3 name=chip.run.runner_run.device_wall.post_orch ts=2074480 dur=10879 clk=dev
[mono_ns=7252571344304810][T0xfb768d5fb020][TIMING] emit_host_span: [STRACE] v=1 pid=1887795 tid=1887795 inv=9 hid=2e8e960a9b608ef3 depth=3 name=chip.run.runner_run.device_wall.graph_build ts=1280 dur=1769220 clk=dev
[mono_ns=7252571344309650][T0xfb768d5fb020][TIMING] emit_host_span: [STRACE] v=1 pid=1887782 tid=1887782 inv=9 hid=2e8e960a9b608ef3 depth=3 name=chip.run.runner_run.device_wall.orch ts=3520 dur=3420 clk=dev
[mono_ns=7252571344312470][T0xfb768d5fb020][TIMING] emit_host_span: [STRACE] v=1 pid=1887827 tid=1887827 inv=9 hid=2e8e960a9b608ef3 depth=3 name=chip.run.runner_run.device_wall.config_validate ts=1220 dur=760 clk=dev
[mono_ns=7252571344275240][T0xfb768d5fb020][TIMING] emit_host_span: [STRACE] v=1 pid=1887844 tid=1887844 inv=9 hid=2e8e960a9b608ef3 depth=3 name=chip.run.runner_run.device_wall.preamble ts=0 dur=6319 clk=dev
[mono_ns=7252571344309330][T0xfb768d5fb020][TIMING] emit_host_span: [STRACE] v=1 pid=1887795 tid=1887795 inv=9 hid=2e8e960a9b608ef3 depth=3 name=chip.run.runner_run.device_wall.config_validate ts=1380 dur=700 clk=dev
[mono_ns=7252571344312550][T0xfb768d5fb020][TIMING] emit_host_span: [STRACE] v=1 pid=1887782 tid=1887782 inv=9 hid=2e8e960a9b608ef3 depth=3 name=chip.run.runner_run.device_wall.sched ts=5620 dur=2061279 clk=dev
[mono_ns=7252571344316610][T0xfb768d5fb020][TIMING] emit_host_span: [STRACE] v=1 pid=1887827 tid=1887827 inv=9 hid=2e8e960a9b608ef3 depth=3 name=chip.run.runner_run.device_wall.arena_wire ts=2000 dur=240 clk=dev
[mono_ns=7252571344313660][T0xfb768d5fb020][TIMING] emit_host_span: [STRACE] v=1 pid=1887844 tid=1887844 inv=9 hid=2e8e960a9b608ef3 depth=3 name=chip.run.runner_run.device_wall.graph_build ts=2040 dur=927100 clk=dev
[mono_ns=7252571344314350][T0xfb768d5fb020][TIMING] emit_host_span: [STRACE] v=1 pid=1887795 tid=1887795 inv=9 hid=2e8e960a9b608ef3 depth=3 name=chip.run.runner_run.device_wall.arena_wire ts=2120 dur=280 clk=dev
[mono_ns=7252571344316460][T0xfb768d5fb020][TIMING] emit_host_span: [STRACE] v=1 pid=1887782 tid=1887782 inv=9 hid=2e8e960a9b608ef3 depth=1 name=chip.run.claim_release ts=7252571344314300 dur=370 
[mono_ns=7252571344321110][T0xfb768d5fb020][TIMING] emit_host_span: [STRACE] v=1 pid=1887827 tid=1887827 inv=9 hid=2e8e960a9b608ef3 depth=3 name=chip.run.runner_run.device_wall.sm_reset ts=2280 dur=480 clk=dev
[mono_ns=7252571344317580][T0xfb768d5fb020][TIMING] emit_host_span: [STRACE] v=1 pid=1887844 tid=1887844 inv=9 hid=2e8e960a9b608ef3 depth=3 name=chip.run.runner_run.device_wall.config_validate ts=2320 dur=560 clk=dev
[mono_ns=7252571344324870][T0xfb768d5fb020][TIMING] emit_host_span: [STRACE] v=1 pid=1887827 tid=1887827 inv=9 hid=2e8e960a9b608ef3 depth=3 name=chip.run.runner_run.device_wall.post_orch ts=1172460 dur=10200 clk=dev
[mono_ns=7252571344320400][T0xfb768d5fb020][TIMING] emit_host_span: [STRACE] v=1 pid=1887782 tid=1887782 inv=9 hid=2e8e960a9b608ef3 depth=0 name=chip.run ts=7252571341400340 dur=2918080 run_id=9 dispatch_id=9 slot_id=0 generation=9 run_epoch=9
[mono_ns=7252571344317870][T0xfb768d5fb020][TIMING] emit_host_span: [STRACE] v=1 pid=1887795 tid=1887795 inv=9 hid=2e8e960a9b608ef3 depth=3 name=chip.run.runner_run.device_wall.sm_reset ts=2420 dur=500 clk=dev
[mono_ns=7252571344322270][T0xfb768d5fb020][TIMING] emit_host_span: [STRACE] v=1 pid=1887844 tid=1887844 inv=9 hid=2e8e960a9b608ef3 depth=3 name=chip.run.runner_run.device_wall.arena_wire ts=2920 dur=260 clk=dev
[mono_ns=7252571344300640][T0xfb768d5fb020][TIMING] emit_host_span: [STRACE] v=1 pid=1887766 tid=1887766 inv=9 hid=2e8e960a9b608ef3 depth=3 name=chip.run.runner_run.device_wall.preamble ts=0 dur=6540 clk=dev
[mono_ns=7252571344329040][T0xfb768d5fb020][TIMING] emit_host_span: [STRACE] v=1 pid=1887827 tid=1887827 inv=9 hid=2e8e960a9b608ef3 depth=3 name=chip.run.runner_run.device_wall.orch ts=2780 dur=3239 clk=dev
[mono_ns=7252571344322800][T0xfb768d5fb020][TIMING] emit_host_span: [STRACE] v=1 pid=1887795 tid=1887795 inv=9 hid=2e8e960a9b608ef3 depth=3 name=chip.run.runner_run.device_wall.post_orch ts=1770560 dur=8760 clk=dev
[mono_ns=7252571344325550][T0xfb768d5fb020][TIMING] emit_host_span: [STRACE] v=1 pid=1887844 tid=1887844 inv=9 hid=2e8e960a9b608ef3 depth=3 name=chip.run.runner_run.device_wall.sm_reset ts=3220 dur=500 clk=dev
[mono_ns=7252571344332861][T0xfb768d5fb020][TIMING] emit_host_span: [STRACE] v=1 pid=1887827 tid=1887827 inv=9 hid=2e8e960a9b608ef3 depth=3 name=chip.run.runner_run.device_wall.sched ts=4800 dur=1160620 clk=dev
[mono_ns=7252571344331571][T0xfb768d5fb020][TIMING] emit_host_span: [STRACE] v=1 pid=1887766 tid=1887766 inv=9 hid=2e8e960a9b608ef3 depth=3 name=chip.run.runner_run.device_wall.graph_build ts=1740 dur=2272279 clk=dev
[mono_ns=7252571344329640][T0xfb768d5fb020][TIMING] emit_host_span: [STRACE] v=1 pid=1887844 tid=1887844 inv=9 hid=2e8e960a9b608ef3 depth=3 name=chip.run.runner_run.device_wall.post_orch ts=929180 dur=10480 clk=dev
[mono_ns=7252571344327000][T0xfb768d5fb020][TIMING] emit_host_span: [STRACE] v=1 pid=1887795 tid=1887795 inv=9 hid=2e8e960a9b608ef3 depth=3 name=chip.run.runner_run.device_wall.orch ts=2940 dur=3320 clk=dev
[mono_ns=7252571344336371][T0xfb753002cca0][TIMING] emit_host_span: [STRACE] v=1 pid=1883258 tid=1888752 inv=9 hid=50b590682672cac0 depth=0 name=node.complete ts=7252571344333071 dur=300 run_id=9 task_slot=5 group_index=0 worker_id=5 dispatch_id=9 endpoint_kind=local_mailbox prepare_only=0 role=worker outcome=0
[mono_ns=7252571344339011][T0xfb768d5fb020][TIMING] emit_host_span: [STRACE] v=1 pid=1887827 tid=1887827 inv=9 hid=2e8e960a9b608ef3 depth=1 name=chip.run.claim_release ts=7252571344336901 dur=380 
[mono_ns=7252571344335551][T0xfb768d5fb020][TIMING] emit_host_span: [STRACE] v=1 pid=1887766 tid=1887766 inv=9 hid=2e8e960a9b608ef3 depth=3 name=chip.run.runner_run.device_wall.config_validate ts=1839 dur=799 clk=dev
[mono_ns=7252571344333481][T0xfb768d5fb020][TIMING] emit_host_span: [STRACE] v=1 pid=1887844 tid=1887844 inv=9 hid=2e8e960a9b608ef3 depth=3 name=chip.run.runner_run.device_wall.orch ts=3760 dur=3100 clk=dev
[mono_ns=7252571344331841][T0xfb768d5fb020][TIMING] emit_host_span: [STRACE] v=1 pid=1887795 tid=1887795 inv=9 hid=2e8e960a9b608ef3 depth=3 name=chip.run.runner_run.device_wall.sched ts=4920 dur=1758400 clk=dev
[mono_ns=7252571344347591][T0xfb753002cca0][TIMING] emit_host_span: [STRACE] v=1 pid=1883258 tid=1888752 inv=0 hid=0 depth=0 name=node.scheduler_loop ts=7252571344330140 dur=14341 role=scheduler drained=1 dispatched=0 drain_ns=12291 spins=8
[mono_ns=7252571344339271][T0xfb768d5fb020][TIMING] emit_host_span: [STRACE] v=1 pid=1887766 tid=1887766 inv=9 hid=2e8e960a9b608ef3 depth=3 name=chip.run.runner_run.device_wall.arena_wire ts=2660 dur=240 clk=dev
[mono_ns=7252571344345201][T0xfb768d5fb020][TIMING] emit_host_span: [STRACE] v=1 pid=1887827 tid=1887827 inv=9 hid=2e8e960a9b608ef3 depth=0 name=chip.run ts=7252571342260463 dur=2082718 run_id=9 dispatch_id=9 slot_id=0 generation=9 run_epoch=9
[mono_ns=7252571344337091][T0xfb768d5fb020][TIMING] emit_host_span: [STRACE] v=1 pid=1887844 tid=1887844 inv=9 hid=2e8e960a9b608ef3 depth=3 name=chip.run.runner_run.device_wall.sched ts=6380 dur=915600 clk=dev
[mono_ns=7252571344342631][T0xfb768d5fb020][TIMING] emit_host_span: [STRACE] v=1 pid=1887766 tid=1887766 inv=9 hid=2e8e960a9b608ef3 depth=3 name=chip.run.runner_run.device_wall.sm_reset ts=2940 dur=459 clk=dev
[mono_ns=7252571344336921][T0xfb768d5fb020][TIMING] emit_host_span: [STRACE] v=1 pid=1887795 tid=1887795 inv=9 hid=2e8e960a9b608ef3 depth=1 name=chip.run.claim_release ts=7252571344334811 dur=310 
[mono_ns=7252571344340981][T0xfb768d5fb020][TIMING] emit_host_span: [STRACE] v=1 pid=1887844 tid=1887844 inv=9 hid=2e8e960a9b608ef3 depth=1 name=chip.run.claim_release ts=7252571344338971 dur=260 
[mono_ns=7252571344346501][T0xfb768d5fb020][TIMING] emit_host_span: [STRACE] v=1 pid=1887766 tid=1887766 inv=9 hid=2e8e960a9b608ef3 depth=3 name=chip.run.runner_run.device_wall.post_orch ts=2274060 dur=8800 clk=dev
[mono_ns=7252571344342231][T0xfb768d5fb020][TIMING] emit_host_span: [STRACE] v=1 pid=1887795 tid=1887795 inv=9 hid=2e8e960a9b608ef3 depth=0 name=chip.run ts=7252571341637360 dur=2702881 run_id=9 dispatch_id=9 slot_id=0 generation=9 run_epoch=9
[mono_ns=7252571344354871][T0xfb753002cca0][TIMING] emit_host_span: [STRACE] v=1 pid=1883258 tid=1888752 inv=9 hid=50b590682672cac0 depth=0 name=node.complete ts=7252571344351701 dur=290 run_id=9 task_slot=3 group_index=0 worker_id=3 dispatch_id=9 endpoint_kind=local_mailbox prepare_only=0 role=worker outcome=0
[mono_ns=7252571344350221][T0xfb768d5fb020][TIMING] emit_host_span: [STRACE] v=1 pid=1887766 tid=1887766 inv=9 hid=2e8e960a9b608ef3 depth=3 name=chip.run.runner_run.device_wall.orch ts=3440 dur=3280 clk=dev
[mono_ns=7252571344359411][T0xfb768d5fb020][TIMING] emit_host_span: [STRACE] v=1 pid=1887844 tid=1887844 inv=9 hid=2e8e960a9b608ef3 depth=0 name=chip.run ts=7252571342494234 dur=1862837 run_id=9 dispatch_id=9 slot_id=0 generation=9 run_epoch=9
[mono_ns=7252571344353711][T0xfb768d5fb020][TIMING] emit_host_span: [STRACE] v=1 pid=1887766 tid=1887766 inv=9 hid=2e8e960a9b608ef3 depth=3 name=chip.run.runner_run.device_wall.sched ts=6680 dur=2259560 clk=dev
[mono_ns=7252571344366641][T0xfb753002cca0][TIMING] emit_host_span: [STRACE] v=1 pid=1883258 tid=1888752 inv=0 hid=0 depth=0 name=node.scheduler_loop ts=7252571344349161 dur=14310 role=scheduler drained=1 dispatched=0 drain_ns=12150 spins=0
[mono_ns=7252571344376261][T0xfb753002cca0][TIMING] emit_host_span: [STRACE] v=1 pid=1883258 tid=1888752 inv=9 hid=50b590682672cac0 depth=0 name=node.complete ts=7252571344373031 dur=300 run_id=9 task_slot=4 group_index=0 worker_id=4 dispatch_id=9 endpoint_kind=local_mailbox prepare_only=0 role=worker outcome=0
[mono_ns=7252571344359431][T0xfb768d5fb020][TIMING] emit_host_span: [STRACE] v=1 pid=1887766 tid=1887766 inv=9 hid=2e8e960a9b608ef3 depth=1 name=chip.run.claim_release ts=7252571344357331 dur=340 
[mono_ns=7252571344383891][T0xfb768d5fb020][TIMING] emit_host_span: [STRACE] v=1 pid=1887766 tid=1887766 inv=9 hid=2e8e960a9b608ef3 depth=0 name=chip.run ts=7252571341144989 dur=3236642 run_id=9 dispatch_id=9 slot_id=0 generation=9 run_epoch=9
[mono_ns=7252571344383211][T0xfb753002cca0][TIMING] emit_host_span: [STRACE] v=1 pid=1883258 tid=1888752 inv=9 hid=50b590682672cac0 depth=0 name=node.complete ts=7252571344380051 dur=340 run_id=9 task_slot=6 group_index=0 worker_id=6 dispatch_id=9 endpoint_kind=local_mailbox prepare_only=0 role=worker outcome=0
[mono_ns=7252571344392191][T0xfb753002cca0][TIMING] emit_host_span: [STRACE] v=1 pid=1883258 tid=1888752 inv=9 hid=50b590682672cac0 depth=0 name=node.complete ts=7252571344388541 dur=270 run_id=9 task_slot=7 group_index=0 worker_id=7 dispatch_id=9 endpoint_kind=local_mailbox prepare_only=0 role=worker outcome=0
[mono_ns=7252571344406531][T0xfb753002cca0][TIMING] emit_host_span: [STRACE] v=1 pid=1883258 tid=1888752 inv=0 hid=0 depth=0 name=node.scheduler_loop ts=7252571344370111 dur=33420 role=scheduler drained=3 dispatched=0 drain_ns=31150 spins=0
[mono_ns=7252571344415781][T0xfb753002cca0][TIMING] emit_host_span: [STRACE] v=1 pid=1883258 tid=1888752 inv=9 hid=50b590682672cac0 depth=0 name=node.complete ts=7252571344412631 dur=280 run_id=9 task_slot=2 group_index=0 worker_id=2 dispatch_id=9 endpoint_kind=local_mailbox prepare_only=0 role=worker outcome=0
[mono_ns=7252571344427931][T0xfb753002cca0][TIMING] emit_host_span: [STRACE] v=1 pid=1883258 tid=1888752 inv=0 hid=0 depth=0 name=node.scheduler_loop ts=7252571344409881 dur=15020 role=scheduler drained=1 dispatched=0 drain_ns=14870 spins=0
[mono_ns=7252571344500651][T0xfb768d5fb020][TIMING] emit_host_span: [STRACE] v=1 pid=1883258 tid=1883258 inv=9 hid=0 depth=0 name=node.post_fence_retirement ts=7252571344422341 dur=73940 run_id=9 slot_id=0 generation=9 role=facade
[mono_ns=7252571345089313][T0xfb768d5fb020][TIMING] emit_host_span: [STRACE] v=1 pid=1883258 tid=1883258 inv=10 hid=50b590682672cac0 depth=0 name=node.submit ts=7252571345072333 dur=12170 run_id=10 task_slot=0 group_index=0 group_size=1 worker_id=0 role=facade
[mono_ns=7252571345100663][T0xfb753002cca0][TIMING] emit_host_span: [STRACE] v=1 pid=1883258 tid=1888752 inv=10 hid=50b590682672cac0 depth=0 name=node.frame_submit ts=7252571345096203 dur=1040 run_id=10 task_slot=0 group_index=0 worker_id=0 dispatch_id=10 endpoint_kind=local_mailbox prepare_only=0 role=worker
[mono_ns=7252571345107793][T0xfb753002cca0][TIMING] emit_host_span: [STRACE] v=1 pid=1883258 tid=1888752 inv=10 hid=50b590682672cac0 depth=0 name=node.dispatch ts=7252571345093213 dur=10050 run_id=10 task_slot=0 group_index=0 worker_id=0 dispatch_id=10 endpoint_kind=local_mailbox prepare_only=0 role=scheduler slot_id=0 generation=10
[mono_ns=7252571345115893][T0xfb753002cca0][TIMING] emit_host_span: [STRACE] v=1 pid=1883258 tid=1888752 inv=0 hid=0 depth=0 name=node.scheduler_loop ts=7252571345089663 dur=22930 role=scheduler drained=0 dispatched=1 drain_ns=1250 spins=1
[mono_ns=7252571345341234][T0xfb768d5fb020][TIMING] emit_host_span: [STRACE] v=1 pid=1883258 tid=1883258 inv=10 hid=50b590682672cac0 depth=0 name=node.submit ts=7252571345326334 dur=9300 run_id=10 task_slot=1 group_index=0 group_size=1 worker_id=1 role=facade
[mono_ns=7252571345344794][T0xfb753002cca0][TIMING] emit_host_span: [STRACE] v=1 pid=1883258 tid=1888752 inv=10 hid=50b590682672cac0 depth=0 name=node.frame_submit ts=7252571345339974 dur=1210 run_id=10 task_slot=1 group_index=0 worker_id=1 dispatch_id=10 endpoint_kind=local_mailbox prepare_only=0 role=worker
[mono_ns=7252571345351304][T0xfb753002cca0][TIMING] emit_host_span: [STRACE] v=1 pid=1883258 tid=1888752 inv=10 hid=50b590682672cac0 depth=0 name=node.dispatch ts=7252571345337514 dur=9410 run_id=10 task_slot=1 group_index=0 worker_id=1 dispatch_id=10 endpoint_kind=local_mailbox prepare_only=0 role=scheduler slot_id=0 generation=10
[mono_ns=7252571345356974][T0xfb753002cca0][TIMING] emit_host_span: [STRACE] v=1 pid=1883258 tid=1888752 inv=0 hid=0 depth=0 name=node.scheduler_loop ts=7252571345334304 dur=19660 role=scheduler drained=0 dispatched=1 drain_ns=1290 spins=62
[mono_ns=7252571345379414][T0xfb768d5fb020][TIMING] emit_host_span: [STRACE] v=1 pid=1887738 tid=1887738 inv=10 hid=2e8e960a9b608ef3 depth=2 name=chip.run.bind.args ts=7252571345234024 dur=139700 
[mono_ns=7252571345389464][T0xfb768d5fb020][TIMING] emit_host_span: [STRACE] v=1 pid=1887738 tid=1887738 inv=10 hid=2e8e960a9b608ef3 depth=2 name=chip.run.bind.prebuilt ts=7252571345385514 dur=1780 
[mono_ns=7252571345393244][T0xfb768d5fb020][TIMING] emit_host_span: [STRACE] v=1 pid=1887738 tid=1887738 inv=10 hid=2e8e960a9b608ef3 depth=1 name=chip.run.bind ts=7252571345228214 dur=163020 
[mono_ns=7252571345579995][T0xfb768d5fb020][TIMING] emit_host_span: [STRACE] v=1 pid=1883258 tid=1883258 inv=10 hid=50b590682672cac0 depth=0 name=node.submit ts=7252571345565685 dur=9230 run_id=10 task_slot=2 group_index=0 group_size=1 worker_id=2 role=facade
[mono_ns=7252571345585405][T0xfb753002cca0][TIMING] emit_host_span: [STRACE] v=1 pid=1883258 tid=1888752 inv=10 hid=50b590682672cac0 depth=0 name=node.frame_submit ts=7252571345580175 dur=2260 run_id=10 task_slot=2 group_index=0 worker_id=2 dispatch_id=10 endpoint_kind=local_mailbox prepare_only=0 role=worker
[mono_ns=7252571345591825][T0xfb753002cca0][TIMING] emit_host_span: [STRACE] v=1 pid=1883258 tid=1888752 inv=10 hid=50b590682672cac0 depth=0 name=node.dispatch ts=7252571345577945 dur=9630 run_id=10 task_slot=2 group_index=0 worker_id=2 dispatch_id=10 endpoint_kind=local_mailbox prepare_only=0 role=scheduler slot_id=0 generation=10
[mono_ns=7252571345597385][T0xfb753002cca0][TIMING] emit_host_span: [STRACE] v=1 pid=1883258 tid=1888752 inv=0 hid=0 depth=0 name=node.scheduler_loop ts=7252571345574435 dur=19940 role=scheduler drained=0 dispatched=1 drain_ns=1510 spins=58
[mono_ns=7252571345640675][T0xfb768d5fb020][TIMING] emit_host_span: [STRACE] v=1 pid=1887751 tid=1887751 inv=10 hid=2e8e960a9b608ef3 depth=2 name=chip.run.bind.args ts=7252571345480745 dur=154670 
[mono_ns=7252571345651365][T0xfb768d5fb020][TIMING] emit_host_span: [STRACE] v=1 pid=1887751 tid=1887751 inv=10 hid=2e8e960a9b608ef3 depth=2 name=chip.run.bind.prebuilt ts=7252571345647445 dur=1780 
[mono_ns=7252571345655455][T0xfb768d5fb020][TIMING] emit_host_span: [STRACE] v=1 pid=1887751 tid=1887751 inv=10 hid=2e8e960a9b608ef3 depth=1 name=chip.run.bind ts=7252571345474775 dur=178650 
[mono_ns=7252571345818916][T0xfb768d5fb020][TIMING] emit_host_span: [STRACE] v=1 pid=1883258 tid=1883258 inv=10 hid=50b590682672cac0 depth=0 name=node.submit ts=7252571345804616 dur=9800 run_id=10 task_slot=3 group_index=0 group_size=1 worker_id=3 role=facade
[mono_ns=7252571345820086][T0xfb753002cca0][TIMING] emit_host_span: [STRACE] v=1 pid=1883258 tid=1888752 inv=10 hid=50b590682672cac0 depth=0 name=node.frame_submit ts=7252571345816416 dur=670 run_id=10 task_slot=3 group_index=0 worker_id=3 dispatch_id=10 endpoint_kind=local_mailbox prepare_only=0 role=worker
[mono_ns=7252571345827876][T0xfb753002cca0][TIMING] emit_host_span: [STRACE] v=1 pid=1883258 tid=1888752 inv=10 hid=50b590682672cac0 depth=0 name=node.dispatch ts=7252571345814176 dur=9300 run_id=10 task_slot=3 group_index=0 worker_id=3 dispatch_id=10 endpoint_kind=local_mailbox prepare_only=0 role=scheduler slot_id=0 generation=10
[mono_ns=7252571345833796][T0xfb753002cca0][TIMING] emit_host_span: [STRACE] v=1 pid=1883258 tid=1888752 inv=0 hid=0 depth=0 name=node.scheduler_loop ts=7252571345809566 dur=20730 role=scheduler drained=0 dispatched=1 drain_ns=1540 spins=56
[mono_ns=7252571345968817][T0xfb768d5fb020][TIMING] emit_host_span: [STRACE] v=1 pid=1887766 tid=1887766 inv=10 hid=2e8e960a9b608ef3 depth=2 name=chip.run.bind.args ts=7252571345725636 dur=238751 
[mono_ns=7252571345981777][T0xfb768d5fb020][TIMING] emit_host_span: [STRACE] v=1 pid=1887766 tid=1887766 inv=10 hid=2e8e960a9b608ef3 depth=2 name=chip.run.bind.prebuilt ts=7252571345977757 dur=1830 
[mono_ns=7252571345986427][T0xfb768d5fb020][TIMING] emit_host_span: [STRACE] v=1 pid=1887766 tid=1887766 inv=10 hid=2e8e960a9b608ef3 depth=1 name=chip.run.bind ts=7252571345719736 dur=264561 
[mono_ns=7252571346073157][T0xfb768d5fb020][TIMING] emit_host_span: [STRACE] v=1 pid=1883258 tid=1883258 inv=10 hid=50b590682672cac0 depth=0 name=node.submit ts=7252571346058177 dur=9910 run_id=10 task_slot=4 group_index=0 group_size=1 worker_id=4 role=facade
[mono_ns=7252571346078057][T0xfb753002cca0][TIMING] emit_host_span: [STRACE] v=1 pid=1883258 tid=1888752 inv=10 hid=50b590682672cac0 depth=0 name=node.frame_submit ts=7252571346073097 dur=1920 run_id=10 task_slot=4 group_index=0 worker_id=4 dispatch_id=10 endpoint_kind=local_mailbox prepare_only=0 role=worker
[mono_ns=7252571346084597][T0xfb753002cca0][TIMING] emit_host_span: [STRACE] v=1 pid=1883258 tid=1888752 inv=10 hid=50b590682672cac0 depth=0 name=node.dispatch ts=7252571346070707 dur=9670 run_id=10 task_slot=4 group_index=0 worker_id=4 dispatch_id=10 endpoint_kind=local_mailbox prepare_only=0 role=scheduler slot_id=0 generation=10
[mono_ns=7252571346090177][T0xfb753002cca0][TIMING] emit_host_span: [STRACE] v=1 pid=1883258 tid=1888752 inv=0 hid=0 depth=0 name=node.scheduler_loop ts=7252571346067027 dur=20230 role=scheduler drained=0 dispatched=1 drain_ns=1440 spins=64
[mono_ns=7252571346178827][T0xfb768d5fb020][TIMING] emit_host_span: [STRACE] v=1 pid=1887782 tid=1887782 inv=10 hid=2e8e960a9b608ef3 depth=2 name=chip.run.bind.args ts=7252571345954317 dur=218900 
[mono_ns=7252571346189957][T0xfb768d5fb020][TIMING] emit_host_span: [STRACE] v=1 pid=1887782 tid=1887782 inv=10 hid=2e8e960a9b608ef3 depth=2 name=chip.run.bind.prebuilt ts=7252571346185877 dur=1890 
[mono_ns=7252571346193717][T0xfb768d5fb020][TIMING] emit_host_span: [STRACE] v=1 pid=1887782 tid=1887782 inv=10 hid=2e8e960a9b608ef3 depth=1 name=chip.run.bind ts=7252571345948957 dur=242840 
[mono_ns=7252571346312298][T0xfb768d5fb020][TIMING] emit_host_span: [STRACE] v=1 pid=1883258 tid=1883258 inv=10 hid=50b590682672cac0 depth=0 name=node.submit ts=7252571346295958 dur=11130 run_id=10 task_slot=5 group_index=0 group_size=1 worker_id=5 role=facade
[mono_ns=7252571346313518][T0xfb753002cca0][TIMING] emit_host_span: [STRACE] v=1 pid=1883258 tid=1888752 inv=10 hid=50b590682672cac0 depth=0 name=node.frame_submit ts=7252571346309818 dur=660 run_id=10 task_slot=5 group_index=0 worker_id=5 dispatch_id=10 endpoint_kind=local_mailbox prepare_only=0 role=worker
[mono_ns=7252571346321258][T0xfb753002cca0][TIMING] emit_host_span: [STRACE] v=1 pid=1883258 tid=1888752 inv=10 hid=50b590682672cac0 depth=0 name=node.dispatch ts=7252571346307608 dur=9340 run_id=10 task_slot=5 group_index=0 worker_id=5 dispatch_id=10 endpoint_kind=local_mailbox prepare_only=0 role=scheduler slot_id=0 generation=10
[mono_ns=7252571346326358][T0xfb753002cca0][TIMING] emit_host_span: [STRACE] v=1 pid=1883258 tid=1888752 inv=0 hid=0 depth=0 name=node.scheduler_loop ts=7252571346302768 dur=20730 role=scheduler drained=0 dispatched=1 drain_ns=1430 spins=60
[mono_ns=7252571346459348][T0xfb768d5fb020][TIMING] emit_host_span: [STRACE] v=1 pid=1887795 tid=1887795 inv=10 hid=2e8e960a9b608ef3 depth=2 name=chip.run.bind.args ts=7252571346214988 dur=239970 
[mono_ns=7252571346474458][T0xfb768d5fb020][TIMING] emit_host_span: [STRACE] v=1 pid=1887795 tid=1887795 inv=10 hid=2e8e960a9b608ef3 depth=2 name=chip.run.bind.prebuilt ts=7252571346470228 dur=1980 
[mono_ns=7252571346479468][T0xfb768d5fb020][TIMING] emit_host_span: [STRACE] v=1 pid=1887795 tid=1887795 inv=10 hid=2e8e960a9b608ef3 depth=1 name=chip.run.bind ts=7252571346209537 dur=267811 
[mono_ns=7252571346545339][T0xfb768d5fb020][TIMING] emit_host_span: [STRACE] v=1 pid=1883258 tid=1883258 inv=10 hid=50b590682672cac0 depth=0 name=node.submit ts=7252571346527969 dur=12430 run_id=10 task_slot=6 group_index=0 group_size=1 worker_id=6 role=facade
[mono_ns=7252571346553749][T0xfb753002cca0][TIMING] emit_host_span: [STRACE] v=1 pid=1883258 tid=1888752 inv=10 hid=50b590682672cac0 depth=0 name=node.frame_submit ts=7252571346548699 dur=1920 run_id=10 task_slot=6 group_index=0 worker_id=6 dispatch_id=10 endpoint_kind=local_mailbox prepare_only=0 role=worker
[mono_ns=7252571346560239][T0xfb753002cca0][TIMING] emit_host_span: [STRACE] v=1 pid=1883258 tid=1888752 inv=10 hid=50b590682672cac0 depth=0 name=node.dispatch ts=7252571346546119 dur=9430 run_id=10 task_slot=6 group_index=0 worker_id=6 dispatch_id=10 endpoint_kind=local_mailbox prepare_only=0 role=scheduler slot_id=0 generation=10
[mono_ns=7252571346566999][T0xfb753002cca0][TIMING] emit_host_span: [STRACE] v=1 pid=1883258 tid=1888752 inv=0 hid=0 depth=0 name=node.scheduler_loop ts=7252571346534579 dur=29430 role=scheduler drained=0 dispatched=1 drain_ns=1470 spins=60
[mono_ns=7252571346656999][T0xfb768d5fb020][TIMING] emit_host_span: [STRACE] v=1 pid=1887810 tid=1887810 inv=10 hid=2e8e960a9b608ef3 depth=2 name=chip.run.bind.args ts=7252571346446408 dur=205401 
[mono_ns=7252571346666759][T0xfb768d5fb020][TIMING] emit_host_span: [STRACE] v=1 pid=1887810 tid=1887810 inv=10 hid=2e8e960a9b608ef3 depth=2 name=chip.run.bind.prebuilt ts=7252571346662789 dur=1670 
[mono_ns=7252571346670539][T0xfb768d5fb020][TIMING] emit_host_span: [STRACE] v=1 pid=1887810 tid=1887810 inv=10 hid=2e8e960a9b608ef3 depth=1 name=chip.run.bind ts=7252571346440748 dur=227711 
[mono_ns=7252571346779490][T0xfb768d5fb020][TIMING] emit_host_span: [STRACE] v=1 pid=1883258 tid=1883258 inv=10 hid=50b590682672cac0 depth=0 name=node.submit ts=7252571346765080 dur=9050 run_id=10 task_slot=7 group_index=0 group_size=1 worker_id=7 role=facade
[mono_ns=7252571346784060][T0xfb753002cca0][TIMING] emit_host_span: [STRACE] v=1 pid=1883258 tid=1888752 inv=10 hid=50b590682672cac0 depth=0 name=node.frame_submit ts=7252571346779350 dur=1760 run_id=10 task_slot=7 group_index=0 worker_id=7 dispatch_id=10 endpoint_kind=local_mailbox prepare_only=0 role=worker
[mono_ns=7252571346790470][T0xfb753002cca0][TIMING] emit_host_span: [STRACE] v=1 pid=1883258 tid=1888752 inv=10 hid=50b590682672cac0 depth=0 name=node.dispatch ts=7252571346777060 dur=9220 run_id=10 task_slot=7 group_index=0 worker_id=7 dispatch_id=10 endpoint_kind=local_mailbox prepare_only=0 role=scheduler slot_id=0 generation=10
[mono_ns=7252571346795230][T0xfb753002cca0][TIMING] emit_host_span: [STRACE] v=1 pid=1883258 tid=1888752 inv=0 hid=0 depth=0 name=node.scheduler_loop ts=7252571346773050 dur=19370 role=scheduler drained=0 dispatched=1 drain_ns=1540 spins=59
[mono_ns=7252571346799290][T0xfb768d5fb020][TIMING] emit_host_span: [STRACE] v=1 pid=1883258 tid=1883258 inv=10 hid=0 depth=0 name=node.graph_build ts=7252571344777362 dur=2014808 run_id=10 role=facade
[mono_ns=7252571346942220][T0xfb768d5fb020][TIMING] emit_host_span: [STRACE] v=1 pid=1887827 tid=1887827 inv=10 hid=2e8e960a9b608ef3 depth=2 name=chip.run.bind.args ts=7252571346694019 dur=242661 
[mono_ns=7252571346955080][T0xfb768d5fb020][TIMING] emit_host_span: [STRACE] v=1 pid=1887827 tid=1887827 inv=10 hid=2e8e960a9b608ef3 depth=2 name=chip.run.bind.prebuilt ts=7252571346951250 dur=1650 
[mono_ns=7252571346959750][T0xfb768d5fb020][TIMING] emit_host_span: [STRACE] v=1 pid=1887827 tid=1887827 inv=10 hid=2e8e960a9b608ef3 depth=1 name=chip.run.bind ts=7252571346689259 dur=268451 
[mono_ns=7252571347236931][T0xfb768d5fb020][TIMING] emit_host_span: [STRACE] v=1 pid=1887844 tid=1887844 inv=10 hid=2e8e960a9b608ef3 depth=2 name=chip.run.bind.args ts=7252571346925230 dur=306871 
[mono_ns=7252571347251751][T0xfb768d5fb020][TIMING] emit_host_span: [STRACE] v=1 pid=1887844 tid=1887844 inv=10 hid=2e8e960a9b608ef3 depth=2 name=chip.run.bind.prebuilt ts=7252571347246571 dur=1760 
[mono_ns=7252571347256461][T0xfb768d5fb020][TIMING] emit_host_span: [STRACE] v=1 pid=1887844 tid=1887844 inv=10 hid=2e8e960a9b608ef3 depth=1 name=chip.run.bind ts=7252571346919860 dur=334431 
[mono_ns=7252571348518556][T0xfb768d5fb020][TIMING] emit_host_span: [STRACE] v=1 pid=1887738 tid=1887738 inv=10 hid=2e8e960a9b608ef3 depth=1 name=chip.run.runner_run ts=7252571345522485 dur=2989861 
[mono_ns=7252571348520836][T0xfb768d5fb020][TIMING] emit_host_span: [STRACE] v=1 pid=1887810 tid=1887810 inv=10 hid=2e8e960a9b608ef3 depth=1 name=chip.run.runner_run ts=7252571346801950 dur=1712976 
[mono_ns=7252571348524866][T0xfb768d5fb020][TIMING] emit_host_span: [STRACE] v=1 pid=1887751 tid=1887751 inv=10 hid=2e8e960a9b608ef3 depth=1 name=chip.run.runner_run ts=7252571345785136 dur=2732590 
[mono_ns=7252571348521186][T0xfb768d5fb020][TIMING] emit_host_span: [STRACE] v=1 pid=1887766 tid=1887766 inv=10 hid=2e8e960a9b608ef3 depth=1 name=chip.run.runner_run ts=7252571346137437 dur=2378379 
[mono_ns=7252571348525916][T0xfb768d5fb020][TIMING] emit_host_span: [STRACE] v=1 pid=1887782 tid=1887782 inv=10 hid=2e8e960a9b608ef3 depth=1 name=chip.run.runner_run ts=7252571346327448 dur=2191548 
[mono_ns=7252571348526156][T0xfb768d5fb020][TIMING] emit_host_span: [STRACE] v=1 pid=1887827 tid=1887827 inv=10 hid=2e8e960a9b608ef3 depth=1 name=chip.run.runner_run ts=7252571347116441 dur=1403645 
[mono_ns=7252571348527586][T0xfb768d5fb020][TIMING] emit_host_span: [STRACE] v=1 pid=1887844 tid=1887844 inv=10 hid=2e8e960a9b608ef3 depth=1 name=chip.run.runner_run ts=7252571347401332 dur=1120354 
[mono_ns=7252571348558556][T0xfb768d5fb020][TIMING] emit_host_span: [STRACE] v=1 pid=1887795 tid=1887795 inv=10 hid=2e8e960a9b608ef3 depth=1 name=chip.run.runner_run ts=7252571346608899 dur=1944947 
[mono_ns=7252571348679827][T0xfb768d5fb020][TIMING] emit_host_span: [STRACE] v=1 pid=1887751 tid=1887751 inv=10 hid=2e8e960a9b608ef3 depth=1 name=chip.run.validate ts=7252571348531036 dur=144261 
[mono_ns=7252571348687437][T0xfb768d5fb020][TIMING] emit_host_span: [STRACE] v=1 pid=1887751 tid=1887751 inv=10 hid=2e8e960a9b608ef3 depth=2 name=chip.run.runner_run.device_wall ts=0 dur=2553200 clk=dev
[mono_ns=7252571348691447][T0xfb768d5fb020][TIMING] emit_host_span: [STRACE] v=1 pid=1887751 tid=1887751 inv=10 hid=2e8e960a9b608ef3 depth=3 name=chip.run.runner_run.device_wall.preamble ts=0 dur=4760 clk=dev
[mono_ns=7252571348695217][T0xfb768d5fb020][TIMING] emit_host_span: [STRACE] v=1 pid=1887751 tid=1887751 inv=10 hid=2e8e960a9b608ef3 depth=3 name=chip.run.runner_run.device_wall.graph_build ts=1260 dur=2541279 clk=dev
[mono_ns=7252571348698777][T0xfb768d5fb020][TIMING] emit_host_span: [STRACE] v=1 pid=1887751 tid=1887751 inv=10 hid=2e8e960a9b608ef3 depth=3 name=chip.run.runner_run.device_wall.config_validate ts=1359 dur=720 clk=dev
[mono_ns=7252571348702267][T0xfb768d5fb020][TIMING] emit_host_span: [STRACE] v=1 pid=1887751 tid=1887751 inv=10 hid=2e8e960a9b608ef3 depth=3 name=chip.run.runner_run.device_wall.arena_wire ts=2099 dur=220 clk=dev
[mono_ns=7252571348705927][T0xfb768d5fb020][TIMING] emit_host_span: [STRACE] v=1 pid=1887751 tid=1887751 inv=10 hid=2e8e960a9b608ef3 depth=3 name=chip.run.runner_run.device_wall.sm_reset ts=2340 dur=459 clk=dev
[mono_ns=7252571348710347][T0xfb768d5fb020][TIMING] emit_host_span: [STRACE] v=1 pid=1887751 tid=1887751 inv=10 hid=2e8e960a9b608ef3 depth=3 name=chip.run.runner_run.device_wall.post_orch ts=2542600 dur=10440 clk=dev
[mono_ns=7252571348714207][T0xfb768d5fb020][TIMING] emit_host_span: [STRACE] v=1 pid=1887751 tid=1887751 inv=10 hid=2e8e960a9b608ef3 depth=3 name=chip.run.runner_run.device_wall.orch ts=2820 dur=3520 clk=dev
[mono_ns=7252571348717757][T0xfb768d5fb020][TIMING] emit_host_span: [STRACE] v=1 pid=1887751 tid=1887751 inv=10 hid=2e8e960a9b608ef3 depth=3 name=chip.run.runner_run.device_wall.sched ts=4780 dur=2530660 clk=dev
[mono_ns=7252571348721707][T0xfb768d5fb020][TIMING] emit_host_span: [STRACE] v=1 pid=1887751 tid=1887751 inv=10 hid=2e8e960a9b608ef3 depth=1 name=chip.run.claim_release ts=7252571348719607 dur=280 
[mono_ns=7252571348723807][T0xfb768d5fb020][TIMING] emit_host_span: [STRACE] v=1 pid=1887810 tid=1887810 inv=10 hid=2e8e960a9b608ef3 depth=1 name=chip.run.validate ts=7252571348526356 dur=193021 
[mono_ns=7252571348726317][T0xfb768d5fb020][TIMING] emit_host_span: [STRACE] v=1 pid=1887751 tid=1887751 inv=10 hid=2e8e960a9b608ef3 depth=0 name=chip.run ts=7252571345460125 dur=3264212 run_id=10 dispatch_id=10 slot_id=0 generation=10 run_epoch=10
[mono_ns=7252571348730157][T0xfb768d5fb020][TIMING] emit_host_span: [STRACE] v=1 pid=1887810 tid=1887810 inv=10 hid=2e8e960a9b608ef3 depth=2 name=chip.run.runner_run.device_wall ts=0 dur=1533899 clk=dev
[mono_ns=7252571348733377][T0xfb768d5fb020][TIMING] emit_host_span: [STRACE] v=1 pid=1887810 tid=1887810 inv=10 hid=2e8e960a9b608ef3 depth=3 name=chip.run.runner_run.device_wall.preamble ts=0 dur=5439 clk=dev
[mono_ns=7252571348730447][T0xfb768d5fb020][TIMING] emit_host_span: [STRACE] v=1 pid=1887738 tid=1887738 inv=10 hid=2e8e960a9b608ef3 depth=1 name=chip.run.validate ts=7252571348523686 dur=202031 
[mono_ns=7252571348736707][T0xfb768d5fb020][TIMING] emit_host_span: [STRACE] v=1 pid=1887738 tid=1887738 inv=10 hid=2e8e960a9b608ef3 depth=2 name=chip.run.runner_run.device_wall ts=0 dur=2820640 clk=dev
[mono_ns=7252571348734307][T0xfb768d5fb020][TIMING] emit_host_span: [STRACE] v=1 pid=1887782 tid=1887782 inv=10 hid=2e8e960a9b608ef3 depth=1 name=chip.run.validate ts=7252571348532116 dur=197701 
[mono_ns=7252571348736517][T0xfb768d5fb020][TIMING] emit_host_span: [STRACE] v=1 pid=1887810 tid=1887810 inv=10 hid=2e8e960a9b608ef3 depth=3 name=chip.run.runner_run.device_wall.graph_build ts=1680 dur=1521320 clk=dev
[mono_ns=7252571348740327][T0xfb768d5fb020][TIMING] emit_host_span: [STRACE] v=1 pid=1887738 tid=1887738 inv=10 hid=2e8e960a9b608ef3 depth=3 name=chip.run.runner_run.device_wall.preamble ts=0 dur=5900 clk=dev
[mono_ns=7252571348740887][T0xfb768d5fb020][TIMING] emit_host_span: [STRACE] v=1 pid=1887810 tid=1887810 inv=10 hid=2e8e960a9b608ef3 depth=3 name=chip.run.runner_run.device_wall.config_validate ts=1779 dur=700 clk=dev
[mono_ns=7252571348741407][T0xfb768d5fb020][TIMING] emit_host_span: [STRACE] v=1 pid=1887782 tid=1887782 inv=10 hid=2e8e960a9b608ef3 depth=2 name=chip.run.runner_run.device_wall ts=0 dur=2009560 clk=dev
[mono_ns=7252571348744767][T0xfb768d5fb020][TIMING] emit_host_span: [STRACE] v=1 pid=1887738 tid=1887738 inv=10 hid=2e8e960a9b608ef3 depth=3 name=chip.run.runner_run.device_wall.graph_build ts=1320 dur=2808440 clk=dev
[mono_ns=7252571348745037][T0xfb768d5fb020][TIMING] emit_host_span: [STRACE] v=1 pid=1887782 tid=1887782 inv=10 hid=2e8e960a9b608ef3 depth=3 name=chip.run.runner_run.device_wall.preamble ts=0 dur=4979 clk=dev
[mono_ns=7252571348744407][T0xfb768d5fb020][TIMING] emit_host_span: [STRACE] v=1 pid=1887810 tid=1887810 inv=10 hid=2e8e960a9b608ef3 depth=3 name=chip.run.runner_run.device_wall.arena_wire ts=2500 dur=260 clk=dev
[mono_ns=7252571348747897][T0xfb768d5fb020][TIMING] emit_host_span: [STRACE] v=1 pid=1887738 tid=1887738 inv=10 hid=2e8e960a9b608ef3 depth=3 name=chip.run.runner_run.device_wall.config_validate ts=1400 dur=660 clk=dev
[mono_ns=7252571348748487][T0xfb768d5fb020][TIMING] emit_host_span: [STRACE] v=1 pid=1887782 tid=1887782 inv=10 hid=2e8e960a9b608ef3 depth=3 name=chip.run.runner_run.device_wall.graph_build ts=1380 dur=1997280 clk=dev
[mono_ns=7252571348750907][T0xfb768d5fb020][TIMING] emit_host_span: [STRACE] v=1 pid=1887738 tid=1887738 inv=10 hid=2e8e960a9b608ef3 depth=3 name=chip.run.runner_run.device_wall.arena_wire ts=2080 dur=280 clk=dev
[mono_ns=7252571348748317][T0xfb768d5fb020][TIMING] emit_host_span: [STRACE] v=1 pid=1887810 tid=1887810 inv=10 hid=2e8e960a9b608ef3 depth=3 name=chip.run.runner_run.device_wall.sm_reset ts=2780 dur=480 clk=dev
[mono_ns=7252571348751807][T0xfb768d5fb020][TIMING] emit_host_span: [STRACE] v=1 pid=1887782 tid=1887782 inv=10 hid=2e8e960a9b608ef3 depth=3 name=chip.run.runner_run.device_wall.config_validate ts=1480 dur=660 clk=dev
[mono_ns=7252571348753837][T0xfb768d5fb020][TIMING] emit_host_span: [STRACE] v=1 pid=1887738 tid=1887738 inv=10 hid=2e8e960a9b608ef3 depth=3 name=chip.run.runner_run.device_wall.sm_reset ts=2400 dur=420 clk=dev
[mono_ns=7252571348751557][T0xfb768d5fb020][TIMING] emit_host_span: [STRACE] v=1 pid=1887810 tid=1887810 inv=10 hid=2e8e960a9b608ef3 depth=3 name=chip.run.runner_run.device_wall.post_orch ts=1523060 dur=10740 clk=dev
[mono_ns=7252571348754927][T0xfb768d5fb020][TIMING] emit_host_span: [STRACE] v=1 pid=1887782 tid=1887782 inv=10 hid=2e8e960a9b608ef3 depth=3 name=chip.run.runner_run.device_wall.arena_wire ts=2160 dur=280 clk=dev
[mono_ns=7252571348757117][T0xfb768d5fb020][TIMING] emit_host_span: [STRACE] v=1 pid=1887738 tid=1887738 inv=10 hid=2e8e960a9b608ef3 depth=3 name=chip.run.runner_run.device_wall.post_orch ts=2809799 dur=10260 clk=dev
[mono_ns=7252571348754487][T0xfb768d5fb020][TIMING] emit_host_span: [STRACE] v=1 pid=1887810 tid=1887810 inv=10 hid=2e8e960a9b608ef3 depth=3 name=chip.run.runner_run.device_wall.orch ts=3300 dur=3460 clk=dev
[mono_ns=7252571348757917][T0xfb768d5fb020][TIMING] emit_host_span: [STRACE] v=1 pid=1887782 tid=1887782 inv=10 hid=2e8e960a9b608ef3 depth=3 name=chip.run.runner_run.device_wall.sm_reset ts=2460 dur=520 clk=dev
[mono_ns=7252571348760077][T0xfb768d5fb020][TIMING] emit_host_span: [STRACE] v=1 pid=1887738 tid=1887738 inv=10 hid=2e8e960a9b608ef3 depth=3 name=chip.run.runner_run.device_wall.orch ts=2860 dur=3080 clk=dev
[mono_ns=7252571348757357][T0xfb768d5fb020][TIMING] emit_host_span: [STRACE] v=1 pid=1887810 tid=1887810 inv=10 hid=2e8e960a9b608ef3 depth=3 name=chip.run.runner_run.device_wall.sched ts=5500 dur=1510719 clk=dev
[mono_ns=7252571348761127][T0xfb768d5fb020][TIMING] emit_host_span: [STRACE] v=1 pid=1887782 tid=1887782 inv=10 hid=2e8e960a9b608ef3 depth=3 name=chip.run.runner_run.device_wall.post_orch ts=1998719 dur=10740 clk=dev
[mono_ns=7252571348751767][T0xfb768d5fb020][TIMING] emit_host_span: [STRACE] v=1 pid=1887827 tid=1887827 inv=10 hid=2e8e960a9b608ef3 depth=1 name=chip.run.validate ts=7252571348534966 dur=211251 
[mono_ns=7252571348755477][T0xfb753002cca0][TIMING] emit_host_span: [STRACE] v=1 pid=1883258 tid=1888752 inv=10 hid=50b590682672cac0 depth=0 name=node.complete ts=7252571348751867 dur=420 run_id=10 task_slot=1 group_index=0 worker_id=1 dispatch_id=10 endpoint_kind=local_mailbox prepare_only=0 role=worker outcome=0
[mono_ns=7252571348763027][T0xfb768d5fb020][TIMING] emit_host_span: [STRACE] v=1 pid=1887738 tid=1887738 inv=10 hid=2e8e960a9b608ef3 depth=3 name=chip.run.runner_run.device_wall.sched ts=5939 dur=2796420 clk=dev
[mono_ns=7252571348761417][T0xfb768d5fb020][TIMING] emit_host_span: [STRACE] v=1 pid=1887810 tid=1887810 inv=10 hid=2e8e960a9b608ef3 depth=1 name=chip.run.claim_release ts=7252571348759437 dur=260 
[mono_ns=7252571348765237][T0xfb768d5fb020][TIMING] emit_host_span: [STRACE] v=1 pid=1887782 tid=1887782 inv=10 hid=2e8e960a9b608ef3 depth=3 name=chip.run.runner_run.device_wall.orch ts=3020 dur=3360 clk=dev
[mono_ns=7252571348755447][T0xfb768d5fb020][TIMING] emit_host_span: [STRACE] v=1 pid=1887766 tid=1887766 inv=10 hid=2e8e960a9b608ef3 depth=1 name=chip.run.validate ts=7252571348530606 dur=221221 
[mono_ns=7252571348762067][T0xfb768d5fb020][TIMING] emit_host_span: [STRACE] v=1 pid=1887827 tid=1887827 inv=10 hid=2e8e960a9b608ef3 depth=2 name=chip.run.runner_run.device_wall ts=0 dur=1209540 clk=dev
[mono_ns=7252571348768327][T0xfb753002cca0][TIMING] emit_host_span: [STRACE] v=1 pid=1883258 tid=1888752 inv=0 hid=0 depth=0 name=node.scheduler_loop ts=7252571348748937 dur=15990 role=scheduler drained=1 dispatched=0 drain_ns=13990 spins=577
[mono_ns=7252571348766867][T0xfb768d5fb020][TIMING] emit_host_span: [STRACE] v=1 pid=1887738 tid=1887738 inv=10 hid=2e8e960a9b608ef3 depth=1 name=chip.run.claim_release ts=7252571348764777 dur=320 
[mono_ns=7252571348765637][T0xfb768d5fb020][TIMING] emit_host_span: [STRACE] v=1 pid=1887810 tid=1887810 inv=10 hid=2e8e960a9b608ef3 depth=0 name=chip.run ts=7252571346425798 dur=2337809 run_id=10 dispatch_id=10 slot_id=0 generation=10 run_epoch=10
[mono_ns=7252571348768307][T0xfb768d5fb020][TIMING] emit_host_span: [STRACE] v=1 pid=1887782 tid=1887782 inv=10 hid=2e8e960a9b608ef3 depth=3 name=chip.run.runner_run.device_wall.sched ts=5060 dur=1986219 clk=dev
[mono_ns=7252571348766617][T0xfb768d5fb020][TIMING] emit_host_span: [STRACE] v=1 pid=1887827 tid=1887827 inv=10 hid=2e8e960a9b608ef3 depth=3 name=chip.run.runner_run.device_wall.preamble ts=0 dur=5180 clk=dev
[mono_ns=7252571348771057][T0xfb768d5fb020][TIMING] emit_host_span: [STRACE] v=1 pid=1887738 tid=1887738 inv=10 hid=2e8e960a9b608ef3 depth=0 name=chip.run ts=7252571345214214 dur=3554773 run_id=10 dispatch_id=10 slot_id=0 generation=10 run_epoch=10
[mono_ns=7252571348765637][T0xfb768d5fb020][TIMING] emit_host_span: [STRACE] v=1 pid=1887766 tid=1887766 inv=10 hid=2e8e960a9b608ef3 depth=2 name=chip.run.runner_run.device_wall ts=0 dur=2194340 clk=dev
[mono_ns=7252571348768157][T0xfb768d5fb020][TIMING] emit_host_span: [STRACE] v=1 pid=1887844 tid=1887844 inv=10 hid=2e8e960a9b608ef3 depth=1 name=chip.run.validate ts=7252571348536726 dur=227281 
[mono_ns=7252571348772117][T0xfb768d5fb020][TIMING] emit_host_span: [STRACE] v=1 pid=1887782 tid=1887782 inv=10 hid=2e8e960a9b608ef3 depth=1 name=chip.run.claim_release ts=7252571348770087 dur=270 
[mono_ns=7252571348770637][T0xfb768d5fb020][TIMING] emit_host_span: [STRACE] v=1 pid=1887827 tid=1887827 inv=10 hid=2e8e960a9b608ef3 depth=3 name=chip.run.runner_run.device_wall.graph_build ts=1460 dur=1197800 clk=dev
[mono_ns=7252571348776157][T0xfb768d5fb020][TIMING] emit_host_span: [STRACE] v=1 pid=1887782 tid=1887782 inv=10 hid=2e8e960a9b608ef3 depth=0 name=chip.run ts=7252571345934656 dur=2839541 run_id=10 dispatch_id=10 slot_id=0 generation=10 run_epoch=10
[mono_ns=7252571348774897][T0xfb768d5fb020][TIMING] emit_host_span: [STRACE] v=1 pid=1887827 tid=1887827 inv=10 hid=2e8e960a9b608ef3 depth=3 name=chip.run.runner_run.device_wall.config_validate ts=1560 dur=660 clk=dev
[mono_ns=7252571348778137][T0xfb768d5fb020][TIMING] emit_host_span: [STRACE] v=1 pid=1887827 tid=1887827 inv=10 hid=2e8e960a9b608ef3 depth=3 name=chip.run.runner_run.device_wall.arena_wire ts=2240 dur=240 clk=dev
[mono_ns=7252571348782747][T0xfb768d5fb020][TIMING] emit_host_span: [STRACE] v=1 pid=1887827 tid=1887827 inv=10 hid=2e8e960a9b608ef3 depth=3 name=chip.run.runner_run.device_wall.sm_reset ts=2520 dur=480 clk=dev
[mono_ns=7252571348786557][T0xfb768d5fb020][TIMING] emit_host_span: [STRACE] v=1 pid=1887827 tid=1887827 inv=10 hid=2e8e960a9b608ef3 depth=3 name=chip.run.runner_run.device_wall.post_orch ts=1199340 dur=10080 clk=dev
[mono_ns=7252571348790387][T0xfb768d5fb020][TIMING] emit_host_span: [STRACE] v=1 pid=1887827 tid=1887827 inv=10 hid=2e8e960a9b608ef3 depth=3 name=chip.run.runner_run.device_wall.orch ts=3040 dur=3460 clk=dev
[mono_ns=7252571348793647][T0xfb753002cca0][TIMING] emit_host_span: [STRACE] v=1 pid=1883258 tid=1888752 inv=10 hid=50b590682672cac0 depth=0 name=node.complete ts=7252571348789977 dur=290 run_id=10 task_slot=5 group_index=0 worker_id=5 dispatch_id=10 endpoint_kind=local_mailbox prepare_only=0 role=worker outcome=0
[mono_ns=7252571348794277][T0xfb768d5fb020][TIMING] emit_host_span: [STRACE] v=1 pid=1887827 tid=1887827 inv=10 hid=2e8e960a9b608ef3 depth=3 name=chip.run.runner_run.device_wall.sched ts=5220 dur=1187100 clk=dev
[mono_ns=7252571348769567][T0xfb768d5fb020][TIMING] emit_host_span: [STRACE] v=1 pid=1887766 tid=1887766 inv=10 hid=2e8e960a9b608ef3 depth=3 name=chip.run.runner_run.device_wall.preamble ts=0 dur=5040 clk=dev
[mono_ns=7252571348799327][T0xfb768d5fb020][TIMING] emit_host_span: [STRACE] v=1 pid=1887827 tid=1887827 inv=10 hid=2e8e960a9b608ef3 depth=1 name=chip.run.claim_release ts=7252571348797377 dur=200 
[mono_ns=7252571348799227][T0xfb768d5fb020][TIMING] emit_host_span: [STRACE] v=1 pid=1887766 tid=1887766 inv=10 hid=2e8e960a9b608ef3 depth=3 name=chip.run.runner_run.device_wall.graph_build ts=1260 dur=2183440 clk=dev
[mono_ns=7252571348803327][T0xfb768d5fb020][TIMING] emit_host_span: [STRACE] v=1 pid=1887766 tid=1887766 inv=10 hid=2e8e960a9b608ef3 depth=3 name=chip.run.runner_run.device_wall.config_validate ts=1359 dur=860 clk=dev
[mono_ns=7252571348804427][T0xfb768d5fb020][TIMING] emit_host_span: [STRACE] v=1 pid=1887827 tid=1887827 inv=10 hid=2e8e960a9b608ef3 depth=0 name=chip.run ts=7252571346672219 dur=2130228 run_id=10 dispatch_id=10 slot_id=0 generation=10 run_epoch=10
[mono_ns=7252571348804687][T0xfb753002cca0][TIMING] emit_host_span: [STRACE] v=1 pid=1883258 tid=1888752 inv=0 hid=0 depth=0 name=node.scheduler_loop ts=7252571348786867 dur=14730 role=scheduler drained=1 dispatched=0 drain_ns=12800 spins=5
[mono_ns=7252571348807737][T0xfb768d5fb020][TIMING] emit_host_span: [STRACE] v=1 pid=1887766 tid=1887766 inv=10 hid=2e8e960a9b608ef3 depth=3 name=chip.run.runner_run.device_wall.arena_wire ts=2240 dur=240 clk=dev
[mono_ns=7252571348777827][T0xfb768d5fb020][TIMING] emit_host_span: [STRACE] v=1 pid=1887844 tid=1887844 inv=10 hid=2e8e960a9b608ef3 depth=2 name=chip.run.runner_run.device_wall ts=0 dur=940219 clk=dev
[mono_ns=7252571348798597][T0xfb768d5fb020][TIMING] emit_host_span: [STRACE] v=1 pid=1887795 tid=1887795 inv=10 hid=2e8e960a9b608ef3 depth=1 name=chip.run.validate ts=7252571348569896 dur=225121 
[mono_ns=7252571348813477][T0xfb753002cca0][TIMING] emit_host_span: [STRACE] v=1 pid=1883258 tid=1888752 inv=10 hid=50b590682672cac0 depth=0 name=node.complete ts=7252571348810257 dur=290 run_id=10 task_slot=0 group_index=0 worker_id=0 dispatch_id=10 endpoint_kind=local_mailbox prepare_only=0 role=worker outcome=0
[mono_ns=7252571348781747][T0xfb768d5fb020][TIMING] emit_host_span: [STRACE] v=1 pid=1887844 tid=1887844 inv=10 hid=2e8e960a9b608ef3 depth=3 name=chip.run.runner_run.device_wall.preamble ts=0 dur=6120 clk=dev
[mono_ns=7252571348813467][T0xfb768d5fb020][TIMING] emit_host_span: [STRACE] v=1 pid=1887766 tid=1887766 inv=10 hid=2e8e960a9b608ef3 depth=3 name=chip.run.runner_run.device_wall.sm_reset ts=2520 dur=459 clk=dev
[mono_ns=7252571348809597][T0xfb768d5fb020][TIMING] emit_host_span: [STRACE] v=1 pid=1887795 tid=1887795 inv=10 hid=2e8e960a9b608ef3 depth=2 name=chip.run.runner_run.device_wall ts=0 dur=1730120 clk=dev
[mono_ns=7252571348815127][T0xfb768d5fb020][TIMING] emit_host_span: [STRACE] v=1 pid=1887844 tid=1887844 inv=10 hid=2e8e960a9b608ef3 depth=3 name=chip.run.runner_run.device_wall.graph_build ts=1420 dur=927660 clk=dev
[mono_ns=7252571348819637][T0xfb768d5fb020][TIMING] emit_host_span: [STRACE] v=1 pid=1887766 tid=1887766 inv=10 hid=2e8e960a9b608ef3 depth=3 name=chip.run.runner_run.device_wall.post_orch ts=2184740 dur=9120 clk=dev
[mono_ns=7252571348813767][T0xfb768d5fb020][TIMING] emit_host_span: [STRACE] v=1 pid=1887795 tid=1887795 inv=10 hid=2e8e960a9b608ef3 depth=3 name=chip.run.runner_run.device_wall.preamble ts=0 dur=4860 clk=dev
[mono_ns=7252571348820517][T0xfb768d5fb020][TIMING] emit_host_span: [STRACE] v=1 pid=1887844 tid=1887844 inv=10 hid=2e8e960a9b608ef3 depth=3 name=chip.run.runner_run.device_wall.config_validate ts=1540 dur=720 clk=dev
[mono_ns=7252571348818127][T0xfb768d5fb020][TIMING] emit_host_span: [STRACE] v=1 pid=1887795 tid=1887795 inv=10 hid=2e8e960a9b608ef3 depth=3 name=chip.run.runner_run.device_wall.graph_build ts=1280 dur=1719000 clk=dev
[mono_ns=7252571348825587][T0xfb768d5fb020][TIMING] emit_host_span: [STRACE] v=1 pid=1887844 tid=1887844 inv=10 hid=2e8e960a9b608ef3 depth=3 name=chip.run.runner_run.device_wall.arena_wire ts=2280 dur=260 clk=dev
[mono_ns=7252571348823467][T0xfb768d5fb020][TIMING] emit_host_span: [STRACE] v=1 pid=1887766 tid=1887766 inv=10 hid=2e8e960a9b608ef3 depth=3 name=chip.run.runner_run.device_wall.orch ts=3020 dur=3880 clk=dev
[mono_ns=7252571348821027][T0xfb753002cca0][TIMING] emit_host_span: [STRACE] v=1 pid=1883258 tid=1888752 inv=10 hid=50b590682672cac0 depth=0 name=node.complete ts=7252571348817927 dur=280 run_id=10 task_slot=3 group_index=0 worker_id=3 dispatch_id=10 endpoint_kind=local_mailbox prepare_only=0 role=worker outcome=0
[mono_ns=7252571348821497][T0xfb768d5fb020][TIMING] emit_host_span: [STRACE] v=1 pid=1887795 tid=1887795 inv=10 hid=2e8e960a9b608ef3 depth=3 name=chip.run.runner_run.device_wall.config_validate ts=1359 dur=780 clk=dev
[mono_ns=7252571348827347][T0xfb768d5fb020][TIMING] emit_host_span: [STRACE] v=1 pid=1887795 tid=1887795 inv=10 hid=2e8e960a9b608ef3 depth=3 name=chip.run.runner_run.device_wall.arena_wire ts=2160 dur=280 clk=dev
[mono_ns=7252571348829417][T0xfb768d5fb020][TIMING] emit_host_span: [STRACE] v=1 pid=1887766 tid=1887766 inv=10 hid=2e8e960a9b608ef3 depth=3 name=chip.run.runner_run.device_wall.sched ts=5140 dur=2172160 clk=dev
[mono_ns=7252571348831527][T0xfb768d5fb020][TIMING] emit_host_span: [STRACE] v=1 pid=1887795 tid=1887795 inv=10 hid=2e8e960a9b608ef3 depth=3 name=chip.run.runner_run.device_wall.sm_reset ts=2460 dur=459 clk=dev
[mono_ns=7252571348834207][T0xfb768d5fb020][TIMING] emit_host_span: [STRACE] v=1 pid=1887766 tid=1887766 inv=10 hid=2e8e960a9b608ef3 depth=1 name=chip.run.claim_release ts=7252571348831987 dur=400 
[mono_ns=7252571348836277][T0xfb768d5fb020][TIMING] emit_host_span: [STRACE] v=1 pid=1887795 tid=1887795 inv=10 hid=2e8e960a9b608ef3 depth=3 name=chip.run.runner_run.device_wall.post_orch ts=1720340 dur=9140 clk=dev
[mono_ns=7252571348834287][T0xfb753002cca0][TIMING] emit_host_span: [STRACE] v=1 pid=1883258 tid=1888752 inv=0 hid=0 depth=0 name=node.scheduler_loop ts=7252571348808017 dur=23270 role=scheduler drained=2 dispatched=0 drain_ns=21110 spins=0
[mono_ns=7252571348830887][T0xfb768d5fb020][TIMING] emit_host_span: [STRACE] v=1 pid=1887844 tid=1887844 inv=10 hid=2e8e960a9b608ef3 depth=3 name=chip.run.runner_run.device_wall.sm_reset ts=2560 dur=500 clk=dev
[mono_ns=7252571348838707][T0xfb768d5fb020][TIMING] emit_host_span: [STRACE] v=1 pid=1887844 tid=1887844 inv=10 hid=2e8e960a9b608ef3 depth=3 name=chip.run.runner_run.device_wall.post_orch ts=929140 dur=10600 clk=dev
[mono_ns=7252571348841257][T0xfb768d5fb020][TIMING] emit_host_span: [STRACE] v=1 pid=1887795 tid=1887795 inv=10 hid=2e8e960a9b608ef3 depth=3 name=chip.run.runner_run.device_wall.orch ts=2960 dur=3580 clk=dev
[mono_ns=7252571348842347][T0xfb768d5fb020][TIMING] emit_host_span: [STRACE] v=1 pid=1887844 tid=1887844 inv=10 hid=2e8e960a9b608ef3 depth=3 name=chip.run.runner_run.device_wall.orch ts=3080 dur=3320 clk=dev
[mono_ns=7252571348844257][T0xfb753002cca0][TIMING] emit_host_span: [STRACE] v=1 pid=1883258 tid=1888752 inv=10 hid=50b590682672cac0 depth=0 name=node.complete ts=7252571348841017 dur=300 run_id=10 task_slot=6 group_index=0 worker_id=6 dispatch_id=10 endpoint_kind=local_mailbox prepare_only=0 role=worker outcome=0
[mono_ns=7252571348841447][T0xfb768d5fb020][TIMING] emit_host_span: [STRACE] v=1 pid=1887766 tid=1887766 inv=10 hid=2e8e960a9b608ef3 depth=0 name=chip.run ts=7252571345702386 dur=3137021 run_id=10 dispatch_id=10 slot_id=0 generation=10 run_epoch=10
[mono_ns=7252571348846537][T0xfb768d5fb020][TIMING] emit_host_span: [STRACE] v=1 pid=1887844 tid=1887844 inv=10 hid=2e8e960a9b608ef3 depth=3 name=chip.run.runner_run.device_wall.sched ts=6200 dur=915719 clk=dev
[mono_ns=7252571348851027][T0xfb768d5fb020][TIMING] emit_host_span: [STRACE] v=1 pid=1887844 tid=1887844 inv=10 hid=2e8e960a9b608ef3 depth=1 name=chip.run.claim_release ts=7252571348849077 dur=240 
[mono_ns=7252571348856207][T0xfb768d5fb020][TIMING] emit_host_span: [STRACE] v=1 pid=1887844 tid=1887844 inv=10 hid=2e8e960a9b608ef3 depth=0 name=chip.run ts=7252571346903360 dur=1950817 run_id=10 dispatch_id=10 slot_id=0 generation=10 run_epoch=10
[mono_ns=7252571348855077][T0xfb753002cca0][TIMING] emit_host_span: [STRACE] v=1 pid=1883258 tid=1888752 inv=0 hid=0 depth=0 name=node.scheduler_loop ts=7252571348837707 dur=14380 role=scheduler drained=1 dispatched=0 drain_ns=12160 spins=0
[mono_ns=7252571348848737][T0xfb768d5fb020][TIMING] emit_host_span: [STRACE] v=1 pid=1887795 tid=1887795 inv=10 hid=2e8e960a9b608ef3 depth=3 name=chip.run.runner_run.device_wall.sched ts=4920 dur=1708340 clk=dev
[mono_ns=7252571348858437][T0xfb768d5fb020][TIMING] emit_host_span: [STRACE] v=1 pid=1887795 tid=1887795 inv=10 hid=2e8e960a9b608ef3 depth=1 name=chip.run.claim_release ts=7252571348856337 dur=280 
[mono_ns=7252571348863407][T0xfb768d5fb020][TIMING] emit_host_span: [STRACE] v=1 pid=1887795 tid=1887795 inv=10 hid=2e8e960a9b608ef3 depth=0 name=chip.run ts=7252571346193107 dur=2668220 run_id=10 dispatch_id=10 slot_id=0 generation=10 run_epoch=10
[mono_ns=7252571348871817][T0xfb753002cca0][TIMING] emit_host_span: [STRACE] v=1 pid=1883258 tid=1888752 inv=10 hid=50b590682672cac0 depth=0 name=node.complete ts=7252571348868607 dur=290 run_id=10 task_slot=2 group_index=0 worker_id=2 dispatch_id=10 endpoint_kind=local_mailbox prepare_only=0 role=worker outcome=0
[mono_ns=7252571348883707][T0xfb753002cca0][TIMING] emit_host_span: [STRACE] v=1 pid=1883258 tid=1888752 inv=0 hid=0 depth=0 name=node.scheduler_loop ts=7252571348865947 dur=14300 role=scheduler drained=1 dispatched=0 drain_ns=12080 spins=2
[mono_ns=7252571348893647][T0xfb753002cca0][TIMING] emit_host_span: [STRACE] v=1 pid=1883258 tid=1888752 inv=10 hid=50b590682672cac0 depth=0 name=node.complete ts=7252571348890437 dur=290 run_id=10 task_slot=4 group_index=0 worker_id=4 dispatch_id=10 endpoint_kind=local_mailbox prepare_only=0 role=worker outcome=0
[mono_ns=7252571348902618][T0xfb753002cca0][TIMING] emit_host_span: [STRACE] v=1 pid=1883258 tid=1888752 inv=10 hid=50b590682672cac0 depth=0 name=node.complete ts=7252571348899377 dur=360 run_id=10 task_slot=7 group_index=0 worker_id=7 dispatch_id=10 endpoint_kind=local_mailbox prepare_only=0 role=worker outcome=0
[mono_ns=7252571348913828][T0xfb753002cca0][TIMING] emit_host_span: [STRACE] v=1 pid=1883258 tid=1888752 inv=0 hid=0 depth=0 name=node.scheduler_loop ts=7252571348887517 dur=23261 role=scheduler drained=2 dispatched=0 drain_ns=23121 spins=0
[mono_ns=7252571348987838][T0xfb768d5fb020][TIMING] emit_host_span: [STRACE] v=1 pid=1883258 tid=1883258 inv=10 hid=0 depth=0 name=node.post_fence_retirement ts=7252571348908068 dur=75260 run_id=10 slot_id=0 generation=10 role=facade
[mono_ns=7252571349585490][T0xfb768d5fb020][TIMING] emit_host_span: [STRACE] v=1 pid=1883258 tid=1883258 inv=11 hid=50b590682672cac0 depth=0 name=node.submit ts=7252571349568100 dur=12260 run_id=11 task_slot=0 group_index=0 group_size=1 worker_id=0 role=facade
[mono_ns=7252571349595600][T0xfb753002cca0][TIMING] emit_host_span: [STRACE] v=1 pid=1883258 tid=1888752 inv=11 hid=50b590682672cac0 depth=0 name=node.frame_submit ts=7252571349591310 dur=890 run_id=11 task_slot=0 group_index=0 worker_id=0 dispatch_id=11 endpoint_kind=local_mailbox prepare_only=0 role=worker
[mono_ns=7252571349601650][T0xfb753002cca0][TIMING] emit_host_span: [STRACE] v=1 pid=1883258 tid=1888752 inv=11 hid=50b590682672cac0 depth=0 name=node.dispatch ts=7252571349588460 dur=8860 run_id=11 task_slot=0 group_index=0 worker_id=0 dispatch_id=11 endpoint_kind=local_mailbox prepare_only=0 role=scheduler slot_id=0 generation=11
[mono_ns=7252571349609590][T0xfb753002cca0][TIMING] emit_host_span: [STRACE] v=1 pid=1883258 tid=1888752 inv=0 hid=0 depth=0 name=node.scheduler_loop ts=7252571349584970 dur=21380 role=scheduler drained=0 dispatched=1 drain_ns=1250 spins=1
[mono_ns=7252571349837581][T0xfb768d5fb020][TIMING] emit_host_span: [STRACE] v=1 pid=1883258 tid=1883258 inv=11 hid=50b590682672cac0 depth=0 name=node.submit ts=7252571349822391 dur=9390 run_id=11 task_slot=1 group_index=0 group_size=1 worker_id=1 role=facade
[mono_ns=7252571349840941][T0xfb753002cca0][TIMING] emit_host_span: [STRACE] v=1 pid=1883258 tid=1888752 inv=11 hid=50b590682672cac0 depth=0 name=node.frame_submit ts=7252571349837041 dur=980 run_id=11 task_slot=1 group_index=0 worker_id=1 dispatch_id=11 endpoint_kind=local_mailbox prepare_only=0 role=worker
[mono_ns=7252571349847861][T0xfb753002cca0][TIMING] emit_host_span: [STRACE] v=1 pid=1883258 tid=1888752 inv=11 hid=50b590682672cac0 depth=0 name=node.dispatch ts=7252571349834631 dur=8400 run_id=11 task_slot=1 group_index=0 worker_id=1 dispatch_id=11 endpoint_kind=local_mailbox prepare_only=0 role=scheduler slot_id=0 generation=11
[mono_ns=7252571349853411][T0xfb753002cca0][TIMING] emit_host_span: [STRACE] v=1 pid=1883258 tid=1888752 inv=0 hid=0 depth=0 name=node.scheduler_loop ts=7252571349831211 dur=19380 role=scheduler drained=0 dispatched=1 drain_ns=1420 spins=61
[mono_ns=7252571349886401][T0xfb768d5fb020][TIMING] emit_host_span: [STRACE] v=1 pid=1887738 tid=1887738 inv=11 hid=2e8e960a9b608ef3 depth=2 name=chip.run.bind.args ts=7252571349728421 dur=153240 
[mono_ns=7252571349896141][T0xfb768d5fb020][TIMING] emit_host_span: [STRACE] v=1 pid=1887738 tid=1887738 inv=11 hid=2e8e960a9b608ef3 depth=2 name=chip.run.bind.prebuilt ts=7252571349892131 dur=1720 
[mono_ns=7252571349900561][T0xfb768d5fb020][TIMING] emit_host_span: [STRACE] v=1 pid=1887738 tid=1887738 inv=11 hid=2e8e960a9b608ef3 depth=1 name=chip.run.bind ts=7252571349722351 dur=176190 
[mono_ns=7252571350099462][T0xfb768d5fb020][TIMING] emit_host_span: [STRACE] v=1 pid=1883258 tid=1883258 inv=11 hid=50b590682672cac0 depth=0 name=node.submit ts=7252571350084742 dur=9350 run_id=11 task_slot=2 group_index=0 group_size=1 worker_id=2 role=facade
[mono_ns=7252571350104432][T0xfb753002cca0][TIMING] emit_host_span: [STRACE] v=1 pid=1883258 tid=1888752 inv=11 hid=50b590682672cac0 depth=0 name=node.frame_submit ts=7252571350099502 dur=1820 run_id=11 task_slot=2 group_index=0 worker_id=2 dispatch_id=11 endpoint_kind=local_mailbox prepare_only=0 role=worker
[mono_ns=7252571350110922][T0xfb753002cca0][TIMING] emit_host_span: [STRACE] v=1 pid=1883258 tid=1888752 inv=11 hid=50b590682672cac0 depth=0 name=node.dispatch ts=7252571350097052 dur=9650 run_id=11 task_slot=2 group_index=0 worker_id=2 dispatch_id=11 endpoint_kind=local_mailbox prepare_only=0 role=scheduler slot_id=0 generation=11
[mono_ns=7252571350116422][T0xfb753002cca0][TIMING] emit_host_span: [STRACE] v=1 pid=1883258 tid=1888752 inv=0 hid=0 depth=0 name=node.scheduler_loop ts=7252571350093442 dur=20070 role=scheduler drained=0 dispatched=1 drain_ns=1500 spins=63
[mono_ns=7252571350146582][T0xfb768d5fb020][TIMING] emit_host_span: [STRACE] v=1 pid=1887751 tid=1887751 inv=11 hid=2e8e960a9b608ef3 depth=2 name=chip.run.bind.args ts=7252571349978712 dur=162710 
[mono_ns=7252571350157342][T0xfb768d5fb020][TIMING] emit_host_span: [STRACE] v=1 pid=1887751 tid=1887751 inv=11 hid=2e8e960a9b608ef3 depth=2 name=chip.run.bind.prebuilt ts=7252571350153092 dur=1810 
[mono_ns=7252571350161382][T0xfb768d5fb020][TIMING] emit_host_span: [STRACE] v=1 pid=1887751 tid=1887751 inv=11 hid=2e8e960a9b608ef3 depth=1 name=chip.run.bind ts=7252571349972761 dur=186491 
[mono_ns=7252571350340913][T0xfb768d5fb020][TIMING] emit_host_span: [STRACE] v=1 pid=1883258 tid=1883258 inv=11 hid=50b590682672cac0 depth=0 name=node.submit ts=7252571350326673 dur=8290 run_id=11 task_slot=3 group_index=0 group_size=1 worker_id=3 role=facade
[mono_ns=7252571350342563][T0xfb753002cca0][TIMING] emit_host_span: [STRACE] v=1 pid=1883258 tid=1888752 inv=11 hid=50b590682672cac0 depth=0 name=node.frame_submit ts=7252571350338773 dur=730 run_id=11 task_slot=3 group_index=0 worker_id=3 dispatch_id=11 endpoint_kind=local_mailbox prepare_only=0 role=worker
[mono_ns=7252571350350603][T0xfb753002cca0][TIMING] emit_host_span: [STRACE] v=1 pid=1883258 tid=1888752 inv=11 hid=50b590682672cac0 depth=0 name=node.dispatch ts=7252571350336573 dur=9690 run_id=11 task_slot=3 group_index=0 worker_id=3 dispatch_id=11 endpoint_kind=local_mailbox prepare_only=0 role=scheduler slot_id=0 generation=11
[mono_ns=7252571350355823][T0xfb753002cca0][TIMING] emit_host_span: [STRACE] v=1 pid=1883258 tid=1888752 inv=0 hid=0 depth=0 name=node.scheduler_loop ts=7252571350332933 dur=20070 role=scheduler drained=0 dispatched=1 drain_ns=1540 spins=58
[mono_ns=7252571350474073][T0xfb768d5fb020][TIMING] emit_host_span: [STRACE] v=1 pid=1887766 tid=1887766 inv=11 hid=2e8e960a9b608ef3 depth=2 name=chip.run.bind.args ts=7252571350239322 dur=230291 
[mono_ns=7252571350487583][T0xfb768d5fb020][TIMING] emit_host_span: [STRACE] v=1 pid=1887766 tid=1887766 inv=11 hid=2e8e960a9b608ef3 depth=2 name=chip.run.bind.prebuilt ts=7252571350483633 dur=1730 
[mono_ns=7252571350492533][T0xfb768d5fb020][TIMING] emit_host_span: [STRACE] v=1 pid=1887766 tid=1887766 inv=11 hid=2e8e960a9b608ef3 depth=1 name=chip.run.bind ts=7252571350233662 dur=256671 
[mono_ns=7252571350581864][T0xfb768d5fb020][TIMING] emit_host_span: [STRACE] v=1 pid=1883258 tid=1883258 inv=11 hid=50b590682672cac0 depth=0 name=node.submit ts=7252571350565144 dur=11840 run_id=11 task_slot=4 group_index=0 group_size=1 worker_id=4 role=facade
[mono_ns=7252571350583564][T0xfb753002cca0][TIMING] emit_host_span: [STRACE] v=1 pid=1883258 tid=1888752 inv=11 hid=50b590682672cac0 depth=0 name=node.frame_submit ts=7252571350578174 dur=2000 run_id=11 task_slot=4 group_index=0 worker_id=4 dispatch_id=11 endpoint_kind=local_mailbox prepare_only=0 role=worker
[mono_ns=7252571350590814][T0xfb753002cca0][TIMING] emit_host_span: [STRACE] v=1 pid=1883258 tid=1888752 inv=11 hid=50b590682672cac0 depth=0 name=node.dispatch ts=7252571350575974 dur=10610 run_id=11 task_slot=4 group_index=0 worker_id=4 dispatch_id=11 endpoint_kind=local_mailbox prepare_only=0 role=scheduler slot_id=0 generation=11
[mono_ns=7252571350595944][T0xfb753002cca0][TIMING] emit_host_span: [STRACE] v=1 pid=1883258 tid=1888752 inv=0 hid=0 depth=0 name=node.scheduler_loop ts=7252571350570994 dur=22110 role=scheduler drained=0 dispatched=1 drain_ns=1370 spins=62
[mono_ns=7252571350661674][T0xfb768d5fb020][TIMING] emit_host_span: [STRACE] v=1 pid=1887782 tid=1887782 inv=11 hid=2e8e960a9b608ef3 depth=2 name=chip.run.bind.args ts=7252571350474873 dur=181461 
[mono_ns=7252571350672394][T0xfb768d5fb020][TIMING] emit_host_span: [STRACE] v=1 pid=1887782 tid=1887782 inv=11 hid=2e8e960a9b608ef3 depth=2 name=chip.run.bind.prebuilt ts=7252571350668374 dur=1890 
[mono_ns=7252571350676094][T0xfb768d5fb020][TIMING] emit_host_span: [STRACE] v=1 pid=1887782 tid=1887782 inv=11 hid=2e8e960a9b608ef3 depth=1 name=chip.run.bind ts=7252571350469353 dur=204841 
[mono_ns=7252571350841795][T0xfb768d5fb020][TIMING] emit_host_span: [STRACE] v=1 pid=1883258 tid=1883258 inv=11 hid=50b590682672cac0 depth=0 name=node.submit ts=7252571350827435 dur=9410 run_id=11 task_slot=5 group_index=0 group_size=1 worker_id=5 role=facade
[mono_ns=7252571350843495][T0xfb753002cca0][TIMING] emit_host_span: [STRACE] v=1 pid=1883258 tid=1888752 inv=11 hid=50b590682672cac0 depth=0 name=node.frame_submit ts=7252571350839865 dur=710 run_id=11 task_slot=5 group_index=0 worker_id=5 dispatch_id=11 endpoint_kind=local_mailbox prepare_only=0 role=worker
[mono_ns=7252571350850175][T0xfb753002cca0][TIMING] emit_host_span: [STRACE] v=1 pid=1883258 tid=1888752 inv=11 hid=50b590682672cac0 depth=0 name=node.dispatch ts=7252571350837705 dur=8270 run_id=11 task_slot=5 group_index=0 worker_id=5 dispatch_id=11 endpoint_kind=local_mailbox prepare_only=0 role=scheduler slot_id=0 generation=11
[mono_ns=7252571350855035][T0xfb753002cca0][TIMING] emit_host_span: [STRACE] v=1 pid=1883258 tid=1888752 inv=0 hid=0 depth=0 name=node.scheduler_loop ts=7252571350833905 dur=18330 role=scheduler drained=0 dispatched=1 drain_ns=1410 spins=69
[mono_ns=7252571350958805][T0xfb768d5fb020][TIMING] emit_host_span: [STRACE] v=1 pid=1887795 tid=1887795 inv=11 hid=2e8e960a9b608ef3 depth=2 name=chip.run.bind.args ts=7252571350717244 dur=237461 
[mono_ns=7252571350973405][T0xfb768d5fb020][TIMING] emit_host_span: [STRACE] v=1 pid=1887795 tid=1887795 inv=11 hid=2e8e960a9b608ef3 depth=2 name=chip.run.bind.prebuilt ts=7252571350969265 dur=1930 
[mono_ns=7252571350978285][T0xfb768d5fb020][TIMING] emit_host_span: [STRACE] v=1 pid=1887795 tid=1887795 inv=11 hid=2e8e960a9b608ef3 depth=1 name=chip.run.bind ts=7252571350711724 dur=264331 
[mono_ns=7252571351101146][T0xfb768d5fb020][TIMING] emit_host_span: [STRACE] v=1 pid=1883258 tid=1883258 inv=11 hid=50b590682672cac0 depth=0 name=node.submit ts=7252571351086366 dur=9340 run_id=11 task_slot=6 group_index=0 group_size=1 worker_id=6 role=facade
[mono_ns=7252571351105926][T0xfb753002cca0][TIMING] emit_host_span: [STRACE] v=1 pid=1883258 tid=1888752 inv=11 hid=50b590682672cac0 depth=0 name=node.frame_submit ts=7252571351100836 dur=2100 run_id=11 task_slot=6 group_index=0 worker_id=6 dispatch_id=11 endpoint_kind=local_mailbox prepare_only=0 role=worker
[mono_ns=7252571351112586][T0xfb753002cca0][TIMING] emit_host_span: [STRACE] v=1 pid=1883258 tid=1888752 inv=11 hid=50b590682672cac0 depth=0 name=node.dispatch ts=7252571351098436 dur=9940 run_id=11 task_slot=6 group_index=0 worker_id=6 dispatch_id=11 endpoint_kind=local_mailbox prepare_only=0 role=scheduler slot_id=0 generation=11
[mono_ns=7252571351118516][T0xfb753002cca0][TIMING] emit_host_span: [STRACE] v=1 pid=1883258 tid=1888752 inv=0 hid=0 depth=0 name=node.scheduler_loop ts=7252571351094556 dur=21070 role=scheduler drained=0 dispatched=1 drain_ns=1500 spins=68
[mono_ns=7252571351208266][T0xfb768d5fb020][TIMING] emit_host_span: [STRACE] v=1 pid=1887810 tid=1887810 inv=11 hid=2e8e960a9b608ef3 depth=2 name=chip.run.bind.args ts=7252571350977835 dur=225021 
[mono_ns=7252571351218536][T0xfb768d5fb020][TIMING] emit_host_span: [STRACE] v=1 pid=1887810 tid=1887810 inv=11 hid=2e8e960a9b608ef3 depth=2 name=chip.run.bind.prebuilt ts=7252571351214476 dur=1660 
[mono_ns=7252571351222376][T0xfb768d5fb020][TIMING] emit_host_span: [STRACE] v=1 pid=1887810 tid=1887810 inv=11 hid=2e8e960a9b608ef3 depth=1 name=chip.run.bind ts=7252571350972395 dur=247881 
[mono_ns=7252571351339847][T0xfb768d5fb020][TIMING] emit_host_span: [STRACE] v=1 pid=1883258 tid=1883258 inv=11 hid=50b590682672cac0 depth=0 name=node.submit ts=7252571351323227 dur=11670 run_id=11 task_slot=7 group_index=0 group_size=1 worker_id=7 role=facade
[mono_ns=7252571351342397][T0xfb753002cca0][TIMING] emit_host_span: [STRACE] v=1 pid=1883258 tid=1888752 inv=11 hid=50b590682672cac0 depth=0 name=node.frame_submit ts=7252571351337297 dur=2120 run_id=11 task_slot=7 group_index=0 worker_id=7 dispatch_id=11 endpoint_kind=local_mailbox prepare_only=0 role=worker
[mono_ns=7252571351348747][T0xfb753002cca0][TIMING] emit_host_span: [STRACE] v=1 pid=1883258 tid=1888752 inv=11 hid=50b590682672cac0 depth=0 name=node.dispatch ts=7252571351334937 dur=9550 run_id=11 task_slot=7 group_index=0 worker_id=7 dispatch_id=11 endpoint_kind=local_mailbox prepare_only=0 role=scheduler slot_id=0 generation=11
[mono_ns=7252571351353397][T0xfb753002cca0][TIMING] emit_host_span: [STRACE] v=1 pid=1883258 tid=1888752 inv=0 hid=0 depth=0 name=node.scheduler_loop ts=7252571351329797 dur=20760 role=scheduler drained=0 dispatched=1 drain_ns=1530 spins=60
[mono_ns=7252571351360157][T0xfb768d5fb020][TIMING] emit_host_span: [STRACE] v=1 pid=1883258 tid=1883258 inv=11 hid=0 depth=0 name=node.graph_build ts=7252571349275829 dur=2076768 run_id=11 role=facade
[mono_ns=7252571351495337][T0xfb768d5fb020][TIMING] emit_host_span: [STRACE] v=1 pid=1887827 tid=1887827 inv=11 hid=2e8e960a9b608ef3 depth=2 name=chip.run.bind.args ts=7252571351248356 dur=241191 
[mono_ns=7252571351509477][T0xfb768d5fb020][TIMING] emit_host_span: [STRACE] v=1 pid=1887827 tid=1887827 inv=11 hid=2e8e960a9b608ef3 depth=2 name=chip.run.bind.prebuilt ts=7252571351505507 dur=1810 
[mono_ns=7252571351514077][T0xfb768d5fb020][TIMING] emit_host_span: [STRACE] v=1 pid=1887827 tid=1887827 inv=11 hid=2e8e960a9b608ef3 depth=1 name=chip.run.bind ts=7252571351243726 dur=268291 
[mono_ns=7252571351707278][T0xfb768d5fb020][TIMING] emit_host_span: [STRACE] v=1 pid=1887844 tid=1887844 inv=11 hid=2e8e960a9b608ef3 depth=2 name=chip.run.bind.args ts=7252571351484487 dur=217951 
[mono_ns=7252571351720958][T0xfb768d5fb020][TIMING] emit_host_span: [STRACE] v=1 pid=1887844 tid=1887844 inv=11 hid=2e8e960a9b608ef3 depth=2 name=chip.run.bind.prebuilt ts=7252571351717248 dur=1450 
[mono_ns=7252571351725648][T0xfb768d5fb020][TIMING] emit_host_span: [STRACE] v=1 pid=1887844 tid=1887844 inv=11 hid=2e8e960a9b608ef3 depth=1 name=chip.run.bind ts=7252571351478907 dur=244751 
[mono_ns=7252571353019233][T0xfb768d5fb020][TIMING] emit_host_span: [STRACE] v=1 pid=1887738 tid=1887738 inv=11 hid=2e8e960a9b608ef3 depth=1 name=chip.run.runner_run ts=7252571350043882 dur=2969351 
[mono_ns=7252571353017263][T0xfb768d5fb020][TIMING] emit_host_span: [STRACE] v=1 pid=1887795 tid=1887795 inv=11 hid=2e8e960a9b608ef3 depth=1 name=chip.run.runner_run ts=7252571351119756 dur=1892727 
[mono_ns=7252571353027833][T0xfb768d5fb020][TIMING] emit_host_span: [STRACE] v=1 pid=1887810 tid=1887810 inv=11 hid=2e8e960a9b608ef3 depth=1 name=chip.run.runner_run ts=7252571351355237 dur=1666716 
[mono_ns=7252571353027343][T0xfb768d5fb020][TIMING] emit_host_span: [STRACE] v=1 pid=1887751 tid=1887751 inv=11 hid=2e8e960a9b608ef3 depth=1 name=chip.run.runner_run ts=7252571350293703 dur=2727820 
[mono_ns=7252571353025153][T0xfb768d5fb020][TIMING] emit_host_span: [STRACE] v=1 pid=1887844 tid=1887844 inv=11 hid=2e8e960a9b608ef3 depth=1 name=chip.run.runner_run ts=7252571351865789 dur=1153974 
[mono_ns=7252571353031013][T0xfb768d5fb020][TIMING] emit_host_span: [STRACE] v=1 pid=1887782 tid=1887782 inv=11 hid=2e8e960a9b608ef3 depth=1 name=chip.run.runner_run ts=7252571350807525 dur=2217608 
[mono_ns=7252571353028423][T0xfb768d5fb020][TIMING] emit_host_span: [STRACE] v=1 pid=1887766 tid=1887766 inv=11 hid=2e8e960a9b608ef3 depth=1 name=chip.run.runner_run ts=7252571350630574 dur=2393119 
[mono_ns=7252571353061553][T0xfb768d5fb020][TIMING] emit_host_span: [STRACE] v=1 pid=1887827 tid=1887827 inv=11 hid=2e8e960a9b608ef3 depth=1 name=chip.run.runner_run ts=7252571351651508 dur=1404095 
[mono_ns=7252571353173333][T0xfb768d5fb020][TIMING] emit_host_span: [STRACE] v=1 pid=1887738 tid=1887738 inv=11 hid=2e8e960a9b608ef3 depth=1 name=chip.run.validate ts=7252571353024173 dur=145020 
[mono_ns=7252571353179643][T0xfb768d5fb020][TIMING] emit_host_span: [STRACE] v=1 pid=1887738 tid=1887738 inv=11 hid=2e8e960a9b608ef3 depth=2 name=chip.run.runner_run.device_wall ts=0 dur=2751440 clk=dev
[mono_ns=7252571353184303][T0xfb768d5fb020][TIMING] emit_host_span: [STRACE] v=1 pid=1887738 tid=1887738 inv=11 hid=2e8e960a9b608ef3 depth=3 name=chip.run.runner_run.device_wall.preamble ts=0 dur=5160 clk=dev
[mono_ns=7252571353188153][T0xfb768d5fb020][TIMING] emit_host_span: [STRACE] v=1 pid=1887738 tid=1887738 inv=11 hid=2e8e960a9b608ef3 depth=3 name=chip.run.runner_run.device_wall.graph_build ts=1359 dur=2739460 clk=dev
[mono_ns=7252571353191653][T0xfb768d5fb020][TIMING] emit_host_span: [STRACE] v=1 pid=1887738 tid=1887738 inv=11 hid=2e8e960a9b608ef3 depth=3 name=chip.run.runner_run.device_wall.config_validate ts=1460 dur=880 clk=dev
[mono_ns=7252571353194763][T0xfb768d5fb020][TIMING] emit_host_span: [STRACE] v=1 pid=1887738 tid=1887738 inv=11 hid=2e8e960a9b608ef3 depth=3 name=chip.run.runner_run.device_wall.arena_wire ts=2360 dur=280 clk=dev
[mono_ns=7252571353197853][T0xfb768d5fb020][TIMING] emit_host_span: [STRACE] v=1 pid=1887738 tid=1887738 inv=11 hid=2e8e960a9b608ef3 depth=3 name=chip.run.runner_run.device_wall.sm_reset ts=2680 dur=480 clk=dev
[mono_ns=7252571353191353][T0xfb768d5fb020][TIMING] emit_host_span: [STRACE] v=1 pid=1887751 tid=1887751 inv=11 hid=2e8e960a9b608ef3 depth=1 name=chip.run.validate ts=7252571353033743 dur=152820 
[mono_ns=7252571353201013][T0xfb768d5fb020][TIMING] emit_host_span: [STRACE] v=1 pid=1887738 tid=1887738 inv=11 hid=2e8e960a9b608ef3 depth=3 name=chip.run.runner_run.device_wall.post_orch ts=2740860 dur=10459 clk=dev
[mono_ns=7252571353198573][T0xfb768d5fb020][TIMING] emit_host_span: [STRACE] v=1 pid=1887751 tid=1887751 inv=11 hid=2e8e960a9b608ef3 depth=2 name=chip.run.runner_run.device_wall ts=0 dur=2545860 clk=dev
[mono_ns=7252571353204654][T0xfb768d5fb020][TIMING] emit_host_span: [STRACE] v=1 pid=1887738 tid=1887738 inv=11 hid=2e8e960a9b608ef3 depth=3 name=chip.run.runner_run.device_wall.orch ts=3199 dur=3420 clk=dev
[mono_ns=7252571353202523][T0xfb768d5fb020][TIMING] emit_host_span: [STRACE] v=1 pid=1887751 tid=1887751 inv=11 hid=2e8e960a9b608ef3 depth=3 name=chip.run.runner_run.device_wall.preamble ts=0 dur=4640 clk=dev
[mono_ns=7252571353206064][T0xfb768d5fb020][TIMING] emit_host_span: [STRACE] v=1 pid=1887751 tid=1887751 inv=11 hid=2e8e960a9b608ef3 depth=3 name=chip.run.runner_run.device_wall.graph_build ts=1200 dur=2533919 clk=dev
[mono_ns=7252571353209534][T0xfb768d5fb020][TIMING] emit_host_span: [STRACE] v=1 pid=1887751 tid=1887751 inv=11 hid=2e8e960a9b608ef3 depth=3 name=chip.run.runner_run.device_wall.config_validate ts=1280 dur=700 clk=dev
[mono_ns=7252571353208094][T0xfb768d5fb020][TIMING] emit_host_span: [STRACE] v=1 pid=1887738 tid=1887738 inv=11 hid=2e8e960a9b608ef3 depth=3 name=chip.run.runner_run.device_wall.sched ts=5240 dur=2728100 clk=dev
[mono_ns=7252571353216474][T0xfb768d5fb020][TIMING] emit_host_span: [STRACE] v=1 pid=1887738 tid=1887738 inv=11 hid=2e8e960a9b608ef3 depth=1 name=chip.run.claim_release ts=7252571353213814 dur=240 
[mono_ns=7252571353221234][T0xfb768d5fb020][TIMING] emit_host_span: [STRACE] v=1 pid=1887738 tid=1887738 inv=11 hid=2e8e960a9b608ef3 depth=0 name=chip.run ts=7252571349708261 dur=3510813 run_id=11 dispatch_id=11 slot_id=0 generation=11 run_epoch=11
[mono_ns=7252571353214394][T0xfb768d5fb020][TIMING] emit_host_span: [STRACE] v=1 pid=1887751 tid=1887751 inv=11 hid=2e8e960a9b608ef3 depth=3 name=chip.run.runner_run.device_wall.arena_wire ts=2020 dur=220 clk=dev
[mono_ns=7252571353219284][T0xfb768d5fb020][TIMING] emit_host_span: [STRACE] v=1 pid=1887751 tid=1887751 inv=11 hid=2e8e960a9b608ef3 depth=3 name=chip.run.runner_run.device_wall.sm_reset ts=2280 dur=440 clk=dev
[mono_ns=7252571353222754][T0xfb768d5fb020][TIMING] emit_host_span: [STRACE] v=1 pid=1887751 tid=1887751 inv=11 hid=2e8e960a9b608ef3 depth=3 name=chip.run.runner_run.device_wall.post_orch ts=2535180 dur=10540 clk=dev
[mono_ns=7252571353226194][T0xfb768d5fb020][TIMING] emit_host_span: [STRACE] v=1 pid=1887751 tid=1887751 inv=11 hid=2e8e960a9b608ef3 depth=3 name=chip.run.runner_run.device_wall.orch ts=2760 dur=3300 clk=dev
[mono_ns=7252571353229574][T0xfb768d5fb020][TIMING] emit_host_span: [STRACE] v=1 pid=1887751 tid=1887751 inv=11 hid=2e8e960a9b608ef3 depth=3 name=chip.run.runner_run.device_wall.sched ts=4720 dur=2523300 clk=dev
[mono_ns=7252571353233734][T0xfb768d5fb020][TIMING] emit_host_span: [STRACE] v=1 pid=1887751 tid=1887751 inv=11 hid=2e8e960a9b608ef3 depth=1 name=chip.run.claim_release ts=7252571353231554 dur=350 
[mono_ns=7252571353232794][T0xfb768d5fb020][TIMING] emit_host_span: [STRACE] v=1 pid=1887810 tid=1887810 inv=11 hid=2e8e960a9b608ef3 depth=1 name=chip.run.validate ts=7252571353033403 dur=194531 
[mono_ns=7252571353234284][T0xfb768d5fb020][TIMING] emit_host_span: [STRACE] v=1 pid=1887782 tid=1887782 inv=11 hid=2e8e960a9b608ef3 depth=1 name=chip.run.validate ts=7252571353037543 dur=192051 
[mono_ns=7252571353237994][T0xfb768d5fb020][TIMING] emit_host_span: [STRACE] v=1 pid=1887751 tid=1887751 inv=11 hid=2e8e960a9b608ef3 depth=0 name=chip.run ts=7252571349958611 dur=3277423 run_id=11 dispatch_id=11 slot_id=0 generation=11 run_epoch=11
[mono_ns=7252571353239204][T0xfb768d5fb020][TIMING] emit_host_span: [STRACE] v=1 pid=1887810 tid=1887810 inv=11 hid=2e8e960a9b608ef3 depth=2 name=chip.run.runner_run.device_wall ts=0 dur=1492160 clk=dev
[mono_ns=7252571353241314][T0xfb768d5fb020][TIMING] emit_host_span: [STRACE] v=1 pid=1887782 tid=1887782 inv=11 hid=2e8e960a9b608ef3 depth=2 name=chip.run.runner_run.device_wall ts=0 dur=2034820 clk=dev
[mono_ns=7252571353243214][T0xfb768d5fb020][TIMING] emit_host_span: [STRACE] v=1 pid=1887810 tid=1887810 inv=11 hid=2e8e960a9b608ef3 depth=3 name=chip.run.runner_run.device_wall.preamble ts=0 dur=6680 clk=dev
[mono_ns=7252571353245304][T0xfb768d5fb020][TIMING] emit_host_span: [STRACE] v=1 pid=1887782 tid=1887782 inv=11 hid=2e8e960a9b608ef3 depth=3 name=chip.run.runner_run.device_wall.preamble ts=0 dur=4920 clk=dev
[mono_ns=7252571353246524][T0xfb768d5fb020][TIMING] emit_host_span: [STRACE] v=1 pid=1887810 tid=1887810 inv=11 hid=2e8e960a9b608ef3 depth=3 name=chip.run.runner_run.device_wall.graph_build ts=1720 dur=1479700 clk=dev
[mono_ns=7252571353248684][T0xfb768d5fb020][TIMING] emit_host_span: [STRACE] v=1 pid=1887782 tid=1887782 inv=11 hid=2e8e960a9b608ef3 depth=3 name=chip.run.runner_run.device_wall.graph_build ts=1300 dur=2022879 clk=dev
[mono_ns=7252571353249614][T0xfb768d5fb020][TIMING] emit_host_span: [STRACE] v=1 pid=1887810 tid=1887810 inv=11 hid=2e8e960a9b608ef3 depth=3 name=chip.run.runner_run.device_wall.config_validate ts=1819 dur=840 clk=dev
[mono_ns=7252571353251774][T0xfb768d5fb020][TIMING] emit_host_span: [STRACE] v=1 pid=1887782 tid=1887782 inv=11 hid=2e8e960a9b608ef3 depth=3 name=chip.run.runner_run.device_wall.config_validate ts=1400 dur=820 clk=dev
[mono_ns=7252571353253604][T0xfb768d5fb020][TIMING] emit_host_span: [STRACE] v=1 pid=1887810 tid=1887810 inv=11 hid=2e8e960a9b608ef3 depth=3 name=chip.run.runner_run.device_wall.arena_wire ts=2680 dur=260 clk=dev
[mono_ns=7252571353254984][T0xfb768d5fb020][TIMING] emit_host_span: [STRACE] v=1 pid=1887782 tid=1887782 inv=11 hid=2e8e960a9b608ef3 depth=3 name=chip.run.runner_run.device_wall.arena_wire ts=2260 dur=280 clk=dev
[mono_ns=7252571353250034][T0xfb753002cca0][TIMING] emit_host_span: [STRACE] v=1 pid=1883258 tid=1888752 inv=11 hid=50b590682672cac0 depth=0 name=node.complete ts=7252571353246504 dur=370 run_id=11 task_slot=0 group_index=0 worker_id=0 dispatch_id=11 endpoint_kind=local_mailbox prepare_only=0 role=worker outcome=0
[mono_ns=7252571353256574][T0xfb768d5fb020][TIMING] emit_host_span: [STRACE] v=1 pid=1887810 tid=1887810 inv=11 hid=2e8e960a9b608ef3 depth=3 name=chip.run.runner_run.device_wall.sm_reset ts=2960 dur=480 clk=dev
[mono_ns=7252571353260174][T0xfb768d5fb020][TIMING] emit_host_span: [STRACE] v=1 pid=1887810 tid=1887810 inv=11 hid=2e8e960a9b608ef3 depth=3 name=chip.run.runner_run.device_wall.post_orch ts=1481480 dur=10560 clk=dev
[mono_ns=7252571353263414][T0xfb768d5fb020][TIMING] emit_host_span: [STRACE] v=1 pid=1887810 tid=1887810 inv=11 hid=2e8e960a9b608ef3 depth=3 name=chip.run.runner_run.device_wall.orch ts=3480 dur=3440 clk=dev
[mono_ns=7252571353259004][T0xfb768d5fb020][TIMING] emit_host_span: [STRACE] v=1 pid=1887782 tid=1887782 inv=11 hid=2e8e960a9b608ef3 depth=3 name=chip.run.runner_run.device_wall.sm_reset ts=2560 dur=500 clk=dev
[mono_ns=7252571353263744][T0xfb768d5fb020][TIMING] emit_host_span: [STRACE] v=1 pid=1887782 tid=1887782 inv=11 hid=2e8e960a9b608ef3 depth=3 name=chip.run.runner_run.device_wall.post_orch ts=2024220 dur=10280 clk=dev
[mono_ns=7252571353267154][T0xfb768d5fb020][TIMING] emit_host_span: [STRACE] v=1 pid=1887782 tid=1887782 inv=11 hid=2e8e960a9b608ef3 depth=3 name=chip.run.runner_run.device_wall.orch ts=3100 dur=3420 clk=dev
[mono_ns=7252571353262894][T0xfb753002cca0][TIMING] emit_host_span: [STRACE] v=1 pid=1883258 tid=1888752 inv=0 hid=0 depth=0 name=node.scheduler_loop ts=7252571353243794 dur=15890 role=scheduler drained=1 dispatched=0 drain_ns=13950 spins=558
[mono_ns=7252571353266874][T0xfb768d5fb020][TIMING] emit_host_span: [STRACE] v=1 pid=1887810 tid=1887810 inv=11 hid=2e8e960a9b608ef3 depth=3 name=chip.run.runner_run.device_wall.sched ts=6720 dur=1467919 clk=dev
[mono_ns=7252571353271914][T0xfb768d5fb020][TIMING] emit_host_span: [STRACE] v=1 pid=1887810 tid=1887810 inv=11 hid=2e8e960a9b608ef3 depth=1 name=chip.run.claim_release ts=7252571353269814 dur=310 
[mono_ns=7252571353270234][T0xfb768d5fb020][TIMING] emit_host_span: [STRACE] v=1 pid=1887782 tid=1887782 inv=11 hid=2e8e960a9b608ef3 depth=3 name=chip.run.runner_run.device_wall.sched ts=5020 dur=2011700 clk=dev
[mono_ns=7252571353271834][T0xfb753002cca0][TIMING] emit_host_span: [STRACE] v=1 pid=1883258 tid=1888752 inv=11 hid=50b590682672cac0 depth=0 name=node.complete ts=7252571353268564 dur=350 run_id=11 task_slot=1 group_index=0 worker_id=1 dispatch_id=11 endpoint_kind=local_mailbox prepare_only=0 role=worker outcome=0
[mono_ns=7252571353275504][T0xfb768d5fb020][TIMING] emit_host_span: [STRACE] v=1 pid=1887782 tid=1887782 inv=11 hid=2e8e960a9b608ef3 depth=1 name=chip.run.claim_release ts=7252571353273434 dur=330 
[mono_ns=7252571353275934][T0xfb768d5fb020][TIMING] emit_host_span: [STRACE] v=1 pid=1887810 tid=1887810 inv=11 hid=2e8e960a9b608ef3 depth=0 name=chip.run ts=7252571350958485 dur=2315459 run_id=11 dispatch_id=11 slot_id=0 generation=11 run_epoch=11
[mono_ns=7252571353283604][T0xfb753002cca0][TIMING] emit_host_span: [STRACE] v=1 pid=1883258 tid=1888752 inv=0 hid=0 depth=0 name=node.scheduler_loop ts=7252571353266214 dur=14380 role=scheduler drained=1 dispatched=0 drain_ns=12280 spins=0
[mono_ns=7252571353280094][T0xfb768d5fb020][TIMING] emit_host_span: [STRACE] v=1 pid=1887782 tid=1887782 inv=11 hid=2e8e960a9b608ef3 depth=0 name=chip.run ts=7252571350455603 dur=2822501 run_id=11 dispatch_id=11 slot_id=0 generation=11 run_epoch=11
[mono_ns=7252571353279594][T0xfb768d5fb020][TIMING] emit_host_span: [STRACE] v=1 pid=1887795 tid=1887795 inv=11 hid=2e8e960a9b608ef3 depth=1 name=chip.run.validate ts=7252571353027593 dur=248171 
[mono_ns=7252571353290444][T0xfb768d5fb020][TIMING] emit_host_span: [STRACE] v=1 pid=1887795 tid=1887795 inv=11 hid=2e8e960a9b608ef3 depth=2 name=chip.run.runner_run.device_wall ts=0 dur=1719540 clk=dev
[mono_ns=7252571353285044][T0xfb768d5fb020][TIMING] emit_host_span: [STRACE] v=1 pid=1887844 tid=1887844 inv=11 hid=2e8e960a9b608ef3 depth=1 name=chip.run.validate ts=7252571353034273 dur=246391 
[mono_ns=7252571353294834][T0xfb768d5fb020][TIMING] emit_host_span: [STRACE] v=1 pid=1887795 tid=1887795 inv=11 hid=2e8e960a9b608ef3 depth=3 name=chip.run.runner_run.device_wall.preamble ts=0 dur=4680 clk=dev
[mono_ns=7252571353286154][T0xfb768d5fb020][TIMING] emit_host_span: [STRACE] v=1 pid=1887827 tid=1887827 inv=11 hid=2e8e960a9b608ef3 depth=1 name=chip.run.validate ts=7252571353071363 dur=210061 
[mono_ns=7252571353299084][T0xfb768d5fb020][TIMING] emit_host_span: [STRACE] v=1 pid=1887795 tid=1887795 inv=11 hid=2e8e960a9b608ef3 depth=3 name=chip.run.runner_run.device_wall.graph_build ts=940 dur=1709340 clk=dev
[mono_ns=7252571353296264][T0xfb768d5fb020][TIMING] emit_host_span: [STRACE] v=1 pid=1887827 tid=1887827 inv=11 hid=2e8e960a9b608ef3 depth=2 name=chip.run.runner_run.device_wall ts=0 dur=1189699 clk=dev
[mono_ns=7252571353300654][T0xfb768d5fb020][TIMING] emit_host_span: [STRACE] v=1 pid=1887827 tid=1887827 inv=11 hid=2e8e960a9b608ef3 depth=3 name=chip.run.runner_run.device_wall.preamble ts=0 dur=5560 clk=dev
[mono_ns=7252571353302234][T0xfb753002cca0][TIMING] emit_host_span: [STRACE] v=1 pid=1883258 tid=1888752 inv=11 hid=50b590682672cac0 depth=0 name=node.complete ts=7252571353298594 dur=290 run_id=11 task_slot=5 group_index=0 worker_id=5 dispatch_id=11 endpoint_kind=local_mailbox prepare_only=0 role=worker outcome=0
[mono_ns=7252571353304764][T0xfb768d5fb020][TIMING] emit_host_span: [STRACE] v=1 pid=1887827 tid=1887827 inv=11 hid=2e8e960a9b608ef3 depth=3 name=chip.run.runner_run.device_wall.graph_build ts=1839 dur=1177040 clk=dev
[mono_ns=7252571353309044][T0xfb768d5fb020][TIMING] emit_host_span: [STRACE] v=1 pid=1887827 tid=1887827 inv=11 hid=2e8e960a9b608ef3 depth=3 name=chip.run.runner_run.device_wall.config_validate ts=1920 dur=700 clk=dev
[mono_ns=7252571353313264][T0xfb768d5fb020][TIMING] emit_host_span: [STRACE] v=1 pid=1887827 tid=1887827 inv=11 hid=2e8e960a9b608ef3 depth=3 name=chip.run.runner_run.device_wall.arena_wire ts=2660 dur=260 clk=dev
[mono_ns=7252571353306814][T0xfb768d5fb020][TIMING] emit_host_span: [STRACE] v=1 pid=1887795 tid=1887795 inv=11 hid=2e8e960a9b608ef3 depth=3 name=chip.run.runner_run.device_wall.config_validate ts=1040 dur=700 clk=dev
[mono_ns=7252571353313614][T0xfb753002cca0][TIMING] emit_host_span: [STRACE] v=1 pid=1883258 tid=1888752 inv=0 hid=0 depth=0 name=node.scheduler_loop ts=7252571353295694 dur=14890 role=scheduler drained=1 dispatched=0 drain_ns=12830 spins=3
[mono_ns=7252571353315644][T0xfb768d5fb020][TIMING] emit_host_span: [STRACE] v=1 pid=1887795 tid=1887795 inv=11 hid=2e8e960a9b608ef3 depth=3 name=chip.run.runner_run.device_wall.arena_wire ts=1779 dur=280 clk=dev
[mono_ns=7252571353320264][T0xfb768d5fb020][TIMING] emit_host_span: [STRACE] v=1 pid=1887795 tid=1887795 inv=11 hid=2e8e960a9b608ef3 depth=3 name=chip.run.runner_run.device_wall.sm_reset ts=2080 dur=440 clk=dev
[mono_ns=7252571353324724][T0xfb768d5fb020][TIMING] emit_host_span: [STRACE] v=1 pid=1887795 tid=1887795 inv=11 hid=2e8e960a9b608ef3 depth=3 name=chip.run.runner_run.device_wall.post_orch ts=1710320 dur=9140 clk=dev
[mono_ns=7252571353322914][T0xfb753002cca0][TIMING] emit_host_span: [STRACE] v=1 pid=1883258 tid=1888752 inv=11 hid=50b590682672cac0 depth=0 name=node.complete ts=7252571353319684 dur=310 run_id=11 task_slot=3 group_index=0 worker_id=3 dispatch_id=11 endpoint_kind=local_mailbox prepare_only=0 role=worker outcome=0
[mono_ns=7252571353319064][T0xfb768d5fb020][TIMING] emit_host_span: [STRACE] v=1 pid=1887827 tid=1887827 inv=11 hid=2e8e960a9b608ef3 depth=3 name=chip.run.runner_run.device_wall.sm_reset ts=2940 dur=459 clk=dev
[mono_ns=7252571353295184][T0xfb768d5fb020][TIMING] emit_host_span: [STRACE] v=1 pid=1887844 tid=1887844 inv=11 hid=2e8e960a9b608ef3 depth=2 name=chip.run.runner_run.device_wall ts=0 dur=979380 clk=dev
[mono_ns=7252571353326774][T0xfb768d5fb020][TIMING] emit_host_span: [STRACE] v=1 pid=1887827 tid=1887827 inv=11 hid=2e8e960a9b608ef3 depth=3 name=chip.run.runner_run.device_wall.post_orch ts=1178940 dur=10480 clk=dev
[mono_ns=7252571353330484][T0xfb768d5fb020][TIMING] emit_host_span: [STRACE] v=1 pid=1887844 tid=1887844 inv=11 hid=2e8e960a9b608ef3 depth=3 name=chip.run.runner_run.device_wall.preamble ts=0 dur=5240 clk=dev
[mono_ns=7252571353331644][T0xfb768d5fb020][TIMING] emit_host_span: [STRACE] v=1 pid=1887827 tid=1887827 inv=11 hid=2e8e960a9b608ef3 depth=3 name=chip.run.runner_run.device_wall.orch ts=3440 dur=3440 clk=dev
[mono_ns=7252571353334994][T0xfb768d5fb020][TIMING] emit_host_span: [STRACE] v=1 pid=1887844 tid=1887844 inv=11 hid=2e8e960a9b608ef3 depth=3 name=chip.run.runner_run.device_wall.graph_build ts=1540 dur=966880 clk=dev
[mono_ns=7252571353325744][T0xfb768d5fb020][TIMING] emit_host_span: [STRACE] v=1 pid=1887766 tid=1887766 inv=11 hid=2e8e960a9b608ef3 depth=1 name=chip.run.validate ts=7252571353037773 dur=284331 
[mono_ns=7252571353336294][T0xfb768d5fb020][TIMING] emit_host_span: [STRACE] v=1 pid=1887827 tid=1887827 inv=11 hid=2e8e960a9b608ef3 depth=3 name=chip.run.runner_run.device_wall.sched ts=5640 dur=1166139 clk=dev
[mono_ns=7252571353334264][T0xfb753002cca0][TIMING] emit_host_span: [STRACE] v=1 pid=1883258 tid=1888752 inv=0 hid=0 depth=0 name=node.scheduler_loop ts=7252571353317174 dur=14090 role=scheduler drained=1 dispatched=0 drain_ns=11960 spins=0
[mono_ns=7252571353339144][T0xfb768d5fb020][TIMING] emit_host_span: [STRACE] v=1 pid=1887844 tid=1887844 inv=11 hid=2e8e960a9b608ef3 depth=3 name=chip.run.runner_run.device_wall.config_validate ts=1640 dur=919 clk=dev
[mono_ns=7252571353331004][T0xfb768d5fb020][TIMING] emit_host_span: [STRACE] v=1 pid=1887795 tid=1887795 inv=11 hid=2e8e960a9b608ef3 depth=3 name=chip.run.runner_run.device_wall.orch ts=2560 dur=3420 clk=dev
[mono_ns=7252571353339854][T0xfb768d5fb020][TIMING] emit_host_span: [STRACE] v=1 pid=1887795 tid=1887795 inv=11 hid=2e8e960a9b608ef3 depth=3 name=chip.run.runner_run.device_wall.sched ts=4700 dur=1698679 clk=dev
[mono_ns=7252571353344814][T0xfb768d5fb020][TIMING] emit_host_span: [STRACE] v=1 pid=1887795 tid=1887795 inv=11 hid=2e8e960a9b608ef3 depth=1 name=chip.run.claim_release ts=7252571353342404 dur=460 
[mono_ns=7252571353350234][T0xfb768d5fb020][TIMING] emit_host_span: [STRACE] v=1 pid=1887795 tid=1887795 inv=11 hid=2e8e960a9b608ef3 depth=0 name=chip.run ts=7252571350695654 dur=2652640 run_id=11 dispatch_id=11 slot_id=0 generation=11 run_epoch=11
[mono_ns=7252571353343794][T0xfb768d5fb020][TIMING] emit_host_span: [STRACE] v=1 pid=1887827 tid=1887827 inv=11 hid=2e8e960a9b608ef3 depth=1 name=chip.run.claim_release ts=7252571353341724 dur=250 
[mono_ns=7252571353344944][T0xfb768d5fb020][TIMING] emit_host_span: [STRACE] v=1 pid=1887844 tid=1887844 inv=11 hid=2e8e960a9b608ef3 depth=3 name=chip.run.runner_run.device_wall.arena_wire ts=2600 dur=240 clk=dev
[mono_ns=7252571353352894][T0xfb768d5fb020][TIMING] emit_host_span: [STRACE] v=1 pid=1887827 tid=1887827 inv=11 hid=2e8e960a9b608ef3 depth=0 name=chip.run ts=7252571351226426 dur=2124438 run_id=11 dispatch_id=11 slot_id=0 generation=11 run_epoch=11
[mono_ns=7252571353353004][T0xfb768d5fb020][TIMING] emit_host_span: [STRACE] v=1 pid=1887844 tid=1887844 inv=11 hid=2e8e960a9b608ef3 depth=3 name=chip.run.runner_run.device_wall.sm_reset ts=2880 dur=480 clk=dev
[mono_ns=7252571353356634][T0xfb768d5fb020][TIMING] emit_host_span: [STRACE] v=1 pid=1887844 tid=1887844 inv=11 hid=2e8e960a9b608ef3 depth=3 name=chip.run.runner_run.device_wall.post_orch ts=968460 dur=10680 clk=dev
[mono_ns=7252571353360264][T0xfb768d5fb020][TIMING] emit_host_span: [STRACE] v=1 pid=1887844 tid=1887844 inv=11 hid=2e8e960a9b608ef3 depth=3 name=chip.run.runner_run.device_wall.orch ts=3400 dur=3239 clk=dev
[mono_ns=7252571353335714][T0xfb768d5fb020][TIMING] emit_host_span: [STRACE] v=1 pid=1887766 tid=1887766 inv=11 hid=2e8e960a9b608ef3 depth=2 name=chip.run.runner_run.device_wall ts=0 dur=2203060 clk=dev
[mono_ns=7252571353366024][T0xfb768d5fb020][TIMING] emit_host_span: [STRACE] v=1 pid=1887766 tid=1887766 inv=11 hid=2e8e960a9b608ef3 depth=3 name=chip.run.runner_run.device_wall.preamble ts=0 dur=5040 clk=dev
[mono_ns=7252571353370144][T0xfb768d5fb020][TIMING] emit_host_span: [STRACE] v=1 pid=1887766 tid=1887766 inv=11 hid=2e8e960a9b608ef3 depth=3 name=chip.run.runner_run.device_wall.graph_build ts=1300 dur=2192660 clk=dev
[mono_ns=7252571353374674][T0xfb768d5fb020][TIMING] emit_host_span: [STRACE] v=1 pid=1887766 tid=1887766 inv=11 hid=2e8e960a9b608ef3 depth=3 name=chip.run.runner_run.device_wall.config_validate ts=1400 dur=720 clk=dev
[mono_ns=7252571353378864][T0xfb753002cca0][TIMING] emit_host_span: [STRACE] v=1 pid=1883258 tid=1888752 inv=11 hid=50b590682672cac0 depth=0 name=node.complete ts=7252571353375504 dur=290 run_id=11 task_slot=4 group_index=0 worker_id=4 dispatch_id=11 endpoint_kind=local_mailbox prepare_only=0 role=worker outcome=0
[mono_ns=7252571353380704][T0xfb768d5fb020][TIMING] emit_host_span: [STRACE] v=1 pid=1887766 tid=1887766 inv=11 hid=2e8e960a9b608ef3 depth=3 name=chip.run.runner_run.device_wall.arena_wire ts=2160 dur=260 clk=dev
[mono_ns=7252571353365104][T0xfb768d5fb020][TIMING] emit_host_span: [STRACE] v=1 pid=1887844 tid=1887844 inv=11 hid=2e8e960a9b608ef3 depth=3 name=chip.run.runner_run.device_wall.sched ts=5280 dur=956120 clk=dev
[mono_ns=7252571353387894][T0xfb753002cca0][TIMING] emit_host_span: [STRACE] v=1 pid=1883258 tid=1888752 inv=11 hid=50b590682672cac0 depth=0 name=node.complete ts=7252571353384734 dur=270 run_id=11 task_slot=6 group_index=0 worker_id=6 dispatch_id=11 endpoint_kind=local_mailbox prepare_only=0 role=worker outcome=0
[mono_ns=7252571353384534][T0xfb768d5fb020][TIMING] emit_host_span: [STRACE] v=1 pid=1887766 tid=1887766 inv=11 hid=2e8e960a9b608ef3 depth=3 name=chip.run.runner_run.device_wall.sm_reset ts=2460 dur=480 clk=dev
[mono_ns=7252571353386174][T0xfb768d5fb020][TIMING] emit_host_span: [STRACE] v=1 pid=1887844 tid=1887844 inv=11 hid=2e8e960a9b608ef3 depth=1 name=chip.run.claim_release ts=7252571353383674 dur=310 
[mono_ns=7252571353388514][T0xfb768d5fb020][TIMING] emit_host_span: [STRACE] v=1 pid=1887766 tid=1887766 inv=11 hid=2e8e960a9b608ef3 depth=3 name=chip.run.runner_run.device_wall.post_orch ts=2194000 dur=8940 clk=dev
[mono_ns=7252571353391934][T0xfb768d5fb020][TIMING] emit_host_span: [STRACE] v=1 pid=1887844 tid=1887844 inv=11 hid=2e8e960a9b608ef3 depth=0 name=chip.run ts=7252571351461757 dur=1928227 run_id=11 dispatch_id=11 slot_id=0 generation=11 run_epoch=11
[mono_ns=7252571353391424][T0xfb768d5fb020][TIMING] emit_host_span: [STRACE] v=1 pid=1887766 tid=1887766 inv=11 hid=2e8e960a9b608ef3 depth=3 name=chip.run.runner_run.device_wall.orch ts=2980 dur=3480 clk=dev
[mono_ns=7252571353398554][T0xfb753002cca0][TIMING] emit_host_span: [STRACE] v=1 pid=1883258 tid=1888752 inv=0 hid=0 depth=0 name=node.scheduler_loop ts=7252571353372514 dur=22940 role=scheduler drained=2 dispatched=0 drain_ns=20700 spins=10
[mono_ns=7252571353395144][T0xfb768d5fb020][TIMING] emit_host_span: [STRACE] v=1 pid=1887766 tid=1887766 inv=11 hid=2e8e960a9b608ef3 depth=3 name=chip.run.runner_run.device_wall.sched ts=5100 dur=2181240 clk=dev
[mono_ns=7252571353420684][T0xfb768d5fb020][TIMING] emit_host_span: [STRACE] v=1 pid=1887766 tid=1887766 inv=11 hid=2e8e960a9b608ef3 depth=1 name=chip.run.claim_release ts=7252571353418184 dur=360 
[mono_ns=7252571353425544][T0xfb768d5fb020][TIMING] emit_host_span: [STRACE] v=1 pid=1887766 tid=1887766 inv=11 hid=2e8e960a9b608ef3 depth=0 name=chip.run ts=7252571350216822 dur=3206682 run_id=11 dispatch_id=11 slot_id=0 generation=11 run_epoch=11
[mono_ns=7252571353422934][T0xfb753002cca0][TIMING] emit_host_span: [STRACE] v=1 pid=1883258 tid=1888752 inv=11 hid=50b590682672cac0 depth=0 name=node.complete ts=7252571353419664 dur=280 run_id=11 task_slot=7 group_index=0 worker_id=7 dispatch_id=11 endpoint_kind=local_mailbox prepare_only=0 role=worker outcome=0
[mono_ns=7252571353433744][T0xfb753002cca0][TIMING] emit_host_span: [STRACE] v=1 pid=1883258 tid=1888752 inv=0 hid=0 depth=0 name=node.scheduler_loop ts=7252571353416274 dur=14000 role=scheduler drained=1 dispatched=0 drain_ns=11750 spins=4
[mono_ns=7252571353453754][T0xfb753002cca0][TIMING] emit_host_span: [STRACE] v=1 pid=1883258 tid=1888752 inv=11 hid=50b590682672cac0 depth=0 name=node.complete ts=7252571353450494 dur=280 run_id=11 task_slot=2 group_index=0 worker_id=2 dispatch_id=11 endpoint_kind=local_mailbox prepare_only=0 role=worker outcome=0
[mono_ns=7252571353465364][T0xfb753002cca0][TIMING] emit_host_span: [STRACE] v=1 pid=1883258 tid=1888752 inv=0 hid=0 depth=0 name=node.scheduler_loop ts=7252571353447784 dur=14570 role=scheduler drained=1 dispatched=0 drain_ns=14420 spins=3
[mono_ns=7252571353539655][T0xfb768d5fb020][TIMING] emit_host_span: [STRACE] v=1 pid=1883258 tid=1883258 inv=11 hid=0 depth=0 name=node.post_fence_retirement ts=7252571353459864 dur=75241 run_id=11 slot_id=0 generation=11 role=facade
[mono_ns=7252571354142517][T0xfb768d5fb020][TIMING] emit_host_span: [STRACE] v=1 pid=1883258 tid=1883258 inv=12 hid=50b590682672cac0 depth=0 name=node.submit ts=7252571354124517 dur=12870 run_id=12 task_slot=0 group_index=0 group_size=1 worker_id=0 role=facade
[mono_ns=7252571354152517][T0xfb753002cca0][TIMING] emit_host_span: [STRACE] v=1 pid=1883258 tid=1888752 inv=12 hid=50b590682672cac0 depth=0 name=node.frame_submit ts=7252571354148327 dur=950 run_id=12 task_slot=0 group_index=0 worker_id=0 dispatch_id=12 endpoint_kind=local_mailbox prepare_only=0 role=worker
[mono_ns=7252571354158417][T0xfb753002cca0][TIMING] emit_host_span: [STRACE] v=1 pid=1883258 tid=1888752 inv=12 hid=50b590682672cac0 depth=0 name=node.dispatch ts=7252571354145557 dur=8590 run_id=12 task_slot=0 group_index=0 worker_id=0 dispatch_id=12 endpoint_kind=local_mailbox prepare_only=0 role=scheduler slot_id=0 generation=12
[mono_ns=7252571354166337][T0xfb753002cca0][TIMING] emit_host_span: [STRACE] v=1 pid=1883258 tid=1888752 inv=0 hid=0 depth=0 name=node.scheduler_loop ts=7252571354142037 dur=21170 role=scheduler drained=0 dispatched=1 drain_ns=1250 spins=1
[mono_ns=7252571354392258][T0xfb768d5fb020][TIMING] emit_host_span: [STRACE] v=1 pid=1883258 tid=1883258 inv=12 hid=50b590682672cac0 depth=0 name=node.submit ts=7252571354377498 dur=8890 run_id=12 task_slot=1 group_index=0 group_size=1 worker_id=1 role=facade
[mono_ns=7252571354394988][T0xfb753002cca0][TIMING] emit_host_span: [STRACE] v=1 pid=1883258 tid=1888752 inv=12 hid=50b590682672cac0 depth=0 name=node.frame_submit ts=7252571354390818 dur=1080 run_id=12 task_slot=1 group_index=0 worker_id=1 dispatch_id=12 endpoint_kind=local_mailbox prepare_only=0 role=worker
[mono_ns=7252571354402198][T0xfb753002cca0][TIMING] emit_host_span: [STRACE] v=1 pid=1883258 tid=1888752 inv=12 hid=50b590682672cac0 depth=0 name=node.dispatch ts=7252571354388478 dur=9390 run_id=12 task_slot=1 group_index=0 worker_id=1 dispatch_id=12 endpoint_kind=local_mailbox prepare_only=0 role=scheduler slot_id=0 generation=12
[mono_ns=7252571354408448][T0xfb753002cca0][TIMING] emit_host_span: [STRACE] v=1 pid=1883258 tid=1888752 inv=0 hid=0 depth=0 name=node.scheduler_loop ts=7252571354385248 dur=20240 role=scheduler drained=0 dispatched=1 drain_ns=1270 spins=63
[mono_ns=7252571354444268][T0xfb768d5fb020][TIMING] emit_host_span: [STRACE] v=1 pid=1887738 tid=1887738 inv=12 hid=2e8e960a9b608ef3 depth=2 name=chip.run.bind.args ts=7252571354285928 dur=153210 
[mono_ns=7252571354454848][T0xfb768d5fb020][TIMING] emit_host_span: [STRACE] v=1 pid=1887738 tid=1887738 inv=12 hid=2e8e960a9b608ef3 depth=2 name=chip.run.bind.prebuilt ts=7252571354450688 dur=1990 
[mono_ns=7252571354458458][T0xfb768d5fb020][TIMING] emit_host_span: [STRACE] v=1 pid=1887738 tid=1887738 inv=12 hid=2e8e960a9b608ef3 depth=1 name=chip.run.bind ts=7252571354280288 dur=176310 
[mono_ns=7252571354645599][T0xfb768d5fb020][TIMING] emit_host_span: [STRACE] v=1 pid=1883258 tid=1883258 inv=12 hid=50b590682672cac0 depth=0 name=node.submit ts=7252571354630919 dur=9270 run_id=12 task_slot=2 group_index=0 group_size=1 worker_id=2 role=facade
[mono_ns=7252571354650069][T0xfb753002cca0][TIMING] emit_host_span: [STRACE] v=1 pid=1883258 tid=1888752 inv=12 hid=50b590682672cac0 depth=0 name=node.frame_submit ts=7252571354644999 dur=2030 run_id=12 task_slot=2 group_index=0 worker_id=2 dispatch_id=12 endpoint_kind=local_mailbox prepare_only=0 role=worker
[mono_ns=7252571354656379][T0xfb753002cca0][TIMING] emit_host_span: [STRACE] v=1 pid=1883258 tid=1888752 inv=12 hid=50b590682672cac0 depth=0 name=node.dispatch ts=7252571354642729 dur=9490 run_id=12 task_slot=2 group_index=0 worker_id=2 dispatch_id=12 endpoint_kind=local_mailbox prepare_only=0 role=scheduler slot_id=0 generation=12
[mono_ns=7252571354661829][T0xfb753002cca0][TIMING] emit_host_span: [STRACE] v=1 pid=1883258 tid=1888752 inv=0 hid=0 depth=0 name=node.scheduler_loop ts=7252571354639409 dur=19570 role=scheduler drained=0 dispatched=1 drain_ns=1340 spins=65
[mono_ns=7252571354686369][T0xfb768d5fb020][TIMING] emit_host_span: [STRACE] v=1 pid=1887751 tid=1887751 inv=12 hid=2e8e960a9b608ef3 depth=2 name=chip.run.bind.args ts=7252571354535208 dur=146131 
[mono_ns=7252571354698369][T0xfb768d5fb020][TIMING] emit_host_span: [STRACE] v=1 pid=1887751 tid=1887751 inv=12 hid=2e8e960a9b608ef3 depth=2 name=chip.run.bind.prebuilt ts=7252571354693129 dur=1830 
[mono_ns=7252571354702609][T0xfb768d5fb020][TIMING] emit_host_span: [STRACE] v=1 pid=1887751 tid=1887751 inv=12 hid=2e8e960a9b608ef3 depth=1 name=chip.run.bind ts=7252571354528788 dur=171701 
[mono_ns=7252571354882050][T0xfb768d5fb020][TIMING] emit_host_span: [STRACE] v=1 pid=1883258 tid=1883258 inv=12 hid=50b590682672cac0 depth=0 name=node.submit ts=7252571354867590 dur=8930 run_id=12 task_slot=3 group_index=0 group_size=1 worker_id=3 role=facade
[mono_ns=7252571354884090][T0xfb753002cca0][TIMING] emit_host_span: [STRACE] v=1 pid=1883258 tid=1888752 inv=12 hid=50b590682672cac0 depth=0 name=node.frame_submit ts=7252571354880570 dur=610 run_id=12 task_slot=3 group_index=0 worker_id=3 dispatch_id=12 endpoint_kind=local_mailbox prepare_only=0 role=worker
[mono_ns=7252571354891660][T0xfb753002cca0][TIMING] emit_host_span: [STRACE] v=1 pid=1883258 tid=1888752 inv=12 hid=50b590682672cac0 depth=0 name=node.dispatch ts=7252571354878460 dur=8890 run_id=12 task_slot=3 group_index=0 worker_id=3 dispatch_id=12 endpoint_kind=local_mailbox prepare_only=0 role=scheduler slot_id=0 generation=12
[mono_ns=7252571354897300][T0xfb753002cca0][TIMING] emit_host_span: [STRACE] v=1 pid=1883258 tid=1888752 inv=0 hid=0 depth=0 name=node.scheduler_loop ts=7252571354874960 dur=19490 role=scheduler drained=0 dispatched=1 drain_ns=1420 spins=60
[mono_ns=7252571355073660][T0xfb768d5fb020][TIMING] emit_host_span: [STRACE] v=1 pid=1887766 tid=1887766 inv=12 hid=2e8e960a9b608ef3 depth=2 name=chip.run.bind.args ts=7252571354787269 dur=281901 
[mono_ns=7252571355087621][T0xfb768d5fb020][TIMING] emit_host_span: [STRACE] v=1 pid=1887766 tid=1887766 inv=12 hid=2e8e960a9b608ef3 depth=2 name=chip.run.bind.prebuilt ts=7252571355083750 dur=1631 
[mono_ns=7252571355092261][T0xfb768d5fb020][TIMING] emit_host_span: [STRACE] v=1 pid=1887766 tid=1887766 inv=12 hid=2e8e960a9b608ef3 depth=1 name=chip.run.bind ts=7252571354781899 dur=308162 
[mono_ns=7252571355161501][T0xfb768d5fb020][TIMING] emit_host_span: [STRACE] v=1 pid=1883258 tid=1883258 inv=12 hid=50b590682672cac0 depth=0 name=node.submit ts=7252571355143301 dur=13450 run_id=12 task_slot=4 group_index=0 group_size=1 worker_id=4 role=facade
[mono_ns=7252571355170091][T0xfb753002cca0][TIMING] emit_host_span: [STRACE] v=1 pid=1883258 tid=1888752 inv=12 hid=50b590682672cac0 depth=0 name=node.frame_submit ts=7252571355165081 dur=1890 run_id=12 task_slot=4 group_index=0 worker_id=4 dispatch_id=12 endpoint_kind=local_mailbox prepare_only=0 role=worker
[mono_ns=7252571355176701][T0xfb753002cca0][TIMING] emit_host_span: [STRACE] v=1 pid=1883258 tid=1888752 inv=12 hid=50b590682672cac0 depth=0 name=node.dispatch ts=7252571355162461 dur=9490 run_id=12 task_slot=4 group_index=0 worker_id=4 dispatch_id=12 endpoint_kind=local_mailbox prepare_only=0 role=scheduler slot_id=0 generation=12
[mono_ns=7252571355184231][T0xfb753002cca0][TIMING] emit_host_span: [STRACE] v=1 pid=1883258 tid=1888752 inv=0 hid=0 depth=0 name=node.scheduler_loop ts=7252571355150641 dur=30420 role=scheduler drained=0 dispatched=1 drain_ns=1400 spins=70
[mono_ns=7252571355239431][T0xfb768d5fb020][TIMING] emit_host_span: [STRACE] v=1 pid=1887782 tid=1887782 inv=12 hid=2e8e960a9b608ef3 depth=2 name=chip.run.bind.args ts=7252571355027840 dur=206341 
[mono_ns=7252571355250241][T0xfb768d5fb020][TIMING] emit_host_span: [STRACE] v=1 pid=1887782 tid=1887782 inv=12 hid=2e8e960a9b608ef3 depth=2 name=chip.run.bind.prebuilt ts=7252571355246101 dur=2080 
[mono_ns=7252571355255431][T0xfb768d5fb020][TIMING] emit_host_span: [STRACE] v=1 pid=1887782 tid=1887782 inv=12 hid=2e8e960a9b608ef3 depth=1 name=chip.run.bind ts=7252571355022200 dur=230311 
[mono_ns=7252571355436512][T0xfb768d5fb020][TIMING] emit_host_span: [STRACE] v=1 pid=1883258 tid=1883258 inv=12 hid=50b590682672cac0 depth=0 name=node.submit ts=7252571355416722 dur=15150 run_id=12 task_slot=5 group_index=0 group_size=1 worker_id=5 role=facade
[mono_ns=7252571355447032][T0xfb753002cca0][TIMING] emit_host_span: [STRACE] v=1 pid=1883258 tid=1888752 inv=12 hid=50b590682672cac0 depth=0 name=node.frame_submit ts=7252571355443092 dur=740 run_id=12 task_slot=5 group_index=0 worker_id=5 dispatch_id=12 endpoint_kind=local_mailbox prepare_only=0 role=worker
[mono_ns=7252571355452862][T0xfb753002cca0][TIMING] emit_host_span: [STRACE] v=1 pid=1883258 tid=1888752 inv=12 hid=50b590682672cac0 depth=0 name=node.dispatch ts=7252571355440502 dur=8140 run_id=12 task_slot=5 group_index=0 worker_id=5 dispatch_id=12 endpoint_kind=local_mailbox prepare_only=0 role=scheduler slot_id=0 generation=12
[mono_ns=7252571355460332][T0xfb753002cca0][TIMING] emit_host_span: [STRACE] v=1 pid=1883258 tid=1888752 inv=0 hid=0 depth=0 name=node.scheduler_loop ts=7252571355423502 dur=33640 role=scheduler drained=0 dispatched=1 drain_ns=1460 spins=67
[mono_ns=7252571355554902][T0xfb768d5fb020][TIMING] emit_host_span: [STRACE] v=1 pid=1887795 tid=1887795 inv=12 hid=2e8e960a9b608ef3 depth=2 name=chip.run.bind.args ts=7252571355313651 dur=237081 
[mono_ns=7252571355570332][T0xfb768d5fb020][TIMING] emit_host_span: [STRACE] v=1 pid=1887795 tid=1887795 inv=12 hid=2e8e960a9b608ef3 depth=2 name=chip.run.bind.prebuilt ts=7252571355566092 dur=1880 
[mono_ns=7252571355576392][T0xfb768d5fb020][TIMING] emit_host_span: [STRACE] v=1 pid=1887795 tid=1887795 inv=12 hid=2e8e960a9b608ef3 depth=1 name=chip.run.bind ts=7252571355308111 dur=266051 
[mono_ns=7252571355688453][T0xfb768d5fb020][TIMING] emit_host_span: [STRACE] v=1 pid=1883258 tid=1883258 inv=12 hid=50b590682672cac0 depth=0 name=node.submit ts=7252571355673113 dur=10630 run_id=12 task_slot=6 group_index=0 group_size=1 worker_id=6 role=facade
[mono_ns=7252571355691013][T0xfb753002cca0][TIMING] emit_host_span: [STRACE] v=1 pid=1883258 tid=1888752 inv=12 hid=50b590682672cac0 depth=0 name=node.frame_submit ts=7252571355686013 dur=2050 run_id=12 task_slot=6 group_index=0 worker_id=6 dispatch_id=12 endpoint_kind=local_mailbox prepare_only=0 role=worker
[mono_ns=7252571355697303][T0xfb753002cca0][TIMING] emit_host_span: [STRACE] v=1 pid=1883258 tid=1888752 inv=12 hid=50b590682672cac0 depth=0 name=node.dispatch ts=7252571355683673 dur=9390 run_id=12 task_slot=6 group_index=0 worker_id=6 dispatch_id=12 endpoint_kind=local_mailbox prepare_only=0 role=scheduler slot_id=0 generation=12
[mono_ns=7252571355702133][T0xfb753002cca0][TIMING] emit_host_span: [STRACE] v=1 pid=1883258 tid=1888752 inv=0 hid=0 depth=0 name=node.scheduler_loop ts=7252571355678463 dur=20790 role=scheduler drained=0 dispatched=1 drain_ns=1490 spins=63
[mono_ns=7252571355808743][T0xfb768d5fb020][TIMING] emit_host_span: [STRACE] v=1 pid=1887810 tid=1887810 inv=12 hid=2e8e960a9b608ef3 depth=2 name=chip.run.bind.args ts=7252571355579262 dur=223591 
[mono_ns=7252571355819573][T0xfb768d5fb020][TIMING] emit_host_span: [STRACE] v=1 pid=1887810 tid=1887810 inv=12 hid=2e8e960a9b608ef3 depth=2 name=chip.run.bind.prebuilt ts=7252571355814633 dur=1770 
[mono_ns=7252571355823403][T0xfb768d5fb020][TIMING] emit_host_span: [STRACE] v=1 pid=1887810 tid=1887810 inv=12 hid=2e8e960a9b608ef3 depth=1 name=chip.run.bind ts=7252571355573822 dur=247581 
[mono_ns=7252571355927454][T0xfb768d5fb020][TIMING] emit_host_span: [STRACE] v=1 pid=1883258 tid=1883258 inv=12 hid=50b590682672cac0 depth=0 name=node.submit ts=7252571355911474 dur=9620 run_id=12 task_slot=7 group_index=0 group_size=1 worker_id=7 role=facade
[mono_ns=7252571355930794][T0xfb753002cca0][TIMING] emit_host_span: [STRACE] v=1 pid=1883258 tid=1888752 inv=12 hid=50b590682672cac0 depth=0 name=node.frame_submit ts=7252571355925754 dur=2080 run_id=12 task_slot=7 group_index=0 worker_id=7 dispatch_id=12 endpoint_kind=local_mailbox prepare_only=0 role=worker
[mono_ns=7252571355937084][T0xfb753002cca0][TIMING] emit_host_span: [STRACE] v=1 pid=1883258 tid=1888752 inv=12 hid=50b590682672cac0 depth=0 name=node.dispatch ts=7252571355923474 dur=9410 run_id=12 task_slot=7 group_index=0 worker_id=7 dispatch_id=12 endpoint_kind=local_mailbox prepare_only=0 role=scheduler slot_id=0 generation=12
[mono_ns=7252571355941784][T0xfb753002cca0][TIMING] emit_host_span: [STRACE] v=1 pid=1883258 tid=1888752 inv=0 hid=0 depth=0 name=node.scheduler_loop ts=7252571355919444 dur=19400 role=scheduler drained=0 dispatched=1 drain_ns=1570 spins=62
[mono_ns=7252571355947674][T0xfb768d5fb020][TIMING] emit_host_span: [STRACE] v=1 pid=1883258 tid=1883258 inv=12 hid=0 depth=0 name=node.graph_build ts=7252571353812936 dur=2127478 run_id=12 role=facade
[mono_ns=7252571356075904][T0xfb768d5fb020][TIMING] emit_host_span: [STRACE] v=1 pid=1887827 tid=1887827 inv=12 hid=2e8e960a9b608ef3 depth=2 name=chip.run.bind.args ts=7252571355835093 dur=235731 
[mono_ns=7252571356089404][T0xfb768d5fb020][TIMING] emit_host_span: [STRACE] v=1 pid=1887827 tid=1887827 inv=12 hid=2e8e960a9b608ef3 depth=2 name=chip.run.bind.prebuilt ts=7252571356085164 dur=1980 
[mono_ns=7252571356093974][T0xfb768d5fb020][TIMING] emit_host_span: [STRACE] v=1 pid=1887827 tid=1887827 inv=12 hid=2e8e960a9b608ef3 depth=1 name=chip.run.bind ts=7252571355830113 dur=261681 
[mono_ns=7252571356304505][T0xfb768d5fb020][TIMING] emit_host_span: [STRACE] v=1 pid=1887844 tid=1887844 inv=12 hid=2e8e960a9b608ef3 depth=2 name=chip.run.bind.args ts=7252571356079044 dur=220891 
[mono_ns=7252571356318045][T0xfb768d5fb020][TIMING] emit_host_span: [STRACE] v=1 pid=1887844 tid=1887844 inv=12 hid=2e8e960a9b608ef3 depth=2 name=chip.run.bind.prebuilt ts=7252571356314005 dur=1790 
[mono_ns=7252571356322835][T0xfb768d5fb020][TIMING] emit_host_span: [STRACE] v=1 pid=1887844 tid=1887844 inv=12 hid=2e8e960a9b608ef3 depth=1 name=chip.run.bind ts=7252571356074034 dur=246401 
[mono_ns=7252571357578360][T0xfb768d5fb020][TIMING] emit_host_span: [STRACE] v=1 pid=1887782 tid=1887782 inv=12 hid=2e8e960a9b608ef3 depth=1 name=chip.run.runner_run ts=7252571355388742 dur=2183868 
[mono_ns=7252571357572600][T0xfb768d5fb020][TIMING] emit_host_span: [STRACE] v=1 pid=1887795 tid=1887795 inv=12 hid=2e8e960a9b608ef3 depth=1 name=chip.run.runner_run ts=7252571355718343 dur=1848957 
[mono_ns=7252571357574900][T0xfb768d5fb020][TIMING] emit_host_span: [STRACE] v=1 pid=1887827 tid=1887827 inv=12 hid=2e8e960a9b608ef3 depth=1 name=chip.run.runner_run ts=7252571356233055 dur=1335805 
[mono_ns=7252571357575100][T0xfb768d5fb020][TIMING] emit_host_span: [STRACE] v=1 pid=1887844 tid=1887844 inv=12 hid=2e8e960a9b608ef3 depth=1 name=chip.run.runner_run ts=7252571356464306 dur=1105254 
[mono_ns=7252571357582150][T0xfb768d5fb020][TIMING] emit_host_span: [STRACE] v=1 pid=1887751 tid=1887751 inv=12 hid=2e8e960a9b608ef3 depth=1 name=chip.run.runner_run ts=7252571354835810 dur=2740370 
[mono_ns=7252571357573990][T0xfb768d5fb020][TIMING] emit_host_span: [STRACE] v=1 pid=1887766 tid=1887766 inv=12 hid=2e8e960a9b608ef3 depth=1 name=chip.run.runner_run ts=7252571355233101 dur=2335829 
[mono_ns=7252571357581180][T0xfb768d5fb020][TIMING] emit_host_span: [STRACE] v=1 pid=1887738 tid=1887738 inv=12 hid=2e8e960a9b608ef3 depth=1 name=chip.run.runner_run ts=7252571354591749 dur=2983401 
[mono_ns=7252571357611870][T0xfb768d5fb020][TIMING] emit_host_span: [STRACE] v=1 pid=1887810 tid=1887810 inv=12 hid=2e8e960a9b608ef3 depth=1 name=chip.run.runner_run ts=7252571355955594 dur=1650116 
[mono_ns=7252571357742830][T0xfb768d5fb020][TIMING] emit_host_span: [STRACE] v=1 pid=1887738 tid=1887738 inv=12 hid=2e8e960a9b608ef3 depth=1 name=chip.run.validate ts=7252571357587970 dur=150760 
[mono_ns=7252571357747420][T0xfb768d5fb020][TIMING] emit_host_span: [STRACE] v=1 pid=1887751 tid=1887751 inv=12 hid=2e8e960a9b608ef3 depth=1 name=chip.run.validate ts=7252571357588260 dur=154340 
[mono_ns=7252571357749640][T0xfb768d5fb020][TIMING] emit_host_span: [STRACE] v=1 pid=1887738 tid=1887738 inv=12 hid=2e8e960a9b608ef3 depth=2 name=chip.run.runner_run.device_wall ts=0 dur=2800720 clk=dev
[mono_ns=7252571357754770][T0xfb768d5fb020][TIMING] emit_host_span: [STRACE] v=1 pid=1887751 tid=1887751 inv=12 hid=2e8e960a9b608ef3 depth=2 name=chip.run.runner_run.device_wall ts=0 dur=2558520 clk=dev
[mono_ns=7252571357753540][T0xfb768d5fb020][TIMING] emit_host_span: [STRACE] v=1 pid=1887738 tid=1887738 inv=12 hid=2e8e960a9b608ef3 depth=3 name=chip.run.runner_run.device_wall.preamble ts=0 dur=4800 clk=dev
[mono_ns=7252571357758820][T0xfb768d5fb020][TIMING] emit_host_span: [STRACE] v=1 pid=1887751 tid=1887751 inv=12 hid=2e8e960a9b608ef3 depth=3 name=chip.run.runner_run.device_wall.preamble ts=0 dur=4700 clk=dev
[mono_ns=7252571357757150][T0xfb768d5fb020][TIMING] emit_host_span: [STRACE] v=1 pid=1887738 tid=1887738 inv=12 hid=2e8e960a9b608ef3 depth=3 name=chip.run.runner_run.device_wall.graph_build ts=1359 dur=2788380 clk=dev
[mono_ns=7252571357760200][T0xfb768d5fb020][TIMING] emit_host_span: [STRACE] v=1 pid=1887738 tid=1887738 inv=12 hid=2e8e960a9b608ef3 depth=3 name=chip.run.runner_run.device_wall.config_validate ts=1460 dur=780 clk=dev
[mono_ns=7252571357763460][T0xfb768d5fb020][TIMING] emit_host_span: [STRACE] v=1 pid=1887738 tid=1887738 inv=12 hid=2e8e960a9b608ef3 depth=3 name=chip.run.runner_run.device_wall.arena_wire ts=2260 dur=260 clk=dev
[mono_ns=7252571357763300][T0xfb768d5fb020][TIMING] emit_host_span: [STRACE] v=1 pid=1887751 tid=1887751 inv=12 hid=2e8e960a9b608ef3 depth=3 name=chip.run.runner_run.device_wall.graph_build ts=1240 dur=2546580 clk=dev
[mono_ns=7252571357768770][T0xfb768d5fb020][TIMING] emit_host_span: [STRACE] v=1 pid=1887751 tid=1887751 inv=12 hid=2e8e960a9b608ef3 depth=3 name=chip.run.runner_run.device_wall.config_validate ts=1340 dur=679 clk=dev
[mono_ns=7252571357766440][T0xfb768d5fb020][TIMING] emit_host_span: [STRACE] v=1 pid=1887738 tid=1887738 inv=12 hid=2e8e960a9b608ef3 depth=3 name=chip.run.runner_run.device_wall.sm_reset ts=2540 dur=480 clk=dev
[mono_ns=7252571357763600][T0xfb768d5fb020][TIMING] emit_host_span: [STRACE] v=1 pid=1887782 tid=1887782 inv=12 hid=2e8e960a9b608ef3 depth=1 name=chip.run.validate ts=7252571357584380 dur=174760 
[mono_ns=7252571357770730][T0xfb768d5fb020][TIMING] emit_host_span: [STRACE] v=1 pid=1887738 tid=1887738 inv=12 hid=2e8e960a9b608ef3 depth=3 name=chip.run.runner_run.device_wall.post_orch ts=2789799 dur=10620 clk=dev
[mono_ns=7252571357770670][T0xfb768d5fb020][TIMING] emit_host_span: [STRACE] v=1 pid=1887782 tid=1887782 inv=12 hid=2e8e960a9b608ef3 depth=2 name=chip.run.runner_run.device_wall ts=0 dur=2008960 clk=dev
[mono_ns=7252571357774621][T0xfb768d5fb020][TIMING] emit_host_span: [STRACE] v=1 pid=1887782 tid=1887782 inv=12 hid=2e8e960a9b608ef3 depth=3 name=chip.run.runner_run.device_wall.preamble ts=0 dur=5680 clk=dev
[mono_ns=7252571357774361][T0xfb768d5fb020][TIMING] emit_host_span: [STRACE] v=1 pid=1887738 tid=1887738 inv=12 hid=2e8e960a9b608ef3 depth=3 name=chip.run.runner_run.device_wall.orch ts=3060 dur=3180 clk=dev
[mono_ns=7252571357771970][T0xfb768d5fb020][TIMING] emit_host_span: [STRACE] v=1 pid=1887751 tid=1887751 inv=12 hid=2e8e960a9b608ef3 depth=3 name=chip.run.runner_run.device_wall.arena_wire ts=2040 dur=240 clk=dev
[mono_ns=7252571357776991][T0xfb768d5fb020][TIMING] emit_host_span: [STRACE] v=1 pid=1887751 tid=1887751 inv=12 hid=2e8e960a9b608ef3 depth=3 name=chip.run.runner_run.device_wall.sm_reset ts=2300 dur=480 clk=dev
[mono_ns=7252571357780201][T0xfb768d5fb020][TIMING] emit_host_span: [STRACE] v=1 pid=1887751 tid=1887751 inv=12 hid=2e8e960a9b608ef3 depth=3 name=chip.run.runner_run.device_wall.post_orch ts=2547859 dur=10020 clk=dev
[mono_ns=7252571357778421][T0xfb768d5fb020][TIMING] emit_host_span: [STRACE] v=1 pid=1887738 tid=1887738 inv=12 hid=2e8e960a9b608ef3 depth=3 name=chip.run.runner_run.device_wall.sched ts=4920 dur=2777319 clk=dev
[mono_ns=7252571357778071][T0xfb768d5fb020][TIMING] emit_host_span: [STRACE] v=1 pid=1887782 tid=1887782 inv=12 hid=2e8e960a9b608ef3 depth=3 name=chip.run.runner_run.device_wall.graph_build ts=1779 dur=1996220 clk=dev
[mono_ns=7252571357784231][T0xfb768d5fb020][TIMING] emit_host_span: [STRACE] v=1 pid=1887751 tid=1887751 inv=12 hid=2e8e960a9b608ef3 depth=3 name=chip.run.runner_run.device_wall.orch ts=2820 dur=3280 clk=dev
[mono_ns=7252571357783491][T0xfb768d5fb020][TIMING] emit_host_span: [STRACE] v=1 pid=1887738 tid=1887738 inv=12 hid=2e8e960a9b608ef3 depth=1 name=chip.run.claim_release ts=7252571357781311 dur=280 
[mono_ns=7252571357783961][T0xfb768d5fb020][TIMING] emit_host_span: [STRACE] v=1 pid=1887782 tid=1887782 inv=12 hid=2e8e960a9b608ef3 depth=3 name=chip.run.runner_run.device_wall.config_validate ts=1880 dur=679 clk=dev
[mono_ns=7252571357787391][T0xfb768d5fb020][TIMING] emit_host_span: [STRACE] v=1 pid=1887751 tid=1887751 inv=12 hid=2e8e960a9b608ef3 depth=3 name=chip.run.runner_run.device_wall.sched ts=4800 dur=2535980 clk=dev
[mono_ns=7252571357787751][T0xfb768d5fb020][TIMING] emit_host_span: [STRACE] v=1 pid=1887738 tid=1887738 inv=12 hid=2e8e960a9b608ef3 depth=0 name=chip.run ts=7252571354266007 dur=3519764 run_id=12 dispatch_id=12 slot_id=0 generation=12 run_epoch=12
[mono_ns=7252571357787571][T0xfb768d5fb020][TIMING] emit_host_span: [STRACE] v=1 pid=1887782 tid=1887782 inv=12 hid=2e8e960a9b608ef3 depth=3 name=chip.run.runner_run.device_wall.arena_wire ts=2580 dur=260 clk=dev
[mono_ns=7252571357791441][T0xfb768d5fb020][TIMING] emit_host_span: [STRACE] v=1 pid=1887751 tid=1887751 inv=12 hid=2e8e960a9b608ef3 depth=1 name=chip.run.claim_release ts=7252571357789421 dur=300 
[mono_ns=7252571357790751][T0xfb768d5fb020][TIMING] emit_host_span: [STRACE] v=1 pid=1887782 tid=1887782 inv=12 hid=2e8e960a9b608ef3 depth=3 name=chip.run.runner_run.device_wall.sm_reset ts=2860 dur=520 clk=dev
[mono_ns=7252571357793951][T0xfb768d5fb020][TIMING] emit_host_span: [STRACE] v=1 pid=1887782 tid=1887782 inv=12 hid=2e8e960a9b608ef3 depth=3 name=chip.run.runner_run.device_wall.post_orch ts=1998060 dur=10820 clk=dev
[mono_ns=7252571357797021][T0xfb768d5fb020][TIMING] emit_host_span: [STRACE] v=1 pid=1887782 tid=1887782 inv=12 hid=2e8e960a9b608ef3 depth=3 name=chip.run.runner_run.device_wall.orch ts=3420 dur=3440 clk=dev
[mono_ns=7252571357796741][T0xfb768d5fb020][TIMING] emit_host_span: [STRACE] v=1 pid=1887751 tid=1887751 inv=12 hid=2e8e960a9b608ef3 depth=0 name=chip.run ts=7252571354514708 dur=3280023 run_id=12 dispatch_id=12 slot_id=0 generation=12 run_epoch=12
[mono_ns=7252571357800931][T0xfb768d5fb020][TIMING] emit_host_span: [STRACE] v=1 pid=1887782 tid=1887782 inv=12 hid=2e8e960a9b608ef3 depth=3 name=chip.run.runner_run.device_wall.sched ts=5740 dur=1984740 clk=dev
[mono_ns=7252571357806611][T0xfb768d5fb020][TIMING] emit_host_span: [STRACE] v=1 pid=1887782 tid=1887782 inv=12 hid=2e8e960a9b608ef3 depth=1 name=chip.run.claim_release ts=7252571357804441 dur=330 
[mono_ns=7252571357800231][T0xfb768d5fb020][TIMING] emit_host_span: [STRACE] v=1 pid=1887827 tid=1887827 inv=12 hid=2e8e960a9b608ef3 depth=1 name=chip.run.validate ts=7252571357583710 dur=211871 
[mono_ns=7252571357809911][T0xfb768d5fb020][TIMING] emit_host_span: [STRACE] v=1 pid=1887827 tid=1887827 inv=12 hid=2e8e960a9b608ef3 depth=2 name=chip.run.runner_run.device_wall ts=0 dur=1163140 clk=dev
[mono_ns=7252571357814401][T0xfb768d5fb020][TIMING] emit_host_span: [STRACE] v=1 pid=1887827 tid=1887827 inv=12 hid=2e8e960a9b608ef3 depth=3 name=chip.run.runner_run.device_wall.preamble ts=0 dur=4819 clk=dev
[mono_ns=7252571357811451][T0xfb768d5fb020][TIMING] emit_host_span: [STRACE] v=1 pid=1887810 tid=1887810 inv=12 hid=2e8e960a9b608ef3 depth=1 name=chip.run.validate ts=7252571357617450 dur=189731 
[mono_ns=7252571357811251][T0xfb768d5fb020][TIMING] emit_host_span: [STRACE] v=1 pid=1887782 tid=1887782 inv=12 hid=2e8e960a9b608ef3 depth=0 name=chip.run ts=7252571354999280 dur=2809951 run_id=12 dispatch_id=12 slot_id=0 generation=12 run_epoch=12
[mono_ns=7252571357817921][T0xfb768d5fb020][TIMING] emit_host_span: [STRACE] v=1 pid=1887810 tid=1887810 inv=12 hid=2e8e960a9b608ef3 depth=2 name=chip.run.runner_run.device_wall ts=0 dur=1449540 clk=dev
[mono_ns=7252571357821321][T0xfb768d5fb020][TIMING] emit_host_span: [STRACE] v=1 pid=1887810 tid=1887810 inv=12 hid=2e8e960a9b608ef3 depth=3 name=chip.run.runner_run.device_wall.preamble ts=0 dur=5220 clk=dev
[mono_ns=7252571357818051][T0xfb753002cca0][TIMING] emit_host_span: [STRACE] v=1 pid=1883258 tid=1888752 inv=12 hid=50b590682672cac0 depth=0 name=node.complete ts=7252571357814371 dur=380 run_id=12 task_slot=0 group_index=0 worker_id=0 dispatch_id=12 endpoint_kind=local_mailbox prepare_only=0 role=worker outcome=0
[mono_ns=7252571357819311][T0xfb768d5fb020][TIMING] emit_host_span: [STRACE] v=1 pid=1887827 tid=1887827 inv=12 hid=2e8e960a9b608ef3 depth=3 name=chip.run.runner_run.device_wall.graph_build ts=1340 dur=1151179 clk=dev
[mono_ns=7252571357827771][T0xfb753002cca0][TIMING] emit_host_span: [STRACE] v=1 pid=1883258 tid=1888752 inv=12 hid=50b590682672cac0 depth=0 name=node.complete ts=7252571357824291 dur=460 run_id=12 task_slot=1 group_index=0 worker_id=1 dispatch_id=12 endpoint_kind=local_mailbox prepare_only=0 role=worker outcome=0
[mono_ns=7252571357825331][T0xfb768d5fb020][TIMING] emit_host_span: [STRACE] v=1 pid=1887810 tid=1887810 inv=12 hid=2e8e960a9b608ef3 depth=3 name=chip.run.runner_run.device_wall.graph_build ts=1520 dur=1431240 clk=dev
[mono_ns=7252571357829971][T0xfb768d5fb020][TIMING] emit_host_span: [STRACE] v=1 pid=1887810 tid=1887810 inv=12 hid=2e8e960a9b608ef3 depth=3 name=chip.run.runner_run.device_wall.config_validate ts=1619 dur=679 clk=dev
[mono_ns=7252571357827101][T0xfb768d5fb020][TIMING] emit_host_span: [STRACE] v=1 pid=1887827 tid=1887827 inv=12 hid=2e8e960a9b608ef3 depth=3 name=chip.run.runner_run.device_wall.config_validate ts=1440 dur=660 clk=dev
[mono_ns=7252571357833461][T0xfb768d5fb020][TIMING] emit_host_span: [STRACE] v=1 pid=1887810 tid=1887810 inv=12 hid=2e8e960a9b608ef3 depth=3 name=chip.run.runner_run.device_wall.arena_wire ts=2320 dur=280 clk=dev
[mono_ns=7252571357831321][T0xfb768d5fb020][TIMING] emit_host_span: [STRACE] v=1 pid=1887827 tid=1887827 inv=12 hid=2e8e960a9b608ef3 depth=3 name=chip.run.runner_run.device_wall.arena_wire ts=2120 dur=260 clk=dev
[mono_ns=7252571357818241][T0xfb768d5fb020][TIMING] emit_host_span: [STRACE] v=1 pid=1887844 tid=1887844 inv=12 hid=2e8e960a9b608ef3 depth=1 name=chip.run.validate ts=7252571357584640 dur=228311 
[mono_ns=7252571357837001][T0xfb768d5fb020][TIMING] emit_host_span: [STRACE] v=1 pid=1887827 tid=1887827 inv=12 hid=2e8e960a9b608ef3 depth=3 name=chip.run.runner_run.device_wall.sm_reset ts=2420 dur=500 clk=dev
[mono_ns=7252571357836721][T0xfb768d5fb020][TIMING] emit_host_span: [STRACE] v=1 pid=1887810 tid=1887810 inv=12 hid=2e8e960a9b608ef3 depth=3 name=chip.run.runner_run.device_wall.sm_reset ts=2620 dur=480 clk=dev
[mono_ns=7252571357840851][T0xfb768d5fb020][TIMING] emit_host_span: [STRACE] v=1 pid=1887810 tid=1887810 inv=12 hid=2e8e960a9b608ef3 depth=3 name=chip.run.runner_run.device_wall.post_orch ts=1432800 dur=16620 clk=dev
[mono_ns=7252571357828831][T0xfb768d5fb020][TIMING] emit_host_span: [STRACE] v=1 pid=1887795 tid=1887795 inv=12 hid=2e8e960a9b608ef3 depth=1 name=chip.run.validate ts=7252571357582730 dur=242341 
[mono_ns=7252571357840951][T0xfb768d5fb020][TIMING] emit_host_span: [STRACE] v=1 pid=1887827 tid=1887827 inv=12 hid=2e8e960a9b608ef3 depth=3 name=chip.run.runner_run.device_wall.post_orch ts=1152580 dur=10459 clk=dev
[mono_ns=7252571357843791][T0xfb768d5fb020][TIMING] emit_host_span: [STRACE] v=1 pid=1887810 tid=1887810 inv=12 hid=2e8e960a9b608ef3 depth=3 name=chip.run.runner_run.device_wall.orch ts=3140 dur=3320 clk=dev
[mono_ns=7252571357840831][T0xfb753002cca0][TIMING] emit_host_span: [STRACE] v=1 pid=1883258 tid=1888752 inv=0 hid=0 depth=0 name=node.scheduler_loop ts=7252571357811661 dur=25880 role=scheduler drained=2 dispatched=0 drain_ns=23770 spins=549
[mono_ns=7252571357847201][T0xfb768d5fb020][TIMING] emit_host_span: [STRACE] v=1 pid=1887827 tid=1887827 inv=12 hid=2e8e960a9b608ef3 depth=3 name=chip.run.runner_run.device_wall.orch ts=2940 dur=3159 clk=dev
[mono_ns=7252571357840201][T0xfb768d5fb020][TIMING] emit_host_span: [STRACE] v=1 pid=1887795 tid=1887795 inv=12 hid=2e8e960a9b608ef3 depth=2 name=chip.run.runner_run.device_wall ts=0 dur=1681000 clk=dev
[mono_ns=7252571357850331][T0xfb753002cca0][TIMING] emit_host_span: [STRACE] v=1 pid=1883258 tid=1888752 inv=12 hid=50b590682672cac0 depth=0 name=node.complete ts=7252571357847011 dur=300 run_id=12 task_slot=3 group_index=0 worker_id=3 dispatch_id=12 endpoint_kind=local_mailbox prepare_only=0 role=worker outcome=0
[mono_ns=7252571357831531][T0xfb768d5fb020][TIMING] emit_host_span: [STRACE] v=1 pid=1887766 tid=1887766 inv=12 hid=2e8e960a9b608ef3 depth=1 name=chip.run.validate ts=7252571357584400 dur=242981 
[mono_ns=7252571357846751][T0xfb768d5fb020][TIMING] emit_host_span: [STRACE] v=1 pid=1887810 tid=1887810 inv=12 hid=2e8e960a9b608ef3 depth=3 name=chip.run.runner_run.device_wall.sched ts=5320 dur=1420580 clk=dev
[mono_ns=7252571357851061][T0xfb768d5fb020][TIMING] emit_host_span: [STRACE] v=1 pid=1887827 tid=1887827 inv=12 hid=2e8e960a9b608ef3 depth=3 name=chip.run.runner_run.device_wall.sched ts=4880 dur=1140659 clk=dev
[mono_ns=7252571357844551][T0xfb768d5fb020][TIMING] emit_host_span: [STRACE] v=1 pid=1887795 tid=1887795 inv=12 hid=2e8e960a9b608ef3 depth=3 name=chip.run.runner_run.device_wall.preamble ts=0 dur=6040 clk=dev
[mono_ns=7252571357850581][T0xfb768d5fb020][TIMING] emit_host_span: [STRACE] v=1 pid=1887810 tid=1887810 inv=12 hid=2e8e960a9b608ef3 depth=1 name=chip.run.claim_release ts=7252571357848591 dur=270 
[mono_ns=7252571357856011][T0xfb768d5fb020][TIMING] emit_host_span: [STRACE] v=1 pid=1887827 tid=1887827 inv=12 hid=2e8e960a9b608ef3 depth=1 name=chip.run.claim_release ts=7252571357854021 dur=310 
[mono_ns=7252571357854781][T0xfb768d5fb020][TIMING] emit_host_span: [STRACE] v=1 pid=1887810 tid=1887810 inv=12 hid=2e8e960a9b608ef3 depth=0 name=chip.run ts=7252571355558842 dur=2293999 run_id=12 dispatch_id=12 slot_id=0 generation=12 run_epoch=12
[mono_ns=7252571357848941][T0xfb768d5fb020][TIMING] emit_host_span: [STRACE] v=1 pid=1887795 tid=1887795 inv=12 hid=2e8e960a9b608ef3 depth=3 name=chip.run.runner_run.device_wall.graph_build ts=1560 dur=1669700 clk=dev
[mono_ns=7252571357828011][T0xfb768d5fb020][TIMING] emit_host_span: [STRACE] v=1 pid=1887844 tid=1887844 inv=12 hid=2e8e960a9b608ef3 depth=2 name=chip.run.runner_run.device_wall ts=0 dur=938400 clk=dev
[mono_ns=7252571357854471][T0xfb768d5fb020][TIMING] emit_host_span: [STRACE] v=1 pid=1887795 tid=1887795 inv=12 hid=2e8e960a9b608ef3 depth=3 name=chip.run.runner_run.device_wall.config_validate ts=1660 dur=720 clk=dev
[mono_ns=7252571357860891][T0xfb768d5fb020][TIMING] emit_host_span: [STRACE] v=1 pid=1887827 tid=1887827 inv=12 hid=2e8e960a9b608ef3 depth=0 name=chip.run ts=7252571355812493 dur=2046418 run_id=12 dispatch_id=12 slot_id=0 generation=12 run_epoch=12
[mono_ns=7252571357858561][T0xfb768d5fb020][TIMING] emit_host_span: [STRACE] v=1 pid=1887844 tid=1887844 inv=12 hid=2e8e960a9b608ef3 depth=3 name=chip.run.runner_run.device_wall.preamble ts=0 dur=4979 clk=dev
[mono_ns=7252571357860331][T0xfb753002cca0][TIMING] emit_host_span: [STRACE] v=1 pid=1883258 tid=1888752 inv=0 hid=0 depth=0 name=node.scheduler_loop ts=7252571357844421 dur=12460 role=scheduler drained=1 dispatched=0 drain_ns=10360 spins=0
[mono_ns=7252571357859351][T0xfb768d5fb020][TIMING] emit_host_span: [STRACE] v=1 pid=1887795 tid=1887795 inv=12 hid=2e8e960a9b608ef3 depth=3 name=chip.run.runner_run.device_wall.arena_wire ts=2400 dur=280 clk=dev
[mono_ns=7252571357862821][T0xfb768d5fb020][TIMING] emit_host_span: [STRACE] v=1 pid=1887844 tid=1887844 inv=12 hid=2e8e960a9b608ef3 depth=3 name=chip.run.runner_run.device_wall.graph_build ts=1300 dur=926460 clk=dev
[mono_ns=7252571357864131][T0xfb768d5fb020][TIMING] emit_host_span: [STRACE] v=1 pid=1887795 tid=1887795 inv=12 hid=2e8e960a9b608ef3 depth=3 name=chip.run.runner_run.device_wall.sm_reset ts=2700 dur=459 clk=dev
[mono_ns=7252571357867001][T0xfb768d5fb020][TIMING] emit_host_span: [STRACE] v=1 pid=1887844 tid=1887844 inv=12 hid=2e8e960a9b608ef3 depth=3 name=chip.run.runner_run.device_wall.config_validate ts=1420 dur=700 clk=dev
[mono_ns=7252571357868431][T0xfb768d5fb020][TIMING] emit_host_span: [STRACE] v=1 pid=1887795 tid=1887795 inv=12 hid=2e8e960a9b608ef3 depth=3 name=chip.run.runner_run.device_wall.post_orch ts=1671320 dur=9540 clk=dev
[mono_ns=7252571357841391][T0xfb768d5fb020][TIMING] emit_host_span: [STRACE] v=1 pid=1887766 tid=1887766 inv=12 hid=2e8e960a9b608ef3 depth=2 name=chip.run.runner_run.device_wall ts=0 dur=2157900 clk=dev
[mono_ns=7252571357870081][T0xfb768d5fb020][TIMING] emit_host_span: [STRACE] v=1 pid=1887844 tid=1887844 inv=12 hid=2e8e960a9b608ef3 depth=3 name=chip.run.runner_run.device_wall.arena_wire ts=2139 dur=260 clk=dev
[mono_ns=7252571357872681][T0xfb768d5fb020][TIMING] emit_host_span: [STRACE] v=1 pid=1887795 tid=1887795 inv=12 hid=2e8e960a9b608ef3 depth=3 name=chip.run.runner_run.device_wall.orch ts=3199 dur=3540 clk=dev
[mono_ns=7252571357871541][T0xfb768d5fb020][TIMING] emit_host_span: [STRACE] v=1 pid=1887766 tid=1887766 inv=12 hid=2e8e960a9b608ef3 depth=3 name=chip.run.runner_run.device_wall.preamble ts=0 dur=5900 clk=dev
[mono_ns=7252571357874231][T0xfb768d5fb020][TIMING] emit_host_span: [STRACE] v=1 pid=1887844 tid=1887844 inv=12 hid=2e8e960a9b608ef3 depth=3 name=chip.run.runner_run.device_wall.sm_reset ts=2440 dur=459 clk=dev
[mono_ns=7252571357877561][T0xfb768d5fb020][TIMING] emit_host_span: [STRACE] v=1 pid=1887795 tid=1887795 inv=12 hid=2e8e960a9b608ef3 depth=3 name=chip.run.runner_run.device_wall.sched ts=6140 dur=1658240 clk=dev
[mono_ns=7252571357876861][T0xfb768d5fb020][TIMING] emit_host_span: [STRACE] v=1 pid=1887766 tid=1887766 inv=12 hid=2e8e960a9b608ef3 depth=3 name=chip.run.runner_run.device_wall.graph_build ts=1200 dur=2147160 clk=dev
[mono_ns=7252571357878121][T0xfb768d5fb020][TIMING] emit_host_span: [STRACE] v=1 pid=1887844 tid=1887844 inv=12 hid=2e8e960a9b608ef3 depth=3 name=chip.run.runner_run.device_wall.post_orch ts=927819 dur=10500 clk=dev
[mono_ns=7252571357880901][T0xfb768d5fb020][TIMING] emit_host_span: [STRACE] v=1 pid=1887766 tid=1887766 inv=12 hid=2e8e960a9b608ef3 depth=3 name=chip.run.runner_run.device_wall.config_validate ts=1320 dur=780 clk=dev
[mono_ns=7252571357880551][T0xfb753002cca0][TIMING] emit_host_span: [STRACE] v=1 pid=1883258 tid=1888752 inv=12 hid=50b590682672cac0 depth=0 name=node.complete ts=7252571357877241 dur=300 run_id=12 task_slot=5 group_index=0 worker_id=5 dispatch_id=12 endpoint_kind=local_mailbox prepare_only=0 role=worker outcome=0
[mono_ns=7252571357884731][T0xfb768d5fb020][TIMING] emit_host_span: [STRACE] v=1 pid=1887766 tid=1887766 inv=12 hid=2e8e960a9b608ef3 depth=3 name=chip.run.runner_run.device_wall.arena_wire ts=2120 dur=240 clk=dev
[mono_ns=7252571357882231][T0xfb768d5fb020][TIMING] emit_host_span: [STRACE] v=1 pid=1887844 tid=1887844 inv=12 hid=2e8e960a9b608ef3 depth=3 name=chip.run.runner_run.device_wall.orch ts=2940 dur=3320 clk=dev
[mono_ns=7252571357888761][T0xfb768d5fb020][TIMING] emit_host_span: [STRACE] v=1 pid=1887766 tid=1887766 inv=12 hid=2e8e960a9b608ef3 depth=3 name=chip.run.runner_run.device_wall.sm_reset ts=2400 dur=420 clk=dev
[mono_ns=7252571357886611][T0xfb768d5fb020][TIMING] emit_host_span: [STRACE] v=1 pid=1887844 tid=1887844 inv=12 hid=2e8e960a9b608ef3 depth=3 name=chip.run.runner_run.device_wall.sched ts=5040 dur=915740 clk=dev
[mono_ns=7252571357892581][T0xfb768d5fb020][TIMING] emit_host_span: [STRACE] v=1 pid=1887766 tid=1887766 inv=12 hid=2e8e960a9b608ef3 depth=3 name=chip.run.runner_run.device_wall.post_orch ts=2148400 dur=8980 clk=dev
[mono_ns=7252571357893301][T0xfb768d5fb020][TIMING] emit_host_span: [STRACE] v=1 pid=1887844 tid=1887844 inv=12 hid=2e8e960a9b608ef3 depth=1 name=chip.run.claim_release ts=7252571357891301 dur=230 
[mono_ns=7252571357884701][T0xfb768d5fb020][TIMING] emit_host_span: [STRACE] v=1 pid=1887795 tid=1887795 inv=12 hid=2e8e960a9b608ef3 depth=1 name=chip.run.claim_release ts=7252571357882591 dur=310 
[mono_ns=7252571357891671][T0xfb753002cca0][TIMING] emit_host_span: [STRACE] v=1 pid=1883258 tid=1888752 inv=0 hid=0 depth=0 name=node.scheduler_loop ts=7252571357874311 dur=14300 role=scheduler drained=1 dispatched=0 drain_ns=12210 spins=3
[mono_ns=7252571357894491][T0xfb768d5fb020][TIMING] emit_host_span: [STRACE] v=1 pid=1887795 tid=1887795 inv=12 hid=2e8e960a9b608ef3 depth=0 name=chip.run ts=7252571355289831 dur=2602550 run_id=12 dispatch_id=12 slot_id=0 generation=12 run_epoch=12
[mono_ns=7252571357896331][T0xfb768d5fb020][TIMING] emit_host_span: [STRACE] v=1 pid=1887766 tid=1887766 inv=12 hid=2e8e960a9b608ef3 depth=3 name=chip.run.runner_run.device_wall.orch ts=2880 dur=3360 clk=dev
[mono_ns=7252571357902281][T0xfb768d5fb020][TIMING] emit_host_span: [STRACE] v=1 pid=1887766 tid=1887766 inv=12 hid=2e8e960a9b608ef3 depth=3 name=chip.run.runner_run.device_wall.sched ts=6000 dur=2134600 clk=dev
[mono_ns=7252571357901781][T0xfb753002cca0][TIMING] emit_host_span: [STRACE] v=1 pid=1883258 tid=1888752 inv=12 hid=50b590682672cac0 depth=0 name=node.complete ts=7252571357898481 dur=290 run_id=12 task_slot=6 group_index=0 worker_id=6 dispatch_id=12 endpoint_kind=local_mailbox prepare_only=0 role=worker outcome=0
[mono_ns=7252571357898411][T0xfb768d5fb020][TIMING] emit_host_span: [STRACE] v=1 pid=1887844 tid=1887844 inv=12 hid=2e8e960a9b608ef3 depth=0 name=chip.run ts=7252571356057014 dur=1839307 run_id=12 dispatch_id=12 slot_id=0 generation=12 run_epoch=12
[mono_ns=7252571357912371][T0xfb753002cca0][TIMING] emit_host_span: [STRACE] v=1 pid=1883258 tid=1888752 inv=0 hid=0 depth=0 name=node.scheduler_loop ts=7252571357895101 dur=14290 role=scheduler drained=1 dispatched=0 drain_ns=12110 spins=0
[mono_ns=7252571357907521][T0xfb768d5fb020][TIMING] emit_host_span: [STRACE] v=1 pid=1887766 tid=1887766 inv=12 hid=2e8e960a9b608ef3 depth=1 name=chip.run.claim_release ts=7252571357905401 dur=330 
[mono_ns=7252571357917131][T0xfb768d5fb020][TIMING] emit_host_span: [STRACE] v=1 pid=1887766 tid=1887766 inv=12 hid=2e8e960a9b608ef3 depth=0 name=chip.run ts=7252571354764899 dur=3150072 run_id=12 dispatch_id=12 slot_id=0 generation=12 run_epoch=12
[mono_ns=7252571357922011][T0xfb753002cca0][TIMING] emit_host_span: [STRACE] v=1 pid=1883258 tid=1888752 inv=12 hid=50b590682672cac0 depth=0 name=node.complete ts=7252571357918761 dur=290 run_id=12 task_slot=4 group_index=0 worker_id=4 dispatch_id=12 endpoint_kind=local_mailbox prepare_only=0 role=worker outcome=0
[mono_ns=7252571357933141][T0xfb753002cca0][TIMING] emit_host_span: [STRACE] v=1 pid=1883258 tid=1888752 inv=0 hid=0 depth=0 name=node.scheduler_loop ts=7252571357915811 dur=14350 role=scheduler drained=1 dispatched=0 drain_ns=12200 spins=0
[mono_ns=7252571357943151][T0xfb753002cca0][TIMING] emit_host_span: [STRACE] v=1 pid=1883258 tid=1888752 inv=12 hid=50b590682672cac0 depth=0 name=node.complete ts=7252571357939981 dur=280 run_id=12 task_slot=7 group_index=0 worker_id=7 dispatch_id=12 endpoint_kind=local_mailbox prepare_only=0 role=worker outcome=0
[mono_ns=7252571357954131][T0xfb753002cca0][TIMING] emit_host_span: [STRACE] v=1 pid=1883258 tid=1888752 inv=0 hid=0 depth=0 name=node.scheduler_loop ts=7252571357936471 dur=14110 role=scheduler drained=1 dispatched=0 drain_ns=11830 spins=0
[mono_ns=7252571357962571][T0xfb753002cca0][TIMING] emit_host_span: [STRACE] v=1 pid=1883258 tid=1888752 inv=12 hid=50b590682672cac0 depth=0 name=node.complete ts=7252571357959481 dur=280 run_id=12 task_slot=2 group_index=0 worker_id=2 dispatch_id=12 endpoint_kind=local_mailbox prepare_only=0 role=worker outcome=0
[mono_ns=7252571357974131][T0xfb753002cca0][TIMING] emit_host_span: [STRACE] v=1 pid=1883258 tid=1888752 inv=0 hid=0 depth=0 name=node.scheduler_loop ts=7252571357956781 dur=14300 role=scheduler drained=1 dispatched=0 drain_ns=14140 spins=0
[mono_ns=7252571358068902][T0xfb768d5fb020][TIMING] emit_host_span: [STRACE] v=1 pid=1883258 tid=1883258 inv=12 hid=0 depth=0 name=node.post_fence_retirement ts=7252571357968551 dur=95461 run_id=12 slot_id=0 generation=12 role=facade
[mono_ns=7252571358657084][T0xfb768d5fb020][TIMING] emit_host_span: [STRACE] v=1 pid=1883258 tid=1883258 inv=13 hid=50b590682672cac0 depth=0 name=node.submit ts=7252571358639094 dur=13010 run_id=13 task_slot=0 group_index=0 group_size=1 worker_id=0 role=facade
[mono_ns=7252571358666574][T0xfb753002cca0][TIMING] emit_host_span: [STRACE] v=1 pid=1883258 tid=1888752 inv=13 hid=50b590682672cac0 depth=0 name=node.frame_submit ts=7252571358662284 dur=1020 run_id=13 task_slot=0 group_index=0 worker_id=0 dispatch_id=13 endpoint_kind=local_mailbox prepare_only=0 role=worker
[mono_ns=7252571358673544][T0xfb753002cca0][TIMING] emit_host_span: [STRACE] v=1 pid=1883258 tid=1888752 inv=13 hid=50b590682672cac0 depth=0 name=node.dispatch ts=7252571358659434 dur=9750 run_id=13 task_slot=0 group_index=0 worker_id=0 dispatch_id=13 endpoint_kind=local_mailbox prepare_only=0 role=scheduler slot_id=0 generation=13
[mono_ns=7252571358681544][T0xfb753002cca0][TIMING] emit_host_span: [STRACE] v=1 pid=1883258 tid=1888752 inv=0 hid=0 depth=0 name=node.scheduler_loop ts=7252571358655874 dur=22400 role=scheduler drained=0 dispatched=1 drain_ns=1250 spins=1
[mono_ns=7252571358905085][T0xfb768d5fb020][TIMING] emit_host_span: [STRACE] v=1 pid=1883258 tid=1883258 inv=13 hid=50b590682672cac0 depth=0 name=node.submit ts=7252571358890185 dur=9500 run_id=13 task_slot=1 group_index=0 group_size=1 worker_id=1 role=facade
[mono_ns=7252571358907705][T0xfb753002cca0][TIMING] emit_host_span: [STRACE] v=1 pid=1883258 tid=1888752 inv=13 hid=50b590682672cac0 depth=0 name=node.frame_submit ts=7252571358903845 dur=980 run_id=13 task_slot=1 group_index=0 worker_id=1 dispatch_id=13 endpoint_kind=local_mailbox prepare_only=0 role=worker
[mono_ns=7252571358914655][T0xfb753002cca0][TIMING] emit_host_span: [STRACE] v=1 pid=1883258 tid=1888752 inv=13 hid=50b590682672cac0 depth=0 name=node.dispatch ts=7252571358901575 dur=8220 run_id=13 task_slot=1 group_index=0 worker_id=1 dispatch_id=13 endpoint_kind=local_mailbox prepare_only=0 role=scheduler slot_id=0 generation=13
[mono_ns=7252571358920615][T0xfb753002cca0][TIMING] emit_host_span: [STRACE] v=1 pid=1883258 tid=1888752 inv=0 hid=0 depth=0 name=node.scheduler_loop ts=7252571358897615 dur=20020 role=scheduler drained=0 dispatched=1 drain_ns=1400 spins=59
[mono_ns=7252571358935815][T0xfb768d5fb020][TIMING] emit_host_span: [STRACE] v=1 pid=1887738 tid=1887738 inv=13 hid=2e8e960a9b608ef3 depth=2 name=chip.run.bind.args ts=7252571358801054 dur=129981 
[mono_ns=7252571358945815][T0xfb768d5fb020][TIMING] emit_host_span: [STRACE] v=1 pid=1887738 tid=1887738 inv=13 hid=2e8e960a9b608ef3 depth=2 name=chip.run.bind.prebuilt ts=7252571358941785 dur=1840 
[mono_ns=7252571358949805][T0xfb768d5fb020][TIMING] emit_host_span: [STRACE] v=1 pid=1887738 tid=1887738 inv=13 hid=2e8e960a9b608ef3 depth=1 name=chip.run.bind ts=7252571358794984 dur=152641 
[mono_ns=7252571359162776][T0xfb768d5fb020][TIMING] emit_host_span: [STRACE] v=1 pid=1883258 tid=1883258 inv=13 hid=50b590682672cac0 depth=0 name=node.submit ts=7252571359145216 dur=12950 run_id=13 task_slot=2 group_index=0 group_size=1 worker_id=2 role=facade
[mono_ns=7252571359173996][T0xfb753002cca0][TIMING] emit_host_span: [STRACE] v=1 pid=1883258 tid=1888752 inv=13 hid=50b590682672cac0 depth=0 name=node.frame_submit ts=7252571359168546 dur=2160 run_id=13 task_slot=2 group_index=0 worker_id=2 dispatch_id=13 endpoint_kind=local_mailbox prepare_only=0 role=worker
[mono_ns=7252571359180066][T0xfb753002cca0][TIMING] emit_host_span: [STRACE] v=1 pid=1883258 tid=1888752 inv=13 hid=50b590682672cac0 depth=0 name=node.dispatch ts=7252571359165896 dur=9900 run_id=13 task_slot=2 group_index=0 worker_id=2 dispatch_id=13 endpoint_kind=local_mailbox prepare_only=0 role=scheduler slot_id=0 generation=13
[mono_ns=7252571359188056][T0xfb753002cca0][TIMING] emit_host_span: [STRACE] v=1 pid=1883258 tid=1888752 inv=0 hid=0 depth=0 name=node.scheduler_loop ts=7252571359151146 dur=33590 role=scheduler drained=0 dispatched=1 drain_ns=1500 spins=60
[mono_ns=7252571359212036][T0xfb768d5fb020][TIMING] emit_host_span: [STRACE] v=1 pid=1887751 tid=1887751 inv=13 hid=2e8e960a9b608ef3 depth=2 name=chip.run.bind.args ts=7252571359054115 dur=152981 
[mono_ns=7252571359222706][T0xfb768d5fb020][TIMING] emit_host_span: [STRACE] v=1 pid=1887751 tid=1887751 inv=13 hid=2e8e960a9b608ef3 depth=2 name=chip.run.bind.prebuilt ts=7252571359218676 dur=1830 
[mono_ns=7252571359226736][T0xfb768d5fb020][TIMING] emit_host_span: [STRACE] v=1 pid=1887751 tid=1887751 inv=13 hid=2e8e960a9b608ef3 depth=1 name=chip.run.bind ts=7252571359048315 dur=176351 
[mono_ns=7252571359397537][T0xfb768d5fb020][TIMING] emit_host_span: [STRACE] v=1 pid=1883258 tid=1883258 inv=13 hid=50b590682672cac0 depth=0 name=node.submit ts=7252571359383216 dur=9001 run_id=13 task_slot=3 group_index=0 group_size=1 worker_id=3 role=facade
[mono_ns=7252571359401197][T0xfb753002cca0][TIMING] emit_host_span: [STRACE] v=1 pid=1883258 tid=1888752 inv=13 hid=50b590682672cac0 depth=0 name=node.frame_submit ts=7252571359397557 dur=640 run_id=13 task_slot=3 group_index=0 worker_id=3 dispatch_id=13 endpoint_kind=local_mailbox prepare_only=0 role=worker
[mono_ns=7252571359407617][T0xfb753002cca0][TIMING] emit_host_span: [STRACE] v=1 pid=1883258 tid=1888752 inv=13 hid=50b590682672cac0 depth=0 name=node.dispatch ts=7252571359395317 dur=8020 run_id=13 task_slot=3 group_index=0 worker_id=3 dispatch_id=13 endpoint_kind=local_mailbox prepare_only=0 role=scheduler slot_id=0 generation=13
[mono_ns=7252571359412927][T0xfb753002cca0][TIMING] emit_host_span: [STRACE] v=1 pid=1883258 tid=1888752 inv=0 hid=0 depth=0 name=node.scheduler_loop ts=7252571359391837 dur=18140 role=scheduler drained=0 dispatched=1 drain_ns=1390 spins=57
[mono_ns=7252571359556577][T0xfb768d5fb020][TIMING] emit_host_span: [STRACE] v=1 pid=1887766 tid=1887766 inv=13 hid=2e8e960a9b608ef3 depth=2 name=chip.run.bind.args ts=7252571359312836 dur=239521 
[mono_ns=7252571359570517][T0xfb768d5fb020][TIMING] emit_host_span: [STRACE] v=1 pid=1887766 tid=1887766 inv=13 hid=2e8e960a9b608ef3 depth=2 name=chip.run.bind.prebuilt ts=7252571359566467 dur=1820 
[mono_ns=7252571359575327][T0xfb768d5fb020][TIMING] emit_host_span: [STRACE] v=1 pid=1887766 tid=1887766 inv=13 hid=2e8e960a9b608ef3 depth=1 name=chip.run.bind ts=7252571359307266 dur=265811 
[mono_ns=7252571359632997][T0xfb768d5fb020][TIMING] emit_host_span: [STRACE] v=1 pid=1883258 tid=1883258 inv=13 hid=50b590682672cac0 depth=0 name=node.submit ts=7252571359617007 dur=9910 run_id=13 task_slot=4 group_index=0 group_size=1 worker_id=4 role=facade
[mono_ns=7252571359635897][T0xfb753002cca0][TIMING] emit_host_span: [STRACE] v=1 pid=1883258 tid=1888752 inv=13 hid=50b590682672cac0 depth=0 name=node.frame_submit ts=7252571359630757 dur=1930 run_id=13 task_slot=4 group_index=0 worker_id=4 dispatch_id=13 endpoint_kind=local_mailbox prepare_only=0 role=worker
[mono_ns=7252571359643127][T0xfb753002cca0][TIMING] emit_host_span: [STRACE] v=1 pid=1883258 tid=1888752 inv=13 hid=50b590682672cac0 depth=0 name=node.dispatch ts=7252571359628517 dur=10310 run_id=13 task_slot=4 group_index=0 worker_id=4 dispatch_id=13 endpoint_kind=local_mailbox prepare_only=0 role=scheduler slot_id=0 generation=13
[mono_ns=7252571359648437][T0xfb753002cca0][TIMING] emit_host_span: [STRACE] v=1 pid=1883258 tid=1888752 inv=0 hid=0 depth=0 name=node.scheduler_loop ts=7252571359624867 dur=20610 role=scheduler drained=0 dispatched=1 drain_ns=1390 spins=60
[mono_ns=7252571359745668][T0xfb768d5fb020][TIMING] emit_host_span: [STRACE] v=1 pid=1887782 tid=1887782 inv=13 hid=2e8e960a9b608ef3 depth=2 name=chip.run.bind.args ts=7252571359535017 dur=204861 
[mono_ns=7252571359756228][T0xfb768d5fb020][TIMING] emit_host_span: [STRACE] v=1 pid=1887782 tid=1887782 inv=13 hid=2e8e960a9b608ef3 depth=2 name=chip.run.bind.prebuilt ts=7252571359752328 dur=1710 
[mono_ns=7252571359760008][T0xfb768d5fb020][TIMING] emit_host_span: [STRACE] v=1 pid=1887782 tid=1887782 inv=13 hid=2e8e960a9b608ef3 depth=1 name=chip.run.bind ts=7252571359529367 dur=228671 
[mono_ns=7252571359875508][T0xfb768d5fb020][TIMING] emit_host_span: [STRACE] v=1 pid=1883258 tid=1883258 inv=13 hid=50b590682672cac0 depth=0 name=node.submit ts=7252571359861078 dur=9030 run_id=13 task_slot=5 group_index=0 group_size=1 worker_id=5 role=facade
[mono_ns=7252571359878608][T0xfb753002cca0][TIMING] emit_host_span: [STRACE] v=1 pid=1883258 tid=1888752 inv=13 hid=50b590682672cac0 depth=0 name=node.frame_submit ts=7252571359875048 dur=670 run_id=13 task_slot=5 group_index=0 worker_id=5 dispatch_id=13 endpoint_kind=local_mailbox prepare_only=0 role=worker
[mono_ns=7252571359884888][T0xfb753002cca0][TIMING] emit_host_span: [STRACE] v=1 pid=1883258 tid=1888752 inv=13 hid=50b590682672cac0 depth=0 name=node.dispatch ts=7252571359872948 dur=7780 run_id=13 task_slot=5 group_index=0 worker_id=5 dispatch_id=13 endpoint_kind=local_mailbox prepare_only=0 role=scheduler slot_id=0 generation=13
[mono_ns=7252571359889988][T0xfb753002cca0][TIMING] emit_host_span: [STRACE] v=1 pid=1883258 tid=1888752 inv=0 hid=0 depth=0 name=node.scheduler_loop ts=7252571359869198 dur=17940 role=scheduler drained=0 dispatched=1 drain_ns=1460 spins=63
[mono_ns=7252571360048329][T0xfb768d5fb020][TIMING] emit_host_span: [STRACE] v=1 pid=1887795 tid=1887795 inv=13 hid=2e8e960a9b608ef3 depth=2 name=chip.run.bind.args ts=7252571359770518 dur=272521 
[mono_ns=7252571360063219][T0xfb768d5fb020][TIMING] emit_host_span: [STRACE] v=1 pid=1887795 tid=1887795 inv=13 hid=2e8e960a9b608ef3 depth=2 name=chip.run.bind.prebuilt ts=7252571360058929 dur=1940 
[mono_ns=7252571360068049][T0xfb768d5fb020][TIMING] emit_host_span: [STRACE] v=1 pid=1887795 tid=1887795 inv=13 hid=2e8e960a9b608ef3 depth=1 name=chip.run.bind ts=7252571359765358 dur=300451 
[mono_ns=7252571360132219][T0xfb768d5fb020][TIMING] emit_host_span: [STRACE] v=1 pid=1883258 tid=1883258 inv=13 hid=50b590682672cac0 depth=0 name=node.submit ts=7252571360115029 dur=11640 run_id=13 task_slot=6 group_index=0 group_size=1 worker_id=6 role=facade
[mono_ns=7252571360133869][T0xfb753002cca0][TIMING] emit_host_span: [STRACE] v=1 pid=1883258 tid=1888752 inv=13 hid=50b590682672cac0 depth=0 name=node.frame_submit ts=7252571360128559 dur=2250 run_id=13 task_slot=6 group_index=0 worker_id=6 dispatch_id=13 endpoint_kind=local_mailbox prepare_only=0 role=worker
[mono_ns=7252571360141689][T0xfb753002cca0][TIMING] emit_host_span: [STRACE] v=1 pid=1883258 tid=1888752 inv=13 hid=50b590682672cac0 depth=0 name=node.dispatch ts=7252571360126089 dur=11260 run_id=13 task_slot=6 group_index=0 worker_id=6 dispatch_id=13 endpoint_kind=local_mailbox prepare_only=0 role=scheduler slot_id=0 generation=13
[mono_ns=7252571360146579][T0xfb753002cca0][TIMING] emit_host_span: [STRACE] v=1 pid=1883258 tid=1888752 inv=0 hid=0 depth=0 name=node.scheduler_loop ts=7252571360120889 dur=22790 role=scheduler drained=0 dispatched=1 drain_ns=1460 spins=64
[mono_ns=7252571360252160][T0xfb768d5fb020][TIMING] emit_host_span: [STRACE] v=1 pid=1887810 tid=1887810 inv=13 hid=2e8e960a9b608ef3 depth=2 name=chip.run.bind.args ts=7252571360017329 dur=229291 
[mono_ns=7252571360262310][T0xfb768d5fb020][TIMING] emit_host_span: [STRACE] v=1 pid=1887810 tid=1887810 inv=13 hid=2e8e960a9b608ef3 depth=2 name=chip.run.bind.prebuilt ts=7252571360258310 dur=1690 
[mono_ns=7252571360266010][T0xfb768d5fb020][TIMING] emit_host_span: [STRACE] v=1 pid=1887810 tid=1887810 inv=13 hid=2e8e960a9b608ef3 depth=1 name=chip.run.bind ts=7252571360011759 dur=252211 
[mono_ns=7252571360364110][T0xfb768d5fb020][TIMING] emit_host_span: [STRACE] v=1 pid=1883258 tid=1883258 inv=13 hid=50b590682672cac0 depth=0 name=node.submit ts=7252571360347830 dur=11420 run_id=13 task_slot=7 group_index=0 group_size=1 worker_id=7 role=facade
[mono_ns=7252571360365550][T0xfb753002cca0][TIMING] emit_host_span: [STRACE] v=1 pid=1883258 tid=1888752 inv=13 hid=50b590682672cac0 depth=0 name=node.frame_submit ts=7252571360360830 dur=1800 run_id=13 task_slot=7 group_index=0 worker_id=7 dispatch_id=13 endpoint_kind=local_mailbox prepare_only=0 role=worker
[mono_ns=7252571360373780][T0xfb753002cca0][TIMING] emit_host_span: [STRACE] v=1 pid=1883258 tid=1888752 inv=13 hid=50b590682672cac0 depth=0 name=node.dispatch ts=7252571360358520 dur=10950 run_id=13 task_slot=7 group_index=0 worker_id=7 dispatch_id=13 endpoint_kind=local_mailbox prepare_only=0 role=scheduler slot_id=0 generation=13
[mono_ns=7252571360378380][T0xfb753002cca0][TIMING] emit_host_span: [STRACE] v=1 pid=1883258 tid=1888752 inv=0 hid=0 depth=0 name=node.scheduler_loop ts=7252571360353330 dur=22250 role=scheduler drained=0 dispatched=1 drain_ns=1600 spins=59
[mono_ns=7252571360381990][T0xfb768d5fb020][TIMING] emit_host_span: [STRACE] v=1 pid=1883258 tid=1883258 inv=13 hid=0 depth=0 name=node.graph_build ts=7252571358353343 dur=2021667 run_id=13 role=facade
[mono_ns=7252571360519721][T0xfb768d5fb020][TIMING] emit_host_span: [STRACE] v=1 pid=1887827 tid=1887827 inv=13 hid=2e8e960a9b608ef3 depth=2 name=chip.run.bind.args ts=7252571360275810 dur=238261 
[mono_ns=7252571360532771][T0xfb768d5fb020][TIMING] emit_host_span: [STRACE] v=1 pid=1887827 tid=1887827 inv=13 hid=2e8e960a9b608ef3 depth=2 name=chip.run.bind.prebuilt ts=7252571360528821 dur=1610 
[mono_ns=7252571360538351][T0xfb768d5fb020][TIMING] emit_host_span: [STRACE] v=1 pid=1887827 tid=1887827 inv=13 hid=2e8e960a9b608ef3 depth=1 name=chip.run.bind ts=7252571360270870 dur=264361 
[mono_ns=7252571360750772][T0xfb768d5fb020][TIMING] emit_host_span: [STRACE] v=1 pid=1887844 tid=1887844 inv=13 hid=2e8e960a9b608ef3 depth=2 name=chip.run.bind.args ts=7252571360508141 dur=237751 
[mono_ns=7252571360763982][T0xfb768d5fb020][TIMING] emit_host_span: [STRACE] v=1 pid=1887844 tid=1887844 inv=13 hid=2e8e960a9b608ef3 depth=2 name=chip.run.bind.prebuilt ts=7252571360760132 dur=1570 
[mono_ns=7252571360768932][T0xfb768d5fb020][TIMING] emit_host_span: [STRACE] v=1 pid=1887844 tid=1887844 inv=13 hid=2e8e960a9b608ef3 depth=1 name=chip.run.bind ts=7252571360503261 dur=263301 
[mono_ns=7252571362073676][T0xfb768d5fb020][TIMING] emit_host_span: [STRACE] v=1 pid=1887751 tid=1887751 inv=13 hid=2e8e960a9b608ef3 depth=1 name=chip.run.runner_run ts=7252571359358466 dur=2709610 
[mono_ns=7252571362074657][T0xfb768d5fb020][TIMING] emit_host_span: [STRACE] v=1 pid=1887810 tid=1887810 inv=13 hid=2e8e960a9b608ef3 depth=1 name=chip.run.runner_run ts=7252571360401540 dur=1667276 
[mono_ns=7252571362073746][T0xfb768d5fb020][TIMING] emit_host_span: [STRACE] v=1 pid=1887782 tid=1887782 inv=13 hid=2e8e960a9b608ef3 depth=1 name=chip.run.runner_run ts=7252571359892118 dur=2175708 
[mono_ns=7252571362069866][T0xfb768d5fb020][TIMING] emit_host_span: [STRACE] v=1 pid=1887766 tid=1887766 inv=13 hid=2e8e960a9b608ef3 depth=1 name=chip.run.runner_run ts=7252571359712208 dur=2352678 
[mono_ns=7252571362068306][T0xfb768d5fb020][TIMING] emit_host_span: [STRACE] v=1 pid=1887795 tid=1887795 inv=13 hid=2e8e960a9b608ef3 depth=1 name=chip.run.runner_run ts=7252571360205800 dur=1857646 
[mono_ns=7252571362077397][T0xfb768d5fb020][TIMING] emit_host_span: [STRACE] v=1 pid=1887827 tid=1887827 inv=13 hid=2e8e960a9b608ef3 depth=1 name=chip.run.runner_run ts=7252571360675831 dur=1395515 
[mono_ns=7252571362073276][T0xfb768d5fb020][TIMING] emit_host_span: [STRACE] v=1 pid=1887738 tid=1887738 inv=13 hid=2e8e960a9b608ef3 depth=1 name=chip.run.runner_run ts=7252571359093225 dur=2974071 
[mono_ns=7252571362100257][T0xfb768d5fb020][TIMING] emit_host_span: [STRACE] v=1 pid=1887844 tid=1887844 inv=13 hid=2e8e960a9b608ef3 depth=1 name=chip.run.runner_run ts=7252571360908622 dur=1184675 
[mono_ns=7252571362231617][T0xfb768d5fb020][TIMING] emit_host_span: [STRACE] v=1 pid=1887738 tid=1887738 inv=13 hid=2e8e960a9b608ef3 depth=1 name=chip.run.validate ts=7252571362078517 dur=148850 
[mono_ns=7252571362237667][T0xfb768d5fb020][TIMING] emit_host_span: [STRACE] v=1 pid=1887738 tid=1887738 inv=13 hid=2e8e960a9b608ef3 depth=2 name=chip.run.runner_run.device_wall ts=0 dur=2790800 clk=dev
[mono_ns=7252571362241397][T0xfb768d5fb020][TIMING] emit_host_span: [STRACE] v=1 pid=1887738 tid=1887738 inv=13 hid=2e8e960a9b608ef3 depth=3 name=chip.run.runner_run.device_wall.preamble ts=0 dur=5820 clk=dev
[mono_ns=7252571362245357][T0xfb768d5fb020][TIMING] emit_host_span: [STRACE] v=1 pid=1887738 tid=1887738 inv=13 hid=2e8e960a9b608ef3 depth=3 name=chip.run.runner_run.device_wall.graph_build ts=1280 dur=2778480 clk=dev
[mono_ns=7252571362250067][T0xfb768d5fb020][TIMING] emit_host_span: [STRACE] v=1 pid=1887738 tid=1887738 inv=13 hid=2e8e960a9b608ef3 depth=3 name=chip.run.runner_run.device_wall.config_validate ts=1400 dur=660 clk=dev
[mono_ns=7252571362253087][T0xfb768d5fb020][TIMING] emit_host_span: [STRACE] v=1 pid=1887738 tid=1887738 inv=13 hid=2e8e960a9b608ef3 depth=3 name=chip.run.runner_run.device_wall.arena_wire ts=2099 dur=240 clk=dev
[mono_ns=7252571362257327][T0xfb768d5fb020][TIMING] emit_host_span: [STRACE] v=1 pid=1887738 tid=1887738 inv=13 hid=2e8e960a9b608ef3 depth=3 name=chip.run.runner_run.device_wall.sm_reset ts=2360 dur=459 clk=dev
[mono_ns=7252571362252197][T0xfb768d5fb020][TIMING] emit_host_span: [STRACE] v=1 pid=1887751 tid=1887751 inv=13 hid=2e8e960a9b608ef3 depth=1 name=chip.run.validate ts=7252571362079857 dur=167490 
[mono_ns=7252571362260437][T0xfb768d5fb020][TIMING] emit_host_span: [STRACE] v=1 pid=1887751 tid=1887751 inv=13 hid=2e8e960a9b608ef3 depth=2 name=chip.run.runner_run.device_wall ts=0 dur=2525620 clk=dev
[mono_ns=7252571362255747][T0xfb768d5fb020][TIMING] emit_host_span: [STRACE] v=1 pid=1887782 tid=1887782 inv=13 hid=2e8e960a9b608ef3 depth=1 name=chip.run.validate ts=7252571362079617 dur=171770 
[mono_ns=7252571362262817][T0xfb768d5fb020][TIMING] emit_host_span: [STRACE] v=1 pid=1887782 tid=1887782 inv=13 hid=2e8e960a9b608ef3 depth=2 name=chip.run.runner_run.device_wall ts=0 dur=1994460 clk=dev
[mono_ns=7252571362262097][T0xfb768d5fb020][TIMING] emit_host_span: [STRACE] v=1 pid=1887738 tid=1887738 inv=13 hid=2e8e960a9b608ef3 depth=3 name=chip.run.runner_run.device_wall.post_orch ts=2779799 dur=10680 clk=dev
[mono_ns=7252571362266387][T0xfb768d5fb020][TIMING] emit_host_span: [STRACE] v=1 pid=1887738 tid=1887738 inv=13 hid=2e8e960a9b608ef3 depth=3 name=chip.run.runner_run.device_wall.orch ts=2860 dur=3080 clk=dev
[mono_ns=7252571362264017][T0xfb768d5fb020][TIMING] emit_host_span: [STRACE] v=1 pid=1887751 tid=1887751 inv=13 hid=2e8e960a9b608ef3 depth=3 name=chip.run.runner_run.device_wall.preamble ts=0 dur=5080 clk=dev
[mono_ns=7252571362266367][T0xfb768d5fb020][TIMING] emit_host_span: [STRACE] v=1 pid=1887782 tid=1887782 inv=13 hid=2e8e960a9b608ef3 depth=3 name=chip.run.runner_run.device_wall.preamble ts=0 dur=4620 clk=dev
[mono_ns=7252571362269417][T0xfb768d5fb020][TIMING] emit_host_span: [STRACE] v=1 pid=1887738 tid=1887738 inv=13 hid=2e8e960a9b608ef3 depth=3 name=chip.run.runner_run.device_wall.sched ts=5880 dur=2766520 clk=dev
[mono_ns=7252571362269167][T0xfb768d5fb020][TIMING] emit_host_span: [STRACE] v=1 pid=1887751 tid=1887751 inv=13 hid=2e8e960a9b608ef3 depth=3 name=chip.run.runner_run.device_wall.graph_build ts=1520 dur=2514140 clk=dev
[mono_ns=7252571362272677][T0xfb768d5fb020][TIMING] emit_host_span: [STRACE] v=1 pid=1887782 tid=1887782 inv=13 hid=2e8e960a9b608ef3 depth=3 name=chip.run.runner_run.device_wall.graph_build ts=1080 dur=1982460 clk=dev
[mono_ns=7252571362273207][T0xfb768d5fb020][TIMING] emit_host_span: [STRACE] v=1 pid=1887738 tid=1887738 inv=13 hid=2e8e960a9b608ef3 depth=1 name=chip.run.claim_release ts=7252571362271117 dur=310 
[mono_ns=7252571362272807][T0xfb768d5fb020][TIMING] emit_host_span: [STRACE] v=1 pid=1887751 tid=1887751 inv=13 hid=2e8e960a9b608ef3 depth=3 name=chip.run.runner_run.device_wall.config_validate ts=1599 dur=780 clk=dev
[mono_ns=7252571362275857][T0xfb768d5fb020][TIMING] emit_host_span: [STRACE] v=1 pid=1887751 tid=1887751 inv=13 hid=2e8e960a9b608ef3 depth=3 name=chip.run.runner_run.device_wall.arena_wire ts=2400 dur=240 clk=dev
[mono_ns=7252571362277457][T0xfb768d5fb020][TIMING] emit_host_span: [STRACE] v=1 pid=1887738 tid=1887738 inv=13 hid=2e8e960a9b608ef3 depth=0 name=chip.run ts=7252571358780484 dur=3494883 run_id=13 dispatch_id=13 slot_id=0 generation=13 run_epoch=13
[mono_ns=7252571362278857][T0xfb768d5fb020][TIMING] emit_host_span: [STRACE] v=1 pid=1887751 tid=1887751 inv=13 hid=2e8e960a9b608ef3 depth=3 name=chip.run.runner_run.device_wall.sm_reset ts=2680 dur=420 clk=dev
[mono_ns=7252571362282077][T0xfb768d5fb020][TIMING] emit_host_span: [STRACE] v=1 pid=1887751 tid=1887751 inv=13 hid=2e8e960a9b608ef3 depth=3 name=chip.run.runner_run.device_wall.post_orch ts=2515720 dur=9540 clk=dev
[mono_ns=7252571362285247][T0xfb768d5fb020][TIMING] emit_host_span: [STRACE] v=1 pid=1887751 tid=1887751 inv=13 hid=2e8e960a9b608ef3 depth=3 name=chip.run.runner_run.device_wall.orch ts=3120 dur=3300 clk=dev
[mono_ns=7252571362288697][T0xfb768d5fb020][TIMING] emit_host_span: [STRACE] v=1 pid=1887751 tid=1887751 inv=13 hid=2e8e960a9b608ef3 depth=3 name=chip.run.runner_run.device_wall.sched ts=5200 dur=2503420 clk=dev
[mono_ns=7252571362292757][T0xfb768d5fb020][TIMING] emit_host_span: [STRACE] v=1 pid=1887751 tid=1887751 inv=13 hid=2e8e960a9b608ef3 depth=1 name=chip.run.claim_release ts=7252571362290827 dur=240 
[mono_ns=7252571362296527][T0xfb768d5fb020][TIMING] emit_host_span: [STRACE] v=1 pid=1887810 tid=1887810 inv=13 hid=2e8e960a9b608ef3 depth=1 name=chip.run.validate ts=7252571362079787 dur=212500 
[mono_ns=7252571362297777][T0xfb768d5fb020][TIMING] emit_host_span: [STRACE] v=1 pid=1887751 tid=1887751 inv=13 hid=2e8e960a9b608ef3 depth=0 name=chip.run ts=7252571359033135 dur=3262662 run_id=13 dispatch_id=13 slot_id=0 generation=13 run_epoch=13
[mono_ns=7252571362302487][T0xfb768d5fb020][TIMING] emit_host_span: [STRACE] v=1 pid=1887810 tid=1887810 inv=13 hid=2e8e960a9b608ef3 depth=2 name=chip.run.runner_run.device_wall ts=0 dur=1490780 clk=dev
[mono_ns=7252571362276287][T0xfb768d5fb020][TIMING] emit_host_span: [STRACE] v=1 pid=1887782 tid=1887782 inv=13 hid=2e8e960a9b608ef3 depth=3 name=chip.run.runner_run.device_wall.config_validate ts=1180 dur=700 clk=dev
[mono_ns=7252571362306667][T0xfb768d5fb020][TIMING] emit_host_span: [STRACE] v=1 pid=1887810 tid=1887810 inv=13 hid=2e8e960a9b608ef3 depth=3 name=chip.run.runner_run.device_wall.preamble ts=0 dur=5140 clk=dev
[mono_ns=7252571362279457][T0xfb768d5fb020][TIMING] emit_host_span: [STRACE] v=1 pid=1887782 tid=1887782 inv=13 hid=2e8e960a9b608ef3 depth=3 name=chip.run.runner_run.device_wall.arena_wire ts=2040 dur=240 clk=dev
[mono_ns=7252571362309757][T0xfb768d5fb020][TIMING] emit_host_span: [STRACE] v=1 pid=1887810 tid=1887810 inv=13 hid=2e8e960a9b608ef3 depth=3 name=chip.run.runner_run.device_wall.graph_build ts=1480 dur=1479240 clk=dev
[mono_ns=7252571362282357][T0xfb768d5fb020][TIMING] emit_host_span: [STRACE] v=1 pid=1887782 tid=1887782 inv=13 hid=2e8e960a9b608ef3 depth=3 name=chip.run.runner_run.device_wall.sm_reset ts=2320 dur=500 clk=dev
[mono_ns=7252571362307217][T0xfb753002cca0][TIMING] emit_host_span: [STRACE] v=1 pid=1883258 tid=1888752 inv=13 hid=50b590682672cac0 depth=0 name=node.complete ts=7252571362303617 dur=430 run_id=13 task_slot=0 group_index=0 worker_id=0 dispatch_id=13 endpoint_kind=local_mailbox prepare_only=0 role=worker outcome=0
[mono_ns=7252571362313097][T0xfb768d5fb020][TIMING] emit_host_span: [STRACE] v=1 pid=1887810 tid=1887810 inv=13 hid=2e8e960a9b608ef3 depth=3 name=chip.run.runner_run.device_wall.config_validate ts=1599 dur=660 clk=dev
[mono_ns=7252571362285527][T0xfb768d5fb020][TIMING] emit_host_span: [STRACE] v=1 pid=1887782 tid=1887782 inv=13 hid=2e8e960a9b608ef3 depth=3 name=chip.run.runner_run.device_wall.post_orch ts=1983580 dur=10760 clk=dev
[mono_ns=7252571362304347][T0xfb768d5fb020][TIMING] emit_host_span: [STRACE] v=1 pid=1887827 tid=1887827 inv=13 hid=2e8e960a9b608ef3 depth=1 name=chip.run.validate ts=7252571362086597 dur=213080 
[mono_ns=7252571362288757][T0xfb768d5fb020][TIMING] emit_host_span: [STRACE] v=1 pid=1887782 tid=1887782 inv=13 hid=2e8e960a9b608ef3 depth=3 name=chip.run.runner_run.device_wall.orch ts=2860 dur=3159 clk=dev
[mono_ns=7252571362316087][T0xfb768d5fb020][TIMING] emit_host_span: [STRACE] v=1 pid=1887810 tid=1887810 inv=13 hid=2e8e960a9b608ef3 depth=3 name=chip.run.runner_run.device_wall.arena_wire ts=2280 dur=240 clk=dev
[mono_ns=7252571362314467][T0xfb768d5fb020][TIMING] emit_host_span: [STRACE] v=1 pid=1887827 tid=1887827 inv=13 hid=2e8e960a9b608ef3 depth=2 name=chip.run.runner_run.device_wall ts=0 dur=1208340 clk=dev
[mono_ns=7252571362319027][T0xfb768d5fb020][TIMING] emit_host_span: [STRACE] v=1 pid=1887810 tid=1887810 inv=13 hid=2e8e960a9b608ef3 depth=3 name=chip.run.runner_run.device_wall.sm_reset ts=2560 dur=480 clk=dev
[mono_ns=7252571362291737][T0xfb768d5fb020][TIMING] emit_host_span: [STRACE] v=1 pid=1887782 tid=1887782 inv=13 hid=2e8e960a9b608ef3 depth=3 name=chip.run.runner_run.device_wall.sched ts=4680 dur=1971340 clk=dev
[mono_ns=7252571362319187][T0xfb768d5fb020][TIMING] emit_host_span: [STRACE] v=1 pid=1887827 tid=1887827 inv=13 hid=2e8e960a9b608ef3 depth=3 name=chip.run.runner_run.device_wall.preamble ts=0 dur=4899 clk=dev
[mono_ns=7252571362308047][T0xfb768d5fb020][TIMING] emit_host_span: [STRACE] v=1 pid=1887795 tid=1887795 inv=13 hid=2e8e960a9b608ef3 depth=1 name=chip.run.validate ts=7252571362078617 dur=225670 
[mono_ns=7252571362321947][T0xfb768d5fb020][TIMING] emit_host_span: [STRACE] v=1 pid=1887810 tid=1887810 inv=13 hid=2e8e960a9b608ef3 depth=3 name=chip.run.runner_run.device_wall.post_orch ts=1480780 dur=9860 clk=dev
[mono_ns=7252571362295437][T0xfb768d5fb020][TIMING] emit_host_span: [STRACE] v=1 pid=1887782 tid=1887782 inv=13 hid=2e8e960a9b608ef3 depth=1 name=chip.run.claim_release ts=7252571362293377 dur=330 
[mono_ns=7252571362320367][T0xfb753002cca0][TIMING] emit_host_span: [STRACE] v=1 pid=1883258 tid=1888752 inv=0 hid=0 depth=0 name=node.scheduler_loop ts=7252571362300867 dur=16120 role=scheduler drained=1 dispatched=0 drain_ns=14170 spins=565
[mono_ns=7252571362323347][T0xfb768d5fb020][TIMING] emit_host_span: [STRACE] v=1 pid=1887827 tid=1887827 inv=13 hid=2e8e960a9b608ef3 depth=3 name=chip.run.runner_run.device_wall.graph_build ts=1200 dur=1195860 clk=dev
[mono_ns=7252571362329477][T0xfb753002cca0][TIMING] emit_host_span: [STRACE] v=1 pid=1883258 tid=1888752 inv=13 hid=50b590682672cac0 depth=0 name=node.complete ts=7252571362326197 dur=330 run_id=13 task_slot=1 group_index=0 worker_id=1 dispatch_id=13 endpoint_kind=local_mailbox prepare_only=0 role=worker outcome=0
[mono_ns=7252571362324997][T0xfb768d5fb020][TIMING] emit_host_span: [STRACE] v=1 pid=1887810 tid=1887810 inv=13 hid=2e8e960a9b608ef3 depth=3 name=chip.run.runner_run.device_wall.orch ts=3080 dur=3480 clk=dev
[mono_ns=7252571362319577][T0xfb768d5fb020][TIMING] emit_host_span: [STRACE] v=1 pid=1887795 tid=1887795 inv=13 hid=2e8e960a9b608ef3 depth=2 name=chip.run.runner_run.device_wall ts=0 dur=1673940 clk=dev
[mono_ns=7252571362299737][T0xfb768d5fb020][TIMING] emit_host_span: [STRACE] v=1 pid=1887782 tid=1887782 inv=13 hid=2e8e960a9b608ef3 depth=0 name=chip.run ts=7252571359514747 dur=2783030 run_id=13 dispatch_id=13 slot_id=0 generation=13 run_epoch=13
[mono_ns=7252571362328487][T0xfb768d5fb020][TIMING] emit_host_span: [STRACE] v=1 pid=1887827 tid=1887827 inv=13 hid=2e8e960a9b608ef3 depth=3 name=chip.run.runner_run.device_wall.config_validate ts=1280 dur=740 clk=dev
[mono_ns=7252571362328017][T0xfb768d5fb020][TIMING] emit_host_span: [STRACE] v=1 pid=1887810 tid=1887810 inv=13 hid=2e8e960a9b608ef3 depth=3 name=chip.run.runner_run.device_wall.sched ts=5220 dur=1468439 clk=dev
[mono_ns=7252571362324707][T0xfb768d5fb020][TIMING] emit_host_span: [STRACE] v=1 pid=1887795 tid=1887795 inv=13 hid=2e8e960a9b608ef3 depth=3 name=chip.run.runner_run.device_wall.preamble ts=0 dur=4920 clk=dev
[mono_ns=7252571362332447][T0xfb768d5fb020][TIMING] emit_host_span: [STRACE] v=1 pid=1887827 tid=1887827 inv=13 hid=2e8e960a9b608ef3 depth=3 name=chip.run.runner_run.device_wall.arena_wire ts=2040 dur=260 clk=dev
[mono_ns=7252571362331847][T0xfb768d5fb020][TIMING] emit_host_span: [STRACE] v=1 pid=1887810 tid=1887810 inv=13 hid=2e8e960a9b608ef3 depth=1 name=chip.run.claim_release ts=7252571362329777 dur=310 
[mono_ns=7252571362328957][T0xfb768d5fb020][TIMING] emit_host_span: [STRACE] v=1 pid=1887795 tid=1887795 inv=13 hid=2e8e960a9b608ef3 depth=3 name=chip.run.runner_run.device_wall.graph_build ts=1120 dur=1663620 clk=dev
[mono_ns=7252571362336117][T0xfb753002cca0][TIMING] emit_host_span: [STRACE] v=1 pid=1883258 tid=1888752 inv=13 hid=50b590682672cac0 depth=0 name=node.complete ts=7252571362332937 dur=350 run_id=13 task_slot=3 group_index=0 worker_id=3 dispatch_id=13 endpoint_kind=local_mailbox prepare_only=0 role=worker outcome=0
[mono_ns=7252571362336367][T0xfb768d5fb020][TIMING] emit_host_span: [STRACE] v=1 pid=1887810 tid=1887810 inv=13 hid=2e8e960a9b608ef3 depth=0 name=chip.run ts=7252571359989659 dur=2344258 run_id=13 dispatch_id=13 slot_id=0 generation=13 run_epoch=13
[mono_ns=7252571362335647][T0xfb768d5fb020][TIMING] emit_host_span: [STRACE] v=1 pid=1887827 tid=1887827 inv=13 hid=2e8e960a9b608ef3 depth=3 name=chip.run.runner_run.device_wall.sm_reset ts=2340 dur=540 clk=dev
[mono_ns=7252571362332377][T0xfb768d5fb020][TIMING] emit_host_span: [STRACE] v=1 pid=1887795 tid=1887795 inv=13 hid=2e8e960a9b608ef3 depth=3 name=chip.run.runner_run.device_wall.config_validate ts=1200 dur=740 clk=dev
[mono_ns=7252571362337177][T0xfb768d5fb020][TIMING] emit_host_span: [STRACE] v=1 pid=1887795 tid=1887795 inv=13 hid=2e8e960a9b608ef3 depth=3 name=chip.run.runner_run.device_wall.arena_wire ts=1960 dur=260 clk=dev
[mono_ns=7252571362339867][T0xfb768d5fb020][TIMING] emit_host_span: [STRACE] v=1 pid=1887827 tid=1887827 inv=13 hid=2e8e960a9b608ef3 depth=3 name=chip.run.runner_run.device_wall.post_orch ts=1197320 dur=10580 clk=dev
[mono_ns=7252571362341927][T0xfb768d5fb020][TIMING] emit_host_span: [STRACE] v=1 pid=1887795 tid=1887795 inv=13 hid=2e8e960a9b608ef3 depth=3 name=chip.run.runner_run.device_wall.sm_reset ts=2260 dur=440 clk=dev
[mono_ns=7252571362343568][T0xfb768d5fb020][TIMING] emit_host_span: [STRACE] v=1 pid=1887827 tid=1887827 inv=13 hid=2e8e960a9b608ef3 depth=3 name=chip.run.runner_run.device_wall.orch ts=2920 dur=3220 clk=dev
[mono_ns=7252571362346908][T0xfb768d5fb020][TIMING] emit_host_span: [STRACE] v=1 pid=1887795 tid=1887795 inv=13 hid=2e8e960a9b608ef3 depth=3 name=chip.run.runner_run.device_wall.post_orch ts=1664800 dur=9020 clk=dev
[mono_ns=7252571362347468][T0xfb768d5fb020][TIMING] emit_host_span: [STRACE] v=1 pid=1887827 tid=1887827 inv=13 hid=2e8e960a9b608ef3 depth=3 name=chip.run.runner_run.device_wall.sched ts=4960 dur=1184940 clk=dev
[mono_ns=7252571362350468][T0xfb753002cca0][TIMING] emit_host_span: [STRACE] v=1 pid=1883258 tid=1888752 inv=0 hid=0 depth=0 name=node.scheduler_loop ts=7252571362323777 dur=23151 role=scheduler drained=2 dispatched=0 drain_ns=20981 spins=0
[mono_ns=7252571362351698][T0xfb768d5fb020][TIMING] emit_host_span: [STRACE] v=1 pid=1887795 tid=1887795 inv=13 hid=2e8e960a9b608ef3 depth=3 name=chip.run.runner_run.device_wall.orch ts=2719 dur=3599 clk=dev
[mono_ns=7252571362352238][T0xfb768d5fb020][TIMING] emit_host_span: [STRACE] v=1 pid=1887827 tid=1887827 inv=13 hid=2e8e960a9b608ef3 depth=1 name=chip.run.claim_release ts=7252571362350338 dur=230 
[mono_ns=7252571362355938][T0xfb768d5fb020][TIMING] emit_host_span: [STRACE] v=1 pid=1887795 tid=1887795 inv=13 hid=2e8e960a9b608ef3 depth=3 name=chip.run.runner_run.device_wall.sched ts=4979 dur=1652740 clk=dev
[mono_ns=7252571362357708][T0xfb768d5fb020][TIMING] emit_host_span: [STRACE] v=1 pid=1887827 tid=1887827 inv=13 hid=2e8e960a9b608ef3 depth=0 name=chip.run ts=7252571360254020 dur=2101658 run_id=13 dispatch_id=13 slot_id=0 generation=13 run_epoch=13
[mono_ns=7252571362327657][T0xfb768d5fb020][TIMING] emit_host_span: [STRACE] v=1 pid=1887766 tid=1887766 inv=13 hid=2e8e960a9b608ef3 depth=1 name=chip.run.validate ts=7252571362079547 dur=244420 
[mono_ns=7252571362361858][T0xfb768d5fb020][TIMING] emit_host_span: [STRACE] v=1 pid=1887795 tid=1887795 inv=13 hid=2e8e960a9b608ef3 depth=1 name=chip.run.claim_release ts=7252571362359778 dur=290 
[mono_ns=7252571362359328][T0xfb768d5fb020][TIMING] emit_host_span: [STRACE] v=1 pid=1887766 tid=1887766 inv=13 hid=2e8e960a9b608ef3 depth=2 name=chip.run.runner_run.device_wall ts=0 dur=2166540 clk=dev
[mono_ns=7252571362363638][T0xfb753002cca0][TIMING] emit_host_span: [STRACE] v=1 pid=1883258 tid=1888752 inv=13 hid=50b590682672cac0 depth=0 name=node.complete ts=7252571362360308 dur=370 run_id=13 task_slot=5 group_index=0 worker_id=5 dispatch_id=13 endpoint_kind=local_mailbox prepare_only=0 role=worker outcome=0
[mono_ns=7252571362364288][T0xfb768d5fb020][TIMING] emit_host_span: [STRACE] v=1 pid=1887766 tid=1887766 inv=13 hid=2e8e960a9b608ef3 depth=3 name=chip.run.runner_run.device_wall.preamble ts=0 dur=4899 clk=dev
[mono_ns=7252571362336937][T0xfb768d5fb020][TIMING] emit_host_span: [STRACE] v=1 pid=1887844 tid=1887844 inv=13 hid=2e8e960a9b608ef3 depth=1 name=chip.run.validate ts=7252571362109837 dur=222910 
[mono_ns=7252571362367928][T0xfb768d5fb020][TIMING] emit_host_span: [STRACE] v=1 pid=1887766 tid=1887766 inv=13 hid=2e8e960a9b608ef3 depth=3 name=chip.run.runner_run.device_wall.graph_build ts=1240 dur=2156060 clk=dev
[mono_ns=7252571362372048][T0xfb768d5fb020][TIMING] emit_host_span: [STRACE] v=1 pid=1887766 tid=1887766 inv=13 hid=2e8e960a9b608ef3 depth=3 name=chip.run.runner_run.device_wall.config_validate ts=1340 dur=820 clk=dev
[mono_ns=7252571362370148][T0xfb768d5fb020][TIMING] emit_host_span: [STRACE] v=1 pid=1887844 tid=1887844 inv=13 hid=2e8e960a9b608ef3 depth=2 name=chip.run.runner_run.device_wall ts=0 dur=978860 clk=dev
[mono_ns=7252571362374858][T0xfb753002cca0][TIMING] emit_host_span: [STRACE] v=1 pid=1883258 tid=1888752 inv=0 hid=0 depth=0 name=node.scheduler_loop ts=7252571362357408 dur=14390 role=scheduler drained=1 dispatched=0 drain_ns=12260 spins=1
[mono_ns=7252571362367218][T0xfb768d5fb020][TIMING] emit_host_span: [STRACE] v=1 pid=1887795 tid=1887795 inv=13 hid=2e8e960a9b608ef3 depth=0 name=chip.run ts=7252571359749848 dur=2615380 run_id=13 dispatch_id=13 slot_id=0 generation=13 run_epoch=13
[mono_ns=7252571362376348][T0xfb768d5fb020][TIMING] emit_host_span: [STRACE] v=1 pid=1887766 tid=1887766 inv=13 hid=2e8e960a9b608ef3 depth=3 name=chip.run.runner_run.device_wall.arena_wire ts=2200 dur=240 clk=dev
[mono_ns=7252571362374078][T0xfb768d5fb020][TIMING] emit_host_span: [STRACE] v=1 pid=1887844 tid=1887844 inv=13 hid=2e8e960a9b608ef3 depth=3 name=chip.run.runner_run.device_wall.preamble ts=0 dur=5180 clk=dev
[mono_ns=7252571362380698][T0xfb768d5fb020][TIMING] emit_host_span: [STRACE] v=1 pid=1887766 tid=1887766 inv=13 hid=2e8e960a9b608ef3 depth=3 name=chip.run.runner_run.device_wall.sm_reset ts=2480 dur=480 clk=dev
[mono_ns=7252571362378098][T0xfb768d5fb020][TIMING] emit_host_span: [STRACE] v=1 pid=1887844 tid=1887844 inv=13 hid=2e8e960a9b608ef3 depth=3 name=chip.run.runner_run.device_wall.graph_build ts=1619 dur=966320 clk=dev
[mono_ns=7252571362384728][T0xfb768d5fb020][TIMING] emit_host_span: [STRACE] v=1 pid=1887766 tid=1887766 inv=13 hid=2e8e960a9b608ef3 depth=3 name=chip.run.runner_run.device_wall.post_orch ts=2157340 dur=9080 clk=dev
[mono_ns=7252571362382418][T0xfb768d5fb020][TIMING] emit_host_span: [STRACE] v=1 pid=1887844 tid=1887844 inv=13 hid=2e8e960a9b608ef3 depth=3 name=chip.run.runner_run.device_wall.config_validate ts=1740 dur=700 clk=dev
[mono_ns=7252571362386548][T0xfb768d5fb020][TIMING] emit_host_span: [STRACE] v=1 pid=1887844 tid=1887844 inv=13 hid=2e8e960a9b608ef3 depth=3 name=chip.run.runner_run.device_wall.arena_wire ts=2460 dur=260 clk=dev
[mono_ns=7252571362388648][T0xfb753002cca0][TIMING] emit_host_span: [STRACE] v=1 pid=1883258 tid=1888752 inv=13 hid=50b590682672cac0 depth=0 name=node.complete ts=7252571362385378 dur=330 run_id=13 task_slot=6 group_index=0 worker_id=6 dispatch_id=13 endpoint_kind=local_mailbox prepare_only=0 role=worker outcome=0
[mono_ns=7252571362390598][T0xfb768d5fb020][TIMING] emit_host_span: [STRACE] v=1 pid=1887844 tid=1887844 inv=13 hid=2e8e960a9b608ef3 depth=3 name=chip.run.runner_run.device_wall.sm_reset ts=2740 dur=480 clk=dev
[mono_ns=7252571362395678][T0xfb768d5fb020][TIMING] emit_host_span: [STRACE] v=1 pid=1887844 tid=1887844 inv=13 hid=2e8e960a9b608ef3 depth=3 name=chip.run.runner_run.device_wall.post_orch ts=968000 dur=10760 clk=dev
[mono_ns=7252571362399438][T0xfb753002cca0][TIMING] emit_host_span: [STRACE] v=1 pid=1883258 tid=1888752 inv=0 hid=0 depth=0 name=node.scheduler_loop ts=7252571362382038 dur=14430 role=scheduler drained=1 dispatched=0 drain_ns=12220 spins=1
[mono_ns=7252571362409188][T0xfb753002cca0][TIMING] emit_host_span: [STRACE] v=1 pid=1883258 tid=1888752 inv=13 hid=50b590682672cac0 depth=0 name=node.complete ts=7252571362405938 dur=310 run_id=13 task_slot=4 group_index=0 worker_id=4 dispatch_id=13 endpoint_kind=local_mailbox prepare_only=0 role=worker outcome=0
[mono_ns=7252571362387578][T0xfb768d5fb020][TIMING] emit_host_span: [STRACE] v=1 pid=1887766 tid=1887766 inv=13 hid=2e8e960a9b608ef3 depth=3 name=chip.run.runner_run.device_wall.orch ts=3000 dur=3480 clk=dev
[mono_ns=7252571362410328][T0xfb768d5fb020][TIMING] emit_host_span: [STRACE] v=1 pid=1887766 tid=1887766 inv=13 hid=2e8e960a9b608ef3 depth=3 name=chip.run.runner_run.device_wall.sched ts=4960 dur=2144839 clk=dev
[mono_ns=7252571362414918][T0xfb768d5fb020][TIMING] emit_host_span: [STRACE] v=1 pid=1887766 tid=1887766 inv=13 hid=2e8e960a9b608ef3 depth=1 name=chip.run.claim_release ts=7252571362412668 dur=400 
[mono_ns=7252571362420428][T0xfb768d5fb020][TIMING] emit_host_span: [STRACE] v=1 pid=1887766 tid=1887766 inv=13 hid=2e8e960a9b608ef3 depth=0 name=chip.run ts=7252571359291026 dur=3127272 run_id=13 dispatch_id=13 slot_id=0 generation=13 run_epoch=13
[mono_ns=7252571362419488][T0xfb753002cca0][TIMING] emit_host_span: [STRACE] v=1 pid=1883258 tid=1888752 inv=0 hid=0 depth=0 name=node.scheduler_loop ts=7252571362402928 dur=13370 role=scheduler drained=1 dispatched=0 drain_ns=11150 spins=0
[mono_ns=7252571362400528][T0xfb768d5fb020][TIMING] emit_host_span: [STRACE] v=1 pid=1887844 tid=1887844 inv=13 hid=2e8e960a9b608ef3 depth=3 name=chip.run.runner_run.device_wall.orch ts=3239 dur=3239 clk=dev
[mono_ns=7252571362420968][T0xfb768d5fb020][TIMING] emit_host_span: [STRACE] v=1 pid=1887844 tid=1887844 inv=13 hid=2e8e960a9b608ef3 depth=3 name=chip.run.runner_run.device_wall.sched ts=5220 dur=955680 clk=dev
[mono_ns=7252571362425048][T0xfb768d5fb020][TIMING] emit_host_span: [STRACE] v=1 pid=1887844 tid=1887844 inv=13 hid=2e8e960a9b608ef3 depth=1 name=chip.run.claim_release ts=7252571362422998 dur=230 
[mono_ns=7252571362429468][T0xfb768d5fb020][TIMING] emit_host_span: [STRACE] v=1 pid=1887844 tid=1887844 inv=13 hid=2e8e960a9b608ef3 depth=0 name=chip.run ts=7252571360485931 dur=1941527 run_id=13 dispatch_id=13 slot_id=0 generation=13 run_epoch=13
[mono_ns=7252571362446888][T0xfb753002cca0][TIMING] emit_host_span: [STRACE] v=1 pid=1883258 tid=1888752 inv=13 hid=50b590682672cac0 depth=0 name=node.complete ts=7252571362443618 dur=310 run_id=13 task_slot=2 group_index=0 worker_id=2 dispatch_id=13 endpoint_kind=local_mailbox prepare_only=0 role=worker outcome=0
[mono_ns=7252571362459118][T0xfb753002cca0][TIMING] emit_host_span: [STRACE] v=1 pid=1883258 tid=1888752 inv=0 hid=0 depth=0 name=node.scheduler_loop ts=7252571362440968 dur=14610 role=scheduler drained=1 dispatched=0 drain_ns=12280 spins=5
[mono_ns=7252571362469108][T0xfb753002cca0][TIMING] emit_host_span: [STRACE] v=1 pid=1883258 tid=1888752 inv=13 hid=50b590682672cac0 depth=0 name=node.complete ts=7252571362465918 dur=300 run_id=13 task_slot=7 group_index=0 worker_id=7 dispatch_id=13 endpoint_kind=local_mailbox prepare_only=0 role=worker outcome=0
[mono_ns=7252571362480218][T0xfb753002cca0][TIMING] emit_host_span: [STRACE] v=1 pid=1883258 tid=1888752 inv=0 hid=0 depth=0 name=node.scheduler_loop ts=7252571362462538 dur=14660 role=scheduler drained=1 dispatched=0 drain_ns=14480 spins=0
[mono_ns=7252571362552958][T0xfb768d5fb020][TIMING] emit_host_span: [STRACE] v=1 pid=1883258 tid=1883258 inv=13 hid=0 depth=0 name=node.post_fence_retirement ts=7252571362474548 dur=73820 run_id=13 slot_id=0 generation=13 role=facade
[mono_ns=7252571363136940][T0xfb768d5fb020][TIMING] emit_host_span: [STRACE] v=1 pid=1883258 tid=1883258 inv=14 hid=50b590682672cac0 depth=0 name=node.submit ts=7252571363119800 dur=12170 run_id=14 task_slot=0 group_index=0 group_size=1 worker_id=0 role=facade
[mono_ns=7252571363147950][T0xfb753002cca0][TIMING] emit_host_span: [STRACE] v=1 pid=1883258 tid=1888752 inv=14 hid=50b590682672cac0 depth=0 name=node.frame_submit ts=7252571363143560 dur=1030 run_id=14 task_slot=0 group_index=0 worker_id=0 dispatch_id=14 endpoint_kind=local_mailbox prepare_only=0 role=worker
[mono_ns=7252571363153901][T0xfb753002cca0][TIMING] emit_host_span: [STRACE] v=1 pid=1883258 tid=1888752 inv=14 hid=50b590682672cac0 depth=0 name=node.dispatch ts=7252571363140810 dur=8821 run_id=14 task_slot=0 group_index=0 worker_id=0 dispatch_id=14 endpoint_kind=local_mailbox prepare_only=0 role=scheduler slot_id=0 generation=14
[mono_ns=7252571363161911][T0xfb753002cca0][TIMING] emit_host_span: [STRACE] v=1 pid=1883258 tid=1888752 inv=0 hid=0 depth=0 name=node.scheduler_loop ts=7252571363137380 dur=21331 role=scheduler drained=0 dispatched=1 drain_ns=1250 spins=1
[mono_ns=7252571363382321][T0xfb768d5fb020][TIMING] emit_host_span: [STRACE] v=1 pid=1883258 tid=1883258 inv=14 hid=50b590682672cac0 depth=0 name=node.submit ts=7252571363364001 dur=13400 run_id=14 task_slot=1 group_index=0 group_size=1 worker_id=1 role=facade
[mono_ns=7252571363391441][T0xfb753002cca0][TIMING] emit_host_span: [STRACE] v=1 pid=1883258 tid=1888752 inv=14 hid=50b590682672cac0 depth=0 name=node.frame_submit ts=7252571363386971 dur=1160 run_id=14 task_slot=1 group_index=0 worker_id=1 dispatch_id=14 endpoint_kind=local_mailbox prepare_only=0 role=worker
[mono_ns=7252571363397491][T0xfb753002cca0][TIMING] emit_host_span: [STRACE] v=1 pid=1883258 tid=1888752 inv=14 hid=50b590682672cac0 depth=0 name=node.dispatch ts=7252571363384281 dur=8880 run_id=14 task_slot=1 group_index=0 worker_id=1 dispatch_id=14 endpoint_kind=local_mailbox prepare_only=0 role=scheduler slot_id=0 generation=14
[mono_ns=7252571363405921][T0xfb753002cca0][TIMING] emit_host_span: [STRACE] v=1 pid=1883258 tid=1888752 inv=0 hid=0 depth=0 name=node.scheduler_loop ts=7252571363370021 dur=32620 role=scheduler drained=0 dispatched=1 drain_ns=1260 spins=59
[mono_ns=7252571363427322][T0xfb768d5fb020][TIMING] emit_host_span: [STRACE] v=1 pid=1887738 tid=1887738 inv=14 hid=2e8e960a9b608ef3 depth=2 name=chip.run.bind.args ts=7252571363281321 dur=140781 
[mono_ns=7252571363437062][T0xfb768d5fb020][TIMING] emit_host_span: [STRACE] v=1 pid=1887738 tid=1887738 inv=14 hid=2e8e960a9b608ef3 depth=2 name=chip.run.bind.prebuilt ts=7252571363433052 dur=1900 
[mono_ns=7252571363440612][T0xfb768d5fb020][TIMING] emit_host_span: [STRACE] v=1 pid=1887738 tid=1887738 inv=14 hid=2e8e960a9b608ef3 depth=1 name=chip.run.bind ts=7252571363275671 dur=163041 
[mono_ns=7252571363619262][T0xfb768d5fb020][TIMING] emit_host_span: [STRACE] v=1 pid=1883258 tid=1883258 inv=14 hid=50b590682672cac0 depth=0 name=node.submit ts=7252571363605002 dur=9020 run_id=14 task_slot=2 group_index=0 group_size=1 worker_id=2 role=facade
[mono_ns=7252571363625152][T0xfb753002cca0][TIMING] emit_host_span: [STRACE] v=1 pid=1883258 tid=1888752 inv=14 hid=50b590682672cac0 depth=0 name=node.frame_submit ts=7252571363619902 dur=2180 run_id=14 task_slot=2 group_index=0 worker_id=2 dispatch_id=14 endpoint_kind=local_mailbox prepare_only=0 role=worker
[mono_ns=7252571363631552][T0xfb753002cca0][TIMING] emit_host_span: [STRACE] v=1 pid=1883258 tid=1888752 inv=14 hid=50b590682672cac0 depth=0 name=node.dispatch ts=7252571363617552 dur=9770 run_id=14 task_slot=2 group_index=0 worker_id=2 dispatch_id=14 endpoint_kind=local_mailbox prepare_only=0 role=scheduler slot_id=0 generation=14
[mono_ns=7252571363637162][T0xfb753002cca0][TIMING] emit_host_span: [STRACE] v=1 pid=1883258 tid=1888752 inv=0 hid=0 depth=0 name=node.scheduler_loop ts=7252571363613992 dur=20160 role=scheduler drained=0 dispatched=1 drain_ns=1500 spins=56
[mono_ns=7252571363680682][T0xfb768d5fb020][TIMING] emit_host_span: [STRACE] v=1 pid=1887751 tid=1887751 inv=14 hid=2e8e960a9b608ef3 depth=2 name=chip.run.bind.args ts=7252571363530082 dur=145870 
[mono_ns=7252571363691833][T0xfb768d5fb020][TIMING] emit_host_span: [STRACE] v=1 pid=1887751 tid=1887751 inv=14 hid=2e8e960a9b608ef3 depth=2 name=chip.run.bind.prebuilt ts=7252571363687203 dur=2150 
[mono_ns=7252571363695853][T0xfb768d5fb020][TIMING] emit_host_span: [STRACE] v=1 pid=1887751 tid=1887751 inv=14 hid=2e8e960a9b608ef3 depth=1 name=chip.run.bind ts=7252571363524622 dur=169221 
[mono_ns=7252571363851003][T0xfb768d5fb020][TIMING] emit_host_span: [STRACE] v=1 pid=1883258 tid=1883258 inv=14 hid=50b590682672cac0 depth=0 name=node.submit ts=7252571363834453 dur=11950 run_id=14 task_slot=3 group_index=0 group_size=1 worker_id=3 role=facade
[mono_ns=7252571363859883][T0xfb753002cca0][TIMING] emit_host_span: [STRACE] v=1 pid=1883258 tid=1888752 inv=14 hid=50b590682672cac0 depth=0 name=node.frame_submit ts=7252571363855993 dur=630 run_id=14 task_slot=3 group_index=0 worker_id=3 dispatch_id=14 endpoint_kind=local_mailbox prepare_only=0 role=worker
[mono_ns=7252571363865823][T0xfb753002cca0][TIMING] emit_host_span: [STRACE] v=1 pid=1883258 tid=1888752 inv=14 hid=50b590682672cac0 depth=0 name=node.dispatch ts=7252571363853463 dur=8090 run_id=14 task_slot=3 group_index=0 worker_id=3 dispatch_id=14 endpoint_kind=local_mailbox prepare_only=0 role=scheduler slot_id=0 generation=14
[mono_ns=7252571363873883][T0xfb753002cca0][TIMING] emit_host_span: [STRACE] v=1 pid=1883258 tid=1888752 inv=0 hid=0 depth=0 name=node.scheduler_loop ts=7252571363839523 dur=30740 role=scheduler drained=0 dispatched=1 drain_ns=1550 spins=54
[mono_ns=7252571364014244][T0xfb768d5fb020][TIMING] emit_host_span: [STRACE] v=1 pid=1887766 tid=1887766 inv=14 hid=2e8e960a9b608ef3 depth=2 name=chip.run.bind.args ts=7252571363760923 dur=249231 
[mono_ns=7252571364028084][T0xfb768d5fb020][TIMING] emit_host_span: [STRACE] v=1 pid=1887766 tid=1887766 inv=14 hid=2e8e960a9b608ef3 depth=2 name=chip.run.bind.prebuilt ts=7252571364024154 dur=1770 
[mono_ns=7252571364032864][T0xfb768d5fb020][TIMING] emit_host_span: [STRACE] v=1 pid=1887766 tid=1887766 inv=14 hid=2e8e960a9b608ef3 depth=1 name=chip.run.bind ts=7252571363755543 dur=275201 
[mono_ns=7252571364130134][T0xfb768d5fb020][TIMING] emit_host_span: [STRACE] v=1 pid=1883258 tid=1883258 inv=14 hid=50b590682672cac0 depth=0 name=node.submit ts=7252571364114254 dur=10600 run_id=14 task_slot=4 group_index=0 group_size=1 worker_id=4 role=facade
[mono_ns=7252571364135524][T0xfb753002cca0][TIMING] emit_host_span: [STRACE] v=1 pid=1883258 tid=1888752 inv=14 hid=50b590682672cac0 depth=0 name=node.frame_submit ts=7252571364130294 dur=2050 run_id=14 task_slot=4 group_index=0 worker_id=4 dispatch_id=14 endpoint_kind=local_mailbox prepare_only=0 role=worker
[mono_ns=7252571364142744][T0xfb753002cca0][TIMING] emit_host_span: [STRACE] v=1 pid=1883258 tid=1888752 inv=14 hid=50b590682672cac0 depth=0 name=node.dispatch ts=7252571364127824 dur=10560 run_id=14 task_slot=4 group_index=0 worker_id=4 dispatch_id=14 endpoint_kind=local_mailbox prepare_only=0 role=scheduler slot_id=0 generation=14
[mono_ns=7252571364148874][T0xfb753002cca0][TIMING] emit_host_span: [STRACE] v=1 pid=1883258 tid=1888752 inv=0 hid=0 depth=0 name=node.scheduler_loop ts=7252571364124224 dur=21640 role=scheduler drained=0 dispatched=1 drain_ns=1410 spins=69
[mono_ns=7252571364216484][T0xfb768d5fb020][TIMING] emit_host_span: [STRACE] v=1 pid=1887782 tid=1887782 inv=14 hid=2e8e960a9b608ef3 depth=2 name=chip.run.bind.args ts=7252571363995684 dur=215500 
[mono_ns=7252571364226615][T0xfb768d5fb020][TIMING] emit_host_span: [STRACE] v=1 pid=1887782 tid=1887782 inv=14 hid=2e8e960a9b608ef3 depth=2 name=chip.run.bind.prebuilt ts=7252571364222684 dur=1830 
[mono_ns=7252571364230325][T0xfb768d5fb020][TIMING] emit_host_span: [STRACE] v=1 pid=1887782 tid=1887782 inv=14 hid=2e8e960a9b608ef3 depth=1 name=chip.run.bind ts=7252571363989914 dur=238561 
[mono_ns=7252571364371545][T0xfb768d5fb020][TIMING] emit_host_span: [STRACE] v=1 pid=1883258 tid=1883258 inv=14 hid=50b590682672cac0 depth=0 name=node.submit ts=7252571364356195 dur=9570 run_id=14 task_slot=5 group_index=0 group_size=1 worker_id=5 role=facade
[mono_ns=7252571364374705][T0xfb753002cca0][TIMING] emit_host_span: [STRACE] v=1 pid=1883258 tid=1888752 inv=14 hid=50b590682672cac0 depth=0 name=node.frame_submit ts=7252571364370965 dur=620 run_id=14 task_slot=5 group_index=0 worker_id=5 dispatch_id=14 endpoint_kind=local_mailbox prepare_only=0 role=worker
[mono_ns=7252571364381115][T0xfb753002cca0][TIMING] emit_host_span: [STRACE] v=1 pid=1883258 tid=1888752 inv=14 hid=50b590682672cac0 depth=0 name=node.dispatch ts=7252571364368715 dur=8100 run_id=14 task_slot=5 group_index=0 worker_id=5 dispatch_id=14 endpoint_kind=local_mailbox prepare_only=0 role=scheduler slot_id=0 generation=14
[mono_ns=7252571364386345][T0xfb753002cca0][TIMING] emit_host_span: [STRACE] v=1 pid=1883258 tid=1888752 inv=0 hid=0 depth=0 name=node.scheduler_loop ts=7252571364364885 dur=18620 role=scheduler drained=0 dispatched=1 drain_ns=1480 spins=61
[mono_ns=7252571364525946][T0xfb768d5fb020][TIMING] emit_host_span: [STRACE] v=1 pid=1887795 tid=1887795 inv=14 hid=2e8e960a9b608ef3 depth=2 name=chip.run.bind.args ts=7252571364271765 dur=249831 
[mono_ns=7252571364540266][T0xfb768d5fb020][TIMING] emit_host_span: [STRACE] v=1 pid=1887795 tid=1887795 inv=14 hid=2e8e960a9b608ef3 depth=2 name=chip.run.bind.prebuilt ts=7252571364536006 dur=2050 
[mono_ns=7252571364545146][T0xfb768d5fb020][TIMING] emit_host_span: [STRACE] v=1 pid=1887795 tid=1887795 inv=14 hid=2e8e960a9b608ef3 depth=1 name=chip.run.bind ts=7252571364266165 dur=276831 
[mono_ns=7252571364608316][T0xfb768d5fb020][TIMING] emit_host_span: [STRACE] v=1 pid=1883258 tid=1883258 inv=14 hid=50b590682672cac0 depth=0 name=node.submit ts=7252571364590506 dur=13150 run_id=14 task_slot=6 group_index=0 group_size=1 worker_id=6 role=facade
[mono_ns=7252571364618516][T0xfb753002cca0][TIMING] emit_host_span: [STRACE] v=1 pid=1883258 tid=1888752 inv=14 hid=50b590682672cac0 depth=0 name=node.frame_submit ts=7252571364613626 dur=1730 run_id=14 task_slot=6 group_index=0 worker_id=6 dispatch_id=14 endpoint_kind=local_mailbox prepare_only=0 role=worker
[mono_ns=7252571364626746][T0xfb753002cca0][TIMING] emit_host_span: [STRACE] v=1 pid=1883258 tid=1888752 inv=14 hid=50b590682672cac0 depth=0 name=node.dispatch ts=7252571364611046 dur=11160 run_id=14 task_slot=6 group_index=0 worker_id=6 dispatch_id=14 endpoint_kind=local_mailbox prepare_only=0 role=scheduler slot_id=0 generation=14
[mono_ns=7252571364633106][T0xfb753002cca0][TIMING] emit_host_span: [STRACE] v=1 pid=1883258 tid=1888752 inv=0 hid=0 depth=0 name=node.scheduler_loop ts=7252571364596956 dur=32540 role=scheduler drained=0 dispatched=1 drain_ns=1480 spins=61
[mono_ns=7252571364720706][T0xfb768d5fb020][TIMING] emit_host_span: [STRACE] v=1 pid=1887810 tid=1887810 inv=14 hid=2e8e960a9b608ef3 depth=2 name=chip.run.bind.args ts=7252571364507306 dur=207970 
[mono_ns=7252571364730756][T0xfb768d5fb020][TIMING] emit_host_span: [STRACE] v=1 pid=1887810 tid=1887810 inv=14 hid=2e8e960a9b608ef3 depth=2 name=chip.run.bind.prebuilt ts=7252571364726556 dur=1950 
[mono_ns=7252571364734716][T0xfb768d5fb020][TIMING] emit_host_span: [STRACE] v=1 pid=1887810 tid=1887810 inv=14 hid=2e8e960a9b608ef3 depth=1 name=chip.run.bind ts=7252571364501726 dur=230860 
[mono_ns=7252571364836147][T0xfb768d5fb020][TIMING] emit_host_span: [STRACE] v=1 pid=1883258 tid=1883258 inv=14 hid=50b590682672cac0 depth=0 name=node.submit ts=7252571364820857 dur=10630 run_id=14 task_slot=7 group_index=0 group_size=1 worker_id=7 role=facade
[mono_ns=7252571364840717][T0xfb753002cca0][TIMING] emit_host_span: [STRACE] v=1 pid=1883258 tid=1888752 inv=14 hid=50b590682672cac0 depth=0 name=node.frame_submit ts=7252571364835907 dur=1770 run_id=14 task_slot=7 group_index=0 worker_id=7 dispatch_id=14 endpoint_kind=local_mailbox prepare_only=0 role=worker
[mono_ns=7252571364847147][T0xfb753002cca0][TIMING] emit_host_span: [STRACE] v=1 pid=1883258 tid=1888752 inv=14 hid=50b590682672cac0 depth=0 name=node.dispatch ts=7252571364833567 dur=9290 run_id=14 task_slot=7 group_index=0 worker_id=7 dispatch_id=14 endpoint_kind=local_mailbox prepare_only=0 role=scheduler slot_id=0 generation=14
[mono_ns=7252571364851897][T0xfb753002cca0][TIMING] emit_host_span: [STRACE] v=1 pid=1883258 tid=1888752 inv=0 hid=0 depth=0 name=node.scheduler_loop ts=7252571364828437 dur=20490 role=scheduler drained=0 dispatched=1 drain_ns=1550 spins=56
[mono_ns=7252571364856957][T0xfb768d5fb020][TIMING] emit_host_span: [STRACE] v=1 pid=1883258 tid=1883258 inv=14 hid=0 depth=0 name=node.graph_build ts=7252571362830239 dur=2019288 run_id=14 role=facade
[mono_ns=7252571364995047][T0xfb768d5fb020][TIMING] emit_host_span: [STRACE] v=1 pid=1887827 tid=1887827 inv=14 hid=2e8e960a9b608ef3 depth=2 name=chip.run.bind.args ts=7252571364758266 dur=231731 
[mono_ns=7252571365025847][T0xfb768d5fb020][TIMING] emit_host_span: [STRACE] v=1 pid=1887827 tid=1887827 inv=14 hid=2e8e960a9b608ef3 depth=2 name=chip.run.bind.prebuilt ts=7252571365020797 dur=1740 
[mono_ns=7252571365030797][T0xfb768d5fb020][TIMING] emit_host_span: [STRACE] v=1 pid=1887827 tid=1887827 inv=14 hid=2e8e960a9b608ef3 depth=1 name=chip.run.bind ts=7252571364753416 dur=275301 
[mono_ns=7252571365211088][T0xfb768d5fb020][TIMING] emit_host_span: [STRACE] v=1 pid=1887844 tid=1887844 inv=14 hid=2e8e960a9b608ef3 depth=2 name=chip.run.bind.args ts=7252571364982907 dur=223641 
[mono_ns=7252571365225048][T0xfb768d5fb020][TIMING] emit_host_span: [STRACE] v=1 pid=1887844 tid=1887844 inv=14 hid=2e8e960a9b608ef3 depth=2 name=chip.run.bind.prebuilt ts=7252571365221128 dur=1710 
[mono_ns=7252571365229328][T0xfb768d5fb020][TIMING] emit_host_span: [STRACE] v=1 pid=1887844 tid=1887844 inv=14 hid=2e8e960a9b608ef3 depth=1 name=chip.run.bind ts=7252571364977947 dur=249381 
[mono_ns=7252571366479163][T0xfb768d5fb020][TIMING] emit_host_span: [STRACE] v=1 pid=1887810 tid=1887810 inv=14 hid=2e8e960a9b608ef3 depth=1 name=chip.run.runner_run ts=7252571364866517 dur=1607026 
[mono_ns=7252571366479723][T0xfb768d5fb020][TIMING] emit_host_span: [STRACE] v=1 pid=1887782 tid=1887782 inv=14 hid=2e8e960a9b608ef3 depth=1 name=chip.run.runner_run ts=7252571364358425 dur=2115478 
[mono_ns=7252571366484453][T0xfb768d5fb020][TIMING] emit_host_span: [STRACE] v=1 pid=1887751 tid=1887751 inv=14 hid=2e8e960a9b608ef3 depth=1 name=chip.run.runner_run ts=7252571363826113 dur=2651910 
[mono_ns=7252571366483293][T0xfb768d5fb020][TIMING] emit_host_span: [STRACE] v=1 pid=1887738 tid=1887738 inv=14 hid=2e8e960a9b608ef3 depth=1 name=chip.run.runner_run ts=7252571363578872 dur=2898591 
[mono_ns=7252571366478893][T0xfb768d5fb020][TIMING] emit_host_span: [STRACE] v=1 pid=1887766 tid=1887766 inv=14 hid=2e8e960a9b608ef3 depth=1 name=chip.run.runner_run ts=7252571364173144 dur=2300769 
[mono_ns=7252571366483183][T0xfb768d5fb020][TIMING] emit_host_span: [STRACE] v=1 pid=1887844 tid=1887844 inv=14 hid=2e8e960a9b608ef3 depth=1 name=chip.run.runner_run ts=7252571365369069 dur=1108094 
[mono_ns=7252571366483963][T0xfb768d5fb020][TIMING] emit_host_span: [STRACE] v=1 pid=1887827 tid=1887827 inv=14 hid=2e8e960a9b608ef3 depth=1 name=chip.run.runner_run ts=7252571365171688 dur=1306425 
[mono_ns=7252571366642833][T0xfb768d5fb020][TIMING] emit_host_span: [STRACE] v=1 pid=1887738 tid=1887738 inv=14 hid=2e8e960a9b608ef3 depth=1 name=chip.run.validate ts=7252571366488653 dur=149390 
[mono_ns=7252571366644794][T0xfb768d5fb020][TIMING] emit_host_span: [STRACE] v=1 pid=1887751 tid=1887751 inv=14 hid=2e8e960a9b608ef3 depth=1 name=chip.run.validate ts=7252571366490703 dur=149290 
[mono_ns=7252571366649274][T0xfb768d5fb020][TIMING] emit_host_span: [STRACE] v=1 pid=1887738 tid=1887738 inv=14 hid=2e8e960a9b608ef3 depth=2 name=chip.run.runner_run.device_wall ts=0 dur=2723300 clk=dev
[mono_ns=7252571366653184][T0xfb768d5fb020][TIMING] emit_host_span: [STRACE] v=1 pid=1887751 tid=1887751 inv=14 hid=2e8e960a9b608ef3 depth=2 name=chip.run.runner_run.device_wall ts=0 dur=2475200 clk=dev
[mono_ns=7252571366652804][T0xfb768d5fb020][TIMING] emit_host_span: [STRACE] v=1 pid=1887738 tid=1887738 inv=14 hid=2e8e960a9b608ef3 depth=3 name=chip.run.runner_run.device_wall.preamble ts=0 dur=5100 clk=dev
[mono_ns=7252571366656884][T0xfb768d5fb020][TIMING] emit_host_span: [STRACE] v=1 pid=1887751 tid=1887751 inv=14 hid=2e8e960a9b608ef3 depth=3 name=chip.run.runner_run.device_wall.preamble ts=0 dur=6399 clk=dev
[mono_ns=7252571366656044][T0xfb768d5fb020][TIMING] emit_host_span: [STRACE] v=1 pid=1887738 tid=1887738 inv=14 hid=2e8e960a9b608ef3 depth=3 name=chip.run.runner_run.device_wall.graph_build ts=1540 dur=2711440 clk=dev
[mono_ns=7252571366660384][T0xfb768d5fb020][TIMING] emit_host_span: [STRACE] v=1 pid=1887751 tid=1887751 inv=14 hid=2e8e960a9b608ef3 depth=3 name=chip.run.runner_run.device_wall.graph_build ts=1520 dur=2463560 clk=dev
[mono_ns=7252571366659374][T0xfb768d5fb020][TIMING] emit_host_span: [STRACE] v=1 pid=1887738 tid=1887738 inv=14 hid=2e8e960a9b608ef3 depth=3 name=chip.run.runner_run.device_wall.config_validate ts=1619 dur=880 clk=dev
[mono_ns=7252571366662464][T0xfb768d5fb020][TIMING] emit_host_span: [STRACE] v=1 pid=1887738 tid=1887738 inv=14 hid=2e8e960a9b608ef3 depth=3 name=chip.run.runner_run.device_wall.arena_wire ts=2520 dur=260 clk=dev
[mono_ns=7252571366659414][T0xfb768d5fb020][TIMING] emit_host_span: [STRACE] v=1 pid=1887782 tid=1887782 inv=14 hid=2e8e960a9b608ef3 depth=1 name=chip.run.validate ts=7252571366485273 dur=169601 
[mono_ns=7252571366666044][T0xfb768d5fb020][TIMING] emit_host_span: [STRACE] v=1 pid=1887782 tid=1887782 inv=14 hid=2e8e960a9b608ef3 depth=2 name=chip.run.runner_run.device_wall ts=0 dur=1943580 clk=dev
[mono_ns=7252571366663824][T0xfb768d5fb020][TIMING] emit_host_span: [STRACE] v=1 pid=1887751 tid=1887751 inv=14 hid=2e8e960a9b608ef3 depth=3 name=chip.run.runner_run.device_wall.config_validate ts=1599 dur=679 clk=dev
[mono_ns=7252571366668944][T0xfb768d5fb020][TIMING] emit_host_span: [STRACE] v=1 pid=1887751 tid=1887751 inv=14 hid=2e8e960a9b608ef3 depth=3 name=chip.run.runner_run.device_wall.arena_wire ts=2300 dur=240 clk=dev
[mono_ns=7252571366667324][T0xfb768d5fb020][TIMING] emit_host_span: [STRACE] v=1 pid=1887738 tid=1887738 inv=14 hid=2e8e960a9b608ef3 depth=3 name=chip.run.runner_run.device_wall.sm_reset ts=2820 dur=440 clk=dev
[mono_ns=7252571366672064][T0xfb768d5fb020][TIMING] emit_host_span: [STRACE] v=1 pid=1887751 tid=1887751 inv=14 hid=2e8e960a9b608ef3 depth=3 name=chip.run.runner_run.device_wall.sm_reset ts=2560 dur=459 clk=dev
[mono_ns=7252571366671984][T0xfb768d5fb020][TIMING] emit_host_span: [STRACE] v=1 pid=1887738 tid=1887738 inv=14 hid=2e8e960a9b608ef3 depth=3 name=chip.run.runner_run.device_wall.post_orch ts=2713020 dur=10160 clk=dev
[mono_ns=7252571366675114][T0xfb768d5fb020][TIMING] emit_host_span: [STRACE] v=1 pid=1887738 tid=1887738 inv=14 hid=2e8e960a9b608ef3 depth=3 name=chip.run.runner_run.device_wall.orch ts=3300 dur=3239 clk=dev
[mono_ns=7252571366670444][T0xfb768d5fb020][TIMING] emit_host_span: [STRACE] v=1 pid=1887782 tid=1887782 inv=14 hid=2e8e960a9b608ef3 depth=3 name=chip.run.runner_run.device_wall.preamble ts=0 dur=5160 clk=dev
[mono_ns=7252571366675474][T0xfb768d5fb020][TIMING] emit_host_span: [STRACE] v=1 pid=1887782 tid=1887782 inv=14 hid=2e8e960a9b608ef3 depth=3 name=chip.run.runner_run.device_wall.graph_build ts=1500 dur=1931180 clk=dev
[mono_ns=7252571366675314][T0xfb768d5fb020][TIMING] emit_host_span: [STRACE] v=1 pid=1887751 tid=1887751 inv=14 hid=2e8e960a9b608ef3 depth=3 name=chip.run.runner_run.device_wall.post_orch ts=2465140 dur=9940 clk=dev
[mono_ns=7252571366678934][T0xfb768d5fb020][TIMING] emit_host_span: [STRACE] v=1 pid=1887738 tid=1887738 inv=14 hid=2e8e960a9b608ef3 depth=3 name=chip.run.runner_run.device_wall.sched ts=5180 dur=2700380 clk=dev
[mono_ns=7252571366678834][T0xfb768d5fb020][TIMING] emit_host_span: [STRACE] v=1 pid=1887782 tid=1887782 inv=14 hid=2e8e960a9b608ef3 depth=3 name=chip.run.runner_run.device_wall.config_validate ts=1599 dur=720 clk=dev
[mono_ns=7252571366680214][T0xfb768d5fb020][TIMING] emit_host_span: [STRACE] v=1 pid=1887751 tid=1887751 inv=14 hid=2e8e960a9b608ef3 depth=3 name=chip.run.runner_run.device_wall.orch ts=3060 dur=3559 clk=dev
[mono_ns=7252571366684054][T0xfb768d5fb020][TIMING] emit_host_span: [STRACE] v=1 pid=1887738 tid=1887738 inv=14 hid=2e8e960a9b608ef3 depth=1 name=chip.run.claim_release ts=7252571366681934 dur=270 
[mono_ns=7252571366681984][T0xfb768d5fb020][TIMING] emit_host_span: [STRACE] v=1 pid=1887782 tid=1887782 inv=14 hid=2e8e960a9b608ef3 depth=3 name=chip.run.runner_run.device_wall.arena_wire ts=2340 dur=260 clk=dev
[mono_ns=7252571366688524][T0xfb768d5fb020][TIMING] emit_host_span: [STRACE] v=1 pid=1887738 tid=1887738 inv=14 hid=2e8e960a9b608ef3 depth=0 name=chip.run ts=7252571363261581 dur=3424953 run_id=14 dispatch_id=14 slot_id=0 generation=14 run_epoch=14
[mono_ns=7252571366683854][T0xfb768d5fb020][TIMING] emit_host_span: [STRACE] v=1 pid=1887751 tid=1887751 inv=14 hid=2e8e960a9b608ef3 depth=3 name=chip.run.runner_run.device_wall.sched ts=6440 dur=2451540 clk=dev
[mono_ns=7252571366684894][T0xfb768d5fb020][TIMING] emit_host_span: [STRACE] v=1 pid=1887782 tid=1887782 inv=14 hid=2e8e960a9b608ef3 depth=3 name=chip.run.runner_run.device_wall.sm_reset ts=2620 dur=560 clk=dev
[mono_ns=7252571366688224][T0xfb768d5fb020][TIMING] emit_host_span: [STRACE] v=1 pid=1887751 tid=1887751 inv=14 hid=2e8e960a9b608ef3 depth=1 name=chip.run.claim_release ts=7252571366686094 dur=340 
[mono_ns=7252571366687794][T0xfb768d5fb020][TIMING] emit_host_span: [STRACE] v=1 pid=1887782 tid=1887782 inv=14 hid=2e8e960a9b608ef3 depth=3 name=chip.run.runner_run.device_wall.post_orch ts=1932720 dur=10760 clk=dev
[mono_ns=7252571366692594][T0xfb768d5fb020][TIMING] emit_host_span: [STRACE] v=1 pid=1887751 tid=1887751 inv=14 hid=2e8e960a9b608ef3 depth=0 name=chip.run ts=7252571363510132 dur=3180452 run_id=14 dispatch_id=14 slot_id=0 generation=14 run_epoch=14
[mono_ns=7252571366691204][T0xfb768d5fb020][TIMING] emit_host_span: [STRACE] v=1 pid=1887782 tid=1887782 inv=14 hid=2e8e960a9b608ef3 depth=3 name=chip.run.runner_run.device_wall.orch ts=3220 dur=3599 clk=dev
[mono_ns=7252571366697724][T0xfb768d5fb020][TIMING] emit_host_span: [STRACE] v=1 pid=1887810 tid=1887810 inv=14 hid=2e8e960a9b608ef3 depth=1 name=chip.run.validate ts=7252571366484473 dur=208801 
[mono_ns=7252571366694394][T0xfb768d5fb020][TIMING] emit_host_span: [STRACE] v=1 pid=1887782 tid=1887782 inv=14 hid=2e8e960a9b608ef3 depth=3 name=chip.run.runner_run.device_wall.sched ts=5320 dur=1920000 clk=dev
[mono_ns=7252571366705084][T0xfb768d5fb020][TIMING] emit_host_span: [STRACE] v=1 pid=1887810 tid=1887810 inv=14 hid=2e8e960a9b608ef3 depth=2 name=chip.run.runner_run.device_wall ts=0 dur=1442860 clk=dev
[mono_ns=7252571366698184][T0xfb768d5fb020][TIMING] emit_host_span: [STRACE] v=1 pid=1887782 tid=1887782 inv=14 hid=2e8e960a9b608ef3 depth=1 name=chip.run.claim_release ts=7252571366696204 dur=260 
[mono_ns=7252571366703014][T0xfb768d5fb020][TIMING] emit_host_span: [STRACE] v=1 pid=1887782 tid=1887782 inv=14 hid=2e8e960a9b608ef3 depth=0 name=chip.run ts=7252571363975454 dur=2724990 run_id=14 dispatch_id=14 slot_id=0 generation=14 run_epoch=14
[mono_ns=7252571366708484][T0xfb768d5fb020][TIMING] emit_host_span: [STRACE] v=1 pid=1887810 tid=1887810 inv=14 hid=2e8e960a9b608ef3 depth=3 name=chip.run.runner_run.device_wall.preamble ts=0 dur=6060 clk=dev
[mono_ns=7252571366712434][T0xfb768d5fb020][TIMING] emit_host_span: [STRACE] v=1 pid=1887810 tid=1887810 inv=14 hid=2e8e960a9b608ef3 depth=3 name=chip.run.runner_run.device_wall.graph_build ts=1200 dur=1430960 clk=dev
[mono_ns=7252571366716924][T0xfb768d5fb020][TIMING] emit_host_span: [STRACE] v=1 pid=1887810 tid=1887810 inv=14 hid=2e8e960a9b608ef3 depth=3 name=chip.run.runner_run.device_wall.config_validate ts=1280 dur=740 clk=dev
[mono_ns=7252571366720614][T0xfb768d5fb020][TIMING] emit_host_span: [STRACE] v=1 pid=1887810 tid=1887810 inv=14 hid=2e8e960a9b608ef3 depth=3 name=chip.run.runner_run.device_wall.arena_wire ts=2040 dur=260 clk=dev
[mono_ns=7252571366723714][T0xfb768d5fb020][TIMING] emit_host_span: [STRACE] v=1 pid=1887810 tid=1887810 inv=14 hid=2e8e960a9b608ef3 depth=3 name=chip.run.runner_run.device_wall.sm_reset ts=2320 dur=480 clk=dev
[mono_ns=7252571366716214][T0xfb753002cca0][TIMING] emit_host_span: [STRACE] v=1 pid=1883258 tid=1888752 inv=14 hid=50b590682672cac0 depth=0 name=node.complete ts=7252571366712574 dur=390 run_id=14 task_slot=0 group_index=0 worker_id=0 dispatch_id=14 endpoint_kind=local_mailbox prepare_only=0 role=worker outcome=0
[mono_ns=7252571366726794][T0xfb768d5fb020][TIMING] emit_host_span: [STRACE] v=1 pid=1887810 tid=1887810 inv=14 hid=2e8e960a9b608ef3 depth=3 name=chip.run.runner_run.device_wall.post_orch ts=1432220 dur=10540 clk=dev
[mono_ns=7252571366725614][T0xfb753002cca0][TIMING] emit_host_span: [STRACE] v=1 pid=1883258 tid=1888752 inv=14 hid=50b590682672cac0 depth=0 name=node.complete ts=7252571366722224 dur=340 run_id=14 task_slot=1 group_index=0 worker_id=1 dispatch_id=14 endpoint_kind=local_mailbox prepare_only=0 role=worker outcome=0
[mono_ns=7252571366715824][T0xfb768d5fb020][TIMING] emit_host_span: [STRACE] v=1 pid=1887766 tid=1887766 inv=14 hid=2e8e960a9b608ef3 depth=1 name=chip.run.validate ts=7252571366488333 dur=222961 
[mono_ns=7252571366725924][T0xfb768d5fb020][TIMING] emit_host_span: [STRACE] v=1 pid=1887766 tid=1887766 inv=14 hid=2e8e960a9b608ef3 depth=2 name=chip.run.runner_run.device_wall ts=0 dur=2119840 clk=dev
[mono_ns=7252571366729894][T0xfb768d5fb020][TIMING] emit_host_span: [STRACE] v=1 pid=1887810 tid=1887810 inv=14 hid=2e8e960a9b608ef3 depth=3 name=chip.run.runner_run.device_wall.orch ts=2840 dur=3239 clk=dev
[mono_ns=7252571366730194][T0xfb768d5fb020][TIMING] emit_host_span: [STRACE] v=1 pid=1887766 tid=1887766 inv=14 hid=2e8e960a9b608ef3 depth=3 name=chip.run.runner_run.device_wall.preamble ts=0 dur=5240 clk=dev
[mono_ns=7252571366734094][T0xfb768d5fb020][TIMING] emit_host_span: [STRACE] v=1 pid=1887810 tid=1887810 inv=14 hid=2e8e960a9b608ef3 depth=3 name=chip.run.runner_run.device_wall.sched ts=6160 dur=1418919 clk=dev
[mono_ns=7252571366734774][T0xfb768d5fb020][TIMING] emit_host_span: [STRACE] v=1 pid=1887766 tid=1887766 inv=14 hid=2e8e960a9b608ef3 depth=3 name=chip.run.runner_run.device_wall.graph_build ts=1420 dur=2109259 clk=dev
[mono_ns=7252571366732674][T0xfb753002cca0][TIMING] emit_host_span: [STRACE] v=1 pid=1883258 tid=1888752 inv=14 hid=50b590682672cac0 depth=0 name=node.complete ts=7252571366729484 dur=270 run_id=14 task_slot=3 group_index=0 worker_id=3 dispatch_id=14 endpoint_kind=local_mailbox prepare_only=0 role=worker outcome=0
[mono_ns=7252571366738274][T0xfb768d5fb020][TIMING] emit_host_span: [STRACE] v=1 pid=1887810 tid=1887810 inv=14 hid=2e8e960a9b608ef3 depth=1 name=chip.run.claim_release ts=7252571366736254 dur=250 
[mono_ns=7252571366738844][T0xfb768d5fb020][TIMING] emit_host_span: [STRACE] v=1 pid=1887766 tid=1887766 inv=14 hid=2e8e960a9b608ef3 depth=3 name=chip.run.runner_run.device_wall.config_validate ts=1520 dur=740 clk=dev
[mono_ns=7252571366742624][T0xfb768d5fb020][TIMING] emit_host_span: [STRACE] v=1 pid=1887810 tid=1887810 inv=14 hid=2e8e960a9b608ef3 depth=0 name=chip.run ts=7252571364487395 dur=2253239 run_id=14 dispatch_id=14 slot_id=0 generation=14 run_epoch=14
[mono_ns=7252571366743014][T0xfb768d5fb020][TIMING] emit_host_span: [STRACE] v=1 pid=1887766 tid=1887766 inv=14 hid=2e8e960a9b608ef3 depth=3 name=chip.run.runner_run.device_wall.arena_wire ts=2280 dur=240 clk=dev
[mono_ns=7252571366749464][T0xfb753002cca0][TIMING] emit_host_span: [STRACE] v=1 pid=1883258 tid=1888752 inv=0 hid=0 depth=0 name=node.scheduler_loop ts=7252571366709914 dur=36110 role=scheduler drained=3 dispatched=0 drain_ns=33860 spins=546
[mono_ns=7252571366745774][T0xfb768d5fb020][TIMING] emit_host_span: [STRACE] v=1 pid=1887844 tid=1887844 inv=14 hid=2e8e960a9b608ef3 depth=1 name=chip.run.validate ts=7252571366492363 dur=249031 
[mono_ns=7252571366755954][T0xfb768d5fb020][TIMING] emit_host_span: [STRACE] v=1 pid=1887844 tid=1887844 inv=14 hid=2e8e960a9b608ef3 depth=2 name=chip.run.runner_run.device_wall ts=0 dur=939420 clk=dev
[mono_ns=7252571366760124][T0xfb768d5fb020][TIMING] emit_host_span: [STRACE] v=1 pid=1887844 tid=1887844 inv=14 hid=2e8e960a9b608ef3 depth=3 name=chip.run.runner_run.device_wall.preamble ts=0 dur=6140 clk=dev
[mono_ns=7252571366750514][T0xfb768d5fb020][TIMING] emit_host_span: [STRACE] v=1 pid=1887766 tid=1887766 inv=14 hid=2e8e960a9b608ef3 depth=3 name=chip.run.runner_run.device_wall.sm_reset ts=2560 dur=480 clk=dev
[mono_ns=7252571366764934][T0xfb768d5fb020][TIMING] emit_host_span: [STRACE] v=1 pid=1887844 tid=1887844 inv=14 hid=2e8e960a9b608ef3 depth=3 name=chip.run.runner_run.device_wall.graph_build ts=1420 dur=927300 clk=dev
[mono_ns=7252571366756024][T0xfb768d5fb020][TIMING] emit_host_span: [STRACE] v=1 pid=1887827 tid=1887827 inv=14 hid=2e8e960a9b608ef3 depth=1 name=chip.run.validate ts=7252571366493013 dur=258551 
[mono_ns=7252571366765784][T0xfb768d5fb020][TIMING] emit_host_span: [STRACE] v=1 pid=1887827 tid=1887827 inv=14 hid=2e8e960a9b608ef3 depth=2 name=chip.run.runner_run.device_wall ts=0 dur=1133520 clk=dev
[mono_ns=7252571366758474][T0xfb768d5fb020][TIMING] emit_host_span: [STRACE] v=1 pid=1887766 tid=1887766 inv=14 hid=2e8e960a9b608ef3 depth=3 name=chip.run.runner_run.device_wall.post_orch ts=2110720 dur=9040 clk=dev
[mono_ns=7252571366770684][T0xfb768d5fb020][TIMING] emit_host_span: [STRACE] v=1 pid=1887844 tid=1887844 inv=14 hid=2e8e960a9b608ef3 depth=3 name=chip.run.runner_run.device_wall.config_validate ts=1540 dur=700 clk=dev
[mono_ns=7252571366770084][T0xfb768d5fb020][TIMING] emit_host_span: [STRACE] v=1 pid=1887827 tid=1887827 inv=14 hid=2e8e960a9b608ef3 depth=3 name=chip.run.runner_run.device_wall.preamble ts=0 dur=5240 clk=dev
[mono_ns=7252571366770344][T0xfb753002cca0][TIMING] emit_host_span: [STRACE] v=1 pid=1883258 tid=1888752 inv=14 hid=50b590682672cac0 depth=0 name=node.complete ts=7252571366767024 dur=290 run_id=14 task_slot=5 group_index=0 worker_id=5 dispatch_id=14 endpoint_kind=local_mailbox prepare_only=0 role=worker outcome=0
[mono_ns=7252571366775014][T0xfb768d5fb020][TIMING] emit_host_span: [STRACE] v=1 pid=1887827 tid=1887827 inv=14 hid=2e8e960a9b608ef3 depth=3 name=chip.run.runner_run.device_wall.graph_build ts=1599 dur=1121080 clk=dev
[mono_ns=7252571366776204][T0xfb768d5fb020][TIMING] emit_host_span: [STRACE] v=1 pid=1887844 tid=1887844 inv=14 hid=2e8e960a9b608ef3 depth=3 name=chip.run.runner_run.device_wall.arena_wire ts=2280 dur=260 clk=dev
[mono_ns=7252571366779234][T0xfb768d5fb020][TIMING] emit_host_span: [STRACE] v=1 pid=1887827 tid=1887827 inv=14 hid=2e8e960a9b608ef3 depth=3 name=chip.run.runner_run.device_wall.config_validate ts=1680 dur=720 clk=dev
[mono_ns=7252571366783414][T0xfb768d5fb020][TIMING] emit_host_span: [STRACE] v=1 pid=1887827 tid=1887827 inv=14 hid=2e8e960a9b608ef3 depth=3 name=chip.run.runner_run.device_wall.arena_wire ts=2440 dur=260 clk=dev
[mono_ns=7252571366781484][T0xfb753002cca0][TIMING] emit_host_span: [STRACE] v=1 pid=1883258 tid=1888752 inv=0 hid=0 depth=0 name=node.scheduler_loop ts=7252571366764074 dur=14330 role=scheduler drained=1 dispatched=0 drain_ns=12180 spins=3
[mono_ns=7252571366782714][T0xfb768d5fb020][TIMING] emit_host_span: [STRACE] v=1 pid=1887844 tid=1887844 inv=14 hid=2e8e960a9b608ef3 depth=3 name=chip.run.runner_run.device_wall.sm_reset ts=2560 dur=459 clk=dev
[mono_ns=7252571366762374][T0xfb768d5fb020][TIMING] emit_host_span: [STRACE] v=1 pid=1887766 tid=1887766 inv=14 hid=2e8e960a9b608ef3 depth=3 name=chip.run.runner_run.device_wall.orch ts=3100 dur=3420 clk=dev
[mono_ns=7252571366789524][T0xfb768d5fb020][TIMING] emit_host_span: [STRACE] v=1 pid=1887827 tid=1887827 inv=14 hid=2e8e960a9b608ef3 depth=3 name=chip.run.runner_run.device_wall.sm_reset ts=2719 dur=500 clk=dev
[mono_ns=7252571366794224][T0xfb768d5fb020][TIMING] emit_host_span: [STRACE] v=1 pid=1887766 tid=1887766 inv=14 hid=2e8e960a9b608ef3 depth=3 name=chip.run.runner_run.device_wall.sched ts=5320 dur=2098120 clk=dev
[mono_ns=7252571366790654][T0xfb768d5fb020][TIMING] emit_host_span: [STRACE] v=1 pid=1887844 tid=1887844 inv=14 hid=2e8e960a9b608ef3 depth=3 name=chip.run.runner_run.device_wall.post_orch ts=928780 dur=10540 clk=dev
[mono_ns=7252571366797184][T0xfb768d5fb020][TIMING] emit_host_span: [STRACE] v=1 pid=1887827 tid=1887827 inv=14 hid=2e8e960a9b608ef3 depth=3 name=chip.run.runner_run.device_wall.post_orch ts=1122760 dur=10640 clk=dev
[mono_ns=7252571366799254][T0xfb768d5fb020][TIMING] emit_host_span: [STRACE] v=1 pid=1887766 tid=1887766 inv=14 hid=2e8e960a9b608ef3 depth=1 name=chip.run.claim_release ts=7252571366797004 dur=390 
[mono_ns=7252571366800984][T0xfb768d5fb020][TIMING] emit_host_span: [STRACE] v=1 pid=1887827 tid=1887827 inv=14 hid=2e8e960a9b608ef3 depth=3 name=chip.run.runner_run.device_wall.orch ts=3260 dur=3260 clk=dev
[mono_ns=7252571366804954][T0xfb768d5fb020][TIMING] emit_host_span: [STRACE] v=1 pid=1887766 tid=1887766 inv=14 hid=2e8e960a9b608ef3 depth=0 name=chip.run ts=7252571363739163 dur=3063861 run_id=14 dispatch_id=14 slot_id=0 generation=14 run_epoch=14
[mono_ns=7252571366805034][T0xfb768d5fb020][TIMING] emit_host_span: [STRACE] v=1 pid=1887827 tid=1887827 inv=14 hid=2e8e960a9b608ef3 depth=3 name=chip.run.runner_run.device_wall.sched ts=5300 dur=1110520 clk=dev
[mono_ns=7252571366809534][T0xfb768d5fb020][TIMING] emit_host_span: [STRACE] v=1 pid=1887827 tid=1887827 inv=14 hid=2e8e960a9b608ef3 depth=1 name=chip.run.claim_release ts=7252571366807554 dur=240 
[mono_ns=7252571366814484][T0xfb768d5fb020][TIMING] emit_host_span: [STRACE] v=1 pid=1887827 tid=1887827 inv=14 hid=2e8e960a9b608ef3 depth=0 name=chip.run ts=7252571364736166 dur=2076378 run_id=14 dispatch_id=14 slot_id=0 generation=14 run_epoch=14
[mono_ns=7252571366794494][T0xfb768d5fb020][TIMING] emit_host_span: [STRACE] v=1 pid=1887844 tid=1887844 inv=14 hid=2e8e960a9b608ef3 depth=3 name=chip.run.runner_run.device_wall.orch ts=3060 dur=3180 clk=dev
[mono_ns=7252571366824934][T0xfb768d5fb020][TIMING] emit_host_span: [STRACE] v=1 pid=1887844 tid=1887844 inv=14 hid=2e8e960a9b608ef3 depth=3 name=chip.run.runner_run.device_wall.sched ts=6180 dur=915620 clk=dev
[mono_ns=7252571366829604][T0xfb768d5fb020][TIMING] emit_host_span: [STRACE] v=1 pid=1887844 tid=1887844 inv=14 hid=2e8e960a9b608ef3 depth=1 name=chip.run.claim_release ts=7252571366827484 dur=230 
[mono_ns=7252571366834184][T0xfb768d5fb020][TIMING] emit_host_span: [STRACE] v=1 pid=1887844 tid=1887844 inv=14 hid=2e8e960a9b608ef3 depth=0 name=chip.run ts=7252571364960927 dur=1871307 run_id=14 dispatch_id=14 slot_id=0 generation=14 run_epoch=14
[mono_ns=7252571366832544][T0xfb753002cca0][TIMING] emit_host_span: [STRACE] v=1 pid=1883258 tid=1888752 inv=14 hid=50b590682672cac0 depth=0 name=node.complete ts=7252571366829244 dur=280 run_id=14 task_slot=2 group_index=0 worker_id=2 dispatch_id=14 endpoint_kind=local_mailbox prepare_only=0 role=worker outcome=0
[mono_ns=7252571366844714][T0xfb753002cca0][TIMING] emit_host_span: [STRACE] v=1 pid=1883258 tid=1888752 inv=14 hid=50b590682672cac0 depth=0 name=node.complete ts=7252571366840864 dur=360 run_id=14 task_slot=6 group_index=0 worker_id=6 dispatch_id=14 endpoint_kind=local_mailbox prepare_only=0 role=worker outcome=0
[mono_ns=7252571366856044][T0xfb753002cca0][TIMING] emit_host_span: [STRACE] v=1 pid=1883258 tid=1888752 inv=0 hid=0 depth=0 name=node.scheduler_loop ts=7252571366826504 dur=26390 role=scheduler drained=2 dispatched=0 drain_ns=24110 spins=12
[mono_ns=7252571366866274][T0xfb753002cca0][TIMING] emit_host_span: [STRACE] v=1 pid=1883258 tid=1888752 inv=14 hid=50b590682672cac0 depth=0 name=node.complete ts=7252571366862964 dur=300 run_id=14 task_slot=7 group_index=0 worker_id=7 dispatch_id=14 endpoint_kind=local_mailbox prepare_only=0 role=worker outcome=0
[mono_ns=7252571366876804][T0xfb753002cca0][TIMING] emit_host_span: [STRACE] v=1 pid=1883258 tid=1888752 inv=0 hid=0 depth=0 name=node.scheduler_loop ts=7252571366859534 dur=14180 role=scheduler drained=1 dispatched=0 drain_ns=11900 spins=0
[mono_ns=7252627717602059][T0xfb768d5fb020][ERROR] sync_stream_pair: [device_runner_base.cpp:1775] aclrtSynchronizeStreamWithTimeout (AICPU) failed: 507018
[mono_ns=7252627717664439][T0xfb768d5fb020][ERROR] sync_stream_pair: [device_runner_base.cpp:1776] ACL error detail: 507018 ACL_ERROR_RT_AICPU_EXCEPTION - an AICPU task raised an exception; several distinct on-device mechanisms all surface as this one generic code
[mono_ns=7252627717682479][T0xfb768d5fb020][ERROR] sync_stream_pair: [device_runner_base.cpp:1776] ACL error hint: do NOT read this as 'deadlock' or 'OOM' on its own -- it is a generic host-side code. Grep the host log for 'orch_error_code=' / 'sched_error_code=' / 'sub_class=' to get the device-classified reason, and read the device log for the detector that fired. See docs/troubleshooting/device-error-codes.md
[mono_ns=7252627718118981][T0xfb768d5fb020][ERROR] sync_stream_pair: [device_runner_base.cpp:1776] ACL recent error message: EE9999: Inner Error!
EE9999[PID: 1887795] 2026-09-10-13:54:45.044.509 (EE9999):  This device does not support cross-server communication drv devId=4 localServerId=1023err:0x702001d[FUNC:ExportToShareableHandleV2][FILE:api_impl.cc][LINE:7120]
        TraceBack (most recent call last):
       rtMemExportToShareableHandleV2 execution failed, reason=driver error:feature not support[FUNC~
[mono_ns=7252627718521482][T0xfb768d5fb020][ERROR] recover_device_or_mark_unusable: [device_runner.cpp:763] AICore error 507018: bounded device drain failed: 507014 (force reset will follow in finalize)
[mono_ns=7252627718562782][T0xfb768d5fb020][TIMING] emit_host_span: [STRACE] v=1 pid=1887795 tid=1887795 inv=14 hid=2e8e960a9b608ef3 depth=1 name=chip.run.runner_run ts=7252571364675596 dur=56353881076 
[mono_ns=7252627718689673][T0xfb768d5fb020][ERROR] validate_runtime_impl: [runtime_maker.cpp:945] simpler runtime failed: orch_error_code=0 sched_error_code=100 runtime_status=-100
[mono_ns=7252627718700083][T0xfb768d5fb020][ERROR] validate_runtime_impl: [runtime_maker.cpp:945] error detail: sched_error_code=100 SCHEDULER_TIMEOUT - the scheduler saw no forward progress within its timeout; the sub_class= line below carries the device-classified reason and locators
[mono_ns=7252627718704323][T0xfb768d5fb020][ERROR] validate_runtime_impl: [runtime_maker.cpp:945] error hint: read the sub_class= line below first, then follow the S1-S5 table in the doc; raise SIMPLER_SCHEDULER_TIMEOUT_MS to tell a true deadlock apart from a merely slow kernel. See docs/troubleshooting/device-error-codes.md
[mono_ns=7252627718727723][T0xfb768d5fb020][ERROR] validate_runtime_impl: [runtime_maker.cpp:951] scheduler timeout sub_class=S1:running-stalled (detail=1) completed=1/3 running=1 ready=0 waiting=1 orch_done=1 stuck_task_id=4294967297 stuck_core=24
[mono_ns=7252627718731593][T0xfb768d5fb020][WARN] validate_runtime_impl: [runtime_maker.cpp:967] Skipping tensor copy-back because execution failed
[mono_ns=7252627718738343][T0xfb768d5fb020][TIMING] emit_host_span: [STRACE] v=1 pid=1887795 tid=1887795 inv=14 hid=2e8e960a9b608ef3 depth=1 name=chip.run.validate ts=7252627718571622 dur=163311 
[mono_ns=7252627718747073][T0xfb768d5fb020][TIMING] emit_host_span: [STRACE] v=1 pid=1887795 tid=1887795 inv=14 hid=2e8e960a9b608ef3 depth=1 name=chip.run.claim_release ts=7252627718743773 dur=1290 
[mono_ns=7252627718759673][T0xfb768d5fb020][TIMING] emit_host_span: [STRACE] v=1 pid=1887795 tid=1887795 inv=14 hid=2e8e960a9b608ef3 depth=0 name=chip.run ts=7252571364250185 dur=56354507158 run_id=14 dispatch_id=14 slot_id=0 generation=14 run_epoch=14
[mono_ns=7252627719704037][T0xfb753002cca0][TIMING] emit_host_span: [STRACE] v=1 pid=1883258 tid=1888752 inv=14 hid=50b590682672cac0 depth=0 name=node.complete ts=7252627719625626 dur=60411 run_id=14 task_slot=4 group_index=0 worker_id=4 dispatch_id=14 endpoint_kind=local_mailbox prepare_only=0 role=worker outcome=1
[mono_ns=7252627719762347][T0xfb753002cca0][TIMING] emit_host_span: [STRACE] v=1 pid=1883258 tid=1888752 inv=0 hid=0 depth=0 name=node.scheduler_loop ts=7252627719566866 dur=186601 role=scheduler drained=1 dispatched=0 drain_ns=186261 spins=15198655
[mono_ns=7252627720641350][T0xfb768d5fb020][TIMING] emit_host_span: [STRACE] v=1 pid=1883258 tid=1883258 inv=14 hid=0 depth=0 name=node.post_fence_retirement ts=7252627719745417 dur=889963 run_id=14 slot_id=0 generation=14 role=facade
[mono_ns=7252747735310722][T0xfb768d5fb020][ERROR] file_barrier: [comm_hccl.cpp:218] [comm rank 3] file_barrier('alloc_0_release') timed out after 120s waiting for rank 4
[mono_ns=7252747735463393][T0xfb768d5fb020][WARN] comm_release_domain_windows: [comm_hccl.cpp:1520] [comm rank 3] release_domain: barrier timed out; releasing local state anyway
[mono_ns=7252747755733301][T0xfb768d5fb020][ERROR] file_barrier: [comm_hccl.cpp:218] [comm rank 0] file_barrier('alloc_0_release') timed out after 120s waiting for rank 4
[mono_ns=7252747755781471][T0xfb768d5fb020][WARN] comm_release_domain_windows: [comm_hccl.cpp:1520] [comm rank 0] release_domain: barrier timed out; releasing local state anyway
[mono_ns=7252747756109612][T0xfb768d5fb020][ERROR] file_barrier: [comm_hccl.cpp:218] [comm rank 6] file_barrier('alloc_0_release') timed out after 120s waiting for rank 4
[mono_ns=7252747756255743][T0xfb768d5fb020][WARN] comm_release_domain_windows: [comm_hccl.cpp:1520] [comm rank 6] release_domain: barrier timed out; releasing local state anyway
[mono_ns=7252747756249073][T0xfb768d5fb020][ERROR] file_barrier: [comm_hccl.cpp:218] [comm rank 7] file_barrier('alloc_0_release') timed out after 120s waiting for rank 4
[mono_ns=7252747756332833][T0xfb768d5fb020][WARN] comm_release_domain_windows: [comm_hccl.cpp:1520] [comm rank 7] release_domain: barrier timed out; releasing local state anyway
[mono_ns=7252747758631052][T0xfb768d5fb020][ERROR] file_barrier: [comm_hccl.cpp:218] [comm rank 2] file_barrier('alloc_0_release') timed out after 120s waiting for rank 4
[mono_ns=7252747758735182][T0xfb768d5fb020][WARN] comm_release_domain_windows: [comm_hccl.cpp:1520] [comm rank 2] release_domain: barrier timed out; releasing local state anyway
[mono_ns=7252747760528159][T0xfb768d5fb020][WARN] comm_destroy: [comm_hccl.cpp:1747] [comm rank 4] comm_destroy: final barrier failed during arrival wait for rank 0; releasing local state anyway
[mono_ns=7252747760851890][T0xfb768d5fb020][ERROR] file_barrier: [comm_hccl.cpp:218] [comm rank 5] file_barrier('alloc_0_release') timed out after 120s waiting for rank 4
[mono_ns=7252747760901981][T0xfb768d5fb020][WARN] comm_release_domain_windows: [comm_hccl.cpp:1520] [comm rank 5] release_domain: barrier timed out; releasing local state anyway
[mono_ns=7252747768119568][T0xfb768d5fb020][ERROR] file_barrier: [comm_hccl.cpp:218] [comm rank 1] file_barrier('alloc_0_release') timed out after 120s waiting for rank 4
[mono_ns=7252747768244919][T0xfb768d5fb020][WARN] comm_release_domain_windows: [comm_hccl.cpp:1520] [comm rank 1] release_domain: barrier timed out; releasing local state anyway
[mono_ns=7252749864813664][T0xfb768d5fb020][WARN] force_reset_device: [device_runner.cpp:923] force_reset_device: aclrtResetDeviceForce(4) established a usable device generation (probe confirmed)
[mono_ns=7252750068763480][T0xfb768d5fb020][WARN] finalize_common_impl: [device_runner_base.cpp:1426] Fatal teardown: force reset/quarantine finished; skipping per-resource RTS destroy/free calls
[mono_ns=7252750069068162][T0xfb768d5fb020][WARN] finalize_common_impl: [device_runner_base.cpp:1571] Fatal teardown: host-side ownership cleared without further device calls
[mono_ns=7252750494292922][T0xfb768d5fb020][WARN] finalize: [device_runner.cpp:1062] DeviceRunner finalized after fatal device failure
Traceback (most recent call last):
  File "/opt/pypto-profiling/collectives/a1_alltoallv/harness/all_to_all_v_benchmark.py", line 987, in _timed_session
    runtime.run(compiled, inputs, send_counts, outputs, recv_out, config=run_config)
  File "/opt/pypto/python/pypto/runtime/distributed_runner.py", line 3113, in run
    return self.submit(compiled, *args, config=config).result()
  File "/opt/pypto/python/pypto/runtime/distributed_runner.py", line 234, in result
    raise error
  File "/opt/pypto/python/pypto/runtime/distributed_runner.py", line 197, in result
    native_handle.result(timeout=remaining)
  File "/opt/pypto/runtime/python/simpler/worker.py", line 4401, in result
    self.wait(timeout)
  File "/opt/pypto/runtime/python/simpler/worker.py", line 4392, in wait
    raise published_error
  File "/opt/pypto/runtime/python/simpler/worker.py", line 4346, in wait
    completed = self._worker._wait_run_handle(run_id, remaining)
  File "/opt/pypto/runtime/python/simpler/worker.py", line 11580, in _wait_run_handle
    self._orch._wait_run(run_id)
  File "/opt/pypto/runtime/python/simpler/orchestrator.py", line 840, in _wait_run
    self._o._wait_run(run_id)
RuntimeError: LocalMailboxEndpoint child failed (worker_id=4, code=1): chip_process dev=4: chip run: RuntimeError: chip run lane is poisoned: finalize_native_run failed with code -100 (run_id=14 slot=0 generation=14 dispatch_id=14 run_epoch=14)

During handling of the above exception, another exception occurred:

Traceback (most recent call last):
  File "/opt/pypto-profiling/collectives/a1_alltoallv/harness/all_to_all_v_benchmark.py", line 1202, in <module>
    raise SystemExit(main())
  File "/opt/pypto-profiling/collectives/a1_alltoallv/harness/all_to_all_v_benchmark.py", line 1191, in main
    doc = run_benchmark(args, shape)
  File "/opt/pypto-profiling/collectives/a1_alltoallv/harness/all_to_all_v_benchmark.py", line 1049, in run_benchmark
    host_slots, slot_rank = _timed_session(
  File "/opt/pypto-profiling/collectives/a1_alltoallv/harness/all_to_all_v_benchmark.py", line 975, in _timed_session
    with compiled.prepare(
  File "/opt/pypto/python/pypto/runtime/distributed_runner.py", line 3057, in __exit__
    self.close()
  File "/opt/pypto/python/pypto/runtime/distributed_runner.py", line 3048, in close
    raise first_error
  File "/opt/pypto/python/pypto/runtime/distributed_runner.py", line 3034, in close
    self._w.close()
  File "/opt/pypto/runtime/python/simpler/worker.py", line 12134, in close
    raise result
  File "/opt/pypto/runtime/python/simpler/worker.py", line 12056, in close
    self._teardown_ready_tree()
  File "/opt/pypto/runtime/python/simpler/worker.py", line 12469, in _teardown_ready_tree
    self._teardown_worker_tree(startup_abort=False)
  File "/opt/pypto/runtime/python/simpler/worker.py", line 12352, in _teardown_worker_tree
    raise journal_err
  File "/opt/pypto/runtime/python/simpler/worker.py", line 3882, in drive
    cleanup_fn()
  File "/opt/pypto/runtime/python/simpler/worker.py", line 10252, in _release_all_live_domains
    _raise_first(_release, list(live_domains.values())[::-1])
  File "/opt/pypto/runtime/python/simpler/worker.py", line 1107, in _raise_first
    raise first_error
  File "/opt/pypto/runtime/python/simpler/worker.py", line 1102, in _raise_first
    step(item)
  File "/opt/pypto/runtime/python/simpler/worker.py", line 10247, in _release
    self._release_domain_now(handle)
  File "/opt/pypto/runtime/python/simpler/worker.py", line 9248, in _release_domain_now
    raise result.error
  File "/opt/pypto/runtime/python/simpler/worker.py", line 1339, in invoke
    result.value = operation()
  File "/opt/pypto/runtime/python/simpler/worker.py", line 9232, in release_claim
    self._release_domain_claimed(handle)
  File "/opt/pypto/runtime/python/simpler/worker.py", line 9293, in _release_domain_claimed
    _run_with_owned_shared_memory(
  File "/opt/pypto/runtime/python/simpler/worker.py", line 1643, in _run_with_owned_shared_memory
    raise result.error
  File "/opt/pypto/runtime/python/simpler/worker.py", line 1339, in invoke
    result.value = operation()
  File "/opt/pypto/runtime/python/simpler/worker.py", line 1636, in run_lifecycle
    raise operation_error
  File "/opt/pypto/runtime/python/simpler/worker.py", line 1623, in run_lifecycle
    value = operation(owner)
  File "/opt/pypto/runtime/python/simpler/worker.py", line 9281, in release
    self._dispatch_control_domain(
  File "/opt/pypto/runtime/python/simpler/worker.py", line 9334, in _dispatch_control_domain
    raise RuntimeError(
RuntimeError: release_domain(allocation_id=0) failed on 8/8 chips; first error chip=3: control_release_domain failed on child: chip_process dev=3 ctrl=8: RuntimeError: comm_release_domain_windows failed with code -1
[mono_ns=7252872089280755][T0xfb768d5fb020][WARN] comm_destroy: [comm_hccl.cpp:1747] [comm rank 0] comm_destroy: final barrier failed during departure wait for rank 4; releasing local state anyway
[mono_ns=7252872205295300][T0xfb768d5fb020][WARN] comm_destroy: [comm_hccl.cpp:1800] [comm rank 3] comm_destroy: final release failed during release wait for rank 3
[mono_ns=7252872223286571][T0xfb768d5fb020][WARN] comm_destroy: [comm_hccl.cpp:1800] [comm rank 2] comm_destroy: final release failed during release wait for rank 2
[mono_ns=7252872245742179][T0xfb768d5fb020][WARN] comm_destroy: [comm_hccl.cpp:1800] [comm rank 1] comm_destroy: final release failed during release wait for rank 1
[mono_ns=7252872275305395][T0xfb768d5fb020][WARN] comm_destroy: [comm_hccl.cpp:1800] [comm rank 5] comm_destroy: final release failed during release wait for rank 5
[mono_ns=7252872304659510][T0xfb768d5fb020][WARN] comm_destroy: [comm_hccl.cpp:1800] [comm rank 6] comm_destroy: final release failed during release wait for rank 6
[mono_ns=7252872354873788][T0xfb768d5fb020][WARN] comm_destroy: [comm_hccl.cpp:1800] [comm rank 7] comm_destroy: final release failed during release wait for rank 7
/usr/lib/python3.10/multiprocessing/resource_tracker.py:224: UserWarning: resource_tracker: There appear to be 8 leaked shared_memory objects to clean up at shutdown
  warnings.warn('resource_tracker: There appear to be %d '

