[mono_ns=7176185283228390][T0xea18656bb020][TIMING] emit_host_span: [STRACE] v=1 pid=4170618 tid=4170618 inv=1 hid=f919d62dacb758e0 depth=2 name=chip.run.bind.args ts=7176185283102299 dur=118251 
[mono_ns=7176185283247200][T0xea18656bb020][TIMING] emit_host_span: [STRACE] v=1 pid=4170618 tid=4170618 inv=1 hid=f919d62dacb758e0 depth=2 name=chip.run.bind.prebuilt ts=7176185283240330 dur=4500 
[mono_ns=7176185283252660][T0xea18656bb020][TIMING] emit_host_span: [STRACE] v=1 pid=4170618 tid=4170618 inv=1 hid=f919d62dacb758e0 depth=1 name=chip.run.bind ts=7176185282670677 dur=579463 
[mono_ns=7176185399642503][T0xea18656bb020][TIMING] emit_host_span: [STRACE] v=1 pid=4170618 tid=4170618 inv=1 hid=f919d62dacb758e0 depth=1 name=chip.run.runner_run ts=7176185283913884 dur=115718269 
[mono_ns=7176185399775653][T0xea18656bb020][TIMING] emit_host_span: [STRACE] v=1 pid=4170618 tid=4170618 inv=1 hid=f919d62dacb758e0 depth=1 name=chip.run.validate ts=7176185399653383 dur=117250 
[mono_ns=7176185399783533][T0xea18656bb020][TIMING] emit_host_span: [STRACE] v=1 pid=4170618 tid=4170618 inv=1 hid=f919d62dacb758e0 depth=2 name=chip.run.runner_run.device_wall ts=0 dur=758740 clk=dev
[mono_ns=7176185399788693][T0xea18656bb020][TIMING] emit_host_span: [STRACE] v=1 pid=4170618 tid=4170618 inv=1 hid=f919d62dacb758e0 depth=3 name=chip.run.runner_run.device_wall.preamble ts=0 dur=152780 clk=dev
[mono_ns=7176185399792433][T0xea18656bb020][TIMING] emit_host_span: [STRACE] v=1 pid=4170618 tid=4170618 inv=1 hid=f919d62dacb758e0 depth=3 name=chip.run.runner_run.device_wall.graph_build ts=35780 dur=704900 clk=dev
[mono_ns=7176185399795903][T0xea18656bb020][TIMING] emit_host_span: [STRACE] v=1 pid=4170618 tid=4170618 inv=1 hid=f919d62dacb758e0 depth=3 name=chip.run.runner_run.device_wall.config_validate ts=39199 dur=3100 clk=dev
[mono_ns=7176185399799203][T0xea18656bb020][TIMING] emit_host_span: [STRACE] v=1 pid=4170618 tid=4170618 inv=1 hid=f919d62dacb758e0 depth=3 name=chip.run.runner_run.device_wall.arena_wire ts=42339 dur=11780 clk=dev
[mono_ns=7176185399802373][T0xea18656bb020][TIMING] emit_host_span: [STRACE] v=1 pid=4170618 tid=4170618 inv=1 hid=f919d62dacb758e0 depth=3 name=chip.run.runner_run.device_wall.sm_reset ts=54160 dur=18480 clk=dev
[mono_ns=7176185399805593][T0xea18656bb020][TIMING] emit_host_span: [STRACE] v=1 pid=4170618 tid=4170618 inv=1 hid=f919d62dacb758e0 depth=3 name=chip.run.runner_run.device_wall.post_orch ts=740760 dur=14600 clk=dev
[mono_ns=7176185399808634][T0xea18656bb020][TIMING] emit_host_span: [STRACE] v=1 pid=4170618 tid=4170618 inv=1 hid=f919d62dacb758e0 depth=3 name=chip.run.runner_run.device_wall.orch ts=77380 dur=41920 clk=dev
[mono_ns=7176185399812474][T0xea18656bb020][TIMING] emit_host_span: [STRACE] v=1 pid=4170618 tid=4170618 inv=1 hid=f919d62dacb758e0 depth=3 name=chip.run.runner_run.device_wall.sched ts=154380 dur=563680 clk=dev
[mono_ns=7176185399817894][T0xea18656bb020][TIMING] emit_host_span: [STRACE] v=1 pid=4170618 tid=4170618 inv=1 hid=f919d62dacb758e0 depth=1 name=chip.run.claim_release ts=7176185399815224 dur=710 
[mono_ns=7176185399823074][T0xea18656bb020][TIMING] emit_host_span: [STRACE] v=1 pid=4170618 tid=4170618 inv=1 hid=f919d62dacb758e0 depth=0 name=chip.run ts=7176185282631427 dur=117189597 run_id=1 dispatch_id=1 slot_id=0 generation=1 run_epoch=1
[mono_ns=7176185404880371][T0xea18656bb020][TIMING] emit_host_span: [STRACE] v=1 pid=4170618 tid=4170618 inv=2 hid=f919d62dacb758e0 depth=2 name=chip.run.bind.args ts=7176185404755190 dur=120191 
[mono_ns=7176185404894311][T0xea18656bb020][TIMING] emit_host_span: [STRACE] v=1 pid=4170618 tid=4170618 inv=2 hid=f919d62dacb758e0 depth=2 name=chip.run.bind.prebuilt ts=7176185404888201 dur=3610 
[mono_ns=7176185404898551][T0xea18656bb020][TIMING] emit_host_span: [STRACE] v=1 pid=4170618 tid=4170618 inv=2 hid=f919d62dacb758e0 depth=1 name=chip.run.bind ts=7176185404747240 dur=149231 
[mono_ns=7176185460028431][T0xea17157abca0][WARN] copy_aicore_buffer: [chip_swimlane_collector.cpp:689] Core 1: skipped 1024 AICore record slot(s) with start_time=0 (race-window write or recycled-buffer tail). buf seq=0 count=1024
[mono_ns=7176185460069811][T0xea1715fbbca0][WARN] copy_aicore_buffer: [chip_swimlane_collector.cpp:689] Core 0: skipped 1024 AICore record slot(s) with start_time=0 (race-window write or recycled-buffer tail). buf seq=0 count=1024
[mono_ns=7176185460104461][T0xea17130b1ca0][WARN] copy_aicore_buffer: [chip_swimlane_collector.cpp:689] Core 2: skipped 1024 AICore record slot(s) with start_time=0 (race-window write or recycled-buffer tail). buf seq=0 count=1024
[mono_ns=7176185460363303][T0xea17157abca0][WARN] copy_aicore_buffer: [chip_swimlane_collector.cpp:689] Core 26: skipped 1023 AICore record slot(s) with start_time=0 (race-window write or recycled-buffer tail). buf seq=0 count=1024
[mono_ns=7176185460405893][T0xea1715fbbca0][WARN] copy_aicore_buffer: [chip_swimlane_collector.cpp:689] Core 24: skipped 1024 AICore record slot(s) with start_time=0 (race-window write or recycled-buffer tail). buf seq=0 count=1024
[mono_ns=7176185460426843][T0xea17130b1ca0][WARN] copy_aicore_buffer: [chip_swimlane_collector.cpp:689] Core 28: skipped 1022 AICore record slot(s) with start_time=0 (race-window write or recycled-buffer tail). buf seq=0 count=1024
[mono_ns=7176185460690104][T0xea17157abca0][WARN] copy_aicore_buffer: [chip_swimlane_collector.cpp:689] Core 27: skipped 1024 AICore record slot(s) with start_time=0 (race-window write or recycled-buffer tail). buf seq=0 count=1024
[mono_ns=7176185460725595][T0xea1715fbbca0][WARN] copy_aicore_buffer: [chip_swimlane_collector.cpp:689] Core 25: skipped 1024 AICore record slot(s) with start_time=0 (race-window write or recycled-buffer tail). buf seq=0 count=1024
[mono_ns=7176185460748745][T0xea17130b1ca0][WARN] copy_aicore_buffer: [chip_swimlane_collector.cpp:689] Core 29: skipped 1024 AICore record slot(s) with start_time=0 (race-window write or recycled-buffer tail). buf seq=0 count=1024
[mono_ns=7176185461025506][T0xea17157abca0][WARN] copy_aicore_buffer: [chip_swimlane_collector.cpp:689] Core 4: skipped 1024 AICore record slot(s) with start_time=0 (race-window write or recycled-buffer tail). buf seq=0 count=1024
[mono_ns=7176185461052176][T0xea1715fbbca0][WARN] copy_aicore_buffer: [chip_swimlane_collector.cpp:689] Core 3: skipped 1024 AICore record slot(s) with start_time=0 (race-window write or recycled-buffer tail). buf seq=0 count=1024
[mono_ns=7176185461080337][T0xea17130b1ca0][WARN] copy_aicore_buffer: [chip_swimlane_collector.cpp:689] Core 5: skipped 1024 AICore record slot(s) with start_time=0 (race-window write or recycled-buffer tail). buf seq=0 count=1024
[mono_ns=7176185461364068][T0xea17157abca0][WARN] copy_aicore_buffer: [chip_swimlane_collector.cpp:689] Core 32: skipped 1024 AICore record slot(s) with start_time=0 (race-window write or recycled-buffer tail). buf seq=0 count=1024
[mono_ns=7176185461380918][T0xea1715fbbca0][WARN] copy_aicore_buffer: [chip_swimlane_collector.cpp:689] Core 30: skipped 1024 AICore record slot(s) with start_time=0 (race-window write or recycled-buffer tail). buf seq=0 count=1024
[mono_ns=7176185461403748][T0xea17130b1ca0][WARN] copy_aicore_buffer: [chip_swimlane_collector.cpp:689] Core 34: skipped 1024 AICore record slot(s) with start_time=0 (race-window write or recycled-buffer tail). buf seq=0 count=1024
[mono_ns=7176185461696570][T0xea17157abca0][WARN] copy_aicore_buffer: [chip_swimlane_collector.cpp:689] Core 33: skipped 1024 AICore record slot(s) with start_time=0 (race-window write or recycled-buffer tail). buf seq=0 count=1024
[mono_ns=7176185461704590][T0xea1715fbbca0][WARN] copy_aicore_buffer: [chip_swimlane_collector.cpp:689] Core 31: skipped 1024 AICore record slot(s) with start_time=0 (race-window write or recycled-buffer tail). buf seq=0 count=1024
[mono_ns=7176185461727170][T0xea17130b1ca0][WARN] copy_aicore_buffer: [chip_swimlane_collector.cpp:689] Core 35: skipped 1024 AICore record slot(s) with start_time=0 (race-window write or recycled-buffer tail). buf seq=0 count=1024
[mono_ns=7176185462031632][T0xea1715fbbca0][WARN] copy_aicore_buffer: [chip_swimlane_collector.cpp:689] Core 6: skipped 1024 AICore record slot(s) with start_time=0 (race-window write or recycled-buffer tail). buf seq=0 count=1024
[mono_ns=7176185462035152][T0xea17157abca0][WARN] copy_aicore_buffer: [chip_swimlane_collector.cpp:689] Core 7: skipped 1024 AICore record slot(s) with start_time=0 (race-window write or recycled-buffer tail). buf seq=0 count=1024
[mono_ns=7176185462059182][T0xea17130b1ca0][WARN] copy_aicore_buffer: [chip_swimlane_collector.cpp:689] Core 8: skipped 1024 AICore record slot(s) with start_time=0 (race-window write or recycled-buffer tail). buf seq=0 count=1024
[mono_ns=7176185462354523][T0xea1715fbbca0][WARN] copy_aicore_buffer: [chip_swimlane_collector.cpp:689] Core 36: skipped 1024 AICore record slot(s) with start_time=0 (race-window write or recycled-buffer tail). buf seq=0 count=1024
[mono_ns=7176185462369414][T0xea17157abca0][WARN] copy_aicore_buffer: [chip_swimlane_collector.cpp:689] Core 38: skipped 1024 AICore record slot(s) with start_time=0 (race-window write or recycled-buffer tail). buf seq=0 count=1024
[mono_ns=7176185462378804][T0xea17130b1ca0][WARN] copy_aicore_buffer: [chip_swimlane_collector.cpp:689] Core 40: skipped 1024 AICore record slot(s) with start_time=0 (race-window write or recycled-buffer tail). buf seq=0 count=1024
[mono_ns=7176185462680185][T0xea1715fbbca0][WARN] copy_aicore_buffer: [chip_swimlane_collector.cpp:689] Core 37: skipped 1024 AICore record slot(s) with start_time=0 (race-window write or recycled-buffer tail). buf seq=0 count=1024
[mono_ns=7176185462697305][T0xea17157abca0][WARN] copy_aicore_buffer: [chip_swimlane_collector.cpp:689] Core 39: skipped 1024 AICore record slot(s) with start_time=0 (race-window write or recycled-buffer tail). buf seq=0 count=1024
[mono_ns=7176185462701015][T0xea17130b1ca0][WARN] copy_aicore_buffer: [chip_swimlane_collector.cpp:689] Core 41: skipped 1024 AICore record slot(s) with start_time=0 (race-window write or recycled-buffer tail). buf seq=0 count=1024
[mono_ns=7176185463010007][T0xea1715fbbca0][WARN] copy_aicore_buffer: [chip_swimlane_collector.cpp:689] Core 9: skipped 1024 AICore record slot(s) with start_time=0 (race-window write or recycled-buffer tail). buf seq=0 count=1024
[mono_ns=7176185463029067][T0xea17130b1ca0][WARN] copy_aicore_buffer: [chip_swimlane_collector.cpp:689] Core 11: skipped 1024 AICore record slot(s) with start_time=0 (race-window write or recycled-buffer tail). buf seq=0 count=1024
[mono_ns=7176185463035897][T0xea17157abca0][WARN] copy_aicore_buffer: [chip_swimlane_collector.cpp:689] Core 10: skipped 1024 AICore record slot(s) with start_time=0 (race-window write or recycled-buffer tail). buf seq=0 count=1024
[mono_ns=7176185463333139][T0xea1715fbbca0][WARN] copy_aicore_buffer: [chip_swimlane_collector.cpp:689] Core 42: skipped 1024 AICore record slot(s) with start_time=0 (race-window write or recycled-buffer tail). buf seq=0 count=1024
[mono_ns=7176185463350609][T0xea17130b1ca0][WARN] copy_aicore_buffer: [chip_swimlane_collector.cpp:689] Core 46: skipped 1024 AICore record slot(s) with start_time=0 (race-window write or recycled-buffer tail). buf seq=0 count=1024
[mono_ns=7176185463366719][T0xea17157abca0][WARN] copy_aicore_buffer: [chip_swimlane_collector.cpp:689] Core 44: skipped 1024 AICore record slot(s) with start_time=0 (race-window write or recycled-buffer tail). buf seq=0 count=1024
[mono_ns=7176185463655641][T0xea1715fbbca0][WARN] copy_aicore_buffer: [chip_swimlane_collector.cpp:689] Core 43: skipped 1024 AICore record slot(s) with start_time=0 (race-window write or recycled-buffer tail). buf seq=0 count=1024
[mono_ns=7176185463672711][T0xea17130b1ca0][WARN] copy_aicore_buffer: [chip_swimlane_collector.cpp:689] Core 47: skipped 1024 AICore record slot(s) with start_time=0 (race-window write or recycled-buffer tail). buf seq=0 count=1024
[mono_ns=7176185463696561][T0xea17157abca0][WARN] copy_aicore_buffer: [chip_swimlane_collector.cpp:689] Core 45: skipped 1024 AICore record slot(s) with start_time=0 (race-window write or recycled-buffer tail). buf seq=0 count=1024
[mono_ns=7176185463978772][T0xea1715fbbca0][WARN] copy_aicore_buffer: [chip_swimlane_collector.cpp:689] Core 12: skipped 1024 AICore record slot(s) with start_time=0 (race-window write or recycled-buffer tail). buf seq=0 count=1024
[mono_ns=7176185463994832][T0xea17130b1ca0][WARN] copy_aicore_buffer: [chip_swimlane_collector.cpp:689] Core 14: skipped 1024 AICore record slot(s) with start_time=0 (race-window write or recycled-buffer tail). buf seq=0 count=1024
[mono_ns=7176185464035053][T0xea17157abca0][WARN] copy_aicore_buffer: [chip_swimlane_collector.cpp:689] Core 13: skipped 1024 AICore record slot(s) with start_time=0 (race-window write or recycled-buffer tail). buf seq=0 count=1024
[mono_ns=7176185464307174][T0xea1715fbbca0][WARN] copy_aicore_buffer: [chip_swimlane_collector.cpp:689] Core 48: skipped 1024 AICore record slot(s) with start_time=0 (race-window write or recycled-buffer tail). buf seq=0 count=1024
[mono_ns=7176185464318674][T0xea17130b1ca0][WARN] copy_aicore_buffer: [chip_swimlane_collector.cpp:689] Core 52: skipped 1024 AICore record slot(s) with start_time=0 (race-window write or recycled-buffer tail). buf seq=0 count=1024
[mono_ns=7176185464370494][T0xea17157abca0][WARN] copy_aicore_buffer: [chip_swimlane_collector.cpp:689] Core 50: skipped 1024 AICore record slot(s) with start_time=0 (race-window write or recycled-buffer tail). buf seq=0 count=1024
[mono_ns=7176185464628866][T0xea1715fbbca0][WARN] copy_aicore_buffer: [chip_swimlane_collector.cpp:689] Core 49: skipped 1024 AICore record slot(s) with start_time=0 (race-window write or recycled-buffer tail). buf seq=0 count=1024
[mono_ns=7176185464636566][T0xea17130b1ca0][WARN] copy_aicore_buffer: [chip_swimlane_collector.cpp:689] Core 53: skipped 1024 AICore record slot(s) with start_time=0 (race-window write or recycled-buffer tail). buf seq=0 count=1024
[mono_ns=7176185464702806][T0xea17157abca0][WARN] copy_aicore_buffer: [chip_swimlane_collector.cpp:689] Core 51: skipped 1024 AICore record slot(s) with start_time=0 (race-window write or recycled-buffer tail). buf seq=0 count=1024
[mono_ns=7176185464951388][T0xea1715fbbca0][WARN] copy_aicore_buffer: [chip_swimlane_collector.cpp:689] Core 15: skipped 1024 AICore record slot(s) with start_time=0 (race-window write or recycled-buffer tail). buf seq=0 count=1024
[mono_ns=7176185464955058][T0xea17130b1ca0][WARN] copy_aicore_buffer: [chip_swimlane_collector.cpp:689] Core 17: skipped 1024 AICore record slot(s) with start_time=0 (race-window write or recycled-buffer tail). buf seq=0 count=1024
[mono_ns=7176185465043178][T0xea17157abca0][WARN] copy_aicore_buffer: [chip_swimlane_collector.cpp:689] Core 16: skipped 1024 AICore record slot(s) with start_time=0 (race-window write or recycled-buffer tail). buf seq=0 count=1024
[mono_ns=7176185465282869][T0xea17130b1ca0][WARN] copy_aicore_buffer: [chip_swimlane_collector.cpp:689] Core 58: skipped 1024 AICore record slot(s) with start_time=0 (race-window write or recycled-buffer tail). buf seq=0 count=1024
[mono_ns=7176185465285349][T0xea1715fbbca0][WARN] copy_aicore_buffer: [chip_swimlane_collector.cpp:689] Core 54: skipped 1024 AICore record slot(s) with start_time=0 (race-window write or recycled-buffer tail). buf seq=0 count=1024
[mono_ns=7176185465373410][T0xea17157abca0][WARN] copy_aicore_buffer: [chip_swimlane_collector.cpp:689] Core 56: skipped 1024 AICore record slot(s) with start_time=0 (race-window write or recycled-buffer tail). buf seq=0 count=1024
[mono_ns=7176185465604201][T0xea1715fbbca0][WARN] copy_aicore_buffer: [chip_swimlane_collector.cpp:689] Core 55: skipped 1024 AICore record slot(s) with start_time=0 (race-window write or recycled-buffer tail). buf seq=0 count=1024
[mono_ns=7176185465607631][T0xea17130b1ca0][WARN] copy_aicore_buffer: [chip_swimlane_collector.cpp:689] Core 59: skipped 1024 AICore record slot(s) with start_time=0 (race-window write or recycled-buffer tail). buf seq=0 count=1024
[mono_ns=7176185465705432][T0xea17157abca0][WARN] copy_aicore_buffer: [chip_swimlane_collector.cpp:689] Core 57: skipped 1024 AICore record slot(s) with start_time=0 (race-window write or recycled-buffer tail). buf seq=0 count=1024
[mono_ns=7176185465929033][T0xea17130b1ca0][WARN] copy_aicore_buffer: [chip_swimlane_collector.cpp:689] Core 20: skipped 1024 AICore record slot(s) with start_time=0 (race-window write or recycled-buffer tail). buf seq=0 count=1024
[mono_ns=7176185465929263][T0xea1715fbbca0][WARN] copy_aicore_buffer: [chip_swimlane_collector.cpp:689] Core 18: skipped 1024 AICore record slot(s) with start_time=0 (race-window write or recycled-buffer tail). buf seq=0 count=1024
[mono_ns=7176185466045104][T0xea17157abca0][WARN] copy_aicore_buffer: [chip_swimlane_collector.cpp:689] Core 19: skipped 1024 AICore record slot(s) with start_time=0 (race-window write or recycled-buffer tail). buf seq=0 count=1024
[mono_ns=7176185466259935][T0xea1715fbbca0][WARN] copy_aicore_buffer: [chip_swimlane_collector.cpp:689] Core 60: skipped 1024 AICore record slot(s) with start_time=0 (race-window write or recycled-buffer tail). buf seq=0 count=1024
[mono_ns=7176185466263355][T0xea17130b1ca0][WARN] copy_aicore_buffer: [chip_swimlane_collector.cpp:689] Core 64: skipped 1024 AICore record slot(s) with start_time=0 (race-window write or recycled-buffer tail). buf seq=0 count=1024
[mono_ns=7176185466376635][T0xea17157abca0][WARN] copy_aicore_buffer: [chip_swimlane_collector.cpp:689] Core 62: skipped 1024 AICore record slot(s) with start_time=0 (race-window write or recycled-buffer tail). buf seq=0 count=1024
[mono_ns=7176185466581896][T0xea17130b1ca0][WARN] copy_aicore_buffer: [chip_swimlane_collector.cpp:689] Core 65: skipped 1024 AICore record slot(s) with start_time=0 (race-window write or recycled-buffer tail). buf seq=0 count=1024
[mono_ns=7176185466586316][T0xea1715fbbca0][WARN] copy_aicore_buffer: [chip_swimlane_collector.cpp:689] Core 61: skipped 1024 AICore record slot(s) with start_time=0 (race-window write or recycled-buffer tail). buf seq=0 count=1024
[mono_ns=7176185466707677][T0xea17157abca0][WARN] copy_aicore_buffer: [chip_swimlane_collector.cpp:689] Core 63: skipped 1024 AICore record slot(s) with start_time=0 (race-window write or recycled-buffer tail). buf seq=0 count=1024
[mono_ns=7176185466905508][T0xea17130b1ca0][WARN] copy_aicore_buffer: [chip_swimlane_collector.cpp:689] Core 23: skipped 1024 AICore record slot(s) with start_time=0 (race-window write or recycled-buffer tail). buf seq=0 count=1024
[mono_ns=7176185466906728][T0xea1715fbbca0][WARN] copy_aicore_buffer: [chip_swimlane_collector.cpp:689] Core 21: skipped 1024 AICore record slot(s) with start_time=0 (race-window write or recycled-buffer tail). buf seq=0 count=1024
[mono_ns=7176185467044389][T0xea17157abca0][WARN] copy_aicore_buffer: [chip_swimlane_collector.cpp:689] Core 22: skipped 1024 AICore record slot(s) with start_time=0 (race-window write or recycled-buffer tail). buf seq=0 count=1024
[mono_ns=7176185467233980][T0xea1715fbbca0][WARN] copy_aicore_buffer: [chip_swimlane_collector.cpp:689] Core 66: skipped 1024 AICore record slot(s) with start_time=0 (race-window write or recycled-buffer tail). buf seq=0 count=1024
[mono_ns=7176185467239080][T0xea17130b1ca0][WARN] copy_aicore_buffer: [chip_swimlane_collector.cpp:689] Core 70: skipped 1024 AICore record slot(s) with start_time=0 (race-window write or recycled-buffer tail). buf seq=0 count=1024
[mono_ns=7176185467375011][T0xea17157abca0][WARN] copy_aicore_buffer: [chip_swimlane_collector.cpp:689] Core 68: skipped 1024 AICore record slot(s) with start_time=0 (race-window write or recycled-buffer tail). buf seq=0 count=1024
[mono_ns=7176185467558682][T0xea1715fbbca0][WARN] copy_aicore_buffer: [chip_swimlane_collector.cpp:689] Core 67: skipped 1024 AICore record slot(s) with start_time=0 (race-window write or recycled-buffer tail). buf seq=0 count=1024
[mono_ns=7176185467559392][T0xea17130b1ca0][WARN] copy_aicore_buffer: [chip_swimlane_collector.cpp:689] Core 71: skipped 1024 AICore record slot(s) with start_time=0 (race-window write or recycled-buffer tail). buf seq=0 count=1024
[mono_ns=7176185467705093][T0xea17157abca0][WARN] copy_aicore_buffer: [chip_swimlane_collector.cpp:689] Core 69: skipped 1024 AICore record slot(s) with start_time=0 (race-window write or recycled-buffer tail). buf seq=0 count=1024
[mono_ns=7176185568197049][T0xea18656bb020][TIMING] emit_host_span: [STRACE] v=1 pid=4170618 tid=4170618 inv=2 hid=f919d62dacb758e0 depth=1 name=chip.run.runner_run ts=7176185457961300 dur=110229429 
[mono_ns=7176185568301529][T0xea18656bb020][TIMING] emit_host_span: [STRACE] v=1 pid=4170618 tid=4170618 inv=2 hid=f919d62dacb758e0 depth=1 name=chip.run.validate ts=7176185568204969 dur=93170 
[mono_ns=7176185568309919][T0xea18656bb020][TIMING] emit_host_span: [STRACE] v=1 pid=4170618 tid=4170618 inv=2 hid=f919d62dacb758e0 depth=2 name=chip.run.runner_run.device_wall ts=0 dur=302599 clk=dev
[mono_ns=7176185568315509][T0xea18656bb020][TIMING] emit_host_span: [STRACE] v=1 pid=4170618 tid=4170618 inv=2 hid=f919d62dacb758e0 depth=3 name=chip.run.runner_run.device_wall.preamble ts=0 dur=137500 clk=dev
[mono_ns=7176185568320329][T0xea18656bb020][TIMING] emit_host_span: [STRACE] v=1 pid=4170618 tid=4170618 inv=2 hid=f919d62dacb758e0 depth=3 name=chip.run.runner_run.device_wall.graph_build ts=131500 dur=161560 clk=dev
[mono_ns=7176185568324329][T0xea18656bb020][TIMING] emit_host_span: [STRACE] v=1 pid=4170618 tid=4170618 inv=2 hid=f919d62dacb758e0 depth=3 name=chip.run.runner_run.device_wall.config_validate ts=131660 dur=1120 clk=dev
[mono_ns=7176185568328269][T0xea18656bb020][TIMING] emit_host_span: [STRACE] v=1 pid=4170618 tid=4170618 inv=2 hid=f919d62dacb758e0 depth=3 name=chip.run.runner_run.device_wall.arena_wire ts=132800 dur=640 clk=dev
[mono_ns=7176185568331509][T0xea18656bb020][TIMING] emit_host_span: [STRACE] v=1 pid=4170618 tid=4170618 inv=2 hid=f919d62dacb758e0 depth=3 name=chip.run.runner_run.device_wall.sm_reset ts=133460 dur=919 clk=dev
[mono_ns=7176185568334749][T0xea18656bb020][TIMING] emit_host_span: [STRACE] v=1 pid=4170618 tid=4170618 inv=2 hid=f919d62dacb758e0 depth=3 name=chip.run.runner_run.device_wall.post_orch ts=293100 dur=9300 clk=dev
[mono_ns=7176185568337819][T0xea18656bb020][TIMING] emit_host_span: [STRACE] v=1 pid=4170618 tid=4170618 inv=2 hid=f919d62dacb758e0 depth=3 name=chip.run.runner_run.device_wall.orch ts=134420 dur=4660 clk=dev
[mono_ns=7176185568341069][T0xea18656bb020][TIMING] emit_host_span: [STRACE] v=1 pid=4170618 tid=4170618 inv=2 hid=f919d62dacb758e0 depth=3 name=chip.run.runner_run.device_wall.sched ts=137660 dur=129759 clk=dev
[mono_ns=7176185568345750][T0xea18656bb020][TIMING] emit_host_span: [STRACE] v=1 pid=4170618 tid=4170618 inv=2 hid=f919d62dacb758e0 depth=1 name=chip.run.claim_release ts=7176185568343560 dur=400 
[mono_ns=7176185568350900][T0xea18656bb020][TIMING] emit_host_span: [STRACE] v=1 pid=4170618 tid=4170618 inv=2 hid=f919d62dacb758e0 depth=0 name=chip.run ts=7176185404718260 dur=163630180 run_id=2 dispatch_id=2 slot_id=0 generation=2 run_epoch=2
[mono_ns=7176186795455249][T0xea18656bb020][TIMING] emit_host_span: [STRACE] v=1 pid=4170618 tid=4170618 inv=3 hid=f919d62dacb758e0 depth=2 name=chip.run.bind.args ts=7176186795272498 dur=175701 
[mono_ns=7176186795475469][T0xea18656bb020][TIMING] emit_host_span: [STRACE] v=1 pid=4170618 tid=4170618 inv=3 hid=f919d62dacb758e0 depth=2 name=chip.run.bind.prebuilt ts=7176186795468459 dur=4400 
[mono_ns=7176186795481129][T0xea18656bb020][TIMING] emit_host_span: [STRACE] v=1 pid=4170618 tid=4170618 inv=3 hid=f919d62dacb758e0 depth=1 name=chip.run.bind ts=7176186795260478 dur=217371 
[mono_ns=7176186899977437][T0xea18656bb020][TIMING] emit_host_span: [STRACE] v=1 pid=4170618 tid=4170618 inv=3 hid=f919d62dacb758e0 depth=1 name=chip.run.runner_run ts=7176186795733841 dur=104232616 
[mono_ns=7176186900093488][T0xea18656bb020][TIMING] emit_host_span: [STRACE] v=1 pid=4170618 tid=4170618 inv=3 hid=f919d62dacb758e0 depth=1 name=chip.run.validate ts=7176186899988177 dur=100131 
[mono_ns=7176186900101408][T0xea18656bb020][TIMING] emit_host_span: [STRACE] v=1 pid=4170618 tid=4170618 inv=3 hid=f919d62dacb758e0 depth=2 name=chip.run.runner_run.device_wall ts=0 dur=3838620 clk=dev
[mono_ns=7176186900106288][T0xea18656bb020][TIMING] emit_host_span: [STRACE] v=1 pid=4170618 tid=4170618 inv=3 hid=f919d62dacb758e0 depth=3 name=chip.run.runner_run.device_wall.preamble ts=0 dur=8000 clk=dev
[mono_ns=7176186900110168][T0xea18656bb020][TIMING] emit_host_span: [STRACE] v=1 pid=4170618 tid=4170618 inv=3 hid=f919d62dacb758e0 depth=3 name=chip.run.runner_run.device_wall.graph_build ts=1400 dur=3826720 clk=dev
[mono_ns=7176186900113838][T0xea18656bb020][TIMING] emit_host_span: [STRACE] v=1 pid=4170618 tid=4170618 inv=3 hid=f919d62dacb758e0 depth=3 name=chip.run.runner_run.device_wall.config_validate ts=1579 dur=1300 clk=dev
[mono_ns=7176186900117378][T0xea18656bb020][TIMING] emit_host_span: [STRACE] v=1 pid=4170618 tid=4170618 inv=3 hid=f919d62dacb758e0 depth=3 name=chip.run.runner_run.device_wall.arena_wire ts=2900 dur=440 clk=dev
[mono_ns=7176186900120818][T0xea18656bb020][TIMING] emit_host_span: [STRACE] v=1 pid=4170618 tid=4170618 inv=3 hid=f919d62dacb758e0 depth=3 name=chip.run.runner_run.device_wall.sm_reset ts=3360 dur=960 clk=dev
[mono_ns=7176186900124358][T0xea18656bb020][TIMING] emit_host_span: [STRACE] v=1 pid=4170618 tid=4170618 inv=3 hid=f919d62dacb758e0 depth=3 name=chip.run.runner_run.device_wall.post_orch ts=3828160 dur=10100 clk=dev
[mono_ns=7176186900128288][T0xea18656bb020][TIMING] emit_host_span: [STRACE] v=1 pid=4170618 tid=4170618 inv=3 hid=f919d62dacb758e0 depth=3 name=chip.run.runner_run.device_wall.orch ts=5080 dur=9280 clk=dev
[mono_ns=7176186900131708][T0xea18656bb020][TIMING] emit_host_span: [STRACE] v=1 pid=4170618 tid=4170618 inv=3 hid=f919d62dacb758e0 depth=3 name=chip.run.runner_run.device_wall.sched ts=8240 dur=3812040 clk=dev
[mono_ns=7176186900136738][T0xea18656bb020][TIMING] emit_host_span: [STRACE] v=1 pid=4170618 tid=4170618 inv=3 hid=f919d62dacb758e0 depth=1 name=chip.run.claim_release ts=7176186900134578 dur=310 
[mono_ns=7176186900141818][T0xea18656bb020][TIMING] emit_host_span: [STRACE] v=1 pid=4170618 tid=4170618 inv=3 hid=f919d62dacb758e0 depth=0 name=chip.run ts=7176186795207718 dur=104932100 run_id=3 dispatch_id=3 slot_id=0 generation=3 run_epoch=3
[mono_ns=7176186958492415][T0xea18656bb020][TIMING] emit_host_span: [STRACE] v=1 pid=4170618 tid=4170618 inv=4 hid=f919d62dacb758e0 depth=2 name=chip.run.bind.args ts=7176186958354395 dur=130990 
[mono_ns=7176186958512436][T0xea18656bb020][TIMING] emit_host_span: [STRACE] v=1 pid=4170618 tid=4170618 inv=4 hid=f919d62dacb758e0 depth=2 name=chip.run.bind.prebuilt ts=7176186958504435 dur=5610 
[mono_ns=7176186958517246][T0xea18656bb020][TIMING] emit_host_span: [STRACE] v=1 pid=4170618 tid=4170618 inv=4 hid=f919d62dacb758e0 depth=1 name=chip.run.bind ts=7176186958344155 dur=170611 
[mono_ns=7176186959594491][T0xea1715fbbca0][WARN] copy_aicore_buffer: [chip_swimlane_collector.cpp:689] Core 0: skipped 1024 AICore record slot(s) with start_time=0 (race-window write or recycled-buffer tail). buf seq=0 count=1024
[mono_ns=7176186959684732][T0xea17130b1ca0][WARN] copy_aicore_buffer: [chip_swimlane_collector.cpp:689] Core 2: skipped 1024 AICore record slot(s) with start_time=0 (race-window write or recycled-buffer tail). buf seq=0 count=1024
[mono_ns=7176186959684012][T0xea17157abca0][WARN] copy_aicore_buffer: [chip_swimlane_collector.cpp:689] Core 1: skipped 1024 AICore record slot(s) with start_time=0 (race-window write or recycled-buffer tail). buf seq=0 count=1024
[mono_ns=7176186959961793][T0xea1715fbbca0][WARN] copy_aicore_buffer: [chip_swimlane_collector.cpp:689] Core 24: skipped 1023 AICore record slot(s) with start_time=0 (race-window write or recycled-buffer tail). buf seq=0 count=1024
[mono_ns=7176186960016774][T0xea17130b1ca0][WARN] copy_aicore_buffer: [chip_swimlane_collector.cpp:689] Core 28: skipped 1024 AICore record slot(s) with start_time=0 (race-window write or recycled-buffer tail). buf seq=0 count=1024
[mono_ns=7176186960028334][T0xea17157abca0][WARN] copy_aicore_buffer: [chip_swimlane_collector.cpp:689] Core 26: skipped 1022 AICore record slot(s) with start_time=0 (race-window write or recycled-buffer tail). buf seq=0 count=1024
[mono_ns=7176186960288415][T0xea1715fbbca0][WARN] copy_aicore_buffer: [chip_swimlane_collector.cpp:689] Core 25: skipped 1024 AICore record slot(s) with start_time=0 (race-window write or recycled-buffer tail). buf seq=0 count=1024
[mono_ns=7176186960331475][T0xea17130b1ca0][WARN] copy_aicore_buffer: [chip_swimlane_collector.cpp:689] Core 29: skipped 1024 AICore record slot(s) with start_time=0 (race-window write or recycled-buffer tail). buf seq=0 count=1024
[mono_ns=7176186960350336][T0xea17157abca0][WARN] copy_aicore_buffer: [chip_swimlane_collector.cpp:689] Core 27: skipped 1024 AICore record slot(s) with start_time=0 (race-window write or recycled-buffer tail). buf seq=0 count=1024
[mono_ns=7176186960604547][T0xea1715fbbca0][WARN] copy_aicore_buffer: [chip_swimlane_collector.cpp:689] Core 3: skipped 1024 AICore record slot(s) with start_time=0 (race-window write or recycled-buffer tail). buf seq=0 count=1024
[mono_ns=7176186960647207][T0xea17130b1ca0][WARN] copy_aicore_buffer: [chip_swimlane_collector.cpp:689] Core 5: skipped 1024 AICore record slot(s) with start_time=0 (race-window write or recycled-buffer tail). buf seq=0 count=1024
[mono_ns=7176186960676357][T0xea17157abca0][WARN] copy_aicore_buffer: [chip_swimlane_collector.cpp:689] Core 4: skipped 1024 AICore record slot(s) with start_time=0 (race-window write or recycled-buffer tail). buf seq=0 count=1024
[mono_ns=7176186960922269][T0xea1715fbbca0][WARN] copy_aicore_buffer: [chip_swimlane_collector.cpp:689] Core 30: skipped 1024 AICore record slot(s) with start_time=0 (race-window write or recycled-buffer tail). buf seq=0 count=1024
[mono_ns=7176186960962509][T0xea17130b1ca0][WARN] copy_aicore_buffer: [chip_swimlane_collector.cpp:689] Core 34: skipped 1024 AICore record slot(s) with start_time=0 (race-window write or recycled-buffer tail). buf seq=0 count=1024
[mono_ns=7176186961016869][T0xea17157abca0][WARN] copy_aicore_buffer: [chip_swimlane_collector.cpp:689] Core 32: skipped 1024 AICore record slot(s) with start_time=0 (race-window write or recycled-buffer tail). buf seq=0 count=1024
[mono_ns=7176186961247590][T0xea1715fbbca0][WARN] copy_aicore_buffer: [chip_swimlane_collector.cpp:689] Core 31: skipped 1024 AICore record slot(s) with start_time=0 (race-window write or recycled-buffer tail). buf seq=0 count=1024
[mono_ns=7176186961287971][T0xea17130b1ca0][WARN] copy_aicore_buffer: [chip_swimlane_collector.cpp:689] Core 35: skipped 1024 AICore record slot(s) with start_time=0 (race-window write or recycled-buffer tail). buf seq=0 count=1024
[mono_ns=7176186961339501][T0xea17157abca0][WARN] copy_aicore_buffer: [chip_swimlane_collector.cpp:689] Core 33: skipped 1024 AICore record slot(s) with start_time=0 (race-window write or recycled-buffer tail). buf seq=0 count=1024
[mono_ns=7176186961564302][T0xea1715fbbca0][WARN] copy_aicore_buffer: [chip_swimlane_collector.cpp:689] Core 6: skipped 1024 AICore record slot(s) with start_time=0 (race-window write or recycled-buffer tail). buf seq=0 count=1024
[mono_ns=7176186961604232][T0xea17130b1ca0][WARN] copy_aicore_buffer: [chip_swimlane_collector.cpp:689] Core 8: skipped 1024 AICore record slot(s) with start_time=0 (race-window write or recycled-buffer tail). buf seq=0 count=1024
[mono_ns=7176186961663583][T0xea17157abca0][WARN] copy_aicore_buffer: [chip_swimlane_collector.cpp:689] Core 7: skipped 1024 AICore record slot(s) with start_time=0 (race-window write or recycled-buffer tail). buf seq=0 count=1024
[mono_ns=7176186961879674][T0xea1715fbbca0][WARN] copy_aicore_buffer: [chip_swimlane_collector.cpp:689] Core 36: skipped 1024 AICore record slot(s) with start_time=0 (race-window write or recycled-buffer tail). buf seq=0 count=1024
[mono_ns=7176186961949144][T0xea17130b1ca0][WARN] copy_aicore_buffer: [chip_swimlane_collector.cpp:689] Core 40: skipped 1024 AICore record slot(s) with start_time=0 (race-window write or recycled-buffer tail). buf seq=0 count=1024
[mono_ns=7176186961987084][T0xea17157abca0][WARN] copy_aicore_buffer: [chip_swimlane_collector.cpp:689] Core 38: skipped 1024 AICore record slot(s) with start_time=0 (race-window write or recycled-buffer tail). buf seq=0 count=1024
[mono_ns=7176186962204336][T0xea1715fbbca0][WARN] copy_aicore_buffer: [chip_swimlane_collector.cpp:689] Core 37: skipped 1024 AICore record slot(s) with start_time=0 (race-window write or recycled-buffer tail). buf seq=0 count=1024
[mono_ns=7176186962273946][T0xea17130b1ca0][WARN] copy_aicore_buffer: [chip_swimlane_collector.cpp:689] Core 41: skipped 1024 AICore record slot(s) with start_time=0 (race-window write or recycled-buffer tail). buf seq=0 count=1024
[mono_ns=7176186962317196][T0xea17157abca0][WARN] copy_aicore_buffer: [chip_swimlane_collector.cpp:689] Core 39: skipped 1024 AICore record slot(s) with start_time=0 (race-window write or recycled-buffer tail). buf seq=0 count=1024
[mono_ns=7176186962519277][T0xea1715fbbca0][WARN] copy_aicore_buffer: [chip_swimlane_collector.cpp:689] Core 9: skipped 1024 AICore record slot(s) with start_time=0 (race-window write or recycled-buffer tail). buf seq=0 count=1024
[mono_ns=7176186962590568][T0xea17130b1ca0][WARN] copy_aicore_buffer: [chip_swimlane_collector.cpp:689] Core 11: skipped 1024 AICore record slot(s) with start_time=0 (race-window write or recycled-buffer tail). buf seq=0 count=1024
[mono_ns=7176186962641508][T0xea17157abca0][WARN] copy_aicore_buffer: [chip_swimlane_collector.cpp:689] Core 10: skipped 1024 AICore record slot(s) with start_time=0 (race-window write or recycled-buffer tail). buf seq=0 count=1024
[mono_ns=7176186962835579][T0xea1715fbbca0][WARN] copy_aicore_buffer: [chip_swimlane_collector.cpp:689] Core 42: skipped 1024 AICore record slot(s) with start_time=0 (race-window write or recycled-buffer tail). buf seq=0 count=1024
[mono_ns=7176186962903929][T0xea17130b1ca0][WARN] copy_aicore_buffer: [chip_swimlane_collector.cpp:689] Core 46: skipped 1024 AICore record slot(s) with start_time=0 (race-window write or recycled-buffer tail). buf seq=0 count=1024
[mono_ns=7176186962967250][T0xea17157abca0][WARN] copy_aicore_buffer: [chip_swimlane_collector.cpp:689] Core 44: skipped 1024 AICore record slot(s) with start_time=0 (race-window write or recycled-buffer tail). buf seq=0 count=1024
[mono_ns=7176186963160961][T0xea1715fbbca0][WARN] copy_aicore_buffer: [chip_swimlane_collector.cpp:689] Core 43: skipped 1024 AICore record slot(s) with start_time=0 (race-window write or recycled-buffer tail). buf seq=0 count=1024
[mono_ns=7176186963229841][T0xea17130b1ca0][WARN] copy_aicore_buffer: [chip_swimlane_collector.cpp:689] Core 47: skipped 1024 AICore record slot(s) with start_time=0 (race-window write or recycled-buffer tail). buf seq=0 count=1024
[mono_ns=7176186963300152][T0xea17157abca0][WARN] copy_aicore_buffer: [chip_swimlane_collector.cpp:689] Core 45: skipped 1024 AICore record slot(s) with start_time=0 (race-window write or recycled-buffer tail). buf seq=0 count=1024
[mono_ns=7176186963476212][T0xea1715fbbca0][WARN] copy_aicore_buffer: [chip_swimlane_collector.cpp:689] Core 12: skipped 1024 AICore record slot(s) with start_time=0 (race-window write or recycled-buffer tail). buf seq=0 count=1024
[mono_ns=7176186963545103][T0xea17130b1ca0][WARN] copy_aicore_buffer: [chip_swimlane_collector.cpp:689] Core 14: skipped 1024 AICore record slot(s) with start_time=0 (race-window write or recycled-buffer tail). buf seq=0 count=1024
[mono_ns=7176186963623783][T0xea17157abca0][WARN] copy_aicore_buffer: [chip_swimlane_collector.cpp:689] Core 13: skipped 1024 AICore record slot(s) with start_time=0 (race-window write or recycled-buffer tail). buf seq=0 count=1024
[mono_ns=7176186963792034][T0xea1715fbbca0][WARN] copy_aicore_buffer: [chip_swimlane_collector.cpp:689] Core 48: skipped 1024 AICore record slot(s) with start_time=0 (race-window write or recycled-buffer tail). buf seq=0 count=1024
[mono_ns=7176186963860335][T0xea17130b1ca0][WARN] copy_aicore_buffer: [chip_swimlane_collector.cpp:689] Core 52: skipped 1024 AICore record slot(s) with start_time=0 (race-window write or recycled-buffer tail). buf seq=0 count=1024
[mono_ns=7176186963947645][T0xea17157abca0][WARN] copy_aicore_buffer: [chip_swimlane_collector.cpp:689] Core 50: skipped 1024 AICore record slot(s) with start_time=0 (race-window write or recycled-buffer tail). buf seq=0 count=1024
[mono_ns=7176186964117956][T0xea1715fbbca0][WARN] copy_aicore_buffer: [chip_swimlane_collector.cpp:689] Core 49: skipped 1024 AICore record slot(s) with start_time=0 (race-window write or recycled-buffer tail). buf seq=0 count=1024
[mono_ns=7176186964193146][T0xea17130b1ca0][WARN] copy_aicore_buffer: [chip_swimlane_collector.cpp:689] Core 53: skipped 1024 AICore record slot(s) with start_time=0 (race-window write or recycled-buffer tail). buf seq=0 count=1024
[mono_ns=7176186964275357][T0xea17157abca0][WARN] copy_aicore_buffer: [chip_swimlane_collector.cpp:689] Core 51: skipped 1024 AICore record slot(s) with start_time=0 (race-window write or recycled-buffer tail). buf seq=0 count=1024
[mono_ns=7176186964433998][T0xea1715fbbca0][WARN] copy_aicore_buffer: [chip_swimlane_collector.cpp:689] Core 15: skipped 1024 AICore record slot(s) with start_time=0 (race-window write or recycled-buffer tail). buf seq=0 count=1024
[mono_ns=7176186964507028][T0xea17130b1ca0][WARN] copy_aicore_buffer: [chip_swimlane_collector.cpp:689] Core 17: skipped 1024 AICore record slot(s) with start_time=0 (race-window write or recycled-buffer tail). buf seq=0 count=1024
[mono_ns=7176186964600039][T0xea17157abca0][WARN] copy_aicore_buffer: [chip_swimlane_collector.cpp:689] Core 16: skipped 1024 AICore record slot(s) with start_time=0 (race-window write or recycled-buffer tail). buf seq=0 count=1024
[mono_ns=7176186964749549][T0xea1715fbbca0][WARN] copy_aicore_buffer: [chip_swimlane_collector.cpp:689] Core 54: skipped 1024 AICore record slot(s) with start_time=0 (race-window write or recycled-buffer tail). buf seq=0 count=1024
[mono_ns=7176186964822700][T0xea17130b1ca0][WARN] copy_aicore_buffer: [chip_swimlane_collector.cpp:689] Core 58: skipped 1024 AICore record slot(s) with start_time=0 (race-window write or recycled-buffer tail). buf seq=0 count=1024
[mono_ns=7176186964923610][T0xea17157abca0][WARN] copy_aicore_buffer: [chip_swimlane_collector.cpp:689] Core 56: skipped 1024 AICore record slot(s) with start_time=0 (race-window write or recycled-buffer tail). buf seq=0 count=1024
[mono_ns=7176186965080971][T0xea1715fbbca0][WARN] copy_aicore_buffer: [chip_swimlane_collector.cpp:689] Core 55: skipped 1024 AICore record slot(s) with start_time=0 (race-window write or recycled-buffer tail). buf seq=0 count=1024
[mono_ns=7176186965143262][T0xea17130b1ca0][WARN] copy_aicore_buffer: [chip_swimlane_collector.cpp:689] Core 59: skipped 1024 AICore record slot(s) with start_time=0 (race-window write or recycled-buffer tail). buf seq=0 count=1024
[mono_ns=7176186965252442][T0xea17157abca0][WARN] copy_aicore_buffer: [chip_swimlane_collector.cpp:689] Core 57: skipped 1024 AICore record slot(s) with start_time=0 (race-window write or recycled-buffer tail). buf seq=0 count=1024
[mono_ns=7176186965396533][T0xea1715fbbca0][WARN] copy_aicore_buffer: [chip_swimlane_collector.cpp:689] Core 18: skipped 1024 AICore record slot(s) with start_time=0 (race-window write or recycled-buffer tail). buf seq=0 count=1024
[mono_ns=7176186965459353][T0xea17130b1ca0][WARN] copy_aicore_buffer: [chip_swimlane_collector.cpp:689] Core 20: skipped 1024 AICore record slot(s) with start_time=0 (race-window write or recycled-buffer tail). buf seq=0 count=1024
[mono_ns=7176186965577974][T0xea17157abca0][WARN] copy_aicore_buffer: [chip_swimlane_collector.cpp:689] Core 19: skipped 1024 AICore record slot(s) with start_time=0 (race-window write or recycled-buffer tail). buf seq=0 count=1024
[mono_ns=7176186965764225][T0xea1715fbbca0][WARN] copy_aicore_buffer: [chip_swimlane_collector.cpp:689] Core 60: skipped 1024 AICore record slot(s) with start_time=0 (race-window write or recycled-buffer tail). buf seq=0 count=1024
[mono_ns=7176186965797155][T0xea17130b1ca0][WARN] copy_aicore_buffer: [chip_swimlane_collector.cpp:689] Core 64: skipped 1024 AICore record slot(s) with start_time=0 (race-window write or recycled-buffer tail). buf seq=0 count=1024
[mono_ns=7176186965936426][T0xea17157abca0][WARN] copy_aicore_buffer: [chip_swimlane_collector.cpp:689] Core 62: skipped 1024 AICore record slot(s) with start_time=0 (race-window write or recycled-buffer tail). buf seq=0 count=1024
[mono_ns=7176186966097867][T0xea1715fbbca0][WARN] copy_aicore_buffer: [chip_swimlane_collector.cpp:689] Core 61: skipped 1024 AICore record slot(s) with start_time=0 (race-window write or recycled-buffer tail). buf seq=0 count=1024
[mono_ns=7176186966149127][T0xea17130b1ca0][WARN] copy_aicore_buffer: [chip_swimlane_collector.cpp:689] Core 65: skipped 1024 AICore record slot(s) with start_time=0 (race-window write or recycled-buffer tail). buf seq=0 count=1024
[mono_ns=7176186966278368][T0xea17157abca0][WARN] copy_aicore_buffer: [chip_swimlane_collector.cpp:689] Core 63: skipped 1024 AICore record slot(s) with start_time=0 (race-window write or recycled-buffer tail). buf seq=0 count=1024
[mono_ns=7176186966420238][T0xea1715fbbca0][WARN] copy_aicore_buffer: [chip_swimlane_collector.cpp:689] Core 21: skipped 1024 AICore record slot(s) with start_time=0 (race-window write or recycled-buffer tail). buf seq=0 count=1024
[mono_ns=7176186966471289][T0xea17130b1ca0][WARN] copy_aicore_buffer: [chip_swimlane_collector.cpp:689] Core 23: skipped 1024 AICore record slot(s) with start_time=0 (race-window write or recycled-buffer tail). buf seq=0 count=1024
[mono_ns=7176186966609980][T0xea17157abca0][WARN] copy_aicore_buffer: [chip_swimlane_collector.cpp:689] Core 22: skipped 1024 AICore record slot(s) with start_time=0 (race-window write or recycled-buffer tail). buf seq=0 count=1024
[mono_ns=7176186966742910][T0xea1715fbbca0][WARN] copy_aicore_buffer: [chip_swimlane_collector.cpp:689] Core 66: skipped 1024 AICore record slot(s) with start_time=0 (race-window write or recycled-buffer tail). buf seq=0 count=1024
[mono_ns=7176186966794451][T0xea17130b1ca0][WARN] copy_aicore_buffer: [chip_swimlane_collector.cpp:689] Core 70: skipped 1024 AICore record slot(s) with start_time=0 (race-window write or recycled-buffer tail). buf seq=0 count=1024
[mono_ns=7176186966941181][T0xea17157abca0][WARN] copy_aicore_buffer: [chip_swimlane_collector.cpp:689] Core 68: skipped 1024 AICore record slot(s) with start_time=0 (race-window write or recycled-buffer tail). buf seq=0 count=1024
[mono_ns=7176186967074472][T0xea1715fbbca0][WARN] copy_aicore_buffer: [chip_swimlane_collector.cpp:689] Core 67: skipped 1024 AICore record slot(s) with start_time=0 (race-window write or recycled-buffer tail). buf seq=0 count=1024
[mono_ns=7176186967128032][T0xea17130b1ca0][WARN] copy_aicore_buffer: [chip_swimlane_collector.cpp:689] Core 71: skipped 1024 AICore record slot(s) with start_time=0 (race-window write or recycled-buffer tail). buf seq=0 count=1024
[mono_ns=7176186967286133][T0xea17157abca0][WARN] copy_aicore_buffer: [chip_swimlane_collector.cpp:689] Core 69: skipped 1024 AICore record slot(s) with start_time=0 (race-window write or recycled-buffer tail). buf seq=0 count=1024
[mono_ns=7176187067779349][T0xea18656bb020][TIMING] emit_host_span: [STRACE] v=1 pid=4170618 tid=4170618 inv=4 hid=f919d62dacb758e0 depth=1 name=chip.run.runner_run ts=7176186958850707 dur=108922012 
[mono_ns=7176187067873220][T0xea18656bb020][TIMING] emit_host_span: [STRACE] v=1 pid=4170618 tid=4170618 inv=4 hid=f919d62dacb758e0 depth=1 name=chip.run.validate ts=7176187067788329 dur=80371 
[mono_ns=7176187067880510][T0xea18656bb020][TIMING] emit_host_span: [STRACE] v=1 pid=4170618 tid=4170618 inv=4 hid=f919d62dacb758e0 depth=2 name=chip.run.runner_run.device_wall ts=0 dur=264840 clk=dev
[mono_ns=7176187067887920][T0xea18656bb020][TIMING] emit_host_span: [STRACE] v=1 pid=4170618 tid=4170618 inv=4 hid=f919d62dacb758e0 depth=3 name=chip.run.runner_run.device_wall.preamble ts=0 dur=106240 clk=dev
[mono_ns=7176187067891860][T0xea18656bb020][TIMING] emit_host_span: [STRACE] v=1 pid=4170618 tid=4170618 inv=4 hid=f919d62dacb758e0 depth=3 name=chip.run.runner_run.device_wall.graph_build ts=102320 dur=152620 clk=dev
[mono_ns=7176187067895460][T0xea18656bb020][TIMING] emit_host_span: [STRACE] v=1 pid=4170618 tid=4170618 inv=4 hid=f919d62dacb758e0 depth=3 name=chip.run.runner_run.device_wall.config_validate ts=102440 dur=780 clk=dev
[mono_ns=7176187067899010][T0xea18656bb020][TIMING] emit_host_span: [STRACE] v=1 pid=4170618 tid=4170618 inv=4 hid=f919d62dacb758e0 depth=3 name=chip.run.runner_run.device_wall.arena_wire ts=103240 dur=300 clk=dev
[mono_ns=7176187067902500][T0xea18656bb020][TIMING] emit_host_span: [STRACE] v=1 pid=4170618 tid=4170618 inv=4 hid=f919d62dacb758e0 depth=3 name=chip.run.runner_run.device_wall.sm_reset ts=103560 dur=600 clk=dev
[mono_ns=7176187067906570][T0xea18656bb020][TIMING] emit_host_span: [STRACE] v=1 pid=4170618 tid=4170618 inv=4 hid=f919d62dacb758e0 depth=3 name=chip.run.runner_run.device_wall.post_orch ts=254979 dur=9740 clk=dev
[mono_ns=7176187067909680][T0xea18656bb020][TIMING] emit_host_span: [STRACE] v=1 pid=4170618 tid=4170618 inv=4 hid=f919d62dacb758e0 depth=3 name=chip.run.runner_run.device_wall.orch ts=104200 dur=3860 clk=dev
[mono_ns=7176187067914320][T0xea18656bb020][TIMING] emit_host_span: [STRACE] v=1 pid=4170618 tid=4170618 inv=4 hid=f919d62dacb758e0 depth=3 name=chip.run.runner_run.device_wall.sched ts=106320 dur=123280 clk=dev
[mono_ns=7176187067918610][T0xea18656bb020][TIMING] emit_host_span: [STRACE] v=1 pid=4170618 tid=4170618 inv=4 hid=f919d62dacb758e0 depth=1 name=chip.run.claim_release ts=7176187067916470 dur=310 
[mono_ns=7176187067923750][T0xea18656bb020][TIMING] emit_host_span: [STRACE] v=1 pid=4170618 tid=4170618 inv=4 hid=f919d62dacb758e0 depth=0 name=chip.run ts=7176186958279684 dur=109641466 run_id=4 dispatch_id=4 slot_id=0 generation=4 run_epoch=4
[mono_ns=7176188284584923][T0xea18656bb020][TIMING] emit_host_span: [STRACE] v=1 pid=4170618 tid=4170618 inv=5 hid=f919d62dacb758e0 depth=2 name=chip.run.bind.args ts=7176188284050821 dur=524302 
[mono_ns=7176188284608774][T0xea18656bb020][TIMING] emit_host_span: [STRACE] v=1 pid=4170618 tid=4170618 inv=5 hid=f919d62dacb758e0 depth=2 name=chip.run.bind.prebuilt ts=7176188284600274 dur=5630 
[mono_ns=7176188284614814][T0xea18656bb020][TIMING] emit_host_span: [STRACE] v=1 pid=4170618 tid=4170618 inv=5 hid=f919d62dacb758e0 depth=1 name=chip.run.bind ts=7176188284038630 dur=573694 
[mono_ns=7176188394795332][T0xea18656bb020][TIMING] emit_host_span: [STRACE] v=1 pid=4170618 tid=4170618 inv=5 hid=f919d62dacb758e0 depth=1 name=chip.run.runner_run ts=7176188286395453 dur=108387619 
[mono_ns=7176188394906573][T0xea18656bb020][TIMING] emit_host_span: [STRACE] v=1 pid=4170618 tid=4170618 inv=5 hid=f919d62dacb758e0 depth=1 name=chip.run.validate ts=7176188394808203 dur=93850 
[mono_ns=7176188394917913][T0xea18656bb020][TIMING] emit_host_span: [STRACE] v=1 pid=4170618 tid=4170618 inv=5 hid=f919d62dacb758e0 depth=2 name=chip.run.runner_run.device_wall ts=0 dur=5311559 clk=dev
[mono_ns=7176188394922343][T0xea18656bb020][TIMING] emit_host_span: [STRACE] v=1 pid=4170618 tid=4170618 inv=5 hid=f919d62dacb758e0 depth=3 name=chip.run.runner_run.device_wall.preamble ts=0 dur=6700 clk=dev
[mono_ns=7176188394926013][T0xea18656bb020][TIMING] emit_host_span: [STRACE] v=1 pid=4170618 tid=4170618 inv=5 hid=f919d62dacb758e0 depth=3 name=chip.run.runner_run.device_wall.graph_build ts=1799 dur=5299560 clk=dev
[mono_ns=7176188394929283][T0xea18656bb020][TIMING] emit_host_span: [STRACE] v=1 pid=4170618 tid=4170618 inv=5 hid=f919d62dacb758e0 depth=3 name=chip.run.runner_run.device_wall.config_validate ts=1920 dur=960 clk=dev
[mono_ns=7176188394932763][T0xea18656bb020][TIMING] emit_host_span: [STRACE] v=1 pid=4170618 tid=4170618 inv=5 hid=f919d62dacb758e0 depth=3 name=chip.run.runner_run.device_wall.arena_wire ts=2920 dur=520 clk=dev
[mono_ns=7176188394936123][T0xea18656bb020][TIMING] emit_host_span: [STRACE] v=1 pid=4170618 tid=4170618 inv=5 hid=f919d62dacb758e0 depth=3 name=chip.run.runner_run.device_wall.sm_reset ts=3460 dur=980 clk=dev
[mono_ns=7176188394939183][T0xea18656bb020][TIMING] emit_host_span: [STRACE] v=1 pid=4170618 tid=4170618 inv=5 hid=f919d62dacb758e0 depth=3 name=chip.run.runner_run.device_wall.post_orch ts=5301400 dur=10040 clk=dev
[mono_ns=7176188394942233][T0xea18656bb020][TIMING] emit_host_span: [STRACE] v=1 pid=4170618 tid=4170618 inv=5 hid=f919d62dacb758e0 depth=3 name=chip.run.runner_run.device_wall.orch ts=5300 dur=6939 clk=dev
[mono_ns=7176188394946643][T0xea18656bb020][TIMING] emit_host_span: [STRACE] v=1 pid=4170618 tid=4170618 inv=5 hid=f919d62dacb758e0 depth=3 name=chip.run.runner_run.device_wall.sched ts=7199 dur=5286400 clk=dev
[mono_ns=7176188394953213][T0xea18656bb020][TIMING] emit_host_span: [STRACE] v=1 pid=4170618 tid=4170618 inv=5 hid=f919d62dacb758e0 depth=1 name=chip.run.claim_release ts=7176188394950323 dur=580 
[mono_ns=7176188394958093][T0xea18656bb020][TIMING] emit_host_span: [STRACE] v=1 pid=4170618 tid=4170618 inv=5 hid=f919d62dacb758e0 depth=0 name=chip.run ts=7176188283935750 dur=111020303 run_id=5 dispatch_id=5 slot_id=0 generation=5 run_epoch=5
[mono_ns=7176188400368133][T0xea18656bb020][TIMING] emit_host_span: [STRACE] v=1 pid=4170618 tid=4170618 inv=6 hid=f919d62dacb758e0 depth=2 name=chip.run.bind.args ts=7176188400247912 dur=113771 
[mono_ns=7176188400382183][T0xea18656bb020][TIMING] emit_host_span: [STRACE] v=1 pid=4170618 tid=4170618 inv=6 hid=f919d62dacb758e0 depth=2 name=chip.run.bind.prebuilt ts=7176188400375153 dur=4530 
[mono_ns=7176188400386433][T0xea18656bb020][TIMING] emit_host_span: [STRACE] v=1 pid=4170618 tid=4170618 inv=6 hid=f919d62dacb758e0 depth=1 name=chip.run.bind ts=7176188400238612 dur=145531 
[mono_ns=7176188404326724][T0xea1715fbbca0][WARN] copy_aicore_buffer: [chip_swimlane_collector.cpp:689] Core 0: skipped 1024 AICore record slot(s) with start_time=0 (race-window write or recycled-buffer tail). buf seq=0 count=1024
[mono_ns=7176188404326704][T0xea17130b1ca0][WARN] copy_aicore_buffer: [chip_swimlane_collector.cpp:689] Core 2: skipped 1024 AICore record slot(s) with start_time=0 (race-window write or recycled-buffer tail). buf seq=0 count=1024
[mono_ns=7176188404413035][T0xea17157abca0][WARN] copy_aicore_buffer: [chip_swimlane_collector.cpp:689] Core 1: skipped 1024 AICore record slot(s) with start_time=0 (race-window write or recycled-buffer tail). buf seq=0 count=1024
[mono_ns=7176188404661586][T0xea1715fbbca0][WARN] copy_aicore_buffer: [chip_swimlane_collector.cpp:689] Core 24: skipped 1023 AICore record slot(s) with start_time=0 (race-window write or recycled-buffer tail). buf seq=0 count=1024
[mono_ns=7176188404682226][T0xea17130b1ca0][WARN] copy_aicore_buffer: [chip_swimlane_collector.cpp:689] Core 28: skipped 1024 AICore record slot(s) with start_time=0 (race-window write or recycled-buffer tail). buf seq=0 count=1024
[mono_ns=7176188404707356][T0xea17157abca0][WARN] copy_aicore_buffer: [chip_swimlane_collector.cpp:689] Core 26: skipped 1022 AICore record slot(s) with start_time=0 (race-window write or recycled-buffer tail). buf seq=0 count=1024
[mono_ns=7176188404974268][T0xea1715fbbca0][WARN] copy_aicore_buffer: [chip_swimlane_collector.cpp:689] Core 25: skipped 1024 AICore record slot(s) with start_time=0 (race-window write or recycled-buffer tail). buf seq=0 count=1024
[mono_ns=7176188404995878][T0xea17157abca0][WARN] copy_aicore_buffer: [chip_swimlane_collector.cpp:689] Core 27: skipped 1024 AICore record slot(s) with start_time=0 (race-window write or recycled-buffer tail). buf seq=0 count=1024
[mono_ns=7176188404996708][T0xea17130b1ca0][WARN] copy_aicore_buffer: [chip_swimlane_collector.cpp:689] Core 29: skipped 1024 AICore record slot(s) with start_time=0 (race-window write or recycled-buffer tail). buf seq=0 count=1024
[mono_ns=7176188405293400][T0xea17157abca0][WARN] copy_aicore_buffer: [chip_swimlane_collector.cpp:689] Core 4: skipped 1024 AICore record slot(s) with start_time=0 (race-window write or recycled-buffer tail). buf seq=0 count=1024
[mono_ns=7176188405297950][T0xea1715fbbca0][WARN] copy_aicore_buffer: [chip_swimlane_collector.cpp:689] Core 3: skipped 1024 AICore record slot(s) with start_time=0 (race-window write or recycled-buffer tail). buf seq=0 count=1024
[mono_ns=7176188405342840][T0xea17130b1ca0][WARN] copy_aicore_buffer: [chip_swimlane_collector.cpp:689] Core 5: skipped 1024 AICore record slot(s) with start_time=0 (race-window write or recycled-buffer tail). buf seq=0 count=1024
[mono_ns=7176188405578601][T0xea17157abca0][WARN] copy_aicore_buffer: [chip_swimlane_collector.cpp:689] Core 32: skipped 1024 AICore record slot(s) with start_time=0 (race-window write or recycled-buffer tail). buf seq=0 count=1024
[mono_ns=7176188405613041][T0xea1715fbbca0][WARN] copy_aicore_buffer: [chip_swimlane_collector.cpp:689] Core 30: skipped 1024 AICore record slot(s) with start_time=0 (race-window write or recycled-buffer tail). buf seq=0 count=1024
[mono_ns=7176188405656552][T0xea17130b1ca0][WARN] copy_aicore_buffer: [chip_swimlane_collector.cpp:689] Core 34: skipped 1024 AICore record slot(s) with start_time=0 (race-window write or recycled-buffer tail). buf seq=0 count=1024
[mono_ns=7176188405863463][T0xea17157abca0][WARN] copy_aicore_buffer: [chip_swimlane_collector.cpp:689] Core 33: skipped 1024 AICore record slot(s) with start_time=0 (race-window write or recycled-buffer tail). buf seq=0 count=1024
[mono_ns=7176188405926853][T0xea1715fbbca0][WARN] copy_aicore_buffer: [chip_swimlane_collector.cpp:689] Core 31: skipped 1024 AICore record slot(s) with start_time=0 (race-window write or recycled-buffer tail). buf seq=0 count=1024
[mono_ns=7176188405967173][T0xea17130b1ca0][WARN] copy_aicore_buffer: [chip_swimlane_collector.cpp:689] Core 35: skipped 1024 AICore record slot(s) with start_time=0 (race-window write or recycled-buffer tail). buf seq=0 count=1024
[mono_ns=7176188406156534][T0xea17157abca0][WARN] copy_aicore_buffer: [chip_swimlane_collector.cpp:689] Core 7: skipped 1024 AICore record slot(s) with start_time=0 (race-window write or recycled-buffer tail). buf seq=0 count=1024
[mono_ns=7176188406271405][T0xea1715fbbca0][WARN] copy_aicore_buffer: [chip_swimlane_collector.cpp:689] Core 6: skipped 1024 AICore record slot(s) with start_time=0 (race-window write or recycled-buffer tail). buf seq=0 count=1024
[mono_ns=7176188406288355][T0xea17130b1ca0][WARN] copy_aicore_buffer: [chip_swimlane_collector.cpp:689] Core 8: skipped 1024 AICore record slot(s) with start_time=0 (race-window write or recycled-buffer tail). buf seq=0 count=1024
[mono_ns=7176188406442576][T0xea17157abca0][WARN] copy_aicore_buffer: [chip_swimlane_collector.cpp:689] Core 38: skipped 1024 AICore record slot(s) with start_time=0 (race-window write or recycled-buffer tail). buf seq=0 count=1024
[mono_ns=7176188406585367][T0xea1715fbbca0][WARN] copy_aicore_buffer: [chip_swimlane_collector.cpp:689] Core 36: skipped 1024 AICore record slot(s) with start_time=0 (race-window write or recycled-buffer tail). buf seq=0 count=1024
[mono_ns=7176188406600017][T0xea17130b1ca0][WARN] copy_aicore_buffer: [chip_swimlane_collector.cpp:689] Core 40: skipped 1024 AICore record slot(s) with start_time=0 (race-window write or recycled-buffer tail). buf seq=0 count=1024
[mono_ns=7176188406728657][T0xea17157abca0][WARN] copy_aicore_buffer: [chip_swimlane_collector.cpp:689] Core 39: skipped 1024 AICore record slot(s) with start_time=0 (race-window write or recycled-buffer tail). buf seq=0 count=1024
[mono_ns=7176188406898628][T0xea1715fbbca0][WARN] copy_aicore_buffer: [chip_swimlane_collector.cpp:689] Core 37: skipped 1024 AICore record slot(s) with start_time=0 (race-window write or recycled-buffer tail). buf seq=0 count=1024
[mono_ns=7176188406911348][T0xea17130b1ca0][WARN] copy_aicore_buffer: [chip_swimlane_collector.cpp:689] Core 41: skipped 1024 AICore record slot(s) with start_time=0 (race-window write or recycled-buffer tail). buf seq=0 count=1024
[mono_ns=7176188407032279][T0xea17157abca0][WARN] copy_aicore_buffer: [chip_swimlane_collector.cpp:689] Core 10: skipped 1024 AICore record slot(s) with start_time=0 (race-window write or recycled-buffer tail). buf seq=0 count=1024
[mono_ns=7176188407223630][T0xea1715fbbca0][WARN] copy_aicore_buffer: [chip_swimlane_collector.cpp:689] Core 9: skipped 1024 AICore record slot(s) with start_time=0 (race-window write or recycled-buffer tail). buf seq=0 count=1024
[mono_ns=7176188407233710][T0xea17130b1ca0][WARN] copy_aicore_buffer: [chip_swimlane_collector.cpp:689] Core 11: skipped 1024 AICore record slot(s) with start_time=0 (race-window write or recycled-buffer tail). buf seq=0 count=1024
[mono_ns=7176188407317791][T0xea17157abca0][WARN] copy_aicore_buffer: [chip_swimlane_collector.cpp:689] Core 44: skipped 1024 AICore record slot(s) with start_time=0 (race-window write or recycled-buffer tail). buf seq=0 count=1024
[mono_ns=7176188407539382][T0xea1715fbbca0][WARN] copy_aicore_buffer: [chip_swimlane_collector.cpp:689] Core 42: skipped 1024 AICore record slot(s) with start_time=0 (race-window write or recycled-buffer tail). buf seq=0 count=1024
[mono_ns=7176188407545452][T0xea17130b1ca0][WARN] copy_aicore_buffer: [chip_swimlane_collector.cpp:689] Core 46: skipped 1024 AICore record slot(s) with start_time=0 (race-window write or recycled-buffer tail). buf seq=0 count=1024
[mono_ns=7176188407601922][T0xea17157abca0][WARN] copy_aicore_buffer: [chip_swimlane_collector.cpp:689] Core 45: skipped 1024 AICore record slot(s) with start_time=0 (race-window write or recycled-buffer tail). buf seq=0 count=1024
[mono_ns=7176188407855263][T0xea1715fbbca0][WARN] copy_aicore_buffer: [chip_swimlane_collector.cpp:689] Core 43: skipped 1024 AICore record slot(s) with start_time=0 (race-window write or recycled-buffer tail). buf seq=0 count=1024
[mono_ns=7176188407880634][T0xea17130b1ca0][WARN] copy_aicore_buffer: [chip_swimlane_collector.cpp:689] Core 47: skipped 1024 AICore record slot(s) with start_time=0 (race-window write or recycled-buffer tail). buf seq=0 count=1024
[mono_ns=7176188407887364][T0xea17157abca0][WARN] copy_aicore_buffer: [chip_swimlane_collector.cpp:689] Core 13: skipped 1024 AICore record slot(s) with start_time=0 (race-window write or recycled-buffer tail). buf seq=0 count=1024
[mono_ns=7176188408175085][T0xea17157abca0][WARN] copy_aicore_buffer: [chip_swimlane_collector.cpp:689] Core 50: skipped 1024 AICore record slot(s) with start_time=0 (race-window write or recycled-buffer tail). buf seq=0 count=1024
[mono_ns=7176188408185125][T0xea1715fbbca0][WARN] copy_aicore_buffer: [chip_swimlane_collector.cpp:689] Core 12: skipped 1024 AICore record slot(s) with start_time=0 (race-window write or recycled-buffer tail). buf seq=0 count=1024
[mono_ns=7176188408204995][T0xea17130b1ca0][WARN] copy_aicore_buffer: [chip_swimlane_collector.cpp:689] Core 14: skipped 1024 AICore record slot(s) with start_time=0 (race-window write or recycled-buffer tail). buf seq=0 count=1024
[mono_ns=7176188408458497][T0xea17157abca0][WARN] copy_aicore_buffer: [chip_swimlane_collector.cpp:689] Core 51: skipped 1024 AICore record slot(s) with start_time=0 (race-window write or recycled-buffer tail). buf seq=0 count=1024
[mono_ns=7176188408498577][T0xea1715fbbca0][WARN] copy_aicore_buffer: [chip_swimlane_collector.cpp:689] Core 48: skipped 1024 AICore record slot(s) with start_time=0 (race-window write or recycled-buffer tail). buf seq=0 count=1024
[mono_ns=7176188408538037][T0xea17130b1ca0][WARN] copy_aicore_buffer: [chip_swimlane_collector.cpp:689] Core 52: skipped 1024 AICore record slot(s) with start_time=0 (race-window write or recycled-buffer tail). buf seq=0 count=1024
[mono_ns=7176188408744428][T0xea17157abca0][WARN] copy_aicore_buffer: [chip_swimlane_collector.cpp:689] Core 16: skipped 1024 AICore record slot(s) with start_time=0 (race-window write or recycled-buffer tail). buf seq=0 count=1024
[mono_ns=7176188408811899][T0xea1715fbbca0][WARN] copy_aicore_buffer: [chip_swimlane_collector.cpp:689] Core 49: skipped 1024 AICore record slot(s) with start_time=0 (race-window write or recycled-buffer tail). buf seq=0 count=1024
[mono_ns=7176188408854239][T0xea17130b1ca0][WARN] copy_aicore_buffer: [chip_swimlane_collector.cpp:689] Core 53: skipped 1024 AICore record slot(s) with start_time=0 (race-window write or recycled-buffer tail). buf seq=0 count=1024
[mono_ns=7176188409045770][T0xea17157abca0][WARN] copy_aicore_buffer: [chip_swimlane_collector.cpp:689] Core 56: skipped 1024 AICore record slot(s) with start_time=0 (race-window write or recycled-buffer tail). buf seq=0 count=1024
[mono_ns=7176188409140680][T0xea1715fbbca0][WARN] copy_aicore_buffer: [chip_swimlane_collector.cpp:689] Core 15: skipped 1024 AICore record slot(s) with start_time=0 (race-window write or recycled-buffer tail). buf seq=0 count=1024
[mono_ns=7176188409186611][T0xea17130b1ca0][WARN] copy_aicore_buffer: [chip_swimlane_collector.cpp:689] Core 17: skipped 1024 AICore record slot(s) with start_time=0 (race-window write or recycled-buffer tail). buf seq=0 count=1024
[mono_ns=7176188409367552][T0xea17157abca0][WARN] copy_aicore_buffer: [chip_swimlane_collector.cpp:689] Core 57: skipped 1024 AICore record slot(s) with start_time=0 (race-window write or recycled-buffer tail). buf seq=0 count=1024
[mono_ns=7176188409510762][T0xea1715fbbca0][WARN] copy_aicore_buffer: [chip_swimlane_collector.cpp:689] Core 54: skipped 1024 AICore record slot(s) with start_time=0 (race-window write or recycled-buffer tail). buf seq=0 count=1024
[mono_ns=7176188409526383][T0xea17130b1ca0][WARN] copy_aicore_buffer: [chip_swimlane_collector.cpp:689] Core 58: skipped 1024 AICore record slot(s) with start_time=0 (race-window write or recycled-buffer tail). buf seq=0 count=1024
[mono_ns=7176188409662443][T0xea17157abca0][WARN] copy_aicore_buffer: [chip_swimlane_collector.cpp:689] Core 19: skipped 1024 AICore record slot(s) with start_time=0 (race-window write or recycled-buffer tail). buf seq=0 count=1024
[mono_ns=7176188409854444][T0xea1715fbbca0][WARN] copy_aicore_buffer: [chip_swimlane_collector.cpp:689] Core 55: skipped 1024 AICore record slot(s) with start_time=0 (race-window write or recycled-buffer tail). buf seq=0 count=1024
[mono_ns=7176188409862574][T0xea17130b1ca0][WARN] copy_aicore_buffer: [chip_swimlane_collector.cpp:689] Core 59: skipped 1024 AICore record slot(s) with start_time=0 (race-window write or recycled-buffer tail). buf seq=0 count=1024
[mono_ns=7176188409956775][T0xea17157abca0][WARN] copy_aicore_buffer: [chip_swimlane_collector.cpp:689] Core 62: skipped 1024 AICore record slot(s) with start_time=0 (race-window write or recycled-buffer tail). buf seq=0 count=1024
[mono_ns=7176188410189566][T0xea1715fbbca0][WARN] copy_aicore_buffer: [chip_swimlane_collector.cpp:689] Core 18: skipped 1024 AICore record slot(s) with start_time=0 (race-window write or recycled-buffer tail). buf seq=0 count=1024
[mono_ns=7176188410193856][T0xea17130b1ca0][WARN] copy_aicore_buffer: [chip_swimlane_collector.cpp:689] Core 20: skipped 1024 AICore record slot(s) with start_time=0 (race-window write or recycled-buffer tail). buf seq=0 count=1024
[mono_ns=7176188410260397][T0xea17157abca0][WARN] copy_aicore_buffer: [chip_swimlane_collector.cpp:689] Core 63: skipped 1024 AICore record slot(s) with start_time=0 (race-window write or recycled-buffer tail). buf seq=0 count=1024
[mono_ns=7176188410515558][T0xea17130b1ca0][WARN] copy_aicore_buffer: [chip_swimlane_collector.cpp:689] Core 64: skipped 1024 AICore record slot(s) with start_time=0 (race-window write or recycled-buffer tail). buf seq=0 count=1024
[mono_ns=7176188410518728][T0xea1715fbbca0][WARN] copy_aicore_buffer: [chip_swimlane_collector.cpp:689] Core 60: skipped 1024 AICore record slot(s) with start_time=0 (race-window write or recycled-buffer tail). buf seq=0 count=1024
[mono_ns=7176188410554578][T0xea17157abca0][WARN] copy_aicore_buffer: [chip_swimlane_collector.cpp:689] Core 22: skipped 1024 AICore record slot(s) with start_time=0 (race-window write or recycled-buffer tail). buf seq=0 count=1024
[mono_ns=7176188410838560][T0xea1715fbbca0][WARN] copy_aicore_buffer: [chip_swimlane_collector.cpp:689] Core 61: skipped 1024 AICore record slot(s) with start_time=0 (race-window write or recycled-buffer tail). buf seq=0 count=1024
[mono_ns=7176188410841850][T0xea17130b1ca0][WARN] copy_aicore_buffer: [chip_swimlane_collector.cpp:689] Core 65: skipped 1024 AICore record slot(s) with start_time=0 (race-window write or recycled-buffer tail). buf seq=0 count=1024
[mono_ns=7176188410847610][T0xea17157abca0][WARN] copy_aicore_buffer: [chip_swimlane_collector.cpp:689] Core 68: skipped 1024 AICore record slot(s) with start_time=0 (race-window write or recycled-buffer tail). buf seq=0 count=1024
[mono_ns=7176188411174072][T0xea1715fbbca0][WARN] copy_aicore_buffer: [chip_swimlane_collector.cpp:689] Core 21: skipped 1024 AICore record slot(s) with start_time=0 (race-window write or recycled-buffer tail). buf seq=0 count=1024
[mono_ns=7176188411176002][T0xea17157abca0][WARN] copy_aicore_buffer: [chip_swimlane_collector.cpp:689] Core 69: skipped 1024 AICore record slot(s) with start_time=0 (race-window write or recycled-buffer tail). buf seq=0 count=1024
[mono_ns=7176188411211122][T0xea17130b1ca0][WARN] copy_aicore_buffer: [chip_swimlane_collector.cpp:689] Core 23: skipped 1024 AICore record slot(s) with start_time=0 (race-window write or recycled-buffer tail). buf seq=0 count=1024
[mono_ns=7176188411498163][T0xea1715fbbca0][WARN] copy_aicore_buffer: [chip_swimlane_collector.cpp:689] Core 66: skipped 1024 AICore record slot(s) with start_time=0 (race-window write or recycled-buffer tail). buf seq=0 count=1024
[mono_ns=7176188411535903][T0xea17130b1ca0][WARN] copy_aicore_buffer: [chip_swimlane_collector.cpp:689] Core 70: skipped 1024 AICore record slot(s) with start_time=0 (race-window write or recycled-buffer tail). buf seq=0 count=1024
[mono_ns=7176188411820455][T0xea1715fbbca0][WARN] copy_aicore_buffer: [chip_swimlane_collector.cpp:689] Core 67: skipped 1024 AICore record slot(s) with start_time=0 (race-window write or recycled-buffer tail). buf seq=0 count=1024
[mono_ns=7176188411857495][T0xea17130b1ca0][WARN] copy_aicore_buffer: [chip_swimlane_collector.cpp:689] Core 71: skipped 1024 AICore record slot(s) with start_time=0 (race-window write or recycled-buffer tail). buf seq=0 count=1024
[mono_ns=7176188512396572][T0xea18656bb020][TIMING] emit_host_span: [STRACE] v=1 pid=4170618 tid=4170618 inv=6 hid=f919d62dacb758e0 depth=1 name=chip.run.runner_run ts=7176188401256768 dur=111133934 
[mono_ns=7176188512486142][T0xea18656bb020][TIMING] emit_host_span: [STRACE] v=1 pid=4170618 tid=4170618 inv=6 hid=f919d62dacb758e0 depth=1 name=chip.run.validate ts=7176188512405302 dur=77730 
[mono_ns=7176188512494042][T0xea18656bb020][TIMING] emit_host_span: [STRACE] v=1 pid=4170618 tid=4170618 inv=6 hid=f919d62dacb758e0 depth=2 name=chip.run.runner_run.device_wall ts=0 dur=2532720 clk=dev
[mono_ns=7176188512498042][T0xea18656bb020][TIMING] emit_host_span: [STRACE] v=1 pid=4170618 tid=4170618 inv=6 hid=f919d62dacb758e0 depth=3 name=chip.run.runner_run.device_wall.preamble ts=0 dur=101199 clk=dev
[mono_ns=7176188512501442][T0xea18656bb020][TIMING] emit_host_span: [STRACE] v=1 pid=4170618 tid=4170618 inv=6 hid=f919d62dacb758e0 depth=3 name=chip.run.runner_run.device_wall.graph_build ts=97140 dur=2425500 clk=dev
[mono_ns=7176188512505002][T0xea18656bb020][TIMING] emit_host_span: [STRACE] v=1 pid=4170618 tid=4170618 inv=6 hid=f919d62dacb758e0 depth=3 name=chip.run.runner_run.device_wall.config_validate ts=97220 dur=940 clk=dev
[mono_ns=7176188512508132][T0xea18656bb020][TIMING] emit_host_span: [STRACE] v=1 pid=4170618 tid=4170618 inv=6 hid=f919d62dacb758e0 depth=3 name=chip.run.runner_run.device_wall.arena_wire ts=98179 dur=260 clk=dev
[mono_ns=7176188512515232][T0xea18656bb020][TIMING] emit_host_span: [STRACE] v=1 pid=4170618 tid=4170618 inv=6 hid=f919d62dacb758e0 depth=3 name=chip.run.runner_run.device_wall.sm_reset ts=98480 dur=520 clk=dev
[mono_ns=7176188512518312][T0xea18656bb020][TIMING] emit_host_span: [STRACE] v=1 pid=4170618 tid=4170618 inv=6 hid=f919d62dacb758e0 depth=3 name=chip.run.runner_run.device_wall.post_orch ts=2522700 dur=9920 clk=dev
[mono_ns=7176188512521342][T0xea18656bb020][TIMING] emit_host_span: [STRACE] v=1 pid=4170618 tid=4170618 inv=6 hid=f919d62dacb758e0 depth=3 name=chip.run.runner_run.device_wall.orch ts=99020 dur=3520 clk=dev
[mono_ns=7176188512524402][T0xea18656bb020][TIMING] emit_host_span: [STRACE] v=1 pid=4170618 tid=4170618 inv=6 hid=f919d62dacb758e0 depth=3 name=chip.run.runner_run.device_wall.sched ts=101320 dur=2398540 clk=dev
[mono_ns=7176188512528482][T0xea18656bb020][TIMING] emit_host_span: [STRACE] v=1 pid=4170618 tid=4170618 inv=6 hid=f919d62dacb758e0 depth=1 name=chip.run.claim_release ts=7176188512526392 dur=320 
[mono_ns=7176188512533342][T0xea18656bb020][TIMING] emit_host_span: [STRACE] v=1 pid=4170618 tid=4170618 inv=6 hid=f919d62dacb758e0 depth=0 name=chip.run ts=7176188400203432 dur=112327400 run_id=6 dispatch_id=6 slot_id=0 generation=6 run_epoch=6
[mono_ns=7176189711560180][T0xea18656bb020][TIMING] emit_host_span: [STRACE] v=1 pid=4170618 tid=4170618 inv=7 hid=f919d62dacb758e0 depth=2 name=chip.run.bind.args ts=7176189711381769 dur=172401 
[mono_ns=7176189711578510][T0xea18656bb020][TIMING] emit_host_span: [STRACE] v=1 pid=4170618 tid=4170618 inv=7 hid=f919d62dacb758e0 depth=2 name=chip.run.bind.prebuilt ts=7176189711571990 dur=4130 
[mono_ns=7176189711592290][T0xea18656bb020][TIMING] emit_host_span: [STRACE] v=1 pid=4170618 tid=4170618 inv=7 hid=f919d62dacb758e0 depth=1 name=chip.run.bind ts=7176189711370519 dur=219291 
[mono_ns=7176189815809607][T0xea18656bb020][TIMING] emit_host_span: [STRACE] v=1 pid=4170618 tid=4170618 inv=7 hid=f919d62dacb758e0 depth=1 name=chip.run.runner_run ts=7176189711852122 dur=103948135 
[mono_ns=7176189815924938][T0xea18656bb020][TIMING] emit_host_span: [STRACE] v=1 pid=4170618 tid=4170618 inv=7 hid=f919d62dacb758e0 depth=1 name=chip.run.validate ts=7176189815820397 dur=100630 
[mono_ns=7176189815932308][T0xea18656bb020][TIMING] emit_host_span: [STRACE] v=1 pid=4170618 tid=4170618 inv=7 hid=f919d62dacb758e0 depth=2 name=chip.run.runner_run.device_wall ts=0 dur=278500 clk=dev
[mono_ns=7176189815936578][T0xea18656bb020][TIMING] emit_host_span: [STRACE] v=1 pid=4170618 tid=4170618 inv=7 hid=f919d62dacb758e0 depth=3 name=chip.run.runner_run.device_wall.preamble ts=0 dur=6399 clk=dev
[mono_ns=7176189815940418][T0xea18656bb020][TIMING] emit_host_span: [STRACE] v=1 pid=4170618 tid=4170618 inv=7 hid=f919d62dacb758e0 depth=3 name=chip.run.runner_run.device_wall.graph_build ts=1859 dur=265360 clk=dev
[mono_ns=7176189815943748][T0xea18656bb020][TIMING] emit_host_span: [STRACE] v=1 pid=4170618 tid=4170618 inv=7 hid=f919d62dacb758e0 depth=3 name=chip.run.runner_run.device_wall.config_validate ts=2440 dur=1080 clk=dev
[mono_ns=7176189815947098][T0xea18656bb020][TIMING] emit_host_span: [STRACE] v=1 pid=4170618 tid=4170618 inv=7 hid=f919d62dacb758e0 depth=3 name=chip.run.runner_run.device_wall.arena_wire ts=3559 dur=899 clk=dev
[mono_ns=7176189815961518][T0xea18656bb020][TIMING] emit_host_span: [STRACE] v=1 pid=4170618 tid=4170618 inv=7 hid=f919d62dacb758e0 depth=3 name=chip.run.runner_run.device_wall.sm_reset ts=4480 dur=2260 clk=dev
[mono_ns=7176189815964698][T0xea18656bb020][TIMING] emit_host_span: [STRACE] v=1 pid=4170618 tid=4170618 inv=7 hid=f919d62dacb758e0 depth=3 name=chip.run.runner_run.device_wall.post_orch ts=267260 dur=10860 clk=dev
[mono_ns=7176189815967828][T0xea18656bb020][TIMING] emit_host_span: [STRACE] v=1 pid=4170618 tid=4170618 inv=7 hid=f919d62dacb758e0 depth=3 name=chip.run.runner_run.device_wall.orch ts=7740 dur=10879 clk=dev
[mono_ns=7176189815970848][T0xea18656bb020][TIMING] emit_host_span: [STRACE] v=1 pid=4170618 tid=4170618 inv=7 hid=f919d62dacb758e0 depth=3 name=chip.run.runner_run.device_wall.sched ts=7500 dur=250120 clk=dev
[mono_ns=7176189815975998][T0xea18656bb020][TIMING] emit_host_span: [STRACE] v=1 pid=4170618 tid=4170618 inv=7 hid=f919d62dacb758e0 depth=1 name=chip.run.claim_release ts=7176189815973568 dur=620 
[mono_ns=7176189815981348][T0xea18656bb020][TIMING] emit_host_span: [STRACE] v=1 pid=4170618 tid=4170618 inv=7 hid=f919d62dacb758e0 depth=0 name=chip.run ts=7176189711322429 dur=104656909 run_id=7 dispatch_id=7 slot_id=0 generation=7 run_epoch=7
[mono_ns=7176189823750040][T0xea18656bb020][TIMING] emit_host_span: [STRACE] v=1 pid=4170618 tid=4170618 inv=8 hid=f919d62dacb758e0 depth=2 name=chip.run.bind.args ts=7176189823628829 dur=115501 
[mono_ns=7176189823767820][T0xea18656bb020][TIMING] emit_host_span: [STRACE] v=1 pid=4170618 tid=4170618 inv=8 hid=f919d62dacb758e0 depth=2 name=chip.run.bind.prebuilt ts=7176189823762550 dur=2780 
[mono_ns=7176189823773060][T0xea18656bb020][TIMING] emit_host_span: [STRACE] v=1 pid=4170618 tid=4170618 inv=8 hid=f919d62dacb758e0 depth=1 name=chip.run.bind ts=7176189823620329 dur=150201 
[mono_ns=7176189824768956][T0xea17157abca0][WARN] copy_aicore_buffer: [chip_swimlane_collector.cpp:689] Core 1: skipped 1024 AICore record slot(s) with start_time=0 (race-window write or recycled-buffer tail). buf seq=0 count=1024
[mono_ns=7176189824819686][T0xea17130b1ca0][WARN] copy_aicore_buffer: [chip_swimlane_collector.cpp:689] Core 2: skipped 1024 AICore record slot(s) with start_time=0 (race-window write or recycled-buffer tail). buf seq=0 count=1024
[mono_ns=7176189824820626][T0xea1715fbbca0][WARN] copy_aicore_buffer: [chip_swimlane_collector.cpp:689] Core 0: skipped 1024 AICore record slot(s) with start_time=0 (race-window write or recycled-buffer tail). buf seq=0 count=1024
[mono_ns=7176189825088857][T0xea17157abca0][WARN] copy_aicore_buffer: [chip_swimlane_collector.cpp:689] Core 26: skipped 1023 AICore record slot(s) with start_time=0 (race-window write or recycled-buffer tail). buf seq=0 count=1024
[mono_ns=7176189825166738][T0xea17130b1ca0][WARN] copy_aicore_buffer: [chip_swimlane_collector.cpp:689] Core 28: skipped 1023 AICore record slot(s) with start_time=0 (race-window write or recycled-buffer tail). buf seq=0 count=1024
[mono_ns=7176189825169388][T0xea1715fbbca0][WARN] copy_aicore_buffer: [chip_swimlane_collector.cpp:689] Core 24: skipped 1023 AICore record slot(s) with start_time=0 (race-window write or recycled-buffer tail). buf seq=0 count=1024
[mono_ns=7176189825375279][T0xea17157abca0][WARN] copy_aicore_buffer: [chip_swimlane_collector.cpp:689] Core 27: skipped 1024 AICore record slot(s) with start_time=0 (race-window write or recycled-buffer tail). buf seq=0 count=1024
[mono_ns=7176189825483319][T0xea17130b1ca0][WARN] copy_aicore_buffer: [chip_swimlane_collector.cpp:689] Core 29: skipped 1024 AICore record slot(s) with start_time=0 (race-window write or recycled-buffer tail). buf seq=0 count=1024
[mono_ns=7176189825542480][T0xea1715fbbca0][WARN] copy_aicore_buffer: [chip_swimlane_collector.cpp:689] Core 25: skipped 1024 AICore record slot(s) with start_time=0 (race-window write or recycled-buffer tail). buf seq=0 count=1024
[mono_ns=7176189825658100][T0xea17157abca0][WARN] copy_aicore_buffer: [chip_swimlane_collector.cpp:689] Core 4: skipped 1024 AICore record slot(s) with start_time=0 (race-window write or recycled-buffer tail). buf seq=0 count=1024
[mono_ns=7176189825795061][T0xea17130b1ca0][WARN] copy_aicore_buffer: [chip_swimlane_collector.cpp:689] Core 5: skipped 1024 AICore record slot(s) with start_time=0 (race-window write or recycled-buffer tail). buf seq=0 count=1024
[mono_ns=7176189825858272][T0xea1715fbbca0][WARN] copy_aicore_buffer: [chip_swimlane_collector.cpp:689] Core 3: skipped 1024 AICore record slot(s) with start_time=0 (race-window write or recycled-buffer tail). buf seq=0 count=1024
[mono_ns=7176189825943972][T0xea17157abca0][WARN] copy_aicore_buffer: [chip_swimlane_collector.cpp:689] Core 32: skipped 1024 AICore record slot(s) with start_time=0 (race-window write or recycled-buffer tail). buf seq=0 count=1024
[mono_ns=7176189826122433][T0xea17130b1ca0][WARN] copy_aicore_buffer: [chip_swimlane_collector.cpp:689] Core 34: skipped 1024 AICore record slot(s) with start_time=0 (race-window write or recycled-buffer tail). buf seq=0 count=1024
[mono_ns=7176189826182713][T0xea1715fbbca0][WARN] copy_aicore_buffer: [chip_swimlane_collector.cpp:689] Core 30: skipped 1024 AICore record slot(s) with start_time=0 (race-window write or recycled-buffer tail). buf seq=0 count=1024
[mono_ns=7176189826238044][T0xea17157abca0][WARN] copy_aicore_buffer: [chip_swimlane_collector.cpp:689] Core 33: skipped 1024 AICore record slot(s) with start_time=0 (race-window write or recycled-buffer tail). buf seq=0 count=1024
[mono_ns=7176189826439015][T0xea17130b1ca0][WARN] copy_aicore_buffer: [chip_swimlane_collector.cpp:689] Core 35: skipped 1024 AICore record slot(s) with start_time=0 (race-window write or recycled-buffer tail). buf seq=0 count=1024
[mono_ns=7176189826499475][T0xea1715fbbca0][WARN] copy_aicore_buffer: [chip_swimlane_collector.cpp:689] Core 31: skipped 1024 AICore record slot(s) with start_time=0 (race-window write or recycled-buffer tail). buf seq=0 count=1024
[mono_ns=7176189826522325][T0xea17157abca0][WARN] copy_aicore_buffer: [chip_swimlane_collector.cpp:689] Core 7: skipped 1024 AICore record slot(s) with start_time=0 (race-window write or recycled-buffer tail). buf seq=0 count=1024
[mono_ns=7176189826754296][T0xea17130b1ca0][WARN] copy_aicore_buffer: [chip_swimlane_collector.cpp:689] Core 8: skipped 1024 AICore record slot(s) with start_time=0 (race-window write or recycled-buffer tail). buf seq=0 count=1024
[mono_ns=7176189826804697][T0xea17157abca0][WARN] copy_aicore_buffer: [chip_swimlane_collector.cpp:689] Core 38: skipped 1024 AICore record slot(s) with start_time=0 (race-window write or recycled-buffer tail). buf seq=0 count=1024
[mono_ns=7176189826815657][T0xea1715fbbca0][WARN] copy_aicore_buffer: [chip_swimlane_collector.cpp:689] Core 6: skipped 1024 AICore record slot(s) with start_time=0 (race-window write or recycled-buffer tail). buf seq=0 count=1024
[mono_ns=7176189827079678][T0xea17130b1ca0][WARN] copy_aicore_buffer: [chip_swimlane_collector.cpp:689] Core 40: skipped 1024 AICore record slot(s) with start_time=0 (race-window write or recycled-buffer tail). buf seq=0 count=1024
[mono_ns=7176189827095538][T0xea17157abca0][WARN] copy_aicore_buffer: [chip_swimlane_collector.cpp:689] Core 39: skipped 1024 AICore record slot(s) with start_time=0 (race-window write or recycled-buffer tail). buf seq=0 count=1024
[mono_ns=7176189827161119][T0xea1715fbbca0][WARN] copy_aicore_buffer: [chip_swimlane_collector.cpp:689] Core 36: skipped 1024 AICore record slot(s) with start_time=0 (race-window write or recycled-buffer tail). buf seq=0 count=1024
[mono_ns=7176189827394830][T0xea17130b1ca0][WARN] copy_aicore_buffer: [chip_swimlane_collector.cpp:689] Core 41: skipped 1024 AICore record slot(s) with start_time=0 (race-window write or recycled-buffer tail). buf seq=0 count=1024
[mono_ns=7176189827476570][T0xea1715fbbca0][WARN] copy_aicore_buffer: [chip_swimlane_collector.cpp:689] Core 37: skipped 1024 AICore record slot(s) with start_time=0 (race-window write or recycled-buffer tail). buf seq=0 count=1024
[mono_ns=7176189827519341][T0xea17157abca0][WARN] copy_aicore_buffer: [chip_swimlane_collector.cpp:689] Core 10: skipped 1024 AICore record slot(s) with start_time=0 (race-window write or recycled-buffer tail). buf seq=0 count=1024
[mono_ns=7176189827711172][T0xea17130b1ca0][WARN] copy_aicore_buffer: [chip_swimlane_collector.cpp:689] Core 11: skipped 1024 AICore record slot(s) with start_time=0 (race-window write or recycled-buffer tail). buf seq=0 count=1024
[mono_ns=7176189827791312][T0xea1715fbbca0][WARN] copy_aicore_buffer: [chip_swimlane_collector.cpp:689] Core 9: skipped 1024 AICore record slot(s) with start_time=0 (race-window write or recycled-buffer tail). buf seq=0 count=1024
[mono_ns=7176189827848492][T0xea17157abca0][WARN] copy_aicore_buffer: [chip_swimlane_collector.cpp:689] Core 44: skipped 1024 AICore record slot(s) with start_time=0 (race-window write or recycled-buffer tail). buf seq=0 count=1024
[mono_ns=7176189828063353][T0xea17130b1ca0][WARN] copy_aicore_buffer: [chip_swimlane_collector.cpp:689] Core 46: skipped 1024 AICore record slot(s) with start_time=0 (race-window write or recycled-buffer tail). buf seq=0 count=1024
[mono_ns=7176189828115854][T0xea1715fbbca0][WARN] copy_aicore_buffer: [chip_swimlane_collector.cpp:689] Core 42: skipped 1024 AICore record slot(s) with start_time=0 (race-window write or recycled-buffer tail). buf seq=0 count=1024
[mono_ns=7176189828181124][T0xea17157abca0][WARN] copy_aicore_buffer: [chip_swimlane_collector.cpp:689] Core 45: skipped 1024 AICore record slot(s) with start_time=0 (race-window write or recycled-buffer tail). buf seq=0 count=1024
[mono_ns=7176189828379705][T0xea17130b1ca0][WARN] copy_aicore_buffer: [chip_swimlane_collector.cpp:689] Core 47: skipped 1024 AICore record slot(s) with start_time=0 (race-window write or recycled-buffer tail). buf seq=0 count=1024
[mono_ns=7176189828429805][T0xea1715fbbca0][WARN] copy_aicore_buffer: [chip_swimlane_collector.cpp:689] Core 43: skipped 1024 AICore record slot(s) with start_time=0 (race-window write or recycled-buffer tail). buf seq=0 count=1024
[mono_ns=7176189828503416][T0xea17157abca0][WARN] copy_aicore_buffer: [chip_swimlane_collector.cpp:689] Core 13: skipped 1024 AICore record slot(s) with start_time=0 (race-window write or recycled-buffer tail). buf seq=0 count=1024
[mono_ns=7176189828693917][T0xea17130b1ca0][WARN] copy_aicore_buffer: [chip_swimlane_collector.cpp:689] Core 14: skipped 1024 AICore record slot(s) with start_time=0 (race-window write or recycled-buffer tail). buf seq=0 count=1024
[mono_ns=7176189828745827][T0xea1715fbbca0][WARN] copy_aicore_buffer: [chip_swimlane_collector.cpp:689] Core 12: skipped 1024 AICore record slot(s) with start_time=0 (race-window write or recycled-buffer tail). buf seq=0 count=1024
[mono_ns=7176189828828828][T0xea17157abca0][WARN] copy_aicore_buffer: [chip_swimlane_collector.cpp:689] Core 50: skipped 1024 AICore record slot(s) with start_time=0 (race-window write or recycled-buffer tail). buf seq=0 count=1024
[mono_ns=7176189829017689][T0xea17130b1ca0][WARN] copy_aicore_buffer: [chip_swimlane_collector.cpp:689] Core 52: skipped 1024 AICore record slot(s) with start_time=0 (race-window write or recycled-buffer tail). buf seq=0 count=1024
[mono_ns=7176189829075549][T0xea1715fbbca0][WARN] copy_aicore_buffer: [chip_swimlane_collector.cpp:689] Core 48: skipped 1024 AICore record slot(s) with start_time=0 (race-window write or recycled-buffer tail). buf seq=0 count=1024
[mono_ns=7176189829157479][T0xea17157abca0][WARN] copy_aicore_buffer: [chip_swimlane_collector.cpp:689] Core 51: skipped 1024 AICore record slot(s) with start_time=0 (race-window write or recycled-buffer tail). buf seq=0 count=1024
[mono_ns=7176189829333330][T0xea17130b1ca0][WARN] copy_aicore_buffer: [chip_swimlane_collector.cpp:689] Core 53: skipped 1024 AICore record slot(s) with start_time=0 (race-window write or recycled-buffer tail). buf seq=0 count=1024
[mono_ns=7176189829390331][T0xea1715fbbca0][WARN] copy_aicore_buffer: [chip_swimlane_collector.cpp:689] Core 49: skipped 1024 AICore record slot(s) with start_time=0 (race-window write or recycled-buffer tail). buf seq=0 count=1024
[mono_ns=7176189829480371][T0xea17157abca0][WARN] copy_aicore_buffer: [chip_swimlane_collector.cpp:689] Core 16: skipped 1024 AICore record slot(s) with start_time=0 (race-window write or recycled-buffer tail). buf seq=0 count=1024
[mono_ns=7176189829649312][T0xea17130b1ca0][WARN] copy_aicore_buffer: [chip_swimlane_collector.cpp:689] Core 17: skipped 1024 AICore record slot(s) with start_time=0 (race-window write or recycled-buffer tail). buf seq=0 count=1024
[mono_ns=7176189829705562][T0xea1715fbbca0][WARN] copy_aicore_buffer: [chip_swimlane_collector.cpp:689] Core 15: skipped 1024 AICore record slot(s) with start_time=0 (race-window write or recycled-buffer tail). buf seq=0 count=1024
[mono_ns=7176189829803263][T0xea17157abca0][WARN] copy_aicore_buffer: [chip_swimlane_collector.cpp:689] Core 56: skipped 1024 AICore record slot(s) with start_time=0 (race-window write or recycled-buffer tail). buf seq=0 count=1024
[mono_ns=7176189829966184][T0xea17130b1ca0][WARN] copy_aicore_buffer: [chip_swimlane_collector.cpp:689] Core 58: skipped 1024 AICore record slot(s) with start_time=0 (race-window write or recycled-buffer tail). buf seq=0 count=1024
[mono_ns=7176189830028364][T0xea1715fbbca0][WARN] copy_aicore_buffer: [chip_swimlane_collector.cpp:689] Core 54: skipped 1024 AICore record slot(s) with start_time=0 (race-window write or recycled-buffer tail). buf seq=0 count=1024
[mono_ns=7176189830129075][T0xea17157abca0][WARN] copy_aicore_buffer: [chip_swimlane_collector.cpp:689] Core 57: skipped 1024 AICore record slot(s) with start_time=0 (race-window write or recycled-buffer tail). buf seq=0 count=1024
[mono_ns=7176189830291306][T0xea17130b1ca0][WARN] copy_aicore_buffer: [chip_swimlane_collector.cpp:689] Core 59: skipped 1024 AICore record slot(s) with start_time=0 (race-window write or recycled-buffer tail). buf seq=0 count=1024
[mono_ns=7176189830343586][T0xea1715fbbca0][WARN] copy_aicore_buffer: [chip_swimlane_collector.cpp:689] Core 55: skipped 1024 AICore record slot(s) with start_time=0 (race-window write or recycled-buffer tail). buf seq=0 count=1024
[mono_ns=7176189830451056][T0xea17157abca0][WARN] copy_aicore_buffer: [chip_swimlane_collector.cpp:689] Core 19: skipped 1024 AICore record slot(s) with start_time=0 (race-window write or recycled-buffer tail). buf seq=0 count=1024
[mono_ns=7176189830607197][T0xea17130b1ca0][WARN] copy_aicore_buffer: [chip_swimlane_collector.cpp:689] Core 20: skipped 1024 AICore record slot(s) with start_time=0 (race-window write or recycled-buffer tail). buf seq=0 count=1024
[mono_ns=7176189830658138][T0xea1715fbbca0][WARN] copy_aicore_buffer: [chip_swimlane_collector.cpp:689] Core 18: skipped 1024 AICore record slot(s) with start_time=0 (race-window write or recycled-buffer tail). buf seq=0 count=1024
[mono_ns=7176189830774598][T0xea17157abca0][WARN] copy_aicore_buffer: [chip_swimlane_collector.cpp:689] Core 62: skipped 1024 AICore record slot(s) with start_time=0 (race-window write or recycled-buffer tail). buf seq=0 count=1024
[mono_ns=7176189830923419][T0xea17130b1ca0][WARN] copy_aicore_buffer: [chip_swimlane_collector.cpp:689] Core 64: skipped 1024 AICore record slot(s) with start_time=0 (race-window write or recycled-buffer tail). buf seq=0 count=1024
[mono_ns=7176189830972459][T0xea1715fbbca0][WARN] copy_aicore_buffer: [chip_swimlane_collector.cpp:689] Core 60: skipped 1024 AICore record slot(s) with start_time=0 (race-window write or recycled-buffer tail). buf seq=0 count=1024
[mono_ns=7176189831106840][T0xea17157abca0][WARN] copy_aicore_buffer: [chip_swimlane_collector.cpp:689] Core 63: skipped 1024 AICore record slot(s) with start_time=0 (race-window write or recycled-buffer tail). buf seq=0 count=1024
[mono_ns=7176189831247901][T0xea17130b1ca0][WARN] copy_aicore_buffer: [chip_swimlane_collector.cpp:689] Core 65: skipped 1024 AICore record slot(s) with start_time=0 (race-window write or recycled-buffer tail). buf seq=0 count=1024
[mono_ns=7176189831316731][T0xea1715fbbca0][WARN] copy_aicore_buffer: [chip_swimlane_collector.cpp:689] Core 61: skipped 1024 AICore record slot(s) with start_time=0 (race-window write or recycled-buffer tail). buf seq=0 count=1024
[mono_ns=7176189831428252][T0xea17157abca0][WARN] copy_aicore_buffer: [chip_swimlane_collector.cpp:689] Core 22: skipped 1024 AICore record slot(s) with start_time=0 (race-window write or recycled-buffer tail). buf seq=0 count=1024
[mono_ns=7176189831568583][T0xea17130b1ca0][WARN] copy_aicore_buffer: [chip_swimlane_collector.cpp:689] Core 23: skipped 1024 AICore record slot(s) with start_time=0 (race-window write or recycled-buffer tail). buf seq=0 count=1024
[mono_ns=7176189831631423][T0xea1715fbbca0][WARN] copy_aicore_buffer: [chip_swimlane_collector.cpp:689] Core 21: skipped 1024 AICore record slot(s) with start_time=0 (race-window write or recycled-buffer tail). buf seq=0 count=1024
[mono_ns=7176189831751794][T0xea17157abca0][WARN] copy_aicore_buffer: [chip_swimlane_collector.cpp:689] Core 68: skipped 1024 AICore record slot(s) with start_time=0 (race-window write or recycled-buffer tail). buf seq=0 count=1024
[mono_ns=7176189831883304][T0xea17130b1ca0][WARN] copy_aicore_buffer: [chip_swimlane_collector.cpp:689] Core 70: skipped 1024 AICore record slot(s) with start_time=0 (race-window write or recycled-buffer tail). buf seq=0 count=1024
[mono_ns=7176189831947395][T0xea1715fbbca0][WARN] copy_aicore_buffer: [chip_swimlane_collector.cpp:689] Core 66: skipped 1024 AICore record slot(s) with start_time=0 (race-window write or recycled-buffer tail). buf seq=0 count=1024
[mono_ns=7176189832085055][T0xea17157abca0][WARN] copy_aicore_buffer: [chip_swimlane_collector.cpp:689] Core 69: skipped 1024 AICore record slot(s) with start_time=0 (race-window write or recycled-buffer tail). buf seq=0 count=1024
[mono_ns=7176189832225056][T0xea17130b1ca0][WARN] copy_aicore_buffer: [chip_swimlane_collector.cpp:689] Core 71: skipped 1024 AICore record slot(s) with start_time=0 (race-window write or recycled-buffer tail). buf seq=0 count=1024
[mono_ns=7176189832267776][T0xea1715fbbca0][WARN] copy_aicore_buffer: [chip_swimlane_collector.cpp:689] Core 67: skipped 1024 AICore record slot(s) with start_time=0 (race-window write or recycled-buffer tail). buf seq=0 count=1024
[mono_ns=7176189932886763][T0xea18656bb020][TIMING] emit_host_span: [STRACE] v=1 pid=4170618 tid=4170618 inv=8 hid=f919d62dacb758e0 depth=1 name=chip.run.runner_run ts=7176189824081182 dur=108796581 
[mono_ns=7176189932981744][T0xea18656bb020][TIMING] emit_host_span: [STRACE] v=1 pid=4170618 tid=4170618 inv=8 hid=f919d62dacb758e0 depth=1 name=chip.run.validate ts=7176189932898193 dur=79621 
[mono_ns=7176189932988414][T0xea18656bb020][TIMING] emit_host_span: [STRACE] v=1 pid=4170618 tid=4170618 inv=8 hid=f919d62dacb758e0 depth=2 name=chip.run.runner_run.device_wall ts=0 dur=268020 clk=dev
[mono_ns=7176189932992594][T0xea18656bb020][TIMING] emit_host_span: [STRACE] v=1 pid=4170618 tid=4170618 inv=8 hid=f919d62dacb758e0 depth=3 name=chip.run.runner_run.device_wall.preamble ts=0 dur=111180 clk=dev
[mono_ns=7176189932999614][T0xea18656bb020][TIMING] emit_host_span: [STRACE] v=1 pid=4170618 tid=4170618 inv=8 hid=f919d62dacb758e0 depth=3 name=chip.run.runner_run.device_wall.graph_build ts=107240 dur=150040 clk=dev
[mono_ns=7176189933010904][T0xea18656bb020][TIMING] emit_host_span: [STRACE] v=1 pid=4170618 tid=4170618 inv=8 hid=f919d62dacb758e0 depth=3 name=chip.run.runner_run.device_wall.config_validate ts=107360 dur=679 clk=dev
[mono_ns=7176189933014964][T0xea18656bb020][TIMING] emit_host_span: [STRACE] v=1 pid=4170618 tid=4170618 inv=8 hid=f919d62dacb758e0 depth=3 name=chip.run.runner_run.device_wall.arena_wire ts=108060 dur=1080 clk=dev
[mono_ns=7176189933018384][T0xea18656bb020][TIMING] emit_host_span: [STRACE] v=1 pid=4170618 tid=4170618 inv=8 hid=f919d62dacb758e0 depth=3 name=chip.run.runner_run.device_wall.sm_reset ts=109160 dur=580 clk=dev
[mono_ns=7176189933021544][T0xea18656bb020][TIMING] emit_host_span: [STRACE] v=1 pid=4170618 tid=4170618 inv=8 hid=f919d62dacb758e0 depth=3 name=chip.run.runner_run.device_wall.post_orch ts=257360 dur=10540 clk=dev
[mono_ns=7176189933024744][T0xea18656bb020][TIMING] emit_host_span: [STRACE] v=1 pid=4170618 tid=4170618 inv=8 hid=f919d62dacb758e0 depth=3 name=chip.run.runner_run.device_wall.orch ts=109800 dur=3460 clk=dev
[mono_ns=7176189933027894][T0xea18656bb020][TIMING] emit_host_span: [STRACE] v=1 pid=4170618 tid=4170618 inv=8 hid=f919d62dacb758e0 depth=3 name=chip.run.runner_run.device_wall.sched ts=111560 dur=121320 clk=dev
[mono_ns=7176189933032264][T0xea18656bb020][TIMING] emit_host_span: [STRACE] v=1 pid=4170618 tid=4170618 inv=8 hid=f919d62dacb758e0 depth=1 name=chip.run.claim_release ts=7176189933030154 dur=360 
[mono_ns=7176189933038344][T0xea18656bb020][TIMING] emit_host_span: [STRACE] v=1 pid=4170618 tid=4170618 inv=8 hid=f919d62dacb758e0 depth=0 name=chip.run ts=7176189823585889 dur=109450435 run_id=8 dispatch_id=8 slot_id=0 generation=8 run_epoch=8
[mono_ns=7176191135536051][T0xea18656bb020][TIMING] emit_host_span: [STRACE] v=1 pid=4170618 tid=4170618 inv=9 hid=f919d62dacb758e0 depth=2 name=chip.run.bind.args ts=7176191135341510 dur=187421 
[mono_ns=7176191135559741][T0xea18656bb020][TIMING] emit_host_span: [STRACE] v=1 pid=4170618 tid=4170618 inv=9 hid=f919d62dacb758e0 depth=2 name=chip.run.bind.prebuilt ts=7176191135551851 dur=5490 
[mono_ns=7176191135564821][T0xea18656bb020][TIMING] emit_host_span: [STRACE] v=1 pid=4170618 tid=4170618 inv=9 hid=f919d62dacb758e0 depth=1 name=chip.run.bind ts=7176191135329520 dur=232841 
[mono_ns=7176191244082111][T0xea18656bb020][TIMING] emit_host_span: [STRACE] v=1 pid=4170618 tid=4170618 inv=9 hid=f919d62dacb758e0 depth=1 name=chip.run.runner_run ts=7176191135865733 dur=108206368 
[mono_ns=7176191244193382][T0xea18656bb020][TIMING] emit_host_span: [STRACE] v=1 pid=4170618 tid=4170618 inv=9 hid=f919d62dacb758e0 depth=1 name=chip.run.validate ts=7176191244091381 dur=98211 
[mono_ns=7176191244201992][T0xea18656bb020][TIMING] emit_host_span: [STRACE] v=1 pid=4170618 tid=4170618 inv=9 hid=f919d62dacb758e0 depth=2 name=chip.run.runner_run.device_wall ts=0 dur=179480 clk=dev
[mono_ns=7176191244205892][T0xea18656bb020][TIMING] emit_host_span: [STRACE] v=1 pid=4170618 tid=4170618 inv=9 hid=f919d62dacb758e0 depth=3 name=chip.run.runner_run.device_wall.preamble ts=0 dur=5400 clk=dev
[mono_ns=7176191244212642][T0xea18656bb020][TIMING] emit_host_span: [STRACE] v=1 pid=4170618 tid=4170618 inv=9 hid=f919d62dacb758e0 depth=3 name=chip.run.runner_run.device_wall.graph_build ts=1640 dur=166860 clk=dev
[mono_ns=7176191244216082][T0xea18656bb020][TIMING] emit_host_span: [STRACE] v=1 pid=4170618 tid=4170618 inv=9 hid=f919d62dacb758e0 depth=3 name=chip.run.runner_run.device_wall.config_validate ts=1760 dur=840 clk=dev
[mono_ns=7176191244219042][T0xea18656bb020][TIMING] emit_host_span: [STRACE] v=1 pid=4170618 tid=4170618 inv=9 hid=f919d62dacb758e0 depth=3 name=chip.run.runner_run.device_wall.arena_wire ts=2620 dur=320 clk=dev
[mono_ns=7176191244221972][T0xea18656bb020][TIMING] emit_host_span: [STRACE] v=1 pid=4170618 tid=4170618 inv=9 hid=f919d62dacb758e0 depth=3 name=chip.run.runner_run.device_wall.sm_reset ts=2980 dur=740 clk=dev
[mono_ns=7176191244224922][T0xea18656bb020][TIMING] emit_host_span: [STRACE] v=1 pid=4170618 tid=4170618 inv=9 hid=f919d62dacb758e0 depth=3 name=chip.run.runner_run.device_wall.post_orch ts=168560 dur=10820 clk=dev
[mono_ns=7176191244227972][T0xea18656bb020][TIMING] emit_host_span: [STRACE] v=1 pid=4170618 tid=4170618 inv=9 hid=f919d62dacb758e0 depth=3 name=chip.run.runner_run.device_wall.orch ts=4240 dur=5699 clk=dev
[mono_ns=7176191244231132][T0xea18656bb020][TIMING] emit_host_span: [STRACE] v=1 pid=4170618 tid=4170618 inv=9 hid=f919d62dacb758e0 depth=3 name=chip.run.runner_run.device_wall.sched ts=5520 dur=153360 clk=dev
[mono_ns=7176191244238442][T0xea18656bb020][TIMING] emit_host_span: [STRACE] v=1 pid=4170618 tid=4170618 inv=9 hid=f919d62dacb758e0 depth=1 name=chip.run.claim_release ts=7176191244235492 dur=650 
[mono_ns=7176191244243762][T0xea18656bb020][TIMING] emit_host_span: [STRACE] v=1 pid=4170618 tid=4170618 inv=9 hid=f919d62dacb758e0 depth=0 name=chip.run ts=7176191135249039 dur=108992593 run_id=9 dispatch_id=9 slot_id=0 generation=9 run_epoch=9
[mono_ns=7176191247404289][T0xea18656bb020][TIMING] emit_host_span: [STRACE] v=1 pid=4170618 tid=4170618 inv=10 hid=f919d62dacb758e0 depth=2 name=chip.run.bind.args ts=7176191247283838 dur=115671 
[mono_ns=7176191247418109][T0xea18656bb020][TIMING] emit_host_span: [STRACE] v=1 pid=4170618 tid=4170618 inv=10 hid=f919d62dacb758e0 depth=2 name=chip.run.bind.prebuilt ts=7176191247412179 dur=3650 
[mono_ns=7176191247422329][T0xea18656bb020][TIMING] emit_host_span: [STRACE] v=1 pid=4170618 tid=4170618 inv=10 hid=f919d62dacb758e0 depth=1 name=chip.run.bind ts=7176191247275068 dur=145021 
[mono_ns=7176191249029098][T0xea1715fbbca0][WARN] copy_aicore_buffer: [chip_swimlane_collector.cpp:689] Core 0: skipped 1024 AICore record slot(s) with start_time=0 (race-window write or recycled-buffer tail). buf seq=0 count=1024
[mono_ns=7176191249086828][T0xea17130b1ca0][WARN] copy_aicore_buffer: [chip_swimlane_collector.cpp:689] Core 2: skipped 1024 AICore record slot(s) with start_time=0 (race-window write or recycled-buffer tail). buf seq=0 count=1024
[mono_ns=7176191249091198][T0xea17157abca0][WARN] copy_aicore_buffer: [chip_swimlane_collector.cpp:689] Core 1: skipped 1024 AICore record slot(s) with start_time=0 (race-window write or recycled-buffer tail). buf seq=0 count=1024
[mono_ns=7176191249369410][T0xea1715fbbca0][WARN] copy_aicore_buffer: [chip_swimlane_collector.cpp:689] Core 24: skipped 1023 AICore record slot(s) with start_time=0 (race-window write or recycled-buffer tail). buf seq=0 count=1024
[mono_ns=7176191249401540][T0xea17130b1ca0][WARN] copy_aicore_buffer: [chip_swimlane_collector.cpp:689] Core 28: skipped 1023 AICore record slot(s) with start_time=0 (race-window write or recycled-buffer tail). buf seq=0 count=1024
[mono_ns=7176191249466470][T0xea17157abca0][WARN] copy_aicore_buffer: [chip_swimlane_collector.cpp:689] Core 26: skipped 1023 AICore record slot(s) with start_time=0 (race-window write or recycled-buffer tail). buf seq=0 count=1024
[mono_ns=7176191249682442][T0xea1715fbbca0][WARN] copy_aicore_buffer: [chip_swimlane_collector.cpp:689] Core 25: skipped 1024 AICore record slot(s) with start_time=0 (race-window write or recycled-buffer tail). buf seq=0 count=1024
[mono_ns=7176191249714992][T0xea17130b1ca0][WARN] copy_aicore_buffer: [chip_swimlane_collector.cpp:689] Core 29: skipped 1024 AICore record slot(s) with start_time=0 (race-window write or recycled-buffer tail). buf seq=0 count=1024
[mono_ns=7176191249794622][T0xea17157abca0][WARN] copy_aicore_buffer: [chip_swimlane_collector.cpp:689] Core 27: skipped 1024 AICore record slot(s) with start_time=0 (race-window write or recycled-buffer tail). buf seq=0 count=1024
[mono_ns=7176191249994213][T0xea1715fbbca0][WARN] copy_aicore_buffer: [chip_swimlane_collector.cpp:689] Core 3: skipped 1024 AICore record slot(s) with start_time=0 (race-window write or recycled-buffer tail). buf seq=0 count=1024
[mono_ns=7176191250032153][T0xea17130b1ca0][WARN] copy_aicore_buffer: [chip_swimlane_collector.cpp:689] Core 5: skipped 1024 AICore record slot(s) with start_time=0 (race-window write or recycled-buffer tail). buf seq=0 count=1024
[mono_ns=7176191250129904][T0xea17157abca0][WARN] copy_aicore_buffer: [chip_swimlane_collector.cpp:689] Core 4: skipped 1024 AICore record slot(s) with start_time=0 (race-window write or recycled-buffer tail). buf seq=0 count=1024
[mono_ns=7176191250313295][T0xea1715fbbca0][WARN] copy_aicore_buffer: [chip_swimlane_collector.cpp:689] Core 30: skipped 1024 AICore record slot(s) with start_time=0 (race-window write or recycled-buffer tail). buf seq=0 count=1024
[mono_ns=7176191250354685][T0xea17130b1ca0][WARN] copy_aicore_buffer: [chip_swimlane_collector.cpp:689] Core 34: skipped 1024 AICore record slot(s) with start_time=0 (race-window write or recycled-buffer tail). buf seq=0 count=1024
[mono_ns=7176191250452526][T0xea17157abca0][WARN] copy_aicore_buffer: [chip_swimlane_collector.cpp:689] Core 32: skipped 1024 AICore record slot(s) with start_time=0 (race-window write or recycled-buffer tail). buf seq=0 count=1024
[mono_ns=7176191250630327][T0xea1715fbbca0][WARN] copy_aicore_buffer: [chip_swimlane_collector.cpp:689] Core 31: skipped 1024 AICore record slot(s) with start_time=0 (race-window write or recycled-buffer tail). buf seq=0 count=1024
[mono_ns=7176191250670337][T0xea17130b1ca0][WARN] copy_aicore_buffer: [chip_swimlane_collector.cpp:689] Core 35: skipped 1024 AICore record slot(s) with start_time=0 (race-window write or recycled-buffer tail). buf seq=0 count=1024
[mono_ns=7176191250775357][T0xea17157abca0][WARN] copy_aicore_buffer: [chip_swimlane_collector.cpp:689] Core 33: skipped 1024 AICore record slot(s) with start_time=0 (race-window write or recycled-buffer tail). buf seq=0 count=1024
[mono_ns=7176191250945628][T0xea1715fbbca0][WARN] copy_aicore_buffer: [chip_swimlane_collector.cpp:689] Core 6: skipped 1024 AICore record slot(s) with start_time=0 (race-window write or recycled-buffer tail). buf seq=0 count=1024
[mono_ns=7176191250984849][T0xea17130b1ca0][WARN] copy_aicore_buffer: [chip_swimlane_collector.cpp:689] Core 8: skipped 1024 AICore record slot(s) with start_time=0 (race-window write or recycled-buffer tail). buf seq=0 count=1024
[mono_ns=7176191251104669][T0xea17157abca0][WARN] copy_aicore_buffer: [chip_swimlane_collector.cpp:689] Core 7: skipped 1024 AICore record slot(s) with start_time=0 (race-window write or recycled-buffer tail). buf seq=0 count=1024
[mono_ns=7176191251270510][T0xea1715fbbca0][WARN] copy_aicore_buffer: [chip_swimlane_collector.cpp:689] Core 36: skipped 1023 AICore record slot(s) with start_time=0 (race-window write or recycled-buffer tail). buf seq=0 count=1024
[mono_ns=7176191251312650][T0xea17130b1ca0][WARN] copy_aicore_buffer: [chip_swimlane_collector.cpp:689] Core 40: skipped 1022 AICore record slot(s) with start_time=0 (race-window write or recycled-buffer tail). buf seq=0 count=1024
[mono_ns=7176191251428251][T0xea17157abca0][WARN] copy_aicore_buffer: [chip_swimlane_collector.cpp:689] Core 38: skipped 1024 AICore record slot(s) with start_time=0 (race-window write or recycled-buffer tail). buf seq=0 count=1024
[mono_ns=7176191251586012][T0xea1715fbbca0][WARN] copy_aicore_buffer: [chip_swimlane_collector.cpp:689] Core 37: skipped 1024 AICore record slot(s) with start_time=0 (race-window write or recycled-buffer tail). buf seq=0 count=1024
[mono_ns=7176191251628682][T0xea17130b1ca0][WARN] copy_aicore_buffer: [chip_swimlane_collector.cpp:689] Core 41: skipped 1024 AICore record slot(s) with start_time=0 (race-window write or recycled-buffer tail). buf seq=0 count=1024
[mono_ns=7176191251749753][T0xea17157abca0][WARN] copy_aicore_buffer: [chip_swimlane_collector.cpp:689] Core 39: skipped 1024 AICore record slot(s) with start_time=0 (race-window write or recycled-buffer tail). buf seq=0 count=1024
[mono_ns=7176191251901504][T0xea1715fbbca0][WARN] copy_aicore_buffer: [chip_swimlane_collector.cpp:689] Core 9: skipped 1024 AICore record slot(s) with start_time=0 (race-window write or recycled-buffer tail). buf seq=0 count=1024
[mono_ns=7176191251971584][T0xea17130b1ca0][WARN] copy_aicore_buffer: [chip_swimlane_collector.cpp:689] Core 11: skipped 1024 AICore record slot(s) with start_time=0 (race-window write or recycled-buffer tail). buf seq=0 count=1024
[mono_ns=7176191252078765][T0xea17157abca0][WARN] copy_aicore_buffer: [chip_swimlane_collector.cpp:689] Core 10: skipped 1024 AICore record slot(s) with start_time=0 (race-window write or recycled-buffer tail). buf seq=0 count=1024
[mono_ns=7176191252224705][T0xea1715fbbca0][WARN] copy_aicore_buffer: [chip_swimlane_collector.cpp:689] Core 42: skipped 1024 AICore record slot(s) with start_time=0 (race-window write or recycled-buffer tail). buf seq=0 count=1024
[mono_ns=7176191252293886][T0xea17130b1ca0][WARN] copy_aicore_buffer: [chip_swimlane_collector.cpp:689] Core 46: skipped 1024 AICore record slot(s) with start_time=0 (race-window write or recycled-buffer tail). buf seq=0 count=1024
[mono_ns=7176191252400296][T0xea17157abca0][WARN] copy_aicore_buffer: [chip_swimlane_collector.cpp:689] Core 44: skipped 1024 AICore record slot(s) with start_time=0 (race-window write or recycled-buffer tail). buf seq=0 count=1024
[mono_ns=7176191252540427][T0xea1715fbbca0][WARN] copy_aicore_buffer: [chip_swimlane_collector.cpp:689] Core 43: skipped 1024 AICore record slot(s) with start_time=0 (race-window write or recycled-buffer tail). buf seq=0 count=1024
[mono_ns=7176191252609597][T0xea17130b1ca0][WARN] copy_aicore_buffer: [chip_swimlane_collector.cpp:689] Core 47: skipped 1024 AICore record slot(s) with start_time=0 (race-window write or recycled-buffer tail). buf seq=0 count=1024
[mono_ns=7176191252721748][T0xea17157abca0][WARN] copy_aicore_buffer: [chip_swimlane_collector.cpp:689] Core 45: skipped 1024 AICore record slot(s) with start_time=0 (race-window write or recycled-buffer tail). buf seq=0 count=1024
[mono_ns=7176191252881829][T0xea1715fbbca0][WARN] copy_aicore_buffer: [chip_swimlane_collector.cpp:689] Core 12: skipped 1024 AICore record slot(s) with start_time=0 (race-window write or recycled-buffer tail). buf seq=0 count=1024
[mono_ns=7176191252924609][T0xea17130b1ca0][WARN] copy_aicore_buffer: [chip_swimlane_collector.cpp:689] Core 14: skipped 1024 AICore record slot(s) with start_time=0 (race-window write or recycled-buffer tail). buf seq=0 count=1024
[mono_ns=7176191253050510][T0xea17157abca0][WARN] copy_aicore_buffer: [chip_swimlane_collector.cpp:689] Core 13: skipped 1024 AICore record slot(s) with start_time=0 (race-window write or recycled-buffer tail). buf seq=0 count=1024
[mono_ns=7176191253206981][T0xea1715fbbca0][WARN] copy_aicore_buffer: [chip_swimlane_collector.cpp:689] Core 48: skipped 1024 AICore record slot(s) with start_time=0 (race-window write or recycled-buffer tail). buf seq=0 count=1024
[mono_ns=7176191253248671][T0xea17130b1ca0][WARN] copy_aicore_buffer: [chip_swimlane_collector.cpp:689] Core 52: skipped 1024 AICore record slot(s) with start_time=0 (race-window write or recycled-buffer tail). buf seq=0 count=1024
[mono_ns=7176191253373802][T0xea17157abca0][WARN] copy_aicore_buffer: [chip_swimlane_collector.cpp:689] Core 50: skipped 1024 AICore record slot(s) with start_time=0 (race-window write or recycled-buffer tail). buf seq=0 count=1024
[mono_ns=7176191253523032][T0xea1715fbbca0][WARN] copy_aicore_buffer: [chip_swimlane_collector.cpp:689] Core 49: skipped 1024 AICore record slot(s) with start_time=0 (race-window write or recycled-buffer tail). buf seq=0 count=1024
[mono_ns=7176191253564203][T0xea17130b1ca0][WARN] copy_aicore_buffer: [chip_swimlane_collector.cpp:689] Core 53: skipped 1024 AICore record slot(s) with start_time=0 (race-window write or recycled-buffer tail). buf seq=0 count=1024
[mono_ns=7176191253695543][T0xea17157abca0][WARN] copy_aicore_buffer: [chip_swimlane_collector.cpp:689] Core 51: skipped 1024 AICore record slot(s) with start_time=0 (race-window write or recycled-buffer tail). buf seq=0 count=1024
[mono_ns=7176191253838364][T0xea1715fbbca0][WARN] copy_aicore_buffer: [chip_swimlane_collector.cpp:689] Core 15: skipped 1024 AICore record slot(s) with start_time=0 (race-window write or recycled-buffer tail). buf seq=0 count=1024
[mono_ns=7176191253878854][T0xea17130b1ca0][WARN] copy_aicore_buffer: [chip_swimlane_collector.cpp:689] Core 17: skipped 1024 AICore record slot(s) with start_time=0 (race-window write or recycled-buffer tail). buf seq=0 count=1024
[mono_ns=7176191254026015][T0xea17157abca0][WARN] copy_aicore_buffer: [chip_swimlane_collector.cpp:689] Core 16: skipped 1024 AICore record slot(s) with start_time=0 (race-window write or recycled-buffer tail). buf seq=0 count=1024
[mono_ns=7176191254161376][T0xea1715fbbca0][WARN] copy_aicore_buffer: [chip_swimlane_collector.cpp:689] Core 54: skipped 1024 AICore record slot(s) with start_time=0 (race-window write or recycled-buffer tail). buf seq=0 count=1024
[mono_ns=7176191254201476][T0xea17130b1ca0][WARN] copy_aicore_buffer: [chip_swimlane_collector.cpp:689] Core 58: skipped 1024 AICore record slot(s) with start_time=0 (race-window write or recycled-buffer tail). buf seq=0 count=1024
[mono_ns=7176191254347457][T0xea17157abca0][WARN] copy_aicore_buffer: [chip_swimlane_collector.cpp:689] Core 56: skipped 1024 AICore record slot(s) with start_time=0 (race-window write or recycled-buffer tail). buf seq=0 count=1024
[mono_ns=7176191254477468][T0xea1715fbbca0][WARN] copy_aicore_buffer: [chip_swimlane_collector.cpp:689] Core 55: skipped 1024 AICore record slot(s) with start_time=0 (race-window write or recycled-buffer tail). buf seq=0 count=1024
[mono_ns=7176191254517878][T0xea17130b1ca0][WARN] copy_aicore_buffer: [chip_swimlane_collector.cpp:689] Core 59: skipped 1024 AICore record slot(s) with start_time=0 (race-window write or recycled-buffer tail). buf seq=0 count=1024
[mono_ns=7176191254669219][T0xea17157abca0][WARN] copy_aicore_buffer: [chip_swimlane_collector.cpp:689] Core 57: skipped 1024 AICore record slot(s) with start_time=0 (race-window write or recycled-buffer tail). buf seq=0 count=1024
[mono_ns=7176191254792849][T0xea1715fbbca0][WARN] copy_aicore_buffer: [chip_swimlane_collector.cpp:689] Core 18: skipped 1024 AICore record slot(s) with start_time=0 (race-window write or recycled-buffer tail). buf seq=0 count=1024
[mono_ns=7176191254833090][T0xea17130b1ca0][WARN] copy_aicore_buffer: [chip_swimlane_collector.cpp:689] Core 20: skipped 1024 AICore record slot(s) with start_time=0 (race-window write or recycled-buffer tail). buf seq=0 count=1024
[mono_ns=7176191254992880][T0xea17157abca0][WARN] copy_aicore_buffer: [chip_swimlane_collector.cpp:689] Core 19: skipped 1024 AICore record slot(s) with start_time=0 (race-window write or recycled-buffer tail). buf seq=0 count=1024
[mono_ns=7176191255111821][T0xea1715fbbca0][WARN] copy_aicore_buffer: [chip_swimlane_collector.cpp:689] Core 60: skipped 1024 AICore record slot(s) with start_time=0 (race-window write or recycled-buffer tail). buf seq=0 count=1024
[mono_ns=7176191255151271][T0xea17130b1ca0][WARN] copy_aicore_buffer: [chip_swimlane_collector.cpp:689] Core 64: skipped 1024 AICore record slot(s) with start_time=0 (race-window write or recycled-buffer tail). buf seq=0 count=1024
[mono_ns=7176191255321052][T0xea17157abca0][WARN] copy_aicore_buffer: [chip_swimlane_collector.cpp:689] Core 62: skipped 1024 AICore record slot(s) with start_time=0 (race-window write or recycled-buffer tail). buf seq=0 count=1024
[mono_ns=7176191255428233][T0xea1715fbbca0][WARN] copy_aicore_buffer: [chip_swimlane_collector.cpp:689] Core 61: skipped 1024 AICore record slot(s) with start_time=0 (race-window write or recycled-buffer tail). buf seq=0 count=1024
[mono_ns=7176191255467833][T0xea17130b1ca0][WARN] copy_aicore_buffer: [chip_swimlane_collector.cpp:689] Core 65: skipped 1024 AICore record slot(s) with start_time=0 (race-window write or recycled-buffer tail). buf seq=0 count=1024
[mono_ns=7176191255643184][T0xea17157abca0][WARN] copy_aicore_buffer: [chip_swimlane_collector.cpp:689] Core 63: skipped 1024 AICore record slot(s) with start_time=0 (race-window write or recycled-buffer tail). buf seq=0 count=1024
[mono_ns=7176191255741854][T0xea1715fbbca0][WARN] copy_aicore_buffer: [chip_swimlane_collector.cpp:689] Core 21: skipped 1024 AICore record slot(s) with start_time=0 (race-window write or recycled-buffer tail). buf seq=0 count=1024
[mono_ns=7176191255783345][T0xea17130b1ca0][WARN] copy_aicore_buffer: [chip_swimlane_collector.cpp:689] Core 23: skipped 1024 AICore record slot(s) with start_time=0 (race-window write or recycled-buffer tail). buf seq=0 count=1024
[mono_ns=7176191255965506][T0xea17157abca0][WARN] copy_aicore_buffer: [chip_swimlane_collector.cpp:689] Core 22: skipped 1024 AICore record slot(s) with start_time=0 (race-window write or recycled-buffer tail). buf seq=0 count=1024
[mono_ns=7176191256072266][T0xea1715fbbca0][WARN] copy_aicore_buffer: [chip_swimlane_collector.cpp:689] Core 66: skipped 1024 AICore record slot(s) with start_time=0 (race-window write or recycled-buffer tail). buf seq=0 count=1024
[mono_ns=7176191256132967][T0xea17130b1ca0][WARN] copy_aicore_buffer: [chip_swimlane_collector.cpp:689] Core 70: skipped 1024 AICore record slot(s) with start_time=0 (race-window write or recycled-buffer tail). buf seq=0 count=1024
[mono_ns=7176191256302067][T0xea17157abca0][WARN] copy_aicore_buffer: [chip_swimlane_collector.cpp:689] Core 68: skipped 1024 AICore record slot(s) with start_time=0 (race-window write or recycled-buffer tail). buf seq=0 count=1024
[mono_ns=7176191256386718][T0xea1715fbbca0][WARN] copy_aicore_buffer: [chip_swimlane_collector.cpp:689] Core 67: skipped 1024 AICore record slot(s) with start_time=0 (race-window write or recycled-buffer tail). buf seq=0 count=1024
[mono_ns=7176191256447358][T0xea17130b1ca0][WARN] copy_aicore_buffer: [chip_swimlane_collector.cpp:689] Core 71: skipped 1024 AICore record slot(s) with start_time=0 (race-window write or recycled-buffer tail). buf seq=0 count=1024
[mono_ns=7176191256623069][T0xea17157abca0][WARN] copy_aicore_buffer: [chip_swimlane_collector.cpp:689] Core 69: skipped 1024 AICore record slot(s) with start_time=0 (race-window write or recycled-buffer tail). buf seq=0 count=1024
[mono_ns=7176191357034975][T0xea18656bb020][TIMING] emit_host_span: [STRACE] v=1 pid=4170618 tid=4170618 inv=10 hid=f919d62dacb758e0 depth=1 name=chip.run.runner_run ts=7176191247723511 dur=109306154 
[mono_ns=7176191357119886][T0xea18656bb020][TIMING] emit_host_span: [STRACE] v=1 pid=4170618 tid=4170618 inv=10 hid=f919d62dacb758e0 depth=1 name=chip.run.validate ts=7176191357041725 dur=74401 
[mono_ns=7176191357126596][T0xea18656bb020][TIMING] emit_host_span: [STRACE] v=1 pid=4170618 tid=4170618 inv=10 hid=f919d62dacb758e0 depth=2 name=chip.run.runner_run.device_wall ts=0 dur=795880 clk=dev
[mono_ns=7176191357130546][T0xea18656bb020][TIMING] emit_host_span: [STRACE] v=1 pid=4170618 tid=4170618 inv=10 hid=f919d62dacb758e0 depth=3 name=chip.run.runner_run.device_wall.preamble ts=0 dur=643480 clk=dev
[mono_ns=7176191357134216][T0xea18656bb020][TIMING] emit_host_span: [STRACE] v=1 pid=4170618 tid=4170618 inv=10 hid=f919d62dacb758e0 depth=3 name=chip.run.runner_run.device_wall.graph_build ts=639319 dur=145740 clk=dev
[mono_ns=7176191357137856][T0xea18656bb020][TIMING] emit_host_span: [STRACE] v=1 pid=4170618 tid=4170618 inv=10 hid=f919d62dacb758e0 depth=3 name=chip.run.runner_run.device_wall.config_validate ts=639460 dur=760 clk=dev
[mono_ns=7176191357141356][T0xea18656bb020][TIMING] emit_host_span: [STRACE] v=1 pid=4170618 tid=4170618 inv=10 hid=f919d62dacb758e0 depth=3 name=chip.run.runner_run.device_wall.arena_wire ts=640260 dur=240 clk=dev
[mono_ns=7176191357145066][T0xea18656bb020][TIMING] emit_host_span: [STRACE] v=1 pid=4170618 tid=4170618 inv=10 hid=f919d62dacb758e0 depth=3 name=chip.run.runner_run.device_wall.sm_reset ts=640540 dur=780 clk=dev
[mono_ns=7176191357148786][T0xea18656bb020][TIMING] emit_host_span: [STRACE] v=1 pid=4170618 tid=4170618 inv=10 hid=f919d62dacb758e0 depth=3 name=chip.run.runner_run.device_wall.post_orch ts=785099 dur=10640 clk=dev
[mono_ns=7176191357157346][T0xea18656bb020][TIMING] emit_host_span: [STRACE] v=1 pid=4170618 tid=4170618 inv=10 hid=f919d62dacb758e0 depth=3 name=chip.run.runner_run.device_wall.orch ts=641380 dur=3540 clk=dev
[mono_ns=7176191357160936][T0xea18656bb020][TIMING] emit_host_span: [STRACE] v=1 pid=4170618 tid=4170618 inv=10 hid=f919d62dacb758e0 depth=3 name=chip.run.runner_run.device_wall.sched ts=643620 dur=124360 clk=dev
[mono_ns=7176191357165416][T0xea18656bb020][TIMING] emit_host_span: [STRACE] v=1 pid=4170618 tid=4170618 inv=10 hid=f919d62dacb758e0 depth=1 name=chip.run.claim_release ts=7176191357163266 dur=340 
[mono_ns=7176191357170076][T0xea18656bb020][TIMING] emit_host_span: [STRACE] v=1 pid=4170618 tid=4170618 inv=10 hid=f919d62dacb758e0 depth=0 name=chip.run ts=7176191247239478 dur=109928518 run_id=10 dispatch_id=10 slot_id=0 generation=10 run_epoch=10
[mono_ns=7176192558888669][T0xea18656bb020][TIMING] emit_host_span: [STRACE] v=1 pid=4170618 tid=4170618 inv=11 hid=f919d62dacb758e0 depth=2 name=chip.run.bind.args ts=7176192558700978 dur=181541 
[mono_ns=7176192558907329][T0xea18656bb020][TIMING] emit_host_span: [STRACE] v=1 pid=4170618 tid=4170618 inv=11 hid=f919d62dacb758e0 depth=2 name=chip.run.bind.prebuilt ts=7176192558900079 dur=4500 
[mono_ns=7176192558912659][T0xea18656bb020][TIMING] emit_host_span: [STRACE] v=1 pid=4170618 tid=4170618 inv=11 hid=f919d62dacb758e0 depth=1 name=chip.run.bind ts=7176192558689358 dur=220731 
[mono_ns=7176192663534658][T0xea18656bb020][TIMING] emit_host_span: [STRACE] v=1 pid=4170618 tid=4170618 inv=11 hid=f919d62dacb758e0 depth=1 name=chip.run.runner_run ts=7176192559225901 dur=104295787 
[mono_ns=7176192663665108][T0xea18656bb020][TIMING] emit_host_span: [STRACE] v=1 pid=4170618 tid=4170618 inv=11 hid=f919d62dacb758e0 depth=1 name=chip.run.validate ts=7176192663550078 dur=110490 
[mono_ns=7176192663672718][T0xea18656bb020][TIMING] emit_host_span: [STRACE] v=1 pid=4170618 tid=4170618 inv=11 hid=f919d62dacb758e0 depth=2 name=chip.run.runner_run.device_wall ts=0 dur=176760 clk=dev
[mono_ns=7176192663677128][T0xea18656bb020][TIMING] emit_host_span: [STRACE] v=1 pid=4170618 tid=4170618 inv=11 hid=f919d62dacb758e0 depth=3 name=chip.run.runner_run.device_wall.preamble ts=0 dur=5260 clk=dev
[mono_ns=7176192663681118][T0xea18656bb020][TIMING] emit_host_span: [STRACE] v=1 pid=4170618 tid=4170618 inv=11 hid=f919d62dacb758e0 depth=3 name=chip.run.runner_run.device_wall.graph_build ts=1480 dur=164320 clk=dev
[mono_ns=7176192663684858][T0xea18656bb020][TIMING] emit_host_span: [STRACE] v=1 pid=4170618 tid=4170618 inv=11 hid=f919d62dacb758e0 depth=3 name=chip.run.runner_run.device_wall.config_validate ts=1799 dur=840 clk=dev
[mono_ns=7176192663688368][T0xea18656bb020][TIMING] emit_host_span: [STRACE] v=1 pid=4170618 tid=4170618 inv=11 hid=f919d62dacb758e0 depth=3 name=chip.run.runner_run.device_wall.arena_wire ts=2680 dur=300 clk=dev
[mono_ns=7176192663691769][T0xea18656bb020][TIMING] emit_host_span: [STRACE] v=1 pid=4170618 tid=4170618 inv=11 hid=f919d62dacb758e0 depth=3 name=chip.run.runner_run.device_wall.sm_reset ts=3020 dur=860 clk=dev
[mono_ns=7176192663700959][T0xea18656bb020][TIMING] emit_host_span: [STRACE] v=1 pid=4170618 tid=4170618 inv=11 hid=f919d62dacb758e0 depth=3 name=chip.run.runner_run.device_wall.post_orch ts=165840 dur=10800 clk=dev
[mono_ns=7176192663704889][T0xea18656bb020][TIMING] emit_host_span: [STRACE] v=1 pid=4170618 tid=4170618 inv=11 hid=f919d62dacb758e0 depth=3 name=chip.run.runner_run.device_wall.orch ts=4480 dur=6380 clk=dev
[mono_ns=7176192663708029][T0xea18656bb020][TIMING] emit_host_span: [STRACE] v=1 pid=4170618 tid=4170618 inv=11 hid=f919d62dacb758e0 depth=3 name=chip.run.runner_run.device_wall.sched ts=5380 dur=151000 clk=dev
[mono_ns=7176192663713969][T0xea18656bb020][TIMING] emit_host_span: [STRACE] v=1 pid=4170618 tid=4170618 inv=11 hid=f919d62dacb758e0 depth=1 name=chip.run.claim_release ts=7176192663711569 dur=660 
[mono_ns=7176192663719519][T0xea18656bb020][TIMING] emit_host_span: [STRACE] v=1 pid=4170618 tid=4170618 inv=11 hid=f919d62dacb758e0 depth=0 name=chip.run ts=7176192558610947 dur=105106462 run_id=11 dispatch_id=11 slot_id=0 generation=11 run_epoch=11
[mono_ns=7176192667438549][T0xea18656bb020][TIMING] emit_host_span: [STRACE] v=1 pid=4170618 tid=4170618 inv=12 hid=f919d62dacb758e0 depth=2 name=chip.run.bind.args ts=7176192667310778 dur=122701 
[mono_ns=7176192667452869][T0xea18656bb020][TIMING] emit_host_span: [STRACE] v=1 pid=4170618 tid=4170618 inv=12 hid=f919d62dacb758e0 depth=2 name=chip.run.bind.prebuilt ts=7176192667445959 dur=4680 
[mono_ns=7176192667458149][T0xea18656bb020][TIMING] emit_host_span: [STRACE] v=1 pid=4170618 tid=4170618 inv=12 hid=f919d62dacb758e0 depth=1 name=chip.run.bind ts=7176192667300068 dur=154861 
[mono_ns=7176192669362839][T0xea1715fbbca0][WARN] copy_aicore_buffer: [chip_swimlane_collector.cpp:689] Core 0: skipped 1024 AICore record slot(s) with start_time=0 (race-window write or recycled-buffer tail). buf seq=0 count=1024
[mono_ns=7176192669370049][T0xea17130b1ca0][WARN] copy_aicore_buffer: [chip_swimlane_collector.cpp:689] Core 2: skipped 1024 AICore record slot(s) with start_time=0 (race-window write or recycled-buffer tail). buf seq=0 count=1024
[mono_ns=7176192669420110][T0xea17157abca0][WARN] copy_aicore_buffer: [chip_swimlane_collector.cpp:689] Core 1: skipped 1024 AICore record slot(s) with start_time=0 (race-window write or recycled-buffer tail). buf seq=0 count=1024
[mono_ns=7176192669692941][T0xea17130b1ca0][WARN] copy_aicore_buffer: [chip_swimlane_collector.cpp:689] Core 28: skipped 1024 AICore record slot(s) with start_time=0 (race-window write or recycled-buffer tail). buf seq=0 count=1024
[mono_ns=7176192669696261][T0xea1715fbbca0][WARN] copy_aicore_buffer: [chip_swimlane_collector.cpp:689] Core 24: skipped 1023 AICore record slot(s) with start_time=0 (race-window write or recycled-buffer tail). buf seq=0 count=1024
[mono_ns=7176192669751491][T0xea17157abca0][WARN] copy_aicore_buffer: [chip_swimlane_collector.cpp:689] Core 26: skipped 1022 AICore record slot(s) with start_time=0 (race-window write or recycled-buffer tail). buf seq=0 count=1024
[mono_ns=7176192670020033][T0xea1715fbbca0][WARN] copy_aicore_buffer: [chip_swimlane_collector.cpp:689] Core 25: skipped 1024 AICore record slot(s) with start_time=0 (race-window write or recycled-buffer tail). buf seq=0 count=1024
[mono_ns=7176192670022253][T0xea17130b1ca0][WARN] copy_aicore_buffer: [chip_swimlane_collector.cpp:689] Core 29: skipped 1024 AICore record slot(s) with start_time=0 (race-window write or recycled-buffer tail). buf seq=0 count=1024
[mono_ns=7176192670085613][T0xea17157abca0][WARN] copy_aicore_buffer: [chip_swimlane_collector.cpp:689] Core 27: skipped 1024 AICore record slot(s) with start_time=0 (race-window write or recycled-buffer tail). buf seq=0 count=1024
[mono_ns=7176192670337095][T0xea1715fbbca0][WARN] copy_aicore_buffer: [chip_swimlane_collector.cpp:689] Core 3: skipped 1024 AICore record slot(s) with start_time=0 (race-window write or recycled-buffer tail). buf seq=0 count=1024
[mono_ns=7176192670363905][T0xea17130b1ca0][WARN] copy_aicore_buffer: [chip_swimlane_collector.cpp:689] Core 5: skipped 1024 AICore record slot(s) with start_time=0 (race-window write or recycled-buffer tail). buf seq=0 count=1024
[mono_ns=7176192670408135][T0xea17157abca0][WARN] copy_aicore_buffer: [chip_swimlane_collector.cpp:689] Core 4: skipped 1024 AICore record slot(s) with start_time=0 (race-window write or recycled-buffer tail). buf seq=0 count=1024
[mono_ns=7176192670655956][T0xea1715fbbca0][WARN] copy_aicore_buffer: [chip_swimlane_collector.cpp:689] Core 30: skipped 1024 AICore record slot(s) with start_time=0 (race-window write or recycled-buffer tail). buf seq=0 count=1024
[mono_ns=7176192670676156][T0xea17130b1ca0][WARN] copy_aicore_buffer: [chip_swimlane_collector.cpp:689] Core 34: skipped 1024 AICore record slot(s) with start_time=0 (race-window write or recycled-buffer tail). buf seq=0 count=1024
[mono_ns=7176192670729707][T0xea17157abca0][WARN] copy_aicore_buffer: [chip_swimlane_collector.cpp:689] Core 32: skipped 1024 AICore record slot(s) with start_time=0 (race-window write or recycled-buffer tail). buf seq=0 count=1024
[mono_ns=7176192670973028][T0xea1715fbbca0][WARN] copy_aicore_buffer: [chip_swimlane_collector.cpp:689] Core 31: skipped 1024 AICore record slot(s) with start_time=0 (race-window write or recycled-buffer tail). buf seq=0 count=1024
[mono_ns=7176192670988758][T0xea17130b1ca0][WARN] copy_aicore_buffer: [chip_swimlane_collector.cpp:689] Core 35: skipped 1024 AICore record slot(s) with start_time=0 (race-window write or recycled-buffer tail). buf seq=0 count=1024
[mono_ns=7176192671065169][T0xea17157abca0][WARN] copy_aicore_buffer: [chip_swimlane_collector.cpp:689] Core 33: skipped 1024 AICore record slot(s) with start_time=0 (race-window write or recycled-buffer tail). buf seq=0 count=1024
[mono_ns=7176192671299830][T0xea1715fbbca0][WARN] copy_aicore_buffer: [chip_swimlane_collector.cpp:689] Core 6: skipped 1024 AICore record slot(s) with start_time=0 (race-window write or recycled-buffer tail). buf seq=0 count=1024
[mono_ns=7176192671312770][T0xea17130b1ca0][WARN] copy_aicore_buffer: [chip_swimlane_collector.cpp:689] Core 8: skipped 1024 AICore record slot(s) with start_time=0 (race-window write or recycled-buffer tail). buf seq=0 count=1024
[mono_ns=7176192671387350][T0xea17157abca0][WARN] copy_aicore_buffer: [chip_swimlane_collector.cpp:689] Core 7: skipped 1024 AICore record slot(s) with start_time=0 (race-window write or recycled-buffer tail). buf seq=0 count=1024
[mono_ns=7176192671615642][T0xea1715fbbca0][WARN] copy_aicore_buffer: [chip_swimlane_collector.cpp:689] Core 36: skipped 1024 AICore record slot(s) with start_time=0 (race-window write or recycled-buffer tail). buf seq=0 count=1024
[mono_ns=7176192671626692][T0xea17130b1ca0][WARN] copy_aicore_buffer: [chip_swimlane_collector.cpp:689] Core 40: skipped 1024 AICore record slot(s) with start_time=0 (race-window write or recycled-buffer tail). buf seq=0 count=1024
[mono_ns=7176192671709362][T0xea17157abca0][WARN] copy_aicore_buffer: [chip_swimlane_collector.cpp:689] Core 38: skipped 1024 AICore record slot(s) with start_time=0 (race-window write or recycled-buffer tail). buf seq=0 count=1024
[mono_ns=7176192671931253][T0xea1715fbbca0][WARN] copy_aicore_buffer: [chip_swimlane_collector.cpp:689] Core 37: skipped 1024 AICore record slot(s) with start_time=0 (race-window write or recycled-buffer tail). buf seq=0 count=1024
[mono_ns=7176192671961983][T0xea17130b1ca0][WARN] copy_aicore_buffer: [chip_swimlane_collector.cpp:689] Core 41: skipped 1024 AICore record slot(s) with start_time=0 (race-window write or recycled-buffer tail). buf seq=0 count=1024
[mono_ns=7176192672039994][T0xea17157abca0][WARN] copy_aicore_buffer: [chip_swimlane_collector.cpp:689] Core 39: skipped 1024 AICore record slot(s) with start_time=0 (race-window write or recycled-buffer tail). buf seq=0 count=1024
[mono_ns=7176192672251275][T0xea1715fbbca0][WARN] copy_aicore_buffer: [chip_swimlane_collector.cpp:689] Core 9: skipped 1024 AICore record slot(s) with start_time=0 (race-window write or recycled-buffer tail). buf seq=0 count=1024
[mono_ns=7176192672283975][T0xea17130b1ca0][WARN] copy_aicore_buffer: [chip_swimlane_collector.cpp:689] Core 11: skipped 1024 AICore record slot(s) with start_time=0 (race-window write or recycled-buffer tail). buf seq=0 count=1024
[mono_ns=7176192672362456][T0xea17157abca0][WARN] copy_aicore_buffer: [chip_swimlane_collector.cpp:689] Core 10: skipped 1024 AICore record slot(s) with start_time=0 (race-window write or recycled-buffer tail). buf seq=0 count=1024
[mono_ns=7176192672567277][T0xea1715fbbca0][WARN] copy_aicore_buffer: [chip_swimlane_collector.cpp:689] Core 42: skipped 1024 AICore record slot(s) with start_time=0 (race-window write or recycled-buffer tail). buf seq=0 count=1024
[mono_ns=7176192672599177][T0xea17130b1ca0][WARN] copy_aicore_buffer: [chip_swimlane_collector.cpp:689] Core 46: skipped 1024 AICore record slot(s) with start_time=0 (race-window write or recycled-buffer tail). buf seq=0 count=1024
[mono_ns=7176192672685507][T0xea17157abca0][WARN] copy_aicore_buffer: [chip_swimlane_collector.cpp:689] Core 44: skipped 1024 AICore record slot(s) with start_time=0 (race-window write or recycled-buffer tail). buf seq=0 count=1024
[mono_ns=7176192672882728][T0xea1715fbbca0][WARN] copy_aicore_buffer: [chip_swimlane_collector.cpp:689] Core 43: skipped 1024 AICore record slot(s) with start_time=0 (race-window write or recycled-buffer tail). buf seq=0 count=1024
[mono_ns=7176192672915719][T0xea17130b1ca0][WARN] copy_aicore_buffer: [chip_swimlane_collector.cpp:689] Core 47: skipped 1024 AICore record slot(s) with start_time=0 (race-window write or recycled-buffer tail). buf seq=0 count=1024
[mono_ns=7176192673016669][T0xea17157abca0][WARN] copy_aicore_buffer: [chip_swimlane_collector.cpp:689] Core 45: skipped 1024 AICore record slot(s) with start_time=0 (race-window write or recycled-buffer tail). buf seq=0 count=1024
[mono_ns=7176192673208320][T0xea1715fbbca0][WARN] copy_aicore_buffer: [chip_swimlane_collector.cpp:689] Core 12: skipped 1024 AICore record slot(s) with start_time=0 (race-window write or recycled-buffer tail). buf seq=0 count=1024
[mono_ns=7176192673237180][T0xea17130b1ca0][WARN] copy_aicore_buffer: [chip_swimlane_collector.cpp:689] Core 14: skipped 1024 AICore record slot(s) with start_time=0 (race-window write or recycled-buffer tail). buf seq=0 count=1024
[mono_ns=7176192673339201][T0xea17157abca0][WARN] copy_aicore_buffer: [chip_swimlane_collector.cpp:689] Core 13: skipped 1024 AICore record slot(s) with start_time=0 (race-window write or recycled-buffer tail). buf seq=0 count=1024
[mono_ns=7176192673523792][T0xea1715fbbca0][WARN] copy_aicore_buffer: [chip_swimlane_collector.cpp:689] Core 48: skipped 1024 AICore record slot(s) with start_time=0 (race-window write or recycled-buffer tail). buf seq=0 count=1024
[mono_ns=7176192673553472][T0xea17130b1ca0][WARN] copy_aicore_buffer: [chip_swimlane_collector.cpp:689] Core 52: skipped 1024 AICore record slot(s) with start_time=0 (race-window write or recycled-buffer tail). buf seq=0 count=1024
[mono_ns=7176192673663483][T0xea17157abca0][WARN] copy_aicore_buffer: [chip_swimlane_collector.cpp:689] Core 50: skipped 1024 AICore record slot(s) with start_time=0 (race-window write or recycled-buffer tail). buf seq=0 count=1024
[mono_ns=7176192673839084][T0xea1715fbbca0][WARN] copy_aicore_buffer: [chip_swimlane_collector.cpp:689] Core 49: skipped 1024 AICore record slot(s) with start_time=0 (race-window write or recycled-buffer tail). buf seq=0 count=1024
[mono_ns=7176192673868164][T0xea17130b1ca0][WARN] copy_aicore_buffer: [chip_swimlane_collector.cpp:689] Core 53: skipped 1024 AICore record slot(s) with start_time=0 (race-window write or recycled-buffer tail). buf seq=0 count=1024
[mono_ns=7176192673988074][T0xea17157abca0][WARN] copy_aicore_buffer: [chip_swimlane_collector.cpp:689] Core 51: skipped 1024 AICore record slot(s) with start_time=0 (race-window write or recycled-buffer tail). buf seq=0 count=1024
[mono_ns=7176192674167005][T0xea1715fbbca0][WARN] copy_aicore_buffer: [chip_swimlane_collector.cpp:689] Core 15: skipped 1024 AICore record slot(s) with start_time=0 (race-window write or recycled-buffer tail). buf seq=0 count=1024
[mono_ns=7176192674195286][T0xea17130b1ca0][WARN] copy_aicore_buffer: [chip_swimlane_collector.cpp:689] Core 17: skipped 1024 AICore record slot(s) with start_time=0 (race-window write or recycled-buffer tail). buf seq=0 count=1024
[mono_ns=7176192674317616][T0xea17157abca0][WARN] copy_aicore_buffer: [chip_swimlane_collector.cpp:689] Core 16: skipped 1024 AICore record slot(s) with start_time=0 (race-window write or recycled-buffer tail). buf seq=0 count=1024
[mono_ns=7176192674508557][T0xea17130b1ca0][WARN] copy_aicore_buffer: [chip_swimlane_collector.cpp:689] Core 58: skipped 1024 AICore record slot(s) with start_time=0 (race-window write or recycled-buffer tail). buf seq=0 count=1024
[mono_ns=7176192674510287][T0xea1715fbbca0][WARN] copy_aicore_buffer: [chip_swimlane_collector.cpp:689] Core 54: skipped 1024 AICore record slot(s) with start_time=0 (race-window write or recycled-buffer tail). buf seq=0 count=1024
[mono_ns=7176192674639688][T0xea17157abca0][WARN] copy_aicore_buffer: [chip_swimlane_collector.cpp:689] Core 56: skipped 1024 AICore record slot(s) with start_time=0 (race-window write or recycled-buffer tail). buf seq=0 count=1024
[mono_ns=7176192674822969][T0xea1715fbbca0][WARN] copy_aicore_buffer: [chip_swimlane_collector.cpp:689] Core 55: skipped 1024 AICore record slot(s) with start_time=0 (race-window write or recycled-buffer tail). buf seq=0 count=1024
[mono_ns=7176192674825079][T0xea17130b1ca0][WARN] copy_aicore_buffer: [chip_swimlane_collector.cpp:689] Core 59: skipped 1024 AICore record slot(s) with start_time=0 (race-window write or recycled-buffer tail). buf seq=0 count=1024
[mono_ns=7176192674962770][T0xea17157abca0][WARN] copy_aicore_buffer: [chip_swimlane_collector.cpp:689] Core 57: skipped 1024 AICore record slot(s) with start_time=0 (race-window write or recycled-buffer tail). buf seq=0 count=1024
[mono_ns=7176192675140711][T0xea17130b1ca0][WARN] copy_aicore_buffer: [chip_swimlane_collector.cpp:689] Core 20: skipped 1024 AICore record slot(s) with start_time=0 (race-window write or recycled-buffer tail). buf seq=0 count=1024
[mono_ns=7176192675143451][T0xea1715fbbca0][WARN] copy_aicore_buffer: [chip_swimlane_collector.cpp:689] Core 18: skipped 1024 AICore record slot(s) with start_time=0 (race-window write or recycled-buffer tail). buf seq=0 count=1024
[mono_ns=7176192675291312][T0xea17157abca0][WARN] copy_aicore_buffer: [chip_swimlane_collector.cpp:689] Core 19: skipped 1024 AICore record slot(s) with start_time=0 (race-window write or recycled-buffer tail). buf seq=0 count=1024
[mono_ns=7176192675455542][T0xea1715fbbca0][WARN] copy_aicore_buffer: [chip_swimlane_collector.cpp:689] Core 60: skipped 1024 AICore record slot(s) with start_time=0 (race-window write or recycled-buffer tail). buf seq=0 count=1024
[mono_ns=7176192675456802][T0xea17130b1ca0][WARN] copy_aicore_buffer: [chip_swimlane_collector.cpp:689] Core 64: skipped 1024 AICore record slot(s) with start_time=0 (race-window write or recycled-buffer tail). buf seq=0 count=1024
[mono_ns=7176192675614053][T0xea17157abca0][WARN] copy_aicore_buffer: [chip_swimlane_collector.cpp:689] Core 62: skipped 1024 AICore record slot(s) with start_time=0 (race-window write or recycled-buffer tail). buf seq=0 count=1024
[mono_ns=7176192675769624][T0xea17130b1ca0][WARN] copy_aicore_buffer: [chip_swimlane_collector.cpp:689] Core 65: skipped 1024 AICore record slot(s) with start_time=0 (race-window write or recycled-buffer tail). buf seq=0 count=1024
[mono_ns=7176192675773524][T0xea1715fbbca0][WARN] copy_aicore_buffer: [chip_swimlane_collector.cpp:689] Core 61: skipped 1024 AICore record slot(s) with start_time=0 (race-window write or recycled-buffer tail). buf seq=0 count=1024
[mono_ns=7176192675936215][T0xea17157abca0][WARN] copy_aicore_buffer: [chip_swimlane_collector.cpp:689] Core 63: skipped 1024 AICore record slot(s) with start_time=0 (race-window write or recycled-buffer tail). buf seq=0 count=1024
[mono_ns=7176192676090086][T0xea17130b1ca0][WARN] copy_aicore_buffer: [chip_swimlane_collector.cpp:689] Core 23: skipped 1024 AICore record slot(s) with start_time=0 (race-window write or recycled-buffer tail). buf seq=0 count=1024
[mono_ns=7176192676115216][T0xea1715fbbca0][WARN] copy_aicore_buffer: [chip_swimlane_collector.cpp:689] Core 21: skipped 1024 AICore record slot(s) with start_time=0 (race-window write or recycled-buffer tail). buf seq=0 count=1024
[mono_ns=7176192676264397][T0xea17157abca0][WARN] copy_aicore_buffer: [chip_swimlane_collector.cpp:689] Core 22: skipped 1024 AICore record slot(s) with start_time=0 (race-window write or recycled-buffer tail). buf seq=0 count=1024
[mono_ns=7176192676405088][T0xea17130b1ca0][WARN] copy_aicore_buffer: [chip_swimlane_collector.cpp:689] Core 70: skipped 1024 AICore record slot(s) with start_time=0 (race-window write or recycled-buffer tail). buf seq=0 count=1024
[mono_ns=7176192676429738][T0xea1715fbbca0][WARN] copy_aicore_buffer: [chip_swimlane_collector.cpp:689] Core 66: skipped 1024 AICore record slot(s) with start_time=0 (race-window write or recycled-buffer tail). buf seq=0 count=1024
[mono_ns=7176192676586289][T0xea17157abca0][WARN] copy_aicore_buffer: [chip_swimlane_collector.cpp:689] Core 68: skipped 1024 AICore record slot(s) with start_time=0 (race-window write or recycled-buffer tail). buf seq=0 count=1024
[mono_ns=7176192676731839][T0xea17130b1ca0][WARN] copy_aicore_buffer: [chip_swimlane_collector.cpp:689] Core 71: skipped 1024 AICore record slot(s) with start_time=0 (race-window write or recycled-buffer tail). buf seq=0 count=1024
[mono_ns=7176192676755630][T0xea1715fbbca0][WARN] copy_aicore_buffer: [chip_swimlane_collector.cpp:689] Core 67: skipped 1024 AICore record slot(s) with start_time=0 (race-window write or recycled-buffer tail). buf seq=0 count=1024
[mono_ns=7176192676920120][T0xea17157abca0][WARN] copy_aicore_buffer: [chip_swimlane_collector.cpp:689] Core 69: skipped 1024 AICore record slot(s) with start_time=0 (race-window write or recycled-buffer tail). buf seq=0 count=1024
[mono_ns=7176192777378207][T0xea18656bb020][TIMING] emit_host_span: [STRACE] v=1 pid=4170618 tid=4170618 inv=12 hid=f919d62dacb758e0 depth=1 name=chip.run.runner_run ts=7176192668062162 dur=109310465 
[mono_ns=7176192777460377][T0xea18656bb020][TIMING] emit_host_span: [STRACE] v=1 pid=4170618 tid=4170618 inv=12 hid=f919d62dacb758e0 depth=1 name=chip.run.validate ts=7176192777385287 dur=71330 
[mono_ns=7176192777466867][T0xea18656bb020][TIMING] emit_host_span: [STRACE] v=1 pid=4170618 tid=4170618 inv=12 hid=f919d62dacb758e0 depth=2 name=chip.run.runner_run.device_wall ts=0 dur=785920 clk=dev
[mono_ns=7176192777470877][T0xea18656bb020][TIMING] emit_host_span: [STRACE] v=1 pid=4170618 tid=4170618 inv=12 hid=f919d62dacb758e0 depth=3 name=chip.run.runner_run.device_wall.preamble ts=0 dur=635680 clk=dev
[mono_ns=7176192777474327][T0xea18656bb020][TIMING] emit_host_span: [STRACE] v=1 pid=4170618 tid=4170618 inv=12 hid=f919d62dacb758e0 depth=3 name=chip.run.runner_run.device_wall.graph_build ts=632080 dur=143420 clk=dev
[mono_ns=7176192777482727][T0xea18656bb020][TIMING] emit_host_span: [STRACE] v=1 pid=4170618 tid=4170618 inv=12 hid=f919d62dacb758e0 depth=3 name=chip.run.runner_run.device_wall.config_validate ts=632199 dur=780 clk=dev
[mono_ns=7176192777486057][T0xea18656bb020][TIMING] emit_host_span: [STRACE] v=1 pid=4170618 tid=4170618 inv=12 hid=f919d62dacb758e0 depth=3 name=chip.run.runner_run.device_wall.arena_wire ts=633000 dur=280 clk=dev
[mono_ns=7176192777489117][T0xea18656bb020][TIMING] emit_host_span: [STRACE] v=1 pid=4170618 tid=4170618 inv=12 hid=f919d62dacb758e0 depth=3 name=chip.run.runner_run.device_wall.sm_reset ts=633320 dur=520 clk=dev
[mono_ns=7176192777493037][T0xea18656bb020][TIMING] emit_host_span: [STRACE] v=1 pid=4170618 tid=4170618 inv=12 hid=f919d62dacb758e0 depth=3 name=chip.run.runner_run.device_wall.post_orch ts=775560 dur=10299 clk=dev
[mono_ns=7176192777496167][T0xea18656bb020][TIMING] emit_host_span: [STRACE] v=1 pid=4170618 tid=4170618 inv=12 hid=f919d62dacb758e0 depth=3 name=chip.run.runner_run.device_wall.orch ts=633900 dur=3220 clk=dev
[mono_ns=7176192777499487][T0xea18656bb020][TIMING] emit_host_span: [STRACE] v=1 pid=4170618 tid=4170618 inv=12 hid=f919d62dacb758e0 depth=3 name=chip.run.runner_run.device_wall.sched ts=635840 dur=122500 clk=dev
[mono_ns=7176192777503627][T0xea18656bb020][TIMING] emit_host_span: [STRACE] v=1 pid=4170618 tid=4170618 inv=12 hid=f919d62dacb758e0 depth=1 name=chip.run.claim_release ts=7176192777501427 dur=410 
[mono_ns=7176192777507957][T0xea18656bb020][TIMING] emit_host_span: [STRACE] v=1 pid=4170618 tid=4170618 inv=12 hid=f919d62dacb758e0 depth=0 name=chip.run ts=7176192667255548 dur=110250359 run_id=12 dispatch_id=12 slot_id=0 generation=12 run_epoch=12
[mono_ns=7176193976453295][T0xea18656bb020][TIMING] emit_host_span: [STRACE] v=1 pid=4170618 tid=4170618 inv=13 hid=f919d62dacb758e0 depth=2 name=chip.run.bind.args ts=7176193976267514 dur=180111 
[mono_ns=7176193976473366][T0xea18656bb020][TIMING] emit_host_span: [STRACE] v=1 pid=4170618 tid=4170618 inv=13 hid=f919d62dacb758e0 depth=2 name=chip.run.bind.prebuilt ts=7176193976466266 dur=4610 
[mono_ns=7176193976479086][T0xea18656bb020][TIMING] emit_host_span: [STRACE] v=1 pid=4170618 tid=4170618 inv=13 hid=f919d62dacb758e0 depth=1 name=chip.run.bind ts=7176193976256014 dur=219992 
[mono_ns=7176194080729622][T0xea18656bb020][TIMING] emit_host_span: [STRACE] v=1 pid=4170618 tid=4170618 inv=13 hid=f919d62dacb758e0 depth=1 name=chip.run.runner_run ts=7176193976742147 dur=103977855 
[mono_ns=7176194080842953][T0xea18656bb020][TIMING] emit_host_span: [STRACE] v=1 pid=4170618 tid=4170618 inv=13 hid=f919d62dacb758e0 depth=1 name=chip.run.validate ts=7176194080739802 dur=99071 
[mono_ns=7176194080850703][T0xea18656bb020][TIMING] emit_host_span: [STRACE] v=1 pid=4170618 tid=4170618 inv=13 hid=f919d62dacb758e0 depth=2 name=chip.run.runner_run.device_wall ts=0 dur=177880 clk=dev
[mono_ns=7176194080854603][T0xea18656bb020][TIMING] emit_host_span: [STRACE] v=1 pid=4170618 tid=4170618 inv=13 hid=f919d62dacb758e0 depth=3 name=chip.run.runner_run.device_wall.preamble ts=0 dur=5880 clk=dev
[mono_ns=7176194080858663][T0xea18656bb020][TIMING] emit_host_span: [STRACE] v=1 pid=4170618 tid=4170618 inv=13 hid=f919d62dacb758e0 depth=3 name=chip.run.runner_run.device_wall.graph_build ts=1740 dur=165200 clk=dev
[mono_ns=7176194080873503][T0xea18656bb020][TIMING] emit_host_span: [STRACE] v=1 pid=4170618 tid=4170618 inv=13 hid=f919d62dacb758e0 depth=3 name=chip.run.runner_run.device_wall.config_validate ts=1880 dur=1060 clk=dev
[mono_ns=7176194080876843][T0xea18656bb020][TIMING] emit_host_span: [STRACE] v=1 pid=4170618 tid=4170618 inv=13 hid=f919d62dacb758e0 depth=3 name=chip.run.runner_run.device_wall.arena_wire ts=2960 dur=300 clk=dev
[mono_ns=7176194080879913][T0xea18656bb020][TIMING] emit_host_span: [STRACE] v=1 pid=4170618 tid=4170618 inv=13 hid=f919d62dacb758e0 depth=3 name=chip.run.runner_run.device_wall.sm_reset ts=3300 dur=860 clk=dev
[mono_ns=7176194080883003][T0xea18656bb020][TIMING] emit_host_span: [STRACE] v=1 pid=4170618 tid=4170618 inv=13 hid=f919d62dacb758e0 depth=3 name=chip.run.runner_run.device_wall.post_orch ts=166980 dur=10800 clk=dev
[mono_ns=7176194080886273][T0xea18656bb020][TIMING] emit_host_span: [STRACE] v=1 pid=4170618 tid=4170618 inv=13 hid=f919d62dacb758e0 depth=3 name=chip.run.runner_run.device_wall.orch ts=4760 dur=5380 clk=dev
[mono_ns=7176194080889343][T0xea18656bb020][TIMING] emit_host_span: [STRACE] v=1 pid=4170618 tid=4170618 inv=13 hid=f919d62dacb758e0 depth=3 name=chip.run.runner_run.device_wall.sched ts=5960 dur=151500 clk=dev
[mono_ns=7176194080894273][T0xea18656bb020][TIMING] emit_host_span: [STRACE] v=1 pid=4170618 tid=4170618 inv=13 hid=f919d62dacb758e0 depth=1 name=chip.run.claim_release ts=7176194080891933 dur=610 
[mono_ns=7176194080899463][T0xea18656bb020][TIMING] emit_host_span: [STRACE] v=1 pid=4170618 tid=4170618 inv=13 hid=f919d62dacb758e0 depth=0 name=chip.run ts=7176193976204914 dur=104692499 run_id=13 dispatch_id=13 slot_id=0 generation=13 run_epoch=13
[mono_ns=7176194088348044][T0xea18656bb020][TIMING] emit_host_span: [STRACE] v=1 pid=4170618 tid=4170618 inv=14 hid=f919d62dacb758e0 depth=2 name=chip.run.bind.args ts=7176194088228943 dur=114291 
[mono_ns=7176194088361354][T0xea18656bb020][TIMING] emit_host_span: [STRACE] v=1 pid=4170618 tid=4170618 inv=14 hid=f919d62dacb758e0 depth=2 name=chip.run.bind.prebuilt ts=7176194088355814 dur=3210 
[mono_ns=7176194088365784][T0xea18656bb020][TIMING] emit_host_span: [STRACE] v=1 pid=4170618 tid=4170618 inv=14 hid=f919d62dacb758e0 depth=1 name=chip.run.bind ts=7176194088221143 dur=142331 
[mono_ns=7176194089878162][T0xea17130b1ca0][WARN] copy_aicore_buffer: [chip_swimlane_collector.cpp:689] Core 2: skipped 1024 AICore record slot(s) with start_time=0 (race-window write or recycled-buffer tail). buf seq=0 count=1024
[mono_ns=7176194089878272][T0xea1715fbbca0][WARN] copy_aicore_buffer: [chip_swimlane_collector.cpp:689] Core 0: skipped 1024 AICore record slot(s) with start_time=0 (race-window write or recycled-buffer tail). buf seq=0 count=1024
[mono_ns=7176194089893972][T0xea17157abca0][WARN] copy_aicore_buffer: [chip_swimlane_collector.cpp:689] Core 1: skipped 1024 AICore record slot(s) with start_time=0 (race-window write or recycled-buffer tail). buf seq=0 count=1024
[mono_ns=7176194090220304][T0xea17130b1ca0][WARN] copy_aicore_buffer: [chip_swimlane_collector.cpp:689] Core 28: skipped 1023 AICore record slot(s) with start_time=0 (race-window write or recycled-buffer tail). buf seq=0 count=1024
[mono_ns=7176194090242914][T0xea1715fbbca0][WARN] copy_aicore_buffer: [chip_swimlane_collector.cpp:689] Core 24: skipped 1023 AICore record slot(s) with start_time=0 (race-window write or recycled-buffer tail). buf seq=0 count=1024
[mono_ns=7176194090235164][T0xea17157abca0][WARN] copy_aicore_buffer: [chip_swimlane_collector.cpp:689] Core 26: skipped 1022 AICore record slot(s) with start_time=0 (race-window write or recycled-buffer tail). buf seq=0 count=1024
[mono_ns=7176194090566096][T0xea17130b1ca0][WARN] copy_aicore_buffer: [chip_swimlane_collector.cpp:689] Core 29: skipped 1024 AICore record slot(s) with start_time=0 (race-window write or recycled-buffer tail). buf seq=0 count=1024
[mono_ns=7176194090574946][T0xea1715fbbca0][WARN] copy_aicore_buffer: [chip_swimlane_collector.cpp:689] Core 25: skipped 1024 AICore record slot(s) with start_time=0 (race-window write or recycled-buffer tail). buf seq=0 count=1024
[mono_ns=7176194090577756][T0xea17157abca0][WARN] copy_aicore_buffer: [chip_swimlane_collector.cpp:689] Core 27: skipped 1024 AICore record slot(s) with start_time=0 (race-window write or recycled-buffer tail). buf seq=0 count=1024
[mono_ns=7176194090881678][T0xea17130b1ca0][WARN] copy_aicore_buffer: [chip_swimlane_collector.cpp:689] Core 5: skipped 1024 AICore record slot(s) with start_time=0 (race-window write or recycled-buffer tail). buf seq=0 count=1024
[mono_ns=7176194090886008][T0xea1715fbbca0][WARN] copy_aicore_buffer: [chip_swimlane_collector.cpp:689] Core 3: skipped 1024 AICore record slot(s) with start_time=0 (race-window write or recycled-buffer tail). buf seq=0 count=1024
[mono_ns=7176194090899798][T0xea17157abca0][WARN] copy_aicore_buffer: [chip_swimlane_collector.cpp:689] Core 4: skipped 1024 AICore record slot(s) with start_time=0 (race-window write or recycled-buffer tail). buf seq=0 count=1024
[mono_ns=7176194091206149][T0xea1715fbbca0][WARN] copy_aicore_buffer: [chip_swimlane_collector.cpp:689] Core 30: skipped 1023 AICore record slot(s) with start_time=0 (race-window write or recycled-buffer tail). buf seq=0 count=1024
[mono_ns=7176194091208299][T0xea17130b1ca0][WARN] copy_aicore_buffer: [chip_swimlane_collector.cpp:689] Core 34: skipped 1024 AICore record slot(s) with start_time=0 (race-window write or recycled-buffer tail). buf seq=0 count=1024
[mono_ns=7176194091233469][T0xea17157abca0][WARN] copy_aicore_buffer: [chip_swimlane_collector.cpp:689] Core 32: skipped 1024 AICore record slot(s) with start_time=0 (race-window write or recycled-buffer tail). buf seq=0 count=1024
[mono_ns=7176194091520051][T0xea17130b1ca0][WARN] copy_aicore_buffer: [chip_swimlane_collector.cpp:689] Core 35: skipped 1024 AICore record slot(s) with start_time=0 (race-window write or recycled-buffer tail). buf seq=0 count=1024
[mono_ns=7176194091521761][T0xea1715fbbca0][WARN] copy_aicore_buffer: [chip_swimlane_collector.cpp:689] Core 31: skipped 1024 AICore record slot(s) with start_time=0 (race-window write or recycled-buffer tail). buf seq=0 count=1024
[mono_ns=7176194091555091][T0xea17157abca0][WARN] copy_aicore_buffer: [chip_swimlane_collector.cpp:689] Core 33: skipped 1024 AICore record slot(s) with start_time=0 (race-window write or recycled-buffer tail). buf seq=0 count=1024
[mono_ns=7176194091833003][T0xea1715fbbca0][WARN] copy_aicore_buffer: [chip_swimlane_collector.cpp:689] Core 6: skipped 1024 AICore record slot(s) with start_time=0 (race-window write or recycled-buffer tail). buf seq=0 count=1024
[mono_ns=7176194091836473][T0xea17130b1ca0][WARN] copy_aicore_buffer: [chip_swimlane_collector.cpp:689] Core 8: skipped 1024 AICore record slot(s) with start_time=0 (race-window write or recycled-buffer tail). buf seq=0 count=1024
[mono_ns=7176194091877363][T0xea17157abca0][WARN] copy_aicore_buffer: [chip_swimlane_collector.cpp:689] Core 7: skipped 1024 AICore record slot(s) with start_time=0 (race-window write or recycled-buffer tail). buf seq=0 count=1024
[mono_ns=7176194092162625][T0xea1715fbbca0][WARN] copy_aicore_buffer: [chip_swimlane_collector.cpp:689] Core 36: skipped 1024 AICore record slot(s) with start_time=0 (race-window write or recycled-buffer tail). buf seq=0 count=1024
[mono_ns=7176194092201175][T0xea17130b1ca0][WARN] copy_aicore_buffer: [chip_swimlane_collector.cpp:689] Core 40: skipped 1024 AICore record slot(s) with start_time=0 (race-window write or recycled-buffer tail). buf seq=0 count=1024
[mono_ns=7176194092212225][T0xea17157abca0][WARN] copy_aicore_buffer: [chip_swimlane_collector.cpp:689] Core 38: skipped 1024 AICore record slot(s) with start_time=0 (race-window write or recycled-buffer tail). buf seq=0 count=1024
[mono_ns=7176194092477116][T0xea1715fbbca0][WARN] copy_aicore_buffer: [chip_swimlane_collector.cpp:689] Core 37: skipped 1024 AICore record slot(s) with start_time=0 (race-window write or recycled-buffer tail). buf seq=0 count=1024
[mono_ns=7176194092517116][T0xea17130b1ca0][WARN] copy_aicore_buffer: [chip_swimlane_collector.cpp:689] Core 41: skipped 1024 AICore record slot(s) with start_time=0 (race-window write or recycled-buffer tail). buf seq=0 count=1024
[mono_ns=7176194092532697][T0xea17157abca0][WARN] copy_aicore_buffer: [chip_swimlane_collector.cpp:689] Core 39: skipped 1024 AICore record slot(s) with start_time=0 (race-window write or recycled-buffer tail). buf seq=0 count=1024
[mono_ns=7176194092792648][T0xea1715fbbca0][WARN] copy_aicore_buffer: [chip_swimlane_collector.cpp:689] Core 9: skipped 1024 AICore record slot(s) with start_time=0 (race-window write or recycled-buffer tail). buf seq=0 count=1024
[mono_ns=7176194092832388][T0xea17130b1ca0][WARN] copy_aicore_buffer: [chip_swimlane_collector.cpp:689] Core 11: skipped 1024 AICore record slot(s) with start_time=0 (race-window write or recycled-buffer tail). buf seq=0 count=1024
[mono_ns=7176194092854358][T0xea17157abca0][WARN] copy_aicore_buffer: [chip_swimlane_collector.cpp:689] Core 10: skipped 1024 AICore record slot(s) with start_time=0 (race-window write or recycled-buffer tail). buf seq=0 count=1024
[mono_ns=7176194093112880][T0xea1715fbbca0][WARN] copy_aicore_buffer: [chip_swimlane_collector.cpp:689] Core 42: skipped 1024 AICore record slot(s) with start_time=0 (race-window write or recycled-buffer tail). buf seq=0 count=1024
[mono_ns=7176194093152720][T0xea17130b1ca0][WARN] copy_aicore_buffer: [chip_swimlane_collector.cpp:689] Core 46: skipped 1024 AICore record slot(s) with start_time=0 (race-window write or recycled-buffer tail). buf seq=0 count=1024
[mono_ns=7176194093181780][T0xea17157abca0][WARN] copy_aicore_buffer: [chip_swimlane_collector.cpp:689] Core 44: skipped 1024 AICore record slot(s) with start_time=0 (race-window write or recycled-buffer tail). buf seq=0 count=1024
[mono_ns=7176194093428721][T0xea1715fbbca0][WARN] copy_aicore_buffer: [chip_swimlane_collector.cpp:689] Core 43: skipped 1024 AICore record slot(s) with start_time=0 (race-window write or recycled-buffer tail). buf seq=0 count=1024
[mono_ns=7176194093466472][T0xea17130b1ca0][WARN] copy_aicore_buffer: [chip_swimlane_collector.cpp:689] Core 47: skipped 1024 AICore record slot(s) with start_time=0 (race-window write or recycled-buffer tail). buf seq=0 count=1024
[mono_ns=7176194093503782][T0xea17157abca0][WARN] copy_aicore_buffer: [chip_swimlane_collector.cpp:689] Core 45: skipped 1024 AICore record slot(s) with start_time=0 (race-window write or recycled-buffer tail). buf seq=0 count=1024
[mono_ns=7176194093743993][T0xea1715fbbca0][WARN] copy_aicore_buffer: [chip_swimlane_collector.cpp:689] Core 12: skipped 1024 AICore record slot(s) with start_time=0 (race-window write or recycled-buffer tail). buf seq=0 count=1024
[mono_ns=7176194093781243][T0xea17130b1ca0][WARN] copy_aicore_buffer: [chip_swimlane_collector.cpp:689] Core 14: skipped 1024 AICore record slot(s) with start_time=0 (race-window write or recycled-buffer tail). buf seq=0 count=1024
[mono_ns=7176194093825924][T0xea17157abca0][WARN] copy_aicore_buffer: [chip_swimlane_collector.cpp:689] Core 13: skipped 1024 AICore record slot(s) with start_time=0 (race-window write or recycled-buffer tail). buf seq=0 count=1024
[mono_ns=7176194094064645][T0xea1715fbbca0][WARN] copy_aicore_buffer: [chip_swimlane_collector.cpp:689] Core 48: skipped 1024 AICore record slot(s) with start_time=0 (race-window write or recycled-buffer tail). buf seq=0 count=1024
[mono_ns=7176194094101015][T0xea17130b1ca0][WARN] copy_aicore_buffer: [chip_swimlane_collector.cpp:689] Core 52: skipped 1024 AICore record slot(s) with start_time=0 (race-window write or recycled-buffer tail). buf seq=0 count=1024
[mono_ns=7176194094152485][T0xea17157abca0][WARN] copy_aicore_buffer: [chip_swimlane_collector.cpp:689] Core 50: skipped 1024 AICore record slot(s) with start_time=0 (race-window write or recycled-buffer tail). buf seq=0 count=1024
[mono_ns=7176194094379247][T0xea1715fbbca0][WARN] copy_aicore_buffer: [chip_swimlane_collector.cpp:689] Core 49: skipped 1024 AICore record slot(s) with start_time=0 (race-window write or recycled-buffer tail). buf seq=0 count=1024
[mono_ns=7176194094416837][T0xea17130b1ca0][WARN] copy_aicore_buffer: [chip_swimlane_collector.cpp:689] Core 53: skipped 1024 AICore record slot(s) with start_time=0 (race-window write or recycled-buffer tail). buf seq=0 count=1024
[mono_ns=7176194094473307][T0xea17157abca0][WARN] copy_aicore_buffer: [chip_swimlane_collector.cpp:689] Core 51: skipped 1024 AICore record slot(s) with start_time=0 (race-window write or recycled-buffer tail). buf seq=0 count=1024
[mono_ns=7176194094720098][T0xea1715fbbca0][WARN] copy_aicore_buffer: [chip_swimlane_collector.cpp:689] Core 15: skipped 1024 AICore record slot(s) with start_time=0 (race-window write or recycled-buffer tail). buf seq=0 count=1024
[mono_ns=7176194094725978][T0xea17130b1ca0][WARN] copy_aicore_buffer: [chip_swimlane_collector.cpp:689] Core 17: skipped 1024 AICore record slot(s) with start_time=0 (race-window write or recycled-buffer tail). buf seq=0 count=1024
[mono_ns=7176194094799279][T0xea17157abca0][WARN] copy_aicore_buffer: [chip_swimlane_collector.cpp:689] Core 16: skipped 1024 AICore record slot(s) with start_time=0 (race-window write or recycled-buffer tail). buf seq=0 count=1024
[mono_ns=7176194095046330][T0xea17130b1ca0][WARN] copy_aicore_buffer: [chip_swimlane_collector.cpp:689] Core 58: skipped 1024 AICore record slot(s) with start_time=0 (race-window write or recycled-buffer tail). buf seq=0 count=1024
[mono_ns=7176194095049510][T0xea1715fbbca0][WARN] copy_aicore_buffer: [chip_swimlane_collector.cpp:689] Core 54: skipped 1024 AICore record slot(s) with start_time=0 (race-window write or recycled-buffer tail). buf seq=0 count=1024
[mono_ns=7176194095133931][T0xea17157abca0][WARN] copy_aicore_buffer: [chip_swimlane_collector.cpp:689] Core 56: skipped 1024 AICore record slot(s) with start_time=0 (race-window write or recycled-buffer tail). buf seq=0 count=1024
[mono_ns=7176194095360452][T0xea1715fbbca0][WARN] copy_aicore_buffer: [chip_swimlane_collector.cpp:689] Core 55: skipped 1024 AICore record slot(s) with start_time=0 (race-window write or recycled-buffer tail). buf seq=0 count=1024
[mono_ns=7176194095363322][T0xea17130b1ca0][WARN] copy_aicore_buffer: [chip_swimlane_collector.cpp:689] Core 59: skipped 1024 AICore record slot(s) with start_time=0 (race-window write or recycled-buffer tail). buf seq=0 count=1024
[mono_ns=7176194095458982][T0xea17157abca0][WARN] copy_aicore_buffer: [chip_swimlane_collector.cpp:689] Core 57: skipped 1024 AICore record slot(s) with start_time=0 (race-window write or recycled-buffer tail). buf seq=0 count=1024
[mono_ns=7176194095673784][T0xea17130b1ca0][WARN] copy_aicore_buffer: [chip_swimlane_collector.cpp:689] Core 20: skipped 1024 AICore record slot(s) with start_time=0 (race-window write or recycled-buffer tail). buf seq=0 count=1024
[mono_ns=7176194095676044][T0xea1715fbbca0][WARN] copy_aicore_buffer: [chip_swimlane_collector.cpp:689] Core 18: skipped 1024 AICore record slot(s) with start_time=0 (race-window write or recycled-buffer tail). buf seq=0 count=1024
[mono_ns=7176194095780984][T0xea17157abca0][WARN] copy_aicore_buffer: [chip_swimlane_collector.cpp:689] Core 19: skipped 1024 AICore record slot(s) with start_time=0 (race-window write or recycled-buffer tail). buf seq=0 count=1024
[mono_ns=7176194095988085][T0xea1715fbbca0][WARN] copy_aicore_buffer: [chip_swimlane_collector.cpp:689] Core 60: skipped 1024 AICore record slot(s) with start_time=0 (race-window write or recycled-buffer tail). buf seq=0 count=1024
[mono_ns=7176194095989015][T0xea17130b1ca0][WARN] copy_aicore_buffer: [chip_swimlane_collector.cpp:689] Core 64: skipped 1024 AICore record slot(s) with start_time=0 (race-window write or recycled-buffer tail). buf seq=0 count=1024
[mono_ns=7176194096107846][T0xea17157abca0][WARN] copy_aicore_buffer: [chip_swimlane_collector.cpp:689] Core 62: skipped 1024 AICore record slot(s) with start_time=0 (race-window write or recycled-buffer tail). buf seq=0 count=1024
[mono_ns=7176194096308297][T0xea1715fbbca0][WARN] copy_aicore_buffer: [chip_swimlane_collector.cpp:689] Core 61: skipped 1024 AICore record slot(s) with start_time=0 (race-window write or recycled-buffer tail). buf seq=0 count=1024
[mono_ns=7176194096325357][T0xea17130b1ca0][WARN] copy_aicore_buffer: [chip_swimlane_collector.cpp:689] Core 65: skipped 1024 AICore record slot(s) with start_time=0 (race-window write or recycled-buffer tail). buf seq=0 count=1024
[mono_ns=7176194096429448][T0xea17157abca0][WARN] copy_aicore_buffer: [chip_swimlane_collector.cpp:689] Core 63: skipped 1024 AICore record slot(s) with start_time=0 (race-window write or recycled-buffer tail). buf seq=0 count=1024
[mono_ns=7176194096624289][T0xea1715fbbca0][WARN] copy_aicore_buffer: [chip_swimlane_collector.cpp:689] Core 21: skipped 1024 AICore record slot(s) with start_time=0 (race-window write or recycled-buffer tail). buf seq=0 count=1024
[mono_ns=7176194096637909][T0xea17130b1ca0][WARN] copy_aicore_buffer: [chip_swimlane_collector.cpp:689] Core 23: skipped 1024 AICore record slot(s) with start_time=0 (race-window write or recycled-buffer tail). buf seq=0 count=1024
[mono_ns=7176194096752359][T0xea17157abca0][WARN] copy_aicore_buffer: [chip_swimlane_collector.cpp:689] Core 22: skipped 1024 AICore record slot(s) with start_time=0 (race-window write or recycled-buffer tail). buf seq=0 count=1024
[mono_ns=7176194096940560][T0xea1715fbbca0][WARN] copy_aicore_buffer: [chip_swimlane_collector.cpp:689] Core 66: skipped 1024 AICore record slot(s) with start_time=0 (race-window write or recycled-buffer tail). buf seq=0 count=1024
[mono_ns=7176194096947921][T0xea17130b1ca0][WARN] copy_aicore_buffer: [chip_swimlane_collector.cpp:689] Core 70: skipped 1024 AICore record slot(s) with start_time=0 (race-window write or recycled-buffer tail). buf seq=0 count=1024
[mono_ns=7176194097080251][T0xea17157abca0][WARN] copy_aicore_buffer: [chip_swimlane_collector.cpp:689] Core 68: skipped 1024 AICore record slot(s) with start_time=0 (race-window write or recycled-buffer tail). buf seq=0 count=1024
[mono_ns=7176194097268232][T0xea1715fbbca0][WARN] copy_aicore_buffer: [chip_swimlane_collector.cpp:689] Core 67: skipped 1024 AICore record slot(s) with start_time=0 (race-window write or recycled-buffer tail). buf seq=0 count=1024
[mono_ns=7176194097271862][T0xea17130b1ca0][WARN] copy_aicore_buffer: [chip_swimlane_collector.cpp:689] Core 71: skipped 1024 AICore record slot(s) with start_time=0 (race-window write or recycled-buffer tail). buf seq=0 count=1024
[mono_ns=7176194097403663][T0xea17157abca0][WARN] copy_aicore_buffer: [chip_swimlane_collector.cpp:689] Core 69: skipped 1024 AICore record slot(s) with start_time=0 (race-window write or recycled-buffer tail). buf seq=0 count=1024
[mono_ns=7176194197864549][T0xea18656bb020][TIMING] emit_host_span: [STRACE] v=1 pid=4170618 tid=4170618 inv=14 hid=f919d62dacb758e0 depth=1 name=chip.run.runner_run ts=7176194088641585 dur=109217454 
[mono_ns=7176194197952380][T0xea18656bb020][TIMING] emit_host_span: [STRACE] v=1 pid=4170618 tid=4170618 inv=14 hid=f919d62dacb758e0 depth=1 name=chip.run.validate ts=7176194197872119 dur=76781 
[mono_ns=7176194197964490][T0xea18656bb020][TIMING] emit_host_span: [STRACE] v=1 pid=4170618 tid=4170618 inv=14 hid=f919d62dacb758e0 depth=2 name=chip.run.runner_run.device_wall ts=0 dur=776699 clk=dev
[mono_ns=7176194197969380][T0xea18656bb020][TIMING] emit_host_span: [STRACE] v=1 pid=4170618 tid=4170618 inv=14 hid=f919d62dacb758e0 depth=3 name=chip.run.runner_run.device_wall.preamble ts=0 dur=623880 clk=dev
[mono_ns=7176194197973020][T0xea18656bb020][TIMING] emit_host_span: [STRACE] v=1 pid=4170618 tid=4170618 inv=14 hid=f919d62dacb758e0 depth=3 name=chip.run.runner_run.device_wall.graph_build ts=618340 dur=146400 clk=dev
[mono_ns=7176194197976330][T0xea18656bb020][TIMING] emit_host_span: [STRACE] v=1 pid=4170618 tid=4170618 inv=14 hid=f919d62dacb758e0 depth=3 name=chip.run.runner_run.device_wall.config_validate ts=618800 dur=820 clk=dev
[mono_ns=7176194197979490][T0xea18656bb020][TIMING] emit_host_span: [STRACE] v=1 pid=4170618 tid=4170618 inv=14 hid=f919d62dacb758e0 depth=3 name=chip.run.runner_run.device_wall.arena_wire ts=619640 dur=260 clk=dev
[mono_ns=7176194197982810][T0xea18656bb020][TIMING] emit_host_span: [STRACE] v=1 pid=4170618 tid=4170618 inv=14 hid=f919d62dacb758e0 depth=3 name=chip.run.runner_run.device_wall.sm_reset ts=619920 dur=1080 clk=dev
[mono_ns=7176194197985720][T0xea18656bb020][TIMING] emit_host_span: [STRACE] v=1 pid=4170618 tid=4170618 inv=14 hid=f919d62dacb758e0 depth=3 name=chip.run.runner_run.device_wall.post_orch ts=764979 dur=11580 clk=dev
[mono_ns=7176194197988820][T0xea18656bb020][TIMING] emit_host_span: [STRACE] v=1 pid=4170618 tid=4170618 inv=14 hid=f919d62dacb758e0 depth=3 name=chip.run.runner_run.device_wall.orch ts=621040 dur=3760 clk=dev
[mono_ns=7176194197993790][T0xea18656bb020][TIMING] emit_host_span: [STRACE] v=1 pid=4170618 tid=4170618 inv=14 hid=f919d62dacb758e0 depth=3 name=chip.run.runner_run.device_wall.sched ts=623920 dur=124000 clk=dev
[mono_ns=7176194197997890][T0xea18656bb020][TIMING] emit_host_span: [STRACE] v=1 pid=4170618 tid=4170618 inv=14 hid=f919d62dacb758e0 depth=1 name=chip.run.claim_release ts=7176194197995800 dur=340 
[mono_ns=7176194198091890][T0xea18656bb020][TIMING] emit_host_span: [STRACE] v=1 pid=4170618 tid=4170618 inv=14 hid=f919d62dacb758e0 depth=0 name=chip.run ts=7176194088190473 dur=109898287 run_id=14 dispatch_id=14 slot_id=0 generation=14 run_epoch=14
[mono_ns=7176195399175620][T0xea18656bb020][TIMING] emit_host_span: [STRACE] v=1 pid=4170618 tid=4170618 inv=15 hid=f919d62dacb758e0 depth=2 name=chip.run.bind.args ts=7176195398900219 dur=265741 
[mono_ns=7176195399203541][T0xea18656bb020][TIMING] emit_host_span: [STRACE] v=1 pid=4170618 tid=4170618 inv=15 hid=f919d62dacb758e0 depth=2 name=chip.run.bind.prebuilt ts=7176195399193251 dur=7150 
[mono_ns=7176195399208101][T0xea18656bb020][TIMING] emit_host_span: [STRACE] v=1 pid=4170618 tid=4170618 inv=15 hid=f919d62dacb758e0 depth=1 name=chip.run.bind ts=7176195398886849 dur=318792 
[mono_ns=7176195507956372][T0xea18656bb020][TIMING] emit_host_span: [STRACE] v=1 pid=4170618 tid=4170618 inv=15 hid=f919d62dacb758e0 depth=1 name=chip.run.runner_run ts=7176195399542942 dur=108401740 
[mono_ns=7176195508080643][T0xea18656bb020][TIMING] emit_host_span: [STRACE] v=1 pid=4170618 tid=4170618 inv=15 hid=f919d62dacb758e0 depth=1 name=chip.run.validate ts=7176195507968202 dur=108181 
[mono_ns=7176195508088883][T0xea18656bb020][TIMING] emit_host_span: [STRACE] v=1 pid=4170618 tid=4170618 inv=15 hid=f919d62dacb758e0 depth=2 name=chip.run.runner_run.device_wall ts=0 dur=177120 clk=dev
[mono_ns=7176195508093343][T0xea18656bb020][TIMING] emit_host_span: [STRACE] v=1 pid=4170618 tid=4170618 inv=15 hid=f919d62dacb758e0 depth=3 name=chip.run.runner_run.device_wall.preamble ts=0 dur=5880 clk=dev
[mono_ns=7176195508097503][T0xea18656bb020][TIMING] emit_host_span: [STRACE] v=1 pid=4170618 tid=4170618 inv=15 hid=f919d62dacb758e0 depth=3 name=chip.run.runner_run.device_wall.graph_build ts=1540 dur=165400 clk=dev
[mono_ns=7176195508101173][T0xea18656bb020][TIMING] emit_host_span: [STRACE] v=1 pid=4170618 tid=4170618 inv=15 hid=f919d62dacb758e0 depth=3 name=chip.run.runner_run.device_wall.config_validate ts=1660 dur=760 clk=dev
[mono_ns=7176195508105093][T0xea18656bb020][TIMING] emit_host_span: [STRACE] v=1 pid=4170618 tid=4170618 inv=15 hid=f919d62dacb758e0 depth=3 name=chip.run.runner_run.device_wall.arena_wire ts=2440 dur=300 clk=dev
[mono_ns=7176195508109473][T0xea18656bb020][TIMING] emit_host_span: [STRACE] v=1 pid=4170618 tid=4170618 inv=15 hid=f919d62dacb758e0 depth=3 name=chip.run.runner_run.device_wall.sm_reset ts=2760 dur=1240 clk=dev
[mono_ns=7176195508112903][T0xea18656bb020][TIMING] emit_host_span: [STRACE] v=1 pid=4170618 tid=4170618 inv=15 hid=f919d62dacb758e0 depth=3 name=chip.run.runner_run.device_wall.post_orch ts=166980 dur=9979 clk=dev
[mono_ns=7176195508116263][T0xea18656bb020][TIMING] emit_host_span: [STRACE] v=1 pid=4170618 tid=4170618 inv=15 hid=f919d62dacb758e0 depth=3 name=chip.run.runner_run.device_wall.orch ts=4600 dur=6280 clk=dev
[mono_ns=7176195508122253][T0xea18656bb020][TIMING] emit_host_span: [STRACE] v=1 pid=4170618 tid=4170618 inv=15 hid=f919d62dacb758e0 depth=3 name=chip.run.runner_run.device_wall.sched ts=5920 dur=151600 clk=dev
[mono_ns=7176195508128153][T0xea18656bb020][TIMING] emit_host_span: [STRACE] v=1 pid=4170618 tid=4170618 inv=15 hid=f919d62dacb758e0 depth=1 name=chip.run.claim_release ts=7176195508125653 dur=700 
[mono_ns=7176195508133543][T0xea18656bb020][TIMING] emit_host_span: [STRACE] v=1 pid=4170618 tid=4170618 inv=15 hid=f919d62dacb758e0 depth=0 name=chip.run ts=7176195398791818 dur=109339585 run_id=15 dispatch_id=15 slot_id=0 generation=15 run_epoch=15
[mono_ns=7176195511749933][T0xea18656bb020][TIMING] emit_host_span: [STRACE] v=1 pid=4170618 tid=4170618 inv=16 hid=f919d62dacb758e0 depth=2 name=chip.run.bind.args ts=7176195511624582 dur=119941 
[mono_ns=7176195511765103][T0xea18656bb020][TIMING] emit_host_span: [STRACE] v=1 pid=4170618 tid=4170618 inv=16 hid=f919d62dacb758e0 depth=2 name=chip.run.bind.prebuilt ts=7176195511757523 dur=5200 
[mono_ns=7176195511769853][T0xea18656bb020][TIMING] emit_host_span: [STRACE] v=1 pid=4170618 tid=4170618 inv=16 hid=f919d62dacb758e0 depth=1 name=chip.run.bind ts=7176195511613382 dur=153801 
[mono_ns=7176195513444552][T0xea1715fbbca0][WARN] copy_aicore_buffer: [chip_swimlane_collector.cpp:689] Core 0: skipped 1024 AICore record slot(s) with start_time=0 (race-window write or recycled-buffer tail). buf seq=0 count=1024
[mono_ns=7176195513487792][T0xea17157abca0][WARN] copy_aicore_buffer: [chip_swimlane_collector.cpp:689] Core 1: skipped 1024 AICore record slot(s) with start_time=0 (race-window write or recycled-buffer tail). buf seq=0 count=1024
[mono_ns=7176195513573722][T0xea17130b1ca0][WARN] copy_aicore_buffer: [chip_swimlane_collector.cpp:689] Core 2: skipped 1024 AICore record slot(s) with start_time=0 (race-window write or recycled-buffer tail). buf seq=0 count=1024
[mono_ns=7176195513809174][T0xea1715fbbca0][WARN] copy_aicore_buffer: [chip_swimlane_collector.cpp:689] Core 24: skipped 1023 AICore record slot(s) with start_time=0 (race-window write or recycled-buffer tail). buf seq=0 count=1024
[mono_ns=7176195513820014][T0xea17157abca0][WARN] copy_aicore_buffer: [chip_swimlane_collector.cpp:689] Core 26: skipped 1024 AICore record slot(s) with start_time=0 (race-window write or recycled-buffer tail). buf seq=0 count=1024
[mono_ns=7176195513897544][T0xea17130b1ca0][WARN] copy_aicore_buffer: [chip_swimlane_collector.cpp:689] Core 28: skipped 1022 AICore record slot(s) with start_time=0 (race-window write or recycled-buffer tail). buf seq=0 count=1024
[mono_ns=7176195514140166][T0xea1715fbbca0][WARN] copy_aicore_buffer: [chip_swimlane_collector.cpp:689] Core 25: skipped 1024 AICore record slot(s) with start_time=0 (race-window write or recycled-buffer tail). buf seq=0 count=1024
[mono_ns=7176195514159116][T0xea17157abca0][WARN] copy_aicore_buffer: [chip_swimlane_collector.cpp:689] Core 27: skipped 1024 AICore record slot(s) with start_time=0 (race-window write or recycled-buffer tail). buf seq=0 count=1024
[mono_ns=7176195514251886][T0xea17130b1ca0][WARN] copy_aicore_buffer: [chip_swimlane_collector.cpp:689] Core 29: skipped 1024 AICore record slot(s) with start_time=0 (race-window write or recycled-buffer tail). buf seq=0 count=1024
[mono_ns=7176195514457957][T0xea1715fbbca0][WARN] copy_aicore_buffer: [chip_swimlane_collector.cpp:689] Core 3: skipped 1024 AICore record slot(s) with start_time=0 (race-window write or recycled-buffer tail). buf seq=0 count=1024
[mono_ns=7176195514479327][T0xea17157abca0][WARN] copy_aicore_buffer: [chip_swimlane_collector.cpp:689] Core 4: skipped 1024 AICore record slot(s) with start_time=0 (race-window write or recycled-buffer tail). buf seq=0 count=1024
[mono_ns=7176195514596398][T0xea17130b1ca0][WARN] copy_aicore_buffer: [chip_swimlane_collector.cpp:689] Core 5: skipped 1024 AICore record slot(s) with start_time=0 (race-window write or recycled-buffer tail). buf seq=0 count=1024
[mono_ns=7176195514775019][T0xea1715fbbca0][WARN] copy_aicore_buffer: [chip_swimlane_collector.cpp:689] Core 30: skipped 1023 AICore record slot(s) with start_time=0 (race-window write or recycled-buffer tail). buf seq=0 count=1024
[mono_ns=7176195514801899][T0xea17157abca0][WARN] copy_aicore_buffer: [chip_swimlane_collector.cpp:689] Core 32: skipped 1024 AICore record slot(s) with start_time=0 (race-window write or recycled-buffer tail). buf seq=0 count=1024
[mono_ns=7176195514913250][T0xea17130b1ca0][WARN] copy_aicore_buffer: [chip_swimlane_collector.cpp:689] Core 34: skipped 1024 AICore record slot(s) with start_time=0 (race-window write or recycled-buffer tail). buf seq=0 count=1024
[mono_ns=7176195515099801][T0xea1715fbbca0][WARN] copy_aicore_buffer: [chip_swimlane_collector.cpp:689] Core 31: skipped 1024 AICore record slot(s) with start_time=0 (race-window write or recycled-buffer tail). buf seq=0 count=1024
[mono_ns=7176195515135301][T0xea17157abca0][WARN] copy_aicore_buffer: [chip_swimlane_collector.cpp:689] Core 33: skipped 1022 AICore record slot(s) with start_time=0 (race-window write or recycled-buffer tail). buf seq=0 count=1024
[mono_ns=7176195515238562][T0xea17130b1ca0][WARN] copy_aicore_buffer: [chip_swimlane_collector.cpp:689] Core 35: skipped 1024 AICore record slot(s) with start_time=0 (race-window write or recycled-buffer tail). buf seq=0 count=1024
[mono_ns=7176195515416482][T0xea1715fbbca0][WARN] copy_aicore_buffer: [chip_swimlane_collector.cpp:689] Core 6: skipped 1024 AICore record slot(s) with start_time=0 (race-window write or recycled-buffer tail). buf seq=0 count=1024
[mono_ns=7176195515457013][T0xea17157abca0][WARN] copy_aicore_buffer: [chip_swimlane_collector.cpp:689] Core 7: skipped 1024 AICore record slot(s) with start_time=0 (race-window write or recycled-buffer tail). buf seq=0 count=1024
[mono_ns=7176195515553203][T0xea17130b1ca0][WARN] copy_aicore_buffer: [chip_swimlane_collector.cpp:689] Core 8: skipped 1024 AICore record slot(s) with start_time=0 (race-window write or recycled-buffer tail). buf seq=0 count=1024
[mono_ns=7176195515731674][T0xea1715fbbca0][WARN] copy_aicore_buffer: [chip_swimlane_collector.cpp:689] Core 36: skipped 1024 AICore record slot(s) with start_time=0 (race-window write or recycled-buffer tail). buf seq=0 count=1024
[mono_ns=7176195515779324][T0xea17157abca0][WARN] copy_aicore_buffer: [chip_swimlane_collector.cpp:689] Core 38: skipped 1024 AICore record slot(s) with start_time=0 (race-window write or recycled-buffer tail). buf seq=0 count=1024
[mono_ns=7176195515869135][T0xea17130b1ca0][WARN] copy_aicore_buffer: [chip_swimlane_collector.cpp:689] Core 40: skipped 1024 AICore record slot(s) with start_time=0 (race-window write or recycled-buffer tail). buf seq=0 count=1024
[mono_ns=7176195516054536][T0xea1715fbbca0][WARN] copy_aicore_buffer: [chip_swimlane_collector.cpp:689] Core 37: skipped 1024 AICore record slot(s) with start_time=0 (race-window write or recycled-buffer tail). buf seq=0 count=1024
[mono_ns=7176195516106166][T0xea17157abca0][WARN] copy_aicore_buffer: [chip_swimlane_collector.cpp:689] Core 39: skipped 1024 AICore record slot(s) with start_time=0 (race-window write or recycled-buffer tail). buf seq=0 count=1024
[mono_ns=7176195516191697][T0xea17130b1ca0][WARN] copy_aicore_buffer: [chip_swimlane_collector.cpp:689] Core 41: skipped 1024 AICore record slot(s) with start_time=0 (race-window write or recycled-buffer tail). buf seq=0 count=1024
[mono_ns=7176195516370578][T0xea1715fbbca0][WARN] copy_aicore_buffer: [chip_swimlane_collector.cpp:689] Core 9: skipped 1024 AICore record slot(s) with start_time=0 (race-window write or recycled-buffer tail). buf seq=0 count=1024
[mono_ns=7176195516429668][T0xea17157abca0][WARN] copy_aicore_buffer: [chip_swimlane_collector.cpp:689] Core 10: skipped 1024 AICore record slot(s) with start_time=0 (race-window write or recycled-buffer tail). buf seq=0 count=1024
[mono_ns=7176195516531319][T0xea17130b1ca0][WARN] copy_aicore_buffer: [chip_swimlane_collector.cpp:689] Core 11: skipped 1024 AICore record slot(s) with start_time=0 (race-window write or recycled-buffer tail). buf seq=0 count=1024
[mono_ns=7176195516691239][T0xea1715fbbca0][WARN] copy_aicore_buffer: [chip_swimlane_collector.cpp:689] Core 42: skipped 1024 AICore record slot(s) with start_time=0 (race-window write or recycled-buffer tail). buf seq=0 count=1024
[mono_ns=7176195516749750][T0xea17157abca0][WARN] copy_aicore_buffer: [chip_swimlane_collector.cpp:689] Core 44: skipped 1024 AICore record slot(s) with start_time=0 (race-window write or recycled-buffer tail). buf seq=0 count=1024
[mono_ns=7176195516844350][T0xea17130b1ca0][WARN] copy_aicore_buffer: [chip_swimlane_collector.cpp:689] Core 46: skipped 1024 AICore record slot(s) with start_time=0 (race-window write or recycled-buffer tail). buf seq=0 count=1024
[mono_ns=7176195517013311][T0xea1715fbbca0][WARN] copy_aicore_buffer: [chip_swimlane_collector.cpp:689] Core 43: skipped 1024 AICore record slot(s) with start_time=0 (race-window write or recycled-buffer tail). buf seq=0 count=1024
[mono_ns=7176195517086712][T0xea17157abca0][WARN] copy_aicore_buffer: [chip_swimlane_collector.cpp:689] Core 45: skipped 1024 AICore record slot(s) with start_time=0 (race-window write or recycled-buffer tail). buf seq=0 count=1024
[mono_ns=7176195517172022][T0xea17130b1ca0][WARN] copy_aicore_buffer: [chip_swimlane_collector.cpp:689] Core 47: skipped 1024 AICore record slot(s) with start_time=0 (race-window write or recycled-buffer tail). buf seq=0 count=1024
[mono_ns=7176195517326143][T0xea1715fbbca0][WARN] copy_aicore_buffer: [chip_swimlane_collector.cpp:689] Core 12: skipped 1024 AICore record slot(s) with start_time=0 (race-window write or recycled-buffer tail). buf seq=0 count=1024
[mono_ns=7176195517412343][T0xea17157abca0][WARN] copy_aicore_buffer: [chip_swimlane_collector.cpp:689] Core 13: skipped 1024 AICore record slot(s) with start_time=0 (race-window write or recycled-buffer tail). buf seq=0 count=1024
[mono_ns=7176195517484304][T0xea17130b1ca0][WARN] copy_aicore_buffer: [chip_swimlane_collector.cpp:689] Core 14: skipped 1024 AICore record slot(s) with start_time=0 (race-window write or recycled-buffer tail). buf seq=0 count=1024
[mono_ns=7176195517639735][T0xea1715fbbca0][WARN] copy_aicore_buffer: [chip_swimlane_collector.cpp:689] Core 48: skipped 1024 AICore record slot(s) with start_time=0 (race-window write or recycled-buffer tail). buf seq=0 count=1024
[mono_ns=7176195517737405][T0xea17157abca0][WARN] copy_aicore_buffer: [chip_swimlane_collector.cpp:689] Core 50: skipped 1024 AICore record slot(s) with start_time=0 (race-window write or recycled-buffer tail). buf seq=0 count=1024
[mono_ns=7176195517797045][T0xea17130b1ca0][WARN] copy_aicore_buffer: [chip_swimlane_collector.cpp:689] Core 52: skipped 1024 AICore record slot(s) with start_time=0 (race-window write or recycled-buffer tail). buf seq=0 count=1024
[mono_ns=7176195517973926][T0xea1715fbbca0][WARN] copy_aicore_buffer: [chip_swimlane_collector.cpp:689] Core 49: skipped 1024 AICore record slot(s) with start_time=0 (race-window write or recycled-buffer tail). buf seq=0 count=1024
[mono_ns=7176195518072367][T0xea17157abca0][WARN] copy_aicore_buffer: [chip_swimlane_collector.cpp:689] Core 51: skipped 1024 AICore record slot(s) with start_time=0 (race-window write or recycled-buffer tail). buf seq=0 count=1024
[mono_ns=7176195518116097][T0xea17130b1ca0][WARN] copy_aicore_buffer: [chip_swimlane_collector.cpp:689] Core 53: skipped 1024 AICore record slot(s) with start_time=0 (race-window write or recycled-buffer tail). buf seq=0 count=1024
[mono_ns=7176195518295768][T0xea1715fbbca0][WARN] copy_aicore_buffer: [chip_swimlane_collector.cpp:689] Core 15: skipped 1024 AICore record slot(s) with start_time=0 (race-window write or recycled-buffer tail). buf seq=0 count=1024
[mono_ns=7176195518397609][T0xea17157abca0][WARN] copy_aicore_buffer: [chip_swimlane_collector.cpp:689] Core 16: skipped 1024 AICore record slot(s) with start_time=0 (race-window write or recycled-buffer tail). buf seq=0 count=1024
[mono_ns=7176195518430239][T0xea17130b1ca0][WARN] copy_aicore_buffer: [chip_swimlane_collector.cpp:689] Core 17: skipped 1024 AICore record slot(s) with start_time=0 (race-window write or recycled-buffer tail). buf seq=0 count=1024
[mono_ns=7176195518606770][T0xea1715fbbca0][WARN] copy_aicore_buffer: [chip_swimlane_collector.cpp:689] Core 54: skipped 1024 AICore record slot(s) with start_time=0 (race-window write or recycled-buffer tail). buf seq=0 count=1024
[mono_ns=7176195518724100][T0xea17157abca0][WARN] copy_aicore_buffer: [chip_swimlane_collector.cpp:689] Core 56: skipped 1024 AICore record slot(s) with start_time=0 (race-window write or recycled-buffer tail). buf seq=0 count=1024
[mono_ns=7176195518763851][T0xea17130b1ca0][WARN] copy_aicore_buffer: [chip_swimlane_collector.cpp:689] Core 58: skipped 1024 AICore record slot(s) with start_time=0 (race-window write or recycled-buffer tail). buf seq=0 count=1024
[mono_ns=7176195518919272][T0xea1715fbbca0][WARN] copy_aicore_buffer: [chip_swimlane_collector.cpp:689] Core 55: skipped 1024 AICore record slot(s) with start_time=0 (race-window write or recycled-buffer tail). buf seq=0 count=1024
[mono_ns=7176195519059142][T0xea17157abca0][WARN] copy_aicore_buffer: [chip_swimlane_collector.cpp:689] Core 57: skipped 1024 AICore record slot(s) with start_time=0 (race-window write or recycled-buffer tail). buf seq=0 count=1024
[mono_ns=7176195519088682][T0xea17130b1ca0][WARN] copy_aicore_buffer: [chip_swimlane_collector.cpp:689] Core 59: skipped 1024 AICore record slot(s) with start_time=0 (race-window write or recycled-buffer tail). buf seq=0 count=1024
[mono_ns=7176195519241633][T0xea1715fbbca0][WARN] copy_aicore_buffer: [chip_swimlane_collector.cpp:689] Core 18: skipped 1024 AICore record slot(s) with start_time=0 (race-window write or recycled-buffer tail). buf seq=0 count=1024
[mono_ns=7176195519388444][T0xea17157abca0][WARN] copy_aicore_buffer: [chip_swimlane_collector.cpp:689] Core 19: skipped 1024 AICore record slot(s) with start_time=0 (race-window write or recycled-buffer tail). buf seq=0 count=1024
[mono_ns=7176195519401414][T0xea17130b1ca0][WARN] copy_aicore_buffer: [chip_swimlane_collector.cpp:689] Core 20: skipped 1024 AICore record slot(s) with start_time=0 (race-window write or recycled-buffer tail). buf seq=0 count=1024
[mono_ns=7176195519554785][T0xea1715fbbca0][WARN] copy_aicore_buffer: [chip_swimlane_collector.cpp:689] Core 60: skipped 1024 AICore record slot(s) with start_time=0 (race-window write or recycled-buffer tail). buf seq=0 count=1024
[mono_ns=7176195519715196][T0xea17130b1ca0][WARN] copy_aicore_buffer: [chip_swimlane_collector.cpp:689] Core 64: skipped 1024 AICore record slot(s) with start_time=0 (race-window write or recycled-buffer tail). buf seq=0 count=1024
[mono_ns=7176195519724086][T0xea17157abca0][WARN] copy_aicore_buffer: [chip_swimlane_collector.cpp:689] Core 62: skipped 1024 AICore record slot(s) with start_time=0 (race-window write or recycled-buffer tail). buf seq=0 count=1024
[mono_ns=7176195519868557][T0xea1715fbbca0][WARN] copy_aicore_buffer: [chip_swimlane_collector.cpp:689] Core 61: skipped 1024 AICore record slot(s) with start_time=0 (race-window write or recycled-buffer tail). buf seq=0 count=1024
[mono_ns=7176195520031358][T0xea17130b1ca0][WARN] copy_aicore_buffer: [chip_swimlane_collector.cpp:689] Core 65: skipped 1024 AICore record slot(s) with start_time=0 (race-window write or recycled-buffer tail). buf seq=0 count=1024
[mono_ns=7176195520053668][T0xea17157abca0][WARN] copy_aicore_buffer: [chip_swimlane_collector.cpp:689] Core 63: skipped 1024 AICore record slot(s) with start_time=0 (race-window write or recycled-buffer tail). buf seq=0 count=1024
[mono_ns=7176195520198338][T0xea1715fbbca0][WARN] copy_aicore_buffer: [chip_swimlane_collector.cpp:689] Core 21: skipped 1024 AICore record slot(s) with start_time=0 (race-window write or recycled-buffer tail). buf seq=0 count=1024
[mono_ns=7176195520344599][T0xea17130b1ca0][WARN] copy_aicore_buffer: [chip_swimlane_collector.cpp:689] Core 23: skipped 1024 AICore record slot(s) with start_time=0 (race-window write or recycled-buffer tail). buf seq=0 count=1024
[mono_ns=7176195520374059][T0xea17157abca0][WARN] copy_aicore_buffer: [chip_swimlane_collector.cpp:689] Core 22: skipped 1024 AICore record slot(s) with start_time=0 (race-window write or recycled-buffer tail). buf seq=0 count=1024
[mono_ns=7176195520511960][T0xea1715fbbca0][WARN] copy_aicore_buffer: [chip_swimlane_collector.cpp:689] Core 66: skipped 1024 AICore record slot(s) with start_time=0 (race-window write or recycled-buffer tail). buf seq=0 count=1024
[mono_ns=7176195520658161][T0xea17130b1ca0][WARN] copy_aicore_buffer: [chip_swimlane_collector.cpp:689] Core 70: skipped 1024 AICore record slot(s) with start_time=0 (race-window write or recycled-buffer tail). buf seq=0 count=1024
[mono_ns=7176195520699451][T0xea17157abca0][WARN] copy_aicore_buffer: [chip_swimlane_collector.cpp:689] Core 68: skipped 1024 AICore record slot(s) with start_time=0 (race-window write or recycled-buffer tail). buf seq=0 count=1024
[mono_ns=7176195520826262][T0xea1715fbbca0][WARN] copy_aicore_buffer: [chip_swimlane_collector.cpp:689] Core 67: skipped 1024 AICore record slot(s) with start_time=0 (race-window write or recycled-buffer tail). buf seq=0 count=1024
[mono_ns=7176195520973113][T0xea17130b1ca0][WARN] copy_aicore_buffer: [chip_swimlane_collector.cpp:689] Core 71: skipped 1024 AICore record slot(s) with start_time=0 (race-window write or recycled-buffer tail). buf seq=0 count=1024
[mono_ns=7176195521033683][T0xea17157abca0][WARN] copy_aicore_buffer: [chip_swimlane_collector.cpp:689] Core 69: skipped 1024 AICore record slot(s) with start_time=0 (race-window write or recycled-buffer tail). buf seq=0 count=1024
[mono_ns=7176195621604000][T0xea18656bb020][TIMING] emit_host_span: [STRACE] v=1 pid=4170618 tid=4170618 inv=16 hid=f919d62dacb758e0 depth=1 name=chip.run.runner_run ts=7176195512182215 dur=109414765 
[mono_ns=7176195621699130][T0xea18656bb020][TIMING] emit_host_span: [STRACE] v=1 pid=4170618 tid=4170618 inv=16 hid=f919d62dacb758e0 depth=1 name=chip.run.validate ts=7176195621614810 dur=80710 
[mono_ns=7176195621703590][T0xea18656bb020][TIMING] emit_host_span: [STRACE] v=1 pid=4170618 tid=4170618 inv=16 hid=f919d62dacb758e0 depth=2 name=chip.run.runner_run.device_wall ts=0 dur=766000 clk=dev
[mono_ns=7176195621707410][T0xea18656bb020][TIMING] emit_host_span: [STRACE] v=1 pid=4170618 tid=4170618 inv=16 hid=f919d62dacb758e0 depth=3 name=chip.run.runner_run.device_wall.preamble ts=0 dur=617500 clk=dev
[mono_ns=7176195621710770][T0xea18656bb020][TIMING] emit_host_span: [STRACE] v=1 pid=4170618 tid=4170618 inv=16 hid=f919d62dacb758e0 depth=3 name=chip.run.runner_run.device_wall.graph_build ts=613740 dur=141320 clk=dev
[mono_ns=7176195621714710][T0xea18656bb020][TIMING] emit_host_span: [STRACE] v=1 pid=4170618 tid=4170618 inv=16 hid=f919d62dacb758e0 depth=3 name=chip.run.runner_run.device_wall.config_validate ts=613840 dur=960 clk=dev
[mono_ns=7176195621717750][T0xea18656bb020][TIMING] emit_host_span: [STRACE] v=1 pid=4170618 tid=4170618 inv=16 hid=f919d62dacb758e0 depth=3 name=chip.run.runner_run.device_wall.arena_wire ts=614819 dur=260 clk=dev
[mono_ns=7176195621725260][T0xea18656bb020][TIMING] emit_host_span: [STRACE] v=1 pid=4170618 tid=4170618 inv=16 hid=f919d62dacb758e0 depth=3 name=chip.run.runner_run.device_wall.sm_reset ts=615100 dur=520 clk=dev
[mono_ns=7176195621728221][T0xea18656bb020][TIMING] emit_host_span: [STRACE] v=1 pid=4170618 tid=4170618 inv=16 hid=f919d62dacb758e0 depth=3 name=chip.run.runner_run.device_wall.post_orch ts=755120 dur=10740 clk=dev
[mono_ns=7176195621731231][T0xea18656bb020][TIMING] emit_host_span: [STRACE] v=1 pid=4170618 tid=4170618 inv=16 hid=f919d62dacb758e0 depth=3 name=chip.run.runner_run.device_wall.orch ts=615680 dur=3480 clk=dev
[mono_ns=7176195621734351][T0xea18656bb020][TIMING] emit_host_span: [STRACE] v=1 pid=4170618 tid=4170618 inv=16 hid=f919d62dacb758e0 depth=3 name=chip.run.runner_run.device_wall.sched ts=617680 dur=120700 clk=dev
[mono_ns=7176195621739051][T0xea18656bb020][TIMING] emit_host_span: [STRACE] v=1 pid=4170618 tid=4170618 inv=16 hid=f919d62dacb758e0 depth=1 name=chip.run.claim_release ts=7176195621736911 dur=320 
[mono_ns=7176195621743891][T0xea18656bb020][TIMING] emit_host_span: [STRACE] v=1 pid=4170618 tid=4170618 inv=16 hid=f919d62dacb758e0 depth=0 name=chip.run ts=7176195511569292 dur=110172539 run_id=16 dispatch_id=16 slot_id=0 generation=16 run_epoch=16
[mono_ns=7176196804251370][T0xea18656bb020][TIMING] emit_host_span: [STRACE] v=1 pid=4170618 tid=4170618 inv=17 hid=f919d62dacb758e0 depth=2 name=chip.run.bind.args ts=7176196804055439 dur=186571 
[mono_ns=7176196804278170][T0xea18656bb020][TIMING] emit_host_span: [STRACE] v=1 pid=4170618 tid=4170618 inv=17 hid=f919d62dacb758e0 depth=2 name=chip.run.bind.prebuilt ts=7176196804267370 dur=7040 
[mono_ns=7176196804284160][T0xea18656bb020][TIMING] emit_host_span: [STRACE] v=1 pid=4170618 tid=4170618 inv=17 hid=f919d62dacb758e0 depth=1 name=chip.run.bind ts=7176196804043309 dur=238521 
[mono_ns=7176196912590499][T0xea18656bb020][TIMING] emit_host_span: [STRACE] v=1 pid=4170618 tid=4170618 inv=17 hid=f919d62dacb758e0 depth=1 name=chip.run.runner_run ts=7176196804583082 dur=107996377 
[mono_ns=7176196912711910][T0xea18656bb020][TIMING] emit_host_span: [STRACE] v=1 pid=4170618 tid=4170618 inv=17 hid=f919d62dacb758e0 depth=1 name=chip.run.validate ts=7176196912603129 dur=104851 
[mono_ns=7176196912721820][T0xea18656bb020][TIMING] emit_host_span: [STRACE] v=1 pid=4170618 tid=4170618 inv=17 hid=f919d62dacb758e0 depth=2 name=chip.run.runner_run.device_wall ts=0 dur=178340 clk=dev
[mono_ns=7176196912727080][T0xea18656bb020][TIMING] emit_host_span: [STRACE] v=1 pid=4170618 tid=4170618 inv=17 hid=f919d62dacb758e0 depth=3 name=chip.run.runner_run.device_wall.preamble ts=0 dur=5540 clk=dev
[mono_ns=7176196912730650][T0xea18656bb020][TIMING] emit_host_span: [STRACE] v=1 pid=4170618 tid=4170618 inv=17 hid=f919d62dacb758e0 depth=3 name=chip.run.runner_run.device_wall.graph_build ts=1619 dur=165680 clk=dev
[mono_ns=7176196912733850][T0xea18656bb020][TIMING] emit_host_span: [STRACE] v=1 pid=4170618 tid=4170618 inv=17 hid=f919d62dacb758e0 depth=3 name=chip.run.runner_run.device_wall.config_validate ts=1779 dur=960 clk=dev
[mono_ns=7176196912740870][T0xea18656bb020][TIMING] emit_host_span: [STRACE] v=1 pid=4170618 tid=4170618 inv=17 hid=f919d62dacb758e0 depth=3 name=chip.run.runner_run.device_wall.arena_wire ts=2760 dur=380 clk=dev
[mono_ns=7176196912744100][T0xea18656bb020][TIMING] emit_host_span: [STRACE] v=1 pid=4170618 tid=4170618 inv=17 hid=f919d62dacb758e0 depth=3 name=chip.run.runner_run.device_wall.sm_reset ts=3180 dur=780 clk=dev
[mono_ns=7176196912747080][T0xea18656bb020][TIMING] emit_host_span: [STRACE] v=1 pid=4170618 tid=4170618 inv=17 hid=f919d62dacb758e0 depth=3 name=chip.run.runner_run.device_wall.post_orch ts=167359 dur=10800 clk=dev
[mono_ns=7176196912750010][T0xea18656bb020][TIMING] emit_host_span: [STRACE] v=1 pid=4170618 tid=4170618 inv=17 hid=f919d62dacb758e0 depth=3 name=chip.run.runner_run.device_wall.orch ts=4620 dur=7420 clk=dev
[mono_ns=7176196912752970][T0xea18656bb020][TIMING] emit_host_span: [STRACE] v=1 pid=4170618 tid=4170618 inv=17 hid=f919d62dacb758e0 depth=3 name=chip.run.runner_run.device_wall.sched ts=5779 dur=152079 clk=dev
[mono_ns=7176196912758500][T0xea18656bb020][TIMING] emit_host_span: [STRACE] v=1 pid=4170618 tid=4170618 inv=17 hid=f919d62dacb758e0 depth=1 name=chip.run.claim_release ts=7176196912756020 dur=650 
[mono_ns=7176196912763580][T0xea18656bb020][TIMING] emit_host_span: [STRACE] v=1 pid=4170618 tid=4170618 inv=17 hid=f919d62dacb758e0 depth=0 name=chip.run ts=7176196803958308 dur=108802682 run_id=17 dispatch_id=17 slot_id=0 generation=17 run_epoch=17
[mono_ns=7176196916342049][T0xea18656bb020][TIMING] emit_host_span: [STRACE] v=1 pid=4170618 tid=4170618 inv=18 hid=f919d62dacb758e0 depth=2 name=chip.run.bind.args ts=7176196916217659 dur=119520 
[mono_ns=7176196916364450][T0xea18656bb020][TIMING] emit_host_span: [STRACE] v=1 pid=4170618 tid=4170618 inv=18 hid=f919d62dacb758e0 depth=2 name=chip.run.bind.prebuilt ts=7176196916357100 dur=4740 
[mono_ns=7176196916368620][T0xea18656bb020][TIMING] emit_host_span: [STRACE] v=1 pid=4170618 tid=4170618 inv=18 hid=f919d62dacb758e0 depth=1 name=chip.run.bind ts=7176196916206749 dur=159851 
[mono_ns=7176196918035749][T0xea17157abca0][WARN] copy_aicore_buffer: [chip_swimlane_collector.cpp:689] Core 1: skipped 1024 AICore record slot(s) with start_time=0 (race-window write or recycled-buffer tail). buf seq=0 count=1024
[mono_ns=7176196918064069][T0xea17130b1ca0][WARN] copy_aicore_buffer: [chip_swimlane_collector.cpp:689] Core 2: skipped 1024 AICore record slot(s) with start_time=0 (race-window write or recycled-buffer tail). buf seq=0 count=1024
[mono_ns=7176196918083219][T0xea1715fbbca0][WARN] copy_aicore_buffer: [chip_swimlane_collector.cpp:689] Core 0: skipped 1024 AICore record slot(s) with start_time=0 (race-window write or recycled-buffer tail). buf seq=0 count=1024
[mono_ns=7176196918377111][T0xea17157abca0][WARN] copy_aicore_buffer: [chip_swimlane_collector.cpp:689] Core 26: skipped 1024 AICore record slot(s) with start_time=0 (race-window write or recycled-buffer tail). buf seq=0 count=1024
[mono_ns=7176196918400841][T0xea17130b1ca0][WARN] copy_aicore_buffer: [chip_swimlane_collector.cpp:689] Core 28: skipped 1022 AICore record slot(s) with start_time=0 (race-window write or recycled-buffer tail). buf seq=0 count=1024
[mono_ns=7176196918404161][T0xea1715fbbca0][WARN] copy_aicore_buffer: [chip_swimlane_collector.cpp:689] Core 24: skipped 1023 AICore record slot(s) with start_time=0 (race-window write or recycled-buffer tail). buf seq=0 count=1024
[mono_ns=7176196918702462][T0xea17157abca0][WARN] copy_aicore_buffer: [chip_swimlane_collector.cpp:689] Core 27: skipped 1024 AICore record slot(s) with start_time=0 (race-window write or recycled-buffer tail). buf seq=0 count=1024
[mono_ns=7176196918716412][T0xea17130b1ca0][WARN] copy_aicore_buffer: [chip_swimlane_collector.cpp:689] Core 29: skipped 1023 AICore record slot(s) with start_time=0 (race-window write or recycled-buffer tail). buf seq=0 count=1024
[mono_ns=7176196918748613][T0xea1715fbbca0][WARN] copy_aicore_buffer: [chip_swimlane_collector.cpp:689] Core 25: skipped 1024 AICore record slot(s) with start_time=0 (race-window write or recycled-buffer tail). buf seq=0 count=1024
[mono_ns=7176196919036914][T0xea17157abca0][WARN] copy_aicore_buffer: [chip_swimlane_collector.cpp:689] Core 4: skipped 1024 AICore record slot(s) with start_time=0 (race-window write or recycled-buffer tail). buf seq=0 count=1024
[mono_ns=7176196919046774][T0xea17130b1ca0][WARN] copy_aicore_buffer: [chip_swimlane_collector.cpp:689] Core 5: skipped 1024 AICore record slot(s) with start_time=0 (race-window write or recycled-buffer tail). buf seq=0 count=1024
[mono_ns=7176196919075684][T0xea1715fbbca0][WARN] copy_aicore_buffer: [chip_swimlane_collector.cpp:689] Core 3: skipped 1024 AICore record slot(s) with start_time=0 (race-window write or recycled-buffer tail). buf seq=0 count=1024
[mono_ns=7176196919359076][T0xea17130b1ca0][WARN] copy_aicore_buffer: [chip_swimlane_collector.cpp:689] Core 34: skipped 1024 AICore record slot(s) with start_time=0 (race-window write or recycled-buffer tail). buf seq=0 count=1024
[mono_ns=7176196919368106][T0xea17157abca0][WARN] copy_aicore_buffer: [chip_swimlane_collector.cpp:689] Core 32: skipped 1024 AICore record slot(s) with start_time=0 (race-window write or recycled-buffer tail). buf seq=0 count=1024
[mono_ns=7176196919389146][T0xea1715fbbca0][WARN] copy_aicore_buffer: [chip_swimlane_collector.cpp:689] Core 30: skipped 1023 AICore record slot(s) with start_time=0 (race-window write or recycled-buffer tail). buf seq=0 count=1024
[mono_ns=7176196919674448][T0xea17130b1ca0][WARN] copy_aicore_buffer: [chip_swimlane_collector.cpp:689] Core 35: skipped 1024 AICore record slot(s) with start_time=0 (race-window write or recycled-buffer tail). buf seq=0 count=1024
[mono_ns=7176196919696728][T0xea17157abca0][WARN] copy_aicore_buffer: [chip_swimlane_collector.cpp:689] Core 33: skipped 1023 AICore record slot(s) with start_time=0 (race-window write or recycled-buffer tail). buf seq=0 count=1024
[mono_ns=7176196919701378][T0xea1715fbbca0][WARN] copy_aicore_buffer: [chip_swimlane_collector.cpp:689] Core 31: skipped 1024 AICore record slot(s) with start_time=0 (race-window write or recycled-buffer tail). buf seq=0 count=1024
[mono_ns=7176196919989239][T0xea17130b1ca0][WARN] copy_aicore_buffer: [chip_swimlane_collector.cpp:689] Core 8: skipped 1024 AICore record slot(s) with start_time=0 (race-window write or recycled-buffer tail). buf seq=0 count=1024
[mono_ns=7176196920031370][T0xea17157abca0][WARN] copy_aicore_buffer: [chip_swimlane_collector.cpp:689] Core 7: skipped 1024 AICore record slot(s) with start_time=0 (race-window write or recycled-buffer tail). buf seq=0 count=1024
[mono_ns=7176196920033450][T0xea1715fbbca0][WARN] copy_aicore_buffer: [chip_swimlane_collector.cpp:689] Core 6: skipped 1024 AICore record slot(s) with start_time=0 (race-window write or recycled-buffer tail). buf seq=0 count=1024
[mono_ns=7176196920313761][T0xea17130b1ca0][WARN] copy_aicore_buffer: [chip_swimlane_collector.cpp:689] Core 40: skipped 1024 AICore record slot(s) with start_time=0 (race-window write or recycled-buffer tail). buf seq=0 count=1024
[mono_ns=7176196920356601][T0xea17157abca0][WARN] copy_aicore_buffer: [chip_swimlane_collector.cpp:689] Core 38: skipped 1024 AICore record slot(s) with start_time=0 (race-window write or recycled-buffer tail). buf seq=0 count=1024
[mono_ns=7176196920368841][T0xea1715fbbca0][WARN] copy_aicore_buffer: [chip_swimlane_collector.cpp:689] Core 36: skipped 1024 AICore record slot(s) with start_time=0 (race-window write or recycled-buffer tail). buf seq=0 count=1024
[mono_ns=7176196920628143][T0xea17130b1ca0][WARN] copy_aicore_buffer: [chip_swimlane_collector.cpp:689] Core 41: skipped 1024 AICore record slot(s) with start_time=0 (race-window write or recycled-buffer tail). buf seq=0 count=1024
[mono_ns=7176196920681003][T0xea17157abca0][WARN] copy_aicore_buffer: [chip_swimlane_collector.cpp:689] Core 39: skipped 1024 AICore record slot(s) with start_time=0 (race-window write or recycled-buffer tail). buf seq=0 count=1024
[mono_ns=7176196920681743][T0xea1715fbbca0][WARN] copy_aicore_buffer: [chip_swimlane_collector.cpp:689] Core 37: skipped 1024 AICore record slot(s) with start_time=0 (race-window write or recycled-buffer tail). buf seq=0 count=1024
[mono_ns=7176196920941544][T0xea17130b1ca0][WARN] copy_aicore_buffer: [chip_swimlane_collector.cpp:689] Core 11: skipped 1024 AICore record slot(s) with start_time=0 (race-window write or recycled-buffer tail). buf seq=0 count=1024
[mono_ns=7176196920997265][T0xea1715fbbca0][WARN] copy_aicore_buffer: [chip_swimlane_collector.cpp:689] Core 9: skipped 1024 AICore record slot(s) with start_time=0 (race-window write or recycled-buffer tail). buf seq=0 count=1024
[mono_ns=7176196921016875][T0xea17157abca0][WARN] copy_aicore_buffer: [chip_swimlane_collector.cpp:689] Core 10: skipped 1024 AICore record slot(s) with start_time=0 (race-window write or recycled-buffer tail). buf seq=0 count=1024
[mono_ns=7176196921266196][T0xea17130b1ca0][WARN] copy_aicore_buffer: [chip_swimlane_collector.cpp:689] Core 46: skipped 1024 AICore record slot(s) with start_time=0 (race-window write or recycled-buffer tail). buf seq=0 count=1024
[mono_ns=7176196921340867][T0xea1715fbbca0][WARN] copy_aicore_buffer: [chip_swimlane_collector.cpp:689] Core 42: skipped 1024 AICore record slot(s) with start_time=0 (race-window write or recycled-buffer tail). buf seq=0 count=1024
[mono_ns=7176196921342037][T0xea17157abca0][WARN] copy_aicore_buffer: [chip_swimlane_collector.cpp:689] Core 44: skipped 1024 AICore record slot(s) with start_time=0 (race-window write or recycled-buffer tail). buf seq=0 count=1024
[mono_ns=7176196921579558][T0xea17130b1ca0][WARN] copy_aicore_buffer: [chip_swimlane_collector.cpp:689] Core 47: skipped 1024 AICore record slot(s) with start_time=0 (race-window write or recycled-buffer tail). buf seq=0 count=1024
[mono_ns=7176196921655978][T0xea1715fbbca0][WARN] copy_aicore_buffer: [chip_swimlane_collector.cpp:689] Core 43: skipped 1024 AICore record slot(s) with start_time=0 (race-window write or recycled-buffer tail). buf seq=0 count=1024
[mono_ns=7176196921664118][T0xea17157abca0][WARN] copy_aicore_buffer: [chip_swimlane_collector.cpp:689] Core 45: skipped 1024 AICore record slot(s) with start_time=0 (race-window write or recycled-buffer tail). buf seq=0 count=1024
[mono_ns=7176196921891750][T0xea17130b1ca0][WARN] copy_aicore_buffer: [chip_swimlane_collector.cpp:689] Core 14: skipped 1024 AICore record slot(s) with start_time=0 (race-window write or recycled-buffer tail). buf seq=0 count=1024
[mono_ns=7176196921969510][T0xea1715fbbca0][WARN] copy_aicore_buffer: [chip_swimlane_collector.cpp:689] Core 12: skipped 1024 AICore record slot(s) with start_time=0 (race-window write or recycled-buffer tail). buf seq=0 count=1024
[mono_ns=7176196921984680][T0xea17157abca0][WARN] copy_aicore_buffer: [chip_swimlane_collector.cpp:689] Core 13: skipped 1024 AICore record slot(s) with start_time=0 (race-window write or recycled-buffer tail). buf seq=0 count=1024
[mono_ns=7176196922227321][T0xea17130b1ca0][WARN] copy_aicore_buffer: [chip_swimlane_collector.cpp:689] Core 52: skipped 1024 AICore record slot(s) with start_time=0 (race-window write or recycled-buffer tail). buf seq=0 count=1024
[mono_ns=7176196922296802][T0xea1715fbbca0][WARN] copy_aicore_buffer: [chip_swimlane_collector.cpp:689] Core 48: skipped 1024 AICore record slot(s) with start_time=0 (race-window write or recycled-buffer tail). buf seq=0 count=1024
[mono_ns=7176196922324232][T0xea17157abca0][WARN] copy_aicore_buffer: [chip_swimlane_collector.cpp:689] Core 50: skipped 1024 AICore record slot(s) with start_time=0 (race-window write or recycled-buffer tail). buf seq=0 count=1024
[mono_ns=7176196922540633][T0xea17130b1ca0][WARN] copy_aicore_buffer: [chip_swimlane_collector.cpp:689] Core 53: skipped 1024 AICore record slot(s) with start_time=0 (race-window write or recycled-buffer tail). buf seq=0 count=1024
[mono_ns=7176196922610094][T0xea1715fbbca0][WARN] copy_aicore_buffer: [chip_swimlane_collector.cpp:689] Core 49: skipped 1024 AICore record slot(s) with start_time=0 (race-window write or recycled-buffer tail). buf seq=0 count=1024
[mono_ns=7176196922649504][T0xea17157abca0][WARN] copy_aicore_buffer: [chip_swimlane_collector.cpp:689] Core 51: skipped 1024 AICore record slot(s) with start_time=0 (race-window write or recycled-buffer tail). buf seq=0 count=1024
[mono_ns=7176196922854865][T0xea17130b1ca0][WARN] copy_aicore_buffer: [chip_swimlane_collector.cpp:689] Core 17: skipped 1024 AICore record slot(s) with start_time=0 (race-window write or recycled-buffer tail). buf seq=0 count=1024
[mono_ns=7176196922924205][T0xea1715fbbca0][WARN] copy_aicore_buffer: [chip_swimlane_collector.cpp:689] Core 15: skipped 1024 AICore record slot(s) with start_time=0 (race-window write or recycled-buffer tail). buf seq=0 count=1024
[mono_ns=7176196922984206][T0xea17157abca0][WARN] copy_aicore_buffer: [chip_swimlane_collector.cpp:689] Core 16: skipped 1024 AICore record slot(s) with start_time=0 (race-window write or recycled-buffer tail). buf seq=0 count=1024
[mono_ns=7176196923178517][T0xea17130b1ca0][WARN] copy_aicore_buffer: [chip_swimlane_collector.cpp:689] Core 58: skipped 1024 AICore record slot(s) with start_time=0 (race-window write or recycled-buffer tail). buf seq=0 count=1024
[mono_ns=7176196923247197][T0xea1715fbbca0][WARN] copy_aicore_buffer: [chip_swimlane_collector.cpp:689] Core 54: skipped 1024 AICore record slot(s) with start_time=0 (race-window write or recycled-buffer tail). buf seq=0 count=1024
[mono_ns=7176196923321487][T0xea17157abca0][WARN] copy_aicore_buffer: [chip_swimlane_collector.cpp:689] Core 56: skipped 1024 AICore record slot(s) with start_time=0 (race-window write or recycled-buffer tail). buf seq=0 count=1024
[mono_ns=7176196923492718][T0xea17130b1ca0][WARN] copy_aicore_buffer: [chip_swimlane_collector.cpp:689] Core 59: skipped 1024 AICore record slot(s) with start_time=0 (race-window write or recycled-buffer tail). buf seq=0 count=1024
[mono_ns=7176196923560069][T0xea1715fbbca0][WARN] copy_aicore_buffer: [chip_swimlane_collector.cpp:689] Core 55: skipped 1024 AICore record slot(s) with start_time=0 (race-window write or recycled-buffer tail). buf seq=0 count=1024
[mono_ns=7176196923647729][T0xea17157abca0][WARN] copy_aicore_buffer: [chip_swimlane_collector.cpp:689] Core 57: skipped 1024 AICore record slot(s) with start_time=0 (race-window write or recycled-buffer tail). buf seq=0 count=1024
[mono_ns=7176196923843310][T0xea17130b1ca0][WARN] copy_aicore_buffer: [chip_swimlane_collector.cpp:689] Core 20: skipped 1024 AICore record slot(s) with start_time=0 (race-window write or recycled-buffer tail). buf seq=0 count=1024
[mono_ns=7176196923873440][T0xea1715fbbca0][WARN] copy_aicore_buffer: [chip_swimlane_collector.cpp:689] Core 18: skipped 1024 AICore record slot(s) with start_time=0 (race-window write or recycled-buffer tail). buf seq=0 count=1024
[mono_ns=7176196923971631][T0xea17157abca0][WARN] copy_aicore_buffer: [chip_swimlane_collector.cpp:689] Core 19: skipped 1024 AICore record slot(s) with start_time=0 (race-window write or recycled-buffer tail). buf seq=0 count=1024
[mono_ns=7176196924166862][T0xea17130b1ca0][WARN] copy_aicore_buffer: [chip_swimlane_collector.cpp:689] Core 64: skipped 1024 AICore record slot(s) with start_time=0 (race-window write or recycled-buffer tail). buf seq=0 count=1024
[mono_ns=7176196924195552][T0xea1715fbbca0][WARN] copy_aicore_buffer: [chip_swimlane_collector.cpp:689] Core 60: skipped 1024 AICore record slot(s) with start_time=0 (race-window write or recycled-buffer tail). buf seq=0 count=1024
[mono_ns=7176196924305983][T0xea17157abca0][WARN] copy_aicore_buffer: [chip_swimlane_collector.cpp:689] Core 62: skipped 1024 AICore record slot(s) with start_time=0 (race-window write or recycled-buffer tail). buf seq=0 count=1024
[mono_ns=7176196924481364][T0xea17130b1ca0][WARN] copy_aicore_buffer: [chip_swimlane_collector.cpp:689] Core 65: skipped 1024 AICore record slot(s) with start_time=0 (race-window write or recycled-buffer tail). buf seq=0 count=1024
[mono_ns=7176196924507564][T0xea1715fbbca0][WARN] copy_aicore_buffer: [chip_swimlane_collector.cpp:689] Core 61: skipped 1024 AICore record slot(s) with start_time=0 (race-window write or recycled-buffer tail). buf seq=0 count=1024
[mono_ns=7176196924632075][T0xea17157abca0][WARN] copy_aicore_buffer: [chip_swimlane_collector.cpp:689] Core 63: skipped 1024 AICore record slot(s) with start_time=0 (race-window write or recycled-buffer tail). buf seq=0 count=1024
[mono_ns=7176196924796005][T0xea17130b1ca0][WARN] copy_aicore_buffer: [chip_swimlane_collector.cpp:689] Core 23: skipped 1024 AICore record slot(s) with start_time=0 (race-window write or recycled-buffer tail). buf seq=0 count=1024
[mono_ns=7176196924820726][T0xea1715fbbca0][WARN] copy_aicore_buffer: [chip_swimlane_collector.cpp:689] Core 21: skipped 1024 AICore record slot(s) with start_time=0 (race-window write or recycled-buffer tail). buf seq=0 count=1024
[mono_ns=7176196924957386][T0xea17157abca0][WARN] copy_aicore_buffer: [chip_swimlane_collector.cpp:689] Core 22: skipped 1024 AICore record slot(s) with start_time=0 (race-window write or recycled-buffer tail). buf seq=0 count=1024
[mono_ns=7176196925115837][T0xea17130b1ca0][WARN] copy_aicore_buffer: [chip_swimlane_collector.cpp:689] Core 70: skipped 1024 AICore record slot(s) with start_time=0 (race-window write or recycled-buffer tail). buf seq=0 count=1024
[mono_ns=7176196925141787][T0xea1715fbbca0][WARN] copy_aicore_buffer: [chip_swimlane_collector.cpp:689] Core 66: skipped 1024 AICore record slot(s) with start_time=0 (race-window write or recycled-buffer tail). buf seq=0 count=1024
[mono_ns=7176196925293258][T0xea17157abca0][WARN] copy_aicore_buffer: [chip_swimlane_collector.cpp:689] Core 68: skipped 1024 AICore record slot(s) with start_time=0 (race-window write or recycled-buffer tail). buf seq=0 count=1024
[mono_ns=7176196925428879][T0xea17130b1ca0][WARN] copy_aicore_buffer: [chip_swimlane_collector.cpp:689] Core 71: skipped 1024 AICore record slot(s) with start_time=0 (race-window write or recycled-buffer tail). buf seq=0 count=1024
[mono_ns=7176196925471499][T0xea1715fbbca0][WARN] copy_aicore_buffer: [chip_swimlane_collector.cpp:689] Core 67: skipped 1024 AICore record slot(s) with start_time=0 (race-window write or recycled-buffer tail). buf seq=0 count=1024
[mono_ns=7176196925618810][T0xea17157abca0][WARN] copy_aicore_buffer: [chip_swimlane_collector.cpp:689] Core 69: skipped 1024 AICore record slot(s) with start_time=0 (race-window write or recycled-buffer tail). buf seq=0 count=1024
[mono_ns=7176197026152037][T0xea18656bb020][TIMING] emit_host_span: [STRACE] v=1 pid=4170618 tid=4170618 inv=18 hid=f919d62dacb758e0 depth=1 name=chip.run.runner_run ts=7176196916744042 dur=109402074 
[mono_ns=7176197026243857][T0xea18656bb020][TIMING] emit_host_span: [STRACE] v=1 pid=4170618 tid=4170618 inv=18 hid=f919d62dacb758e0 depth=1 name=chip.run.validate ts=7176197026161487 dur=78250 
[mono_ns=7176197026257807][T0xea18656bb020][TIMING] emit_host_span: [STRACE] v=1 pid=4170618 tid=4170618 inv=18 hid=f919d62dacb758e0 depth=2 name=chip.run.runner_run.device_wall ts=0 dur=771300 clk=dev
[mono_ns=7176197026262217][T0xea18656bb020][TIMING] emit_host_span: [STRACE] v=1 pid=4170618 tid=4170618 inv=18 hid=f919d62dacb758e0 depth=3 name=chip.run.runner_run.device_wall.preamble ts=0 dur=620939 clk=dev
[mono_ns=7176197026269747][T0xea18656bb020][TIMING] emit_host_span: [STRACE] v=1 pid=4170618 tid=4170618 inv=18 hid=f919d62dacb758e0 depth=3 name=chip.run.runner_run.device_wall.graph_build ts=617000 dur=143820 clk=dev
[mono_ns=7176197026273517][T0xea18656bb020][TIMING] emit_host_span: [STRACE] v=1 pid=4170618 tid=4170618 inv=18 hid=f919d62dacb758e0 depth=3 name=chip.run.runner_run.device_wall.config_validate ts=617140 dur=799 clk=dev
[mono_ns=7176197026276827][T0xea18656bb020][TIMING] emit_host_span: [STRACE] v=1 pid=4170618 tid=4170618 inv=18 hid=f919d62dacb758e0 depth=3 name=chip.run.runner_run.device_wall.arena_wire ts=617980 dur=300 clk=dev
[mono_ns=7176197026279827][T0xea18656bb020][TIMING] emit_host_span: [STRACE] v=1 pid=4170618 tid=4170618 inv=18 hid=f919d62dacb758e0 depth=3 name=chip.run.runner_run.device_wall.sm_reset ts=618300 dur=600 clk=dev
[mono_ns=7176197026282787][T0xea18656bb020][TIMING] emit_host_span: [STRACE] v=1 pid=4170618 tid=4170618 inv=18 hid=f919d62dacb758e0 depth=3 name=chip.run.runner_run.device_wall.post_orch ts=760860 dur=10260 clk=dev
[mono_ns=7176197026285707][T0xea18656bb020][TIMING] emit_host_span: [STRACE] v=1 pid=4170618 tid=4170618 inv=18 hid=f919d62dacb758e0 depth=3 name=chip.run.runner_run.device_wall.orch ts=618940 dur=3679 clk=dev
[mono_ns=7176197026288687][T0xea18656bb020][TIMING] emit_host_span: [STRACE] v=1 pid=4170618 tid=4170618 inv=18 hid=f919d62dacb758e0 depth=3 name=chip.run.runner_run.device_wall.sched ts=621120 dur=123020 clk=dev
[mono_ns=7176197026293607][T0xea18656bb020][TIMING] emit_host_span: [STRACE] v=1 pid=4170618 tid=4170618 inv=18 hid=f919d62dacb758e0 depth=1 name=chip.run.claim_release ts=7176197026291547 dur=370 
[mono_ns=7176197026299197][T0xea18656bb020][TIMING] emit_host_span: [STRACE] v=1 pid=4170618 tid=4170618 inv=18 hid=f919d62dacb758e0 depth=0 name=chip.run ts=7176196916167539 dur=110129608 run_id=18 dispatch_id=18 slot_id=0 generation=18 run_epoch=18
[mono_ns=7176198246171180][T0xea18656bb020][TIMING] emit_host_span: [STRACE] v=1 pid=4170618 tid=4170618 inv=19 hid=f919d62dacb758e0 depth=2 name=chip.run.bind.args ts=7176198245971189 dur=193571 
[mono_ns=7176198246190780][T0xea18656bb020][TIMING] emit_host_span: [STRACE] v=1 pid=4170618 tid=4170618 inv=19 hid=f919d62dacb758e0 depth=2 name=chip.run.bind.prebuilt ts=7176198246183030 dur=5160 
[mono_ns=7176198246195450][T0xea18656bb020][TIMING] emit_host_span: [STRACE] v=1 pid=4170618 tid=4170618 inv=19 hid=f919d62dacb758e0 depth=1 name=chip.run.bind ts=7176198245959519 dur=233661 
[mono_ns=7176198350677118][T0xea18656bb020][TIMING] emit_host_span: [STRACE] v=1 pid=4170618 tid=4170618 inv=19 hid=f919d62dacb758e0 depth=1 name=chip.run.runner_run ts=7176198246472532 dur=104190316 
[mono_ns=7176198350801439][T0xea18656bb020][TIMING] emit_host_span: [STRACE] v=1 pid=4170618 tid=4170618 inv=19 hid=f919d62dacb758e0 depth=1 name=chip.run.validate ts=7176198350692468 dur=104831 
[mono_ns=7176198350809079][T0xea18656bb020][TIMING] emit_host_span: [STRACE] v=1 pid=4170618 tid=4170618 inv=19 hid=f919d62dacb758e0 depth=2 name=chip.run.runner_run.device_wall ts=0 dur=177420 clk=dev
[mono_ns=7176198350824359][T0xea18656bb020][TIMING] emit_host_span: [STRACE] v=1 pid=4170618 tid=4170618 inv=19 hid=f919d62dacb758e0 depth=3 name=chip.run.runner_run.device_wall.preamble ts=0 dur=5560 clk=dev
[mono_ns=7176198350828289][T0xea18656bb020][TIMING] emit_host_span: [STRACE] v=1 pid=4170618 tid=4170618 inv=19 hid=f919d62dacb758e0 depth=3 name=chip.run.runner_run.device_wall.graph_build ts=1320 dur=165320 clk=dev
[mono_ns=7176198350832309][T0xea18656bb020][TIMING] emit_host_span: [STRACE] v=1 pid=4170618 tid=4170618 inv=19 hid=f919d62dacb758e0 depth=3 name=chip.run.runner_run.device_wall.config_validate ts=1420 dur=880 clk=dev
[mono_ns=7176198350835639][T0xea18656bb020][TIMING] emit_host_span: [STRACE] v=1 pid=4170618 tid=4170618 inv=19 hid=f919d62dacb758e0 depth=3 name=chip.run.runner_run.device_wall.arena_wire ts=2340 dur=399 clk=dev
[mono_ns=7176198350838729][T0xea18656bb020][TIMING] emit_host_span: [STRACE] v=1 pid=4170618 tid=4170618 inv=19 hid=f919d62dacb758e0 depth=3 name=chip.run.runner_run.device_wall.sm_reset ts=2760 dur=760 clk=dev
[mono_ns=7176198350841899][T0xea18656bb020][TIMING] emit_host_span: [STRACE] v=1 pid=4170618 tid=4170618 inv=19 hid=f919d62dacb758e0 depth=3 name=chip.run.runner_run.device_wall.post_orch ts=166720 dur=10560 clk=dev
[mono_ns=7176198350844919][T0xea18656bb020][TIMING] emit_host_span: [STRACE] v=1 pid=4170618 tid=4170618 inv=19 hid=f919d62dacb758e0 depth=3 name=chip.run.runner_run.device_wall.orch ts=4019 dur=5960 clk=dev
[mono_ns=7176198350847969][T0xea18656bb020][TIMING] emit_host_span: [STRACE] v=1 pid=4170618 tid=4170618 inv=19 hid=f919d62dacb758e0 depth=3 name=chip.run.runner_run.device_wall.sched ts=5720 dur=151580 clk=dev
[mono_ns=7176198350854979][T0xea18656bb020][TIMING] emit_host_span: [STRACE] v=1 pid=4170618 tid=4170618 inv=19 hid=f919d62dacb758e0 depth=1 name=chip.run.claim_release ts=7176198350852439 dur=680 
[mono_ns=7176198350859859][T0xea18656bb020][TIMING] emit_host_span: [STRACE] v=1 pid=4170618 tid=4170618 inv=19 hid=f919d62dacb758e0 depth=0 name=chip.run ts=7176198245904499 dur=104953340 run_id=19 dispatch_id=19 slot_id=0 generation=19 run_epoch=19
[mono_ns=7176198354455299][T0xea18656bb020][TIMING] emit_host_span: [STRACE] v=1 pid=4170618 tid=4170618 inv=20 hid=f919d62dacb758e0 depth=2 name=chip.run.bind.args ts=7176198354327958 dur=122351 
[mono_ns=7176198354469749][T0xea18656bb020][TIMING] emit_host_span: [STRACE] v=1 pid=4170618 tid=4170618 inv=20 hid=f919d62dacb758e0 depth=2 name=chip.run.bind.prebuilt ts=7176198354462889 dur=4580 
[mono_ns=7176198354473809][T0xea18656bb020][TIMING] emit_host_span: [STRACE] v=1 pid=4170618 tid=4170618 inv=20 hid=f919d62dacb758e0 depth=1 name=chip.run.bind ts=7176198354316928 dur=154701 
[mono_ns=7176198356042928][T0xea17130b1ca0][WARN] copy_aicore_buffer: [chip_swimlane_collector.cpp:689] Core 2: skipped 1024 AICore record slot(s) with start_time=0 (race-window write or recycled-buffer tail). buf seq=0 count=1024
[mono_ns=7176198356051308][T0xea1715fbbca0][WARN] copy_aicore_buffer: [chip_swimlane_collector.cpp:689] Core 0: skipped 1024 AICore record slot(s) with start_time=0 (race-window write or recycled-buffer tail). buf seq=0 count=1024
[mono_ns=7176198356067278][T0xea17157abca0][WARN] copy_aicore_buffer: [chip_swimlane_collector.cpp:689] Core 1: skipped 1024 AICore record slot(s) with start_time=0 (race-window write or recycled-buffer tail). buf seq=0 count=1024
[mono_ns=7176198356378769][T0xea1715fbbca0][WARN] copy_aicore_buffer: [chip_swimlane_collector.cpp:689] Core 24: skipped 1024 AICore record slot(s) with start_time=0 (race-window write or recycled-buffer tail). buf seq=0 count=1024
[mono_ns=7176198356380989][T0xea17130b1ca0][WARN] copy_aicore_buffer: [chip_swimlane_collector.cpp:689] Core 28: skipped 1023 AICore record slot(s) with start_time=0 (race-window write or recycled-buffer tail). buf seq=0 count=1024
[mono_ns=7176198356405740][T0xea17157abca0][WARN] copy_aicore_buffer: [chip_swimlane_collector.cpp:689] Core 26: skipped 1022 AICore record slot(s) with start_time=0 (race-window write or recycled-buffer tail). buf seq=0 count=1024
[mono_ns=7176198356696361][T0xea17130b1ca0][WARN] copy_aicore_buffer: [chip_swimlane_collector.cpp:689] Core 29: skipped 1023 AICore record slot(s) with start_time=0 (race-window write or recycled-buffer tail). buf seq=0 count=1024
[mono_ns=7176198356697131][T0xea1715fbbca0][WARN] copy_aicore_buffer: [chip_swimlane_collector.cpp:689] Core 25: skipped 1024 AICore record slot(s) with start_time=0 (race-window write or recycled-buffer tail). buf seq=0 count=1024
[mono_ns=7176198356727871][T0xea17157abca0][WARN] copy_aicore_buffer: [chip_swimlane_collector.cpp:689] Core 27: skipped 1024 AICore record slot(s) with start_time=0 (race-window write or recycled-buffer tail). buf seq=0 count=1024
[mono_ns=7176198357020483][T0xea1715fbbca0][WARN] copy_aicore_buffer: [chip_swimlane_collector.cpp:689] Core 3: skipped 1024 AICore record slot(s) with start_time=0 (race-window write or recycled-buffer tail). buf seq=0 count=1024
[mono_ns=7176198357025173][T0xea17130b1ca0][WARN] copy_aicore_buffer: [chip_swimlane_collector.cpp:689] Core 5: skipped 1024 AICore record slot(s) with start_time=0 (race-window write or recycled-buffer tail). buf seq=0 count=1024
[mono_ns=7176198357068593][T0xea17157abca0][WARN] copy_aicore_buffer: [chip_swimlane_collector.cpp:689] Core 4: skipped 1024 AICore record slot(s) with start_time=0 (race-window write or recycled-buffer tail). buf seq=0 count=1024
[mono_ns=7176198357338175][T0xea1715fbbca0][WARN] copy_aicore_buffer: [chip_swimlane_collector.cpp:689] Core 30: skipped 1023 AICore record slot(s) with start_time=0 (race-window write or recycled-buffer tail). buf seq=0 count=1024
[mono_ns=7176198357370715][T0xea17130b1ca0][WARN] copy_aicore_buffer: [chip_swimlane_collector.cpp:689] Core 34: skipped 1024 AICore record slot(s) with start_time=0 (race-window write or recycled-buffer tail). buf seq=0 count=1024
[mono_ns=7176198357390115][T0xea17157abca0][WARN] copy_aicore_buffer: [chip_swimlane_collector.cpp:689] Core 32: skipped 1024 AICore record slot(s) with start_time=0 (race-window write or recycled-buffer tail). buf seq=0 count=1024
[mono_ns=7176198357658876][T0xea1715fbbca0][WARN] copy_aicore_buffer: [chip_swimlane_collector.cpp:689] Core 31: skipped 1024 AICore record slot(s) with start_time=0 (race-window write or recycled-buffer tail). buf seq=0 count=1024
[mono_ns=7176198357682796][T0xea17130b1ca0][WARN] copy_aicore_buffer: [chip_swimlane_collector.cpp:689] Core 35: skipped 1024 AICore record slot(s) with start_time=0 (race-window write or recycled-buffer tail). buf seq=0 count=1024
[mono_ns=7176198357711267][T0xea17157abca0][WARN] copy_aicore_buffer: [chip_swimlane_collector.cpp:689] Core 33: skipped 1023 AICore record slot(s) with start_time=0 (race-window write or recycled-buffer tail). buf seq=0 count=1024
[mono_ns=7176198357977258][T0xea1715fbbca0][WARN] copy_aicore_buffer: [chip_swimlane_collector.cpp:689] Core 6: skipped 1024 AICore record slot(s) with start_time=0 (race-window write or recycled-buffer tail). buf seq=0 count=1024
[mono_ns=7176198357994288][T0xea17130b1ca0][WARN] copy_aicore_buffer: [chip_swimlane_collector.cpp:689] Core 8: skipped 1024 AICore record slot(s) with start_time=0 (race-window write or recycled-buffer tail). buf seq=0 count=1024
[mono_ns=7176198358047778][T0xea17157abca0][WARN] copy_aicore_buffer: [chip_swimlane_collector.cpp:689] Core 7: skipped 1024 AICore record slot(s) with start_time=0 (race-window write or recycled-buffer tail). buf seq=0 count=1024
[mono_ns=7176198358305150][T0xea1715fbbca0][WARN] copy_aicore_buffer: [chip_swimlane_collector.cpp:689] Core 36: skipped 1024 AICore record slot(s) with start_time=0 (race-window write or recycled-buffer tail). buf seq=0 count=1024
[mono_ns=7176198358316700][T0xea17130b1ca0][WARN] copy_aicore_buffer: [chip_swimlane_collector.cpp:689] Core 40: skipped 1024 AICore record slot(s) with start_time=0 (race-window write or recycled-buffer tail). buf seq=0 count=1024
[mono_ns=7176198358374480][T0xea17157abca0][WARN] copy_aicore_buffer: [chip_swimlane_collector.cpp:689] Core 38: skipped 1024 AICore record slot(s) with start_time=0 (race-window write or recycled-buffer tail). buf seq=0 count=1024
[mono_ns=7176198358626252][T0xea1715fbbca0][WARN] copy_aicore_buffer: [chip_swimlane_collector.cpp:689] Core 37: skipped 1024 AICore record slot(s) with start_time=0 (race-window write or recycled-buffer tail). buf seq=0 count=1024
[mono_ns=7176198358634822][T0xea17130b1ca0][WARN] copy_aicore_buffer: [chip_swimlane_collector.cpp:689] Core 41: skipped 1022 AICore record slot(s) with start_time=0 (race-window write or recycled-buffer tail). buf seq=0 count=1024
[mono_ns=7176198358696732][T0xea17157abca0][WARN] copy_aicore_buffer: [chip_swimlane_collector.cpp:689] Core 39: skipped 1024 AICore record slot(s) with start_time=0 (race-window write or recycled-buffer tail). buf seq=0 count=1024
[mono_ns=7176198358946943][T0xea1715fbbca0][WARN] copy_aicore_buffer: [chip_swimlane_collector.cpp:689] Core 9: skipped 1024 AICore record slot(s) with start_time=0 (race-window write or recycled-buffer tail). buf seq=0 count=1024
[mono_ns=7176198358973334][T0xea17130b1ca0][WARN] copy_aicore_buffer: [chip_swimlane_collector.cpp:689] Core 11: skipped 1024 AICore record slot(s) with start_time=0 (race-window write or recycled-buffer tail). buf seq=0 count=1024
[mono_ns=7176198359038394][T0xea17157abca0][WARN] copy_aicore_buffer: [chip_swimlane_collector.cpp:689] Core 10: skipped 1024 AICore record slot(s) with start_time=0 (race-window write or recycled-buffer tail). buf seq=0 count=1024
[mono_ns=7176198359274145][T0xea1715fbbca0][WARN] copy_aicore_buffer: [chip_swimlane_collector.cpp:689] Core 42: skipped 1023 AICore record slot(s) with start_time=0 (race-window write or recycled-buffer tail). buf seq=0 count=1024
[mono_ns=7176198359295415][T0xea17130b1ca0][WARN] copy_aicore_buffer: [chip_swimlane_collector.cpp:689] Core 46: skipped 1024 AICore record slot(s) with start_time=0 (race-window write or recycled-buffer tail). buf seq=0 count=1024
[mono_ns=7176198359360566][T0xea17157abca0][WARN] copy_aicore_buffer: [chip_swimlane_collector.cpp:689] Core 44: skipped 1024 AICore record slot(s) with start_time=0 (race-window write or recycled-buffer tail). buf seq=0 count=1024
[mono_ns=7176198359591207][T0xea1715fbbca0][WARN] copy_aicore_buffer: [chip_swimlane_collector.cpp:689] Core 43: skipped 1024 AICore record slot(s) with start_time=0 (race-window write or recycled-buffer tail). buf seq=0 count=1024
[mono_ns=7176198359605937][T0xea17130b1ca0][WARN] copy_aicore_buffer: [chip_swimlane_collector.cpp:689] Core 47: skipped 1024 AICore record slot(s) with start_time=0 (race-window write or recycled-buffer tail). buf seq=0 count=1024
[mono_ns=7176198359688087][T0xea17157abca0][WARN] copy_aicore_buffer: [chip_swimlane_collector.cpp:689] Core 45: skipped 1024 AICore record slot(s) with start_time=0 (race-window write or recycled-buffer tail). buf seq=0 count=1024
[mono_ns=7176198359908019][T0xea1715fbbca0][WARN] copy_aicore_buffer: [chip_swimlane_collector.cpp:689] Core 12: skipped 1024 AICore record slot(s) with start_time=0 (race-window write or recycled-buffer tail). buf seq=0 count=1024
[mono_ns=7176198359915439][T0xea17130b1ca0][WARN] copy_aicore_buffer: [chip_swimlane_collector.cpp:689] Core 14: skipped 1024 AICore record slot(s) with start_time=0 (race-window write or recycled-buffer tail). buf seq=0 count=1024
[mono_ns=7176198360016989][T0xea17157abca0][WARN] copy_aicore_buffer: [chip_swimlane_collector.cpp:689] Core 13: skipped 1024 AICore record slot(s) with start_time=0 (race-window write or recycled-buffer tail). buf seq=0 count=1024
[mono_ns=7176198360232560][T0xea1715fbbca0][WARN] copy_aicore_buffer: [chip_swimlane_collector.cpp:689] Core 48: skipped 1024 AICore record slot(s) with start_time=0 (race-window write or recycled-buffer tail). buf seq=0 count=1024
[mono_ns=7176198360237050][T0xea17130b1ca0][WARN] copy_aicore_buffer: [chip_swimlane_collector.cpp:689] Core 52: skipped 1024 AICore record slot(s) with start_time=0 (race-window write or recycled-buffer tail). buf seq=0 count=1024
[mono_ns=7176198360338981][T0xea17157abca0][WARN] copy_aicore_buffer: [chip_swimlane_collector.cpp:689] Core 50: skipped 1024 AICore record slot(s) with start_time=0 (race-window write or recycled-buffer tail). buf seq=0 count=1024
[mono_ns=7176198360549472][T0xea17130b1ca0][WARN] copy_aicore_buffer: [chip_swimlane_collector.cpp:689] Core 53: skipped 1024 AICore record slot(s) with start_time=0 (race-window write or recycled-buffer tail). buf seq=0 count=1024
[mono_ns=7176198360549862][T0xea1715fbbca0][WARN] copy_aicore_buffer: [chip_swimlane_collector.cpp:689] Core 49: skipped 1024 AICore record slot(s) with start_time=0 (race-window write or recycled-buffer tail). buf seq=0 count=1024
[mono_ns=7176198360662803][T0xea17157abca0][WARN] copy_aicore_buffer: [chip_swimlane_collector.cpp:689] Core 51: skipped 1024 AICore record slot(s) with start_time=0 (race-window write or recycled-buffer tail). buf seq=0 count=1024
[mono_ns=7176198360864784][T0xea17130b1ca0][WARN] copy_aicore_buffer: [chip_swimlane_collector.cpp:689] Core 17: skipped 1024 AICore record slot(s) with start_time=0 (race-window write or recycled-buffer tail). buf seq=0 count=1024
[mono_ns=7176198360865994][T0xea1715fbbca0][WARN] copy_aicore_buffer: [chip_swimlane_collector.cpp:689] Core 15: skipped 1024 AICore record slot(s) with start_time=0 (race-window write or recycled-buffer tail). buf seq=0 count=1024
[mono_ns=7176198360984744][T0xea17157abca0][WARN] copy_aicore_buffer: [chip_swimlane_collector.cpp:689] Core 16: skipped 1024 AICore record slot(s) with start_time=0 (race-window write or recycled-buffer tail). buf seq=0 count=1024
[mono_ns=7176198361188166][T0xea1715fbbca0][WARN] copy_aicore_buffer: [chip_swimlane_collector.cpp:689] Core 54: skipped 1024 AICore record slot(s) with start_time=0 (race-window write or recycled-buffer tail). buf seq=0 count=1024
[mono_ns=7176198361193966][T0xea17130b1ca0][WARN] copy_aicore_buffer: [chip_swimlane_collector.cpp:689] Core 58: skipped 1024 AICore record slot(s) with start_time=0 (race-window write or recycled-buffer tail). buf seq=0 count=1024
[mono_ns=7176198361314646][T0xea17157abca0][WARN] copy_aicore_buffer: [chip_swimlane_collector.cpp:689] Core 56: skipped 1024 AICore record slot(s) with start_time=0 (race-window write or recycled-buffer tail). buf seq=0 count=1024
[mono_ns=7176198361513727][T0xea17130b1ca0][WARN] copy_aicore_buffer: [chip_swimlane_collector.cpp:689] Core 59: skipped 1024 AICore record slot(s) with start_time=0 (race-window write or recycled-buffer tail). buf seq=0 count=1024
[mono_ns=7176198361535337][T0xea1715fbbca0][WARN] copy_aicore_buffer: [chip_swimlane_collector.cpp:689] Core 55: skipped 1024 AICore record slot(s) with start_time=0 (race-window write or recycled-buffer tail). buf seq=0 count=1024
[mono_ns=7176198361637308][T0xea17157abca0][WARN] copy_aicore_buffer: [chip_swimlane_collector.cpp:689] Core 57: skipped 1024 AICore record slot(s) with start_time=0 (race-window write or recycled-buffer tail). buf seq=0 count=1024
[mono_ns=7176198361829399][T0xea17130b1ca0][WARN] copy_aicore_buffer: [chip_swimlane_collector.cpp:689] Core 20: skipped 1024 AICore record slot(s) with start_time=0 (race-window write or recycled-buffer tail). buf seq=0 count=1024
[mono_ns=7176198361851559][T0xea1715fbbca0][WARN] copy_aicore_buffer: [chip_swimlane_collector.cpp:689] Core 18: skipped 1024 AICore record slot(s) with start_time=0 (race-window write or recycled-buffer tail). buf seq=0 count=1024
[mono_ns=7176198361959260][T0xea17157abca0][WARN] copy_aicore_buffer: [chip_swimlane_collector.cpp:689] Core 19: skipped 1024 AICore record slot(s) with start_time=0 (race-window write or recycled-buffer tail). buf seq=0 count=1024
[mono_ns=7176198362151391][T0xea17130b1ca0][WARN] copy_aicore_buffer: [chip_swimlane_collector.cpp:689] Core 64: skipped 1024 AICore record slot(s) with start_time=0 (race-window write or recycled-buffer tail). buf seq=0 count=1024
[mono_ns=7176198362174671][T0xea1715fbbca0][WARN] copy_aicore_buffer: [chip_swimlane_collector.cpp:689] Core 60: skipped 1024 AICore record slot(s) with start_time=0 (race-window write or recycled-buffer tail). buf seq=0 count=1024
[mono_ns=7176198362292462][T0xea17157abca0][WARN] copy_aicore_buffer: [chip_swimlane_collector.cpp:689] Core 62: skipped 1024 AICore record slot(s) with start_time=0 (race-window write or recycled-buffer tail). buf seq=0 count=1024
[mono_ns=7176198362467023][T0xea17130b1ca0][WARN] copy_aicore_buffer: [chip_swimlane_collector.cpp:689] Core 65: skipped 1024 AICore record slot(s) with start_time=0 (race-window write or recycled-buffer tail). buf seq=0 count=1024
[mono_ns=7176198362491233][T0xea1715fbbca0][WARN] copy_aicore_buffer: [chip_swimlane_collector.cpp:689] Core 61: skipped 1024 AICore record slot(s) with start_time=0 (race-window write or recycled-buffer tail). buf seq=0 count=1024
[mono_ns=7176198362614463][T0xea17157abca0][WARN] copy_aicore_buffer: [chip_swimlane_collector.cpp:689] Core 63: skipped 1024 AICore record slot(s) with start_time=0 (race-window write or recycled-buffer tail). buf seq=0 count=1024
[mono_ns=7176198362784244][T0xea17130b1ca0][WARN] copy_aicore_buffer: [chip_swimlane_collector.cpp:689] Core 23: skipped 1024 AICore record slot(s) with start_time=0 (race-window write or recycled-buffer tail). buf seq=0 count=1024
[mono_ns=7176198362807394][T0xea1715fbbca0][WARN] copy_aicore_buffer: [chip_swimlane_collector.cpp:689] Core 21: skipped 1024 AICore record slot(s) with start_time=0 (race-window write or recycled-buffer tail). buf seq=0 count=1024
[mono_ns=7176198362936815][T0xea17157abca0][WARN] copy_aicore_buffer: [chip_swimlane_collector.cpp:689] Core 22: skipped 1024 AICore record slot(s) with start_time=0 (race-window write or recycled-buffer tail). buf seq=0 count=1024
[mono_ns=7176198363110996][T0xea17130b1ca0][WARN] copy_aicore_buffer: [chip_swimlane_collector.cpp:689] Core 70: skipped 1024 AICore record slot(s) with start_time=0 (race-window write or recycled-buffer tail). buf seq=0 count=1024
[mono_ns=7176198363243607][T0xea1715fbbca0][WARN] copy_aicore_buffer: [chip_swimlane_collector.cpp:689] Core 66: skipped 1024 AICore record slot(s) with start_time=0 (race-window write or recycled-buffer tail). buf seq=0 count=1024
[mono_ns=7176198363270737][T0xea17157abca0][WARN] copy_aicore_buffer: [chip_swimlane_collector.cpp:689] Core 68: skipped 1024 AICore record slot(s) with start_time=0 (race-window write or recycled-buffer tail). buf seq=0 count=1024
[mono_ns=7176198363426328][T0xea17130b1ca0][WARN] copy_aicore_buffer: [chip_swimlane_collector.cpp:689] Core 71: skipped 1024 AICore record slot(s) with start_time=0 (race-window write or recycled-buffer tail). buf seq=0 count=1024
[mono_ns=7176198363561418][T0xea1715fbbca0][WARN] copy_aicore_buffer: [chip_swimlane_collector.cpp:689] Core 67: skipped 1024 AICore record slot(s) with start_time=0 (race-window write or recycled-buffer tail). buf seq=0 count=1024
[mono_ns=7176198363592989][T0xea17157abca0][WARN] copy_aicore_buffer: [chip_swimlane_collector.cpp:689] Core 69: skipped 1024 AICore record slot(s) with start_time=0 (race-window write or recycled-buffer tail). buf seq=0 count=1024
[mono_ns=7176198464342256][T0xea18656bb020][TIMING] emit_host_span: [STRACE] v=1 pid=4170618 tid=4170618 inv=20 hid=f919d62dacb758e0 depth=1 name=chip.run.runner_run ts=7176198354783691 dur=109548245 
[mono_ns=7176198464468667][T0xea18656bb020][TIMING] emit_host_span: [STRACE] v=1 pid=4170618 tid=4170618 inv=20 hid=f919d62dacb758e0 depth=1 name=chip.run.validate ts=7176198464355927 dur=108220 
[mono_ns=7176198464477347][T0xea18656bb020][TIMING] emit_host_span: [STRACE] v=1 pid=4170618 tid=4170618 inv=20 hid=f919d62dacb758e0 depth=2 name=chip.run.runner_run.device_wall ts=0 dur=757920 clk=dev
[mono_ns=7176198464481557][T0xea18656bb020][TIMING] emit_host_span: [STRACE] v=1 pid=4170618 tid=4170618 inv=20 hid=f919d62dacb758e0 depth=3 name=chip.run.runner_run.device_wall.preamble ts=0 dur=611040 clk=dev
[mono_ns=7176198464485277][T0xea18656bb020][TIMING] emit_host_span: [STRACE] v=1 pid=4170618 tid=4170618 inv=20 hid=f919d62dacb758e0 depth=3 name=chip.run.runner_run.device_wall.graph_build ts=606180 dur=141580 clk=dev
[mono_ns=7176198464489047][T0xea18656bb020][TIMING] emit_host_span: [STRACE] v=1 pid=4170618 tid=4170618 inv=20 hid=f919d62dacb758e0 depth=3 name=chip.run.runner_run.device_wall.config_validate ts=606320 dur=740 clk=dev
[mono_ns=7176198464492837][T0xea18656bb020][TIMING] emit_host_span: [STRACE] v=1 pid=4170618 tid=4170618 inv=20 hid=f919d62dacb758e0 depth=3 name=chip.run.runner_run.device_wall.arena_wire ts=607099 dur=260 clk=dev
[mono_ns=7176198464497117][T0xea18656bb020][TIMING] emit_host_span: [STRACE] v=1 pid=4170618 tid=4170618 inv=20 hid=f919d62dacb758e0 depth=3 name=chip.run.runner_run.device_wall.sm_reset ts=607380 dur=560 clk=dev
[mono_ns=7176198464510397][T0xea18656bb020][TIMING] emit_host_span: [STRACE] v=1 pid=4170618 tid=4170618 inv=20 hid=f919d62dacb758e0 depth=3 name=chip.run.runner_run.device_wall.post_orch ts=747819 dur=10000 clk=dev
[mono_ns=7176198464514207][T0xea18656bb020][TIMING] emit_host_span: [STRACE] v=1 pid=4170618 tid=4170618 inv=20 hid=f919d62dacb758e0 depth=3 name=chip.run.runner_run.device_wall.orch ts=607980 dur=3380 clk=dev
[mono_ns=7176198464518507][T0xea18656bb020][TIMING] emit_host_span: [STRACE] v=1 pid=4170618 tid=4170618 inv=20 hid=f919d62dacb758e0 depth=3 name=chip.run.runner_run.device_wall.sched ts=611240 dur=120080 clk=dev
[mono_ns=7176198464524187][T0xea18656bb020][TIMING] emit_host_span: [STRACE] v=1 pid=4170618 tid=4170618 inv=20 hid=f919d62dacb758e0 depth=1 name=chip.run.claim_release ts=7176198464521457 dur=550 
[mono_ns=7176198464529417][T0xea18656bb020][TIMING] emit_host_span: [STRACE] v=1 pid=4170618 tid=4170618 inv=20 hid=f919d62dacb758e0 depth=0 name=chip.run ts=7176198354273748 dur=110253449 run_id=20 dispatch_id=20 slot_id=0 generation=20 run_epoch=20
[mono_ns=7176199683334305][T0xea18656bb020][TIMING] emit_host_span: [STRACE] v=1 pid=4170618 tid=4170618 inv=21 hid=f919d62dacb758e0 depth=2 name=chip.run.bind.args ts=7176199683141554 dur=184741 
[mono_ns=7176199683354055][T0xea18656bb020][TIMING] emit_host_span: [STRACE] v=1 pid=4170618 tid=4170618 inv=21 hid=f919d62dacb758e0 depth=2 name=chip.run.bind.prebuilt ts=7176199683346715 dur=4410 
[mono_ns=7176199683360015][T0xea18656bb020][TIMING] emit_host_span: [STRACE] v=1 pid=4170618 tid=4170618 inv=21 hid=f919d62dacb758e0 depth=1 name=chip.run.bind ts=7176199683129054 dur=227701 
[mono_ns=7176199787921234][T0xea18656bb020][TIMING] emit_host_span: [STRACE] v=1 pid=4170618 tid=4170618 inv=21 hid=f919d62dacb758e0 depth=1 name=chip.run.runner_run ts=7176199683632456 dur=104273847 
[mono_ns=7176199788048474][T0xea18656bb020][TIMING] emit_host_span: [STRACE] v=1 pid=4170618 tid=4170618 inv=21 hid=f919d62dacb758e0 depth=1 name=chip.run.validate ts=7176199787935134 dur=108560 
[mono_ns=7176199788057304][T0xea18656bb020][TIMING] emit_host_span: [STRACE] v=1 pid=4170618 tid=4170618 inv=21 hid=f919d62dacb758e0 depth=2 name=chip.run.runner_run.device_wall ts=0 dur=180920 clk=dev
[mono_ns=7176199788061934][T0xea18656bb020][TIMING] emit_host_span: [STRACE] v=1 pid=4170618 tid=4170618 inv=21 hid=f919d62dacb758e0 depth=3 name=chip.run.runner_run.device_wall.preamble ts=0 dur=6580 clk=dev
[mono_ns=7176199788066214][T0xea18656bb020][TIMING] emit_host_span: [STRACE] v=1 pid=4170618 tid=4170618 inv=21 hid=f919d62dacb758e0 depth=3 name=chip.run.runner_run.device_wall.graph_build ts=2060 dur=168140 clk=dev
[mono_ns=7176199788070004][T0xea18656bb020][TIMING] emit_host_span: [STRACE] v=1 pid=4170618 tid=4170618 inv=21 hid=f919d62dacb758e0 depth=3 name=chip.run.runner_run.device_wall.config_validate ts=2900 dur=600 clk=dev
[mono_ns=7176199788074824][T0xea18656bb020][TIMING] emit_host_span: [STRACE] v=1 pid=4170618 tid=4170618 inv=21 hid=f919d62dacb758e0 depth=3 name=chip.run.runner_run.device_wall.arena_wire ts=3639 dur=320 clk=dev
[mono_ns=7176199788078524][T0xea18656bb020][TIMING] emit_host_span: [STRACE] v=1 pid=4170618 tid=4170618 inv=21 hid=f919d62dacb758e0 depth=3 name=chip.run.runner_run.device_wall.sm_reset ts=4019 dur=960 clk=dev
[mono_ns=7176199788087174][T0xea18656bb020][TIMING] emit_host_span: [STRACE] v=1 pid=4170618 tid=4170618 inv=21 hid=f919d62dacb758e0 depth=3 name=chip.run.runner_run.device_wall.post_orch ts=170260 dur=10520 clk=dev
[mono_ns=7176199788090664][T0xea18656bb020][TIMING] emit_host_span: [STRACE] v=1 pid=4170618 tid=4170618 inv=21 hid=f919d62dacb758e0 depth=3 name=chip.run.runner_run.device_wall.orch ts=5699 dur=8879 clk=dev
[mono_ns=7176199788094084][T0xea18656bb020][TIMING] emit_host_span: [STRACE] v=1 pid=4170618 tid=4170618 inv=21 hid=f919d62dacb758e0 depth=3 name=chip.run.runner_run.device_wall.sched ts=6939 dur=153660 clk=dev
[mono_ns=7176199788099575][T0xea18656bb020][TIMING] emit_host_span: [STRACE] v=1 pid=4170618 tid=4170618 inv=21 hid=f919d62dacb758e0 depth=1 name=chip.run.claim_release ts=7176199788097175 dur=580 
[mono_ns=7176199788105185][T0xea18656bb020][TIMING] emit_host_span: [STRACE] v=1 pid=4170618 tid=4170618 inv=21 hid=f919d62dacb758e0 depth=0 name=chip.run ts=7176199683072023 dur=105031142 run_id=21 dispatch_id=21 slot_id=0 generation=21 run_epoch=21
[mono_ns=7176199791928435][T0xea18656bb020][TIMING] emit_host_span: [STRACE] v=1 pid=4170618 tid=4170618 inv=22 hid=f919d62dacb758e0 depth=2 name=chip.run.bind.args ts=7176199791796865 dur=125050 
[mono_ns=7176199791943665][T0xea18656bb020][TIMING] emit_host_span: [STRACE] v=1 pid=4170618 tid=4170618 inv=22 hid=f919d62dacb758e0 depth=2 name=chip.run.bind.prebuilt ts=7176199791936935 dur=4200 
[mono_ns=7176199791948165][T0xea18656bb020][TIMING] emit_host_span: [STRACE] v=1 pid=4170618 tid=4170618 inv=22 hid=f919d62dacb758e0 depth=1 name=chip.run.bind ts=7176199791785665 dur=160200 
[mono_ns=7176199793649115][T0xea17130b1ca0][WARN] copy_aicore_buffer: [chip_swimlane_collector.cpp:689] Core 2: skipped 1024 AICore record slot(s) with start_time=0 (race-window write or recycled-buffer tail). buf seq=0 count=1024
[mono_ns=7176199793957176][T0xea17130b1ca0][WARN] copy_aicore_buffer: [chip_swimlane_collector.cpp:689] Core 28: skipped 1023 AICore record slot(s) with start_time=0 (race-window write or recycled-buffer tail). buf seq=0 count=1024
[mono_ns=7176199794255748][T0xea17130b1ca0][WARN] copy_aicore_buffer: [chip_swimlane_collector.cpp:689] Core 29: skipped 1024 AICore record slot(s) with start_time=0 (race-window write or recycled-buffer tail). buf seq=0 count=1024
[mono_ns=7176199794452339][T0xea17157abca0][WARN] copy_aicore_buffer: [chip_swimlane_collector.cpp:689] Core 1: skipped 1024 AICore record slot(s) with start_time=0 (race-window write or recycled-buffer tail). buf seq=0 count=1024
[mono_ns=7176199794537390][T0xea17130b1ca0][WARN] copy_aicore_buffer: [chip_swimlane_collector.cpp:689] Core 5: skipped 1024 AICore record slot(s) with start_time=0 (race-window write or recycled-buffer tail). buf seq=0 count=1024
[mono_ns=7176199794787061][T0xea17157abca0][WARN] copy_aicore_buffer: [chip_swimlane_collector.cpp:689] Core 26: skipped 1024 AICore record slot(s) with start_time=0 (race-window write or recycled-buffer tail). buf seq=0 count=1024
[mono_ns=7176199794817891][T0xea17130b1ca0][WARN] copy_aicore_buffer: [chip_swimlane_collector.cpp:689] Core 34: skipped 1024 AICore record slot(s) with start_time=0 (race-window write or recycled-buffer tail). buf seq=0 count=1024
[mono_ns=7176199795136083][T0xea17157abca0][WARN] copy_aicore_buffer: [chip_swimlane_collector.cpp:689] Core 27: skipped 1024 AICore record slot(s) with start_time=0 (race-window write or recycled-buffer tail). buf seq=0 count=1024
[mono_ns=7176199795203773][T0xea1715fbbca0][WARN] copy_aicore_buffer: [chip_swimlane_collector.cpp:689] Core 0: skipped 1024 AICore record slot(s) with start_time=0 (race-window write or recycled-buffer tail). buf seq=0 count=1024
[mono_ns=7176199795270824][T0xea17130b1ca0][WARN] copy_aicore_buffer: [chip_swimlane_collector.cpp:689] Core 35: skipped 1024 AICore record slot(s) with start_time=0 (race-window write or recycled-buffer tail). buf seq=0 count=1024
[mono_ns=7176199795468135][T0xea17157abca0][WARN] copy_aicore_buffer: [chip_swimlane_collector.cpp:689] Core 4: skipped 1024 AICore record slot(s) with start_time=0 (race-window write or recycled-buffer tail). buf seq=0 count=1024
[mono_ns=7176199795568675][T0xea1715fbbca0][WARN] copy_aicore_buffer: [chip_swimlane_collector.cpp:689] Core 24: skipped 1022 AICore record slot(s) with start_time=0 (race-window write or recycled-buffer tail). buf seq=0 count=1024
[mono_ns=7176199795587805][T0xea17130b1ca0][WARN] copy_aicore_buffer: [chip_swimlane_collector.cpp:689] Core 8: skipped 1024 AICore record slot(s) with start_time=0 (race-window write or recycled-buffer tail). buf seq=0 count=1024
[mono_ns=7176199795791786][T0xea17157abca0][WARN] copy_aicore_buffer: [chip_swimlane_collector.cpp:689] Core 32: skipped 1024 AICore record slot(s) with start_time=0 (race-window write or recycled-buffer tail). buf seq=0 count=1024
[mono_ns=7176199795884237][T0xea1715fbbca0][WARN] copy_aicore_buffer: [chip_swimlane_collector.cpp:689] Core 25: skipped 1024 AICore record slot(s) with start_time=0 (race-window write or recycled-buffer tail). buf seq=0 count=1024
[mono_ns=7176199795900587][T0xea17130b1ca0][WARN] copy_aicore_buffer: [chip_swimlane_collector.cpp:689] Core 40: skipped 1024 AICore record slot(s) with start_time=0 (race-window write or recycled-buffer tail). buf seq=0 count=1024
[mono_ns=7176199796134488][T0xea17157abca0][WARN] copy_aicore_buffer: [chip_swimlane_collector.cpp:689] Core 33: skipped 1022 AICore record slot(s) with start_time=0 (race-window write or recycled-buffer tail). buf seq=0 count=1024
[mono_ns=7176199796231229][T0xea17130b1ca0][WARN] copy_aicore_buffer: [chip_swimlane_collector.cpp:689] Core 41: skipped 1024 AICore record slot(s) with start_time=0 (race-window write or recycled-buffer tail). buf seq=0 count=1024
[mono_ns=7176199796242189][T0xea1715fbbca0][WARN] copy_aicore_buffer: [chip_swimlane_collector.cpp:689] Core 3: skipped 1024 AICore record slot(s) with start_time=0 (race-window write or recycled-buffer tail). buf seq=0 count=1024
[mono_ns=7176199796466680][T0xea17157abca0][WARN] copy_aicore_buffer: [chip_swimlane_collector.cpp:689] Core 7: skipped 1024 AICore record slot(s) with start_time=0 (race-window write or recycled-buffer tail). buf seq=0 count=1024
[mono_ns=7176199796549480][T0xea17130b1ca0][WARN] copy_aicore_buffer: [chip_swimlane_collector.cpp:689] Core 11: skipped 1024 AICore record slot(s) with start_time=0 (race-window write or recycled-buffer tail). buf seq=0 count=1024
[mono_ns=7176199796555990][T0xea1715fbbca0][WARN] copy_aicore_buffer: [chip_swimlane_collector.cpp:689] Core 30: skipped 1023 AICore record slot(s) with start_time=0 (race-window write or recycled-buffer tail). buf seq=0 count=1024
[mono_ns=7176199796788772][T0xea17157abca0][WARN] copy_aicore_buffer: [chip_swimlane_collector.cpp:689] Core 38: skipped 1024 AICore record slot(s) with start_time=0 (race-window write or recycled-buffer tail). buf seq=0 count=1024
[mono_ns=7176199796860942][T0xea17130b1ca0][WARN] copy_aicore_buffer: [chip_swimlane_collector.cpp:689] Core 46: skipped 1024 AICore record slot(s) with start_time=0 (race-window write or recycled-buffer tail). buf seq=0 count=1024
[mono_ns=7176199796867122][T0xea1715fbbca0][WARN] copy_aicore_buffer: [chip_swimlane_collector.cpp:689] Core 31: skipped 1024 AICore record slot(s) with start_time=0 (race-window write or recycled-buffer tail). buf seq=0 count=1024
[mono_ns=7176199797126934][T0xea17157abca0][WARN] copy_aicore_buffer: [chip_swimlane_collector.cpp:689] Core 39: skipped 1024 AICore record slot(s) with start_time=0 (race-window write or recycled-buffer tail). buf seq=0 count=1024
[mono_ns=7176199797188344][T0xea1715fbbca0][WARN] copy_aicore_buffer: [chip_swimlane_collector.cpp:689] Core 6: skipped 1024 AICore record slot(s) with start_time=0 (race-window write or recycled-buffer tail). buf seq=0 count=1024
[mono_ns=7176199797197574][T0xea17130b1ca0][WARN] copy_aicore_buffer: [chip_swimlane_collector.cpp:689] Core 47: skipped 1024 AICore record slot(s) with start_time=0 (race-window write or recycled-buffer tail). buf seq=0 count=1024
[mono_ns=7176199797460635][T0xea17157abca0][WARN] copy_aicore_buffer: [chip_swimlane_collector.cpp:689] Core 10: skipped 1024 AICore record slot(s) with start_time=0 (race-window write or recycled-buffer tail). buf seq=0 count=1024
[mono_ns=7176199797502396][T0xea1715fbbca0][WARN] copy_aicore_buffer: [chip_swimlane_collector.cpp:689] Core 36: skipped 1024 AICore record slot(s) with start_time=0 (race-window write or recycled-buffer tail). buf seq=0 count=1024
[mono_ns=7176199797510366][T0xea17130b1ca0][WARN] copy_aicore_buffer: [chip_swimlane_collector.cpp:689] Core 14: skipped 1024 AICore record slot(s) with start_time=0 (race-window write or recycled-buffer tail). buf seq=0 count=1024
[mono_ns=7176199797787407][T0xea17157abca0][WARN] copy_aicore_buffer: [chip_swimlane_collector.cpp:689] Core 44: skipped 1024 AICore record slot(s) with start_time=0 (race-window write or recycled-buffer tail). buf seq=0 count=1024
[mono_ns=7176199797820537][T0xea1715fbbca0][WARN] copy_aicore_buffer: [chip_swimlane_collector.cpp:689] Core 37: skipped 1024 AICore record slot(s) with start_time=0 (race-window write or recycled-buffer tail). buf seq=0 count=1024
[mono_ns=7176199797877918][T0xea17130b1ca0][WARN] copy_aicore_buffer: [chip_swimlane_collector.cpp:689] Core 52: skipped 1024 AICore record slot(s) with start_time=0 (race-window write or recycled-buffer tail). buf seq=0 count=1024
[mono_ns=7176199798141759][T0xea1715fbbca0][WARN] copy_aicore_buffer: [chip_swimlane_collector.cpp:689] Core 9: skipped 1024 AICore record slot(s) with start_time=0 (race-window write or recycled-buffer tail). buf seq=0 count=1024
[mono_ns=7176199798201789][T0xea17130b1ca0][WARN] copy_aicore_buffer: [chip_swimlane_collector.cpp:689] Core 53: skipped 1024 AICore record slot(s) with start_time=0 (race-window write or recycled-buffer tail). buf seq=0 count=1024
[mono_ns=7176199798232700][T0xea17157abca0][WARN] copy_aicore_buffer: [chip_swimlane_collector.cpp:689] Core 45: skipped 1024 AICore record slot(s) with start_time=0 (race-window write or recycled-buffer tail). buf seq=0 count=1024
[mono_ns=7176199798454281][T0xea1715fbbca0][WARN] copy_aicore_buffer: [chip_swimlane_collector.cpp:689] Core 42: skipped 1024 AICore record slot(s) with start_time=0 (race-window write or recycled-buffer tail). buf seq=0 count=1024
[mono_ns=7176199798513721][T0xea17130b1ca0][WARN] copy_aicore_buffer: [chip_swimlane_collector.cpp:689] Core 17: skipped 1024 AICore record slot(s) with start_time=0 (race-window write or recycled-buffer tail). buf seq=0 count=1024
[mono_ns=7176199798556121][T0xea17157abca0][WARN] copy_aicore_buffer: [chip_swimlane_collector.cpp:689] Core 13: skipped 1024 AICore record slot(s) with start_time=0 (race-window write or recycled-buffer tail). buf seq=0 count=1024
[mono_ns=7176199798813433][T0xea1715fbbca0][WARN] copy_aicore_buffer: [chip_swimlane_collector.cpp:689] Core 43: skipped 1024 AICore record slot(s) with start_time=0 (race-window write or recycled-buffer tail). buf seq=0 count=1024
[mono_ns=7176199798825613][T0xea17130b1ca0][WARN] copy_aicore_buffer: [chip_swimlane_collector.cpp:689] Core 58: skipped 1024 AICore record slot(s) with start_time=0 (race-window write or recycled-buffer tail). buf seq=0 count=1024
[mono_ns=7176199798878173][T0xea17157abca0][WARN] copy_aicore_buffer: [chip_swimlane_collector.cpp:689] Core 50: skipped 1024 AICore record slot(s) with start_time=0 (race-window write or recycled-buffer tail). buf seq=0 count=1024
[mono_ns=7176199799140855][T0xea1715fbbca0][WARN] copy_aicore_buffer: [chip_swimlane_collector.cpp:689] Core 12: skipped 1024 AICore record slot(s) with start_time=0 (race-window write or recycled-buffer tail). buf seq=0 count=1024
[mono_ns=7176199799159705][T0xea17130b1ca0][WARN] copy_aicore_buffer: [chip_swimlane_collector.cpp:689] Core 59: skipped 1024 AICore record slot(s) with start_time=0 (race-window write or recycled-buffer tail). buf seq=0 count=1024
[mono_ns=7176199799212665][T0xea17157abca0][WARN] copy_aicore_buffer: [chip_swimlane_collector.cpp:689] Core 51: skipped 1024 AICore record slot(s) with start_time=0 (race-window write or recycled-buffer tail). buf seq=0 count=1024
[mono_ns=7176199799462446][T0xea1715fbbca0][WARN] copy_aicore_buffer: [chip_swimlane_collector.cpp:689] Core 48: skipped 1024 AICore record slot(s) with start_time=0 (race-window write or recycled-buffer tail). buf seq=0 count=1024
[mono_ns=7176199799471336][T0xea17130b1ca0][WARN] copy_aicore_buffer: [chip_swimlane_collector.cpp:689] Core 20: skipped 1024 AICore record slot(s) with start_time=0 (race-window write or recycled-buffer tail). buf seq=0 count=1024
[mono_ns=7176199799537597][T0xea17157abca0][WARN] copy_aicore_buffer: [chip_swimlane_collector.cpp:689] Core 16: skipped 1024 AICore record slot(s) with start_time=0 (race-window write or recycled-buffer tail). buf seq=0 count=1024
[mono_ns=7176199799781288][T0xea1715fbbca0][WARN] copy_aicore_buffer: [chip_swimlane_collector.cpp:689] Core 49: skipped 1024 AICore record slot(s) with start_time=0 (race-window write or recycled-buffer tail). buf seq=0 count=1024
[mono_ns=7176199799783448][T0xea17130b1ca0][WARN] copy_aicore_buffer: [chip_swimlane_collector.cpp:689] Core 64: skipped 1024 AICore record slot(s) with start_time=0 (race-window write or recycled-buffer tail). buf seq=0 count=1024
[mono_ns=7176199799862868][T0xea17157abca0][WARN] copy_aicore_buffer: [chip_swimlane_collector.cpp:689] Core 56: skipped 1024 AICore record slot(s) with start_time=0 (race-window write or recycled-buffer tail). buf seq=0 count=1024
[mono_ns=7176199800099980][T0xea1715fbbca0][WARN] copy_aicore_buffer: [chip_swimlane_collector.cpp:689] Core 15: skipped 1024 AICore record slot(s) with start_time=0 (race-window write or recycled-buffer tail). buf seq=0 count=1024
[mono_ns=7176199800102040][T0xea17130b1ca0][WARN] copy_aicore_buffer: [chip_swimlane_collector.cpp:689] Core 65: skipped 1024 AICore record slot(s) with start_time=0 (race-window write or recycled-buffer tail). buf seq=0 count=1024
[mono_ns=7176199800195030][T0xea17157abca0][WARN] copy_aicore_buffer: [chip_swimlane_collector.cpp:689] Core 57: skipped 1024 AICore record slot(s) with start_time=0 (race-window write or recycled-buffer tail). buf seq=0 count=1024
[mono_ns=7176199800415151][T0xea1715fbbca0][WARN] copy_aicore_buffer: [chip_swimlane_collector.cpp:689] Core 54: skipped 1024 AICore record slot(s) with start_time=0 (race-window write or recycled-buffer tail). buf seq=0 count=1024
[mono_ns=7176199800483712][T0xea17130b1ca0][WARN] copy_aicore_buffer: [chip_swimlane_collector.cpp:689] Core 23: skipped 1024 AICore record slot(s) with start_time=0 (race-window write or recycled-buffer tail). buf seq=0 count=1024
[mono_ns=7176199800519552][T0xea17157abca0][WARN] copy_aicore_buffer: [chip_swimlane_collector.cpp:689] Core 19: skipped 1024 AICore record slot(s) with start_time=0 (race-window write or recycled-buffer tail). buf seq=0 count=1024
[mono_ns=7176199800729773][T0xea1715fbbca0][WARN] copy_aicore_buffer: [chip_swimlane_collector.cpp:689] Core 55: skipped 1024 AICore record slot(s) with start_time=0 (race-window write or recycled-buffer tail). buf seq=0 count=1024
[mono_ns=7176199800797424][T0xea17130b1ca0][WARN] copy_aicore_buffer: [chip_swimlane_collector.cpp:689] Core 70: skipped 1024 AICore record slot(s) with start_time=0 (race-window write or recycled-buffer tail). buf seq=0 count=1024
[mono_ns=7176199800844704][T0xea17157abca0][WARN] copy_aicore_buffer: [chip_swimlane_collector.cpp:689] Core 62: skipped 1024 AICore record slot(s) with start_time=0 (race-window write or recycled-buffer tail). buf seq=0 count=1024
[mono_ns=7176199801052025][T0xea1715fbbca0][WARN] copy_aicore_buffer: [chip_swimlane_collector.cpp:689] Core 18: skipped 1024 AICore record slot(s) with start_time=0 (race-window write or recycled-buffer tail). buf seq=0 count=1024
[mono_ns=7176199801118695][T0xea17130b1ca0][WARN] copy_aicore_buffer: [chip_swimlane_collector.cpp:689] Core 71: skipped 1024 AICore record slot(s) with start_time=0 (race-window write or recycled-buffer tail). buf seq=0 count=1024
[mono_ns=7176199801183726][T0xea17157abca0][WARN] copy_aicore_buffer: [chip_swimlane_collector.cpp:689] Core 63: skipped 1024 AICore record slot(s) with start_time=0 (race-window write or recycled-buffer tail). buf seq=0 count=1024
[mono_ns=7176199801378147][T0xea1715fbbca0][WARN] copy_aicore_buffer: [chip_swimlane_collector.cpp:689] Core 60: skipped 1024 AICore record slot(s) with start_time=0 (race-window write or recycled-buffer tail). buf seq=0 count=1024
[mono_ns=7176199801509987][T0xea17157abca0][WARN] copy_aicore_buffer: [chip_swimlane_collector.cpp:689] Core 22: skipped 1024 AICore record slot(s) with start_time=0 (race-window write or recycled-buffer tail). buf seq=0 count=1024
[mono_ns=7176199801692508][T0xea1715fbbca0][WARN] copy_aicore_buffer: [chip_swimlane_collector.cpp:689] Core 61: skipped 1024 AICore record slot(s) with start_time=0 (race-window write or recycled-buffer tail). buf seq=0 count=1024
[mono_ns=7176199801834509][T0xea17157abca0][WARN] copy_aicore_buffer: [chip_swimlane_collector.cpp:689] Core 68: skipped 1024 AICore record slot(s) with start_time=0 (race-window write or recycled-buffer tail). buf seq=0 count=1024
[mono_ns=7176199802012820][T0xea1715fbbca0][WARN] copy_aicore_buffer: [chip_swimlane_collector.cpp:689] Core 21: skipped 1024 AICore record slot(s) with start_time=0 (race-window write or recycled-buffer tail). buf seq=0 count=1024
[mono_ns=7176199802166761][T0xea17157abca0][WARN] copy_aicore_buffer: [chip_swimlane_collector.cpp:689] Core 69: skipped 1024 AICore record slot(s) with start_time=0 (race-window write or recycled-buffer tail). buf seq=0 count=1024
[mono_ns=7176199802353622][T0xea1715fbbca0][WARN] copy_aicore_buffer: [chip_swimlane_collector.cpp:689] Core 66: skipped 1024 AICore record slot(s) with start_time=0 (race-window write or recycled-buffer tail). buf seq=0 count=1024
[mono_ns=7176199802668374][T0xea1715fbbca0][WARN] copy_aicore_buffer: [chip_swimlane_collector.cpp:689] Core 67: skipped 1024 AICore record slot(s) with start_time=0 (race-window write or recycled-buffer tail). buf seq=0 count=1024
[mono_ns=7176199903326121][T0xea18656bb020][TIMING] emit_host_span: [STRACE] v=1 pid=4170618 tid=4170618 inv=22 hid=f919d62dacb758e0 depth=1 name=chip.run.runner_run ts=7176199792416728 dur=110900853 
[mono_ns=7176199903428442][T0xea18656bb020][TIMING] emit_host_span: [STRACE] v=1 pid=4170618 tid=4170618 inv=22 hid=f919d62dacb758e0 depth=1 name=chip.run.validate ts=7176199903338521 dur=85971 
[mono_ns=7176199903434122][T0xea18656bb020][TIMING] emit_host_span: [STRACE] v=1 pid=4170618 tid=4170618 inv=22 hid=f919d62dacb758e0 depth=2 name=chip.run.runner_run.device_wall ts=0 dur=764939 clk=dev
[mono_ns=7176199903439092][T0xea18656bb020][TIMING] emit_host_span: [STRACE] v=1 pid=4170618 tid=4170618 inv=22 hid=f919d62dacb758e0 depth=3 name=chip.run.runner_run.device_wall.preamble ts=0 dur=613819 clk=dev
[mono_ns=7176199903442642][T0xea18656bb020][TIMING] emit_host_span: [STRACE] v=1 pid=4170618 tid=4170618 inv=22 hid=f919d62dacb758e0 depth=3 name=chip.run.runner_run.device_wall.graph_build ts=609760 dur=144060 clk=dev
[mono_ns=7176199903452952][T0xea18656bb020][TIMING] emit_host_span: [STRACE] v=1 pid=4170618 tid=4170618 inv=22 hid=f919d62dacb758e0 depth=3 name=chip.run.runner_run.device_wall.config_validate ts=609880 dur=720 clk=dev
[mono_ns=7176199903456052][T0xea18656bb020][TIMING] emit_host_span: [STRACE] v=1 pid=4170618 tid=4170618 inv=22 hid=f919d62dacb758e0 depth=3 name=chip.run.runner_run.device_wall.arena_wire ts=610640 dur=280 clk=dev
[mono_ns=7176199903459412][T0xea18656bb020][TIMING] emit_host_span: [STRACE] v=1 pid=4170618 tid=4170618 inv=22 hid=f919d62dacb758e0 depth=3 name=chip.run.runner_run.device_wall.sm_reset ts=610940 dur=780 clk=dev
[mono_ns=7176199903462662][T0xea18656bb020][TIMING] emit_host_span: [STRACE] v=1 pid=4170618 tid=4170618 inv=22 hid=f919d62dacb758e0 depth=3 name=chip.run.runner_run.device_wall.post_orch ts=753880 dur=10960 clk=dev
[mono_ns=7176199903465872][T0xea18656bb020][TIMING] emit_host_span: [STRACE] v=1 pid=4170618 tid=4170618 inv=22 hid=f919d62dacb758e0 depth=3 name=chip.run.runner_run.device_wall.orch ts=611780 dur=3180 clk=dev
[mono_ns=7176199903469162][T0xea18656bb020][TIMING] emit_host_span: [STRACE] v=1 pid=4170618 tid=4170618 inv=22 hid=f919d62dacb758e0 depth=3 name=chip.run.runner_run.device_wall.sched ts=614020 dur=122779 clk=dev
[mono_ns=7176199903474342][T0xea18656bb020][TIMING] emit_host_span: [STRACE] v=1 pid=4170618 tid=4170618 inv=22 hid=f919d62dacb758e0 depth=1 name=chip.run.claim_release ts=7176199903472072 dur=440 
[mono_ns=7176199903478942][T0xea18656bb020][TIMING] emit_host_span: [STRACE] v=1 pid=4170618 tid=4170618 inv=22 hid=f919d62dacb758e0 depth=0 name=chip.run ts=7176199791741164 dur=111735778 run_id=22 dispatch_id=22 slot_id=0 generation=22 run_epoch=22
