[mono_ns=7178723226376104][T0xfd132294b020][TIMING] emit_host_span: [STRACE] v=1 pid=327594 tid=327594 inv=1 hid=d981d29f0dfe9ced depth=2 name=chip.run.bind.args ts=7178723226245583 dur=122831 
[mono_ns=7178723226397424][T0xfd132294b020][TIMING] emit_host_span: [STRACE] v=1 pid=327594 tid=327594 inv=1 hid=d981d29f0dfe9ced depth=2 name=chip.run.bind.prebuilt ts=7178723226390424 dur=3310 
[mono_ns=7178723226403244][T0xfd132294b020][TIMING] emit_host_span: [STRACE] v=1 pid=327594 tid=327594 inv=1 hid=d981d29f0dfe9ced depth=1 name=chip.run.bind ts=7178723225784920 dur=615664 
[mono_ns=7178723342240757][T0xfd132294b020][TIMING] emit_host_span: [STRACE] v=1 pid=327594 tid=327594 inv=1 hid=d981d29f0dfe9ced depth=1 name=chip.run.runner_run ts=7178723227357291 dur=114871446 
[mono_ns=7178723342382078][T0xfd132294b020][TIMING] emit_host_span: [STRACE] v=1 pid=327594 tid=327594 inv=1 hid=d981d29f0dfe9ced depth=1 name=chip.run.validate ts=7178723342251897 dur=125311 
[mono_ns=7178723342389938][T0xfd132294b020][TIMING] emit_host_span: [STRACE] v=1 pid=327594 tid=327594 inv=1 hid=d981d29f0dfe9ced depth=2 name=chip.run.runner_run.device_wall ts=0 dur=1448500 clk=dev
[mono_ns=7178723342394428][T0xfd132294b020][TIMING] emit_host_span: [STRACE] v=1 pid=327594 tid=327594 inv=1 hid=d981d29f0dfe9ced depth=3 name=chip.run.runner_run.device_wall.preamble ts=0 dur=182859 clk=dev
[mono_ns=7178723342398418][T0xfd132294b020][TIMING] emit_host_span: [STRACE] v=1 pid=327594 tid=327594 inv=1 hid=d981d29f0dfe9ced depth=3 name=chip.run.runner_run.device_wall.graph_build ts=38820 dur=1391139 clk=dev
[mono_ns=7178723342401988][T0xfd132294b020][TIMING] emit_host_span: [STRACE] v=1 pid=327594 tid=327594 inv=1 hid=d981d29f0dfe9ced depth=3 name=chip.run.runner_run.device_wall.config_validate ts=42100 dur=3320 clk=dev
[mono_ns=7178723342406158][T0xfd132294b020][TIMING] emit_host_span: [STRACE] v=1 pid=327594 tid=327594 inv=1 hid=d981d29f0dfe9ced depth=3 name=chip.run.runner_run.device_wall.arena_wire ts=45460 dur=21200 clk=dev
[mono_ns=7178723342409258][T0xfd132294b020][TIMING] emit_host_span: [STRACE] v=1 pid=327594 tid=327594 inv=1 hid=d981d29f0dfe9ced depth=3 name=chip.run.runner_run.device_wall.sm_reset ts=66840 dur=19340 clk=dev
[mono_ns=7178723342413398][T0xfd132294b020][TIMING] emit_host_span: [STRACE] v=1 pid=327594 tid=327594 inv=1 hid=d981d29f0dfe9ced depth=3 name=chip.run.runner_run.device_wall.post_orch ts=1430020 dur=15240 clk=dev
[mono_ns=7178723342416399][T0xfd132294b020][TIMING] emit_host_span: [STRACE] v=1 pid=327594 tid=327594 inv=1 hid=d981d29f0dfe9ced depth=3 name=chip.run.runner_run.device_wall.orch ts=91180 dur=41199 clk=dev
[mono_ns=7178723342419489][T0xfd132294b020][TIMING] emit_host_span: [STRACE] v=1 pid=327594 tid=327594 inv=1 hid=d981d29f0dfe9ced depth=3 name=chip.run.runner_run.device_wall.sched ts=184859 dur=1222220 clk=dev
[mono_ns=7178723342424269][T0xfd132294b020][TIMING] emit_host_span: [STRACE] v=1 pid=327594 tid=327594 inv=1 hid=d981d29f0dfe9ced depth=1 name=chip.run.claim_release ts=7178723342422039 dur=520 
[mono_ns=7178723342430889][T0xfd132294b020][TIMING] emit_host_span: [STRACE] v=1 pid=327594 tid=327594 inv=1 hid=d981d29f0dfe9ced depth=0 name=chip.run ts=7178723225745400 dur=116683479 run_id=1 dispatch_id=1 slot_id=0 generation=1 run_epoch=1
[mono_ns=7178723349127266][T0xfd132294b020][TIMING] emit_host_span: [STRACE] v=1 pid=327594 tid=327594 inv=2 hid=d981d29f0dfe9ced depth=2 name=chip.run.bind.args ts=7178723348964175 dur=157201 
[mono_ns=7178723349142246][T0xfd132294b020][TIMING] emit_host_span: [STRACE] v=1 pid=327594 tid=327594 inv=2 hid=d981d29f0dfe9ced depth=2 name=chip.run.bind.prebuilt ts=7178723349136706 dur=2840 
[mono_ns=7178723349146666][T0xfd132294b020][TIMING] emit_host_span: [STRACE] v=1 pid=327594 tid=327594 inv=2 hid=d981d29f0dfe9ced depth=1 name=chip.run.bind ts=7178723348956555 dur=187941 
[mono_ns=7178723409269133][T0xfd11cacf8ca0][WARN] copy_aicore_buffer: [chip_swimlane_collector.cpp:689] Core 0: skipped 1024 AICore record slot(s) with start_time=0 (race-window write or recycled-buffer tail). buf seq=0 count=1024
[mono_ns=7178723409315814][T0xfd11c7deeca0][WARN] copy_aicore_buffer: [chip_swimlane_collector.cpp:689] Core 2: skipped 1024 AICore record slot(s) with start_time=0 (race-window write or recycled-buffer tail). buf seq=0 count=1024
[mono_ns=7178723409581446][T0xfd11ca4e8ca0][WARN] copy_aicore_buffer: [chip_swimlane_collector.cpp:689] Core 1: skipped 1024 AICore record slot(s) with start_time=0 (race-window write or recycled-buffer tail). buf seq=0 count=1024
[mono_ns=7178723409597886][T0xfd11cacf8ca0][WARN] copy_aicore_buffer: [chip_swimlane_collector.cpp:689] Core 24: skipped 1024 AICore record slot(s) with start_time=0 (race-window write or recycled-buffer tail). buf seq=0 count=1024
[mono_ns=7178723409638096][T0xfd11c7deeca0][WARN] copy_aicore_buffer: [chip_swimlane_collector.cpp:689] Core 28: skipped 1023 AICore record slot(s) with start_time=0 (race-window write or recycled-buffer tail). buf seq=0 count=1024
[mono_ns=7178723409911098][T0xfd11ca4e8ca0][WARN] copy_aicore_buffer: [chip_swimlane_collector.cpp:689] Core 26: skipped 1022 AICore record slot(s) with start_time=0 (race-window write or recycled-buffer tail). buf seq=0 count=1024
[mono_ns=7178723409913838][T0xfd11cacf8ca0][WARN] copy_aicore_buffer: [chip_swimlane_collector.cpp:689] Core 25: skipped 1024 AICore record slot(s) with start_time=0 (race-window write or recycled-buffer tail). buf seq=0 count=1024
[mono_ns=7178723409955238][T0xfd11c7deeca0][WARN] copy_aicore_buffer: [chip_swimlane_collector.cpp:689] Core 29: skipped 1024 AICore record slot(s) with start_time=0 (race-window write or recycled-buffer tail). buf seq=0 count=1024
[mono_ns=7178723410239630][T0xfd11ca4e8ca0][WARN] copy_aicore_buffer: [chip_swimlane_collector.cpp:689] Core 27: skipped 1024 AICore record slot(s) with start_time=0 (race-window write or recycled-buffer tail). buf seq=0 count=1024
[mono_ns=7178723410277071][T0xfd11c7deeca0][WARN] copy_aicore_buffer: [chip_swimlane_collector.cpp:689] Core 5: skipped 1024 AICore record slot(s) with start_time=0 (race-window write or recycled-buffer tail). buf seq=0 count=1024
[mono_ns=7178723410409982][T0xfd11cacf8ca0][WARN] copy_aicore_buffer: [chip_swimlane_collector.cpp:689] Core 3: skipped 1024 AICore record slot(s) with start_time=0 (race-window write or recycled-buffer tail). buf seq=0 count=1024
[mono_ns=7178723410553583][T0xfd11ca4e8ca0][WARN] copy_aicore_buffer: [chip_swimlane_collector.cpp:689] Core 4: skipped 1024 AICore record slot(s) with start_time=0 (race-window write or recycled-buffer tail). buf seq=0 count=1024
[mono_ns=7178723410616383][T0xfd11c7deeca0][WARN] copy_aicore_buffer: [chip_swimlane_collector.cpp:689] Core 34: skipped 1024 AICore record slot(s) with start_time=0 (race-window write or recycled-buffer tail). buf seq=0 count=1024
[mono_ns=7178723410743854][T0xfd11cacf8ca0][WARN] copy_aicore_buffer: [chip_swimlane_collector.cpp:689] Core 30: skipped 1024 AICore record slot(s) with start_time=0 (race-window write or recycled-buffer tail). buf seq=0 count=1024
[mono_ns=7178723410880185][T0xfd11ca4e8ca0][WARN] copy_aicore_buffer: [chip_swimlane_collector.cpp:689] Core 32: skipped 1024 AICore record slot(s) with start_time=0 (race-window write or recycled-buffer tail). buf seq=0 count=1024
[mono_ns=7178723410945935][T0xfd11c7deeca0][WARN] copy_aicore_buffer: [chip_swimlane_collector.cpp:689] Core 35: skipped 1024 AICore record slot(s) with start_time=0 (race-window write or recycled-buffer tail). buf seq=0 count=1024
[mono_ns=7178723411085546][T0xfd11cacf8ca0][WARN] copy_aicore_buffer: [chip_swimlane_collector.cpp:689] Core 31: skipped 1024 AICore record slot(s) with start_time=0 (race-window write or recycled-buffer tail). buf seq=0 count=1024
[mono_ns=7178723411210847][T0xfd11ca4e8ca0][WARN] copy_aicore_buffer: [chip_swimlane_collector.cpp:689] Core 33: skipped 1024 AICore record slot(s) with start_time=0 (race-window write or recycled-buffer tail). buf seq=0 count=1024
[mono_ns=7178723411286378][T0xfd11c7deeca0][WARN] copy_aicore_buffer: [chip_swimlane_collector.cpp:689] Core 8: skipped 1024 AICore record slot(s) with start_time=0 (race-window write or recycled-buffer tail). buf seq=0 count=1024
[mono_ns=7178723411415029][T0xfd11cacf8ca0][WARN] copy_aicore_buffer: [chip_swimlane_collector.cpp:689] Core 6: skipped 1024 AICore record slot(s) with start_time=0 (race-window write or recycled-buffer tail). buf seq=0 count=1024
[mono_ns=7178723411535829][T0xfd11ca4e8ca0][WARN] copy_aicore_buffer: [chip_swimlane_collector.cpp:689] Core 7: skipped 1024 AICore record slot(s) with start_time=0 (race-window write or recycled-buffer tail). buf seq=0 count=1024
[mono_ns=7178723411618740][T0xfd11c7deeca0][WARN] copy_aicore_buffer: [chip_swimlane_collector.cpp:689] Core 40: skipped 1024 AICore record slot(s) with start_time=0 (race-window write or recycled-buffer tail). buf seq=0 count=1024
[mono_ns=7178723411743171][T0xfd11cacf8ca0][WARN] copy_aicore_buffer: [chip_swimlane_collector.cpp:689] Core 36: skipped 1024 AICore record slot(s) with start_time=0 (race-window write or recycled-buffer tail). buf seq=0 count=1024
[mono_ns=7178723411858362][T0xfd11ca4e8ca0][WARN] copy_aicore_buffer: [chip_swimlane_collector.cpp:689] Core 38: skipped 1024 AICore record slot(s) with start_time=0 (race-window write or recycled-buffer tail). buf seq=0 count=1024
[mono_ns=7178723411947152][T0xfd11c7deeca0][WARN] copy_aicore_buffer: [chip_swimlane_collector.cpp:689] Core 41: skipped 1024 AICore record slot(s) with start_time=0 (race-window write or recycled-buffer tail). buf seq=0 count=1024
[mono_ns=7178723412080353][T0xfd11cacf8ca0][WARN] copy_aicore_buffer: [chip_swimlane_collector.cpp:689] Core 37: skipped 1024 AICore record slot(s) with start_time=0 (race-window write or recycled-buffer tail). buf seq=0 count=1024
[mono_ns=7178723412195954][T0xfd11ca4e8ca0][WARN] copy_aicore_buffer: [chip_swimlane_collector.cpp:689] Core 39: skipped 1024 AICore record slot(s) with start_time=0 (race-window write or recycled-buffer tail). buf seq=0 count=1024
[mono_ns=7178723412283135][T0xfd11c7deeca0][WARN] copy_aicore_buffer: [chip_swimlane_collector.cpp:689] Core 11: skipped 1024 AICore record slot(s) with start_time=0 (race-window write or recycled-buffer tail). buf seq=0 count=1024
[mono_ns=7178723412407616][T0xfd11cacf8ca0][WARN] copy_aicore_buffer: [chip_swimlane_collector.cpp:689] Core 9: skipped 1024 AICore record slot(s) with start_time=0 (race-window write or recycled-buffer tail). buf seq=0 count=1024
[mono_ns=7178723412526327][T0xfd11ca4e8ca0][WARN] copy_aicore_buffer: [chip_swimlane_collector.cpp:689] Core 10: skipped 1024 AICore record slot(s) with start_time=0 (race-window write or recycled-buffer tail). buf seq=0 count=1024
[mono_ns=7178723412607557][T0xfd11c7deeca0][WARN] copy_aicore_buffer: [chip_swimlane_collector.cpp:689] Core 46: skipped 1024 AICore record slot(s) with start_time=0 (race-window write or recycled-buffer tail). buf seq=0 count=1024
[mono_ns=7178723412742478][T0xfd11cacf8ca0][WARN] copy_aicore_buffer: [chip_swimlane_collector.cpp:689] Core 42: skipped 1024 AICore record slot(s) with start_time=0 (race-window write or recycled-buffer tail). buf seq=0 count=1024
[mono_ns=7178723412847709][T0xfd11ca4e8ca0][WARN] copy_aicore_buffer: [chip_swimlane_collector.cpp:689] Core 44: skipped 1024 AICore record slot(s) with start_time=0 (race-window write or recycled-buffer tail). buf seq=0 count=1024
[mono_ns=7178723412931899][T0xfd11c7deeca0][WARN] copy_aicore_buffer: [chip_swimlane_collector.cpp:689] Core 47: skipped 1024 AICore record slot(s) with start_time=0 (race-window write or recycled-buffer tail). buf seq=0 count=1024
[mono_ns=7178723413074980][T0xfd11cacf8ca0][WARN] copy_aicore_buffer: [chip_swimlane_collector.cpp:689] Core 43: skipped 1024 AICore record slot(s) with start_time=0 (race-window write or recycled-buffer tail). buf seq=0 count=1024
[mono_ns=7178723413178011][T0xfd11ca4e8ca0][WARN] copy_aicore_buffer: [chip_swimlane_collector.cpp:689] Core 45: skipped 1024 AICore record slot(s) with start_time=0 (race-window write or recycled-buffer tail). buf seq=0 count=1024
[mono_ns=7178723413260282][T0xfd11c7deeca0][WARN] copy_aicore_buffer: [chip_swimlane_collector.cpp:689] Core 14: skipped 1024 AICore record slot(s) with start_time=0 (race-window write or recycled-buffer tail). buf seq=0 count=1024
[mono_ns=7178723413402143][T0xfd11cacf8ca0][WARN] copy_aicore_buffer: [chip_swimlane_collector.cpp:689] Core 12: skipped 1024 AICore record slot(s) with start_time=0 (race-window write or recycled-buffer tail). buf seq=0 count=1024
[mono_ns=7178723413499183][T0xfd11ca4e8ca0][WARN] copy_aicore_buffer: [chip_swimlane_collector.cpp:689] Core 13: skipped 1024 AICore record slot(s) with start_time=0 (race-window write or recycled-buffer tail). buf seq=0 count=1024
[mono_ns=7178723413587754][T0xfd11c7deeca0][WARN] copy_aicore_buffer: [chip_swimlane_collector.cpp:689] Core 52: skipped 1024 AICore record slot(s) with start_time=0 (race-window write or recycled-buffer tail). buf seq=0 count=1024
[mono_ns=7178723413730705][T0xfd11cacf8ca0][WARN] copy_aicore_buffer: [chip_swimlane_collector.cpp:689] Core 48: skipped 1024 AICore record slot(s) with start_time=0 (race-window write or recycled-buffer tail). buf seq=0 count=1024
[mono_ns=7178723413818856][T0xfd11ca4e8ca0][WARN] copy_aicore_buffer: [chip_swimlane_collector.cpp:689] Core 50: skipped 1024 AICore record slot(s) with start_time=0 (race-window write or recycled-buffer tail). buf seq=0 count=1024
[mono_ns=7178723413909786][T0xfd11c7deeca0][WARN] copy_aicore_buffer: [chip_swimlane_collector.cpp:689] Core 53: skipped 1024 AICore record slot(s) with start_time=0 (race-window write or recycled-buffer tail). buf seq=0 count=1024
[mono_ns=7178723414074138][T0xfd11cacf8ca0][WARN] copy_aicore_buffer: [chip_swimlane_collector.cpp:689] Core 49: skipped 1024 AICore record slot(s) with start_time=0 (race-window write or recycled-buffer tail). buf seq=0 count=1024
[mono_ns=7178723414155868][T0xfd11ca4e8ca0][WARN] copy_aicore_buffer: [chip_swimlane_collector.cpp:689] Core 51: skipped 1024 AICore record slot(s) with start_time=0 (race-window write or recycled-buffer tail). buf seq=0 count=1024
[mono_ns=7178723414246979][T0xfd11c7deeca0][WARN] copy_aicore_buffer: [chip_swimlane_collector.cpp:689] Core 17: skipped 1024 AICore record slot(s) with start_time=0 (race-window write or recycled-buffer tail). buf seq=0 count=1024
[mono_ns=7178723414405260][T0xfd11cacf8ca0][WARN] copy_aicore_buffer: [chip_swimlane_collector.cpp:689] Core 15: skipped 1024 AICore record slot(s) with start_time=0 (race-window write or recycled-buffer tail). buf seq=0 count=1024
[mono_ns=7178723414486080][T0xfd11ca4e8ca0][WARN] copy_aicore_buffer: [chip_swimlane_collector.cpp:689] Core 16: skipped 1024 AICore record slot(s) with start_time=0 (race-window write or recycled-buffer tail). buf seq=0 count=1024
[mono_ns=7178723414572571][T0xfd11c7deeca0][WARN] copy_aicore_buffer: [chip_swimlane_collector.cpp:689] Core 58: skipped 1024 AICore record slot(s) with start_time=0 (race-window write or recycled-buffer tail). buf seq=0 count=1024
[mono_ns=7178723414732842][T0xfd11cacf8ca0][WARN] copy_aicore_buffer: [chip_swimlane_collector.cpp:689] Core 54: skipped 1024 AICore record slot(s) with start_time=0 (race-window write or recycled-buffer tail). buf seq=0 count=1024
[mono_ns=7178723414811213][T0xfd11ca4e8ca0][WARN] copy_aicore_buffer: [chip_swimlane_collector.cpp:689] Core 56: skipped 1024 AICore record slot(s) with start_time=0 (race-window write or recycled-buffer tail). buf seq=0 count=1024
[mono_ns=7178723414897523][T0xfd11c7deeca0][WARN] copy_aicore_buffer: [chip_swimlane_collector.cpp:689] Core 59: skipped 1024 AICore record slot(s) with start_time=0 (race-window write or recycled-buffer tail). buf seq=0 count=1024
[mono_ns=7178723415067545][T0xfd11cacf8ca0][WARN] copy_aicore_buffer: [chip_swimlane_collector.cpp:689] Core 55: skipped 1024 AICore record slot(s) with start_time=0 (race-window write or recycled-buffer tail). buf seq=0 count=1024
[mono_ns=7178723415143255][T0xfd11ca4e8ca0][WARN] copy_aicore_buffer: [chip_swimlane_collector.cpp:689] Core 57: skipped 1024 AICore record slot(s) with start_time=0 (race-window write or recycled-buffer tail). buf seq=0 count=1024
[mono_ns=7178723415227486][T0xfd11c7deeca0][WARN] copy_aicore_buffer: [chip_swimlane_collector.cpp:689] Core 20: skipped 1024 AICore record slot(s) with start_time=0 (race-window write or recycled-buffer tail). buf seq=0 count=1024
[mono_ns=7178723415394397][T0xfd11cacf8ca0][WARN] copy_aicore_buffer: [chip_swimlane_collector.cpp:689] Core 18: skipped 1024 AICore record slot(s) with start_time=0 (race-window write or recycled-buffer tail). buf seq=0 count=1024
[mono_ns=7178723415468177][T0xfd11ca4e8ca0][WARN] copy_aicore_buffer: [chip_swimlane_collector.cpp:689] Core 19: skipped 1024 AICore record slot(s) with start_time=0 (race-window write or recycled-buffer tail). buf seq=0 count=1024
[mono_ns=7178723415552488][T0xfd11c7deeca0][WARN] copy_aicore_buffer: [chip_swimlane_collector.cpp:689] Core 64: skipped 1024 AICore record slot(s) with start_time=0 (race-window write or recycled-buffer tail). buf seq=0 count=1024
[mono_ns=7178723415721399][T0xfd11cacf8ca0][WARN] copy_aicore_buffer: [chip_swimlane_collector.cpp:689] Core 60: skipped 1024 AICore record slot(s) with start_time=0 (race-window write or recycled-buffer tail). buf seq=0 count=1024
[mono_ns=7178723415793540][T0xfd11ca4e8ca0][WARN] copy_aicore_buffer: [chip_swimlane_collector.cpp:689] Core 62: skipped 1024 AICore record slot(s) with start_time=0 (race-window write or recycled-buffer tail). buf seq=0 count=1024
[mono_ns=7178723415883220][T0xfd11c7deeca0][WARN] copy_aicore_buffer: [chip_swimlane_collector.cpp:689] Core 65: skipped 1024 AICore record slot(s) with start_time=0 (race-window write or recycled-buffer tail). buf seq=0 count=1024
[mono_ns=7178723416059402][T0xfd11cacf8ca0][WARN] copy_aicore_buffer: [chip_swimlane_collector.cpp:689] Core 61: skipped 1024 AICore record slot(s) with start_time=0 (race-window write or recycled-buffer tail). buf seq=0 count=1024
[mono_ns=7178723416124962][T0xfd11ca4e8ca0][WARN] copy_aicore_buffer: [chip_swimlane_collector.cpp:689] Core 63: skipped 1024 AICore record slot(s) with start_time=0 (race-window write or recycled-buffer tail). buf seq=0 count=1024
[mono_ns=7178723416214583][T0xfd11c7deeca0][WARN] copy_aicore_buffer: [chip_swimlane_collector.cpp:689] Core 23: skipped 1024 AICore record slot(s) with start_time=0 (race-window write or recycled-buffer tail). buf seq=0 count=1024
[mono_ns=7178723416387264][T0xfd11cacf8ca0][WARN] copy_aicore_buffer: [chip_swimlane_collector.cpp:689] Core 21: skipped 1024 AICore record slot(s) with start_time=0 (race-window write or recycled-buffer tail). buf seq=0 count=1024
[mono_ns=7178723416449064][T0xfd11ca4e8ca0][WARN] copy_aicore_buffer: [chip_swimlane_collector.cpp:689] Core 22: skipped 1024 AICore record slot(s) with start_time=0 (race-window write or recycled-buffer tail). buf seq=0 count=1024
[mono_ns=7178723416535955][T0xfd11c7deeca0][WARN] copy_aicore_buffer: [chip_swimlane_collector.cpp:689] Core 70: skipped 1024 AICore record slot(s) with start_time=0 (race-window write or recycled-buffer tail). buf seq=0 count=1024
[mono_ns=7178723416714986][T0xfd11cacf8ca0][WARN] copy_aicore_buffer: [chip_swimlane_collector.cpp:689] Core 66: skipped 1024 AICore record slot(s) with start_time=0 (race-window write or recycled-buffer tail). buf seq=0 count=1024
[mono_ns=7178723416776497][T0xfd11ca4e8ca0][WARN] copy_aicore_buffer: [chip_swimlane_collector.cpp:689] Core 68: skipped 1024 AICore record slot(s) with start_time=0 (race-window write or recycled-buffer tail). buf seq=0 count=1024
[mono_ns=7178723416858167][T0xfd11c7deeca0][WARN] copy_aicore_buffer: [chip_swimlane_collector.cpp:689] Core 71: skipped 1024 AICore record slot(s) with start_time=0 (race-window write or recycled-buffer tail). buf seq=0 count=1024
[mono_ns=7178723417049529][T0xfd11cacf8ca0][WARN] copy_aicore_buffer: [chip_swimlane_collector.cpp:689] Core 67: skipped 1024 AICore record slot(s) with start_time=0 (race-window write or recycled-buffer tail). buf seq=0 count=1024
[mono_ns=7178723417109899][T0xfd11ca4e8ca0][WARN] copy_aicore_buffer: [chip_swimlane_collector.cpp:689] Core 69: skipped 1024 AICore record slot(s) with start_time=0 (race-window write or recycled-buffer tail). buf seq=0 count=1024
[mono_ns=7178723518961443][T0xfd132294b020][TIMING] emit_host_span: [STRACE] v=1 pid=327594 tid=327594 inv=2 hid=d981d29f0dfe9ced depth=1 name=chip.run.runner_run ts=7178723405407066 dur=113546057 
[mono_ns=7178723519103384][T0xfd132294b020][TIMING] emit_host_span: [STRACE] v=1 pid=327594 tid=327594 inv=2 hid=d981d29f0dfe9ced depth=1 name=chip.run.validate ts=7178723518974653 dur=124921 
[mono_ns=7178723519115584][T0xfd132294b020][TIMING] emit_host_span: [STRACE] v=1 pid=327594 tid=327594 inv=2 hid=d981d29f0dfe9ced depth=2 name=chip.run.runner_run.device_wall ts=0 dur=1724180 clk=dev
[mono_ns=7178723519120004][T0xfd132294b020][TIMING] emit_host_span: [STRACE] v=1 pid=327594 tid=327594 inv=2 hid=d981d29f0dfe9ced depth=3 name=chip.run.runner_run.device_wall.preamble ts=0 dur=137300 clk=dev
[mono_ns=7178723519124124][T0xfd132294b020][TIMING] emit_host_span: [STRACE] v=1 pid=327594 tid=327594 inv=2 hid=d981d29f0dfe9ced depth=3 name=chip.run.runner_run.device_wall.graph_build ts=132960 dur=1582060 clk=dev
[mono_ns=7178723519127974][T0xfd132294b020][TIMING] emit_host_span: [STRACE] v=1 pid=327594 tid=327594 inv=2 hid=d981d29f0dfe9ced depth=3 name=chip.run.runner_run.device_wall.config_validate ts=133140 dur=840 clk=dev
[mono_ns=7178723519131664][T0xfd132294b020][TIMING] emit_host_span: [STRACE] v=1 pid=327594 tid=327594 inv=2 hid=d981d29f0dfe9ced depth=3 name=chip.run.runner_run.device_wall.arena_wire ts=134000 dur=780 clk=dev
[mono_ns=7178723519135124][T0xfd132294b020][TIMING] emit_host_span: [STRACE] v=1 pid=327594 tid=327594 inv=2 hid=d981d29f0dfe9ced depth=3 name=chip.run.runner_run.device_wall.sm_reset ts=134840 dur=780 clk=dev
[mono_ns=7178723519138594][T0xfd132294b020][TIMING] emit_host_span: [STRACE] v=1 pid=327594 tid=327594 inv=2 hid=d981d29f0dfe9ced depth=3 name=chip.run.runner_run.device_wall.post_orch ts=1715080 dur=8960 clk=dev
[mono_ns=7178723519142074][T0xfd132294b020][TIMING] emit_host_span: [STRACE] v=1 pid=327594 tid=327594 inv=2 hid=d981d29f0dfe9ced depth=3 name=chip.run.runner_run.device_wall.orch ts=135700 dur=4979 clk=dev
[mono_ns=7178723519146084][T0xfd132294b020][TIMING] emit_host_span: [STRACE] v=1 pid=327594 tid=327594 inv=2 hid=d981d29f0dfe9ced depth=3 name=chip.run.runner_run.device_wall.sched ts=137400 dur=1550699 clk=dev
[mono_ns=7178723519150834][T0xfd132294b020][TIMING] emit_host_span: [STRACE] v=1 pid=327594 tid=327594 inv=2 hid=d981d29f0dfe9ced depth=1 name=chip.run.claim_release ts=7178723519148604 dur=450 
[mono_ns=7178723519155304][T0xfd132294b020][TIMING] emit_host_span: [STRACE] v=1 pid=327594 tid=327594 inv=2 hid=d981d29f0dfe9ced depth=0 name=chip.run ts=7178723348925025 dur=170228319 run_id=2 dispatch_id=2 slot_id=0 generation=2 run_epoch=2
[mono_ns=7178725926934084][T0xfd132294b020][TIMING] emit_host_span: [STRACE] v=1 pid=327594 tid=327594 inv=3 hid=d981d29f0dfe9ced depth=2 name=chip.run.bind.args ts=7178725926750102 dur=176952 
[mono_ns=7178725926960114][T0xfd132294b020][TIMING] emit_host_span: [STRACE] v=1 pid=327594 tid=327594 inv=3 hid=d981d29f0dfe9ced depth=2 name=chip.run.bind.prebuilt ts=7178725926952224 dur=5240 
[mono_ns=7178725926965094][T0xfd132294b020][TIMING] emit_host_span: [STRACE] v=1 pid=327594 tid=327594 inv=3 hid=d981d29f0dfe9ced depth=1 name=chip.run.bind ts=7178725926737502 dur=225202 
[mono_ns=7178726035830647][T0xfd132294b020][TIMING] emit_host_span: [STRACE] v=1 pid=327594 tid=327594 inv=3 hid=d981d29f0dfe9ced depth=1 name=chip.run.runner_run ts=7178725927386097 dur=108432550 
[mono_ns=7178726035946768][T0xfd132294b020][TIMING] emit_host_span: [STRACE] v=1 pid=327594 tid=327594 inv=3 hid=d981d29f0dfe9ced depth=1 name=chip.run.validate ts=7178726035841887 dur=100291 
[mono_ns=7178726035954618][T0xfd132294b020][TIMING] emit_host_span: [STRACE] v=1 pid=327594 tid=327594 inv=3 hid=d981d29f0dfe9ced depth=2 name=chip.run.runner_run.device_wall ts=0 dur=5886480 clk=dev
[mono_ns=7178726035959098][T0xfd132294b020][TIMING] emit_host_span: [STRACE] v=1 pid=327594 tid=327594 inv=3 hid=d981d29f0dfe9ced depth=3 name=chip.run.runner_run.device_wall.preamble ts=0 dur=5800 clk=dev
[mono_ns=7178726035963158][T0xfd132294b020][TIMING] emit_host_span: [STRACE] v=1 pid=327594 tid=327594 inv=3 hid=d981d29f0dfe9ced depth=3 name=chip.run.runner_run.device_wall.graph_build ts=1619 dur=5875400 clk=dev
[mono_ns=7178726035966318][T0xfd132294b020][TIMING] emit_host_span: [STRACE] v=1 pid=327594 tid=327594 inv=3 hid=d981d29f0dfe9ced depth=3 name=chip.run.runner_run.device_wall.config_validate ts=1799 dur=820 clk=dev
[mono_ns=7178726035969528][T0xfd132294b020][TIMING] emit_host_span: [STRACE] v=1 pid=327594 tid=327594 inv=3 hid=d981d29f0dfe9ced depth=3 name=chip.run.runner_run.device_wall.arena_wire ts=2640 dur=1120 clk=dev
[mono_ns=7178726035973468][T0xfd132294b020][TIMING] emit_host_span: [STRACE] v=1 pid=327594 tid=327594 inv=3 hid=d981d29f0dfe9ced depth=3 name=chip.run.runner_run.device_wall.sm_reset ts=3780 dur=2200 clk=dev
[mono_ns=7178726035979488][T0xfd132294b020][TIMING] emit_host_span: [STRACE] v=1 pid=327594 tid=327594 inv=3 hid=d981d29f0dfe9ced depth=3 name=chip.run.runner_run.device_wall.post_orch ts=5877080 dur=9220 clk=dev
[mono_ns=7178726035982548][T0xfd132294b020][TIMING] emit_host_span: [STRACE] v=1 pid=327594 tid=327594 inv=3 hid=d981d29f0dfe9ced depth=3 name=chip.run.runner_run.device_wall.orch ts=6980 dur=11320 clk=dev
[mono_ns=7178726035985438][T0xfd132294b020][TIMING] emit_host_span: [STRACE] v=1 pid=327594 tid=327594 inv=3 hid=d981d29f0dfe9ced depth=3 name=chip.run.runner_run.device_wall.sched ts=6640 dur=5862700 clk=dev
[mono_ns=7178726035990628][T0xfd132294b020][TIMING] emit_host_span: [STRACE] v=1 pid=327594 tid=327594 inv=3 hid=d981d29f0dfe9ced depth=1 name=chip.run.claim_release ts=7178726035987508 dur=1380 
[mono_ns=7178726035994898][T0xfd132294b020][TIMING] emit_host_span: [STRACE] v=1 pid=327594 tid=327594 inv=3 hid=d981d29f0dfe9ced depth=0 name=chip.run ts=7178725926585901 dur=109407007 run_id=3 dispatch_id=3 slot_id=0 generation=3 run_epoch=3
[mono_ns=7178726107665577][T0xfd132294b020][TIMING] emit_host_span: [STRACE] v=1 pid=327594 tid=327594 inv=4 hid=d981d29f0dfe9ced depth=2 name=chip.run.bind.args ts=7178726107543496 dur=116531 
[mono_ns=7178726107678317][T0xfd132294b020][TIMING] emit_host_span: [STRACE] v=1 pid=327594 tid=327594 inv=4 hid=d981d29f0dfe9ced depth=2 name=chip.run.bind.prebuilt ts=7178726107672507 dur=3510 
[mono_ns=7178726107687387][T0xfd132294b020][TIMING] emit_host_span: [STRACE] v=1 pid=327594 tid=327594 inv=4 hid=d981d29f0dfe9ced depth=1 name=chip.run.bind ts=7178726107535486 dur=149431 
[mono_ns=7178726111914087][T0xfd11cacf8ca0][WARN] copy_aicore_buffer: [chip_swimlane_collector.cpp:689] Core 0: skipped 1024 AICore record slot(s) with start_time=0 (race-window write or recycled-buffer tail). buf seq=0 count=1024
[mono_ns=7178726111912577][T0xfd11c7deeca0][WARN] copy_aicore_buffer: [chip_swimlane_collector.cpp:689] Core 2: skipped 1024 AICore record slot(s) with start_time=0 (race-window write or recycled-buffer tail). buf seq=0 count=1024
[mono_ns=7178726112152889][T0xfd11ca4e8ca0][WARN] copy_aicore_buffer: [chip_swimlane_collector.cpp:689] Core 1: skipped 1024 AICore record slot(s) with start_time=0 (race-window write or recycled-buffer tail). buf seq=0 count=1024
[mono_ns=7178726112257240][T0xfd11c7deeca0][WARN] copy_aicore_buffer: [chip_swimlane_collector.cpp:689] Core 28: skipped 1022 AICore record slot(s) with start_time=0 (race-window write or recycled-buffer tail). buf seq=0 count=1024
[mono_ns=7178726112259350][T0xfd11cacf8ca0][WARN] copy_aicore_buffer: [chip_swimlane_collector.cpp:689] Core 24: skipped 1023 AICore record slot(s) with start_time=0 (race-window write or recycled-buffer tail). buf seq=0 count=1024
[mono_ns=7178726112521322][T0xfd11ca4e8ca0][WARN] copy_aicore_buffer: [chip_swimlane_collector.cpp:689] Core 26: skipped 1024 AICore record slot(s) with start_time=0 (race-window write or recycled-buffer tail). buf seq=0 count=1024
[mono_ns=7178726112571602][T0xfd11cacf8ca0][WARN] copy_aicore_buffer: [chip_swimlane_collector.cpp:689] Core 25: skipped 1024 AICore record slot(s) with start_time=0 (race-window write or recycled-buffer tail). buf seq=0 count=1024
[mono_ns=7178726112567752][T0xfd11c7deeca0][WARN] copy_aicore_buffer: [chip_swimlane_collector.cpp:689] Core 29: skipped 1024 AICore record slot(s) with start_time=0 (race-window write or recycled-buffer tail). buf seq=0 count=1024
[mono_ns=7178726112846494][T0xfd11ca4e8ca0][WARN] copy_aicore_buffer: [chip_swimlane_collector.cpp:689] Core 27: skipped 1024 AICore record slot(s) with start_time=0 (race-window write or recycled-buffer tail). buf seq=0 count=1024
[mono_ns=7178726112885354][T0xfd11cacf8ca0][WARN] copy_aicore_buffer: [chip_swimlane_collector.cpp:689] Core 3: skipped 1024 AICore record slot(s) with start_time=0 (race-window write or recycled-buffer tail). buf seq=0 count=1024
[mono_ns=7178726112886764][T0xfd11c7deeca0][WARN] copy_aicore_buffer: [chip_swimlane_collector.cpp:689] Core 5: skipped 1024 AICore record slot(s) with start_time=0 (race-window write or recycled-buffer tail). buf seq=0 count=1024
[mono_ns=7178726113192676][T0xfd11ca4e8ca0][WARN] copy_aicore_buffer: [chip_swimlane_collector.cpp:689] Core 4: skipped 1024 AICore record slot(s) with start_time=0 (race-window write or recycled-buffer tail). buf seq=0 count=1024
[mono_ns=7178726113209606][T0xfd11c7deeca0][WARN] copy_aicore_buffer: [chip_swimlane_collector.cpp:689] Core 34: skipped 1024 AICore record slot(s) with start_time=0 (race-window write or recycled-buffer tail). buf seq=0 count=1024
[mono_ns=7178726113213656][T0xfd11cacf8ca0][WARN] copy_aicore_buffer: [chip_swimlane_collector.cpp:689] Core 30: skipped 1024 AICore record slot(s) with start_time=0 (race-window write or recycled-buffer tail). buf seq=0 count=1024
[mono_ns=7178726113517589][T0xfd11ca4e8ca0][WARN] copy_aicore_buffer: [chip_swimlane_collector.cpp:689] Core 32: skipped 1024 AICore record slot(s) with start_time=0 (race-window write or recycled-buffer tail). buf seq=0 count=1024
[mono_ns=7178726113521109][T0xfd11c7deeca0][WARN] copy_aicore_buffer: [chip_swimlane_collector.cpp:689] Core 35: skipped 1024 AICore record slot(s) with start_time=0 (race-window write or recycled-buffer tail). buf seq=0 count=1024
[mono_ns=7178726113522529][T0xfd11cacf8ca0][WARN] copy_aicore_buffer: [chip_swimlane_collector.cpp:689] Core 31: skipped 1024 AICore record slot(s) with start_time=0 (race-window write or recycled-buffer tail). buf seq=0 count=1024
[mono_ns=7178726113836291][T0xfd11c7deeca0][WARN] copy_aicore_buffer: [chip_swimlane_collector.cpp:689] Core 8: skipped 1024 AICore record slot(s) with start_time=0 (race-window write or recycled-buffer tail). buf seq=0 count=1024
[mono_ns=7178726113842411][T0xfd11cacf8ca0][WARN] copy_aicore_buffer: [chip_swimlane_collector.cpp:689] Core 6: skipped 1024 AICore record slot(s) with start_time=0 (race-window write or recycled-buffer tail). buf seq=0 count=1024
[mono_ns=7178726113874501][T0xfd11ca4e8ca0][WARN] copy_aicore_buffer: [chip_swimlane_collector.cpp:689] Core 33: skipped 1024 AICore record slot(s) with start_time=0 (race-window write or recycled-buffer tail). buf seq=0 count=1024
[mono_ns=7178726114166393][T0xfd11cacf8ca0][WARN] copy_aicore_buffer: [chip_swimlane_collector.cpp:689] Core 36: skipped 1024 AICore record slot(s) with start_time=0 (race-window write or recycled-buffer tail). buf seq=0 count=1024
[mono_ns=7178726114170273][T0xfd11c7deeca0][WARN] copy_aicore_buffer: [chip_swimlane_collector.cpp:689] Core 40: skipped 1024 AICore record slot(s) with start_time=0 (race-window write or recycled-buffer tail). buf seq=0 count=1024
[mono_ns=7178726114208334][T0xfd11ca4e8ca0][WARN] copy_aicore_buffer: [chip_swimlane_collector.cpp:689] Core 7: skipped 1024 AICore record slot(s) with start_time=0 (race-window write or recycled-buffer tail). buf seq=0 count=1024
[mono_ns=7178726114480645][T0xfd11c7deeca0][WARN] copy_aicore_buffer: [chip_swimlane_collector.cpp:689] Core 41: skipped 1024 AICore record slot(s) with start_time=0 (race-window write or recycled-buffer tail). buf seq=0 count=1024
[mono_ns=7178726114481035][T0xfd11cacf8ca0][WARN] copy_aicore_buffer: [chip_swimlane_collector.cpp:689] Core 37: skipped 1024 AICore record slot(s) with start_time=0 (race-window write or recycled-buffer tail). buf seq=0 count=1024
[mono_ns=7178726114538676][T0xfd11ca4e8ca0][WARN] copy_aicore_buffer: [chip_swimlane_collector.cpp:689] Core 38: skipped 1024 AICore record slot(s) with start_time=0 (race-window write or recycled-buffer tail). buf seq=0 count=1024
[mono_ns=7178726114795858][T0xfd11c7deeca0][WARN] copy_aicore_buffer: [chip_swimlane_collector.cpp:689] Core 11: skipped 1024 AICore record slot(s) with start_time=0 (race-window write or recycled-buffer tail). buf seq=0 count=1024
[mono_ns=7178726114798308][T0xfd11cacf8ca0][WARN] copy_aicore_buffer: [chip_swimlane_collector.cpp:689] Core 9: skipped 1024 AICore record slot(s) with start_time=0 (race-window write or recycled-buffer tail). buf seq=0 count=1024
[mono_ns=7178726114863648][T0xfd11ca4e8ca0][WARN] copy_aicore_buffer: [chip_swimlane_collector.cpp:689] Core 39: skipped 1024 AICore record slot(s) with start_time=0 (race-window write or recycled-buffer tail). buf seq=0 count=1024
[mono_ns=7178726115120860][T0xfd11cacf8ca0][WARN] copy_aicore_buffer: [chip_swimlane_collector.cpp:689] Core 42: skipped 1024 AICore record slot(s) with start_time=0 (race-window write or recycled-buffer tail). buf seq=0 count=1024
[mono_ns=7178726115183450][T0xfd11c7deeca0][WARN] copy_aicore_buffer: [chip_swimlane_collector.cpp:689] Core 46: skipped 1024 AICore record slot(s) with start_time=0 (race-window write or recycled-buffer tail). buf seq=0 count=1024
[mono_ns=7178726115224041][T0xfd11ca4e8ca0][WARN] copy_aicore_buffer: [chip_swimlane_collector.cpp:689] Core 10: skipped 1024 AICore record slot(s) with start_time=0 (race-window write or recycled-buffer tail). buf seq=0 count=1024
[mono_ns=7178726115446752][T0xfd11cacf8ca0][WARN] copy_aicore_buffer: [chip_swimlane_collector.cpp:689] Core 43: skipped 1024 AICore record slot(s) with start_time=0 (race-window write or recycled-buffer tail). buf seq=0 count=1024
[mono_ns=7178726115497503][T0xfd11c7deeca0][WARN] copy_aicore_buffer: [chip_swimlane_collector.cpp:689] Core 47: skipped 1024 AICore record slot(s) with start_time=0 (race-window write or recycled-buffer tail). buf seq=0 count=1024
[mono_ns=7178726115550173][T0xfd11ca4e8ca0][WARN] copy_aicore_buffer: [chip_swimlane_collector.cpp:689] Core 44: skipped 1024 AICore record slot(s) with start_time=0 (race-window write or recycled-buffer tail). buf seq=0 count=1024
[mono_ns=7178726115760985][T0xfd11cacf8ca0][WARN] copy_aicore_buffer: [chip_swimlane_collector.cpp:689] Core 12: skipped 1024 AICore record slot(s) with start_time=0 (race-window write or recycled-buffer tail). buf seq=0 count=1024
[mono_ns=7178726115810665][T0xfd11c7deeca0][WARN] copy_aicore_buffer: [chip_swimlane_collector.cpp:689] Core 14: skipped 1024 AICore record slot(s) with start_time=0 (race-window write or recycled-buffer tail). buf seq=0 count=1024
[mono_ns=7178726115873855][T0xfd11ca4e8ca0][WARN] copy_aicore_buffer: [chip_swimlane_collector.cpp:689] Core 45: skipped 1024 AICore record slot(s) with start_time=0 (race-window write or recycled-buffer tail). buf seq=0 count=1024
[mono_ns=7178726116088427][T0xfd11cacf8ca0][WARN] copy_aicore_buffer: [chip_swimlane_collector.cpp:689] Core 48: skipped 1024 AICore record slot(s) with start_time=0 (race-window write or recycled-buffer tail). buf seq=0 count=1024
[mono_ns=7178726116136207][T0xfd11c7deeca0][WARN] copy_aicore_buffer: [chip_swimlane_collector.cpp:689] Core 52: skipped 1024 AICore record slot(s) with start_time=0 (race-window write or recycled-buffer tail). buf seq=0 count=1024
[mono_ns=7178726116307808][T0xfd11ca4e8ca0][WARN] copy_aicore_buffer: [chip_swimlane_collector.cpp:689] Core 13: skipped 1024 AICore record slot(s) with start_time=0 (race-window write or recycled-buffer tail). buf seq=0 count=1024
[mono_ns=7178726116409549][T0xfd11cacf8ca0][WARN] copy_aicore_buffer: [chip_swimlane_collector.cpp:689] Core 49: skipped 1024 AICore record slot(s) with start_time=0 (race-window write or recycled-buffer tail). buf seq=0 count=1024
[mono_ns=7178726116446139][T0xfd11c7deeca0][WARN] copy_aicore_buffer: [chip_swimlane_collector.cpp:689] Core 53: skipped 1024 AICore record slot(s) with start_time=0 (race-window write or recycled-buffer tail). buf seq=0 count=1024
[mono_ns=7178726116633191][T0xfd11ca4e8ca0][WARN] copy_aicore_buffer: [chip_swimlane_collector.cpp:689] Core 50: skipped 1024 AICore record slot(s) with start_time=0 (race-window write or recycled-buffer tail). buf seq=0 count=1024
[mono_ns=7178726116726651][T0xfd11cacf8ca0][WARN] copy_aicore_buffer: [chip_swimlane_collector.cpp:689] Core 15: skipped 1024 AICore record slot(s) with start_time=0 (race-window write or recycled-buffer tail). buf seq=0 count=1024
[mono_ns=7178726116758362][T0xfd11c7deeca0][WARN] copy_aicore_buffer: [chip_swimlane_collector.cpp:689] Core 17: skipped 1024 AICore record slot(s) with start_time=0 (race-window write or recycled-buffer tail). buf seq=0 count=1024
[mono_ns=7178726116957433][T0xfd11ca4e8ca0][WARN] copy_aicore_buffer: [chip_swimlane_collector.cpp:689] Core 51: skipped 1024 AICore record slot(s) with start_time=0 (race-window write or recycled-buffer tail). buf seq=0 count=1024
[mono_ns=7178726117054234][T0xfd11cacf8ca0][WARN] copy_aicore_buffer: [chip_swimlane_collector.cpp:689] Core 54: skipped 1024 AICore record slot(s) with start_time=0 (race-window write or recycled-buffer tail). buf seq=0 count=1024
[mono_ns=7178726117127444][T0xfd11c7deeca0][WARN] copy_aicore_buffer: [chip_swimlane_collector.cpp:689] Core 58: skipped 1024 AICore record slot(s) with start_time=0 (race-window write or recycled-buffer tail). buf seq=0 count=1024
[mono_ns=7178726117296715][T0xfd11ca4e8ca0][WARN] copy_aicore_buffer: [chip_swimlane_collector.cpp:689] Core 16: skipped 1024 AICore record slot(s) with start_time=0 (race-window write or recycled-buffer tail). buf seq=0 count=1024
[mono_ns=7178726117370116][T0xfd11cacf8ca0][WARN] copy_aicore_buffer: [chip_swimlane_collector.cpp:689] Core 55: skipped 1024 AICore record slot(s) with start_time=0 (race-window write or recycled-buffer tail). buf seq=0 count=1024
[mono_ns=7178726117447447][T0xfd11c7deeca0][WARN] copy_aicore_buffer: [chip_swimlane_collector.cpp:689] Core 59: skipped 1024 AICore record slot(s) with start_time=0 (race-window write or recycled-buffer tail). buf seq=0 count=1024
[mono_ns=7178726117619298][T0xfd11ca4e8ca0][WARN] copy_aicore_buffer: [chip_swimlane_collector.cpp:689] Core 56: skipped 1024 AICore record slot(s) with start_time=0 (race-window write or recycled-buffer tail). buf seq=0 count=1024
[mono_ns=7178726117684718][T0xfd11cacf8ca0][WARN] copy_aicore_buffer: [chip_swimlane_collector.cpp:689] Core 18: skipped 1024 AICore record slot(s) with start_time=0 (race-window write or recycled-buffer tail). buf seq=0 count=1024
[mono_ns=7178726117762049][T0xfd11c7deeca0][WARN] copy_aicore_buffer: [chip_swimlane_collector.cpp:689] Core 20: skipped 1024 AICore record slot(s) with start_time=0 (race-window write or recycled-buffer tail). buf seq=0 count=1024
[mono_ns=7178726117943610][T0xfd11ca4e8ca0][WARN] copy_aicore_buffer: [chip_swimlane_collector.cpp:689] Core 57: skipped 1024 AICore record slot(s) with start_time=0 (race-window write or recycled-buffer tail). buf seq=0 count=1024
[mono_ns=7178726118072691][T0xfd11cacf8ca0][WARN] copy_aicore_buffer: [chip_swimlane_collector.cpp:689] Core 60: skipped 1024 AICore record slot(s) with start_time=0 (race-window write or recycled-buffer tail). buf seq=0 count=1024
[mono_ns=7178726118108461][T0xfd11c7deeca0][WARN] copy_aicore_buffer: [chip_swimlane_collector.cpp:689] Core 64: skipped 1024 AICore record slot(s) with start_time=0 (race-window write or recycled-buffer tail). buf seq=0 count=1024
[mono_ns=7178726118278072][T0xfd11ca4e8ca0][WARN] copy_aicore_buffer: [chip_swimlane_collector.cpp:689] Core 19: skipped 1024 AICore record slot(s) with start_time=0 (race-window write or recycled-buffer tail). buf seq=0 count=1024
[mono_ns=7178726118414963][T0xfd11cacf8ca0][WARN] copy_aicore_buffer: [chip_swimlane_collector.cpp:689] Core 61: skipped 1024 AICore record slot(s) with start_time=0 (race-window write or recycled-buffer tail). buf seq=0 count=1024
[mono_ns=7178726118438424][T0xfd11c7deeca0][WARN] copy_aicore_buffer: [chip_swimlane_collector.cpp:689] Core 65: skipped 1024 AICore record slot(s) with start_time=0 (race-window write or recycled-buffer tail). buf seq=0 count=1024
[mono_ns=7178726118632735][T0xfd11ca4e8ca0][WARN] copy_aicore_buffer: [chip_swimlane_collector.cpp:689] Core 62: skipped 1024 AICore record slot(s) with start_time=0 (race-window write or recycled-buffer tail). buf seq=0 count=1024
[mono_ns=7178726118747996][T0xfd11cacf8ca0][WARN] copy_aicore_buffer: [chip_swimlane_collector.cpp:689] Core 21: skipped 1024 AICore record slot(s) with start_time=0 (race-window write or recycled-buffer tail). buf seq=0 count=1024
[mono_ns=7178726118760936][T0xfd11c7deeca0][WARN] copy_aicore_buffer: [chip_swimlane_collector.cpp:689] Core 23: skipped 1024 AICore record slot(s) with start_time=0 (race-window write or recycled-buffer tail). buf seq=0 count=1024
[mono_ns=7178726118975137][T0xfd11ca4e8ca0][WARN] copy_aicore_buffer: [chip_swimlane_collector.cpp:689] Core 63: skipped 1024 AICore record slot(s) with start_time=0 (race-window write or recycled-buffer tail). buf seq=0 count=1024
[mono_ns=7178726119086488][T0xfd11cacf8ca0][WARN] copy_aicore_buffer: [chip_swimlane_collector.cpp:689] Core 66: skipped 1024 AICore record slot(s) with start_time=0 (race-window write or recycled-buffer tail). buf seq=0 count=1024
[mono_ns=7178726119092618][T0xfd11c7deeca0][WARN] copy_aicore_buffer: [chip_swimlane_collector.cpp:689] Core 70: skipped 1024 AICore record slot(s) with start_time=0 (race-window write or recycled-buffer tail). buf seq=0 count=1024
[mono_ns=7178726119323710][T0xfd11ca4e8ca0][WARN] copy_aicore_buffer: [chip_swimlane_collector.cpp:689] Core 22: skipped 1024 AICore record slot(s) with start_time=0 (race-window write or recycled-buffer tail). buf seq=0 count=1024
[mono_ns=7178726119422311][T0xfd11cacf8ca0][WARN] copy_aicore_buffer: [chip_swimlane_collector.cpp:689] Core 67: skipped 1024 AICore record slot(s) with start_time=0 (race-window write or recycled-buffer tail). buf seq=0 count=1024
[mono_ns=7178726119425921][T0xfd11c7deeca0][WARN] copy_aicore_buffer: [chip_swimlane_collector.cpp:689] Core 71: skipped 1024 AICore record slot(s) with start_time=0 (race-window write or recycled-buffer tail). buf seq=0 count=1024
[mono_ns=7178726119671892][T0xfd11ca4e8ca0][WARN] copy_aicore_buffer: [chip_swimlane_collector.cpp:689] Core 68: skipped 1024 AICore record slot(s) with start_time=0 (race-window write or recycled-buffer tail). buf seq=0 count=1024
[mono_ns=7178726120088365][T0xfd11ca4e8ca0][WARN] copy_aicore_buffer: [chip_swimlane_collector.cpp:689] Core 69: skipped 1024 AICore record slot(s) with start_time=0 (race-window write or recycled-buffer tail). buf seq=0 count=1024
[mono_ns=7178726220814540][T0xfd132294b020][TIMING] emit_host_span: [STRACE] v=1 pid=327594 tid=327594 inv=4 hid=d981d29f0dfe9ced depth=1 name=chip.run.runner_run ts=7178726108056360 dur=112750240 
[mono_ns=7178726220911151][T0xfd132294b020][TIMING] emit_host_span: [STRACE] v=1 pid=327594 tid=327594 inv=4 hid=d981d29f0dfe9ced depth=1 name=chip.run.validate ts=7178726220825591 dur=81390 
[mono_ns=7178726220922851][T0xfd132294b020][TIMING] emit_host_span: [STRACE] v=1 pid=327594 tid=327594 inv=4 hid=d981d29f0dfe9ced depth=2 name=chip.run.runner_run.device_wall ts=0 dur=3330500 clk=dev
[mono_ns=7178726220927431][T0xfd132294b020][TIMING] emit_host_span: [STRACE] v=1 pid=327594 tid=327594 inv=4 hid=d981d29f0dfe9ced depth=3 name=chip.run.runner_run.device_wall.preamble ts=0 dur=105820 clk=dev
[mono_ns=7178726220931711][T0xfd132294b020][TIMING] emit_host_span: [STRACE] v=1 pid=327594 tid=327594 inv=4 hid=d981d29f0dfe9ced depth=3 name=chip.run.runner_run.device_wall.graph_build ts=101500 dur=3219780 clk=dev
[mono_ns=7178726220940551][T0xfd132294b020][TIMING] emit_host_span: [STRACE] v=1 pid=327594 tid=327594 inv=4 hid=d981d29f0dfe9ced depth=3 name=chip.run.runner_run.device_wall.config_validate ts=101600 dur=720 clk=dev
[mono_ns=7178726220944391][T0xfd132294b020][TIMING] emit_host_span: [STRACE] v=1 pid=327594 tid=327594 inv=4 hid=d981d29f0dfe9ced depth=3 name=chip.run.runner_run.device_wall.arena_wire ts=102360 dur=640 clk=dev
[mono_ns=7178726220948101][T0xfd132294b020][TIMING] emit_host_span: [STRACE] v=1 pid=327594 tid=327594 inv=4 hid=d981d29f0dfe9ced depth=3 name=chip.run.runner_run.device_wall.sm_reset ts=103040 dur=840 clk=dev
[mono_ns=7178726220951841][T0xfd132294b020][TIMING] emit_host_span: [STRACE] v=1 pid=327594 tid=327594 inv=4 hid=d981d29f0dfe9ced depth=3 name=chip.run.runner_run.device_wall.post_orch ts=3321339 dur=9040 clk=dev
[mono_ns=7178726220954801][T0xfd132294b020][TIMING] emit_host_span: [STRACE] v=1 pid=327594 tid=327594 inv=4 hid=d981d29f0dfe9ced depth=3 name=chip.run.runner_run.device_wall.orch ts=103940 dur=4800 clk=dev
[mono_ns=7178726220958042][T0xfd132294b020][TIMING] emit_host_span: [STRACE] v=1 pid=327594 tid=327594 inv=4 hid=d981d29f0dfe9ced depth=3 name=chip.run.runner_run.device_wall.sched ts=105880 dur=3190100 clk=dev
[mono_ns=7178726220962142][T0xfd132294b020][TIMING] emit_host_span: [STRACE] v=1 pid=327594 tid=327594 inv=4 hid=d981d29f0dfe9ced depth=1 name=chip.run.claim_release ts=7178726220960022 dur=390 
[mono_ns=7178726220966242][T0xfd132294b020][TIMING] emit_host_span: [STRACE] v=1 pid=327594 tid=327594 inv=4 hid=d981d29f0dfe9ced depth=0 name=chip.run ts=7178726107496576 dur=113467656 run_id=4 dispatch_id=4 slot_id=0 generation=4 run_epoch=4
[mono_ns=7178728625550253][T0xfd132294b020][TIMING] emit_host_span: [STRACE] v=1 pid=327594 tid=327594 inv=5 hid=d981d29f0dfe9ced depth=2 name=chip.run.bind.args ts=7178728625388532 dur=153941 
[mono_ns=7178728625580963][T0xfd132294b020][TIMING] emit_host_span: [STRACE] v=1 pid=327594 tid=327594 inv=5 hid=d981d29f0dfe9ced depth=2 name=chip.run.bind.prebuilt ts=7178728625572333 dur=5680 
[mono_ns=7178728625586003][T0xfd132294b020][TIMING] emit_host_span: [STRACE] v=1 pid=327594 tid=327594 inv=5 hid=d981d29f0dfe9ced depth=1 name=chip.run.bind ts=7178728625375961 dur=207652 
[mono_ns=7178728733772731][T0xfd132294b020][TIMING] emit_host_span: [STRACE] v=1 pid=327594 tid=327594 inv=5 hid=d981d29f0dfe9ced depth=1 name=chip.run.runner_run ts=7178728625910705 dur=107848906 
[mono_ns=7178728733897262][T0xfd132294b020][TIMING] emit_host_span: [STRACE] v=1 pid=327594 tid=327594 inv=5 hid=d981d29f0dfe9ced depth=1 name=chip.run.validate ts=7178728733787531 dur=105071 
[mono_ns=7178728733909282][T0xfd132294b020][TIMING] emit_host_span: [STRACE] v=1 pid=327594 tid=327594 inv=5 hid=d981d29f0dfe9ced depth=2 name=chip.run.runner_run.device_wall ts=0 dur=3884299 clk=dev
[mono_ns=7178728733914152][T0xfd132294b020][TIMING] emit_host_span: [STRACE] v=1 pid=327594 tid=327594 inv=5 hid=d981d29f0dfe9ced depth=3 name=chip.run.runner_run.device_wall.preamble ts=0 dur=5720 clk=dev
[mono_ns=7178728733922232][T0xfd132294b020][TIMING] emit_host_span: [STRACE] v=1 pid=327594 tid=327594 inv=5 hid=d981d29f0dfe9ced depth=3 name=chip.run.runner_run.device_wall.graph_build ts=1540 dur=3873480 clk=dev
[mono_ns=7178728733925642][T0xfd132294b020][TIMING] emit_host_span: [STRACE] v=1 pid=327594 tid=327594 inv=5 hid=d981d29f0dfe9ced depth=3 name=chip.run.runner_run.device_wall.config_validate ts=1859 dur=760 clk=dev
[mono_ns=7178728733930712][T0xfd132294b020][TIMING] emit_host_span: [STRACE] v=1 pid=327594 tid=327594 inv=5 hid=d981d29f0dfe9ced depth=3 name=chip.run.runner_run.device_wall.arena_wire ts=2660 dur=1380 clk=dev
[mono_ns=7178728733934772][T0xfd132294b020][TIMING] emit_host_span: [STRACE] v=1 pid=327594 tid=327594 inv=5 hid=d981d29f0dfe9ced depth=3 name=chip.run.runner_run.device_wall.sm_reset ts=4060 dur=1760 clk=dev
[mono_ns=7178728733938792][T0xfd132294b020][TIMING] emit_host_span: [STRACE] v=1 pid=327594 tid=327594 inv=5 hid=d981d29f0dfe9ced depth=3 name=chip.run.runner_run.device_wall.post_orch ts=3875060 dur=8860 clk=dev
[mono_ns=7178728733942462][T0xfd132294b020][TIMING] emit_host_span: [STRACE] v=1 pid=327594 tid=327594 inv=5 hid=d981d29f0dfe9ced depth=3 name=chip.run.runner_run.device_wall.orch ts=6560 dur=9940 clk=dev
[mono_ns=7178728733946172][T0xfd132294b020][TIMING] emit_host_span: [STRACE] v=1 pid=327594 tid=327594 inv=5 hid=d981d29f0dfe9ced depth=3 name=chip.run.runner_run.device_wall.sched ts=5980 dur=3861560 clk=dev
[mono_ns=7178728733951842][T0xfd132294b020][TIMING] emit_host_span: [STRACE] v=1 pid=327594 tid=327594 inv=5 hid=d981d29f0dfe9ced depth=1 name=chip.run.claim_release ts=7178728733949642 dur=460 
[mono_ns=7178728733958392][T0xfd132294b020][TIMING] emit_host_span: [STRACE] v=1 pid=327594 tid=327594 inv=5 hid=d981d29f0dfe9ced depth=0 name=chip.run ts=7178728625280701 dur=108675681 run_id=5 dispatch_id=5 slot_id=0 generation=5 run_epoch=5
[mono_ns=7178728741731907][T0xfd132294b020][TIMING] emit_host_span: [STRACE] v=1 pid=327594 tid=327594 inv=6 hid=d981d29f0dfe9ced depth=2 name=chip.run.bind.args ts=7178728741610536 dur=115721 
[mono_ns=7178728741748877][T0xfd132294b020][TIMING] emit_host_span: [STRACE] v=1 pid=327594 tid=327594 inv=6 hid=d981d29f0dfe9ced depth=2 name=chip.run.bind.prebuilt ts=7178728741743367 dur=3170 
[mono_ns=7178728741753417][T0xfd132294b020][TIMING] emit_host_span: [STRACE] v=1 pid=327594 tid=327594 inv=6 hid=d981d29f0dfe9ced depth=1 name=chip.run.bind ts=7178728741602496 dur=148831 
[mono_ns=7178728744224225][T0xfd11cacf8ca0][WARN] copy_aicore_buffer: [chip_swimlane_collector.cpp:689] Core 0: skipped 1024 AICore record slot(s) with start_time=0 (race-window write or recycled-buffer tail). buf seq=0 count=1024
[mono_ns=7178728744229845][T0xfd11c7deeca0][WARN] copy_aicore_buffer: [chip_swimlane_collector.cpp:689] Core 2: skipped 1024 AICore record slot(s) with start_time=0 (race-window write or recycled-buffer tail). buf seq=0 count=1024
[mono_ns=7178728744235145][T0xfd11ca4e8ca0][WARN] copy_aicore_buffer: [chip_swimlane_collector.cpp:689] Core 1: skipped 1024 AICore record slot(s) with start_time=0 (race-window write or recycled-buffer tail). buf seq=0 count=1024
[mono_ns=7178728744549517][T0xfd11cacf8ca0][WARN] copy_aicore_buffer: [chip_swimlane_collector.cpp:689] Core 24: skipped 1023 AICore record slot(s) with start_time=0 (race-window write or recycled-buffer tail). buf seq=0 count=1024
[mono_ns=7178728744551297][T0xfd11c7deeca0][WARN] copy_aicore_buffer: [chip_swimlane_collector.cpp:689] Core 28: skipped 1023 AICore record slot(s) with start_time=0 (race-window write or recycled-buffer tail). buf seq=0 count=1024
[mono_ns=7178728744556347][T0xfd11ca4e8ca0][WARN] copy_aicore_buffer: [chip_swimlane_collector.cpp:689] Core 26: skipped 1023 AICore record slot(s) with start_time=0 (race-window write or recycled-buffer tail). buf seq=0 count=1024
[mono_ns=7178728744873000][T0xfd11cacf8ca0][WARN] copy_aicore_buffer: [chip_swimlane_collector.cpp:689] Core 25: skipped 1024 AICore record slot(s) with start_time=0 (race-window write or recycled-buffer tail). buf seq=0 count=1024
[mono_ns=7178728744872900][T0xfd11c7deeca0][WARN] copy_aicore_buffer: [chip_swimlane_collector.cpp:689] Core 29: skipped 1024 AICore record slot(s) with start_time=0 (race-window write or recycled-buffer tail). buf seq=0 count=1024
[mono_ns=7178728744873560][T0xfd11ca4e8ca0][WARN] copy_aicore_buffer: [chip_swimlane_collector.cpp:689] Core 27: skipped 1024 AICore record slot(s) with start_time=0 (race-window write or recycled-buffer tail). buf seq=0 count=1024
[mono_ns=7178728745193492][T0xfd11c7deeca0][WARN] copy_aicore_buffer: [chip_swimlane_collector.cpp:689] Core 5: skipped 1024 AICore record slot(s) with start_time=0 (race-window write or recycled-buffer tail). buf seq=0 count=1024
[mono_ns=7178728745194292][T0xfd11cacf8ca0][WARN] copy_aicore_buffer: [chip_swimlane_collector.cpp:689] Core 3: skipped 1024 AICore record slot(s) with start_time=0 (race-window write or recycled-buffer tail). buf seq=0 count=1024
[mono_ns=7178728745194482][T0xfd11ca4e8ca0][WARN] copy_aicore_buffer: [chip_swimlane_collector.cpp:689] Core 4: skipped 1024 AICore record slot(s) with start_time=0 (race-window write or recycled-buffer tail). buf seq=0 count=1024
[mono_ns=7178728745507624][T0xfd11c7deeca0][WARN] copy_aicore_buffer: [chip_swimlane_collector.cpp:689] Core 34: skipped 1024 AICore record slot(s) with start_time=0 (race-window write or recycled-buffer tail). buf seq=0 count=1024
[mono_ns=7178728745510214][T0xfd11cacf8ca0][WARN] copy_aicore_buffer: [chip_swimlane_collector.cpp:689] Core 30: skipped 1024 AICore record slot(s) with start_time=0 (race-window write or recycled-buffer tail). buf seq=0 count=1024
[mono_ns=7178728745510464][T0xfd11ca4e8ca0][WARN] copy_aicore_buffer: [chip_swimlane_collector.cpp:689] Core 32: skipped 1024 AICore record slot(s) with start_time=0 (race-window write or recycled-buffer tail). buf seq=0 count=1024
[mono_ns=7178728745819616][T0xfd11cacf8ca0][WARN] copy_aicore_buffer: [chip_swimlane_collector.cpp:689] Core 31: skipped 1024 AICore record slot(s) with start_time=0 (race-window write or recycled-buffer tail). buf seq=0 count=1024
[mono_ns=7178728745821546][T0xfd11ca4e8ca0][WARN] copy_aicore_buffer: [chip_swimlane_collector.cpp:689] Core 33: skipped 1024 AICore record slot(s) with start_time=0 (race-window write or recycled-buffer tail). buf seq=0 count=1024
[mono_ns=7178728745821906][T0xfd11c7deeca0][WARN] copy_aicore_buffer: [chip_swimlane_collector.cpp:689] Core 35: skipped 1024 AICore record slot(s) with start_time=0 (race-window write or recycled-buffer tail). buf seq=0 count=1024
[mono_ns=7178728746136769][T0xfd11c7deeca0][WARN] copy_aicore_buffer: [chip_swimlane_collector.cpp:689] Core 8: skipped 1024 AICore record slot(s) with start_time=0 (race-window write or recycled-buffer tail). buf seq=0 count=1024
[mono_ns=7178728746138799][T0xfd11ca4e8ca0][WARN] copy_aicore_buffer: [chip_swimlane_collector.cpp:689] Core 7: skipped 1024 AICore record slot(s) with start_time=0 (race-window write or recycled-buffer tail). buf seq=0 count=1024
[mono_ns=7178728746138769][T0xfd11cacf8ca0][WARN] copy_aicore_buffer: [chip_swimlane_collector.cpp:689] Core 6: skipped 1024 AICore record slot(s) with start_time=0 (race-window write or recycled-buffer tail). buf seq=0 count=1024
[mono_ns=7178728746451131][T0xfd11cacf8ca0][WARN] copy_aicore_buffer: [chip_swimlane_collector.cpp:689] Core 36: skipped 1024 AICore record slot(s) with start_time=0 (race-window write or recycled-buffer tail). buf seq=0 count=1024
[mono_ns=7178728746453701][T0xfd11c7deeca0][WARN] copy_aicore_buffer: [chip_swimlane_collector.cpp:689] Core 40: skipped 1024 AICore record slot(s) with start_time=0 (race-window write or recycled-buffer tail). buf seq=0 count=1024
[mono_ns=7178728746455491][T0xfd11ca4e8ca0][WARN] copy_aicore_buffer: [chip_swimlane_collector.cpp:689] Core 38: skipped 1024 AICore record slot(s) with start_time=0 (race-window write or recycled-buffer tail). buf seq=0 count=1024
[mono_ns=7178728746763203][T0xfd11c7deeca0][WARN] copy_aicore_buffer: [chip_swimlane_collector.cpp:689] Core 41: skipped 1024 AICore record slot(s) with start_time=0 (race-window write or recycled-buffer tail). buf seq=0 count=1024
[mono_ns=7178728746766453][T0xfd11cacf8ca0][WARN] copy_aicore_buffer: [chip_swimlane_collector.cpp:689] Core 37: skipped 1024 AICore record slot(s) with start_time=0 (race-window write or recycled-buffer tail). buf seq=0 count=1024
[mono_ns=7178728746767563][T0xfd11ca4e8ca0][WARN] copy_aicore_buffer: [chip_swimlane_collector.cpp:689] Core 39: skipped 1024 AICore record slot(s) with start_time=0 (race-window write or recycled-buffer tail). buf seq=0 count=1024
[mono_ns=7178728747085435][T0xfd11cacf8ca0][WARN] copy_aicore_buffer: [chip_swimlane_collector.cpp:689] Core 9: skipped 1024 AICore record slot(s) with start_time=0 (race-window write or recycled-buffer tail). buf seq=0 count=1024
[mono_ns=7178728747086695][T0xfd11c7deeca0][WARN] copy_aicore_buffer: [chip_swimlane_collector.cpp:689] Core 11: skipped 1024 AICore record slot(s) with start_time=0 (race-window write or recycled-buffer tail). buf seq=0 count=1024
[mono_ns=7178728747089465][T0xfd11ca4e8ca0][WARN] copy_aicore_buffer: [chip_swimlane_collector.cpp:689] Core 10: skipped 1024 AICore record slot(s) with start_time=0 (race-window write or recycled-buffer tail). buf seq=0 count=1024
[mono_ns=7178728747399068][T0xfd11c7deeca0][WARN] copy_aicore_buffer: [chip_swimlane_collector.cpp:689] Core 46: skipped 1024 AICore record slot(s) with start_time=0 (race-window write or recycled-buffer tail). buf seq=0 count=1024
[mono_ns=7178728747401028][T0xfd11cacf8ca0][WARN] copy_aicore_buffer: [chip_swimlane_collector.cpp:689] Core 42: skipped 1024 AICore record slot(s) with start_time=0 (race-window write or recycled-buffer tail). buf seq=0 count=1024
[mono_ns=7178728747401018][T0xfd11ca4e8ca0][WARN] copy_aicore_buffer: [chip_swimlane_collector.cpp:689] Core 44: skipped 1024 AICore record slot(s) with start_time=0 (race-window write or recycled-buffer tail). buf seq=0 count=1024
[mono_ns=7178728747711220][T0xfd11cacf8ca0][WARN] copy_aicore_buffer: [chip_swimlane_collector.cpp:689] Core 43: skipped 1024 AICore record slot(s) with start_time=0 (race-window write or recycled-buffer tail). buf seq=0 count=1024
[mono_ns=7178728747713220][T0xfd11ca4e8ca0][WARN] copy_aicore_buffer: [chip_swimlane_collector.cpp:689] Core 45: skipped 1024 AICore record slot(s) with start_time=0 (race-window write or recycled-buffer tail). buf seq=0 count=1024
[mono_ns=7178728747713390][T0xfd11c7deeca0][WARN] copy_aicore_buffer: [chip_swimlane_collector.cpp:689] Core 47: skipped 1024 AICore record slot(s) with start_time=0 (race-window write or recycled-buffer tail). buf seq=0 count=1024
[mono_ns=7178728748030282][T0xfd11cacf8ca0][WARN] copy_aicore_buffer: [chip_swimlane_collector.cpp:689] Core 12: skipped 1024 AICore record slot(s) with start_time=0 (race-window write or recycled-buffer tail). buf seq=0 count=1024
[mono_ns=7178728748037352][T0xfd11c7deeca0][WARN] copy_aicore_buffer: [chip_swimlane_collector.cpp:689] Core 14: skipped 1024 AICore record slot(s) with start_time=0 (race-window write or recycled-buffer tail). buf seq=0 count=1024
[mono_ns=7178728748037302][T0xfd11ca4e8ca0][WARN] copy_aicore_buffer: [chip_swimlane_collector.cpp:689] Core 13: skipped 1024 AICore record slot(s) with start_time=0 (race-window write or recycled-buffer tail). buf seq=0 count=1024
[mono_ns=7178728748344454][T0xfd11cacf8ca0][WARN] copy_aicore_buffer: [chip_swimlane_collector.cpp:689] Core 48: skipped 1024 AICore record slot(s) with start_time=0 (race-window write or recycled-buffer tail). buf seq=0 count=1024
[mono_ns=7178728748346504][T0xfd11c7deeca0][WARN] copy_aicore_buffer: [chip_swimlane_collector.cpp:689] Core 52: skipped 1024 AICore record slot(s) with start_time=0 (race-window write or recycled-buffer tail). buf seq=0 count=1024
[mono_ns=7178728748348794][T0xfd11ca4e8ca0][WARN] copy_aicore_buffer: [chip_swimlane_collector.cpp:689] Core 50: skipped 1024 AICore record slot(s) with start_time=0 (race-window write or recycled-buffer tail). buf seq=0 count=1024
[mono_ns=7178728748657166][T0xfd11c7deeca0][WARN] copy_aicore_buffer: [chip_swimlane_collector.cpp:689] Core 53: skipped 1024 AICore record slot(s) with start_time=0 (race-window write or recycled-buffer tail). buf seq=0 count=1024
[mono_ns=7178728748658196][T0xfd11cacf8ca0][WARN] copy_aicore_buffer: [chip_swimlane_collector.cpp:689] Core 49: skipped 1024 AICore record slot(s) with start_time=0 (race-window write or recycled-buffer tail). buf seq=0 count=1024
[mono_ns=7178728748658536][T0xfd11ca4e8ca0][WARN] copy_aicore_buffer: [chip_swimlane_collector.cpp:689] Core 51: skipped 1024 AICore record slot(s) with start_time=0 (race-window write or recycled-buffer tail). buf seq=0 count=1024
[mono_ns=7178728748980879][T0xfd11c7deeca0][WARN] copy_aicore_buffer: [chip_swimlane_collector.cpp:689] Core 17: skipped 1024 AICore record slot(s) with start_time=0 (race-window write or recycled-buffer tail). buf seq=0 count=1024
[mono_ns=7178728748982959][T0xfd11ca4e8ca0][WARN] copy_aicore_buffer: [chip_swimlane_collector.cpp:689] Core 16: skipped 1024 AICore record slot(s) with start_time=0 (race-window write or recycled-buffer tail). buf seq=0 count=1024
[mono_ns=7178728748984599][T0xfd11cacf8ca0][WARN] copy_aicore_buffer: [chip_swimlane_collector.cpp:689] Core 15: skipped 1024 AICore record slot(s) with start_time=0 (race-window write or recycled-buffer tail). buf seq=0 count=1024
[mono_ns=7178728749299311][T0xfd11cacf8ca0][WARN] copy_aicore_buffer: [chip_swimlane_collector.cpp:689] Core 54: skipped 1024 AICore record slot(s) with start_time=0 (race-window write or recycled-buffer tail). buf seq=0 count=1024
[mono_ns=7178728749304871][T0xfd11c7deeca0][WARN] copy_aicore_buffer: [chip_swimlane_collector.cpp:689] Core 58: skipped 1024 AICore record slot(s) with start_time=0 (race-window write or recycled-buffer tail). buf seq=0 count=1024
[mono_ns=7178728749316021][T0xfd11ca4e8ca0][WARN] copy_aicore_buffer: [chip_swimlane_collector.cpp:689] Core 56: skipped 1024 AICore record slot(s) with start_time=0 (race-window write or recycled-buffer tail). buf seq=0 count=1024
[mono_ns=7178728749658484][T0xfd11cacf8ca0][WARN] copy_aicore_buffer: [chip_swimlane_collector.cpp:689] Core 55: skipped 1024 AICore record slot(s) with start_time=0 (race-window write or recycled-buffer tail). buf seq=0 count=1024
[mono_ns=7178728749671204][T0xfd11c7deeca0][WARN] copy_aicore_buffer: [chip_swimlane_collector.cpp:689] Core 59: skipped 1024 AICore record slot(s) with start_time=0 (race-window write or recycled-buffer tail). buf seq=0 count=1024
[mono_ns=7178728749685164][T0xfd11ca4e8ca0][WARN] copy_aicore_buffer: [chip_swimlane_collector.cpp:689] Core 57: skipped 1024 AICore record slot(s) with start_time=0 (race-window write or recycled-buffer tail). buf seq=0 count=1024
[mono_ns=7178728749986756][T0xfd11cacf8ca0][WARN] copy_aicore_buffer: [chip_swimlane_collector.cpp:689] Core 18: skipped 1024 AICore record slot(s) with start_time=0 (race-window write or recycled-buffer tail). buf seq=0 count=1024
[mono_ns=7178728749996446][T0xfd11c7deeca0][WARN] copy_aicore_buffer: [chip_swimlane_collector.cpp:689] Core 20: skipped 1024 AICore record slot(s) with start_time=0 (race-window write or recycled-buffer tail). buf seq=0 count=1024
[mono_ns=7178728750021956][T0xfd11ca4e8ca0][WARN] copy_aicore_buffer: [chip_swimlane_collector.cpp:689] Core 19: skipped 1024 AICore record slot(s) with start_time=0 (race-window write or recycled-buffer tail). buf seq=0 count=1024
[mono_ns=7178728750324998][T0xfd11cacf8ca0][WARN] copy_aicore_buffer: [chip_swimlane_collector.cpp:689] Core 60: skipped 1024 AICore record slot(s) with start_time=0 (race-window write or recycled-buffer tail). buf seq=0 count=1024
[mono_ns=7178728750330328][T0xfd11c7deeca0][WARN] copy_aicore_buffer: [chip_swimlane_collector.cpp:689] Core 64: skipped 1024 AICore record slot(s) with start_time=0 (race-window write or recycled-buffer tail). buf seq=0 count=1024
[mono_ns=7178728750349748][T0xfd11ca4e8ca0][WARN] copy_aicore_buffer: [chip_swimlane_collector.cpp:689] Core 62: skipped 1024 AICore record slot(s) with start_time=0 (race-window write or recycled-buffer tail). buf seq=0 count=1024
[mono_ns=7178728750651871][T0xfd11c7deeca0][WARN] copy_aicore_buffer: [chip_swimlane_collector.cpp:689] Core 65: skipped 1024 AICore record slot(s) with start_time=0 (race-window write or recycled-buffer tail). buf seq=0 count=1024
[mono_ns=7178728750655311][T0xfd11cacf8ca0][WARN] copy_aicore_buffer: [chip_swimlane_collector.cpp:689] Core 61: skipped 1024 AICore record slot(s) with start_time=0 (race-window write or recycled-buffer tail). buf seq=0 count=1024
[mono_ns=7178728750672731][T0xfd11ca4e8ca0][WARN] copy_aicore_buffer: [chip_swimlane_collector.cpp:689] Core 63: skipped 1024 AICore record slot(s) with start_time=0 (race-window write or recycled-buffer tail). buf seq=0 count=1024
[mono_ns=7178728750975243][T0xfd11cacf8ca0][WARN] copy_aicore_buffer: [chip_swimlane_collector.cpp:689] Core 21: skipped 1024 AICore record slot(s) with start_time=0 (race-window write or recycled-buffer tail). buf seq=0 count=1024
[mono_ns=7178728750980983][T0xfd11c7deeca0][WARN] copy_aicore_buffer: [chip_swimlane_collector.cpp:689] Core 23: skipped 1024 AICore record slot(s) with start_time=0 (race-window write or recycled-buffer tail). buf seq=0 count=1024
[mono_ns=7178728751011503][T0xfd11ca4e8ca0][WARN] copy_aicore_buffer: [chip_swimlane_collector.cpp:689] Core 22: skipped 1024 AICore record slot(s) with start_time=0 (race-window write or recycled-buffer tail). buf seq=0 count=1024
[mono_ns=7178728751317695][T0xfd11cacf8ca0][WARN] copy_aicore_buffer: [chip_swimlane_collector.cpp:689] Core 66: skipped 1024 AICore record slot(s) with start_time=0 (race-window write or recycled-buffer tail). buf seq=0 count=1024
[mono_ns=7178728751322415][T0xfd11c7deeca0][WARN] copy_aicore_buffer: [chip_swimlane_collector.cpp:689] Core 70: skipped 1024 AICore record slot(s) with start_time=0 (race-window write or recycled-buffer tail). buf seq=0 count=1024
[mono_ns=7178728751359406][T0xfd11ca4e8ca0][WARN] copy_aicore_buffer: [chip_swimlane_collector.cpp:689] Core 68: skipped 1024 AICore record slot(s) with start_time=0 (race-window write or recycled-buffer tail). buf seq=0 count=1024
[mono_ns=7178728751655808][T0xfd11c7deeca0][WARN] copy_aicore_buffer: [chip_swimlane_collector.cpp:689] Core 71: skipped 1024 AICore record slot(s) with start_time=0 (race-window write or recycled-buffer tail). buf seq=0 count=1024
[mono_ns=7178728751664228][T0xfd11cacf8ca0][WARN] copy_aicore_buffer: [chip_swimlane_collector.cpp:689] Core 67: skipped 1024 AICore record slot(s) with start_time=0 (race-window write or recycled-buffer tail). buf seq=0 count=1024
[mono_ns=7178728751685058][T0xfd11ca4e8ca0][WARN] copy_aicore_buffer: [chip_swimlane_collector.cpp:689] Core 69: skipped 1024 AICore record slot(s) with start_time=0 (race-window write or recycled-buffer tail). buf seq=0 count=1024
[mono_ns=7178728852244542][T0xfd132294b020][TIMING] emit_host_span: [STRACE] v=1 pid=327594 tid=327594 inv=6 hid=d981d29f0dfe9ced depth=1 name=chip.run.runner_run ts=7178728742278961 dur=109958011 
[mono_ns=7178728852334482][T0xfd132294b020][TIMING] emit_host_span: [STRACE] v=1 pid=327594 tid=327594 inv=6 hid=d981d29f0dfe9ced depth=1 name=chip.run.validate ts=7178728852255892 dur=74840 
[mono_ns=7178728852348172][T0xfd132294b020][TIMING] emit_host_span: [STRACE] v=1 pid=327594 tid=327594 inv=6 hid=d981d29f0dfe9ced depth=2 name=chip.run.runner_run.device_wall ts=0 dur=1461440 clk=dev
[mono_ns=7178728852353032][T0xfd132294b020][TIMING] emit_host_span: [STRACE] v=1 pid=327594 tid=327594 inv=6 hid=d981d29f0dfe9ced depth=3 name=chip.run.runner_run.device_wall.preamble ts=0 dur=114980 clk=dev
[mono_ns=7178728852357392][T0xfd132294b020][TIMING] emit_host_span: [STRACE] v=1 pid=327594 tid=327594 inv=6 hid=d981d29f0dfe9ced depth=3 name=chip.run.runner_run.device_wall.graph_build ts=110000 dur=1342040 clk=dev
[mono_ns=7178728852361633][T0xfd132294b020][TIMING] emit_host_span: [STRACE] v=1 pid=327594 tid=327594 inv=6 hid=d981d29f0dfe9ced depth=3 name=chip.run.runner_run.device_wall.config_validate ts=110100 dur=760 clk=dev
[mono_ns=7178728852367463][T0xfd132294b020][TIMING] emit_host_span: [STRACE] v=1 pid=327594 tid=327594 inv=6 hid=d981d29f0dfe9ced depth=3 name=chip.run.runner_run.device_wall.arena_wire ts=110880 dur=620 clk=dev
[mono_ns=7178728852377613][T0xfd132294b020][TIMING] emit_host_span: [STRACE] v=1 pid=327594 tid=327594 inv=6 hid=d981d29f0dfe9ced depth=3 name=chip.run.runner_run.device_wall.sm_reset ts=111540 dur=660 clk=dev
[mono_ns=7178728852381593][T0xfd132294b020][TIMING] emit_host_span: [STRACE] v=1 pid=327594 tid=327594 inv=6 hid=d981d29f0dfe9ced depth=3 name=chip.run.runner_run.device_wall.post_orch ts=1452100 dur=8920 clk=dev
[mono_ns=7178728852388823][T0xfd132294b020][TIMING] emit_host_span: [STRACE] v=1 pid=327594 tid=327594 inv=6 hid=d981d29f0dfe9ced depth=3 name=chip.run.runner_run.device_wall.orch ts=112240 dur=4380 clk=dev
[mono_ns=7178728852392493][T0xfd132294b020][TIMING] emit_host_span: [STRACE] v=1 pid=327594 tid=327594 inv=6 hid=d981d29f0dfe9ced depth=3 name=chip.run.runner_run.device_wall.sched ts=115080 dur=1313520 clk=dev
[mono_ns=7178728852397673][T0xfd132294b020][TIMING] emit_host_span: [STRACE] v=1 pid=327594 tid=327594 inv=6 hid=d981d29f0dfe9ced depth=1 name=chip.run.claim_release ts=7178728852395123 dur=820 
[mono_ns=7178728852403243][T0xfd132294b020][TIMING] emit_host_span: [STRACE] v=1 pid=327594 tid=327594 inv=6 hid=d981d29f0dfe9ced depth=0 name=chip.run ts=7178728741564806 dur=110836337 run_id=6 dispatch_id=6 slot_id=0 generation=6 run_epoch=6
[mono_ns=7178731262328266][T0xfd132294b020][TIMING] emit_host_span: [STRACE] v=1 pid=327594 tid=327594 inv=7 hid=d981d29f0dfe9ced depth=2 name=chip.run.bind.args ts=7178731262179275 dur=141041 
[mono_ns=7178731262351706][T0xfd132294b020][TIMING] emit_host_span: [STRACE] v=1 pid=327594 tid=327594 inv=7 hid=d981d29f0dfe9ced depth=2 name=chip.run.bind.prebuilt ts=7178731262343416 dur=5690 
[mono_ns=7178731262358126][T0xfd132294b020][TIMING] emit_host_span: [STRACE] v=1 pid=327594 tid=327594 inv=7 hid=d981d29f0dfe9ced depth=1 name=chip.run.bind ts=7178731262166465 dur=188081 
[mono_ns=7178731370600574][T0xfd132294b020][TIMING] emit_host_span: [STRACE] v=1 pid=327594 tid=327594 inv=7 hid=d981d29f0dfe9ced depth=1 name=chip.run.runner_run ts=7178731262681698 dur=107908376 
[mono_ns=7178731370725415][T0xfd132294b020][TIMING] emit_host_span: [STRACE] v=1 pid=327594 tid=327594 inv=7 hid=d981d29f0dfe9ced depth=1 name=chip.run.validate ts=7178731370621734 dur=99221 
[mono_ns=7178731370732675][T0xfd132294b020][TIMING] emit_host_span: [STRACE] v=1 pid=327594 tid=327594 inv=7 hid=d981d29f0dfe9ced depth=2 name=chip.run.runner_run.device_wall ts=0 dur=1248100 clk=dev
[mono_ns=7178731370736205][T0xfd132294b020][TIMING] emit_host_span: [STRACE] v=1 pid=327594 tid=327594 inv=7 hid=d981d29f0dfe9ced depth=3 name=chip.run.runner_run.device_wall.preamble ts=0 dur=6160 clk=dev
[mono_ns=7178731370739505][T0xfd132294b020][TIMING] emit_host_span: [STRACE] v=1 pid=327594 tid=327594 inv=7 hid=d981d29f0dfe9ced depth=3 name=chip.run.runner_run.device_wall.graph_build ts=1560 dur=1237060 clk=dev
[mono_ns=7178731370742695][T0xfd132294b020][TIMING] emit_host_span: [STRACE] v=1 pid=327594 tid=327594 inv=7 hid=d981d29f0dfe9ced depth=3 name=chip.run.runner_run.device_wall.config_validate ts=1980 dur=740 clk=dev
[mono_ns=7178731370747015][T0xfd132294b020][TIMING] emit_host_span: [STRACE] v=1 pid=327594 tid=327594 inv=7 hid=d981d29f0dfe9ced depth=3 name=chip.run.runner_run.device_wall.arena_wire ts=2740 dur=1420 clk=dev
[mono_ns=7178731370749995][T0xfd132294b020][TIMING] emit_host_span: [STRACE] v=1 pid=327594 tid=327594 inv=7 hid=d981d29f0dfe9ced depth=3 name=chip.run.runner_run.device_wall.sm_reset ts=4180 dur=1640 clk=dev
[mono_ns=7178731370752975][T0xfd132294b020][TIMING] emit_host_span: [STRACE] v=1 pid=327594 tid=327594 inv=7 hid=d981d29f0dfe9ced depth=3 name=chip.run.runner_run.device_wall.post_orch ts=1238659 dur=9220 clk=dev
[mono_ns=7178731370757945][T0xfd132294b020][TIMING] emit_host_span: [STRACE] v=1 pid=327594 tid=327594 inv=7 hid=d981d29f0dfe9ced depth=3 name=chip.run.runner_run.device_wall.orch ts=6880 dur=12280 clk=dev
[mono_ns=7178731370761145][T0xfd132294b020][TIMING] emit_host_span: [STRACE] v=1 pid=327594 tid=327594 inv=7 hid=d981d29f0dfe9ced depth=3 name=chip.run.runner_run.device_wall.sched ts=6240 dur=1224920 clk=dev
[mono_ns=7178731370765495][T0xfd132294b020][TIMING] emit_host_span: [STRACE] v=1 pid=327594 tid=327594 inv=7 hid=d981d29f0dfe9ced depth=1 name=chip.run.claim_release ts=7178731370763165 dur=530 
[mono_ns=7178731370770085][T0xfd132294b020][TIMING] emit_host_span: [STRACE] v=1 pid=327594 tid=327594 inv=7 hid=d981d29f0dfe9ced depth=0 name=chip.run ts=7178731262060784 dur=108707361 run_id=7 dispatch_id=7 slot_id=0 generation=7 run_epoch=7
[mono_ns=7178731374352731][T0xfd132294b020][TIMING] emit_host_span: [STRACE] v=1 pid=327594 tid=327594 inv=8 hid=d981d29f0dfe9ced depth=2 name=chip.run.bind.args ts=7178731374234930 dur=111901 
[mono_ns=7178731374365351][T0xfd132294b020][TIMING] emit_host_span: [STRACE] v=1 pid=327594 tid=327594 inv=8 hid=d981d29f0dfe9ced depth=2 name=chip.run.bind.prebuilt ts=7178731374359601 dur=3130 
[mono_ns=7178731374369771][T0xfd132294b020][TIMING] emit_host_span: [STRACE] v=1 pid=327594 tid=327594 inv=8 hid=d981d29f0dfe9ced depth=1 name=chip.run.bind ts=7178731374227350 dur=140171 
[mono_ns=7178731377054760][T0xfd11cacf8ca0][WARN] copy_aicore_buffer: [chip_swimlane_collector.cpp:689] Core 0: skipped 1024 AICore record slot(s) with start_time=0 (race-window write or recycled-buffer tail). buf seq=0 count=1024
[mono_ns=7178731377055510][T0xfd11c7deeca0][WARN] copy_aicore_buffer: [chip_swimlane_collector.cpp:689] Core 2: skipped 1024 AICore record slot(s) with start_time=0 (race-window write or recycled-buffer tail). buf seq=0 count=1024
[mono_ns=7178731377099480][T0xfd11ca4e8ca0][WARN] copy_aicore_buffer: [chip_swimlane_collector.cpp:689] Core 1: skipped 1024 AICore record slot(s) with start_time=0 (race-window write or recycled-buffer tail). buf seq=0 count=1024
[mono_ns=7178731377377612][T0xfd11cacf8ca0][WARN] copy_aicore_buffer: [chip_swimlane_collector.cpp:689] Core 24: skipped 1022 AICore record slot(s) with start_time=0 (race-window write or recycled-buffer tail). buf seq=0 count=1024
[mono_ns=7178731377388372][T0xfd11c7deeca0][WARN] copy_aicore_buffer: [chip_swimlane_collector.cpp:689] Core 28: skipped 1024 AICore record slot(s) with start_time=0 (race-window write or recycled-buffer tail). buf seq=0 count=1024
[mono_ns=7178731377416012][T0xfd11ca4e8ca0][WARN] copy_aicore_buffer: [chip_swimlane_collector.cpp:689] Core 26: skipped 1023 AICore record slot(s) with start_time=0 (race-window write or recycled-buffer tail). buf seq=0 count=1024
[mono_ns=7178731377689794][T0xfd11cacf8ca0][WARN] copy_aicore_buffer: [chip_swimlane_collector.cpp:689] Core 25: skipped 1024 AICore record slot(s) with start_time=0 (race-window write or recycled-buffer tail). buf seq=0 count=1024
[mono_ns=7178731377700785][T0xfd11c7deeca0][WARN] copy_aicore_buffer: [chip_swimlane_collector.cpp:689] Core 29: skipped 1024 AICore record slot(s) with start_time=0 (race-window write or recycled-buffer tail). buf seq=0 count=1024
[mono_ns=7178731377731165][T0xfd11ca4e8ca0][WARN] copy_aicore_buffer: [chip_swimlane_collector.cpp:689] Core 27: skipped 1024 AICore record slot(s) with start_time=0 (race-window write or recycled-buffer tail). buf seq=0 count=1024
[mono_ns=7178731378012237][T0xfd11cacf8ca0][WARN] copy_aicore_buffer: [chip_swimlane_collector.cpp:689] Core 3: skipped 1024 AICore record slot(s) with start_time=0 (race-window write or recycled-buffer tail). buf seq=0 count=1024
[mono_ns=7178731378028487][T0xfd11c7deeca0][WARN] copy_aicore_buffer: [chip_swimlane_collector.cpp:689] Core 5: skipped 1024 AICore record slot(s) with start_time=0 (race-window write or recycled-buffer tail). buf seq=0 count=1024
[mono_ns=7178731378058087][T0xfd11ca4e8ca0][WARN] copy_aicore_buffer: [chip_swimlane_collector.cpp:689] Core 4: skipped 1024 AICore record slot(s) with start_time=0 (race-window write or recycled-buffer tail). buf seq=0 count=1024
[mono_ns=7178731378324039][T0xfd11cacf8ca0][WARN] copy_aicore_buffer: [chip_swimlane_collector.cpp:689] Core 30: skipped 1024 AICore record slot(s) with start_time=0 (race-window write or recycled-buffer tail). buf seq=0 count=1024
[mono_ns=7178731378339309][T0xfd11c7deeca0][WARN] copy_aicore_buffer: [chip_swimlane_collector.cpp:689] Core 34: skipped 1024 AICore record slot(s) with start_time=0 (race-window write or recycled-buffer tail). buf seq=0 count=1024
[mono_ns=7178731378370739][T0xfd11ca4e8ca0][WARN] copy_aicore_buffer: [chip_swimlane_collector.cpp:689] Core 32: skipped 1024 AICore record slot(s) with start_time=0 (race-window write or recycled-buffer tail). buf seq=0 count=1024
[mono_ns=7178731378635521][T0xfd11cacf8ca0][WARN] copy_aicore_buffer: [chip_swimlane_collector.cpp:689] Core 31: skipped 1024 AICore record slot(s) with start_time=0 (race-window write or recycled-buffer tail). buf seq=0 count=1024
[mono_ns=7178731378652841][T0xfd11c7deeca0][WARN] copy_aicore_buffer: [chip_swimlane_collector.cpp:689] Core 35: skipped 1024 AICore record slot(s) with start_time=0 (race-window write or recycled-buffer tail). buf seq=0 count=1024
[mono_ns=7178731378683421][T0xfd11ca4e8ca0][WARN] copy_aicore_buffer: [chip_swimlane_collector.cpp:689] Core 33: skipped 1024 AICore record slot(s) with start_time=0 (race-window write or recycled-buffer tail). buf seq=0 count=1024
[mono_ns=7178731378950493][T0xfd11cacf8ca0][WARN] copy_aicore_buffer: [chip_swimlane_collector.cpp:689] Core 6: skipped 1024 AICore record slot(s) with start_time=0 (race-window write or recycled-buffer tail). buf seq=0 count=1024
[mono_ns=7178731378963963][T0xfd11c7deeca0][WARN] copy_aicore_buffer: [chip_swimlane_collector.cpp:689] Core 8: skipped 1024 AICore record slot(s) with start_time=0 (race-window write or recycled-buffer tail). buf seq=0 count=1024
[mono_ns=7178731378995784][T0xfd11ca4e8ca0][WARN] copy_aicore_buffer: [chip_swimlane_collector.cpp:689] Core 7: skipped 1024 AICore record slot(s) with start_time=0 (race-window write or recycled-buffer tail). buf seq=0 count=1024
[mono_ns=7178731379278496][T0xfd11cacf8ca0][WARN] copy_aicore_buffer: [chip_swimlane_collector.cpp:689] Core 36: skipped 1024 AICore record slot(s) with start_time=0 (race-window write or recycled-buffer tail). buf seq=0 count=1024
[mono_ns=7178731379287136][T0xfd11c7deeca0][WARN] copy_aicore_buffer: [chip_swimlane_collector.cpp:689] Core 40: skipped 1024 AICore record slot(s) with start_time=0 (race-window write or recycled-buffer tail). buf seq=0 count=1024
[mono_ns=7178731379325666][T0xfd11ca4e8ca0][WARN] copy_aicore_buffer: [chip_swimlane_collector.cpp:689] Core 38: skipped 1024 AICore record slot(s) with start_time=0 (race-window write or recycled-buffer tail). buf seq=0 count=1024
[mono_ns=7178731379590238][T0xfd11cacf8ca0][WARN] copy_aicore_buffer: [chip_swimlane_collector.cpp:689] Core 37: skipped 1024 AICore record slot(s) with start_time=0 (race-window write or recycled-buffer tail). buf seq=0 count=1024
[mono_ns=7178731379597338][T0xfd11c7deeca0][WARN] copy_aicore_buffer: [chip_swimlane_collector.cpp:689] Core 41: skipped 1024 AICore record slot(s) with start_time=0 (race-window write or recycled-buffer tail). buf seq=0 count=1024
[mono_ns=7178731379637348][T0xfd11ca4e8ca0][WARN] copy_aicore_buffer: [chip_swimlane_collector.cpp:689] Core 39: skipped 1024 AICore record slot(s) with start_time=0 (race-window write or recycled-buffer tail). buf seq=0 count=1024
[mono_ns=7178731379901320][T0xfd11cacf8ca0][WARN] copy_aicore_buffer: [chip_swimlane_collector.cpp:689] Core 9: skipped 1024 AICore record slot(s) with start_time=0 (race-window write or recycled-buffer tail). buf seq=0 count=1024
[mono_ns=7178731379908080][T0xfd11c7deeca0][WARN] copy_aicore_buffer: [chip_swimlane_collector.cpp:689] Core 11: skipped 1024 AICore record slot(s) with start_time=0 (race-window write or recycled-buffer tail). buf seq=0 count=1024
[mono_ns=7178731379950160][T0xfd11ca4e8ca0][WARN] copy_aicore_buffer: [chip_swimlane_collector.cpp:689] Core 10: skipped 1024 AICore record slot(s) with start_time=0 (race-window write or recycled-buffer tail). buf seq=0 count=1024
[mono_ns=7178731380229112][T0xfd11cacf8ca0][WARN] copy_aicore_buffer: [chip_swimlane_collector.cpp:689] Core 42: skipped 1024 AICore record slot(s) with start_time=0 (race-window write or recycled-buffer tail). buf seq=0 count=1024
[mono_ns=7178731380241243][T0xfd11c7deeca0][WARN] copy_aicore_buffer: [chip_swimlane_collector.cpp:689] Core 46: skipped 1024 AICore record slot(s) with start_time=0 (race-window write or recycled-buffer tail). buf seq=0 count=1024
[mono_ns=7178731380283083][T0xfd11ca4e8ca0][WARN] copy_aicore_buffer: [chip_swimlane_collector.cpp:689] Core 44: skipped 1024 AICore record slot(s) with start_time=0 (race-window write or recycled-buffer tail). buf seq=0 count=1024
[mono_ns=7178731380541415][T0xfd11cacf8ca0][WARN] copy_aicore_buffer: [chip_swimlane_collector.cpp:689] Core 43: skipped 1024 AICore record slot(s) with start_time=0 (race-window write or recycled-buffer tail). buf seq=0 count=1024
[mono_ns=7178731380552035][T0xfd11c7deeca0][WARN] copy_aicore_buffer: [chip_swimlane_collector.cpp:689] Core 47: skipped 1024 AICore record slot(s) with start_time=0 (race-window write or recycled-buffer tail). buf seq=0 count=1024
[mono_ns=7178731380596055][T0xfd11ca4e8ca0][WARN] copy_aicore_buffer: [chip_swimlane_collector.cpp:689] Core 45: skipped 1024 AICore record slot(s) with start_time=0 (race-window write or recycled-buffer tail). buf seq=0 count=1024
[mono_ns=7178731380852497][T0xfd11cacf8ca0][WARN] copy_aicore_buffer: [chip_swimlane_collector.cpp:689] Core 12: skipped 1024 AICore record slot(s) with start_time=0 (race-window write or recycled-buffer tail). buf seq=0 count=1024
[mono_ns=7178731380864217][T0xfd11c7deeca0][WARN] copy_aicore_buffer: [chip_swimlane_collector.cpp:689] Core 14: skipped 1024 AICore record slot(s) with start_time=0 (race-window write or recycled-buffer tail). buf seq=0 count=1024
[mono_ns=7178731380910957][T0xfd11ca4e8ca0][WARN] copy_aicore_buffer: [chip_swimlane_collector.cpp:689] Core 13: skipped 1024 AICore record slot(s) with start_time=0 (race-window write or recycled-buffer tail). buf seq=0 count=1024
[mono_ns=7178731381174939][T0xfd11cacf8ca0][WARN] copy_aicore_buffer: [chip_swimlane_collector.cpp:689] Core 48: skipped 1024 AICore record slot(s) with start_time=0 (race-window write or recycled-buffer tail). buf seq=0 count=1024
[mono_ns=7178731381185209][T0xfd11c7deeca0][WARN] copy_aicore_buffer: [chip_swimlane_collector.cpp:689] Core 52: skipped 1024 AICore record slot(s) with start_time=0 (race-window write or recycled-buffer tail). buf seq=0 count=1024
[mono_ns=7178731381235990][T0xfd11ca4e8ca0][WARN] copy_aicore_buffer: [chip_swimlane_collector.cpp:689] Core 50: skipped 1024 AICore record slot(s) with start_time=0 (race-window write or recycled-buffer tail). buf seq=0 count=1024
[mono_ns=7178731381486201][T0xfd11cacf8ca0][WARN] copy_aicore_buffer: [chip_swimlane_collector.cpp:689] Core 49: skipped 1024 AICore record slot(s) with start_time=0 (race-window write or recycled-buffer tail). buf seq=0 count=1024
[mono_ns=7178731381494841][T0xfd11c7deeca0][WARN] copy_aicore_buffer: [chip_swimlane_collector.cpp:689] Core 53: skipped 1024 AICore record slot(s) with start_time=0 (race-window write or recycled-buffer tail). buf seq=0 count=1024
[mono_ns=7178731381549132][T0xfd11ca4e8ca0][WARN] copy_aicore_buffer: [chip_swimlane_collector.cpp:689] Core 51: skipped 1024 AICore record slot(s) with start_time=0 (race-window write or recycled-buffer tail). buf seq=0 count=1024
[mono_ns=7178731381798514][T0xfd11cacf8ca0][WARN] copy_aicore_buffer: [chip_swimlane_collector.cpp:689] Core 15: skipped 1024 AICore record slot(s) with start_time=0 (race-window write or recycled-buffer tail). buf seq=0 count=1024
[mono_ns=7178731381805404][T0xfd11c7deeca0][WARN] copy_aicore_buffer: [chip_swimlane_collector.cpp:689] Core 17: skipped 1024 AICore record slot(s) with start_time=0 (race-window write or recycled-buffer tail). buf seq=0 count=1024
[mono_ns=7178731381862804][T0xfd11ca4e8ca0][WARN] copy_aicore_buffer: [chip_swimlane_collector.cpp:689] Core 16: skipped 1024 AICore record slot(s) with start_time=0 (race-window write or recycled-buffer tail). buf seq=0 count=1024
[mono_ns=7178731382113156][T0xfd11cacf8ca0][WARN] copy_aicore_buffer: [chip_swimlane_collector.cpp:689] Core 54: skipped 1024 AICore record slot(s) with start_time=0 (race-window write or recycled-buffer tail). buf seq=0 count=1024
[mono_ns=7178731382123686][T0xfd11c7deeca0][WARN] copy_aicore_buffer: [chip_swimlane_collector.cpp:689] Core 58: skipped 1024 AICore record slot(s) with start_time=0 (race-window write or recycled-buffer tail). buf seq=0 count=1024
[mono_ns=7178731382184026][T0xfd11ca4e8ca0][WARN] copy_aicore_buffer: [chip_swimlane_collector.cpp:689] Core 56: skipped 1024 AICore record slot(s) with start_time=0 (race-window write or recycled-buffer tail). buf seq=0 count=1024
[mono_ns=7178731382424458][T0xfd11cacf8ca0][WARN] copy_aicore_buffer: [chip_swimlane_collector.cpp:689] Core 55: skipped 1024 AICore record slot(s) with start_time=0 (race-window write or recycled-buffer tail). buf seq=0 count=1024
[mono_ns=7178731382436438][T0xfd11c7deeca0][WARN] copy_aicore_buffer: [chip_swimlane_collector.cpp:689] Core 59: skipped 1024 AICore record slot(s) with start_time=0 (race-window write or recycled-buffer tail). buf seq=0 count=1024
[mono_ns=7178731382497949][T0xfd11ca4e8ca0][WARN] copy_aicore_buffer: [chip_swimlane_collector.cpp:689] Core 57: skipped 1024 AICore record slot(s) with start_time=0 (race-window write or recycled-buffer tail). buf seq=0 count=1024
[mono_ns=7178731382736200][T0xfd11cacf8ca0][WARN] copy_aicore_buffer: [chip_swimlane_collector.cpp:689] Core 18: skipped 1024 AICore record slot(s) with start_time=0 (race-window write or recycled-buffer tail). buf seq=0 count=1024
[mono_ns=7178731382747790][T0xfd11c7deeca0][WARN] copy_aicore_buffer: [chip_swimlane_collector.cpp:689] Core 20: skipped 1024 AICore record slot(s) with start_time=0 (race-window write or recycled-buffer tail). buf seq=0 count=1024
[mono_ns=7178731382810481][T0xfd11ca4e8ca0][WARN] copy_aicore_buffer: [chip_swimlane_collector.cpp:689] Core 19: skipped 1024 AICore record slot(s) with start_time=0 (race-window write or recycled-buffer tail). buf seq=0 count=1024
[mono_ns=7178731383061113][T0xfd11cacf8ca0][WARN] copy_aicore_buffer: [chip_swimlane_collector.cpp:689] Core 60: skipped 1024 AICore record slot(s) with start_time=0 (race-window write or recycled-buffer tail). buf seq=0 count=1024
[mono_ns=7178731383070313][T0xfd11c7deeca0][WARN] copy_aicore_buffer: [chip_swimlane_collector.cpp:689] Core 64: skipped 1024 AICore record slot(s) with start_time=0 (race-window write or recycled-buffer tail). buf seq=0 count=1024
[mono_ns=7178731383134153][T0xfd11ca4e8ca0][WARN] copy_aicore_buffer: [chip_swimlane_collector.cpp:689] Core 62: skipped 1024 AICore record slot(s) with start_time=0 (race-window write or recycled-buffer tail). buf seq=0 count=1024
[mono_ns=7178731383372595][T0xfd11cacf8ca0][WARN] copy_aicore_buffer: [chip_swimlane_collector.cpp:689] Core 61: skipped 1024 AICore record slot(s) with start_time=0 (race-window write or recycled-buffer tail). buf seq=0 count=1024
[mono_ns=7178731383381245][T0xfd11c7deeca0][WARN] copy_aicore_buffer: [chip_swimlane_collector.cpp:689] Core 65: skipped 1024 AICore record slot(s) with start_time=0 (race-window write or recycled-buffer tail). buf seq=0 count=1024
[mono_ns=7178731383447795][T0xfd11ca4e8ca0][WARN] copy_aicore_buffer: [chip_swimlane_collector.cpp:689] Core 63: skipped 1024 AICore record slot(s) with start_time=0 (race-window write or recycled-buffer tail). buf seq=0 count=1024
[mono_ns=7178731383684007][T0xfd11cacf8ca0][WARN] copy_aicore_buffer: [chip_swimlane_collector.cpp:689] Core 21: skipped 1024 AICore record slot(s) with start_time=0 (race-window write or recycled-buffer tail). buf seq=0 count=1024
[mono_ns=7178731383690497][T0xfd11c7deeca0][WARN] copy_aicore_buffer: [chip_swimlane_collector.cpp:689] Core 23: skipped 1024 AICore record slot(s) with start_time=0 (race-window write or recycled-buffer tail). buf seq=0 count=1024
[mono_ns=7178731383761098][T0xfd11ca4e8ca0][WARN] copy_aicore_buffer: [chip_swimlane_collector.cpp:689] Core 22: skipped 1024 AICore record slot(s) with start_time=0 (race-window write or recycled-buffer tail). buf seq=0 count=1024
[mono_ns=7178731383994739][T0xfd11cacf8ca0][WARN] copy_aicore_buffer: [chip_swimlane_collector.cpp:689] Core 66: skipped 1024 AICore record slot(s) with start_time=0 (race-window write or recycled-buffer tail). buf seq=0 count=1024
[mono_ns=7178731384005939][T0xfd11c7deeca0][WARN] copy_aicore_buffer: [chip_swimlane_collector.cpp:689] Core 70: skipped 1024 AICore record slot(s) with start_time=0 (race-window write or recycled-buffer tail). buf seq=0 count=1024
[mono_ns=7178731384079350][T0xfd11ca4e8ca0][WARN] copy_aicore_buffer: [chip_swimlane_collector.cpp:689] Core 68: skipped 1024 AICore record slot(s) with start_time=0 (race-window write or recycled-buffer tail). buf seq=0 count=1024
[mono_ns=7178731384310331][T0xfd11cacf8ca0][WARN] copy_aicore_buffer: [chip_swimlane_collector.cpp:689] Core 67: skipped 1024 AICore record slot(s) with start_time=0 (race-window write or recycled-buffer tail). buf seq=0 count=1024
[mono_ns=7178731384315521][T0xfd11c7deeca0][WARN] copy_aicore_buffer: [chip_swimlane_collector.cpp:689] Core 71: skipped 1024 AICore record slot(s) with start_time=0 (race-window write or recycled-buffer tail). buf seq=0 count=1024
[mono_ns=7178731384391922][T0xfd11ca4e8ca0][WARN] copy_aicore_buffer: [chip_swimlane_collector.cpp:689] Core 69: skipped 1024 AICore record slot(s) with start_time=0 (race-window write or recycled-buffer tail). buf seq=0 count=1024
[mono_ns=7178731485091047][T0xfd132294b020][TIMING] emit_host_span: [STRACE] v=1 pid=327594 tid=327594 inv=8 hid=d981d29f0dfe9ced depth=1 name=chip.run.runner_run ts=7178731374729133 dur=110353083 
[mono_ns=7178731485186007][T0xfd132294b020][TIMING] emit_host_span: [STRACE] v=1 pid=327594 tid=327594 inv=8 hid=d981d29f0dfe9ced depth=1 name=chip.run.validate ts=7178731485098627 dur=83430 
[mono_ns=7178731485192747][T0xfd132294b020][TIMING] emit_host_span: [STRACE] v=1 pid=327594 tid=327594 inv=8 hid=d981d29f0dfe9ced depth=2 name=chip.run.runner_run.device_wall ts=0 dur=1810480 clk=dev
[mono_ns=7178731485197277][T0xfd132294b020][TIMING] emit_host_span: [STRACE] v=1 pid=327594 tid=327594 inv=8 hid=d981d29f0dfe9ced depth=3 name=chip.run.runner_run.device_wall.preamble ts=0 dur=112759 clk=dev
[mono_ns=7178731485201987][T0xfd132294b020][TIMING] emit_host_span: [STRACE] v=1 pid=327594 tid=327594 inv=8 hid=d981d29f0dfe9ced depth=3 name=chip.run.runner_run.device_wall.graph_build ts=108700 dur=1692840 clk=dev
[mono_ns=7178731485205607][T0xfd132294b020][TIMING] emit_host_span: [STRACE] v=1 pid=327594 tid=327594 inv=8 hid=d981d29f0dfe9ced depth=3 name=chip.run.runner_run.device_wall.config_validate ts=108800 dur=780 clk=dev
[mono_ns=7178731485213807][T0xfd132294b020][TIMING] emit_host_span: [STRACE] v=1 pid=327594 tid=327594 inv=8 hid=d981d29f0dfe9ced depth=3 name=chip.run.runner_run.device_wall.arena_wire ts=109600 dur=799 clk=dev
[mono_ns=7178731485217347][T0xfd132294b020][TIMING] emit_host_span: [STRACE] v=1 pid=327594 tid=327594 inv=8 hid=d981d29f0dfe9ced depth=3 name=chip.run.runner_run.device_wall.sm_reset ts=110420 dur=560 clk=dev
[mono_ns=7178731485221027][T0xfd132294b020][TIMING] emit_host_span: [STRACE] v=1 pid=327594 tid=327594 inv=8 hid=d981d29f0dfe9ced depth=3 name=chip.run.runner_run.device_wall.post_orch ts=1801560 dur=8780 clk=dev
[mono_ns=7178731485224547][T0xfd132294b020][TIMING] emit_host_span: [STRACE] v=1 pid=327594 tid=327594 inv=8 hid=d981d29f0dfe9ced depth=3 name=chip.run.runner_run.device_wall.orch ts=111039 dur=4180 clk=dev
[mono_ns=7178731485227898][T0xfd132294b020][TIMING] emit_host_span: [STRACE] v=1 pid=327594 tid=327594 inv=8 hid=d981d29f0dfe9ced depth=3 name=chip.run.runner_run.device_wall.sched ts=112840 dur=1665180 clk=dev
[mono_ns=7178731485232378][T0xfd132294b020][TIMING] emit_host_span: [STRACE] v=1 pid=327594 tid=327594 inv=8 hid=d981d29f0dfe9ced depth=1 name=chip.run.claim_release ts=7178731485230208 dur=320 
[mono_ns=7178731485237518][T0xfd132294b020][TIMING] emit_host_span: [STRACE] v=1 pid=327594 tid=327594 inv=8 hid=d981d29f0dfe9ced depth=0 name=chip.run ts=7178731374191250 dur=111043758 run_id=8 dispatch_id=8 slot_id=0 generation=8 run_epoch=8
[mono_ns=7178733899291424][T0xfd132294b020][TIMING] emit_host_span: [STRACE] v=1 pid=327594 tid=327594 inv=9 hid=d981d29f0dfe9ced depth=2 name=chip.run.bind.args ts=7178733899057932 dur=226262 
[mono_ns=7178733899331784][T0xfd132294b020][TIMING] emit_host_span: [STRACE] v=1 pid=327594 tid=327594 inv=9 hid=d981d29f0dfe9ced depth=2 name=chip.run.bind.prebuilt ts=7178733899325724 dur=3290 
[mono_ns=7178733899336624][T0xfd132294b020][TIMING] emit_host_span: [STRACE] v=1 pid=327594 tid=327594 inv=9 hid=d981d29f0dfe9ced depth=1 name=chip.run.bind ts=7178733899045932 dur=288422 
[mono_ns=7178734004571611][T0xfd132294b020][TIMING] emit_host_span: [STRACE] v=1 pid=327594 tid=327594 inv=9 hid=d981d29f0dfe9ced depth=1 name=chip.run.runner_run ts=7178733899680627 dur=104869743 
[mono_ns=7178734004719722][T0xfd132294b020][TIMING] emit_host_span: [STRACE] v=1 pid=327594 tid=327594 inv=9 hid=d981d29f0dfe9ced depth=1 name=chip.run.validate ts=7178734004595671 dur=120061 
[mono_ns=7178734004728362][T0xfd132294b020][TIMING] emit_host_span: [STRACE] v=1 pid=327594 tid=327594 inv=9 hid=d981d29f0dfe9ced depth=2 name=chip.run.runner_run.device_wall ts=0 dur=2349560 clk=dev
[mono_ns=7178734004733162][T0xfd132294b020][TIMING] emit_host_span: [STRACE] v=1 pid=327594 tid=327594 inv=9 hid=d981d29f0dfe9ced depth=3 name=chip.run.runner_run.device_wall.preamble ts=0 dur=5340 clk=dev
[mono_ns=7178734004736762][T0xfd132294b020][TIMING] emit_host_span: [STRACE] v=1 pid=327594 tid=327594 inv=9 hid=d981d29f0dfe9ced depth=3 name=chip.run.runner_run.device_wall.graph_build ts=1320 dur=2339260 clk=dev
[mono_ns=7178734004739882][T0xfd132294b020][TIMING] emit_host_span: [STRACE] v=1 pid=327594 tid=327594 inv=9 hid=d981d29f0dfe9ced depth=3 name=chip.run.runner_run.device_wall.config_validate ts=1420 dur=840 clk=dev
[mono_ns=7178734004757272][T0xfd132294b020][TIMING] emit_host_span: [STRACE] v=1 pid=327594 tid=327594 inv=9 hid=d981d29f0dfe9ced depth=3 name=chip.run.runner_run.device_wall.arena_wire ts=2280 dur=760 clk=dev
[mono_ns=7178734004760602][T0xfd132294b020][TIMING] emit_host_span: [STRACE] v=1 pid=327594 tid=327594 inv=9 hid=d981d29f0dfe9ced depth=3 name=chip.run.runner_run.device_wall.sm_reset ts=3060 dur=600 clk=dev
[mono_ns=7178734004763552][T0xfd132294b020][TIMING] emit_host_span: [STRACE] v=1 pid=327594 tid=327594 inv=9 hid=d981d29f0dfe9ced depth=3 name=chip.run.runner_run.device_wall.post_orch ts=2340660 dur=8820 clk=dev
[mono_ns=7178734004767262][T0xfd132294b020][TIMING] emit_host_span: [STRACE] v=1 pid=327594 tid=327594 inv=9 hid=d981d29f0dfe9ced depth=3 name=chip.run.runner_run.device_wall.orch ts=4160 dur=7680 clk=dev
[mono_ns=7178734004770732][T0xfd132294b020][TIMING] emit_host_span: [STRACE] v=1 pid=327594 tid=327594 inv=9 hid=d981d29f0dfe9ced depth=3 name=chip.run.runner_run.device_wall.sched ts=5420 dur=2327900 clk=dev
[mono_ns=7178734004776022][T0xfd132294b020][TIMING] emit_host_span: [STRACE] v=1 pid=327594 tid=327594 inv=9 hid=d981d29f0dfe9ced depth=1 name=chip.run.claim_release ts=7178734004773242 dur=480 
[mono_ns=7178734004781162][T0xfd132294b020][TIMING] emit_host_span: [STRACE] v=1 pid=327594 tid=327594 inv=9 hid=d981d29f0dfe9ced depth=0 name=chip.run ts=7178733898947111 dur=105831821 run_id=9 dispatch_id=9 slot_id=0 generation=9 run_epoch=9
[mono_ns=7178734016127043][T0xfd132294b020][TIMING] emit_host_span: [STRACE] v=1 pid=327594 tid=327594 inv=10 hid=d981d29f0dfe9ced depth=2 name=chip.run.bind.args ts=7178734015974611 dur=146212 
[mono_ns=7178734016144703][T0xfd132294b020][TIMING] emit_host_span: [STRACE] v=1 pid=327594 tid=327594 inv=10 hid=d981d29f0dfe9ced depth=2 name=chip.run.bind.prebuilt ts=7178734016139163 dur=2710 
[mono_ns=7178734016150713][T0xfd132294b020][TIMING] emit_host_span: [STRACE] v=1 pid=327594 tid=327594 inv=10 hid=d981d29f0dfe9ced depth=1 name=chip.run.bind ts=7178734015965161 dur=183202 
[mono_ns=7178734019724618][T0xfd11ca4e8ca0][WARN] copy_aicore_buffer: [chip_swimlane_collector.cpp:689] Core 1: skipped 1024 AICore record slot(s) with start_time=0 (race-window write or recycled-buffer tail). buf seq=0 count=1024
[mono_ns=7178734019744908][T0xfd11cacf8ca0][WARN] copy_aicore_buffer: [chip_swimlane_collector.cpp:689] Core 0: skipped 1024 AICore record slot(s) with start_time=0 (race-window write or recycled-buffer tail). buf seq=0 count=1024
[mono_ns=7178734019744938][T0xfd11c7deeca0][WARN] copy_aicore_buffer: [chip_swimlane_collector.cpp:689] Core 2: skipped 1024 AICore record slot(s) with start_time=0 (race-window write or recycled-buffer tail). buf seq=0 count=1024
[mono_ns=7178734020030550][T0xfd11ca4e8ca0][WARN] copy_aicore_buffer: [chip_swimlane_collector.cpp:689] Core 26: skipped 1023 AICore record slot(s) with start_time=0 (race-window write or recycled-buffer tail). buf seq=0 count=1024
[mono_ns=7178734020075681][T0xfd11cacf8ca0][WARN] copy_aicore_buffer: [chip_swimlane_collector.cpp:689] Core 24: skipped 1024 AICore record slot(s) with start_time=0 (race-window write or recycled-buffer tail). buf seq=0 count=1024
[mono_ns=7178734020081101][T0xfd11c7deeca0][WARN] copy_aicore_buffer: [chip_swimlane_collector.cpp:689] Core 28: skipped 1022 AICore record slot(s) with start_time=0 (race-window write or recycled-buffer tail). buf seq=0 count=1024
[mono_ns=7178734020319372][T0xfd11ca4e8ca0][WARN] copy_aicore_buffer: [chip_swimlane_collector.cpp:689] Core 27: skipped 1024 AICore record slot(s) with start_time=0 (race-window write or recycled-buffer tail). buf seq=0 count=1024
[mono_ns=7178734020401283][T0xfd11c7deeca0][WARN] copy_aicore_buffer: [chip_swimlane_collector.cpp:689] Core 29: skipped 1024 AICore record slot(s) with start_time=0 (race-window write or recycled-buffer tail). buf seq=0 count=1024
[mono_ns=7178734020401983][T0xfd11cacf8ca0][WARN] copy_aicore_buffer: [chip_swimlane_collector.cpp:689] Core 25: skipped 1024 AICore record slot(s) with start_time=0 (race-window write or recycled-buffer tail). buf seq=0 count=1024
[mono_ns=7178734020606064][T0xfd11ca4e8ca0][WARN] copy_aicore_buffer: [chip_swimlane_collector.cpp:689] Core 4: skipped 1024 AICore record slot(s) with start_time=0 (race-window write or recycled-buffer tail). buf seq=0 count=1024
[mono_ns=7178734020716005][T0xfd11cacf8ca0][WARN] copy_aicore_buffer: [chip_swimlane_collector.cpp:689] Core 3: skipped 1024 AICore record slot(s) with start_time=0 (race-window write or recycled-buffer tail). buf seq=0 count=1024
[mono_ns=7178734020721075][T0xfd11c7deeca0][WARN] copy_aicore_buffer: [chip_swimlane_collector.cpp:689] Core 5: skipped 1024 AICore record slot(s) with start_time=0 (race-window write or recycled-buffer tail). buf seq=0 count=1024
[mono_ns=7178734020892986][T0xfd11ca4e8ca0][WARN] copy_aicore_buffer: [chip_swimlane_collector.cpp:689] Core 32: skipped 1024 AICore record slot(s) with start_time=0 (race-window write or recycled-buffer tail). buf seq=0 count=1024
[mono_ns=7178734021042147][T0xfd11cacf8ca0][WARN] copy_aicore_buffer: [chip_swimlane_collector.cpp:689] Core 30: skipped 1024 AICore record slot(s) with start_time=0 (race-window write or recycled-buffer tail). buf seq=0 count=1024
[mono_ns=7178734021048757][T0xfd11c7deeca0][WARN] copy_aicore_buffer: [chip_swimlane_collector.cpp:689] Core 34: skipped 1023 AICore record slot(s) with start_time=0 (race-window write or recycled-buffer tail). buf seq=0 count=1024
[mono_ns=7178734021359340][T0xfd11cacf8ca0][WARN] copy_aicore_buffer: [chip_swimlane_collector.cpp:689] Core 31: skipped 1024 AICore record slot(s) with start_time=0 (race-window write or recycled-buffer tail). buf seq=0 count=1024
[mono_ns=7178734021362660][T0xfd11c7deeca0][WARN] copy_aicore_buffer: [chip_swimlane_collector.cpp:689] Core 35: skipped 1024 AICore record slot(s) with start_time=0 (race-window write or recycled-buffer tail). buf seq=0 count=1024
[mono_ns=7178734021391310][T0xfd11ca4e8ca0][WARN] copy_aicore_buffer: [chip_swimlane_collector.cpp:689] Core 33: skipped 1024 AICore record slot(s) with start_time=0 (race-window write or recycled-buffer tail). buf seq=0 count=1024
[mono_ns=7178734021673772][T0xfd11cacf8ca0][WARN] copy_aicore_buffer: [chip_swimlane_collector.cpp:689] Core 6: skipped 1024 AICore record slot(s) with start_time=0 (race-window write or recycled-buffer tail). buf seq=0 count=1024
[mono_ns=7178734021675472][T0xfd11c7deeca0][WARN] copy_aicore_buffer: [chip_swimlane_collector.cpp:689] Core 8: skipped 1024 AICore record slot(s) with start_time=0 (race-window write or recycled-buffer tail). buf seq=0 count=1024
[mono_ns=7178734021730162][T0xfd11ca4e8ca0][WARN] copy_aicore_buffer: [chip_swimlane_collector.cpp:689] Core 7: skipped 1024 AICore record slot(s) with start_time=0 (race-window write or recycled-buffer tail). buf seq=0 count=1024
[mono_ns=7178734021988284][T0xfd11cacf8ca0][WARN] copy_aicore_buffer: [chip_swimlane_collector.cpp:689] Core 36: skipped 1024 AICore record slot(s) with start_time=0 (race-window write or recycled-buffer tail). buf seq=0 count=1024
[mono_ns=7178734021988714][T0xfd11c7deeca0][WARN] copy_aicore_buffer: [chip_swimlane_collector.cpp:689] Core 40: skipped 1024 AICore record slot(s) with start_time=0 (race-window write or recycled-buffer tail). buf seq=0 count=1024
[mono_ns=7178734022135255][T0xfd11ca4e8ca0][WARN] copy_aicore_buffer: [chip_swimlane_collector.cpp:689] Core 38: skipped 1024 AICore record slot(s) with start_time=0 (race-window write or recycled-buffer tail). buf seq=0 count=1024
[mono_ns=7178734022318656][T0xfd11cacf8ca0][WARN] copy_aicore_buffer: [chip_swimlane_collector.cpp:689] Core 37: skipped 1024 AICore record slot(s) with start_time=0 (race-window write or recycled-buffer tail). buf seq=0 count=1024
[mono_ns=7178734022323407][T0xfd11c7deeca0][WARN] copy_aicore_buffer: [chip_swimlane_collector.cpp:689] Core 41: skipped 1024 AICore record slot(s) with start_time=0 (race-window write or recycled-buffer tail). buf seq=0 count=1024
[mono_ns=7178734022461187][T0xfd11ca4e8ca0][WARN] copy_aicore_buffer: [chip_swimlane_collector.cpp:689] Core 39: skipped 1024 AICore record slot(s) with start_time=0 (race-window write or recycled-buffer tail). buf seq=0 count=1024
[mono_ns=7178734022636779][T0xfd11cacf8ca0][WARN] copy_aicore_buffer: [chip_swimlane_collector.cpp:689] Core 9: skipped 1024 AICore record slot(s) with start_time=0 (race-window write or recycled-buffer tail). buf seq=0 count=1024
[mono_ns=7178734022638059][T0xfd11c7deeca0][WARN] copy_aicore_buffer: [chip_swimlane_collector.cpp:689] Core 11: skipped 1024 AICore record slot(s) with start_time=0 (race-window write or recycled-buffer tail). buf seq=0 count=1024
[mono_ns=7178734022787240][T0xfd11ca4e8ca0][WARN] copy_aicore_buffer: [chip_swimlane_collector.cpp:689] Core 10: skipped 1024 AICore record slot(s) with start_time=0 (race-window write or recycled-buffer tail). buf seq=0 count=1024
[mono_ns=7178734022952021][T0xfd11cacf8ca0][WARN] copy_aicore_buffer: [chip_swimlane_collector.cpp:689] Core 42: skipped 1024 AICore record slot(s) with start_time=0 (race-window write or recycled-buffer tail). buf seq=0 count=1024
[mono_ns=7178734022955111][T0xfd11c7deeca0][WARN] copy_aicore_buffer: [chip_swimlane_collector.cpp:689] Core 46: skipped 1024 AICore record slot(s) with start_time=0 (race-window write or recycled-buffer tail). buf seq=0 count=1024
[mono_ns=7178734023133882][T0xfd11ca4e8ca0][WARN] copy_aicore_buffer: [chip_swimlane_collector.cpp:689] Core 44: skipped 1024 AICore record slot(s) with start_time=0 (race-window write or recycled-buffer tail). buf seq=0 count=1024
[mono_ns=7178734023283863][T0xfd11cacf8ca0][WARN] copy_aicore_buffer: [chip_swimlane_collector.cpp:689] Core 43: skipped 1024 AICore record slot(s) with start_time=0 (race-window write or recycled-buffer tail). buf seq=0 count=1024
[mono_ns=7178734023283903][T0xfd11c7deeca0][WARN] copy_aicore_buffer: [chip_swimlane_collector.cpp:689] Core 47: skipped 1024 AICore record slot(s) with start_time=0 (race-window write or recycled-buffer tail). buf seq=0 count=1024
[mono_ns=7178734023458645][T0xfd11ca4e8ca0][WARN] copy_aicore_buffer: [chip_swimlane_collector.cpp:689] Core 45: skipped 1024 AICore record slot(s) with start_time=0 (race-window write or recycled-buffer tail). buf seq=0 count=1024
[mono_ns=7178734023598866][T0xfd11cacf8ca0][WARN] copy_aicore_buffer: [chip_swimlane_collector.cpp:689] Core 12: skipped 1024 AICore record slot(s) with start_time=0 (race-window write or recycled-buffer tail). buf seq=0 count=1024
[mono_ns=7178734023599766][T0xfd11c7deeca0][WARN] copy_aicore_buffer: [chip_swimlane_collector.cpp:689] Core 14: skipped 1024 AICore record slot(s) with start_time=0 (race-window write or recycled-buffer tail). buf seq=0 count=1024
[mono_ns=7178734023823477][T0xfd11ca4e8ca0][WARN] copy_aicore_buffer: [chip_swimlane_collector.cpp:689] Core 13: skipped 1024 AICore record slot(s) with start_time=0 (race-window write or recycled-buffer tail). buf seq=0 count=1024
[mono_ns=7178734023914048][T0xfd11cacf8ca0][WARN] copy_aicore_buffer: [chip_swimlane_collector.cpp:689] Core 48: skipped 1024 AICore record slot(s) with start_time=0 (race-window write or recycled-buffer tail). buf seq=0 count=1024
[mono_ns=7178734023914108][T0xfd11c7deeca0][WARN] copy_aicore_buffer: [chip_swimlane_collector.cpp:689] Core 52: skipped 1024 AICore record slot(s) with start_time=0 (race-window write or recycled-buffer tail). buf seq=0 count=1024
[mono_ns=7178734024157960][T0xfd11ca4e8ca0][WARN] copy_aicore_buffer: [chip_swimlane_collector.cpp:689] Core 50: skipped 1024 AICore record slot(s) with start_time=0 (race-window write or recycled-buffer tail). buf seq=0 count=1024
[mono_ns=7178734024233560][T0xfd11cacf8ca0][WARN] copy_aicore_buffer: [chip_swimlane_collector.cpp:689] Core 49: skipped 1024 AICore record slot(s) with start_time=0 (race-window write or recycled-buffer tail). buf seq=0 count=1024
[mono_ns=7178734024234590][T0xfd11c7deeca0][WARN] copy_aicore_buffer: [chip_swimlane_collector.cpp:689] Core 53: skipped 1024 AICore record slot(s) with start_time=0 (race-window write or recycled-buffer tail). buf seq=0 count=1024
[mono_ns=7178734024482752][T0xfd11ca4e8ca0][WARN] copy_aicore_buffer: [chip_swimlane_collector.cpp:689] Core 51: skipped 1024 AICore record slot(s) with start_time=0 (race-window write or recycled-buffer tail). buf seq=0 count=1024
[mono_ns=7178734024548302][T0xfd11cacf8ca0][WARN] copy_aicore_buffer: [chip_swimlane_collector.cpp:689] Core 15: skipped 1024 AICore record slot(s) with start_time=0 (race-window write or recycled-buffer tail). buf seq=0 count=1024
[mono_ns=7178734024550342][T0xfd11c7deeca0][WARN] copy_aicore_buffer: [chip_swimlane_collector.cpp:689] Core 17: skipped 1024 AICore record slot(s) with start_time=0 (race-window write or recycled-buffer tail). buf seq=0 count=1024
[mono_ns=7178734024808444][T0xfd11ca4e8ca0][WARN] copy_aicore_buffer: [chip_swimlane_collector.cpp:689] Core 16: skipped 1024 AICore record slot(s) with start_time=0 (race-window write or recycled-buffer tail). buf seq=0 count=1024
[mono_ns=7178734024864645][T0xfd11c7deeca0][WARN] copy_aicore_buffer: [chip_swimlane_collector.cpp:689] Core 58: skipped 1024 AICore record slot(s) with start_time=0 (race-window write or recycled-buffer tail). buf seq=0 count=1024
[mono_ns=7178734024864885][T0xfd11cacf8ca0][WARN] copy_aicore_buffer: [chip_swimlane_collector.cpp:689] Core 54: skipped 1024 AICore record slot(s) with start_time=0 (race-window write or recycled-buffer tail). buf seq=0 count=1024
[mono_ns=7178734025142247][T0xfd11ca4e8ca0][WARN] copy_aicore_buffer: [chip_swimlane_collector.cpp:689] Core 56: skipped 1024 AICore record slot(s) with start_time=0 (race-window write or recycled-buffer tail). buf seq=0 count=1024
[mono_ns=7178734025189097][T0xfd11c7deeca0][WARN] copy_aicore_buffer: [chip_swimlane_collector.cpp:689] Core 59: skipped 1024 AICore record slot(s) with start_time=0 (race-window write or recycled-buffer tail). buf seq=0 count=1024
[mono_ns=7178734025194547][T0xfd11cacf8ca0][WARN] copy_aicore_buffer: [chip_swimlane_collector.cpp:689] Core 55: skipped 1024 AICore record slot(s) with start_time=0 (race-window write or recycled-buffer tail). buf seq=0 count=1024
[mono_ns=7178734025467039][T0xfd11ca4e8ca0][WARN] copy_aicore_buffer: [chip_swimlane_collector.cpp:689] Core 57: skipped 1024 AICore record slot(s) with start_time=0 (race-window write or recycled-buffer tail). buf seq=0 count=1024
[mono_ns=7178734025509849][T0xfd11cacf8ca0][WARN] copy_aicore_buffer: [chip_swimlane_collector.cpp:689] Core 18: skipped 1024 AICore record slot(s) with start_time=0 (race-window write or recycled-buffer tail). buf seq=0 count=1024
[mono_ns=7178734025528439][T0xfd11c7deeca0][WARN] copy_aicore_buffer: [chip_swimlane_collector.cpp:689] Core 20: skipped 1024 AICore record slot(s) with start_time=0 (race-window write or recycled-buffer tail). buf seq=0 count=1024
[mono_ns=7178734025791881][T0xfd11ca4e8ca0][WARN] copy_aicore_buffer: [chip_swimlane_collector.cpp:689] Core 19: skipped 1024 AICore record slot(s) with start_time=0 (race-window write or recycled-buffer tail). buf seq=0 count=1024
[mono_ns=7178734025830491][T0xfd11cacf8ca0][WARN] copy_aicore_buffer: [chip_swimlane_collector.cpp:689] Core 60: skipped 1024 AICore record slot(s) with start_time=0 (race-window write or recycled-buffer tail). buf seq=0 count=1024
[mono_ns=7178734025841331][T0xfd11c7deeca0][WARN] copy_aicore_buffer: [chip_swimlane_collector.cpp:689] Core 64: skipped 1024 AICore record slot(s) with start_time=0 (race-window write or recycled-buffer tail). buf seq=0 count=1024
[mono_ns=7178734026125503][T0xfd11ca4e8ca0][WARN] copy_aicore_buffer: [chip_swimlane_collector.cpp:689] Core 62: skipped 1024 AICore record slot(s) with start_time=0 (race-window write or recycled-buffer tail). buf seq=0 count=1024
[mono_ns=7178734026150944][T0xfd11cacf8ca0][WARN] copy_aicore_buffer: [chip_swimlane_collector.cpp:689] Core 61: skipped 1024 AICore record slot(s) with start_time=0 (race-window write or recycled-buffer tail). buf seq=0 count=1024
[mono_ns=7178734026166474][T0xfd11c7deeca0][WARN] copy_aicore_buffer: [chip_swimlane_collector.cpp:689] Core 65: skipped 1024 AICore record slot(s) with start_time=0 (race-window write or recycled-buffer tail). buf seq=0 count=1024
[mono_ns=7178734026454596][T0xfd11ca4e8ca0][WARN] copy_aicore_buffer: [chip_swimlane_collector.cpp:689] Core 63: skipped 1024 AICore record slot(s) with start_time=0 (race-window write or recycled-buffer tail). buf seq=0 count=1024
[mono_ns=7178734026459006][T0xfd11cacf8ca0][WARN] copy_aicore_buffer: [chip_swimlane_collector.cpp:689] Core 21: skipped 1024 AICore record slot(s) with start_time=0 (race-window write or recycled-buffer tail). buf seq=0 count=1024
[mono_ns=7178734026477136][T0xfd11c7deeca0][WARN] copy_aicore_buffer: [chip_swimlane_collector.cpp:689] Core 23: skipped 1024 AICore record slot(s) with start_time=0 (race-window write or recycled-buffer tail). buf seq=0 count=1024
[mono_ns=7178734026770938][T0xfd11cacf8ca0][WARN] copy_aicore_buffer: [chip_swimlane_collector.cpp:689] Core 66: skipped 1024 AICore record slot(s) with start_time=0 (race-window write or recycled-buffer tail). buf seq=0 count=1024
[mono_ns=7178734026783398][T0xfd11ca4e8ca0][WARN] copy_aicore_buffer: [chip_swimlane_collector.cpp:689] Core 22: skipped 1024 AICore record slot(s) with start_time=0 (race-window write or recycled-buffer tail). buf seq=0 count=1024
[mono_ns=7178734026791338][T0xfd11c7deeca0][WARN] copy_aicore_buffer: [chip_swimlane_collector.cpp:689] Core 70: skipped 1024 AICore record slot(s) with start_time=0 (race-window write or recycled-buffer tail). buf seq=0 count=1024
[mono_ns=7178734027090670][T0xfd11cacf8ca0][WARN] copy_aicore_buffer: [chip_swimlane_collector.cpp:689] Core 67: skipped 1024 AICore record slot(s) with start_time=0 (race-window write or recycled-buffer tail). buf seq=0 count=1024
[mono_ns=7178734027157371][T0xfd11c7deeca0][WARN] copy_aicore_buffer: [chip_swimlane_collector.cpp:689] Core 71: skipped 1024 AICore record slot(s) with start_time=0 (race-window write or recycled-buffer tail). buf seq=0 count=1024
[mono_ns=7178734027160311][T0xfd11ca4e8ca0][WARN] copy_aicore_buffer: [chip_swimlane_collector.cpp:689] Core 68: skipped 1024 AICore record slot(s) with start_time=0 (race-window write or recycled-buffer tail). buf seq=0 count=1024
[mono_ns=7178734027484503][T0xfd11ca4e8ca0][WARN] copy_aicore_buffer: [chip_swimlane_collector.cpp:689] Core 69: skipped 1024 AICore record slot(s) with start_time=0 (race-window write or recycled-buffer tail). buf seq=0 count=1024
[mono_ns=7178734128302988][T0xfd132294b020][TIMING] emit_host_span: [STRACE] v=1 pid=327594 tid=327594 inv=10 hid=d981d29f0dfe9ced depth=1 name=chip.run.runner_run ts=7178734016458475 dur=111830703 
[mono_ns=7178734128420949][T0xfd132294b020][TIMING] emit_host_span: [STRACE] v=1 pid=327594 tid=327594 inv=10 hid=d981d29f0dfe9ced depth=1 name=chip.run.validate ts=7178734128317358 dur=99771 
[mono_ns=7178734128428389][T0xfd132294b020][TIMING] emit_host_span: [STRACE] v=1 pid=327594 tid=327594 inv=10 hid=d981d29f0dfe9ced depth=2 name=chip.run.runner_run.device_wall ts=0 dur=2802020 clk=dev
[mono_ns=7178734128449429][T0xfd132294b020][TIMING] emit_host_span: [STRACE] v=1 pid=327594 tid=327594 inv=10 hid=d981d29f0dfe9ced depth=3 name=chip.run.runner_run.device_wall.preamble ts=0 dur=673220 clk=dev
[mono_ns=7178734128453349][T0xfd132294b020][TIMING] emit_host_span: [STRACE] v=1 pid=327594 tid=327594 inv=10 hid=d981d29f0dfe9ced depth=3 name=chip.run.runner_run.device_wall.graph_build ts=668640 dur=2123980 clk=dev
[mono_ns=7178734128456619][T0xfd132294b020][TIMING] emit_host_span: [STRACE] v=1 pid=327594 tid=327594 inv=10 hid=d981d29f0dfe9ced depth=3 name=chip.run.runner_run.device_wall.config_validate ts=668720 dur=720 clk=dev
[mono_ns=7178734128459639][T0xfd132294b020][TIMING] emit_host_span: [STRACE] v=1 pid=327594 tid=327594 inv=10 hid=d981d29f0dfe9ced depth=3 name=chip.run.runner_run.device_wall.arena_wire ts=669480 dur=1160 clk=dev
[mono_ns=7178734128462679][T0xfd132294b020][TIMING] emit_host_span: [STRACE] v=1 pid=327594 tid=327594 inv=10 hid=d981d29f0dfe9ced depth=3 name=chip.run.runner_run.device_wall.sm_reset ts=670680 dur=1880 clk=dev
[mono_ns=7178734128465599][T0xfd132294b020][TIMING] emit_host_span: [STRACE] v=1 pid=327594 tid=327594 inv=10 hid=d981d29f0dfe9ced depth=3 name=chip.run.runner_run.device_wall.post_orch ts=2792640 dur=9260 clk=dev
[mono_ns=7178734128468489][T0xfd132294b020][TIMING] emit_host_span: [STRACE] v=1 pid=327594 tid=327594 inv=10 hid=d981d29f0dfe9ced depth=3 name=chip.run.runner_run.device_wall.orch ts=672600 dur=4160 clk=dev
[mono_ns=7178734128471979][T0xfd132294b020][TIMING] emit_host_span: [STRACE] v=1 pid=327594 tid=327594 inv=10 hid=d981d29f0dfe9ced depth=3 name=chip.run.runner_run.device_wall.sched ts=673540 dur=2101520 clk=dev
[mono_ns=7178734128478159][T0xfd132294b020][TIMING] emit_host_span: [STRACE] v=1 pid=327594 tid=327594 inv=10 hid=d981d29f0dfe9ced depth=1 name=chip.run.claim_release ts=7178734128475689 dur=440 
[mono_ns=7178734128482370][T0xfd132294b020][TIMING] emit_host_span: [STRACE] v=1 pid=327594 tid=327594 inv=10 hid=d981d29f0dfe9ced depth=0 name=chip.run ts=7178734015915591 dur=112564659 run_id=10 dispatch_id=10 slot_id=0 generation=10 run_epoch=10
[mono_ns=7178736548298641][T0xfd132294b020][TIMING] emit_host_span: [STRACE] v=1 pid=327594 tid=327594 inv=11 hid=d981d29f0dfe9ced depth=2 name=chip.run.bind.args ts=7178736548155350 dur=135601 
[mono_ns=7178736548322821][T0xfd132294b020][TIMING] emit_host_span: [STRACE] v=1 pid=327594 tid=327594 inv=11 hid=d981d29f0dfe9ced depth=2 name=chip.run.bind.prebuilt ts=7178736548312951 dur=6240 
[mono_ns=7178736548327751][T0xfd132294b020][TIMING] emit_host_span: [STRACE] v=1 pid=327594 tid=327594 inv=11 hid=d981d29f0dfe9ced depth=1 name=chip.run.bind ts=7178736548144160 dur=181261 
[mono_ns=7178736656832790][T0xfd132294b020][TIMING] emit_host_span: [STRACE] v=1 pid=327594 tid=327594 inv=11 hid=d981d29f0dfe9ced depth=1 name=chip.run.runner_run ts=7178736548638453 dur=108180097 
[mono_ns=7178736656954791][T0xfd132294b020][TIMING] emit_host_span: [STRACE] v=1 pid=327594 tid=327594 inv=11 hid=d981d29f0dfe9ced depth=1 name=chip.run.validate ts=7178736656846931 dur=103110 
[mono_ns=7178736656962161][T0xfd132294b020][TIMING] emit_host_span: [STRACE] v=1 pid=327594 tid=327594 inv=11 hid=d981d29f0dfe9ced depth=2 name=chip.run.runner_run.device_wall ts=0 dur=1553139 clk=dev
[mono_ns=7178736656969841][T0xfd132294b020][TIMING] emit_host_span: [STRACE] v=1 pid=327594 tid=327594 inv=11 hid=d981d29f0dfe9ced depth=3 name=chip.run.runner_run.device_wall.preamble ts=0 dur=5240 clk=dev
[mono_ns=7178736656973711][T0xfd132294b020][TIMING] emit_host_span: [STRACE] v=1 pid=327594 tid=327594 inv=11 hid=d981d29f0dfe9ced depth=3 name=chip.run.runner_run.device_wall.graph_build ts=1220 dur=1542440 clk=dev
[mono_ns=7178736656977141][T0xfd132294b020][TIMING] emit_host_span: [STRACE] v=1 pid=327594 tid=327594 inv=11 hid=d981d29f0dfe9ced depth=3 name=chip.run.runner_run.device_wall.config_validate ts=1340 dur=860 clk=dev
[mono_ns=7178736656981241][T0xfd132294b020][TIMING] emit_host_span: [STRACE] v=1 pid=327594 tid=327594 inv=11 hid=d981d29f0dfe9ced depth=3 name=chip.run.runner_run.device_wall.arena_wire ts=2219 dur=919 clk=dev
[mono_ns=7178736656984261][T0xfd132294b020][TIMING] emit_host_span: [STRACE] v=1 pid=327594 tid=327594 inv=11 hid=d981d29f0dfe9ced depth=3 name=chip.run.runner_run.device_wall.sm_reset ts=3159 dur=1180 clk=dev
[mono_ns=7178736656987352][T0xfd132294b020][TIMING] emit_host_span: [STRACE] v=1 pid=327594 tid=327594 inv=11 hid=d981d29f0dfe9ced depth=3 name=chip.run.runner_run.device_wall.post_orch ts=1543720 dur=9240 clk=dev
[mono_ns=7178736656990332][T0xfd132294b020][TIMING] emit_host_span: [STRACE] v=1 pid=327594 tid=327594 inv=11 hid=d981d29f0dfe9ced depth=3 name=chip.run.runner_run.device_wall.orch ts=5080 dur=8940 clk=dev
[mono_ns=7178736656994832][T0xfd132294b020][TIMING] emit_host_span: [STRACE] v=1 pid=327594 tid=327594 inv=11 hid=d981d29f0dfe9ced depth=3 name=chip.run.runner_run.device_wall.sched ts=5420 dur=1530460 clk=dev
[mono_ns=7178736656999432][T0xfd132294b020][TIMING] emit_host_span: [STRACE] v=1 pid=327594 tid=327594 inv=11 hid=d981d29f0dfe9ced depth=1 name=chip.run.claim_release ts=7178736656997232 dur=470 
[mono_ns=7178736657015632][T0xfd132294b020][TIMING] emit_host_span: [STRACE] v=1 pid=327594 tid=327594 inv=11 hid=d981d29f0dfe9ced depth=0 name=chip.run ts=7178736548043179 dur=108969963 run_id=11 dispatch_id=11 slot_id=0 generation=11 run_epoch=11
[mono_ns=7178736661675495][T0xfd132294b020][TIMING] emit_host_span: [STRACE] v=1 pid=327594 tid=327594 inv=12 hid=d981d29f0dfe9ced depth=2 name=chip.run.bind.args ts=7178736661552544 dur=117491 
[mono_ns=7178736661688505][T0xfd132294b020][TIMING] emit_host_span: [STRACE] v=1 pid=327594 tid=327594 inv=12 hid=d981d29f0dfe9ced depth=2 name=chip.run.bind.prebuilt ts=7178736661682755 dur=3160 
[mono_ns=7178736661692495][T0xfd132294b020][TIMING] emit_host_span: [STRACE] v=1 pid=327594 tid=327594 inv=12 hid=d981d29f0dfe9ced depth=1 name=chip.run.bind ts=7178736661543964 dur=146341 
[mono_ns=7178736664502995][T0xfd11c7deeca0][WARN] copy_aicore_buffer: [chip_swimlane_collector.cpp:689] Core 2: skipped 1024 AICore record slot(s) with start_time=0 (race-window write or recycled-buffer tail). buf seq=0 count=1024
[mono_ns=7178736664599595][T0xfd11cacf8ca0][WARN] copy_aicore_buffer: [chip_swimlane_collector.cpp:689] Core 0: skipped 1024 AICore record slot(s) with start_time=0 (race-window write or recycled-buffer tail). buf seq=0 count=1024
[mono_ns=7178736664603416][T0xfd11ca4e8ca0][WARN] copy_aicore_buffer: [chip_swimlane_collector.cpp:689] Core 1: skipped 1024 AICore record slot(s) with start_time=0 (race-window write or recycled-buffer tail). buf seq=0 count=1024
[mono_ns=7178736664829897][T0xfd11c7deeca0][WARN] copy_aicore_buffer: [chip_swimlane_collector.cpp:689] Core 28: skipped 1024 AICore record slot(s) with start_time=0 (race-window write or recycled-buffer tail). buf seq=0 count=1024
[mono_ns=7178736664926248][T0xfd11ca4e8ca0][WARN] copy_aicore_buffer: [chip_swimlane_collector.cpp:689] Core 26: skipped 1022 AICore record slot(s) with start_time=0 (race-window write or recycled-buffer tail). buf seq=0 count=1024
[mono_ns=7178736664927408][T0xfd11cacf8ca0][WARN] copy_aicore_buffer: [chip_swimlane_collector.cpp:689] Core 24: skipped 1023 AICore record slot(s) with start_time=0 (race-window write or recycled-buffer tail). buf seq=0 count=1024
[mono_ns=7178736665151679][T0xfd11c7deeca0][WARN] copy_aicore_buffer: [chip_swimlane_collector.cpp:689] Core 29: skipped 1024 AICore record slot(s) with start_time=0 (race-window write or recycled-buffer tail). buf seq=0 count=1024
[mono_ns=7178736665252540][T0xfd11ca4e8ca0][WARN] copy_aicore_buffer: [chip_swimlane_collector.cpp:689] Core 27: skipped 1022 AICore record slot(s) with start_time=0 (race-window write or recycled-buffer tail). buf seq=0 count=1024
[mono_ns=7178736665254220][T0xfd11cacf8ca0][WARN] copy_aicore_buffer: [chip_swimlane_collector.cpp:689] Core 25: skipped 1024 AICore record slot(s) with start_time=0 (race-window write or recycled-buffer tail). buf seq=0 count=1024
[mono_ns=7178736665463022][T0xfd11c7deeca0][WARN] copy_aicore_buffer: [chip_swimlane_collector.cpp:689] Core 5: skipped 1024 AICore record slot(s) with start_time=0 (race-window write or recycled-buffer tail). buf seq=0 count=1024
[mono_ns=7178736665565042][T0xfd11ca4e8ca0][WARN] copy_aicore_buffer: [chip_swimlane_collector.cpp:689] Core 4: skipped 1024 AICore record slot(s) with start_time=0 (race-window write or recycled-buffer tail). buf seq=0 count=1024
[mono_ns=7178736665567202][T0xfd11cacf8ca0][WARN] copy_aicore_buffer: [chip_swimlane_collector.cpp:689] Core 3: skipped 1024 AICore record slot(s) with start_time=0 (race-window write or recycled-buffer tail). buf seq=0 count=1024
[mono_ns=7178736665775124][T0xfd11c7deeca0][WARN] copy_aicore_buffer: [chip_swimlane_collector.cpp:689] Core 34: skipped 1024 AICore record slot(s) with start_time=0 (race-window write or recycled-buffer tail). buf seq=0 count=1024
[mono_ns=7178736665878315][T0xfd11ca4e8ca0][WARN] copy_aicore_buffer: [chip_swimlane_collector.cpp:689] Core 32: skipped 1024 AICore record slot(s) with start_time=0 (race-window write or recycled-buffer tail). buf seq=0 count=1024
[mono_ns=7178736665881045][T0xfd11cacf8ca0][WARN] copy_aicore_buffer: [chip_swimlane_collector.cpp:689] Core 30: skipped 1024 AICore record slot(s) with start_time=0 (race-window write or recycled-buffer tail). buf seq=0 count=1024
[mono_ns=7178736666098556][T0xfd11c7deeca0][WARN] copy_aicore_buffer: [chip_swimlane_collector.cpp:689] Core 35: skipped 1024 AICore record slot(s) with start_time=0 (race-window write or recycled-buffer tail). buf seq=0 count=1024
[mono_ns=7178736666199547][T0xfd11cacf8ca0][WARN] copy_aicore_buffer: [chip_swimlane_collector.cpp:689] Core 31: skipped 1024 AICore record slot(s) with start_time=0 (race-window write or recycled-buffer tail). buf seq=0 count=1024
[mono_ns=7178736666199677][T0xfd11ca4e8ca0][WARN] copy_aicore_buffer: [chip_swimlane_collector.cpp:689] Core 33: skipped 1024 AICore record slot(s) with start_time=0 (race-window write or recycled-buffer tail). buf seq=0 count=1024
[mono_ns=7178736666409228][T0xfd11c7deeca0][WARN] copy_aicore_buffer: [chip_swimlane_collector.cpp:689] Core 8: skipped 1024 AICore record slot(s) with start_time=0 (race-window write or recycled-buffer tail). buf seq=0 count=1024
[mono_ns=7178736666514319][T0xfd11cacf8ca0][WARN] copy_aicore_buffer: [chip_swimlane_collector.cpp:689] Core 6: skipped 1024 AICore record slot(s) with start_time=0 (race-window write or recycled-buffer tail). buf seq=0 count=1024
[mono_ns=7178736666517219][T0xfd11ca4e8ca0][WARN] copy_aicore_buffer: [chip_swimlane_collector.cpp:689] Core 7: skipped 1024 AICore record slot(s) with start_time=0 (race-window write or recycled-buffer tail). buf seq=0 count=1024
[mono_ns=7178736666720941][T0xfd11c7deeca0][WARN] copy_aicore_buffer: [chip_swimlane_collector.cpp:689] Core 40: skipped 1024 AICore record slot(s) with start_time=0 (race-window write or recycled-buffer tail). buf seq=0 count=1024
[mono_ns=7178736666829161][T0xfd11ca4e8ca0][WARN] copy_aicore_buffer: [chip_swimlane_collector.cpp:689] Core 38: skipped 1024 AICore record slot(s) with start_time=0 (race-window write or recycled-buffer tail). buf seq=0 count=1024
[mono_ns=7178736666829231][T0xfd11cacf8ca0][WARN] copy_aicore_buffer: [chip_swimlane_collector.cpp:689] Core 36: skipped 1024 AICore record slot(s) with start_time=0 (race-window write or recycled-buffer tail). buf seq=0 count=1024
[mono_ns=7178736667037943][T0xfd11c7deeca0][WARN] copy_aicore_buffer: [chip_swimlane_collector.cpp:689] Core 41: skipped 1024 AICore record slot(s) with start_time=0 (race-window write or recycled-buffer tail). buf seq=0 count=1024
[mono_ns=7178736667147994][T0xfd11cacf8ca0][WARN] copy_aicore_buffer: [chip_swimlane_collector.cpp:689] Core 37: skipped 1024 AICore record slot(s) with start_time=0 (race-window write or recycled-buffer tail). buf seq=0 count=1024
[mono_ns=7178736667148054][T0xfd11ca4e8ca0][WARN] copy_aicore_buffer: [chip_swimlane_collector.cpp:689] Core 39: skipped 1024 AICore record slot(s) with start_time=0 (race-window write or recycled-buffer tail). buf seq=0 count=1024
[mono_ns=7178736667351145][T0xfd11c7deeca0][WARN] copy_aicore_buffer: [chip_swimlane_collector.cpp:689] Core 11: skipped 1024 AICore record slot(s) with start_time=0 (race-window write or recycled-buffer tail). buf seq=0 count=1024
[mono_ns=7178736667460146][T0xfd11ca4e8ca0][WARN] copy_aicore_buffer: [chip_swimlane_collector.cpp:689] Core 10: skipped 1024 AICore record slot(s) with start_time=0 (race-window write or recycled-buffer tail). buf seq=0 count=1024
[mono_ns=7178736667460616][T0xfd11cacf8ca0][WARN] copy_aicore_buffer: [chip_swimlane_collector.cpp:689] Core 9: skipped 1024 AICore record slot(s) with start_time=0 (race-window write or recycled-buffer tail). buf seq=0 count=1024
[mono_ns=7178736667663257][T0xfd11c7deeca0][WARN] copy_aicore_buffer: [chip_swimlane_collector.cpp:689] Core 46: skipped 1024 AICore record slot(s) with start_time=0 (race-window write or recycled-buffer tail). buf seq=0 count=1024
[mono_ns=7178736667772858][T0xfd11ca4e8ca0][WARN] copy_aicore_buffer: [chip_swimlane_collector.cpp:689] Core 44: skipped 1024 AICore record slot(s) with start_time=0 (race-window write or recycled-buffer tail). buf seq=0 count=1024
[mono_ns=7178736667773078][T0xfd11cacf8ca0][WARN] copy_aicore_buffer: [chip_swimlane_collector.cpp:689] Core 42: skipped 1024 AICore record slot(s) with start_time=0 (race-window write or recycled-buffer tail). buf seq=0 count=1024
[mono_ns=7178736667975909][T0xfd11c7deeca0][WARN] copy_aicore_buffer: [chip_swimlane_collector.cpp:689] Core 47: skipped 1024 AICore record slot(s) with start_time=0 (race-window write or recycled-buffer tail). buf seq=0 count=1024
[mono_ns=7178736668096070][T0xfd11ca4e8ca0][WARN] copy_aicore_buffer: [chip_swimlane_collector.cpp:689] Core 45: skipped 1024 AICore record slot(s) with start_time=0 (race-window write or recycled-buffer tail). buf seq=0 count=1024
[mono_ns=7178736668102250][T0xfd11cacf8ca0][WARN] copy_aicore_buffer: [chip_swimlane_collector.cpp:689] Core 43: skipped 1024 AICore record slot(s) with start_time=0 (race-window write or recycled-buffer tail). buf seq=0 count=1024
[mono_ns=7178736668297972][T0xfd11c7deeca0][WARN] copy_aicore_buffer: [chip_swimlane_collector.cpp:689] Core 14: skipped 1024 AICore record slot(s) with start_time=0 (race-window write or recycled-buffer tail). buf seq=0 count=1024
[mono_ns=7178736668409593][T0xfd11ca4e8ca0][WARN] copy_aicore_buffer: [chip_swimlane_collector.cpp:689] Core 13: skipped 1024 AICore record slot(s) with start_time=0 (race-window write or recycled-buffer tail). buf seq=0 count=1024
[mono_ns=7178736668414293][T0xfd11cacf8ca0][WARN] copy_aicore_buffer: [chip_swimlane_collector.cpp:689] Core 12: skipped 1024 AICore record slot(s) with start_time=0 (race-window write or recycled-buffer tail). buf seq=0 count=1024
[mono_ns=7178736668609004][T0xfd11c7deeca0][WARN] copy_aicore_buffer: [chip_swimlane_collector.cpp:689] Core 52: skipped 1024 AICore record slot(s) with start_time=0 (race-window write or recycled-buffer tail). buf seq=0 count=1024
[mono_ns=7178736668722885][T0xfd11ca4e8ca0][WARN] copy_aicore_buffer: [chip_swimlane_collector.cpp:689] Core 50: skipped 1024 AICore record slot(s) with start_time=0 (race-window write or recycled-buffer tail). buf seq=0 count=1024
[mono_ns=7178736668725695][T0xfd11cacf8ca0][WARN] copy_aicore_buffer: [chip_swimlane_collector.cpp:689] Core 48: skipped 1024 AICore record slot(s) with start_time=0 (race-window write or recycled-buffer tail). buf seq=0 count=1024
[mono_ns=7178736668920636][T0xfd11c7deeca0][WARN] copy_aicore_buffer: [chip_swimlane_collector.cpp:689] Core 53: skipped 1024 AICore record slot(s) with start_time=0 (race-window write or recycled-buffer tail). buf seq=0 count=1024
[mono_ns=7178736669042477][T0xfd11ca4e8ca0][WARN] copy_aicore_buffer: [chip_swimlane_collector.cpp:689] Core 51: skipped 1024 AICore record slot(s) with start_time=0 (race-window write or recycled-buffer tail). buf seq=0 count=1024
[mono_ns=7178736669048487][T0xfd11cacf8ca0][WARN] copy_aicore_buffer: [chip_swimlane_collector.cpp:689] Core 49: skipped 1024 AICore record slot(s) with start_time=0 (race-window write or recycled-buffer tail). buf seq=0 count=1024
[mono_ns=7178736669245918][T0xfd11c7deeca0][WARN] copy_aicore_buffer: [chip_swimlane_collector.cpp:689] Core 17: skipped 1024 AICore record slot(s) with start_time=0 (race-window write or recycled-buffer tail). buf seq=0 count=1024
[mono_ns=7178736669355699][T0xfd11ca4e8ca0][WARN] copy_aicore_buffer: [chip_swimlane_collector.cpp:689] Core 16: skipped 1024 AICore record slot(s) with start_time=0 (race-window write or recycled-buffer tail). buf seq=0 count=1024
[mono_ns=7178736669358889][T0xfd11cacf8ca0][WARN] copy_aicore_buffer: [chip_swimlane_collector.cpp:689] Core 15: skipped 1024 AICore record slot(s) with start_time=0 (race-window write or recycled-buffer tail). buf seq=0 count=1024
[mono_ns=7178736669557451][T0xfd11c7deeca0][WARN] copy_aicore_buffer: [chip_swimlane_collector.cpp:689] Core 58: skipped 1024 AICore record slot(s) with start_time=0 (race-window write or recycled-buffer tail). buf seq=0 count=1024
[mono_ns=7178736669667861][T0xfd11ca4e8ca0][WARN] copy_aicore_buffer: [chip_swimlane_collector.cpp:689] Core 56: skipped 1024 AICore record slot(s) with start_time=0 (race-window write or recycled-buffer tail). buf seq=0 count=1024
[mono_ns=7178736669668651][T0xfd11cacf8ca0][WARN] copy_aicore_buffer: [chip_swimlane_collector.cpp:689] Core 54: skipped 1024 AICore record slot(s) with start_time=0 (race-window write or recycled-buffer tail). buf seq=0 count=1024
[mono_ns=7178736669869113][T0xfd11c7deeca0][WARN] copy_aicore_buffer: [chip_swimlane_collector.cpp:689] Core 59: skipped 1024 AICore record slot(s) with start_time=0 (race-window write or recycled-buffer tail). buf seq=0 count=1024
[mono_ns=7178736669979474][T0xfd11cacf8ca0][WARN] copy_aicore_buffer: [chip_swimlane_collector.cpp:689] Core 55: skipped 1024 AICore record slot(s) with start_time=0 (race-window write or recycled-buffer tail). buf seq=0 count=1024
[mono_ns=7178736669981724][T0xfd11ca4e8ca0][WARN] copy_aicore_buffer: [chip_swimlane_collector.cpp:689] Core 57: skipped 1024 AICore record slot(s) with start_time=0 (race-window write or recycled-buffer tail). buf seq=0 count=1024
[mono_ns=7178736670190655][T0xfd11c7deeca0][WARN] copy_aicore_buffer: [chip_swimlane_collector.cpp:689] Core 20: skipped 1024 AICore record slot(s) with start_time=0 (race-window write or recycled-buffer tail). buf seq=0 count=1024
[mono_ns=7178736670303486][T0xfd11cacf8ca0][WARN] copy_aicore_buffer: [chip_swimlane_collector.cpp:689] Core 18: skipped 1024 AICore record slot(s) with start_time=0 (race-window write or recycled-buffer tail). buf seq=0 count=1024
[mono_ns=7178736670413317][T0xfd11ca4e8ca0][WARN] copy_aicore_buffer: [chip_swimlane_collector.cpp:689] Core 19: skipped 1024 AICore record slot(s) with start_time=0 (race-window write or recycled-buffer tail). buf seq=0 count=1024
[mono_ns=7178736670502787][T0xfd11c7deeca0][WARN] copy_aicore_buffer: [chip_swimlane_collector.cpp:689] Core 64: skipped 1024 AICore record slot(s) with start_time=0 (race-window write or recycled-buffer tail). buf seq=0 count=1024
[mono_ns=7178736670618118][T0xfd11cacf8ca0][WARN] copy_aicore_buffer: [chip_swimlane_collector.cpp:689] Core 60: skipped 1024 AICore record slot(s) with start_time=0 (race-window write or recycled-buffer tail). buf seq=0 count=1024
[mono_ns=7178736670727249][T0xfd11ca4e8ca0][WARN] copy_aicore_buffer: [chip_swimlane_collector.cpp:689] Core 62: skipped 1024 AICore record slot(s) with start_time=0 (race-window write or recycled-buffer tail). buf seq=0 count=1024
[mono_ns=7178736670813120][T0xfd11c7deeca0][WARN] copy_aicore_buffer: [chip_swimlane_collector.cpp:689] Core 65: skipped 1024 AICore record slot(s) with start_time=0 (race-window write or recycled-buffer tail). buf seq=0 count=1024
[mono_ns=7178736670932000][T0xfd11cacf8ca0][WARN] copy_aicore_buffer: [chip_swimlane_collector.cpp:689] Core 61: skipped 1024 AICore record slot(s) with start_time=0 (race-window write or recycled-buffer tail). buf seq=0 count=1024
[mono_ns=7178736671057141][T0xfd11ca4e8ca0][WARN] copy_aicore_buffer: [chip_swimlane_collector.cpp:689] Core 63: skipped 1024 AICore record slot(s) with start_time=0 (race-window write or recycled-buffer tail). buf seq=0 count=1024
[mono_ns=7178736671133532][T0xfd11c7deeca0][WARN] copy_aicore_buffer: [chip_swimlane_collector.cpp:689] Core 23: skipped 1024 AICore record slot(s) with start_time=0 (race-window write or recycled-buffer tail). buf seq=0 count=1024
[mono_ns=7178736671256213][T0xfd11cacf8ca0][WARN] copy_aicore_buffer: [chip_swimlane_collector.cpp:689] Core 21: skipped 1024 AICore record slot(s) with start_time=0 (race-window write or recycled-buffer tail). buf seq=0 count=1024
[mono_ns=7178736671371894][T0xfd11ca4e8ca0][WARN] copy_aicore_buffer: [chip_swimlane_collector.cpp:689] Core 22: skipped 1024 AICore record slot(s) with start_time=0 (race-window write or recycled-buffer tail). buf seq=0 count=1024
[mono_ns=7178736671447084][T0xfd11c7deeca0][WARN] copy_aicore_buffer: [chip_swimlane_collector.cpp:689] Core 70: skipped 1024 AICore record slot(s) with start_time=0 (race-window write or recycled-buffer tail). buf seq=0 count=1024
[mono_ns=7178736671568935][T0xfd11cacf8ca0][WARN] copy_aicore_buffer: [chip_swimlane_collector.cpp:689] Core 66: skipped 1024 AICore record slot(s) with start_time=0 (race-window write or recycled-buffer tail). buf seq=0 count=1024
[mono_ns=7178736671685056][T0xfd11ca4e8ca0][WARN] copy_aicore_buffer: [chip_swimlane_collector.cpp:689] Core 68: skipped 1024 AICore record slot(s) with start_time=0 (race-window write or recycled-buffer tail). buf seq=0 count=1024
[mono_ns=7178736671759316][T0xfd11c7deeca0][WARN] copy_aicore_buffer: [chip_swimlane_collector.cpp:689] Core 71: skipped 1024 AICore record slot(s) with start_time=0 (race-window write or recycled-buffer tail). buf seq=0 count=1024
[mono_ns=7178736671881187][T0xfd11cacf8ca0][WARN] copy_aicore_buffer: [chip_swimlane_collector.cpp:689] Core 67: skipped 1024 AICore record slot(s) with start_time=0 (race-window write or recycled-buffer tail). buf seq=0 count=1024
[mono_ns=7178736671996948][T0xfd11ca4e8ca0][WARN] copy_aicore_buffer: [chip_swimlane_collector.cpp:689] Core 69: skipped 1024 AICore record slot(s) with start_time=0 (race-window write or recycled-buffer tail). buf seq=0 count=1024
[mono_ns=7178736772667252][T0xfd132294b020][TIMING] emit_host_span: [STRACE] v=1 pid=327594 tid=327594 inv=12 hid=d981d29f0dfe9ced depth=1 name=chip.run.runner_run ts=7178736662088378 dur=110568374 
[mono_ns=7178736772781663][T0xfd132294b020][TIMING] emit_host_span: [STRACE] v=1 pid=327594 tid=327594 inv=12 hid=d981d29f0dfe9ced depth=1 name=chip.run.validate ts=7178736772679312 dur=98501 
[mono_ns=7178736772789533][T0xfd132294b020][TIMING] emit_host_span: [STRACE] v=1 pid=327594 tid=327594 inv=12 hid=d981d29f0dfe9ced depth=2 name=chip.run.runner_run.device_wall ts=0 dur=1932260 clk=dev
[mono_ns=7178736772793163][T0xfd132294b020][TIMING] emit_host_span: [STRACE] v=1 pid=327594 tid=327594 inv=12 hid=d981d29f0dfe9ced depth=3 name=chip.run.runner_run.device_wall.preamble ts=0 dur=629160 clk=dev
[mono_ns=7178736772796653][T0xfd132294b020][TIMING] emit_host_span: [STRACE] v=1 pid=327594 tid=327594 inv=12 hid=d981d29f0dfe9ced depth=3 name=chip.run.runner_run.device_wall.graph_build ts=625540 dur=1297360 clk=dev
[mono_ns=7178736772800313][T0xfd132294b020][TIMING] emit_host_span: [STRACE] v=1 pid=327594 tid=327594 inv=12 hid=d981d29f0dfe9ced depth=3 name=chip.run.runner_run.device_wall.config_validate ts=625640 dur=740 clk=dev
[mono_ns=7178736772803793][T0xfd132294b020][TIMING] emit_host_span: [STRACE] v=1 pid=327594 tid=327594 inv=12 hid=d981d29f0dfe9ced depth=3 name=chip.run.runner_run.device_wall.arena_wire ts=626400 dur=440 clk=dev
[mono_ns=7178736772806873][T0xfd132294b020][TIMING] emit_host_span: [STRACE] v=1 pid=327594 tid=327594 inv=12 hid=d981d29f0dfe9ced depth=3 name=chip.run.runner_run.device_wall.sm_reset ts=626860 dur=640 clk=dev
[mono_ns=7178736772814823][T0xfd132294b020][TIMING] emit_host_span: [STRACE] v=1 pid=327594 tid=327594 inv=12 hid=d981d29f0dfe9ced depth=3 name=chip.run.runner_run.device_wall.post_orch ts=1922939 dur=9200 clk=dev
[mono_ns=7178736772818033][T0xfd132294b020][TIMING] emit_host_span: [STRACE] v=1 pid=327594 tid=327594 inv=12 hid=d981d29f0dfe9ced depth=3 name=chip.run.runner_run.device_wall.orch ts=627560 dur=4160 clk=dev
[mono_ns=7178736772820963][T0xfd132294b020][TIMING] emit_host_span: [STRACE] v=1 pid=327594 tid=327594 inv=12 hid=d981d29f0dfe9ced depth=3 name=chip.run.runner_run.device_wall.sched ts=629320 dur=1276280 clk=dev
[mono_ns=7178736772826243][T0xfd132294b020][TIMING] emit_host_span: [STRACE] v=1 pid=327594 tid=327594 inv=12 hid=d981d29f0dfe9ced depth=1 name=chip.run.claim_release ts=7178736772823673 dur=310 
[mono_ns=7178736772830593][T0xfd132294b020][TIMING] emit_host_span: [STRACE] v=1 pid=327594 tid=327594 inv=12 hid=d981d29f0dfe9ced depth=0 name=chip.run ts=7178736661500434 dur=111328099 run_id=12 dispatch_id=12 slot_id=0 generation=12 run_epoch=12
[mono_ns=7178739182467216][T0xfd132294b020][TIMING] emit_host_span: [STRACE] v=1 pid=327594 tid=327594 inv=13 hid=d981d29f0dfe9ced depth=2 name=chip.run.bind.args ts=7178739182316145 dur=143881 
[mono_ns=7178739182491586][T0xfd132294b020][TIMING] emit_host_span: [STRACE] v=1 pid=327594 tid=327594 inv=13 hid=d981d29f0dfe9ced depth=2 name=chip.run.bind.prebuilt ts=7178739182483236 dur=5450 
[mono_ns=7178739182496326][T0xfd132294b020][TIMING] emit_host_span: [STRACE] v=1 pid=327594 tid=327594 inv=13 hid=d981d29f0dfe9ced depth=1 name=chip.run.bind ts=7178739182304285 dur=189801 
[mono_ns=7178739290552122][T0xfd132294b020][TIMING] emit_host_span: [STRACE] v=1 pid=327594 tid=327594 inv=13 hid=d981d29f0dfe9ced depth=1 name=chip.run.runner_run ts=7178739182779288 dur=107761974 
[mono_ns=7178739290661163][T0xfd132294b020][TIMING] emit_host_span: [STRACE] v=1 pid=327594 tid=327594 inv=13 hid=d981d29f0dfe9ced depth=1 name=chip.run.validate ts=7178739290561842 dur=95231 
[mono_ns=7178739290669013][T0xfd132294b020][TIMING] emit_host_span: [STRACE] v=1 pid=327594 tid=327594 inv=13 hid=d981d29f0dfe9ced depth=2 name=chip.run.runner_run.device_wall ts=0 dur=1511340 clk=dev
[mono_ns=7178739290672753][T0xfd132294b020][TIMING] emit_host_span: [STRACE] v=1 pid=327594 tid=327594 inv=13 hid=d981d29f0dfe9ced depth=3 name=chip.run.runner_run.device_wall.preamble ts=0 dur=5200 clk=dev
[mono_ns=7178739290676113][T0xfd132294b020][TIMING] emit_host_span: [STRACE] v=1 pid=327594 tid=327594 inv=13 hid=d981d29f0dfe9ced depth=3 name=chip.run.runner_run.device_wall.graph_build ts=1440 dur=1500600 clk=dev
[mono_ns=7178739290679253][T0xfd132294b020][TIMING] emit_host_span: [STRACE] v=1 pid=327594 tid=327594 inv=13 hid=d981d29f0dfe9ced depth=3 name=chip.run.runner_run.device_wall.config_validate ts=1599 dur=840 clk=dev
[mono_ns=7178739290682313][T0xfd132294b020][TIMING] emit_host_span: [STRACE] v=1 pid=327594 tid=327594 inv=13 hid=d981d29f0dfe9ced depth=3 name=chip.run.runner_run.device_wall.arena_wire ts=2460 dur=820 clk=dev
[mono_ns=7178739290693153][T0xfd132294b020][TIMING] emit_host_span: [STRACE] v=1 pid=327594 tid=327594 inv=13 hid=d981d29f0dfe9ced depth=3 name=chip.run.runner_run.device_wall.sm_reset ts=3300 dur=1480 clk=dev
[mono_ns=7178739290696293][T0xfd132294b020][TIMING] emit_host_span: [STRACE] v=1 pid=327594 tid=327594 inv=13 hid=d981d29f0dfe9ced depth=3 name=chip.run.runner_run.device_wall.post_orch ts=1502080 dur=9100 clk=dev
[mono_ns=7178739290699253][T0xfd132294b020][TIMING] emit_host_span: [STRACE] v=1 pid=327594 tid=327594 inv=13 hid=d981d29f0dfe9ced depth=3 name=chip.run.runner_run.device_wall.orch ts=5580 dur=8940 clk=dev
[mono_ns=7178739290702853][T0xfd132294b020][TIMING] emit_host_span: [STRACE] v=1 pid=327594 tid=327594 inv=13 hid=d981d29f0dfe9ced depth=3 name=chip.run.runner_run.device_wall.sched ts=5320 dur=1489360 clk=dev
[mono_ns=7178739290708113][T0xfd132294b020][TIMING] emit_host_span: [STRACE] v=1 pid=327594 tid=327594 inv=13 hid=d981d29f0dfe9ced depth=1 name=chip.run.claim_release ts=7178739290705143 dur=360 
[mono_ns=7178739290713013][T0xfd132294b020][TIMING] emit_host_span: [STRACE] v=1 pid=327594 tid=327594 inv=13 hid=d981d29f0dfe9ced depth=0 name=chip.run ts=7178739182228524 dur=108482399 run_id=13 dispatch_id=13 slot_id=0 generation=13 run_epoch=13
[mono_ns=7178739293700065][T0xfd132294b020][TIMING] emit_host_span: [STRACE] v=1 pid=327594 tid=327594 inv=14 hid=d981d29f0dfe9ced depth=2 name=chip.run.bind.args ts=7178739293577084 dur=117370 
[mono_ns=7178739293712235][T0xfd132294b020][TIMING] emit_host_span: [STRACE] v=1 pid=327594 tid=327594 inv=14 hid=d981d29f0dfe9ced depth=2 name=chip.run.bind.prebuilt ts=7178739293707295 dur=2580 
[mono_ns=7178739293721335][T0xfd132294b020][TIMING] emit_host_span: [STRACE] v=1 pid=327594 tid=327594 inv=14 hid=d981d29f0dfe9ced depth=1 name=chip.run.bind ts=7178739293569484 dur=149241 
[mono_ns=7178739296540655][T0xfd11cacf8ca0][WARN] copy_aicore_buffer: [chip_swimlane_collector.cpp:689] Core 0: skipped 1024 AICore record slot(s) with start_time=0 (race-window write or recycled-buffer tail). buf seq=0 count=1024
[mono_ns=7178739296613955][T0xfd11c7deeca0][WARN] copy_aicore_buffer: [chip_swimlane_collector.cpp:689] Core 2: skipped 1024 AICore record slot(s) with start_time=0 (race-window write or recycled-buffer tail). buf seq=0 count=1024
[mono_ns=7178739296868837][T0xfd11cacf8ca0][WARN] copy_aicore_buffer: [chip_swimlane_collector.cpp:689] Core 24: skipped 1023 AICore record slot(s) with start_time=0 (race-window write or recycled-buffer tail). buf seq=0 count=1024
[mono_ns=7178739296938447][T0xfd11c7deeca0][WARN] copy_aicore_buffer: [chip_swimlane_collector.cpp:689] Core 28: skipped 1023 AICore record slot(s) with start_time=0 (race-window write or recycled-buffer tail). buf seq=0 count=1024
[mono_ns=7178739297202889][T0xfd11cacf8ca0][WARN] copy_aicore_buffer: [chip_swimlane_collector.cpp:689] Core 25: skipped 1024 AICore record slot(s) with start_time=0 (race-window write or recycled-buffer tail). buf seq=0 count=1024
[mono_ns=7178739297266970][T0xfd11c7deeca0][WARN] copy_aicore_buffer: [chip_swimlane_collector.cpp:689] Core 29: skipped 1024 AICore record slot(s) with start_time=0 (race-window write or recycled-buffer tail). buf seq=0 count=1024
[mono_ns=7178739297516812][T0xfd11cacf8ca0][WARN] copy_aicore_buffer: [chip_swimlane_collector.cpp:689] Core 3: skipped 1024 AICore record slot(s) with start_time=0 (race-window write or recycled-buffer tail). buf seq=0 count=1024
[mono_ns=7178739297580612][T0xfd11c7deeca0][WARN] copy_aicore_buffer: [chip_swimlane_collector.cpp:689] Core 5: skipped 1024 AICore record slot(s) with start_time=0 (race-window write or recycled-buffer tail). buf seq=0 count=1024
[mono_ns=7178739297832674][T0xfd11cacf8ca0][WARN] copy_aicore_buffer: [chip_swimlane_collector.cpp:689] Core 30: skipped 1024 AICore record slot(s) with start_time=0 (race-window write or recycled-buffer tail). buf seq=0 count=1024
[mono_ns=7178739297844474][T0xfd11ca4e8ca0][WARN] copy_aicore_buffer: [chip_swimlane_collector.cpp:689] Core 1: skipped 1024 AICore record slot(s) with start_time=0 (race-window write or recycled-buffer tail). buf seq=0 count=1024
[mono_ns=7178739297897564][T0xfd11c7deeca0][WARN] copy_aicore_buffer: [chip_swimlane_collector.cpp:689] Core 34: skipped 1022 AICore record slot(s) with start_time=0 (race-window write or recycled-buffer tail). buf seq=0 count=1024
[mono_ns=7178739298160466][T0xfd11cacf8ca0][WARN] copy_aicore_buffer: [chip_swimlane_collector.cpp:689] Core 31: skipped 1024 AICore record slot(s) with start_time=0 (race-window write or recycled-buffer tail). buf seq=0 count=1024
[mono_ns=7178739298188866][T0xfd11ca4e8ca0][WARN] copy_aicore_buffer: [chip_swimlane_collector.cpp:689] Core 26: skipped 1022 AICore record slot(s) with start_time=0 (race-window write or recycled-buffer tail). buf seq=0 count=1024
[mono_ns=7178739298222767][T0xfd11c7deeca0][WARN] copy_aicore_buffer: [chip_swimlane_collector.cpp:689] Core 35: skipped 1024 AICore record slot(s) with start_time=0 (race-window write or recycled-buffer tail). buf seq=0 count=1024
[mono_ns=7178739298473348][T0xfd11cacf8ca0][WARN] copy_aicore_buffer: [chip_swimlane_collector.cpp:689] Core 6: skipped 1024 AICore record slot(s) with start_time=0 (race-window write or recycled-buffer tail). buf seq=0 count=1024
[mono_ns=7178739298503499][T0xfd11ca4e8ca0][WARN] copy_aicore_buffer: [chip_swimlane_collector.cpp:689] Core 27: skipped 1024 AICore record slot(s) with start_time=0 (race-window write or recycled-buffer tail). buf seq=0 count=1024
[mono_ns=7178739298535159][T0xfd11c7deeca0][WARN] copy_aicore_buffer: [chip_swimlane_collector.cpp:689] Core 8: skipped 1024 AICore record slot(s) with start_time=0 (race-window write or recycled-buffer tail). buf seq=0 count=1024
[mono_ns=7178739298786301][T0xfd11cacf8ca0][WARN] copy_aicore_buffer: [chip_swimlane_collector.cpp:689] Core 36: skipped 1024 AICore record slot(s) with start_time=0 (race-window write or recycled-buffer tail). buf seq=0 count=1024
[mono_ns=7178739298817151][T0xfd11ca4e8ca0][WARN] copy_aicore_buffer: [chip_swimlane_collector.cpp:689] Core 4: skipped 1024 AICore record slot(s) with start_time=0 (race-window write or recycled-buffer tail). buf seq=0 count=1024
[mono_ns=7178739298847801][T0xfd11c7deeca0][WARN] copy_aicore_buffer: [chip_swimlane_collector.cpp:689] Core 40: skipped 1024 AICore record slot(s) with start_time=0 (race-window write or recycled-buffer tail). buf seq=0 count=1024
[mono_ns=7178739299115873][T0xfd11cacf8ca0][WARN] copy_aicore_buffer: [chip_swimlane_collector.cpp:689] Core 37: skipped 1024 AICore record slot(s) with start_time=0 (race-window write or recycled-buffer tail). buf seq=0 count=1024
[mono_ns=7178739299152683][T0xfd11ca4e8ca0][WARN] copy_aicore_buffer: [chip_swimlane_collector.cpp:689] Core 32: skipped 1024 AICore record slot(s) with start_time=0 (race-window write or recycled-buffer tail). buf seq=0 count=1024
[mono_ns=7178739299179643][T0xfd11c7deeca0][WARN] copy_aicore_buffer: [chip_swimlane_collector.cpp:689] Core 41: skipped 1024 AICore record slot(s) with start_time=0 (race-window write or recycled-buffer tail). buf seq=0 count=1024
[mono_ns=7178739299429595][T0xfd11cacf8ca0][WARN] copy_aicore_buffer: [chip_swimlane_collector.cpp:689] Core 9: skipped 1024 AICore record slot(s) with start_time=0 (race-window write or recycled-buffer tail). buf seq=0 count=1024
[mono_ns=7178739299472735][T0xfd11ca4e8ca0][WARN] copy_aicore_buffer: [chip_swimlane_collector.cpp:689] Core 33: skipped 1024 AICore record slot(s) with start_time=0 (race-window write or recycled-buffer tail). buf seq=0 count=1024
[mono_ns=7178739299493126][T0xfd11c7deeca0][WARN] copy_aicore_buffer: [chip_swimlane_collector.cpp:689] Core 11: skipped 1024 AICore record slot(s) with start_time=0 (race-window write or recycled-buffer tail). buf seq=0 count=1024
[mono_ns=7178739299742687][T0xfd11cacf8ca0][WARN] copy_aicore_buffer: [chip_swimlane_collector.cpp:689] Core 42: skipped 1024 AICore record slot(s) with start_time=0 (race-window write or recycled-buffer tail). buf seq=0 count=1024
[mono_ns=7178739299785068][T0xfd11ca4e8ca0][WARN] copy_aicore_buffer: [chip_swimlane_collector.cpp:689] Core 7: skipped 1024 AICore record slot(s) with start_time=0 (race-window write or recycled-buffer tail). buf seq=0 count=1024
[mono_ns=7178739299805878][T0xfd11c7deeca0][WARN] copy_aicore_buffer: [chip_swimlane_collector.cpp:689] Core 46: skipped 1024 AICore record slot(s) with start_time=0 (race-window write or recycled-buffer tail). buf seq=0 count=1024
[mono_ns=7178739300065830][T0xfd11cacf8ca0][WARN] copy_aicore_buffer: [chip_swimlane_collector.cpp:689] Core 43: skipped 1024 AICore record slot(s) with start_time=0 (race-window write or recycled-buffer tail). buf seq=0 count=1024
[mono_ns=7178739300107220][T0xfd11ca4e8ca0][WARN] copy_aicore_buffer: [chip_swimlane_collector.cpp:689] Core 38: skipped 1024 AICore record slot(s) with start_time=0 (race-window write or recycled-buffer tail). buf seq=0 count=1024
[mono_ns=7178739300125370][T0xfd11c7deeca0][WARN] copy_aicore_buffer: [chip_swimlane_collector.cpp:689] Core 47: skipped 1024 AICore record slot(s) with start_time=0 (race-window write or recycled-buffer tail). buf seq=0 count=1024
[mono_ns=7178739300380202][T0xfd11cacf8ca0][WARN] copy_aicore_buffer: [chip_swimlane_collector.cpp:689] Core 12: skipped 1024 AICore record slot(s) with start_time=0 (race-window write or recycled-buffer tail). buf seq=0 count=1024
[mono_ns=7178739300419742][T0xfd11ca4e8ca0][WARN] copy_aicore_buffer: [chip_swimlane_collector.cpp:689] Core 39: skipped 1024 AICore record slot(s) with start_time=0 (race-window write or recycled-buffer tail). buf seq=0 count=1024
[mono_ns=7178739300439302][T0xfd11c7deeca0][WARN] copy_aicore_buffer: [chip_swimlane_collector.cpp:689] Core 14: skipped 1024 AICore record slot(s) with start_time=0 (race-window write or recycled-buffer tail). buf seq=0 count=1024
[mono_ns=7178739300692874][T0xfd11cacf8ca0][WARN] copy_aicore_buffer: [chip_swimlane_collector.cpp:689] Core 48: skipped 1024 AICore record slot(s) with start_time=0 (race-window write or recycled-buffer tail). buf seq=0 count=1024
[mono_ns=7178739300732524][T0xfd11ca4e8ca0][WARN] copy_aicore_buffer: [chip_swimlane_collector.cpp:689] Core 10: skipped 1024 AICore record slot(s) with start_time=0 (race-window write or recycled-buffer tail). buf seq=0 count=1024
[mono_ns=7178739300750675][T0xfd11c7deeca0][WARN] copy_aicore_buffer: [chip_swimlane_collector.cpp:689] Core 52: skipped 1024 AICore record slot(s) with start_time=0 (race-window write or recycled-buffer tail). buf seq=0 count=1024
[mono_ns=7178739301018126][T0xfd11cacf8ca0][WARN] copy_aicore_buffer: [chip_swimlane_collector.cpp:689] Core 49: skipped 1024 AICore record slot(s) with start_time=0 (race-window write or recycled-buffer tail). buf seq=0 count=1024
[mono_ns=7178739301057617][T0xfd11ca4e8ca0][WARN] copy_aicore_buffer: [chip_swimlane_collector.cpp:689] Core 44: skipped 1024 AICore record slot(s) with start_time=0 (race-window write or recycled-buffer tail). buf seq=0 count=1024
[mono_ns=7178739301074667][T0xfd11c7deeca0][WARN] copy_aicore_buffer: [chip_swimlane_collector.cpp:689] Core 53: skipped 1024 AICore record slot(s) with start_time=0 (race-window write or recycled-buffer tail). buf seq=0 count=1024
[mono_ns=7178739301330599][T0xfd11cacf8ca0][WARN] copy_aicore_buffer: [chip_swimlane_collector.cpp:689] Core 15: skipped 1024 AICore record slot(s) with start_time=0 (race-window write or recycled-buffer tail). buf seq=0 count=1024
[mono_ns=7178739301370989][T0xfd11ca4e8ca0][WARN] copy_aicore_buffer: [chip_swimlane_collector.cpp:689] Core 45: skipped 1024 AICore record slot(s) with start_time=0 (race-window write or recycled-buffer tail). buf seq=0 count=1024
[mono_ns=7178739301387109][T0xfd11c7deeca0][WARN] copy_aicore_buffer: [chip_swimlane_collector.cpp:689] Core 17: skipped 1024 AICore record slot(s) with start_time=0 (race-window write or recycled-buffer tail). buf seq=0 count=1024
[mono_ns=7178739301643841][T0xfd11cacf8ca0][WARN] copy_aicore_buffer: [chip_swimlane_collector.cpp:689] Core 54: skipped 1024 AICore record slot(s) with start_time=0 (race-window write or recycled-buffer tail). buf seq=0 count=1024
[mono_ns=7178739301683121][T0xfd11ca4e8ca0][WARN] copy_aicore_buffer: [chip_swimlane_collector.cpp:689] Core 13: skipped 1024 AICore record slot(s) with start_time=0 (race-window write or recycled-buffer tail). buf seq=0 count=1024
[mono_ns=7178739301699381][T0xfd11c7deeca0][WARN] copy_aicore_buffer: [chip_swimlane_collector.cpp:689] Core 58: skipped 1024 AICore record slot(s) with start_time=0 (race-window write or recycled-buffer tail). buf seq=0 count=1024
[mono_ns=7178739301956643][T0xfd11cacf8ca0][WARN] copy_aicore_buffer: [chip_swimlane_collector.cpp:689] Core 55: skipped 1024 AICore record slot(s) with start_time=0 (race-window write or recycled-buffer tail). buf seq=0 count=1024
[mono_ns=7178739301995773][T0xfd11ca4e8ca0][WARN] copy_aicore_buffer: [chip_swimlane_collector.cpp:689] Core 50: skipped 1024 AICore record slot(s) with start_time=0 (race-window write or recycled-buffer tail). buf seq=0 count=1024
[mono_ns=7178739302022634][T0xfd11c7deeca0][WARN] copy_aicore_buffer: [chip_swimlane_collector.cpp:689] Core 59: skipped 1024 AICore record slot(s) with start_time=0 (race-window write or recycled-buffer tail). buf seq=0 count=1024
[mono_ns=7178739302278845][T0xfd11cacf8ca0][WARN] copy_aicore_buffer: [chip_swimlane_collector.cpp:689] Core 18: skipped 1024 AICore record slot(s) with start_time=0 (race-window write or recycled-buffer tail). buf seq=0 count=1024
[mono_ns=7178739302318126][T0xfd11ca4e8ca0][WARN] copy_aicore_buffer: [chip_swimlane_collector.cpp:689] Core 51: skipped 1024 AICore record slot(s) with start_time=0 (race-window write or recycled-buffer tail). buf seq=0 count=1024
[mono_ns=7178739302335706][T0xfd11c7deeca0][WARN] copy_aicore_buffer: [chip_swimlane_collector.cpp:689] Core 20: skipped 1024 AICore record slot(s) with start_time=0 (race-window write or recycled-buffer tail). buf seq=0 count=1024
[mono_ns=7178739302591378][T0xfd11cacf8ca0][WARN] copy_aicore_buffer: [chip_swimlane_collector.cpp:689] Core 60: skipped 1024 AICore record slot(s) with start_time=0 (race-window write or recycled-buffer tail). buf seq=0 count=1024
[mono_ns=7178739302631368][T0xfd11ca4e8ca0][WARN] copy_aicore_buffer: [chip_swimlane_collector.cpp:689] Core 16: skipped 1024 AICore record slot(s) with start_time=0 (race-window write or recycled-buffer tail). buf seq=0 count=1024
[mono_ns=7178739302649808][T0xfd11c7deeca0][WARN] copy_aicore_buffer: [chip_swimlane_collector.cpp:689] Core 64: skipped 1024 AICore record slot(s) with start_time=0 (race-window write or recycled-buffer tail). buf seq=0 count=1024
[mono_ns=7178739302905380][T0xfd11cacf8ca0][WARN] copy_aicore_buffer: [chip_swimlane_collector.cpp:689] Core 61: skipped 1024 AICore record slot(s) with start_time=0 (race-window write or recycled-buffer tail). buf seq=0 count=1024
[mono_ns=7178739302943600][T0xfd11ca4e8ca0][WARN] copy_aicore_buffer: [chip_swimlane_collector.cpp:689] Core 56: skipped 1024 AICore record slot(s) with start_time=0 (race-window write or recycled-buffer tail). buf seq=0 count=1024
[mono_ns=7178739302964410][T0xfd11c7deeca0][WARN] copy_aicore_buffer: [chip_swimlane_collector.cpp:689] Core 65: skipped 1024 AICore record slot(s) with start_time=0 (race-window write or recycled-buffer tail). buf seq=0 count=1024
[mono_ns=7178739303228552][T0xfd11cacf8ca0][WARN] copy_aicore_buffer: [chip_swimlane_collector.cpp:689] Core 21: skipped 1024 AICore record slot(s) with start_time=0 (race-window write or recycled-buffer tail). buf seq=0 count=1024
[mono_ns=7178739303267942][T0xfd11ca4e8ca0][WARN] copy_aicore_buffer: [chip_swimlane_collector.cpp:689] Core 57: skipped 1024 AICore record slot(s) with start_time=0 (race-window write or recycled-buffer tail). buf seq=0 count=1024
[mono_ns=7178739303283112][T0xfd11c7deeca0][WARN] copy_aicore_buffer: [chip_swimlane_collector.cpp:689] Core 23: skipped 1024 AICore record slot(s) with start_time=0 (race-window write or recycled-buffer tail). buf seq=0 count=1024
[mono_ns=7178739303540624][T0xfd11cacf8ca0][WARN] copy_aicore_buffer: [chip_swimlane_collector.cpp:689] Core 66: skipped 1024 AICore record slot(s) with start_time=0 (race-window write or recycled-buffer tail). buf seq=0 count=1024
[mono_ns=7178739303582765][T0xfd11ca4e8ca0][WARN] copy_aicore_buffer: [chip_swimlane_collector.cpp:689] Core 19: skipped 1024 AICore record slot(s) with start_time=0 (race-window write or recycled-buffer tail). buf seq=0 count=1024
[mono_ns=7178739303594225][T0xfd11c7deeca0][WARN] copy_aicore_buffer: [chip_swimlane_collector.cpp:689] Core 70: skipped 1024 AICore record slot(s) with start_time=0 (race-window write or recycled-buffer tail). buf seq=0 count=1024
[mono_ns=7178739303854337][T0xfd11cacf8ca0][WARN] copy_aicore_buffer: [chip_swimlane_collector.cpp:689] Core 67: skipped 1024 AICore record slot(s) with start_time=0 (race-window write or recycled-buffer tail). buf seq=0 count=1024
[mono_ns=7178739303895597][T0xfd11ca4e8ca0][WARN] copy_aicore_buffer: [chip_swimlane_collector.cpp:689] Core 62: skipped 1024 AICore record slot(s) with start_time=0 (race-window write or recycled-buffer tail). buf seq=0 count=1024
[mono_ns=7178739303907587][T0xfd11c7deeca0][WARN] copy_aicore_buffer: [chip_swimlane_collector.cpp:689] Core 71: skipped 1024 AICore record slot(s) with start_time=0 (race-window write or recycled-buffer tail). buf seq=0 count=1024
[mono_ns=7178739304218949][T0xfd11ca4e8ca0][WARN] copy_aicore_buffer: [chip_swimlane_collector.cpp:689] Core 63: skipped 1024 AICore record slot(s) with start_time=0 (race-window write or recycled-buffer tail). buf seq=0 count=1024
[mono_ns=7178739304531171][T0xfd11ca4e8ca0][WARN] copy_aicore_buffer: [chip_swimlane_collector.cpp:689] Core 22: skipped 1024 AICore record slot(s) with start_time=0 (race-window write or recycled-buffer tail). buf seq=0 count=1024
[mono_ns=7178739304842064][T0xfd11ca4e8ca0][WARN] copy_aicore_buffer: [chip_swimlane_collector.cpp:689] Core 68: skipped 1024 AICore record slot(s) with start_time=0 (race-window write or recycled-buffer tail). buf seq=0 count=1024
[mono_ns=7178739305160376][T0xfd11ca4e8ca0][WARN] copy_aicore_buffer: [chip_swimlane_collector.cpp:689] Core 69: skipped 1024 AICore record slot(s) with start_time=0 (race-window write or recycled-buffer tail). buf seq=0 count=1024
[mono_ns=7178739405769829][T0xfd132294b020][TIMING] emit_host_span: [STRACE] v=1 pid=327594 tid=327594 inv=14 hid=d981d29f0dfe9ced depth=1 name=chip.run.runner_run ts=7178739294140638 dur=111617571 
[mono_ns=7178739405878200][T0xfd132294b020][TIMING] emit_host_span: [STRACE] v=1 pid=327594 tid=327594 inv=14 hid=d981d29f0dfe9ced depth=1 name=chip.run.validate ts=7178739405780199 dur=93901 
[mono_ns=7178739405885410][T0xfd132294b020][TIMING] emit_host_span: [STRACE] v=1 pid=327594 tid=327594 inv=14 hid=d981d29f0dfe9ced depth=2 name=chip.run.runner_run.device_wall ts=0 dur=1928940 clk=dev
[mono_ns=7178739405890020][T0xfd132294b020][TIMING] emit_host_span: [STRACE] v=1 pid=327594 tid=327594 inv=14 hid=d981d29f0dfe9ced depth=3 name=chip.run.runner_run.device_wall.preamble ts=0 dur=623199 clk=dev
[mono_ns=7178739405893830][T0xfd132294b020][TIMING] emit_host_span: [STRACE] v=1 pid=327594 tid=327594 inv=14 hid=d981d29f0dfe9ced depth=3 name=chip.run.runner_run.device_wall.graph_build ts=618180 dur=1301340 clk=dev
[mono_ns=7178739405901910][T0xfd132294b020][TIMING] emit_host_span: [STRACE] v=1 pid=327594 tid=327594 inv=14 hid=d981d29f0dfe9ced depth=3 name=chip.run.runner_run.device_wall.config_validate ts=618280 dur=780 clk=dev
[mono_ns=7178739405905360][T0xfd132294b020][TIMING] emit_host_span: [STRACE] v=1 pid=327594 tid=327594 inv=14 hid=d981d29f0dfe9ced depth=3 name=chip.run.runner_run.device_wall.arena_wire ts=619080 dur=260 clk=dev
[mono_ns=7178739405908440][T0xfd132294b020][TIMING] emit_host_span: [STRACE] v=1 pid=327594 tid=327594 inv=14 hid=d981d29f0dfe9ced depth=3 name=chip.run.runner_run.device_wall.sm_reset ts=619360 dur=540 clk=dev
[mono_ns=7178739405911900][T0xfd132294b020][TIMING] emit_host_span: [STRACE] v=1 pid=327594 tid=327594 inv=14 hid=d981d29f0dfe9ced depth=3 name=chip.run.runner_run.device_wall.post_orch ts=1919540 dur=9280 clk=dev
[mono_ns=7178739405914930][T0xfd132294b020][TIMING] emit_host_span: [STRACE] v=1 pid=327594 tid=327594 inv=14 hid=d981d29f0dfe9ced depth=3 name=chip.run.runner_run.device_wall.orch ts=619960 dur=3520 clk=dev
[mono_ns=7178739405918020][T0xfd132294b020][TIMING] emit_host_span: [STRACE] v=1 pid=327594 tid=327594 inv=14 hid=d981d29f0dfe9ced depth=3 name=chip.run.runner_run.device_wall.sched ts=623320 dur=1279100 clk=dev
[mono_ns=7178739405922560][T0xfd132294b020][TIMING] emit_host_span: [STRACE] v=1 pid=327594 tid=327594 inv=14 hid=d981d29f0dfe9ced depth=1 name=chip.run.claim_release ts=7178739405920480 dur=360 
[mono_ns=7178739405930920][T0xfd132294b020][TIMING] emit_host_span: [STRACE] v=1 pid=327594 tid=327594 inv=14 hid=d981d29f0dfe9ced depth=0 name=chip.run ts=7178739293536863 dur=112391857 run_id=14 dispatch_id=14 slot_id=0 generation=14 run_epoch=14
[mono_ns=7178741820069769][T0xfd132294b020][TIMING] emit_host_span: [STRACE] v=1 pid=327594 tid=327594 inv=15 hid=d981d29f0dfe9ced depth=2 name=chip.run.bind.args ts=7178741819891998 dur=171371 
[mono_ns=7178741820091719][T0xfd132294b020][TIMING] emit_host_span: [STRACE] v=1 pid=327594 tid=327594 inv=15 hid=d981d29f0dfe9ced depth=2 name=chip.run.bind.prebuilt ts=7178741820083499 dur=5330 
[mono_ns=7178741820096809][T0xfd132294b020][TIMING] emit_host_span: [STRACE] v=1 pid=327594 tid=327594 inv=15 hid=d981d29f0dfe9ced depth=1 name=chip.run.bind ts=7178741819879538 dur=214631 
[mono_ns=7178741928280386][T0xfd132294b020][TIMING] emit_host_span: [STRACE] v=1 pid=327594 tid=327594 inv=15 hid=d981d29f0dfe9ced depth=1 name=chip.run.runner_run ts=7178741820400292 dur=107869314 
[mono_ns=7178741928399147][T0xfd132294b020][TIMING] emit_host_span: [STRACE] v=1 pid=327594 tid=327594 inv=15 hid=d981d29f0dfe9ced depth=1 name=chip.run.validate ts=7178741928291756 dur=102811 
[mono_ns=7178741928406767][T0xfd132294b020][TIMING] emit_host_span: [STRACE] v=1 pid=327594 tid=327594 inv=15 hid=d981d29f0dfe9ced depth=2 name=chip.run.runner_run.device_wall ts=0 dur=1562159 clk=dev
[mono_ns=7178741928411237][T0xfd132294b020][TIMING] emit_host_span: [STRACE] v=1 pid=327594 tid=327594 inv=15 hid=d981d29f0dfe9ced depth=3 name=chip.run.runner_run.device_wall.preamble ts=0 dur=6380 clk=dev
[mono_ns=7178741928418777][T0xfd132294b020][TIMING] emit_host_span: [STRACE] v=1 pid=327594 tid=327594 inv=15 hid=d981d29f0dfe9ced depth=3 name=chip.run.runner_run.device_wall.graph_build ts=1680 dur=1551480 clk=dev
[mono_ns=7178741928422637][T0xfd132294b020][TIMING] emit_host_span: [STRACE] v=1 pid=327594 tid=327594 inv=15 hid=d981d29f0dfe9ced depth=3 name=chip.run.runner_run.device_wall.config_validate ts=1799 dur=960 clk=dev
[mono_ns=7178741928426087][T0xfd132294b020][TIMING] emit_host_span: [STRACE] v=1 pid=327594 tid=327594 inv=15 hid=d981d29f0dfe9ced depth=3 name=chip.run.runner_run.device_wall.arena_wire ts=2980 dur=740 clk=dev
[mono_ns=7178741928429267][T0xfd132294b020][TIMING] emit_host_span: [STRACE] v=1 pid=327594 tid=327594 inv=15 hid=d981d29f0dfe9ced depth=3 name=chip.run.runner_run.device_wall.sm_reset ts=3740 dur=1420 clk=dev
[mono_ns=7178741928432357][T0xfd132294b020][TIMING] emit_host_span: [STRACE] v=1 pid=327594 tid=327594 inv=15 hid=d981d29f0dfe9ced depth=3 name=chip.run.runner_run.device_wall.post_orch ts=1553200 dur=8860 clk=dev
[mono_ns=7178741928435917][T0xfd132294b020][TIMING] emit_host_span: [STRACE] v=1 pid=327594 tid=327594 inv=15 hid=d981d29f0dfe9ced depth=3 name=chip.run.runner_run.device_wall.orch ts=5640 dur=10180 clk=dev
[mono_ns=7178741928439647][T0xfd132294b020][TIMING] emit_host_span: [STRACE] v=1 pid=327594 tid=327594 inv=15 hid=d981d29f0dfe9ced depth=3 name=chip.run.runner_run.device_wall.sched ts=6680 dur=1539180 clk=dev
[mono_ns=7178741928444397][T0xfd132294b020][TIMING] emit_host_span: [STRACE] v=1 pid=327594 tid=327594 inv=15 hid=d981d29f0dfe9ced depth=1 name=chip.run.claim_release ts=7178741928442297 dur=320 
[mono_ns=7178741928450307][T0xfd132294b020][TIMING] emit_host_span: [STRACE] v=1 pid=327594 tid=327594 inv=15 hid=d981d29f0dfe9ced depth=0 name=chip.run ts=7178741819776807 dur=108671380 run_id=15 dispatch_id=15 slot_id=0 generation=15 run_epoch=15
[mono_ns=7178741932053943][T0xfd132294b020][TIMING] emit_host_span: [STRACE] v=1 pid=327594 tid=327594 inv=16 hid=d981d29f0dfe9ced depth=2 name=chip.run.bind.args ts=7178741931916472 dur=131821 
[mono_ns=7178741932067063][T0xfd132294b020][TIMING] emit_host_span: [STRACE] v=1 pid=327594 tid=327594 inv=16 hid=d981d29f0dfe9ced depth=2 name=chip.run.bind.prebuilt ts=7178741932062013 dur=2490 
[mono_ns=7178741932072063][T0xfd132294b020][TIMING] emit_host_span: [STRACE] v=1 pid=327594 tid=327594 inv=16 hid=d981d29f0dfe9ced depth=1 name=chip.run.bind ts=7178741931908762 dur=160321 
[mono_ns=7178741935288766][T0xfd11c7deeca0][WARN] copy_aicore_buffer: [chip_swimlane_collector.cpp:689] Core 2: skipped 1024 AICore record slot(s) with start_time=0 (race-window write or recycled-buffer tail). buf seq=0 count=1024
[mono_ns=7178741935419447][T0xfd11cacf8ca0][WARN] copy_aicore_buffer: [chip_swimlane_collector.cpp:689] Core 0: skipped 1024 AICore record slot(s) with start_time=0 (race-window write or recycled-buffer tail). buf seq=0 count=1024
[mono_ns=7178741935598918][T0xfd11ca4e8ca0][WARN] copy_aicore_buffer: [chip_swimlane_collector.cpp:689] Core 1: skipped 1024 AICore record slot(s) with start_time=0 (race-window write or recycled-buffer tail). buf seq=0 count=1024
[mono_ns=7178741935618268][T0xfd11c7deeca0][WARN] copy_aicore_buffer: [chip_swimlane_collector.cpp:689] Core 28: skipped 1023 AICore record slot(s) with start_time=0 (race-window write or recycled-buffer tail). buf seq=0 count=1024
[mono_ns=7178741935742849][T0xfd11cacf8ca0][WARN] copy_aicore_buffer: [chip_swimlane_collector.cpp:689] Core 24: skipped 1024 AICore record slot(s) with start_time=0 (race-window write or recycled-buffer tail). buf seq=0 count=1024
[mono_ns=7178741935919560][T0xfd11ca4e8ca0][WARN] copy_aicore_buffer: [chip_swimlane_collector.cpp:689] Core 26: skipped 1022 AICore record slot(s) with start_time=0 (race-window write or recycled-buffer tail). buf seq=0 count=1024
[mono_ns=7178741935929730][T0xfd11c7deeca0][WARN] copy_aicore_buffer: [chip_swimlane_collector.cpp:689] Core 29: skipped 1024 AICore record slot(s) with start_time=0 (race-window write or recycled-buffer tail). buf seq=0 count=1024
[mono_ns=7178741936077921][T0xfd11cacf8ca0][WARN] copy_aicore_buffer: [chip_swimlane_collector.cpp:689] Core 25: skipped 1024 AICore record slot(s) with start_time=0 (race-window write or recycled-buffer tail). buf seq=0 count=1024
[mono_ns=7178741936249112][T0xfd11ca4e8ca0][WARN] copy_aicore_buffer: [chip_swimlane_collector.cpp:689] Core 27: skipped 1023 AICore record slot(s) with start_time=0 (race-window write or recycled-buffer tail). buf seq=0 count=1024
[mono_ns=7178741936249992][T0xfd11c7deeca0][WARN] copy_aicore_buffer: [chip_swimlane_collector.cpp:689] Core 5: skipped 1024 AICore record slot(s) with start_time=0 (race-window write or recycled-buffer tail). buf seq=0 count=1024
[mono_ns=7178741936393114][T0xfd11cacf8ca0][WARN] copy_aicore_buffer: [chip_swimlane_collector.cpp:689] Core 3: skipped 1024 AICore record slot(s) with start_time=0 (race-window write or recycled-buffer tail). buf seq=0 count=1024
[mono_ns=7178741936564185][T0xfd11c7deeca0][WARN] copy_aicore_buffer: [chip_swimlane_collector.cpp:689] Core 34: skipped 1023 AICore record slot(s) with start_time=0 (race-window write or recycled-buffer tail). buf seq=0 count=1024
[mono_ns=7178741936564285][T0xfd11ca4e8ca0][WARN] copy_aicore_buffer: [chip_swimlane_collector.cpp:689] Core 4: skipped 1024 AICore record slot(s) with start_time=0 (race-window write or recycled-buffer tail). buf seq=0 count=1024
[mono_ns=7178741936713046][T0xfd11cacf8ca0][WARN] copy_aicore_buffer: [chip_swimlane_collector.cpp:689] Core 30: skipped 1024 AICore record slot(s) with start_time=0 (race-window write or recycled-buffer tail). buf seq=0 count=1024
[mono_ns=7178741936877017][T0xfd11ca4e8ca0][WARN] copy_aicore_buffer: [chip_swimlane_collector.cpp:689] Core 32: skipped 1024 AICore record slot(s) with start_time=0 (race-window write or recycled-buffer tail). buf seq=0 count=1024
[mono_ns=7178741936879077][T0xfd11c7deeca0][WARN] copy_aicore_buffer: [chip_swimlane_collector.cpp:689] Core 35: skipped 1024 AICore record slot(s) with start_time=0 (race-window write or recycled-buffer tail). buf seq=0 count=1024
[mono_ns=7178741937054188][T0xfd11cacf8ca0][WARN] copy_aicore_buffer: [chip_swimlane_collector.cpp:689] Core 31: skipped 1023 AICore record slot(s) with start_time=0 (race-window write or recycled-buffer tail). buf seq=0 count=1024
[mono_ns=7178741937200659][T0xfd11c7deeca0][WARN] copy_aicore_buffer: [chip_swimlane_collector.cpp:689] Core 8: skipped 1024 AICore record slot(s) with start_time=0 (race-window write or recycled-buffer tail). buf seq=0 count=1024
[mono_ns=7178741937214479][T0xfd11ca4e8ca0][WARN] copy_aicore_buffer: [chip_swimlane_collector.cpp:689] Core 33: skipped 1024 AICore record slot(s) with start_time=0 (race-window write or recycled-buffer tail). buf seq=0 count=1024
[mono_ns=7178741937367280][T0xfd11cacf8ca0][WARN] copy_aicore_buffer: [chip_swimlane_collector.cpp:689] Core 6: skipped 1024 AICore record slot(s) with start_time=0 (race-window write or recycled-buffer tail). buf seq=0 count=1024
[mono_ns=7178741937514381][T0xfd11c7deeca0][WARN] copy_aicore_buffer: [chip_swimlane_collector.cpp:689] Core 40: skipped 1024 AICore record slot(s) with start_time=0 (race-window write or recycled-buffer tail). buf seq=0 count=1024
[mono_ns=7178741937529962][T0xfd11ca4e8ca0][WARN] copy_aicore_buffer: [chip_swimlane_collector.cpp:689] Core 7: skipped 1024 AICore record slot(s) with start_time=0 (race-window write or recycled-buffer tail). buf seq=0 count=1024
[mono_ns=7178741937680413][T0xfd11cacf8ca0][WARN] copy_aicore_buffer: [chip_swimlane_collector.cpp:689] Core 36: skipped 1024 AICore record slot(s) with start_time=0 (race-window write or recycled-buffer tail). buf seq=0 count=1024
[mono_ns=7178741937827244][T0xfd11c7deeca0][WARN] copy_aicore_buffer: [chip_swimlane_collector.cpp:689] Core 41: skipped 1024 AICore record slot(s) with start_time=0 (race-window write or recycled-buffer tail). buf seq=0 count=1024
[mono_ns=7178741937843534][T0xfd11ca4e8ca0][WARN] copy_aicore_buffer: [chip_swimlane_collector.cpp:689] Core 38: skipped 1024 AICore record slot(s) with start_time=0 (race-window write or recycled-buffer tail). buf seq=0 count=1024
[mono_ns=7178741937994585][T0xfd11cacf8ca0][WARN] copy_aicore_buffer: [chip_swimlane_collector.cpp:689] Core 37: skipped 1024 AICore record slot(s) with start_time=0 (race-window write or recycled-buffer tail). buf seq=0 count=1024
[mono_ns=7178741938150536][T0xfd11c7deeca0][WARN] copy_aicore_buffer: [chip_swimlane_collector.cpp:689] Core 11: skipped 1024 AICore record slot(s) with start_time=0 (race-window write or recycled-buffer tail). buf seq=0 count=1024
[mono_ns=7178741938164846][T0xfd11ca4e8ca0][WARN] copy_aicore_buffer: [chip_swimlane_collector.cpp:689] Core 39: skipped 1024 AICore record slot(s) with start_time=0 (race-window write or recycled-buffer tail). buf seq=0 count=1024
[mono_ns=7178741938318987][T0xfd11cacf8ca0][WARN] copy_aicore_buffer: [chip_swimlane_collector.cpp:689] Core 9: skipped 1024 AICore record slot(s) with start_time=0 (race-window write or recycled-buffer tail). buf seq=0 count=1024
[mono_ns=7178741938463338][T0xfd11c7deeca0][WARN] copy_aicore_buffer: [chip_swimlane_collector.cpp:689] Core 46: skipped 1024 AICore record slot(s) with start_time=0 (race-window write or recycled-buffer tail). buf seq=0 count=1024
[mono_ns=7178741938478718][T0xfd11ca4e8ca0][WARN] copy_aicore_buffer: [chip_swimlane_collector.cpp:689] Core 10: skipped 1024 AICore record slot(s) with start_time=0 (race-window write or recycled-buffer tail). buf seq=0 count=1024
[mono_ns=7178741938630369][T0xfd11cacf8ca0][WARN] copy_aicore_buffer: [chip_swimlane_collector.cpp:689] Core 42: skipped 1024 AICore record slot(s) with start_time=0 (race-window write or recycled-buffer tail). buf seq=0 count=1024
[mono_ns=7178741938775520][T0xfd11c7deeca0][WARN] copy_aicore_buffer: [chip_swimlane_collector.cpp:689] Core 47: skipped 1024 AICore record slot(s) with start_time=0 (race-window write or recycled-buffer tail). buf seq=0 count=1024
[mono_ns=7178741938791761][T0xfd11ca4e8ca0][WARN] copy_aicore_buffer: [chip_swimlane_collector.cpp:689] Core 44: skipped 1024 AICore record slot(s) with start_time=0 (race-window write or recycled-buffer tail). buf seq=0 count=1024
[mono_ns=7178741938944032][T0xfd11cacf8ca0][WARN] copy_aicore_buffer: [chip_swimlane_collector.cpp:689] Core 43: skipped 1024 AICore record slot(s) with start_time=0 (race-window write or recycled-buffer tail). buf seq=0 count=1024
[mono_ns=7178741939099193][T0xfd11c7deeca0][WARN] copy_aicore_buffer: [chip_swimlane_collector.cpp:689] Core 14: skipped 1024 AICore record slot(s) with start_time=0 (race-window write or recycled-buffer tail). buf seq=0 count=1024
[mono_ns=7178741939111023][T0xfd11ca4e8ca0][WARN] copy_aicore_buffer: [chip_swimlane_collector.cpp:689] Core 45: skipped 1024 AICore record slot(s) with start_time=0 (race-window write or recycled-buffer tail). buf seq=0 count=1024
[mono_ns=7178741939267134][T0xfd11cacf8ca0][WARN] copy_aicore_buffer: [chip_swimlane_collector.cpp:689] Core 12: skipped 1024 AICore record slot(s) with start_time=0 (race-window write or recycled-buffer tail). buf seq=0 count=1024
[mono_ns=7178741939412845][T0xfd11c7deeca0][WARN] copy_aicore_buffer: [chip_swimlane_collector.cpp:689] Core 52: skipped 1024 AICore record slot(s) with start_time=0 (race-window write or recycled-buffer tail). buf seq=0 count=1024
[mono_ns=7178741939422035][T0xfd11ca4e8ca0][WARN] copy_aicore_buffer: [chip_swimlane_collector.cpp:689] Core 13: skipped 1024 AICore record slot(s) with start_time=0 (race-window write or recycled-buffer tail). buf seq=0 count=1024
[mono_ns=7178741939581466][T0xfd11cacf8ca0][WARN] copy_aicore_buffer: [chip_swimlane_collector.cpp:689] Core 48: skipped 1024 AICore record slot(s) with start_time=0 (race-window write or recycled-buffer tail). buf seq=0 count=1024
[mono_ns=7178741939725717][T0xfd11c7deeca0][WARN] copy_aicore_buffer: [chip_swimlane_collector.cpp:689] Core 53: skipped 1024 AICore record slot(s) with start_time=0 (race-window write or recycled-buffer tail). buf seq=0 count=1024
[mono_ns=7178741939733897][T0xfd11ca4e8ca0][WARN] copy_aicore_buffer: [chip_swimlane_collector.cpp:689] Core 50: skipped 1024 AICore record slot(s) with start_time=0 (race-window write or recycled-buffer tail). buf seq=0 count=1024
[mono_ns=7178741939894988][T0xfd11cacf8ca0][WARN] copy_aicore_buffer: [chip_swimlane_collector.cpp:689] Core 49: skipped 1024 AICore record slot(s) with start_time=0 (race-window write or recycled-buffer tail). buf seq=0 count=1024
[mono_ns=7178741940050079][T0xfd11c7deeca0][WARN] copy_aicore_buffer: [chip_swimlane_collector.cpp:689] Core 17: skipped 1024 AICore record slot(s) with start_time=0 (race-window write or recycled-buffer tail). buf seq=0 count=1024
[mono_ns=7178741940058659][T0xfd11ca4e8ca0][WARN] copy_aicore_buffer: [chip_swimlane_collector.cpp:689] Core 51: skipped 1024 AICore record slot(s) with start_time=0 (race-window write or recycled-buffer tail). buf seq=0 count=1024
[mono_ns=7178741940216311][T0xfd11cacf8ca0][WARN] copy_aicore_buffer: [chip_swimlane_collector.cpp:689] Core 15: skipped 1024 AICore record slot(s) with start_time=0 (race-window write or recycled-buffer tail). buf seq=0 count=1024
[mono_ns=7178741940362412][T0xfd11c7deeca0][WARN] copy_aicore_buffer: [chip_swimlane_collector.cpp:689] Core 58: skipped 1024 AICore record slot(s) with start_time=0 (race-window write or recycled-buffer tail). buf seq=0 count=1024
[mono_ns=7178741940369422][T0xfd11ca4e8ca0][WARN] copy_aicore_buffer: [chip_swimlane_collector.cpp:689] Core 16: skipped 1024 AICore record slot(s) with start_time=0 (race-window write or recycled-buffer tail). buf seq=0 count=1024
[mono_ns=7178741940527933][T0xfd11cacf8ca0][WARN] copy_aicore_buffer: [chip_swimlane_collector.cpp:689] Core 54: skipped 1024 AICore record slot(s) with start_time=0 (race-window write or recycled-buffer tail). buf seq=0 count=1024
[mono_ns=7178741940675384][T0xfd11c7deeca0][WARN] copy_aicore_buffer: [chip_swimlane_collector.cpp:689] Core 59: skipped 1024 AICore record slot(s) with start_time=0 (race-window write or recycled-buffer tail). buf seq=0 count=1024
[mono_ns=7178741940680744][T0xfd11ca4e8ca0][WARN] copy_aicore_buffer: [chip_swimlane_collector.cpp:689] Core 56: skipped 1024 AICore record slot(s) with start_time=0 (race-window write or recycled-buffer tail). buf seq=0 count=1024
[mono_ns=7178741940843145][T0xfd11cacf8ca0][WARN] copy_aicore_buffer: [chip_swimlane_collector.cpp:689] Core 55: skipped 1024 AICore record slot(s) with start_time=0 (race-window write or recycled-buffer tail). buf seq=0 count=1024
[mono_ns=7178741940987096][T0xfd11c7deeca0][WARN] copy_aicore_buffer: [chip_swimlane_collector.cpp:689] Core 20: skipped 1024 AICore record slot(s) with start_time=0 (race-window write or recycled-buffer tail). buf seq=0 count=1024
[mono_ns=7178741940992616][T0xfd11ca4e8ca0][WARN] copy_aicore_buffer: [chip_swimlane_collector.cpp:689] Core 57: skipped 1024 AICore record slot(s) with start_time=0 (race-window write or recycled-buffer tail). buf seq=0 count=1024
[mono_ns=7178741941162567][T0xfd11cacf8ca0][WARN] copy_aicore_buffer: [chip_swimlane_collector.cpp:689] Core 18: skipped 1024 AICore record slot(s) with start_time=0 (race-window write or recycled-buffer tail). buf seq=0 count=1024
[mono_ns=7178741941307058][T0xfd11c7deeca0][WARN] copy_aicore_buffer: [chip_swimlane_collector.cpp:689] Core 64: skipped 1024 AICore record slot(s) with start_time=0 (race-window write or recycled-buffer tail). buf seq=0 count=1024
[mono_ns=7178741941310478][T0xfd11ca4e8ca0][WARN] copy_aicore_buffer: [chip_swimlane_collector.cpp:689] Core 19: skipped 1024 AICore record slot(s) with start_time=0 (race-window write or recycled-buffer tail). buf seq=0 count=1024
[mono_ns=7178741941477130][T0xfd11cacf8ca0][WARN] copy_aicore_buffer: [chip_swimlane_collector.cpp:689] Core 60: skipped 1024 AICore record slot(s) with start_time=0 (race-window write or recycled-buffer tail). buf seq=0 count=1024
[mono_ns=7178741941619671][T0xfd11c7deeca0][WARN] copy_aicore_buffer: [chip_swimlane_collector.cpp:689] Core 65: skipped 1024 AICore record slot(s) with start_time=0 (race-window write or recycled-buffer tail). buf seq=0 count=1024
[mono_ns=7178741941623401][T0xfd11ca4e8ca0][WARN] copy_aicore_buffer: [chip_swimlane_collector.cpp:689] Core 62: skipped 1024 AICore record slot(s) with start_time=0 (race-window write or recycled-buffer tail). buf seq=0 count=1024
[mono_ns=7178741941790982][T0xfd11cacf8ca0][WARN] copy_aicore_buffer: [chip_swimlane_collector.cpp:689] Core 61: skipped 1024 AICore record slot(s) with start_time=0 (race-window write or recycled-buffer tail). buf seq=0 count=1024
[mono_ns=7178741941931123][T0xfd11c7deeca0][WARN] copy_aicore_buffer: [chip_swimlane_collector.cpp:689] Core 23: skipped 1024 AICore record slot(s) with start_time=0 (race-window write or recycled-buffer tail). buf seq=0 count=1024
[mono_ns=7178741941935733][T0xfd11ca4e8ca0][WARN] copy_aicore_buffer: [chip_swimlane_collector.cpp:689] Core 63: skipped 1024 AICore record slot(s) with start_time=0 (race-window write or recycled-buffer tail). buf seq=0 count=1024
[mono_ns=7178741942114174][T0xfd11cacf8ca0][WARN] copy_aicore_buffer: [chip_swimlane_collector.cpp:689] Core 21: skipped 1024 AICore record slot(s) with start_time=0 (race-window write or recycled-buffer tail). buf seq=0 count=1024
[mono_ns=7178741942257725][T0xfd11c7deeca0][WARN] copy_aicore_buffer: [chip_swimlane_collector.cpp:689] Core 70: skipped 1024 AICore record slot(s) with start_time=0 (race-window write or recycled-buffer tail). buf seq=0 count=1024
[mono_ns=7178741942258555][T0xfd11ca4e8ca0][WARN] copy_aicore_buffer: [chip_swimlane_collector.cpp:689] Core 22: skipped 1024 AICore record slot(s) with start_time=0 (race-window write or recycled-buffer tail). buf seq=0 count=1024
[mono_ns=7178741942427556][T0xfd11cacf8ca0][WARN] copy_aicore_buffer: [chip_swimlane_collector.cpp:689] Core 66: skipped 1024 AICore record slot(s) with start_time=0 (race-window write or recycled-buffer tail). buf seq=0 count=1024
[mono_ns=7178741942569427][T0xfd11ca4e8ca0][WARN] copy_aicore_buffer: [chip_swimlane_collector.cpp:689] Core 68: skipped 1024 AICore record slot(s) with start_time=0 (race-window write or recycled-buffer tail). buf seq=0 count=1024
[mono_ns=7178741942572807][T0xfd11c7deeca0][WARN] copy_aicore_buffer: [chip_swimlane_collector.cpp:689] Core 71: skipped 1024 AICore record slot(s) with start_time=0 (race-window write or recycled-buffer tail). buf seq=0 count=1024
[mono_ns=7178741942740828][T0xfd11cacf8ca0][WARN] copy_aicore_buffer: [chip_swimlane_collector.cpp:689] Core 67: skipped 1024 AICore record slot(s) with start_time=0 (race-window write or recycled-buffer tail). buf seq=0 count=1024
[mono_ns=7178741942881619][T0xfd11ca4e8ca0][WARN] copy_aicore_buffer: [chip_swimlane_collector.cpp:689] Core 69: skipped 1024 AICore record slot(s) with start_time=0 (race-window write or recycled-buffer tail). buf seq=0 count=1024
[mono_ns=7178742043378432][T0xfd132294b020][TIMING] emit_host_span: [STRACE] v=1 pid=327594 tid=327594 inv=16 hid=d981d29f0dfe9ced depth=1 name=chip.run.runner_run ts=7178741932426935 dur=110943877 
[mono_ns=7178742043473892][T0xfd132294b020][TIMING] emit_host_span: [STRACE] v=1 pid=327594 tid=327594 inv=16 hid=d981d29f0dfe9ced depth=1 name=chip.run.validate ts=7178742043386762 dur=83210 
[mono_ns=7178742043481122][T0xfd132294b020][TIMING] emit_host_span: [STRACE] v=1 pid=327594 tid=327594 inv=16 hid=d981d29f0dfe9ced depth=2 name=chip.run.runner_run.device_wall ts=0 dur=2332900 clk=dev
[mono_ns=7178742043485432][T0xfd132294b020][TIMING] emit_host_span: [STRACE] v=1 pid=327594 tid=327594 inv=16 hid=d981d29f0dfe9ced depth=3 name=chip.run.runner_run.device_wall.preamble ts=0 dur=621959 clk=dev
[mono_ns=7178742043489152][T0xfd132294b020][TIMING] emit_host_span: [STRACE] v=1 pid=327594 tid=327594 inv=16 hid=d981d29f0dfe9ced depth=3 name=chip.run.runner_run.device_wall.graph_build ts=617280 dur=1706320 clk=dev
[mono_ns=7178742043492322][T0xfd132294b020][TIMING] emit_host_span: [STRACE] v=1 pid=327594 tid=327594 inv=16 hid=d981d29f0dfe9ced depth=3 name=chip.run.runner_run.device_wall.config_validate ts=617360 dur=740 clk=dev
[mono_ns=7178742043495832][T0xfd132294b020][TIMING] emit_host_span: [STRACE] v=1 pid=327594 tid=327594 inv=16 hid=d981d29f0dfe9ced depth=3 name=chip.run.runner_run.device_wall.arena_wire ts=618140 dur=280 clk=dev
[mono_ns=7178742043498872][T0xfd132294b020][TIMING] emit_host_span: [STRACE] v=1 pid=327594 tid=327594 inv=16 hid=d981d29f0dfe9ced depth=3 name=chip.run.runner_run.device_wall.sm_reset ts=618440 dur=500 clk=dev
[mono_ns=7178742043501962][T0xfd132294b020][TIMING] emit_host_span: [STRACE] v=1 pid=327594 tid=327594 inv=16 hid=d981d29f0dfe9ced depth=3 name=chip.run.runner_run.device_wall.post_orch ts=2323640 dur=8719 clk=dev
[mono_ns=7178742043509603][T0xfd132294b020][TIMING] emit_host_span: [STRACE] v=1 pid=327594 tid=327594 inv=16 hid=d981d29f0dfe9ced depth=3 name=chip.run.runner_run.device_wall.orch ts=618980 dur=3559 clk=dev
[mono_ns=7178742043512653][T0xfd132294b020][TIMING] emit_host_span: [STRACE] v=1 pid=327594 tid=327594 inv=16 hid=d981d29f0dfe9ced depth=3 name=chip.run.runner_run.device_wall.sched ts=622080 dur=1685400 clk=dev
[mono_ns=7178742043517273][T0xfd132294b020][TIMING] emit_host_span: [STRACE] v=1 pid=327594 tid=327594 inv=16 hid=d981d29f0dfe9ced depth=1 name=chip.run.claim_release ts=7178742043515153 dur=380 
[mono_ns=7178742043521863][T0xfd132294b020][TIMING] emit_host_span: [STRACE] v=1 pid=327594 tid=327594 inv=16 hid=d981d29f0dfe9ced depth=0 name=chip.run ts=7178741931876252 dur=111643581 run_id=16 dispatch_id=16 slot_id=0 generation=16 run_epoch=16
[mono_ns=7178744454865956][T0xfd132294b020][TIMING] emit_host_span: [STRACE] v=1 pid=327594 tid=327594 inv=17 hid=d981d29f0dfe9ced depth=2 name=chip.run.bind.args ts=7178744454730405 dur=127551 
[mono_ns=7178744454883016][T0xfd132294b020][TIMING] emit_host_span: [STRACE] v=1 pid=327594 tid=327594 inv=17 hid=d981d29f0dfe9ced depth=2 name=chip.run.bind.prebuilt ts=7178744454877476 dur=3180 
[mono_ns=7178744454887976][T0xfd132294b020][TIMING] emit_host_span: [STRACE] v=1 pid=327594 tid=327594 inv=17 hid=d981d29f0dfe9ced depth=1 name=chip.run.bind ts=7178744454719215 dur=166341 
[mono_ns=7178744559257256][T0xfd132294b020][TIMING] emit_host_span: [STRACE] v=1 pid=327594 tid=327594 inv=17 hid=d981d29f0dfe9ced depth=1 name=chip.run.runner_run ts=7178744455183609 dur=104062837 
[mono_ns=7178744559370077][T0xfd132294b020][TIMING] emit_host_span: [STRACE] v=1 pid=327594 tid=327594 inv=17 hid=d981d29f0dfe9ced depth=1 name=chip.run.validate ts=7178744559267756 dur=98261 
[mono_ns=7178744559381097][T0xfd132294b020][TIMING] emit_host_span: [STRACE] v=1 pid=327594 tid=327594 inv=17 hid=d981d29f0dfe9ced depth=2 name=chip.run.runner_run.device_wall ts=0 dur=1824740 clk=dev
[mono_ns=7178744559385537][T0xfd132294b020][TIMING] emit_host_span: [STRACE] v=1 pid=327594 tid=327594 inv=17 hid=d981d29f0dfe9ced depth=3 name=chip.run.runner_run.device_wall.preamble ts=0 dur=7140 clk=dev
[mono_ns=7178744559389477][T0xfd132294b020][TIMING] emit_host_span: [STRACE] v=1 pid=327594 tid=327594 inv=17 hid=d981d29f0dfe9ced depth=3 name=chip.run.runner_run.device_wall.graph_build ts=2280 dur=1812980 clk=dev
[mono_ns=7178744559392677][T0xfd132294b020][TIMING] emit_host_span: [STRACE] v=1 pid=327594 tid=327594 inv=17 hid=d981d29f0dfe9ced depth=3 name=chip.run.runner_run.device_wall.config_validate ts=2400 dur=700 clk=dev
[mono_ns=7178744559395717][T0xfd132294b020][TIMING] emit_host_span: [STRACE] v=1 pid=327594 tid=327594 inv=17 hid=d981d29f0dfe9ced depth=3 name=chip.run.runner_run.device_wall.arena_wire ts=3120 dur=820 clk=dev
[mono_ns=7178744559398597][T0xfd132294b020][TIMING] emit_host_span: [STRACE] v=1 pid=327594 tid=327594 inv=17 hid=d981d29f0dfe9ced depth=3 name=chip.run.runner_run.device_wall.sm_reset ts=3960 dur=1220 clk=dev
[mono_ns=7178744559401547][T0xfd132294b020][TIMING] emit_host_span: [STRACE] v=1 pid=327594 tid=327594 inv=17 hid=d981d29f0dfe9ced depth=3 name=chip.run.runner_run.device_wall.post_orch ts=1815300 dur=9320 clk=dev
[mono_ns=7178744559409647][T0xfd132294b020][TIMING] emit_host_span: [STRACE] v=1 pid=327594 tid=327594 inv=17 hid=d981d29f0dfe9ced depth=3 name=chip.run.runner_run.device_wall.orch ts=5720 dur=9540 clk=dev
[mono_ns=7178744559412677][T0xfd132294b020][TIMING] emit_host_span: [STRACE] v=1 pid=327594 tid=327594 inv=17 hid=d981d29f0dfe9ced depth=3 name=chip.run.runner_run.device_wall.sched ts=7640 dur=1799960 clk=dev
[mono_ns=7178744559417457][T0xfd132294b020][TIMING] emit_host_span: [STRACE] v=1 pid=327594 tid=327594 inv=17 hid=d981d29f0dfe9ced depth=1 name=chip.run.claim_release ts=7178744559414777 dur=400 
[mono_ns=7178744559422057][T0xfd132294b020][TIMING] emit_host_span: [STRACE] v=1 pid=327594 tid=327594 inv=17 hid=d981d29f0dfe9ced depth=0 name=chip.run ts=7178744454635795 dur=104784172 run_id=17 dispatch_id=17 slot_id=0 generation=17 run_epoch=17
[mono_ns=7178744568194339][T0xfd132294b020][TIMING] emit_host_span: [STRACE] v=1 pid=327594 tid=327594 inv=18 hid=d981d29f0dfe9ced depth=2 name=chip.run.bind.args ts=7178744568084728 dur=103581 
[mono_ns=7178744568206649][T0xfd132294b020][TIMING] emit_host_span: [STRACE] v=1 pid=327594 tid=327594 inv=18 hid=d981d29f0dfe9ced depth=2 name=chip.run.bind.prebuilt ts=7178744568201769 dur=2500 
[mono_ns=7178744568211199][T0xfd132294b020][TIMING] emit_host_span: [STRACE] v=1 pid=327594 tid=327594 inv=18 hid=d981d29f0dfe9ced depth=1 name=chip.run.bind ts=7178744568077128 dur=131961 
[mono_ns=7178744571078049][T0xfd11cacf8ca0][WARN] copy_aicore_buffer: [chip_swimlane_collector.cpp:689] Core 0: skipped 1024 AICore record slot(s) with start_time=0 (race-window write or recycled-buffer tail). buf seq=0 count=1024
[mono_ns=7178744571090280][T0xfd11c7deeca0][WARN] copy_aicore_buffer: [chip_swimlane_collector.cpp:689] Core 2: skipped 1024 AICore record slot(s) with start_time=0 (race-window write or recycled-buffer tail). buf seq=0 count=1024
[mono_ns=7178744571120240][T0xfd11ca4e8ca0][WARN] copy_aicore_buffer: [chip_swimlane_collector.cpp:689] Core 1: skipped 1024 AICore record slot(s) with start_time=0 (race-window write or recycled-buffer tail). buf seq=0 count=1024
[mono_ns=7178744571399822][T0xfd11cacf8ca0][WARN] copy_aicore_buffer: [chip_swimlane_collector.cpp:689] Core 24: skipped 1023 AICore record slot(s) with start_time=0 (race-window write or recycled-buffer tail). buf seq=0 count=1024
[mono_ns=7178744571407942][T0xfd11c7deeca0][WARN] copy_aicore_buffer: [chip_swimlane_collector.cpp:689] Core 28: skipped 1022 AICore record slot(s) with start_time=0 (race-window write or recycled-buffer tail). buf seq=0 count=1024
[mono_ns=7178744571438472][T0xfd11ca4e8ca0][WARN] copy_aicore_buffer: [chip_swimlane_collector.cpp:689] Core 26: skipped 1024 AICore record slot(s) with start_time=0 (race-window write or recycled-buffer tail). buf seq=0 count=1024
[mono_ns=7178744571713974][T0xfd11cacf8ca0][WARN] copy_aicore_buffer: [chip_swimlane_collector.cpp:689] Core 25: skipped 1024 AICore record slot(s) with start_time=0 (race-window write or recycled-buffer tail). buf seq=0 count=1024
[mono_ns=7178744571721884][T0xfd11c7deeca0][WARN] copy_aicore_buffer: [chip_swimlane_collector.cpp:689] Core 29: skipped 1024 AICore record slot(s) with start_time=0 (race-window write or recycled-buffer tail). buf seq=0 count=1024
[mono_ns=7178744571754804][T0xfd11ca4e8ca0][WARN] copy_aicore_buffer: [chip_swimlane_collector.cpp:689] Core 27: skipped 1023 AICore record slot(s) with start_time=0 (race-window write or recycled-buffer tail). buf seq=0 count=1024
[mono_ns=7178744572038726][T0xfd11cacf8ca0][WARN] copy_aicore_buffer: [chip_swimlane_collector.cpp:689] Core 3: skipped 1024 AICore record slot(s) with start_time=0 (race-window write or recycled-buffer tail). buf seq=0 count=1024
[mono_ns=7178744572047506][T0xfd11c7deeca0][WARN] copy_aicore_buffer: [chip_swimlane_collector.cpp:689] Core 5: skipped 1024 AICore record slot(s) with start_time=0 (race-window write or recycled-buffer tail). buf seq=0 count=1024
[mono_ns=7178744572080457][T0xfd11ca4e8ca0][WARN] copy_aicore_buffer: [chip_swimlane_collector.cpp:689] Core 4: skipped 1024 AICore record slot(s) with start_time=0 (race-window write or recycled-buffer tail). buf seq=0 count=1024
[mono_ns=7178744572352749][T0xfd11cacf8ca0][WARN] copy_aicore_buffer: [chip_swimlane_collector.cpp:689] Core 30: skipped 1024 AICore record slot(s) with start_time=0 (race-window write or recycled-buffer tail). buf seq=0 count=1024
[mono_ns=7178744572358739][T0xfd11c7deeca0][WARN] copy_aicore_buffer: [chip_swimlane_collector.cpp:689] Core 34: skipped 1024 AICore record slot(s) with start_time=0 (race-window write or recycled-buffer tail). buf seq=0 count=1024
[mono_ns=7178744572394149][T0xfd11ca4e8ca0][WARN] copy_aicore_buffer: [chip_swimlane_collector.cpp:689] Core 32: skipped 1024 AICore record slot(s) with start_time=0 (race-window write or recycled-buffer tail). buf seq=0 count=1024
[mono_ns=7178744572669061][T0xfd11cacf8ca0][WARN] copy_aicore_buffer: [chip_swimlane_collector.cpp:689] Core 31: skipped 1022 AICore record slot(s) with start_time=0 (race-window write or recycled-buffer tail). buf seq=0 count=1024
[mono_ns=7178744572669471][T0xfd11c7deeca0][WARN] copy_aicore_buffer: [chip_swimlane_collector.cpp:689] Core 35: skipped 1024 AICore record slot(s) with start_time=0 (race-window write or recycled-buffer tail). buf seq=0 count=1024
[mono_ns=7178744572707951][T0xfd11ca4e8ca0][WARN] copy_aicore_buffer: [chip_swimlane_collector.cpp:689] Core 33: skipped 1024 AICore record slot(s) with start_time=0 (race-window write or recycled-buffer tail). buf seq=0 count=1024
[mono_ns=7178744572981923][T0xfd11cacf8ca0][WARN] copy_aicore_buffer: [chip_swimlane_collector.cpp:689] Core 6: skipped 1024 AICore record slot(s) with start_time=0 (race-window write or recycled-buffer tail). buf seq=0 count=1024
[mono_ns=7178744572982023][T0xfd11c7deeca0][WARN] copy_aicore_buffer: [chip_swimlane_collector.cpp:689] Core 8: skipped 1024 AICore record slot(s) with start_time=0 (race-window write or recycled-buffer tail). buf seq=0 count=1024
[mono_ns=7178744573025203][T0xfd11ca4e8ca0][WARN] copy_aicore_buffer: [chip_swimlane_collector.cpp:689] Core 7: skipped 1024 AICore record slot(s) with start_time=0 (race-window write or recycled-buffer tail). buf seq=0 count=1024
[mono_ns=7178744573298245][T0xfd11cacf8ca0][WARN] copy_aicore_buffer: [chip_swimlane_collector.cpp:689] Core 36: skipped 1024 AICore record slot(s) with start_time=0 (race-window write or recycled-buffer tail). buf seq=0 count=1024
[mono_ns=7178744573299005][T0xfd11c7deeca0][WARN] copy_aicore_buffer: [chip_swimlane_collector.cpp:689] Core 40: skipped 1024 AICore record slot(s) with start_time=0 (race-window write or recycled-buffer tail). buf seq=0 count=1024
[mono_ns=7178744573339206][T0xfd11ca4e8ca0][WARN] copy_aicore_buffer: [chip_swimlane_collector.cpp:689] Core 38: skipped 1024 AICore record slot(s) with start_time=0 (race-window write or recycled-buffer tail). buf seq=0 count=1024
[mono_ns=7178744573609907][T0xfd11c7deeca0][WARN] copy_aicore_buffer: [chip_swimlane_collector.cpp:689] Core 41: skipped 1024 AICore record slot(s) with start_time=0 (race-window write or recycled-buffer tail). buf seq=0 count=1024
[mono_ns=7178744573612767][T0xfd11cacf8ca0][WARN] copy_aicore_buffer: [chip_swimlane_collector.cpp:689] Core 37: skipped 1024 AICore record slot(s) with start_time=0 (race-window write or recycled-buffer tail). buf seq=0 count=1024
[mono_ns=7178744573653558][T0xfd11ca4e8ca0][WARN] copy_aicore_buffer: [chip_swimlane_collector.cpp:689] Core 39: skipped 1024 AICore record slot(s) with start_time=0 (race-window write or recycled-buffer tail). buf seq=0 count=1024
[mono_ns=7178744573923480][T0xfd11c7deeca0][WARN] copy_aicore_buffer: [chip_swimlane_collector.cpp:689] Core 11: skipped 1024 AICore record slot(s) with start_time=0 (race-window write or recycled-buffer tail). buf seq=0 count=1024
[mono_ns=7178744573925620][T0xfd11cacf8ca0][WARN] copy_aicore_buffer: [chip_swimlane_collector.cpp:689] Core 9: skipped 1024 AICore record slot(s) with start_time=0 (race-window write or recycled-buffer tail). buf seq=0 count=1024
[mono_ns=7178744573973320][T0xfd11ca4e8ca0][WARN] copy_aicore_buffer: [chip_swimlane_collector.cpp:689] Core 10: skipped 1024 AICore record slot(s) with start_time=0 (race-window write or recycled-buffer tail). buf seq=0 count=1024
[mono_ns=7178744574242752][T0xfd11c7deeca0][WARN] copy_aicore_buffer: [chip_swimlane_collector.cpp:689] Core 46: skipped 1024 AICore record slot(s) with start_time=0 (race-window write or recycled-buffer tail). buf seq=0 count=1024
[mono_ns=7178744574296162][T0xfd11ca4e8ca0][WARN] copy_aicore_buffer: [chip_swimlane_collector.cpp:689] Core 44: skipped 1024 AICore record slot(s) with start_time=0 (race-window write or recycled-buffer tail). buf seq=0 count=1024
[mono_ns=7178744574304372][T0xfd11cacf8ca0][WARN] copy_aicore_buffer: [chip_swimlane_collector.cpp:689] Core 42: skipped 1024 AICore record slot(s) with start_time=0 (race-window write or recycled-buffer tail). buf seq=0 count=1024
[mono_ns=7178744574554924][T0xfd11c7deeca0][WARN] copy_aicore_buffer: [chip_swimlane_collector.cpp:689] Core 47: skipped 1024 AICore record slot(s) with start_time=0 (race-window write or recycled-buffer tail). buf seq=0 count=1024
[mono_ns=7178744574609625][T0xfd11ca4e8ca0][WARN] copy_aicore_buffer: [chip_swimlane_collector.cpp:689] Core 45: skipped 1024 AICore record slot(s) with start_time=0 (race-window write or recycled-buffer tail). buf seq=0 count=1024
[mono_ns=7178744574617285][T0xfd11cacf8ca0][WARN] copy_aicore_buffer: [chip_swimlane_collector.cpp:689] Core 43: skipped 1024 AICore record slot(s) with start_time=0 (race-window write or recycled-buffer tail). buf seq=0 count=1024
[mono_ns=7178744574869036][T0xfd11c7deeca0][WARN] copy_aicore_buffer: [chip_swimlane_collector.cpp:689] Core 14: skipped 1024 AICore record slot(s) with start_time=0 (race-window write or recycled-buffer tail). buf seq=0 count=1024
[mono_ns=7178744574922297][T0xfd11ca4e8ca0][WARN] copy_aicore_buffer: [chip_swimlane_collector.cpp:689] Core 13: skipped 1024 AICore record slot(s) with start_time=0 (race-window write or recycled-buffer tail). buf seq=0 count=1024
[mono_ns=7178744574927367][T0xfd11cacf8ca0][WARN] copy_aicore_buffer: [chip_swimlane_collector.cpp:689] Core 12: skipped 1024 AICore record slot(s) with start_time=0 (race-window write or recycled-buffer tail). buf seq=0 count=1024
[mono_ns=7178744575189099][T0xfd11c7deeca0][WARN] copy_aicore_buffer: [chip_swimlane_collector.cpp:689] Core 52: skipped 1024 AICore record slot(s) with start_time=0 (race-window write or recycled-buffer tail). buf seq=0 count=1024
[mono_ns=7178744575240569][T0xfd11ca4e8ca0][WARN] copy_aicore_buffer: [chip_swimlane_collector.cpp:689] Core 50: skipped 1024 AICore record slot(s) with start_time=0 (race-window write or recycled-buffer tail). buf seq=0 count=1024
[mono_ns=7178744575252109][T0xfd11cacf8ca0][WARN] copy_aicore_buffer: [chip_swimlane_collector.cpp:689] Core 48: skipped 1024 AICore record slot(s) with start_time=0 (race-window write or recycled-buffer tail). buf seq=0 count=1024
[mono_ns=7178744575501271][T0xfd11c7deeca0][WARN] copy_aicore_buffer: [chip_swimlane_collector.cpp:689] Core 53: skipped 1024 AICore record slot(s) with start_time=0 (race-window write or recycled-buffer tail). buf seq=0 count=1024
[mono_ns=7178744575554291][T0xfd11ca4e8ca0][WARN] copy_aicore_buffer: [chip_swimlane_collector.cpp:689] Core 51: skipped 1024 AICore record slot(s) with start_time=0 (race-window write or recycled-buffer tail). buf seq=0 count=1024
[mono_ns=7178744575563851][T0xfd11cacf8ca0][WARN] copy_aicore_buffer: [chip_swimlane_collector.cpp:689] Core 49: skipped 1024 AICore record slot(s) with start_time=0 (race-window write or recycled-buffer tail). buf seq=0 count=1024
[mono_ns=7178744575813233][T0xfd11c7deeca0][WARN] copy_aicore_buffer: [chip_swimlane_collector.cpp:689] Core 17: skipped 1024 AICore record slot(s) with start_time=0 (race-window write or recycled-buffer tail). buf seq=0 count=1024
[mono_ns=7178744575867583][T0xfd11ca4e8ca0][WARN] copy_aicore_buffer: [chip_swimlane_collector.cpp:689] Core 16: skipped 1024 AICore record slot(s) with start_time=0 (race-window write or recycled-buffer tail). buf seq=0 count=1024
[mono_ns=7178744575875793][T0xfd11cacf8ca0][WARN] copy_aicore_buffer: [chip_swimlane_collector.cpp:689] Core 15: skipped 1024 AICore record slot(s) with start_time=0 (race-window write or recycled-buffer tail). buf seq=0 count=1024
[mono_ns=7178744576137055][T0xfd11c7deeca0][WARN] copy_aicore_buffer: [chip_swimlane_collector.cpp:689] Core 58: skipped 1024 AICore record slot(s) with start_time=0 (race-window write or recycled-buffer tail). buf seq=0 count=1024
[mono_ns=7178744576196136][T0xfd11ca4e8ca0][WARN] copy_aicore_buffer: [chip_swimlane_collector.cpp:689] Core 56: skipped 1024 AICore record slot(s) with start_time=0 (race-window write or recycled-buffer tail). buf seq=0 count=1024
[mono_ns=7178744576199336][T0xfd11cacf8ca0][WARN] copy_aicore_buffer: [chip_swimlane_collector.cpp:689] Core 54: skipped 1024 AICore record slot(s) with start_time=0 (race-window write or recycled-buffer tail). buf seq=0 count=1024
[mono_ns=7178744576447938][T0xfd11c7deeca0][WARN] copy_aicore_buffer: [chip_swimlane_collector.cpp:689] Core 59: skipped 1024 AICore record slot(s) with start_time=0 (race-window write or recycled-buffer tail). buf seq=0 count=1024
[mono_ns=7178744576509418][T0xfd11ca4e8ca0][WARN] copy_aicore_buffer: [chip_swimlane_collector.cpp:689] Core 57: skipped 1024 AICore record slot(s) with start_time=0 (race-window write or recycled-buffer tail). buf seq=0 count=1024
[mono_ns=7178744576511688][T0xfd11cacf8ca0][WARN] copy_aicore_buffer: [chip_swimlane_collector.cpp:689] Core 55: skipped 1024 AICore record slot(s) with start_time=0 (race-window write or recycled-buffer tail). buf seq=0 count=1024
[mono_ns=7178744576760970][T0xfd11c7deeca0][WARN] copy_aicore_buffer: [chip_swimlane_collector.cpp:689] Core 20: skipped 1024 AICore record slot(s) with start_time=0 (race-window write or recycled-buffer tail). buf seq=0 count=1024
[mono_ns=7178744576821380][T0xfd11cacf8ca0][WARN] copy_aicore_buffer: [chip_swimlane_collector.cpp:689] Core 18: skipped 1024 AICore record slot(s) with start_time=0 (race-window write or recycled-buffer tail). buf seq=0 count=1024
[mono_ns=7178744576821720][T0xfd11ca4e8ca0][WARN] copy_aicore_buffer: [chip_swimlane_collector.cpp:689] Core 19: skipped 1024 AICore record slot(s) with start_time=0 (race-window write or recycled-buffer tail). buf seq=0 count=1024
[mono_ns=7178744577080802][T0xfd11c7deeca0][WARN] copy_aicore_buffer: [chip_swimlane_collector.cpp:689] Core 64: skipped 1024 AICore record slot(s) with start_time=0 (race-window write or recycled-buffer tail). buf seq=0 count=1024
[mono_ns=7178744577143832][T0xfd11ca4e8ca0][WARN] copy_aicore_buffer: [chip_swimlane_collector.cpp:689] Core 62: skipped 1024 AICore record slot(s) with start_time=0 (race-window write or recycled-buffer tail). buf seq=0 count=1024
[mono_ns=7178744577143772][T0xfd11cacf8ca0][WARN] copy_aicore_buffer: [chip_swimlane_collector.cpp:689] Core 60: skipped 1024 AICore record slot(s) with start_time=0 (race-window write or recycled-buffer tail). buf seq=0 count=1024
[mono_ns=7178744577393474][T0xfd11c7deeca0][WARN] copy_aicore_buffer: [chip_swimlane_collector.cpp:689] Core 65: skipped 1024 AICore record slot(s) with start_time=0 (race-window write or recycled-buffer tail). buf seq=0 count=1024
[mono_ns=7178744577454665][T0xfd11cacf8ca0][WARN] copy_aicore_buffer: [chip_swimlane_collector.cpp:689] Core 61: skipped 1024 AICore record slot(s) with start_time=0 (race-window write or recycled-buffer tail). buf seq=0 count=1024
[mono_ns=7178744577457365][T0xfd11ca4e8ca0][WARN] copy_aicore_buffer: [chip_swimlane_collector.cpp:689] Core 63: skipped 1024 AICore record slot(s) with start_time=0 (race-window write or recycled-buffer tail). buf seq=0 count=1024
[mono_ns=7178744577704146][T0xfd11c7deeca0][WARN] copy_aicore_buffer: [chip_swimlane_collector.cpp:689] Core 23: skipped 1024 AICore record slot(s) with start_time=0 (race-window write or recycled-buffer tail). buf seq=0 count=1024
[mono_ns=7178744577766597][T0xfd11cacf8ca0][WARN] copy_aicore_buffer: [chip_swimlane_collector.cpp:689] Core 21: skipped 1024 AICore record slot(s) with start_time=0 (race-window write or recycled-buffer tail). buf seq=0 count=1024
[mono_ns=7178744577770597][T0xfd11ca4e8ca0][WARN] copy_aicore_buffer: [chip_swimlane_collector.cpp:689] Core 22: skipped 1024 AICore record slot(s) with start_time=0 (race-window write or recycled-buffer tail). buf seq=0 count=1024
[mono_ns=7178744578025749][T0xfd11c7deeca0][WARN] copy_aicore_buffer: [chip_swimlane_collector.cpp:689] Core 70: skipped 1024 AICore record slot(s) with start_time=0 (race-window write or recycled-buffer tail). buf seq=0 count=1024
[mono_ns=7178744578088099][T0xfd11cacf8ca0][WARN] copy_aicore_buffer: [chip_swimlane_collector.cpp:689] Core 66: skipped 1024 AICore record slot(s) with start_time=0 (race-window write or recycled-buffer tail). buf seq=0 count=1024
[mono_ns=7178744578090779][T0xfd11ca4e8ca0][WARN] copy_aicore_buffer: [chip_swimlane_collector.cpp:689] Core 68: skipped 1024 AICore record slot(s) with start_time=0 (race-window write or recycled-buffer tail). buf seq=0 count=1024
[mono_ns=7178744578338421][T0xfd11c7deeca0][WARN] copy_aicore_buffer: [chip_swimlane_collector.cpp:689] Core 71: skipped 1024 AICore record slot(s) with start_time=0 (race-window write or recycled-buffer tail). buf seq=0 count=1024
[mono_ns=7178744578401141][T0xfd11cacf8ca0][WARN] copy_aicore_buffer: [chip_swimlane_collector.cpp:689] Core 67: skipped 1024 AICore record slot(s) with start_time=0 (race-window write or recycled-buffer tail). buf seq=0 count=1024
[mono_ns=7178744578401671][T0xfd11ca4e8ca0][WARN] copy_aicore_buffer: [chip_swimlane_collector.cpp:689] Core 69: skipped 1024 AICore record slot(s) with start_time=0 (race-window write or recycled-buffer tail). buf seq=0 count=1024
[mono_ns=7178744678844783][T0xfd132294b020][TIMING] emit_host_span: [STRACE] v=1 pid=327594 tid=327594 inv=18 hid=d981d29f0dfe9ced depth=1 name=chip.run.runner_run ts=7178744568475821 dur=110362052 
[mono_ns=7178744678932473][T0xfd132294b020][TIMING] emit_host_span: [STRACE] v=1 pid=327594 tid=327594 inv=18 hid=d981d29f0dfe9ced depth=1 name=chip.run.validate ts=7178744678851953 dur=76310 
[mono_ns=7178744678940123][T0xfd132294b020][TIMING] emit_host_span: [STRACE] v=1 pid=327594 tid=327594 inv=18 hid=d981d29f0dfe9ced depth=2 name=chip.run.runner_run.device_wall ts=0 dur=2139220 clk=dev
[mono_ns=7178744678944474][T0xfd132294b020][TIMING] emit_host_span: [STRACE] v=1 pid=327594 tid=327594 inv=18 hid=d981d29f0dfe9ced depth=3 name=chip.run.runner_run.device_wall.preamble ts=0 dur=615760 clk=dev
[mono_ns=7178744678948334][T0xfd132294b020][TIMING] emit_host_span: [STRACE] v=1 pid=327594 tid=327594 inv=18 hid=d981d29f0dfe9ced depth=3 name=chip.run.runner_run.device_wall.graph_build ts=611079 dur=1519120 clk=dev
[mono_ns=7178744678951474][T0xfd132294b020][TIMING] emit_host_span: [STRACE] v=1 pid=327594 tid=327594 inv=18 hid=d981d29f0dfe9ced depth=3 name=chip.run.runner_run.device_wall.config_validate ts=611180 dur=820 clk=dev
[mono_ns=7178744678959224][T0xfd132294b020][TIMING] emit_host_span: [STRACE] v=1 pid=327594 tid=327594 inv=18 hid=d981d29f0dfe9ced depth=3 name=chip.run.runner_run.device_wall.arena_wire ts=612020 dur=440 clk=dev
[mono_ns=7178744678962374][T0xfd132294b020][TIMING] emit_host_span: [STRACE] v=1 pid=327594 tid=327594 inv=18 hid=d981d29f0dfe9ced depth=3 name=chip.run.runner_run.device_wall.sm_reset ts=612480 dur=740 clk=dev
[mono_ns=7178744678965544][T0xfd132294b020][TIMING] emit_host_span: [STRACE] v=1 pid=327594 tid=327594 inv=18 hid=d981d29f0dfe9ced depth=3 name=chip.run.runner_run.device_wall.post_orch ts=2130260 dur=8860 clk=dev
[mono_ns=7178744678969034][T0xfd132294b020][TIMING] emit_host_span: [STRACE] v=1 pid=327594 tid=327594 inv=18 hid=d981d29f0dfe9ced depth=3 name=chip.run.runner_run.device_wall.orch ts=613260 dur=4040 clk=dev
[mono_ns=7178744678973014][T0xfd132294b020][TIMING] emit_host_span: [STRACE] v=1 pid=327594 tid=327594 inv=18 hid=d981d29f0dfe9ced depth=3 name=chip.run.runner_run.device_wall.sched ts=615900 dur=1497460 clk=dev
[mono_ns=7178744678977184][T0xfd132294b020][TIMING] emit_host_span: [STRACE] v=1 pid=327594 tid=327594 inv=18 hid=d981d29f0dfe9ced depth=1 name=chip.run.claim_release ts=7178744678975114 dur=300 
[mono_ns=7178744678981194][T0xfd132294b020][TIMING] emit_host_span: [STRACE] v=1 pid=327594 tid=327594 inv=18 hid=d981d29f0dfe9ced depth=0 name=chip.run ts=7178744568051138 dur=110927966 run_id=18 dispatch_id=18 slot_id=0 generation=18 run_epoch=18
[mono_ns=7178747087210489][T0xfd132294b020][TIMING] emit_host_span: [STRACE] v=1 pid=327594 tid=327594 inv=19 hid=d981d29f0dfe9ced depth=2 name=chip.run.bind.args ts=7178747087065868 dur=136711 
[mono_ns=7178747087232820][T0xfd132294b020][TIMING] emit_host_span: [STRACE] v=1 pid=327594 tid=327594 inv=19 hid=d981d29f0dfe9ced depth=2 name=chip.run.bind.prebuilt ts=7178747087225650 dur=4670 
[mono_ns=7178747087237350][T0xfd132294b020][TIMING] emit_host_span: [STRACE] v=1 pid=327594 tid=327594 inv=19 hid=d981d29f0dfe9ced depth=1 name=chip.run.bind ts=7178747087054148 dur=180822 
[mono_ns=7178747195481356][T0xfd132294b020][TIMING] emit_host_span: [STRACE] v=1 pid=327594 tid=327594 inv=19 hid=d981d29f0dfe9ced depth=1 name=chip.run.runner_run ts=7178747087518842 dur=107947654 
[mono_ns=7178747195612027][T0xfd132294b020][TIMING] emit_host_span: [STRACE] v=1 pid=327594 tid=327594 inv=19 hid=d981d29f0dfe9ced depth=1 name=chip.run.validate ts=7178747195494086 dur=112951 
[mono_ns=7178747195621737][T0xfd132294b020][TIMING] emit_host_span: [STRACE] v=1 pid=327594 tid=327594 inv=19 hid=d981d29f0dfe9ced depth=2 name=chip.run.runner_run.device_wall ts=0 dur=1218880 clk=dev
[mono_ns=7178747195626197][T0xfd132294b020][TIMING] emit_host_span: [STRACE] v=1 pid=327594 tid=327594 inv=19 hid=d981d29f0dfe9ced depth=3 name=chip.run.runner_run.device_wall.preamble ts=0 dur=6240 clk=dev
[mono_ns=7178747195629817][T0xfd132294b020][TIMING] emit_host_span: [STRACE] v=1 pid=327594 tid=327594 inv=19 hid=d981d29f0dfe9ced depth=3 name=chip.run.runner_run.device_wall.graph_build ts=1859 dur=1207940 clk=dev
[mono_ns=7178747195633367][T0xfd132294b020][TIMING] emit_host_span: [STRACE] v=1 pid=327594 tid=327594 inv=19 hid=d981d29f0dfe9ced depth=3 name=chip.run.runner_run.device_wall.config_validate ts=2000 dur=1020 clk=dev
[mono_ns=7178747195642187][T0xfd132294b020][TIMING] emit_host_span: [STRACE] v=1 pid=327594 tid=327594 inv=19 hid=d981d29f0dfe9ced depth=3 name=chip.run.runner_run.device_wall.arena_wire ts=3040 dur=1020 clk=dev
[mono_ns=7178747195645227][T0xfd132294b020][TIMING] emit_host_span: [STRACE] v=1 pid=327594 tid=327594 inv=19 hid=d981d29f0dfe9ced depth=3 name=chip.run.runner_run.device_wall.sm_reset ts=4080 dur=1280 clk=dev
[mono_ns=7178747195648157][T0xfd132294b020][TIMING] emit_host_span: [STRACE] v=1 pid=327594 tid=327594 inv=19 hid=d981d29f0dfe9ced depth=3 name=chip.run.runner_run.device_wall.post_orch ts=1209900 dur=8800 clk=dev
[mono_ns=7178747195651057][T0xfd132294b020][TIMING] emit_host_span: [STRACE] v=1 pid=327594 tid=327594 inv=19 hid=d981d29f0dfe9ced depth=3 name=chip.run.runner_run.device_wall.orch ts=6120 dur=12300 clk=dev
[mono_ns=7178747195655057][T0xfd132294b020][TIMING] emit_host_span: [STRACE] v=1 pid=327594 tid=327594 inv=19 hid=d981d29f0dfe9ced depth=3 name=chip.run.runner_run.device_wall.sched ts=6460 dur=1195760 clk=dev
[mono_ns=7178747195660007][T0xfd132294b020][TIMING] emit_host_span: [STRACE] v=1 pid=327594 tid=327594 inv=19 hid=d981d29f0dfe9ced depth=1 name=chip.run.claim_release ts=7178747195657787 dur=430 
[mono_ns=7178747195664247][T0xfd132294b020][TIMING] emit_host_span: [STRACE] v=1 pid=327594 tid=327594 inv=19 hid=d981d29f0dfe9ced depth=0 name=chip.run ts=7178747086964358 dur=108697899 run_id=19 dispatch_id=19 slot_id=0 generation=19 run_epoch=19
[mono_ns=7178747199455724][T0xfd132294b020][TIMING] emit_host_span: [STRACE] v=1 pid=327594 tid=327594 inv=20 hid=d981d29f0dfe9ced depth=2 name=chip.run.bind.args ts=7178747199331133 dur=118971 
[mono_ns=7178747199468844][T0xfd132294b020][TIMING] emit_host_span: [STRACE] v=1 pid=327594 tid=327594 inv=20 hid=d981d29f0dfe9ced depth=2 name=chip.run.bind.prebuilt ts=7178747199463614 dur=2620 
[mono_ns=7178747199473314][T0xfd132294b020][TIMING] emit_host_span: [STRACE] v=1 pid=327594 tid=327594 inv=20 hid=d981d29f0dfe9ced depth=1 name=chip.run.bind ts=7178747199322603 dur=148131 
[mono_ns=7178747202232844][T0xfd11c7deeca0][WARN] copy_aicore_buffer: [chip_swimlane_collector.cpp:689] Core 2: skipped 1024 AICore record slot(s) with start_time=0 (race-window write or recycled-buffer tail). buf seq=0 count=1024
[mono_ns=7178747202239474][T0xfd11cacf8ca0][WARN] copy_aicore_buffer: [chip_swimlane_collector.cpp:689] Core 0: skipped 1024 AICore record slot(s) with start_time=0 (race-window write or recycled-buffer tail). buf seq=0 count=1024
[mono_ns=7178747202408395][T0xfd11ca4e8ca0][WARN] copy_aicore_buffer: [chip_swimlane_collector.cpp:689] Core 1: skipped 1024 AICore record slot(s) with start_time=0 (race-window write or recycled-buffer tail). buf seq=0 count=1024
[mono_ns=7178747202560296][T0xfd11c7deeca0][WARN] copy_aicore_buffer: [chip_swimlane_collector.cpp:689] Core 28: skipped 1022 AICore record slot(s) with start_time=0 (race-window write or recycled-buffer tail). buf seq=0 count=1024
[mono_ns=7178747202566226][T0xfd11cacf8ca0][WARN] copy_aicore_buffer: [chip_swimlane_collector.cpp:689] Core 24: skipped 1023 AICore record slot(s) with start_time=0 (race-window write or recycled-buffer tail). buf seq=0 count=1024
[mono_ns=7178747202730927][T0xfd11ca4e8ca0][WARN] copy_aicore_buffer: [chip_swimlane_collector.cpp:689] Core 26: skipped 1024 AICore record slot(s) with start_time=0 (race-window write or recycled-buffer tail). buf seq=0 count=1024
[mono_ns=7178747202873538][T0xfd11c7deeca0][WARN] copy_aicore_buffer: [chip_swimlane_collector.cpp:689] Core 29: skipped 1024 AICore record slot(s) with start_time=0 (race-window write or recycled-buffer tail). buf seq=0 count=1024
[mono_ns=7178747202879859][T0xfd11cacf8ca0][WARN] copy_aicore_buffer: [chip_swimlane_collector.cpp:689] Core 25: skipped 1024 AICore record slot(s) with start_time=0 (race-window write or recycled-buffer tail). buf seq=0 count=1024
[mono_ns=7178747203062380][T0xfd11ca4e8ca0][WARN] copy_aicore_buffer: [chip_swimlane_collector.cpp:689] Core 27: skipped 1023 AICore record slot(s) with start_time=0 (race-window write or recycled-buffer tail). buf seq=0 count=1024
[mono_ns=7178747203195461][T0xfd11c7deeca0][WARN] copy_aicore_buffer: [chip_swimlane_collector.cpp:689] Core 5: skipped 1024 AICore record slot(s) with start_time=0 (race-window write or recycled-buffer tail). buf seq=0 count=1024
[mono_ns=7178747203205201][T0xfd11cacf8ca0][WARN] copy_aicore_buffer: [chip_swimlane_collector.cpp:689] Core 3: skipped 1024 AICore record slot(s) with start_time=0 (race-window write or recycled-buffer tail). buf seq=0 count=1024
[mono_ns=7178747203375742][T0xfd11ca4e8ca0][WARN] copy_aicore_buffer: [chip_swimlane_collector.cpp:689] Core 4: skipped 1024 AICore record slot(s) with start_time=0 (race-window write or recycled-buffer tail). buf seq=0 count=1024
[mono_ns=7178747203511693][T0xfd11c7deeca0][WARN] copy_aicore_buffer: [chip_swimlane_collector.cpp:689] Core 34: skipped 1022 AICore record slot(s) with start_time=0 (race-window write or recycled-buffer tail). buf seq=0 count=1024
[mono_ns=7178747203515373][T0xfd11cacf8ca0][WARN] copy_aicore_buffer: [chip_swimlane_collector.cpp:689] Core 30: skipped 1024 AICore record slot(s) with start_time=0 (race-window write or recycled-buffer tail). buf seq=0 count=1024
[mono_ns=7178747203688614][T0xfd11ca4e8ca0][WARN] copy_aicore_buffer: [chip_swimlane_collector.cpp:689] Core 32: skipped 1024 AICore record slot(s) with start_time=0 (race-window write or recycled-buffer tail). buf seq=0 count=1024
[mono_ns=7178747203824125][T0xfd11c7deeca0][WARN] copy_aicore_buffer: [chip_swimlane_collector.cpp:689] Core 35: skipped 1024 AICore record slot(s) with start_time=0 (race-window write or recycled-buffer tail). buf seq=0 count=1024
[mono_ns=7178747203826295][T0xfd11cacf8ca0][WARN] copy_aicore_buffer: [chip_swimlane_collector.cpp:689] Core 31: skipped 1024 AICore record slot(s) with start_time=0 (race-window write or recycled-buffer tail). buf seq=0 count=1024
[mono_ns=7178747204039867][T0xfd11ca4e8ca0][WARN] copy_aicore_buffer: [chip_swimlane_collector.cpp:689] Core 33: skipped 1024 AICore record slot(s) with start_time=0 (race-window write or recycled-buffer tail). buf seq=0 count=1024
[mono_ns=7178747204149368][T0xfd11c7deeca0][WARN] copy_aicore_buffer: [chip_swimlane_collector.cpp:689] Core 8: skipped 1024 AICore record slot(s) with start_time=0 (race-window write or recycled-buffer tail). buf seq=0 count=1024
[mono_ns=7178747204354119][T0xfd11ca4e8ca0][WARN] copy_aicore_buffer: [chip_swimlane_collector.cpp:689] Core 7: skipped 1024 AICore record slot(s) with start_time=0 (race-window write or recycled-buffer tail). buf seq=0 count=1024
[mono_ns=7178747204455160][T0xfd11cacf8ca0][WARN] copy_aicore_buffer: [chip_swimlane_collector.cpp:689] Core 6: skipped 1024 AICore record slot(s) with start_time=0 (race-window write or recycled-buffer tail). buf seq=0 count=1024
[mono_ns=7178747204462560][T0xfd11c7deeca0][WARN] copy_aicore_buffer: [chip_swimlane_collector.cpp:689] Core 40: skipped 1023 AICore record slot(s) with start_time=0 (race-window write or recycled-buffer tail). buf seq=0 count=1024
[mono_ns=7178747204667141][T0xfd11ca4e8ca0][WARN] copy_aicore_buffer: [chip_swimlane_collector.cpp:689] Core 38: skipped 1024 AICore record slot(s) with start_time=0 (race-window write or recycled-buffer tail). buf seq=0 count=1024
[mono_ns=7178747204771402][T0xfd11cacf8ca0][WARN] copy_aicore_buffer: [chip_swimlane_collector.cpp:689] Core 36: skipped 1024 AICore record slot(s) with start_time=0 (race-window write or recycled-buffer tail). buf seq=0 count=1024
[mono_ns=7178747204775062][T0xfd11c7deeca0][WARN] copy_aicore_buffer: [chip_swimlane_collector.cpp:689] Core 41: skipped 1024 AICore record slot(s) with start_time=0 (race-window write or recycled-buffer tail). buf seq=0 count=1024
[mono_ns=7178747204981393][T0xfd11ca4e8ca0][WARN] copy_aicore_buffer: [chip_swimlane_collector.cpp:689] Core 39: skipped 1024 AICore record slot(s) with start_time=0 (race-window write or recycled-buffer tail). buf seq=0 count=1024
[mono_ns=7178747205092214][T0xfd11c7deeca0][WARN] copy_aicore_buffer: [chip_swimlane_collector.cpp:689] Core 11: skipped 1024 AICore record slot(s) with start_time=0 (race-window write or recycled-buffer tail). buf seq=0 count=1024
[mono_ns=7178747205093354][T0xfd11cacf8ca0][WARN] copy_aicore_buffer: [chip_swimlane_collector.cpp:689] Core 37: skipped 1024 AICore record slot(s) with start_time=0 (race-window write or recycled-buffer tail). buf seq=0 count=1024
[mono_ns=7178747205305056][T0xfd11ca4e8ca0][WARN] copy_aicore_buffer: [chip_swimlane_collector.cpp:689] Core 10: skipped 1024 AICore record slot(s) with start_time=0 (race-window write or recycled-buffer tail). buf seq=0 count=1024
[mono_ns=7178747205404476][T0xfd11c7deeca0][WARN] copy_aicore_buffer: [chip_swimlane_collector.cpp:689] Core 46: skipped 1024 AICore record slot(s) with start_time=0 (race-window write or recycled-buffer tail). buf seq=0 count=1024
[mono_ns=7178747205407036][T0xfd11cacf8ca0][WARN] copy_aicore_buffer: [chip_swimlane_collector.cpp:689] Core 9: skipped 1024 AICore record slot(s) with start_time=0 (race-window write or recycled-buffer tail). buf seq=0 count=1024
[mono_ns=7178747205618238][T0xfd11ca4e8ca0][WARN] copy_aicore_buffer: [chip_swimlane_collector.cpp:689] Core 44: skipped 1024 AICore record slot(s) with start_time=0 (race-window write or recycled-buffer tail). buf seq=0 count=1024
[mono_ns=7178747205717789][T0xfd11c7deeca0][WARN] copy_aicore_buffer: [chip_swimlane_collector.cpp:689] Core 47: skipped 1024 AICore record slot(s) with start_time=0 (race-window write or recycled-buffer tail). buf seq=0 count=1024
[mono_ns=7178747205720449][T0xfd11cacf8ca0][WARN] copy_aicore_buffer: [chip_swimlane_collector.cpp:689] Core 42: skipped 1024 AICore record slot(s) with start_time=0 (race-window write or recycled-buffer tail). buf seq=0 count=1024
[mono_ns=7178747205931020][T0xfd11ca4e8ca0][WARN] copy_aicore_buffer: [chip_swimlane_collector.cpp:689] Core 45: skipped 1024 AICore record slot(s) with start_time=0 (race-window write or recycled-buffer tail). buf seq=0 count=1024
[mono_ns=7178747206039691][T0xfd11c7deeca0][WARN] copy_aicore_buffer: [chip_swimlane_collector.cpp:689] Core 14: skipped 1024 AICore record slot(s) with start_time=0 (race-window write or recycled-buffer tail). buf seq=0 count=1024
[mono_ns=7178747206042901][T0xfd11cacf8ca0][WARN] copy_aicore_buffer: [chip_swimlane_collector.cpp:689] Core 43: skipped 1024 AICore record slot(s) with start_time=0 (race-window write or recycled-buffer tail). buf seq=0 count=1024
[mono_ns=7178747206253492][T0xfd11ca4e8ca0][WARN] copy_aicore_buffer: [chip_swimlane_collector.cpp:689] Core 13: skipped 1024 AICore record slot(s) with start_time=0 (race-window write or recycled-buffer tail). buf seq=0 count=1024
[mono_ns=7178747206354543][T0xfd11c7deeca0][WARN] copy_aicore_buffer: [chip_swimlane_collector.cpp:689] Core 52: skipped 1024 AICore record slot(s) with start_time=0 (race-window write or recycled-buffer tail). buf seq=0 count=1024
[mono_ns=7178747206355043][T0xfd11cacf8ca0][WARN] copy_aicore_buffer: [chip_swimlane_collector.cpp:689] Core 12: skipped 1024 AICore record slot(s) with start_time=0 (race-window write or recycled-buffer tail). buf seq=0 count=1024
[mono_ns=7178747206566555][T0xfd11ca4e8ca0][WARN] copy_aicore_buffer: [chip_swimlane_collector.cpp:689] Core 50: skipped 1024 AICore record slot(s) with start_time=0 (race-window write or recycled-buffer tail). buf seq=0 count=1024
[mono_ns=7178747206667115][T0xfd11cacf8ca0][WARN] copy_aicore_buffer: [chip_swimlane_collector.cpp:689] Core 48: skipped 1024 AICore record slot(s) with start_time=0 (race-window write or recycled-buffer tail). buf seq=0 count=1024
[mono_ns=7178747206667165][T0xfd11c7deeca0][WARN] copy_aicore_buffer: [chip_swimlane_collector.cpp:689] Core 53: skipped 1024 AICore record slot(s) with start_time=0 (race-window write or recycled-buffer tail). buf seq=0 count=1024
[mono_ns=7178747206879217][T0xfd11ca4e8ca0][WARN] copy_aicore_buffer: [chip_swimlane_collector.cpp:689] Core 51: skipped 1024 AICore record slot(s) with start_time=0 (race-window write or recycled-buffer tail). buf seq=0 count=1024
[mono_ns=7178747206980458][T0xfd11c7deeca0][WARN] copy_aicore_buffer: [chip_swimlane_collector.cpp:689] Core 17: skipped 1024 AICore record slot(s) with start_time=0 (race-window write or recycled-buffer tail). buf seq=0 count=1024
[mono_ns=7178747206980538][T0xfd11cacf8ca0][WARN] copy_aicore_buffer: [chip_swimlane_collector.cpp:689] Core 49: skipped 1024 AICore record slot(s) with start_time=0 (race-window write or recycled-buffer tail). buf seq=0 count=1024
[mono_ns=7178747207204439][T0xfd11ca4e8ca0][WARN] copy_aicore_buffer: [chip_swimlane_collector.cpp:689] Core 16: skipped 1024 AICore record slot(s) with start_time=0 (race-window write or recycled-buffer tail). buf seq=0 count=1024
[mono_ns=7178747207296520][T0xfd11cacf8ca0][WARN] copy_aicore_buffer: [chip_swimlane_collector.cpp:689] Core 15: skipped 1024 AICore record slot(s) with start_time=0 (race-window write or recycled-buffer tail). buf seq=0 count=1024
[mono_ns=7178747207305310][T0xfd11c7deeca0][WARN] copy_aicore_buffer: [chip_swimlane_collector.cpp:689] Core 58: skipped 1024 AICore record slot(s) with start_time=0 (race-window write or recycled-buffer tail). buf seq=0 count=1024
[mono_ns=7178747207528371][T0xfd11ca4e8ca0][WARN] copy_aicore_buffer: [chip_swimlane_collector.cpp:689] Core 56: skipped 1024 AICore record slot(s) with start_time=0 (race-window write or recycled-buffer tail). buf seq=0 count=1024
[mono_ns=7178747207620472][T0xfd11cacf8ca0][WARN] copy_aicore_buffer: [chip_swimlane_collector.cpp:689] Core 54: skipped 1024 AICore record slot(s) with start_time=0 (race-window write or recycled-buffer tail). buf seq=0 count=1024
[mono_ns=7178747207626752][T0xfd11c7deeca0][WARN] copy_aicore_buffer: [chip_swimlane_collector.cpp:689] Core 59: skipped 1024 AICore record slot(s) with start_time=0 (race-window write or recycled-buffer tail). buf seq=0 count=1024
[mono_ns=7178747207840094][T0xfd11ca4e8ca0][WARN] copy_aicore_buffer: [chip_swimlane_collector.cpp:689] Core 57: skipped 1024 AICore record slot(s) with start_time=0 (race-window write or recycled-buffer tail). buf seq=0 count=1024
[mono_ns=7178747207933404][T0xfd11cacf8ca0][WARN] copy_aicore_buffer: [chip_swimlane_collector.cpp:689] Core 55: skipped 1024 AICore record slot(s) with start_time=0 (race-window write or recycled-buffer tail). buf seq=0 count=1024
[mono_ns=7178747207939944][T0xfd11c7deeca0][WARN] copy_aicore_buffer: [chip_swimlane_collector.cpp:689] Core 20: skipped 1024 AICore record slot(s) with start_time=0 (race-window write or recycled-buffer tail). buf seq=0 count=1024
[mono_ns=7178747208160856][T0xfd11ca4e8ca0][WARN] copy_aicore_buffer: [chip_swimlane_collector.cpp:689] Core 19: skipped 1024 AICore record slot(s) with start_time=0 (race-window write or recycled-buffer tail). buf seq=0 count=1024
[mono_ns=7178747208253787][T0xfd11cacf8ca0][WARN] copy_aicore_buffer: [chip_swimlane_collector.cpp:689] Core 18: skipped 1024 AICore record slot(s) with start_time=0 (race-window write or recycled-buffer tail). buf seq=0 count=1024
[mono_ns=7178747208260017][T0xfd11c7deeca0][WARN] copy_aicore_buffer: [chip_swimlane_collector.cpp:689] Core 64: skipped 1024 AICore record slot(s) with start_time=0 (race-window write or recycled-buffer tail). buf seq=0 count=1024
[mono_ns=7178747208474098][T0xfd11ca4e8ca0][WARN] copy_aicore_buffer: [chip_swimlane_collector.cpp:689] Core 62: skipped 1024 AICore record slot(s) with start_time=0 (race-window write or recycled-buffer tail). buf seq=0 count=1024
[mono_ns=7178747208566049][T0xfd11cacf8ca0][WARN] copy_aicore_buffer: [chip_swimlane_collector.cpp:689] Core 60: skipped 1024 AICore record slot(s) with start_time=0 (race-window write or recycled-buffer tail). buf seq=0 count=1024
[mono_ns=7178747208572629][T0xfd11c7deeca0][WARN] copy_aicore_buffer: [chip_swimlane_collector.cpp:689] Core 65: skipped 1024 AICore record slot(s) with start_time=0 (race-window write or recycled-buffer tail). buf seq=0 count=1024
[mono_ns=7178747208789630][T0xfd11ca4e8ca0][WARN] copy_aicore_buffer: [chip_swimlane_collector.cpp:689] Core 63: skipped 1024 AICore record slot(s) with start_time=0 (race-window write or recycled-buffer tail). buf seq=0 count=1024
[mono_ns=7178747208879211][T0xfd11cacf8ca0][WARN] copy_aicore_buffer: [chip_swimlane_collector.cpp:689] Core 61: skipped 1024 AICore record slot(s) with start_time=0 (race-window write or recycled-buffer tail). buf seq=0 count=1024
[mono_ns=7178747208881651][T0xfd11c7deeca0][WARN] copy_aicore_buffer: [chip_swimlane_collector.cpp:689] Core 23: skipped 1024 AICore record slot(s) with start_time=0 (race-window write or recycled-buffer tail). buf seq=0 count=1024
[mono_ns=7178747209118993][T0xfd11ca4e8ca0][WARN] copy_aicore_buffer: [chip_swimlane_collector.cpp:689] Core 22: skipped 1024 AICore record slot(s) with start_time=0 (race-window write or recycled-buffer tail). buf seq=0 count=1024
[mono_ns=7178747209199473][T0xfd11cacf8ca0][WARN] copy_aicore_buffer: [chip_swimlane_collector.cpp:689] Core 21: skipped 1024 AICore record slot(s) with start_time=0 (race-window write or recycled-buffer tail). buf seq=0 count=1024
[mono_ns=7178747209200283][T0xfd11c7deeca0][WARN] copy_aicore_buffer: [chip_swimlane_collector.cpp:689] Core 70: skipped 1024 AICore record slot(s) with start_time=0 (race-window write or recycled-buffer tail). buf seq=0 count=1024
[mono_ns=7178747209433175][T0xfd11ca4e8ca0][WARN] copy_aicore_buffer: [chip_swimlane_collector.cpp:689] Core 68: skipped 1024 AICore record slot(s) with start_time=0 (race-window write or recycled-buffer tail). buf seq=0 count=1024
[mono_ns=7178747209511816][T0xfd11c7deeca0][WARN] copy_aicore_buffer: [chip_swimlane_collector.cpp:689] Core 71: skipped 1024 AICore record slot(s) with start_time=0 (race-window write or recycled-buffer tail). buf seq=0 count=1024
[mono_ns=7178747209512726][T0xfd11cacf8ca0][WARN] copy_aicore_buffer: [chip_swimlane_collector.cpp:689] Core 66: skipped 1024 AICore record slot(s) with start_time=0 (race-window write or recycled-buffer tail). buf seq=0 count=1024
[mono_ns=7178747209747367][T0xfd11ca4e8ca0][WARN] copy_aicore_buffer: [chip_swimlane_collector.cpp:689] Core 69: skipped 1024 AICore record slot(s) with start_time=0 (race-window write or recycled-buffer tail). buf seq=0 count=1024
[mono_ns=7178747209825248][T0xfd11cacf8ca0][WARN] copy_aicore_buffer: [chip_swimlane_collector.cpp:689] Core 67: skipped 1024 AICore record slot(s) with start_time=0 (race-window write or recycled-buffer tail). buf seq=0 count=1024
[mono_ns=7178747310288779][T0xfd132294b020][TIMING] emit_host_span: [STRACE] v=1 pid=327594 tid=327594 inv=20 hid=d981d29f0dfe9ced depth=1 name=chip.run.runner_run ts=7178747199849597 dur=110432342 
[mono_ns=7178747310373810][T0xfd132294b020][TIMING] emit_host_span: [STRACE] v=1 pid=327594 tid=327594 inv=20 hid=d981d29f0dfe9ced depth=1 name=chip.run.validate ts=7178747310296159 dur=73731 
[mono_ns=7178747310380660][T0xfd132294b020][TIMING] emit_host_span: [STRACE] v=1 pid=327594 tid=327594 inv=20 hid=d981d29f0dfe9ced depth=2 name=chip.run.runner_run.device_wall ts=0 dur=1913700 clk=dev
[mono_ns=7178747310388210][T0xfd132294b020][TIMING] emit_host_span: [STRACE] v=1 pid=327594 tid=327594 inv=20 hid=d981d29f0dfe9ced depth=3 name=chip.run.runner_run.device_wall.preamble ts=0 dur=583120 clk=dev
[mono_ns=7178747310392000][T0xfd132294b020][TIMING] emit_host_span: [STRACE] v=1 pid=327594 tid=327594 inv=20 hid=d981d29f0dfe9ced depth=3 name=chip.run.runner_run.device_wall.graph_build ts=577420 dur=1327280 clk=dev
[mono_ns=7178747310395310][T0xfd132294b020][TIMING] emit_host_span: [STRACE] v=1 pid=327594 tid=327594 inv=20 hid=d981d29f0dfe9ced depth=3 name=chip.run.runner_run.device_wall.config_validate ts=577520 dur=780 clk=dev
[mono_ns=7178747310398560][T0xfd132294b020][TIMING] emit_host_span: [STRACE] v=1 pid=327594 tid=327594 inv=20 hid=d981d29f0dfe9ced depth=3 name=chip.run.runner_run.device_wall.arena_wire ts=578320 dur=280 clk=dev
[mono_ns=7178747310401620][T0xfd132294b020][TIMING] emit_host_span: [STRACE] v=1 pid=327594 tid=327594 inv=20 hid=d981d29f0dfe9ced depth=3 name=chip.run.runner_run.device_wall.sm_reset ts=578620 dur=780 clk=dev
[mono_ns=7178747310404850][T0xfd132294b020][TIMING] emit_host_span: [STRACE] v=1 pid=327594 tid=327594 inv=20 hid=d981d29f0dfe9ced depth=3 name=chip.run.runner_run.device_wall.post_orch ts=1904740 dur=8800 clk=dev
[mono_ns=7178747310407940][T0xfd132294b020][TIMING] emit_host_span: [STRACE] v=1 pid=327594 tid=327594 inv=20 hid=d981d29f0dfe9ced depth=3 name=chip.run.runner_run.device_wall.orch ts=579459 dur=4380 clk=dev
[mono_ns=7178747310411320][T0xfd132294b020][TIMING] emit_host_span: [STRACE] v=1 pid=327594 tid=327594 inv=20 hid=d981d29f0dfe9ced depth=3 name=chip.run.runner_run.device_wall.sched ts=583280 dur=1305040 clk=dev
[mono_ns=7178747310417340][T0xfd132294b020][TIMING] emit_host_span: [STRACE] v=1 pid=327594 tid=327594 inv=20 hid=d981d29f0dfe9ced depth=1 name=chip.run.claim_release ts=7178747310415240 dur=290 
[mono_ns=7178747310422070][T0xfd132294b020][TIMING] emit_host_span: [STRACE] v=1 pid=327594 tid=327594 inv=20 hid=d981d29f0dfe9ced depth=0 name=chip.run ts=7178747199280703 dur=111138847 run_id=20 dispatch_id=20 slot_id=0 generation=20 run_epoch=20
[mono_ns=7178749618416641][T0xfd132294b020][TIMING] emit_host_span: [STRACE] v=1 pid=327594 tid=327594 inv=21 hid=d981d29f0dfe9ced depth=2 name=chip.run.bind.args ts=7178749618277720 dur=131031 
[mono_ns=7178749618434171][T0xfd132294b020][TIMING] emit_host_span: [STRACE] v=1 pid=327594 tid=327594 inv=21 hid=d981d29f0dfe9ced depth=2 name=chip.run.bind.prebuilt ts=7178749618428671 dur=2860 
[mono_ns=7178749618438891][T0xfd132294b020][TIMING] emit_host_span: [STRACE] v=1 pid=327594 tid=327594 inv=21 hid=d981d29f0dfe9ced depth=1 name=chip.run.bind ts=7178749618267950 dur=168731 
[mono_ns=7178749722777939][T0xfd132294b020][TIMING] emit_host_span: [STRACE] v=1 pid=327594 tid=327594 inv=21 hid=d981d29f0dfe9ced depth=1 name=chip.run.runner_run ts=7178749618680902 dur=104084357 
[mono_ns=7178749722890850][T0xfd132294b020][TIMING] emit_host_span: [STRACE] v=1 pid=327594 tid=327594 inv=21 hid=d981d29f0dfe9ced depth=1 name=chip.run.validate ts=7178749722787269 dur=99301 
[mono_ns=7178749722907170][T0xfd132294b020][TIMING] emit_host_span: [STRACE] v=1 pid=327594 tid=327594 inv=21 hid=d981d29f0dfe9ced depth=2 name=chip.run.runner_run.device_wall ts=0 dur=2039379 clk=dev
[mono_ns=7178749722911190][T0xfd132294b020][TIMING] emit_host_span: [STRACE] v=1 pid=327594 tid=327594 inv=21 hid=d981d29f0dfe9ced depth=3 name=chip.run.runner_run.device_wall.preamble ts=0 dur=5800 clk=dev
[mono_ns=7178749722915060][T0xfd132294b020][TIMING] emit_host_span: [STRACE] v=1 pid=327594 tid=327594 inv=21 hid=d981d29f0dfe9ced depth=3 name=chip.run.runner_run.device_wall.graph_build ts=1359 dur=2029000 clk=dev
[mono_ns=7178749722918500][T0xfd132294b020][TIMING] emit_host_span: [STRACE] v=1 pid=327594 tid=327594 inv=21 hid=d981d29f0dfe9ced depth=3 name=chip.run.runner_run.device_wall.config_validate ts=1480 dur=700 clk=dev
[mono_ns=7178749722921880][T0xfd132294b020][TIMING] emit_host_span: [STRACE] v=1 pid=327594 tid=327594 inv=21 hid=d981d29f0dfe9ced depth=3 name=chip.run.runner_run.device_wall.arena_wire ts=2219 dur=1000 clk=dev
[mono_ns=7178749722926290][T0xfd132294b020][TIMING] emit_host_span: [STRACE] v=1 pid=327594 tid=327594 inv=21 hid=d981d29f0dfe9ced depth=3 name=chip.run.runner_run.device_wall.sm_reset ts=3239 dur=1619 clk=dev
[mono_ns=7178749722929570][T0xfd132294b020][TIMING] emit_host_span: [STRACE] v=1 pid=327594 tid=327594 inv=21 hid=d981d29f0dfe9ced depth=3 name=chip.run.runner_run.device_wall.post_orch ts=2030399 dur=8840 clk=dev
[mono_ns=7178749722932590][T0xfd132294b020][TIMING] emit_host_span: [STRACE] v=1 pid=327594 tid=327594 inv=21 hid=d981d29f0dfe9ced depth=3 name=chip.run.runner_run.device_wall.orch ts=5360 dur=9760 clk=dev
[mono_ns=7178749722937040][T0xfd132294b020][TIMING] emit_host_span: [STRACE] v=1 pid=327594 tid=327594 inv=21 hid=d981d29f0dfe9ced depth=3 name=chip.run.runner_run.device_wall.sched ts=5920 dur=2017020 clk=dev
[mono_ns=7178749722941840][T0xfd132294b020][TIMING] emit_host_span: [STRACE] v=1 pid=327594 tid=327594 inv=21 hid=d981d29f0dfe9ced depth=1 name=chip.run.claim_release ts=7178749722939480 dur=550 
[mono_ns=7178749722946730][T0xfd132294b020][TIMING] emit_host_span: [STRACE] v=1 pid=327594 tid=327594 inv=21 hid=d981d29f0dfe9ced depth=0 name=chip.run ts=7178749618211249 dur=104733481 run_id=21 dispatch_id=21 slot_id=0 generation=21 run_epoch=21
[mono_ns=7178749732246226][T0xfd132294b020][TIMING] emit_host_span: [STRACE] v=1 pid=327594 tid=327594 inv=22 hid=d981d29f0dfe9ced depth=2 name=chip.run.bind.args ts=7178749732132936 dur=107120 
[mono_ns=7178749732259376][T0xfd132294b020][TIMING] emit_host_span: [STRACE] v=1 pid=327594 tid=327594 inv=22 hid=d981d29f0dfe9ced depth=2 name=chip.run.bind.prebuilt ts=7178749732254266 dur=2790 
[mono_ns=7178749732263406][T0xfd132294b020][TIMING] emit_host_span: [STRACE] v=1 pid=327594 tid=327594 inv=22 hid=d981d29f0dfe9ced depth=1 name=chip.run.bind ts=7178749732124365 dur=136891 
[mono_ns=7178749735039096][T0xfd11c7deeca0][WARN] copy_aicore_buffer: [chip_swimlane_collector.cpp:689] Core 2: skipped 1024 AICore record slot(s) with start_time=0 (race-window write or recycled-buffer tail). buf seq=0 count=1024
[mono_ns=7178749735042926][T0xfd11cacf8ca0][WARN] copy_aicore_buffer: [chip_swimlane_collector.cpp:689] Core 0: skipped 1024 AICore record slot(s) with start_time=0 (race-window write or recycled-buffer tail). buf seq=0 count=1024
[mono_ns=7178749735104417][T0xfd11ca4e8ca0][WARN] copy_aicore_buffer: [chip_swimlane_collector.cpp:689] Core 1: skipped 1024 AICore record slot(s) with start_time=0 (race-window write or recycled-buffer tail). buf seq=0 count=1024
[mono_ns=7178749735361388][T0xfd11c7deeca0][WARN] copy_aicore_buffer: [chip_swimlane_collector.cpp:689] Core 28: skipped 1023 AICore record slot(s) with start_time=0 (race-window write or recycled-buffer tail). buf seq=0 count=1024
[mono_ns=7178749735364188][T0xfd11cacf8ca0][WARN] copy_aicore_buffer: [chip_swimlane_collector.cpp:689] Core 24: skipped 1023 AICore record slot(s) with start_time=0 (race-window write or recycled-buffer tail). buf seq=0 count=1024
[mono_ns=7178749735399959][T0xfd11ca4e8ca0][WARN] copy_aicore_buffer: [chip_swimlane_collector.cpp:689] Core 26: skipped 1023 AICore record slot(s) with start_time=0 (race-window write or recycled-buffer tail). buf seq=0 count=1024
[mono_ns=7178749735674601][T0xfd11c7deeca0][WARN] copy_aicore_buffer: [chip_swimlane_collector.cpp:689] Core 29: skipped 1024 AICore record slot(s) with start_time=0 (race-window write or recycled-buffer tail). buf seq=0 count=1024
[mono_ns=7178749735675871][T0xfd11cacf8ca0][WARN] copy_aicore_buffer: [chip_swimlane_collector.cpp:689] Core 25: skipped 1024 AICore record slot(s) with start_time=0 (race-window write or recycled-buffer tail). buf seq=0 count=1024
[mono_ns=7178749735686201][T0xfd11ca4e8ca0][WARN] copy_aicore_buffer: [chip_swimlane_collector.cpp:689] Core 27: skipped 1022 AICore record slot(s) with start_time=0 (race-window write or recycled-buffer tail). buf seq=0 count=1024
[mono_ns=7178749735969773][T0xfd11ca4e8ca0][WARN] copy_aicore_buffer: [chip_swimlane_collector.cpp:689] Core 4: skipped 1022 AICore record slot(s) with start_time=0 (race-window write or recycled-buffer tail). buf seq=0 count=1024
[mono_ns=7178749735986123][T0xfd11cacf8ca0][WARN] copy_aicore_buffer: [chip_swimlane_collector.cpp:689] Core 3: skipped 1024 AICore record slot(s) with start_time=0 (race-window write or recycled-buffer tail). buf seq=0 count=1024
[mono_ns=7178749735987613][T0xfd11c7deeca0][WARN] copy_aicore_buffer: [chip_swimlane_collector.cpp:689] Core 5: skipped 1024 AICore record slot(s) with start_time=0 (race-window write or recycled-buffer tail). buf seq=0 count=1024
[mono_ns=7178749736261745][T0xfd11ca4e8ca0][WARN] copy_aicore_buffer: [chip_swimlane_collector.cpp:689] Core 32: skipped 1024 AICore record slot(s) with start_time=0 (race-window write or recycled-buffer tail). buf seq=0 count=1024
[mono_ns=7178749736307795][T0xfd11cacf8ca0][WARN] copy_aicore_buffer: [chip_swimlane_collector.cpp:689] Core 30: skipped 1024 AICore record slot(s) with start_time=0 (race-window write or recycled-buffer tail). buf seq=0 count=1024
[mono_ns=7178749736308485][T0xfd11c7deeca0][WARN] copy_aicore_buffer: [chip_swimlane_collector.cpp:689] Core 34: skipped 1024 AICore record slot(s) with start_time=0 (race-window write or recycled-buffer tail). buf seq=0 count=1024
[mono_ns=7178749736546477][T0xfd11ca4e8ca0][WARN] copy_aicore_buffer: [chip_swimlane_collector.cpp:689] Core 33: skipped 1024 AICore record slot(s) with start_time=0 (race-window write or recycled-buffer tail). buf seq=0 count=1024
[mono_ns=7178749736620737][T0xfd11c7deeca0][WARN] copy_aicore_buffer: [chip_swimlane_collector.cpp:689] Core 35: skipped 1024 AICore record slot(s) with start_time=0 (race-window write or recycled-buffer tail). buf seq=0 count=1024
[mono_ns=7178749736622977][T0xfd11cacf8ca0][WARN] copy_aicore_buffer: [chip_swimlane_collector.cpp:689] Core 31: skipped 1023 AICore record slot(s) with start_time=0 (race-window write or recycled-buffer tail). buf seq=0 count=1024
[mono_ns=7178749736829979][T0xfd11ca4e8ca0][WARN] copy_aicore_buffer: [chip_swimlane_collector.cpp:689] Core 7: skipped 1024 AICore record slot(s) with start_time=0 (race-window write or recycled-buffer tail). buf seq=0 count=1024
[mono_ns=7178749736936850][T0xfd11c7deeca0][WARN] copy_aicore_buffer: [chip_swimlane_collector.cpp:689] Core 8: skipped 1024 AICore record slot(s) with start_time=0 (race-window write or recycled-buffer tail). buf seq=0 count=1024
[mono_ns=7178749736937210][T0xfd11cacf8ca0][WARN] copy_aicore_buffer: [chip_swimlane_collector.cpp:689] Core 6: skipped 1024 AICore record slot(s) with start_time=0 (race-window write or recycled-buffer tail). buf seq=0 count=1024
[mono_ns=7178749737125101][T0xfd11ca4e8ca0][WARN] copy_aicore_buffer: [chip_swimlane_collector.cpp:689] Core 38: skipped 1024 AICore record slot(s) with start_time=0 (race-window write or recycled-buffer tail). buf seq=0 count=1024
[mono_ns=7178749737260332][T0xfd11c7deeca0][WARN] copy_aicore_buffer: [chip_swimlane_collector.cpp:689] Core 40: skipped 1024 AICore record slot(s) with start_time=0 (race-window write or recycled-buffer tail). buf seq=0 count=1024
[mono_ns=7178749737260412][T0xfd11cacf8ca0][WARN] copy_aicore_buffer: [chip_swimlane_collector.cpp:689] Core 36: skipped 1024 AICore record slot(s) with start_time=0 (race-window write or recycled-buffer tail). buf seq=0 count=1024
[mono_ns=7178749737409753][T0xfd11ca4e8ca0][WARN] copy_aicore_buffer: [chip_swimlane_collector.cpp:689] Core 39: skipped 1024 AICore record slot(s) with start_time=0 (race-window write or recycled-buffer tail). buf seq=0 count=1024
[mono_ns=7178749737573624][T0xfd11cacf8ca0][WARN] copy_aicore_buffer: [chip_swimlane_collector.cpp:689] Core 37: skipped 1024 AICore record slot(s) with start_time=0 (race-window write or recycled-buffer tail). buf seq=0 count=1024
[mono_ns=7178749737574844][T0xfd11c7deeca0][WARN] copy_aicore_buffer: [chip_swimlane_collector.cpp:689] Core 41: skipped 1024 AICore record slot(s) with start_time=0 (race-window write or recycled-buffer tail). buf seq=0 count=1024
[mono_ns=7178749737781225][T0xfd11ca4e8ca0][WARN] copy_aicore_buffer: [chip_swimlane_collector.cpp:689] Core 10: skipped 1024 AICore record slot(s) with start_time=0 (race-window write or recycled-buffer tail). buf seq=0 count=1024
[mono_ns=7178749737886196][T0xfd11c7deeca0][WARN] copy_aicore_buffer: [chip_swimlane_collector.cpp:689] Core 11: skipped 1024 AICore record slot(s) with start_time=0 (race-window write or recycled-buffer tail). buf seq=0 count=1024
[mono_ns=7178749737887216][T0xfd11cacf8ca0][WARN] copy_aicore_buffer: [chip_swimlane_collector.cpp:689] Core 9: skipped 1024 AICore record slot(s) with start_time=0 (race-window write or recycled-buffer tail). buf seq=0 count=1024
[mono_ns=7178749738111038][T0xfd11ca4e8ca0][WARN] copy_aicore_buffer: [chip_swimlane_collector.cpp:689] Core 44: skipped 1024 AICore record slot(s) with start_time=0 (race-window write or recycled-buffer tail). buf seq=0 count=1024
[mono_ns=7178749738208029][T0xfd11cacf8ca0][WARN] copy_aicore_buffer: [chip_swimlane_collector.cpp:689] Core 42: skipped 1024 AICore record slot(s) with start_time=0 (race-window write or recycled-buffer tail). buf seq=0 count=1024
[mono_ns=7178749738208889][T0xfd11c7deeca0][WARN] copy_aicore_buffer: [chip_swimlane_collector.cpp:689] Core 46: skipped 1024 AICore record slot(s) with start_time=0 (race-window write or recycled-buffer tail). buf seq=0 count=1024
[mono_ns=7178749738423780][T0xfd11ca4e8ca0][WARN] copy_aicore_buffer: [chip_swimlane_collector.cpp:689] Core 45: skipped 1024 AICore record slot(s) with start_time=0 (race-window write or recycled-buffer tail). buf seq=0 count=1024
[mono_ns=7178749738522261][T0xfd11cacf8ca0][WARN] copy_aicore_buffer: [chip_swimlane_collector.cpp:689] Core 43: skipped 1024 AICore record slot(s) with start_time=0 (race-window write or recycled-buffer tail). buf seq=0 count=1024
[mono_ns=7178749738522561][T0xfd11c7deeca0][WARN] copy_aicore_buffer: [chip_swimlane_collector.cpp:689] Core 47: skipped 1024 AICore record slot(s) with start_time=0 (race-window write or recycled-buffer tail). buf seq=0 count=1024
[mono_ns=7178749738735852][T0xfd11ca4e8ca0][WARN] copy_aicore_buffer: [chip_swimlane_collector.cpp:689] Core 13: skipped 1024 AICore record slot(s) with start_time=0 (race-window write or recycled-buffer tail). buf seq=0 count=1024
[mono_ns=7178749738834623][T0xfd11c7deeca0][WARN] copy_aicore_buffer: [chip_swimlane_collector.cpp:689] Core 14: skipped 1024 AICore record slot(s) with start_time=0 (race-window write or recycled-buffer tail). buf seq=0 count=1024
[mono_ns=7178749738835013][T0xfd11cacf8ca0][WARN] copy_aicore_buffer: [chip_swimlane_collector.cpp:689] Core 12: skipped 1024 AICore record slot(s) with start_time=0 (race-window write or recycled-buffer tail). buf seq=0 count=1024
[mono_ns=7178749739060375][T0xfd11ca4e8ca0][WARN] copy_aicore_buffer: [chip_swimlane_collector.cpp:689] Core 50: skipped 1024 AICore record slot(s) with start_time=0 (race-window write or recycled-buffer tail). buf seq=0 count=1024
[mono_ns=7178749739157805][T0xfd11cacf8ca0][WARN] copy_aicore_buffer: [chip_swimlane_collector.cpp:689] Core 48: skipped 1024 AICore record slot(s) with start_time=0 (race-window write or recycled-buffer tail). buf seq=0 count=1024
[mono_ns=7178749739159935][T0xfd11c7deeca0][WARN] copy_aicore_buffer: [chip_swimlane_collector.cpp:689] Core 52: skipped 1024 AICore record slot(s) with start_time=0 (race-window write or recycled-buffer tail). buf seq=0 count=1024
[mono_ns=7178749739373327][T0xfd11ca4e8ca0][WARN] copy_aicore_buffer: [chip_swimlane_collector.cpp:689] Core 51: skipped 1024 AICore record slot(s) with start_time=0 (race-window write or recycled-buffer tail). buf seq=0 count=1024
[mono_ns=7178749739471977][T0xfd11cacf8ca0][WARN] copy_aicore_buffer: [chip_swimlane_collector.cpp:689] Core 49: skipped 1024 AICore record slot(s) with start_time=0 (race-window write or recycled-buffer tail). buf seq=0 count=1024
[mono_ns=7178749739472537][T0xfd11c7deeca0][WARN] copy_aicore_buffer: [chip_swimlane_collector.cpp:689] Core 53: skipped 1024 AICore record slot(s) with start_time=0 (race-window write or recycled-buffer tail). buf seq=0 count=1024
[mono_ns=7178749739684329][T0xfd11ca4e8ca0][WARN] copy_aicore_buffer: [chip_swimlane_collector.cpp:689] Core 16: skipped 1024 AICore record slot(s) with start_time=0 (race-window write or recycled-buffer tail). buf seq=0 count=1024
[mono_ns=7178749739783860][T0xfd11cacf8ca0][WARN] copy_aicore_buffer: [chip_swimlane_collector.cpp:689] Core 15: skipped 1024 AICore record slot(s) with start_time=0 (race-window write or recycled-buffer tail). buf seq=0 count=1024
[mono_ns=7178749739784000][T0xfd11c7deeca0][WARN] copy_aicore_buffer: [chip_swimlane_collector.cpp:689] Core 17: skipped 1024 AICore record slot(s) with start_time=0 (race-window write or recycled-buffer tail). buf seq=0 count=1024
[mono_ns=7178749739995421][T0xfd11ca4e8ca0][WARN] copy_aicore_buffer: [chip_swimlane_collector.cpp:689] Core 56: skipped 1024 AICore record slot(s) with start_time=0 (race-window write or recycled-buffer tail). buf seq=0 count=1024
[mono_ns=7178749740107122][T0xfd11cacf8ca0][WARN] copy_aicore_buffer: [chip_swimlane_collector.cpp:689] Core 54: skipped 1024 AICore record slot(s) with start_time=0 (race-window write or recycled-buffer tail). buf seq=0 count=1024
[mono_ns=7178749740117802][T0xfd11c7deeca0][WARN] copy_aicore_buffer: [chip_swimlane_collector.cpp:689] Core 58: skipped 1024 AICore record slot(s) with start_time=0 (race-window write or recycled-buffer tail). buf seq=0 count=1024
[mono_ns=7178749740311823][T0xfd11ca4e8ca0][WARN] copy_aicore_buffer: [chip_swimlane_collector.cpp:689] Core 57: skipped 1024 AICore record slot(s) with start_time=0 (race-window write or recycled-buffer tail). buf seq=0 count=1024
[mono_ns=7178749740420874][T0xfd11cacf8ca0][WARN] copy_aicore_buffer: [chip_swimlane_collector.cpp:689] Core 55: skipped 1024 AICore record slot(s) with start_time=0 (race-window write or recycled-buffer tail). buf seq=0 count=1024
[mono_ns=7178749740428604][T0xfd11c7deeca0][WARN] copy_aicore_buffer: [chip_swimlane_collector.cpp:689] Core 59: skipped 1024 AICore record slot(s) with start_time=0 (race-window write or recycled-buffer tail). buf seq=0 count=1024
[mono_ns=7178749740624056][T0xfd11ca4e8ca0][WARN] copy_aicore_buffer: [chip_swimlane_collector.cpp:689] Core 19: skipped 1024 AICore record slot(s) with start_time=0 (race-window write or recycled-buffer tail). buf seq=0 count=1024
[mono_ns=7178749740733426][T0xfd11cacf8ca0][WARN] copy_aicore_buffer: [chip_swimlane_collector.cpp:689] Core 18: skipped 1024 AICore record slot(s) with start_time=0 (race-window write or recycled-buffer tail). buf seq=0 count=1024
[mono_ns=7178749740739806][T0xfd11c7deeca0][WARN] copy_aicore_buffer: [chip_swimlane_collector.cpp:689] Core 20: skipped 1024 AICore record slot(s) with start_time=0 (race-window write or recycled-buffer tail). buf seq=0 count=1024
[mono_ns=7178749740934778][T0xfd11ca4e8ca0][WARN] copy_aicore_buffer: [chip_swimlane_collector.cpp:689] Core 62: skipped 1024 AICore record slot(s) with start_time=0 (race-window write or recycled-buffer tail). buf seq=0 count=1024
[mono_ns=7178749741056079][T0xfd11cacf8ca0][WARN] copy_aicore_buffer: [chip_swimlane_collector.cpp:689] Core 60: skipped 1024 AICore record slot(s) with start_time=0 (race-window write or recycled-buffer tail). buf seq=0 count=1024
[mono_ns=7178749741061219][T0xfd11c7deeca0][WARN] copy_aicore_buffer: [chip_swimlane_collector.cpp:689] Core 64: skipped 1024 AICore record slot(s) with start_time=0 (race-window write or recycled-buffer tail). buf seq=0 count=1024
[mono_ns=7178749741255370][T0xfd11ca4e8ca0][WARN] copy_aicore_buffer: [chip_swimlane_collector.cpp:689] Core 63: skipped 1024 AICore record slot(s) with start_time=0 (race-window write or recycled-buffer tail). buf seq=0 count=1024
[mono_ns=7178749741368121][T0xfd11cacf8ca0][WARN] copy_aicore_buffer: [chip_swimlane_collector.cpp:689] Core 61: skipped 1024 AICore record slot(s) with start_time=0 (race-window write or recycled-buffer tail). buf seq=0 count=1024
[mono_ns=7178749741372861][T0xfd11c7deeca0][WARN] copy_aicore_buffer: [chip_swimlane_collector.cpp:689] Core 65: skipped 1024 AICore record slot(s) with start_time=0 (race-window write or recycled-buffer tail). buf seq=0 count=1024
[mono_ns=7178749741567082][T0xfd11ca4e8ca0][WARN] copy_aicore_buffer: [chip_swimlane_collector.cpp:689] Core 22: skipped 1024 AICore record slot(s) with start_time=0 (race-window write or recycled-buffer tail). buf seq=0 count=1024
[mono_ns=7178749741680433][T0xfd11cacf8ca0][WARN] copy_aicore_buffer: [chip_swimlane_collector.cpp:689] Core 21: skipped 1024 AICore record slot(s) with start_time=0 (race-window write or recycled-buffer tail). buf seq=0 count=1024
[mono_ns=7178749741685363][T0xfd11c7deeca0][WARN] copy_aicore_buffer: [chip_swimlane_collector.cpp:689] Core 23: skipped 1024 AICore record slot(s) with start_time=0 (race-window write or recycled-buffer tail). buf seq=0 count=1024
[mono_ns=7178749741879435][T0xfd11ca4e8ca0][WARN] copy_aicore_buffer: [chip_swimlane_collector.cpp:689] Core 68: skipped 1024 AICore record slot(s) with start_time=0 (race-window write or recycled-buffer tail). buf seq=0 count=1024
[mono_ns=7178749741994525][T0xfd11cacf8ca0][WARN] copy_aicore_buffer: [chip_swimlane_collector.cpp:689] Core 66: skipped 1024 AICore record slot(s) with start_time=0 (race-window write or recycled-buffer tail). buf seq=0 count=1024
[mono_ns=7178749741996895][T0xfd11c7deeca0][WARN] copy_aicore_buffer: [chip_swimlane_collector.cpp:689] Core 70: skipped 1024 AICore record slot(s) with start_time=0 (race-window write or recycled-buffer tail). buf seq=0 count=1024
[mono_ns=7178749742202757][T0xfd11ca4e8ca0][WARN] copy_aicore_buffer: [chip_swimlane_collector.cpp:689] Core 69: skipped 1024 AICore record slot(s) with start_time=0 (race-window write or recycled-buffer tail). buf seq=0 count=1024
[mono_ns=7178749742321138][T0xfd11c7deeca0][WARN] copy_aicore_buffer: [chip_swimlane_collector.cpp:689] Core 71: skipped 1024 AICore record slot(s) with start_time=0 (race-window write or recycled-buffer tail). buf seq=0 count=1024
[mono_ns=7178749742321618][T0xfd11cacf8ca0][WARN] copy_aicore_buffer: [chip_swimlane_collector.cpp:689] Core 67: skipped 1024 AICore record slot(s) with start_time=0 (race-window write or recycled-buffer tail). buf seq=0 count=1024
[mono_ns=7178749842826489][T0xfd132294b020][TIMING] emit_host_span: [STRACE] v=1 pid=327594 tid=327594 inv=22 hid=d981d29f0dfe9ced depth=1 name=chip.run.runner_run ts=7178749732524938 dur=110294241 
[mono_ns=7178749842912300][T0xfd132294b020][TIMING] emit_host_span: [STRACE] v=1 pid=327594 tid=327594 inv=22 hid=d981d29f0dfe9ced depth=1 name=chip.run.validate ts=7178749842833699 dur=74771 
[mono_ns=7178749842919670][T0xfd132294b020][TIMING] emit_host_span: [STRACE] v=1 pid=327594 tid=327594 inv=22 hid=d981d29f0dfe9ced depth=2 name=chip.run.runner_run.device_wall ts=0 dur=2001740 clk=dev
[mono_ns=7178749842923740][T0xfd132294b020][TIMING] emit_host_span: [STRACE] v=1 pid=327594 tid=327594 inv=22 hid=d981d29f0dfe9ced depth=3 name=chip.run.runner_run.device_wall.preamble ts=0 dur=616180 clk=dev
[mono_ns=7178749842927150][T0xfd132294b020][TIMING] emit_host_span: [STRACE] v=1 pid=327594 tid=327594 inv=22 hid=d981d29f0dfe9ced depth=3 name=chip.run.runner_run.device_wall.graph_build ts=612160 dur=1380240 clk=dev
[mono_ns=7178749842930410][T0xfd132294b020][TIMING] emit_host_span: [STRACE] v=1 pid=327594 tid=327594 inv=22 hid=d981d29f0dfe9ced depth=3 name=chip.run.runner_run.device_wall.config_validate ts=612260 dur=740 clk=dev
[mono_ns=7178749842933510][T0xfd132294b020][TIMING] emit_host_span: [STRACE] v=1 pid=327594 tid=327594 inv=22 hid=d981d29f0dfe9ced depth=3 name=chip.run.runner_run.device_wall.arena_wire ts=613040 dur=580 clk=dev
[mono_ns=7178749842937220][T0xfd132294b020][TIMING] emit_host_span: [STRACE] v=1 pid=327594 tid=327594 inv=22 hid=d981d29f0dfe9ced depth=3 name=chip.run.runner_run.device_wall.sm_reset ts=613640 dur=580 clk=dev
[mono_ns=7178749842945000][T0xfd132294b020][TIMING] emit_host_span: [STRACE] v=1 pid=327594 tid=327594 inv=22 hid=d981d29f0dfe9ced depth=3 name=chip.run.runner_run.device_wall.post_orch ts=1992439 dur=9180 clk=dev
[mono_ns=7178749842948440][T0xfd132294b020][TIMING] emit_host_span: [STRACE] v=1 pid=327594 tid=327594 inv=22 hid=d981d29f0dfe9ced depth=3 name=chip.run.runner_run.device_wall.orch ts=614280 dur=3880 clk=dev
[mono_ns=7178749842951570][T0xfd132294b020][TIMING] emit_host_span: [STRACE] v=1 pid=327594 tid=327594 inv=22 hid=d981d29f0dfe9ced depth=3 name=chip.run.runner_run.device_wall.sched ts=616319 dur=1359200 clk=dev
[mono_ns=7178749842955560][T0xfd132294b020][TIMING] emit_host_span: [STRACE] v=1 pid=327594 tid=327594 inv=22 hid=d981d29f0dfe9ced depth=1 name=chip.run.claim_release ts=7178749842953500 dur=340 
[mono_ns=7178749842959880][T0xfd132294b020][TIMING] emit_host_span: [STRACE] v=1 pid=327594 tid=327594 inv=22 hid=d981d29f0dfe9ced depth=0 name=chip.run ts=7178749732088235 dur=110869675 run_id=22 dispatch_id=22 slot_id=0 generation=22 run_epoch=22
