[mono_ns=7228899346596662][T0xe00e4254b020][TIMING] emit_host_span: [STRACE] v=1 pid=3843427 tid=3843427 inv=1 hid=db84953f453049e3 depth=2 name=chip.run.bind.args ts=7228899346466802 dur=122090 
[mono_ns=7228899346619103][T0xe00e4254b020][TIMING] emit_host_span: [STRACE] v=1 pid=3843427 tid=3843427 inv=1 hid=db84953f453049e3 depth=2 name=chip.run.bind.prebuilt ts=7228899346611573 dur=4970 
[mono_ns=7228899346624923][T0xe00e4254b020][TIMING] emit_host_span: [STRACE] v=1 pid=3843427 tid=3843427 inv=1 hid=db84953f453049e3 depth=1 name=chip.run.bind ts=7228899346023750 dur=598453 
[mono_ns=7228899461688331][T0xe00e4254b020][TIMING] emit_host_span: [STRACE] v=1 pid=3843427 tid=3843427 inv=1 hid=db84953f453049e3 depth=1 name=chip.run.runner_run ts=7228899347338676 dur=114334545 
[mono_ns=7228899461839982][T0xe00e4254b020][TIMING] emit_host_span: [STRACE] v=1 pid=3843427 tid=3843427 inv=1 hid=db84953f453049e3 depth=1 name=chip.run.validate ts=7228899461712251 dur=122960 
[mono_ns=7228899461848362][T0xe00e4254b020][TIMING] emit_host_span: [STRACE] v=1 pid=3843427 tid=3843427 inv=1 hid=db84953f453049e3 depth=2 name=chip.run.runner_run.device_wall ts=0 dur=3010860 clk=dev
[mono_ns=7228899461853222][T0xe00e4254b020][TIMING] emit_host_span: [STRACE] v=1 pid=3843427 tid=3843427 inv=1 hid=db84953f453049e3 depth=3 name=chip.run.runner_run.device_wall.preamble ts=0 dur=164740 clk=dev
[mono_ns=7228899461858372][T0xe00e4254b020][TIMING] emit_host_span: [STRACE] v=1 pid=3843427 tid=3843427 inv=1 hid=db84953f453049e3 depth=3 name=chip.run.runner_run.device_wall.graph_build ts=38360 dur=2951540 clk=dev
[mono_ns=7228899461862152][T0xe00e4254b020][TIMING] emit_host_span: [STRACE] v=1 pid=3843427 tid=3843427 inv=1 hid=db84953f453049e3 depth=3 name=chip.run.runner_run.device_wall.config_validate ts=42760 dur=3220 clk=dev
[mono_ns=7228899461865762][T0xe00e4254b020][TIMING] emit_host_span: [STRACE] v=1 pid=3843427 tid=3843427 inv=1 hid=db84953f453049e3 depth=3 name=chip.run.runner_run.device_wall.arena_wire ts=46000 dur=11879 clk=dev
[mono_ns=7228899461869262][T0xe00e4254b020][TIMING] emit_host_span: [STRACE] v=1 pid=3843427 tid=3843427 inv=1 hid=db84953f453049e3 depth=3 name=chip.run.runner_run.device_wall.sm_reset ts=57920 dur=17280 clk=dev
[mono_ns=7228899461872952][T0xe00e4254b020][TIMING] emit_host_span: [STRACE] v=1 pid=3843427 tid=3843427 inv=1 hid=db84953f453049e3 depth=3 name=chip.run.runner_run.device_wall.post_orch ts=2989960 dur=16980 clk=dev
[mono_ns=7228899461876242][T0xe00e4254b020][TIMING] emit_host_span: [STRACE] v=1 pid=3843427 tid=3843427 inv=1 hid=db84953f453049e3 depth=3 name=chip.run.runner_run.device_wall.orch ts=79980 dur=48540 clk=dev
[mono_ns=7228899461879382][T0xe00e4254b020][TIMING] emit_host_span: [STRACE] v=1 pid=3843427 tid=3843427 inv=1 hid=db84953f453049e3 depth=3 name=chip.run.runner_run.device_wall.sched ts=166360 dur=2801520 clk=dev
[mono_ns=7228899461885482][T0xe00e4254b020][TIMING] emit_host_span: [STRACE] v=1 pid=3843427 tid=3843427 inv=1 hid=db84953f453049e3 depth=1 name=chip.run.claim_release ts=7228899461882872 dur=870 
[mono_ns=7228899461891492][T0xe00e4254b020][TIMING] emit_host_span: [STRACE] v=1 pid=3843427 tid=3843427 inv=1 hid=db84953f453049e3 depth=0 name=chip.run ts=7228899345975270 dur=115914072 run_id=1 dispatch_id=1 slot_id=0 generation=1 run_epoch=1
[mono_ns=7228899470744371][T0xe00e4254b020][TIMING] emit_host_span: [STRACE] v=1 pid=3843427 tid=3843427 inv=2 hid=db84953f453049e3 depth=2 name=chip.run.bind.args ts=7228899470609120 dur=129471 
[mono_ns=7228899470760391][T0xe00e4254b020][TIMING] emit_host_span: [STRACE] v=1 pid=3843427 tid=3843427 inv=2 hid=db84953f453049e3 depth=2 name=chip.run.bind.prebuilt ts=7228899470753521 dur=4210 
[mono_ns=7228899470765281][T0xe00e4254b020][TIMING] emit_host_span: [STRACE] v=1 pid=3843427 tid=3843427 inv=2 hid=db84953f453049e3 depth=1 name=chip.run.bind ts=7228899470592370 dur=170331 
[mono_ns=7228899530784246][T0xe00ce5fcbca0][WARN] copy_aicore_buffer: [chip_swimlane_collector.cpp:689] Core 1: skipped 1024 AICore record slot(s) with start_time=0 (race-window write or recycled-buffer tail). buf seq=0 count=1024
[mono_ns=7228899530826386][T0xe00cf0d3aca0][WARN] copy_aicore_buffer: [chip_swimlane_collector.cpp:689] Core 0: skipped 1024 AICore record slot(s) with start_time=0 (race-window write or recycled-buffer tail). buf seq=0 count=1024
[mono_ns=7228899530928907][T0xe00ce57bbca0][WARN] copy_aicore_buffer: [chip_swimlane_collector.cpp:689] Core 2: skipped 1024 AICore record slot(s) with start_time=0 (race-window write or recycled-buffer tail). buf seq=0 count=1024
[mono_ns=7228899531147258][T0xe00ce5fcbca0][WARN] copy_aicore_buffer: [chip_swimlane_collector.cpp:689] Core 26: skipped 1023 AICore record slot(s) with start_time=0 (race-window write or recycled-buffer tail). buf seq=0 count=1024
[mono_ns=7228899531171008][T0xe00cf0d3aca0][WARN] copy_aicore_buffer: [chip_swimlane_collector.cpp:689] Core 24: skipped 1022 AICore record slot(s) with start_time=0 (race-window write or recycled-buffer tail). buf seq=0 count=1024
[mono_ns=7228899531320518][T0xe00ce57bbca0][WARN] copy_aicore_buffer: [chip_swimlane_collector.cpp:689] Core 28: skipped 1024 AICore record slot(s) with start_time=0 (race-window write or recycled-buffer tail). buf seq=0 count=1024
[mono_ns=7228899531491629][T0xe00ce5fcbca0][WARN] copy_aicore_buffer: [chip_swimlane_collector.cpp:689] Core 27: skipped 1024 AICore record slot(s) with start_time=0 (race-window write or recycled-buffer tail). buf seq=0 count=1024
[mono_ns=7228899531492889][T0xe00cf0d3aca0][WARN] copy_aicore_buffer: [chip_swimlane_collector.cpp:689] Core 25: skipped 1024 AICore record slot(s) with start_time=0 (race-window write or recycled-buffer tail). buf seq=0 count=1024
[mono_ns=7228899531691850][T0xe00ce57bbca0][WARN] copy_aicore_buffer: [chip_swimlane_collector.cpp:689] Core 29: skipped 1024 AICore record slot(s) with start_time=0 (race-window write or recycled-buffer tail). buf seq=0 count=1024
[mono_ns=7228899531832241][T0xe00ce5fcbca0][WARN] copy_aicore_buffer: [chip_swimlane_collector.cpp:689] Core 4: skipped 1024 AICore record slot(s) with start_time=0 (race-window write or recycled-buffer tail). buf seq=0 count=1024
[mono_ns=7228899531841391][T0xe00cf0d3aca0][WARN] copy_aicore_buffer: [chip_swimlane_collector.cpp:689] Core 3: skipped 1024 AICore record slot(s) with start_time=0 (race-window write or recycled-buffer tail). buf seq=0 count=1024
[mono_ns=7228899532057412][T0xe00ce57bbca0][WARN] copy_aicore_buffer: [chip_swimlane_collector.cpp:689] Core 5: skipped 1024 AICore record slot(s) with start_time=0 (race-window write or recycled-buffer tail). buf seq=0 count=1024
[mono_ns=7228899532177182][T0xe00cf0d3aca0][WARN] copy_aicore_buffer: [chip_swimlane_collector.cpp:689] Core 30: skipped 1024 AICore record slot(s) with start_time=0 (race-window write or recycled-buffer tail). buf seq=0 count=1024
[mono_ns=7228899532182852][T0xe00ce5fcbca0][WARN] copy_aicore_buffer: [chip_swimlane_collector.cpp:689] Core 32: skipped 1024 AICore record slot(s) with start_time=0 (race-window write or recycled-buffer tail). buf seq=0 count=1024
[mono_ns=7228899532415003][T0xe00ce57bbca0][WARN] copy_aicore_buffer: [chip_swimlane_collector.cpp:689] Core 34: skipped 1024 AICore record slot(s) with start_time=0 (race-window write or recycled-buffer tail). buf seq=0 count=1024
[mono_ns=7228899532509934][T0xe00cf0d3aca0][WARN] copy_aicore_buffer: [chip_swimlane_collector.cpp:689] Core 31: skipped 1024 AICore record slot(s) with start_time=0 (race-window write or recycled-buffer tail). buf seq=0 count=1024
[mono_ns=7228899532518764][T0xe00ce5fcbca0][WARN] copy_aicore_buffer: [chip_swimlane_collector.cpp:689] Core 33: skipped 1024 AICore record slot(s) with start_time=0 (race-window write or recycled-buffer tail). buf seq=0 count=1024
[mono_ns=7228899532756855][T0xe00ce57bbca0][WARN] copy_aicore_buffer: [chip_swimlane_collector.cpp:689] Core 35: skipped 1024 AICore record slot(s) with start_time=0 (race-window write or recycled-buffer tail). buf seq=0 count=1024
[mono_ns=7228899532837815][T0xe00cf0d3aca0][WARN] copy_aicore_buffer: [chip_swimlane_collector.cpp:689] Core 6: skipped 1024 AICore record slot(s) with start_time=0 (race-window write or recycled-buffer tail). buf seq=0 count=1024
[mono_ns=7228899532850045][T0xe00ce5fcbca0][WARN] copy_aicore_buffer: [chip_swimlane_collector.cpp:689] Core 7: skipped 1024 AICore record slot(s) with start_time=0 (race-window write or recycled-buffer tail). buf seq=0 count=1024
[mono_ns=7228899533116066][T0xe00ce57bbca0][WARN] copy_aicore_buffer: [chip_swimlane_collector.cpp:689] Core 8: skipped 1024 AICore record slot(s) with start_time=0 (race-window write or recycled-buffer tail). buf seq=0 count=1024
[mono_ns=7228899533177537][T0xe00cf0d3aca0][WARN] copy_aicore_buffer: [chip_swimlane_collector.cpp:689] Core 36: skipped 1024 AICore record slot(s) with start_time=0 (race-window write or recycled-buffer tail). buf seq=0 count=1024
[mono_ns=7228899533188467][T0xe00ce5fcbca0][WARN] copy_aicore_buffer: [chip_swimlane_collector.cpp:689] Core 38: skipped 1024 AICore record slot(s) with start_time=0 (race-window write or recycled-buffer tail). buf seq=0 count=1024
[mono_ns=7228899533463398][T0xe00ce57bbca0][WARN] copy_aicore_buffer: [chip_swimlane_collector.cpp:689] Core 40: skipped 1024 AICore record slot(s) with start_time=0 (race-window write or recycled-buffer tail). buf seq=0 count=1024
[mono_ns=7228899533505978][T0xe00cf0d3aca0][WARN] copy_aicore_buffer: [chip_swimlane_collector.cpp:689] Core 37: skipped 1024 AICore record slot(s) with start_time=0 (race-window write or recycled-buffer tail). buf seq=0 count=1024
[mono_ns=7228899533520218][T0xe00ce5fcbca0][WARN] copy_aicore_buffer: [chip_swimlane_collector.cpp:689] Core 39: skipped 1024 AICore record slot(s) with start_time=0 (race-window write or recycled-buffer tail). buf seq=0 count=1024
[mono_ns=7228899533807949][T0xe00ce57bbca0][WARN] copy_aicore_buffer: [chip_swimlane_collector.cpp:689] Core 41: skipped 1024 AICore record slot(s) with start_time=0 (race-window write or recycled-buffer tail). buf seq=0 count=1024
[mono_ns=7228899533832109][T0xe00cf0d3aca0][WARN] copy_aicore_buffer: [chip_swimlane_collector.cpp:689] Core 9: skipped 1024 AICore record slot(s) with start_time=0 (race-window write or recycled-buffer tail). buf seq=0 count=1024
[mono_ns=7228899533850360][T0xe00ce5fcbca0][WARN] copy_aicore_buffer: [chip_swimlane_collector.cpp:689] Core 10: skipped 1024 AICore record slot(s) with start_time=0 (race-window write or recycled-buffer tail). buf seq=0 count=1024
[mono_ns=7228899534173281][T0xe00ce57bbca0][WARN] copy_aicore_buffer: [chip_swimlane_collector.cpp:689] Core 11: skipped 1024 AICore record slot(s) with start_time=0 (race-window write or recycled-buffer tail). buf seq=0 count=1024
[mono_ns=7228899534174321][T0xe00cf0d3aca0][WARN] copy_aicore_buffer: [chip_swimlane_collector.cpp:689] Core 42: skipped 1024 AICore record slot(s) with start_time=0 (race-window write or recycled-buffer tail). buf seq=0 count=1024
[mono_ns=7228899534190491][T0xe00ce5fcbca0][WARN] copy_aicore_buffer: [chip_swimlane_collector.cpp:689] Core 44: skipped 1024 AICore record slot(s) with start_time=0 (race-window write or recycled-buffer tail). buf seq=0 count=1024
[mono_ns=7228899534503312][T0xe00cf0d3aca0][WARN] copy_aicore_buffer: [chip_swimlane_collector.cpp:689] Core 43: skipped 1024 AICore record slot(s) with start_time=0 (race-window write or recycled-buffer tail). buf seq=0 count=1024
[mono_ns=7228899534529433][T0xe00ce5fcbca0][WARN] copy_aicore_buffer: [chip_swimlane_collector.cpp:689] Core 45: skipped 1024 AICore record slot(s) with start_time=0 (race-window write or recycled-buffer tail). buf seq=0 count=1024
[mono_ns=7228899534538743][T0xe00ce57bbca0][WARN] copy_aicore_buffer: [chip_swimlane_collector.cpp:689] Core 46: skipped 1024 AICore record slot(s) with start_time=0 (race-window write or recycled-buffer tail). buf seq=0 count=1024
[mono_ns=7228899534827564][T0xe00cf0d3aca0][WARN] copy_aicore_buffer: [chip_swimlane_collector.cpp:689] Core 12: skipped 1024 AICore record slot(s) with start_time=0 (race-window write or recycled-buffer tail). buf seq=0 count=1024
[mono_ns=7228899534862934][T0xe00ce5fcbca0][WARN] copy_aicore_buffer: [chip_swimlane_collector.cpp:689] Core 13: skipped 1024 AICore record slot(s) with start_time=0 (race-window write or recycled-buffer tail). buf seq=0 count=1024
[mono_ns=7228899534882734][T0xe00ce57bbca0][WARN] copy_aicore_buffer: [chip_swimlane_collector.cpp:689] Core 47: skipped 1024 AICore record slot(s) with start_time=0 (race-window write or recycled-buffer tail). buf seq=0 count=1024
[mono_ns=7228899535159435][T0xe00cf0d3aca0][WARN] copy_aicore_buffer: [chip_swimlane_collector.cpp:689] Core 48: skipped 1024 AICore record slot(s) with start_time=0 (race-window write or recycled-buffer tail). buf seq=0 count=1024
[mono_ns=7228899535205886][T0xe00ce5fcbca0][WARN] copy_aicore_buffer: [chip_swimlane_collector.cpp:689] Core 50: skipped 1024 AICore record slot(s) with start_time=0 (race-window write or recycled-buffer tail). buf seq=0 count=1024
[mono_ns=7228899535243636][T0xe00ce57bbca0][WARN] copy_aicore_buffer: [chip_swimlane_collector.cpp:689] Core 14: skipped 1024 AICore record slot(s) with start_time=0 (race-window write or recycled-buffer tail). buf seq=0 count=1024
[mono_ns=7228899535484707][T0xe00cf0d3aca0][WARN] copy_aicore_buffer: [chip_swimlane_collector.cpp:689] Core 49: skipped 1024 AICore record slot(s) with start_time=0 (race-window write or recycled-buffer tail). buf seq=0 count=1024
[mono_ns=7228899535537907][T0xe00ce5fcbca0][WARN] copy_aicore_buffer: [chip_swimlane_collector.cpp:689] Core 51: skipped 1024 AICore record slot(s) with start_time=0 (race-window write or recycled-buffer tail). buf seq=0 count=1024
[mono_ns=7228899535588857][T0xe00ce57bbca0][WARN] copy_aicore_buffer: [chip_swimlane_collector.cpp:689] Core 52: skipped 1024 AICore record slot(s) with start_time=0 (race-window write or recycled-buffer tail). buf seq=0 count=1024
[mono_ns=7228899535812188][T0xe00cf0d3aca0][WARN] copy_aicore_buffer: [chip_swimlane_collector.cpp:689] Core 15: skipped 1024 AICore record slot(s) with start_time=0 (race-window write or recycled-buffer tail). buf seq=0 count=1024
[mono_ns=7228899535871299][T0xe00ce5fcbca0][WARN] copy_aicore_buffer: [chip_swimlane_collector.cpp:689] Core 16: skipped 1024 AICore record slot(s) with start_time=0 (race-window write or recycled-buffer tail). buf seq=0 count=1024
[mono_ns=7228899535950609][T0xe00ce57bbca0][WARN] copy_aicore_buffer: [chip_swimlane_collector.cpp:689] Core 53: skipped 1024 AICore record slot(s) with start_time=0 (race-window write or recycled-buffer tail). buf seq=0 count=1024
[mono_ns=7228899536166390][T0xe00cf0d3aca0][WARN] copy_aicore_buffer: [chip_swimlane_collector.cpp:689] Core 54: skipped 1024 AICore record slot(s) with start_time=0 (race-window write or recycled-buffer tail). buf seq=0 count=1024
[mono_ns=7228899536227250][T0xe00ce5fcbca0][WARN] copy_aicore_buffer: [chip_swimlane_collector.cpp:689] Core 56: skipped 1024 AICore record slot(s) with start_time=0 (race-window write or recycled-buffer tail). buf seq=0 count=1024
[mono_ns=7228899536306070][T0xe00ce57bbca0][WARN] copy_aicore_buffer: [chip_swimlane_collector.cpp:689] Core 17: skipped 1024 AICore record slot(s) with start_time=0 (race-window write or recycled-buffer tail). buf seq=0 count=1024
[mono_ns=7228899536494431][T0xe00cf0d3aca0][WARN] copy_aicore_buffer: [chip_swimlane_collector.cpp:689] Core 55: skipped 1024 AICore record slot(s) with start_time=0 (race-window write or recycled-buffer tail). buf seq=0 count=1024
[mono_ns=7228899536560112][T0xe00ce5fcbca0][WARN] copy_aicore_buffer: [chip_swimlane_collector.cpp:689] Core 57: skipped 1024 AICore record slot(s) with start_time=0 (race-window write or recycled-buffer tail). buf seq=0 count=1024
[mono_ns=7228899536659092][T0xe00ce57bbca0][WARN] copy_aicore_buffer: [chip_swimlane_collector.cpp:689] Core 58: skipped 1024 AICore record slot(s) with start_time=0 (race-window write or recycled-buffer tail). buf seq=0 count=1024
[mono_ns=7228899536822873][T0xe00cf0d3aca0][WARN] copy_aicore_buffer: [chip_swimlane_collector.cpp:689] Core 18: skipped 1024 AICore record slot(s) with start_time=0 (race-window write or recycled-buffer tail). buf seq=0 count=1024
[mono_ns=7228899536910593][T0xe00ce5fcbca0][WARN] copy_aicore_buffer: [chip_swimlane_collector.cpp:689] Core 19: skipped 1024 AICore record slot(s) with start_time=0 (race-window write or recycled-buffer tail). buf seq=0 count=1024
[mono_ns=7228899537016114][T0xe00ce57bbca0][WARN] copy_aicore_buffer: [chip_swimlane_collector.cpp:689] Core 59: skipped 1024 AICore record slot(s) with start_time=0 (race-window write or recycled-buffer tail). buf seq=0 count=1024
[mono_ns=7228899537159674][T0xe00cf0d3aca0][WARN] copy_aicore_buffer: [chip_swimlane_collector.cpp:689] Core 60: skipped 1024 AICore record slot(s) with start_time=0 (race-window write or recycled-buffer tail). buf seq=0 count=1024
[mono_ns=7228899537255195][T0xe00ce5fcbca0][WARN] copy_aicore_buffer: [chip_swimlane_collector.cpp:689] Core 62: skipped 1024 AICore record slot(s) with start_time=0 (race-window write or recycled-buffer tail). buf seq=0 count=1024
[mono_ns=7228899537362705][T0xe00ce57bbca0][WARN] copy_aicore_buffer: [chip_swimlane_collector.cpp:689] Core 20: skipped 1024 AICore record slot(s) with start_time=0 (race-window write or recycled-buffer tail). buf seq=0 count=1024
[mono_ns=7228899537488716][T0xe00cf0d3aca0][WARN] copy_aicore_buffer: [chip_swimlane_collector.cpp:689] Core 61: skipped 1024 AICore record slot(s) with start_time=0 (race-window write or recycled-buffer tail). buf seq=0 count=1024
[mono_ns=7228899537583946][T0xe00ce5fcbca0][WARN] copy_aicore_buffer: [chip_swimlane_collector.cpp:689] Core 63: skipped 1024 AICore record slot(s) with start_time=0 (race-window write or recycled-buffer tail). buf seq=0 count=1024
[mono_ns=7228899537707597][T0xe00ce57bbca0][WARN] copy_aicore_buffer: [chip_swimlane_collector.cpp:689] Core 64: skipped 1024 AICore record slot(s) with start_time=0 (race-window write or recycled-buffer tail). buf seq=0 count=1024
[mono_ns=7228899537818177][T0xe00cf0d3aca0][WARN] copy_aicore_buffer: [chip_swimlane_collector.cpp:689] Core 21: skipped 1024 AICore record slot(s) with start_time=0 (race-window write or recycled-buffer tail). buf seq=0 count=1024
[mono_ns=7228899537910578][T0xe00ce5fcbca0][WARN] copy_aicore_buffer: [chip_swimlane_collector.cpp:689] Core 22: skipped 1024 AICore record slot(s) with start_time=0 (race-window write or recycled-buffer tail). buf seq=0 count=1024
[mono_ns=7228899538063208][T0xe00ce57bbca0][WARN] copy_aicore_buffer: [chip_swimlane_collector.cpp:689] Core 65: skipped 1024 AICore record slot(s) with start_time=0 (race-window write or recycled-buffer tail). buf seq=0 count=1024
[mono_ns=7228899538154639][T0xe00cf0d3aca0][WARN] copy_aicore_buffer: [chip_swimlane_collector.cpp:689] Core 66: skipped 1024 AICore record slot(s) with start_time=0 (race-window write or recycled-buffer tail). buf seq=0 count=1024
[mono_ns=7228899538245699][T0xe00ce5fcbca0][WARN] copy_aicore_buffer: [chip_swimlane_collector.cpp:689] Core 68: skipped 1024 AICore record slot(s) with start_time=0 (race-window write or recycled-buffer tail). buf seq=0 count=1024
[mono_ns=7228899538408280][T0xe00ce57bbca0][WARN] copy_aicore_buffer: [chip_swimlane_collector.cpp:689] Core 23: skipped 1024 AICore record slot(s) with start_time=0 (race-window write or recycled-buffer tail). buf seq=0 count=1024
[mono_ns=7228899538487640][T0xe00cf0d3aca0][WARN] copy_aicore_buffer: [chip_swimlane_collector.cpp:689] Core 67: skipped 1024 AICore record slot(s) with start_time=0 (race-window write or recycled-buffer tail). buf seq=0 count=1024
[mono_ns=7228899538570810][T0xe00ce5fcbca0][WARN] copy_aicore_buffer: [chip_swimlane_collector.cpp:689] Core 69: skipped 1024 AICore record slot(s) with start_time=0 (race-window write or recycled-buffer tail). buf seq=0 count=1024
[mono_ns=7228899538755961][T0xe00ce57bbca0][WARN] copy_aicore_buffer: [chip_swimlane_collector.cpp:689] Core 70: skipped 1024 AICore record slot(s) with start_time=0 (race-window write or recycled-buffer tail). buf seq=0 count=1024
[mono_ns=7228899539105793][T0xe00ce57bbca0][WARN] copy_aicore_buffer: [chip_swimlane_collector.cpp:689] Core 71: skipped 1024 AICore record slot(s) with start_time=0 (race-window write or recycled-buffer tail). buf seq=0 count=1024
[mono_ns=7228899639616477][T0xe00e4254b020][TIMING] emit_host_span: [STRACE] v=1 pid=3843427 tid=3843427 inv=2 hid=db84953f453049e3 depth=1 name=chip.run.runner_run ts=7228899526195976 dur=113413291 
[mono_ns=7228899639713037][T0xe00e4254b020][TIMING] emit_host_span: [STRACE] v=1 pid=3843427 tid=3843427 inv=2 hid=db84953f453049e3 depth=1 name=chip.run.validate ts=7228899639625067 dur=83860 
[mono_ns=7228899639719857][T0xe00e4254b020][TIMING] emit_host_span: [STRACE] v=1 pid=3843427 tid=3843427 inv=2 hid=db84953f453049e3 depth=2 name=chip.run.runner_run.device_wall ts=0 dur=2595560 clk=dev
[mono_ns=7228899639723737][T0xe00e4254b020][TIMING] emit_host_span: [STRACE] v=1 pid=3843427 tid=3843427 inv=2 hid=db84953f453049e3 depth=3 name=chip.run.runner_run.device_wall.preamble ts=0 dur=137260 clk=dev
[mono_ns=7228899639727427][T0xe00e4254b020][TIMING] emit_host_span: [STRACE] v=1 pid=3843427 tid=3843427 inv=2 hid=db84953f453049e3 depth=3 name=chip.run.runner_run.device_wall.graph_build ts=131840 dur=2454240 clk=dev
[mono_ns=7228899639730917][T0xe00e4254b020][TIMING] emit_host_span: [STRACE] v=1 pid=3843427 tid=3843427 inv=2 hid=db84953f453049e3 depth=3 name=chip.run.runner_run.device_wall.config_validate ts=131980 dur=940 clk=dev
[mono_ns=7228899639734327][T0xe00e4254b020][TIMING] emit_host_span: [STRACE] v=1 pid=3843427 tid=3843427 inv=2 hid=db84953f453049e3 depth=3 name=chip.run.runner_run.device_wall.arena_wire ts=132940 dur=600 clk=dev
[mono_ns=7228899639737767][T0xe00e4254b020][TIMING] emit_host_span: [STRACE] v=1 pid=3843427 tid=3843427 inv=2 hid=db84953f453049e3 depth=3 name=chip.run.runner_run.device_wall.sm_reset ts=133600 dur=1200 clk=dev
[mono_ns=7228899639741587][T0xe00e4254b020][TIMING] emit_host_span: [STRACE] v=1 pid=3843427 tid=3843427 inv=2 hid=db84953f453049e3 depth=3 name=chip.run.runner_run.device_wall.post_orch ts=2586120 dur=9300 clk=dev
[mono_ns=7228899639745458][T0xe00e4254b020][TIMING] emit_host_span: [STRACE] v=1 pid=3843427 tid=3843427 inv=2 hid=db84953f453049e3 depth=3 name=chip.run.runner_run.device_wall.orch ts=134880 dur=5020 clk=dev
[mono_ns=7228899639748708][T0xe00e4254b020][TIMING] emit_host_span: [STRACE] v=1 pid=3843427 tid=3843427 inv=2 hid=db84953f453049e3 depth=3 name=chip.run.runner_run.device_wall.sched ts=138000 dur=2420500 clk=dev
[mono_ns=7228899639753258][T0xe00e4254b020][TIMING] emit_host_span: [STRACE] v=1 pid=3843427 tid=3843427 inv=2 hid=db84953f453049e3 depth=1 name=chip.run.claim_release ts=7228899639751158 dur=310 
[mono_ns=7228899639758088][T0xe00e4254b020][TIMING] emit_host_span: [STRACE] v=1 pid=3843427 tid=3843427 inv=2 hid=db84953f453049e3 depth=0 name=chip.run ts=7228899470545120 dur=169211028 run_id=2 dispatch_id=2 slot_id=0 generation=2 run_epoch=2
[mono_ns=7228904459499175][T0xe00e4254b020][TIMING] emit_host_span: [STRACE] v=1 pid=3843427 tid=3843427 inv=3 hid=db84953f453049e3 depth=2 name=chip.run.bind.args ts=7228904459215593 dur=250071 
[mono_ns=7228904459659305][T0xe00e4254b020][TIMING] emit_host_span: [STRACE] v=1 pid=3843427 tid=3843427 inv=3 hid=db84953f453049e3 depth=2 name=chip.run.bind.prebuilt ts=7228904459613635 dur=41580 
[mono_ns=7228904459664705][T0xe00e4254b020][TIMING] emit_host_span: [STRACE] v=1 pid=3843427 tid=3843427 inv=3 hid=db84953f453049e3 depth=1 name=chip.run.bind ts=7228904459179923 dur=482442 
[mono_ns=7228904638898589][T0xe00e4254b020][TIMING] emit_host_span: [STRACE] v=1 pid=3843427 tid=3843427 inv=3 hid=db84953f453049e3 depth=1 name=chip.run.runner_run ts=7228904460953911 dur=177932728 
[mono_ns=7228904639044800][T0xe00e4254b020][TIMING] emit_host_span: [STRACE] v=1 pid=3843427 tid=3843427 inv=3 hid=db84953f453049e3 depth=1 name=chip.run.validate ts=7228904638913739 dur=127031 
[mono_ns=7228904639086010][T0xe00e4254b020][TIMING] emit_host_span: [STRACE] v=1 pid=3843427 tid=3843427 inv=3 hid=db84953f453049e3 depth=2 name=chip.run.runner_run.device_wall ts=0 dur=2390680 clk=dev
[mono_ns=7228904639091790][T0xe00e4254b020][TIMING] emit_host_span: [STRACE] v=1 pid=3843427 tid=3843427 inv=3 hid=db84953f453049e3 depth=3 name=chip.run.runner_run.device_wall.preamble ts=0 dur=7540 clk=dev
[mono_ns=7228904639096450][T0xe00e4254b020][TIMING] emit_host_span: [STRACE] v=1 pid=3843427 tid=3843427 inv=3 hid=db84953f453049e3 depth=3 name=chip.run.runner_run.device_wall.graph_build ts=1839 dur=2378020 clk=dev
[mono_ns=7228904639099830][T0xe00e4254b020][TIMING] emit_host_span: [STRACE] v=1 pid=3843427 tid=3843427 inv=3 hid=db84953f453049e3 depth=3 name=chip.run.runner_run.device_wall.config_validate ts=2000 dur=899 clk=dev
[mono_ns=7228904639104160][T0xe00e4254b020][TIMING] emit_host_span: [STRACE] v=1 pid=3843427 tid=3843427 inv=3 hid=db84953f453049e3 depth=3 name=chip.run.runner_run.device_wall.arena_wire ts=3100 dur=960 clk=dev
[mono_ns=7228904639107950][T0xe00e4254b020][TIMING] emit_host_span: [STRACE] v=1 pid=3843427 tid=3843427 inv=3 hid=db84953f453049e3 depth=3 name=chip.run.runner_run.device_wall.sm_reset ts=4260 dur=1960 clk=dev
[mono_ns=7228904639112030][T0xe00e4254b020][TIMING] emit_host_span: [STRACE] v=1 pid=3843427 tid=3843427 inv=3 hid=db84953f453049e3 depth=3 name=chip.run.runner_run.device_wall.post_orch ts=2379980 dur=10520 clk=dev
[mono_ns=7228904639114920][T0xe00e4254b020][TIMING] emit_host_span: [STRACE] v=1 pid=3843427 tid=3843427 inv=3 hid=db84953f453049e3 depth=3 name=chip.run.runner_run.device_wall.orch ts=7380 dur=9300 clk=dev
[mono_ns=7228904639138120][T0xe00e4254b020][TIMING] emit_host_span: [STRACE] v=1 pid=3843427 tid=3843427 inv=3 hid=db84953f453049e3 depth=3 name=chip.run.runner_run.device_wall.sched ts=7940 dur=2363339 clk=dev
[mono_ns=7228904639144200][T0xe00e4254b020][TIMING] emit_host_span: [STRACE] v=1 pid=3843427 tid=3843427 inv=3 hid=db84953f453049e3 depth=1 name=chip.run.claim_release ts=7228904639141680 dur=500 
[mono_ns=7228904639150060][T0xe00e4254b020][TIMING] emit_host_span: [STRACE] v=1 pid=3843427 tid=3843427 inv=3 hid=db84953f453049e3 depth=0 name=chip.run ts=7228904458600271 dur=180547779 run_id=3 dispatch_id=3 slot_id=0 generation=3 run_epoch=3
[mono_ns=7228904664333162][T0xe00e4254b020][TIMING] emit_host_span: [STRACE] v=1 pid=3843427 tid=3843427 inv=4 hid=db84953f453049e3 depth=2 name=chip.run.bind.args ts=7228904664207411 dur=120701 
[mono_ns=7228904664354502][T0xe00e4254b020][TIMING] emit_host_span: [STRACE] v=1 pid=3843427 tid=3843427 inv=4 hid=db84953f453049e3 depth=2 name=chip.run.bind.prebuilt ts=7228904664346552 dur=5580 
[mono_ns=7228904664359782][T0xe00e4254b020][TIMING] emit_host_span: [STRACE] v=1 pid=3843427 tid=3843427 inv=4 hid=db84953f453049e3 depth=1 name=chip.run.bind ts=7228904664195981 dur=161401 
[mono_ns=7228904669502834][T0xe00ce57bbca0][WARN] copy_aicore_buffer: [chip_swimlane_collector.cpp:689] Core 2: skipped 1024 AICore record slot(s) with start_time=0 (race-window write or recycled-buffer tail). buf seq=0 count=1024
[mono_ns=7228904669526555][T0xe00cf0d3aca0][WARN] copy_aicore_buffer: [chip_swimlane_collector.cpp:689] Core 0: skipped 1024 AICore record slot(s) with start_time=0 (race-window write or recycled-buffer tail). buf seq=0 count=1024
[mono_ns=7228904669557845][T0xe00ce5fcbca0][WARN] copy_aicore_buffer: [chip_swimlane_collector.cpp:689] Core 1: skipped 1024 AICore record slot(s) with start_time=0 (race-window write or recycled-buffer tail). buf seq=0 count=1024
[mono_ns=7228904669846886][T0xe00ce57bbca0][WARN] copy_aicore_buffer: [chip_swimlane_collector.cpp:689] Core 28: skipped 1022 AICore record slot(s) with start_time=0 (race-window write or recycled-buffer tail). buf seq=0 count=1024
[mono_ns=7228904669876166][T0xe00ce5fcbca0][WARN] copy_aicore_buffer: [chip_swimlane_collector.cpp:689] Core 26: skipped 1024 AICore record slot(s) with start_time=0 (race-window write or recycled-buffer tail). buf seq=0 count=1024
[mono_ns=7228904669923266][T0xe00cf0d3aca0][WARN] copy_aicore_buffer: [chip_swimlane_collector.cpp:689] Core 24: skipped 1023 AICore record slot(s) with start_time=0 (race-window write or recycled-buffer tail). buf seq=0 count=1024
[mono_ns=7228904670206878][T0xe00ce5fcbca0][WARN] copy_aicore_buffer: [chip_swimlane_collector.cpp:689] Core 27: skipped 1024 AICore record slot(s) with start_time=0 (race-window write or recycled-buffer tail). buf seq=0 count=1024
[mono_ns=7228904670219358][T0xe00ce57bbca0][WARN] copy_aicore_buffer: [chip_swimlane_collector.cpp:689] Core 29: skipped 1024 AICore record slot(s) with start_time=0 (race-window write or recycled-buffer tail). buf seq=0 count=1024
[mono_ns=7228904670246478][T0xe00cf0d3aca0][WARN] copy_aicore_buffer: [chip_swimlane_collector.cpp:689] Core 25: skipped 1024 AICore record slot(s) with start_time=0 (race-window write or recycled-buffer tail). buf seq=0 count=1024
[mono_ns=7228904670520759][T0xe00ce5fcbca0][WARN] copy_aicore_buffer: [chip_swimlane_collector.cpp:689] Core 4: skipped 1024 AICore record slot(s) with start_time=0 (race-window write or recycled-buffer tail). buf seq=0 count=1024
[mono_ns=7228904670544029][T0xe00ce57bbca0][WARN] copy_aicore_buffer: [chip_swimlane_collector.cpp:689] Core 5: skipped 1024 AICore record slot(s) with start_time=0 (race-window write or recycled-buffer tail). buf seq=0 count=1024
[mono_ns=7228904670587249][T0xe00cf0d3aca0][WARN] copy_aicore_buffer: [chip_swimlane_collector.cpp:689] Core 3: skipped 1024 AICore record slot(s) with start_time=0 (race-window write or recycled-buffer tail). buf seq=0 count=1024
[mono_ns=7228904670835400][T0xe00ce5fcbca0][WARN] copy_aicore_buffer: [chip_swimlane_collector.cpp:689] Core 32: skipped 1024 AICore record slot(s) with start_time=0 (race-window write or recycled-buffer tail). buf seq=0 count=1024
[mono_ns=7228904670873580][T0xe00ce57bbca0][WARN] copy_aicore_buffer: [chip_swimlane_collector.cpp:689] Core 34: skipped 1024 AICore record slot(s) with start_time=0 (race-window write or recycled-buffer tail). buf seq=0 count=1024
[mono_ns=7228904670900261][T0xe00cf0d3aca0][WARN] copy_aicore_buffer: [chip_swimlane_collector.cpp:689] Core 30: skipped 1024 AICore record slot(s) with start_time=0 (race-window write or recycled-buffer tail). buf seq=0 count=1024
[mono_ns=7228904671157232][T0xe00ce5fcbca0][WARN] copy_aicore_buffer: [chip_swimlane_collector.cpp:689] Core 33: skipped 1024 AICore record slot(s) with start_time=0 (race-window write or recycled-buffer tail). buf seq=0 count=1024
[mono_ns=7228904671213032][T0xe00ce57bbca0][WARN] copy_aicore_buffer: [chip_swimlane_collector.cpp:689] Core 35: skipped 1024 AICore record slot(s) with start_time=0 (race-window write or recycled-buffer tail). buf seq=0 count=1024
[mono_ns=7228904671221792][T0xe00cf0d3aca0][WARN] copy_aicore_buffer: [chip_swimlane_collector.cpp:689] Core 31: skipped 1024 AICore record slot(s) with start_time=0 (race-window write or recycled-buffer tail). buf seq=0 count=1024
[mono_ns=7228904671470423][T0xe00ce5fcbca0][WARN] copy_aicore_buffer: [chip_swimlane_collector.cpp:689] Core 7: skipped 1024 AICore record slot(s) with start_time=0 (race-window write or recycled-buffer tail). buf seq=0 count=1024
[mono_ns=7228904671538553][T0xe00cf0d3aca0][WARN] copy_aicore_buffer: [chip_swimlane_collector.cpp:689] Core 6: skipped 1024 AICore record slot(s) with start_time=0 (race-window write or recycled-buffer tail). buf seq=0 count=1024
[mono_ns=7228904671585794][T0xe00ce57bbca0][WARN] copy_aicore_buffer: [chip_swimlane_collector.cpp:689] Core 8: skipped 1024 AICore record slot(s) with start_time=0 (race-window write or recycled-buffer tail). buf seq=0 count=1024
[mono_ns=7228904671785605][T0xe00ce5fcbca0][WARN] copy_aicore_buffer: [chip_swimlane_collector.cpp:689] Core 38: skipped 1024 AICore record slot(s) with start_time=0 (race-window write or recycled-buffer tail). buf seq=0 count=1024
[mono_ns=7228904671850145][T0xe00cf0d3aca0][WARN] copy_aicore_buffer: [chip_swimlane_collector.cpp:689] Core 36: skipped 1024 AICore record slot(s) with start_time=0 (race-window write or recycled-buffer tail). buf seq=0 count=1024
[mono_ns=7228904671913395][T0xe00ce57bbca0][WARN] copy_aicore_buffer: [chip_swimlane_collector.cpp:689] Core 40: skipped 1024 AICore record slot(s) with start_time=0 (race-window write or recycled-buffer tail). buf seq=0 count=1024
[mono_ns=7228904672112466][T0xe00ce5fcbca0][WARN] copy_aicore_buffer: [chip_swimlane_collector.cpp:689] Core 39: skipped 1024 AICore record slot(s) with start_time=0 (race-window write or recycled-buffer tail). buf seq=0 count=1024
[mono_ns=7228904672170406][T0xe00cf0d3aca0][WARN] copy_aicore_buffer: [chip_swimlane_collector.cpp:689] Core 37: skipped 1024 AICore record slot(s) with start_time=0 (race-window write or recycled-buffer tail). buf seq=0 count=1024
[mono_ns=7228904672253927][T0xe00ce57bbca0][WARN] copy_aicore_buffer: [chip_swimlane_collector.cpp:689] Core 41: skipped 1024 AICore record slot(s) with start_time=0 (race-window write or recycled-buffer tail). buf seq=0 count=1024
[mono_ns=7228904672437567][T0xe00ce5fcbca0][WARN] copy_aicore_buffer: [chip_swimlane_collector.cpp:689] Core 10: skipped 1024 AICore record slot(s) with start_time=0 (race-window write or recycled-buffer tail). buf seq=0 count=1024
[mono_ns=7228904672482858][T0xe00cf0d3aca0][WARN] copy_aicore_buffer: [chip_swimlane_collector.cpp:689] Core 9: skipped 1024 AICore record slot(s) with start_time=0 (race-window write or recycled-buffer tail). buf seq=0 count=1024
[mono_ns=7228904672584138][T0xe00ce57bbca0][WARN] copy_aicore_buffer: [chip_swimlane_collector.cpp:689] Core 11: skipped 1024 AICore record slot(s) with start_time=0 (race-window write or recycled-buffer tail). buf seq=0 count=1024
[mono_ns=7228904672751709][T0xe00ce5fcbca0][WARN] copy_aicore_buffer: [chip_swimlane_collector.cpp:689] Core 44: skipped 1024 AICore record slot(s) with start_time=0 (race-window write or recycled-buffer tail). buf seq=0 count=1024
[mono_ns=7228904672807129][T0xe00cf0d3aca0][WARN] copy_aicore_buffer: [chip_swimlane_collector.cpp:689] Core 42: skipped 1024 AICore record slot(s) with start_time=0 (race-window write or recycled-buffer tail). buf seq=0 count=1024
[mono_ns=7228904672912610][T0xe00ce57bbca0][WARN] copy_aicore_buffer: [chip_swimlane_collector.cpp:689] Core 46: skipped 1024 AICore record slot(s) with start_time=0 (race-window write or recycled-buffer tail). buf seq=0 count=1024
[mono_ns=7228904673083840][T0xe00ce5fcbca0][WARN] copy_aicore_buffer: [chip_swimlane_collector.cpp:689] Core 45: skipped 1024 AICore record slot(s) with start_time=0 (race-window write or recycled-buffer tail). buf seq=0 count=1024
[mono_ns=7228904673262491][T0xe00cf0d3aca0][WARN] copy_aicore_buffer: [chip_swimlane_collector.cpp:689] Core 43: skipped 1024 AICore record slot(s) with start_time=0 (race-window write or recycled-buffer tail). buf seq=0 count=1024
[mono_ns=7228904673265241][T0xe00ce57bbca0][WARN] copy_aicore_buffer: [chip_swimlane_collector.cpp:689] Core 47: skipped 1024 AICore record slot(s) with start_time=0 (race-window write or recycled-buffer tail). buf seq=0 count=1024
[mono_ns=7228904673398262][T0xe00ce5fcbca0][WARN] copy_aicore_buffer: [chip_swimlane_collector.cpp:689] Core 13: skipped 1024 AICore record slot(s) with start_time=0 (race-window write or recycled-buffer tail). buf seq=0 count=1024
[mono_ns=7228904673590553][T0xe00ce57bbca0][WARN] copy_aicore_buffer: [chip_swimlane_collector.cpp:689] Core 14: skipped 1024 AICore record slot(s) with start_time=0 (race-window write or recycled-buffer tail). buf seq=0 count=1024
[mono_ns=7228904673595473][T0xe00cf0d3aca0][WARN] copy_aicore_buffer: [chip_swimlane_collector.cpp:689] Core 12: skipped 1024 AICore record slot(s) with start_time=0 (race-window write or recycled-buffer tail). buf seq=0 count=1024
[mono_ns=7228904673730033][T0xe00ce5fcbca0][WARN] copy_aicore_buffer: [chip_swimlane_collector.cpp:689] Core 50: skipped 1024 AICore record slot(s) with start_time=0 (race-window write or recycled-buffer tail). buf seq=0 count=1024
[mono_ns=7228904673918554][T0xe00ce57bbca0][WARN] copy_aicore_buffer: [chip_swimlane_collector.cpp:689] Core 52: skipped 1024 AICore record slot(s) with start_time=0 (race-window write or recycled-buffer tail). buf seq=0 count=1024
[mono_ns=7228904673919934][T0xe00cf0d3aca0][WARN] copy_aicore_buffer: [chip_swimlane_collector.cpp:689] Core 48: skipped 1024 AICore record slot(s) with start_time=0 (race-window write or recycled-buffer tail). buf seq=0 count=1024
[mono_ns=7228904674131065][T0xe00ce5fcbca0][WARN] copy_aicore_buffer: [chip_swimlane_collector.cpp:689] Core 51: skipped 1024 AICore record slot(s) with start_time=0 (race-window write or recycled-buffer tail). buf seq=0 count=1024
[mono_ns=7228904674254605][T0xe00ce57bbca0][WARN] copy_aicore_buffer: [chip_swimlane_collector.cpp:689] Core 53: skipped 1024 AICore record slot(s) with start_time=0 (race-window write or recycled-buffer tail). buf seq=0 count=1024
[mono_ns=7228904674260075][T0xe00cf0d3aca0][WARN] copy_aicore_buffer: [chip_swimlane_collector.cpp:689] Core 49: skipped 1024 AICore record slot(s) with start_time=0 (race-window write or recycled-buffer tail). buf seq=0 count=1024
[mono_ns=7228904674461486][T0xe00ce5fcbca0][WARN] copy_aicore_buffer: [chip_swimlane_collector.cpp:689] Core 16: skipped 1024 AICore record slot(s) with start_time=0 (race-window write or recycled-buffer tail). buf seq=0 count=1024
[mono_ns=7228904674584767][T0xe00cf0d3aca0][WARN] copy_aicore_buffer: [chip_swimlane_collector.cpp:689] Core 15: skipped 1024 AICore record slot(s) with start_time=0 (race-window write or recycled-buffer tail). buf seq=0 count=1024
[mono_ns=7228904674596407][T0xe00ce57bbca0][WARN] copy_aicore_buffer: [chip_swimlane_collector.cpp:689] Core 17: skipped 1024 AICore record slot(s) with start_time=0 (race-window write or recycled-buffer tail). buf seq=0 count=1024
[mono_ns=7228904674793208][T0xe00ce5fcbca0][WARN] copy_aicore_buffer: [chip_swimlane_collector.cpp:689] Core 56: skipped 1024 AICore record slot(s) with start_time=0 (race-window write or recycled-buffer tail). buf seq=0 count=1024
[mono_ns=7228904674908638][T0xe00cf0d3aca0][WARN] copy_aicore_buffer: [chip_swimlane_collector.cpp:689] Core 54: skipped 1024 AICore record slot(s) with start_time=0 (race-window write or recycled-buffer tail). buf seq=0 count=1024
[mono_ns=7228904674985379][T0xe00ce57bbca0][WARN] copy_aicore_buffer: [chip_swimlane_collector.cpp:689] Core 58: skipped 1024 AICore record slot(s) with start_time=0 (race-window write or recycled-buffer tail). buf seq=0 count=1024
[mono_ns=7228904675134959][T0xe00ce5fcbca0][WARN] copy_aicore_buffer: [chip_swimlane_collector.cpp:689] Core 57: skipped 1024 AICore record slot(s) with start_time=0 (race-window write or recycled-buffer tail). buf seq=0 count=1024
[mono_ns=7228904675256960][T0xe00cf0d3aca0][WARN] copy_aicore_buffer: [chip_swimlane_collector.cpp:689] Core 55: skipped 1024 AICore record slot(s) with start_time=0 (race-window write or recycled-buffer tail). buf seq=0 count=1024
[mono_ns=7228904675338300][T0xe00ce57bbca0][WARN] copy_aicore_buffer: [chip_swimlane_collector.cpp:689] Core 59: skipped 1024 AICore record slot(s) with start_time=0 (race-window write or recycled-buffer tail). buf seq=0 count=1024
[mono_ns=7228904675469701][T0xe00ce5fcbca0][WARN] copy_aicore_buffer: [chip_swimlane_collector.cpp:689] Core 19: skipped 1024 AICore record slot(s) with start_time=0 (race-window write or recycled-buffer tail). buf seq=0 count=1024
[mono_ns=7228904675583391][T0xe00cf0d3aca0][WARN] copy_aicore_buffer: [chip_swimlane_collector.cpp:689] Core 18: skipped 1024 AICore record slot(s) with start_time=0 (race-window write or recycled-buffer tail). buf seq=0 count=1024
[mono_ns=7228904675690352][T0xe00ce57bbca0][WARN] copy_aicore_buffer: [chip_swimlane_collector.cpp:689] Core 20: skipped 1024 AICore record slot(s) with start_time=0 (race-window write or recycled-buffer tail). buf seq=0 count=1024
[mono_ns=7228904675799982][T0xe00ce5fcbca0][WARN] copy_aicore_buffer: [chip_swimlane_collector.cpp:689] Core 62: skipped 1024 AICore record slot(s) with start_time=0 (race-window write or recycled-buffer tail). buf seq=0 count=1024
[mono_ns=7228904675925733][T0xe00cf0d3aca0][WARN] copy_aicore_buffer: [chip_swimlane_collector.cpp:689] Core 60: skipped 1024 AICore record slot(s) with start_time=0 (race-window write or recycled-buffer tail). buf seq=0 count=1024
[mono_ns=7228904676050613][T0xe00ce57bbca0][WARN] copy_aicore_buffer: [chip_swimlane_collector.cpp:689] Core 64: skipped 1024 AICore record slot(s) with start_time=0 (race-window write or recycled-buffer tail). buf seq=0 count=1024
[mono_ns=7228904676139164][T0xe00ce5fcbca0][WARN] copy_aicore_buffer: [chip_swimlane_collector.cpp:689] Core 63: skipped 1024 AICore record slot(s) with start_time=0 (race-window write or recycled-buffer tail). buf seq=0 count=1024
[mono_ns=7228904676269384][T0xe00cf0d3aca0][WARN] copy_aicore_buffer: [chip_swimlane_collector.cpp:689] Core 61: skipped 1024 AICore record slot(s) with start_time=0 (race-window write or recycled-buffer tail). buf seq=0 count=1024
[mono_ns=7228904676394185][T0xe00ce57bbca0][WARN] copy_aicore_buffer: [chip_swimlane_collector.cpp:689] Core 65: skipped 1024 AICore record slot(s) with start_time=0 (race-window write or recycled-buffer tail). buf seq=0 count=1024
[mono_ns=7228904676468365][T0xe00ce5fcbca0][WARN] copy_aicore_buffer: [chip_swimlane_collector.cpp:689] Core 22: skipped 1024 AICore record slot(s) with start_time=0 (race-window write or recycled-buffer tail). buf seq=0 count=1024
[mono_ns=7228904676596076][T0xe00cf0d3aca0][WARN] copy_aicore_buffer: [chip_swimlane_collector.cpp:689] Core 21: skipped 1024 AICore record slot(s) with start_time=0 (race-window write or recycled-buffer tail). buf seq=0 count=1024
[mono_ns=7228904676734106][T0xe00ce57bbca0][WARN] copy_aicore_buffer: [chip_swimlane_collector.cpp:689] Core 23: skipped 1024 AICore record slot(s) with start_time=0 (race-window write or recycled-buffer tail). buf seq=0 count=1024
[mono_ns=7228904676811487][T0xe00ce5fcbca0][WARN] copy_aicore_buffer: [chip_swimlane_collector.cpp:689] Core 68: skipped 1024 AICore record slot(s) with start_time=0 (race-window write or recycled-buffer tail). buf seq=0 count=1024
[mono_ns=7228904676925457][T0xe00cf0d3aca0][WARN] copy_aicore_buffer: [chip_swimlane_collector.cpp:689] Core 66: skipped 1024 AICore record slot(s) with start_time=0 (race-window write or recycled-buffer tail). buf seq=0 count=1024
[mono_ns=7228904677077948][T0xe00ce57bbca0][WARN] copy_aicore_buffer: [chip_swimlane_collector.cpp:689] Core 70: skipped 1024 AICore record slot(s) with start_time=0 (race-window write or recycled-buffer tail). buf seq=0 count=1024
[mono_ns=7228904677148038][T0xe00ce5fcbca0][WARN] copy_aicore_buffer: [chip_swimlane_collector.cpp:689] Core 69: skipped 1024 AICore record slot(s) with start_time=0 (race-window write or recycled-buffer tail). buf seq=0 count=1024
[mono_ns=7228904677262249][T0xe00cf0d3aca0][WARN] copy_aicore_buffer: [chip_swimlane_collector.cpp:689] Core 67: skipped 1024 AICore record slot(s) with start_time=0 (race-window write or recycled-buffer tail). buf seq=0 count=1024
[mono_ns=7228904677415829][T0xe00ce57bbca0][WARN] copy_aicore_buffer: [chip_swimlane_collector.cpp:689] Core 71: skipped 1024 AICore record slot(s) with start_time=0 (race-window write or recycled-buffer tail). buf seq=0 count=1024
[mono_ns=7228904778435867][T0xe00e4254b020][TIMING] emit_host_span: [STRACE] v=1 pid=3843427 tid=3843427 inv=4 hid=db84953f453049e3 depth=1 name=chip.run.runner_run ts=7228904665832108 dur=112595799 
[mono_ns=7228904778547057][T0xe00e4254b020][TIMING] emit_host_span: [STRACE] v=1 pid=3843427 tid=3843427 inv=4 hid=db84953f453049e3 depth=1 name=chip.run.validate ts=7228904778451077 dur=92450 
[mono_ns=7228904778558547][T0xe00e4254b020][TIMING] emit_host_span: [STRACE] v=1 pid=3843427 tid=3843427 inv=4 hid=db84953f453049e3 depth=2 name=chip.run.runner_run.device_wall ts=0 dur=3113420 clk=dev
[mono_ns=7228904778563297][T0xe00e4254b020][TIMING] emit_host_span: [STRACE] v=1 pid=3843427 tid=3843427 inv=4 hid=db84953f453049e3 depth=3 name=chip.run.runner_run.device_wall.preamble ts=0 dur=109000 clk=dev
[mono_ns=7228904778567897][T0xe00e4254b020][TIMING] emit_host_span: [STRACE] v=1 pid=3843427 tid=3843427 inv=4 hid=db84953f453049e3 depth=3 name=chip.run.runner_run.device_wall.graph_build ts=103640 dur=2999640 clk=dev
[mono_ns=7228904778571507][T0xe00e4254b020][TIMING] emit_host_span: [STRACE] v=1 pid=3843427 tid=3843427 inv=4 hid=db84953f453049e3 depth=3 name=chip.run.runner_run.device_wall.config_validate ts=103780 dur=760 clk=dev
[mono_ns=7228904778575947][T0xe00e4254b020][TIMING] emit_host_span: [STRACE] v=1 pid=3843427 tid=3843427 inv=4 hid=db84953f453049e3 depth=3 name=chip.run.runner_run.device_wall.arena_wire ts=104740 dur=339 clk=dev
[mono_ns=7228904778604138][T0xe00e4254b020][TIMING] emit_host_span: [STRACE] v=1 pid=3843427 tid=3843427 inv=4 hid=db84953f453049e3 depth=3 name=chip.run.runner_run.device_wall.sm_reset ts=105100 dur=1080 clk=dev
[mono_ns=7228904778607198][T0xe00e4254b020][TIMING] emit_host_span: [STRACE] v=1 pid=3843427 tid=3843427 inv=4 hid=db84953f453049e3 depth=3 name=chip.run.runner_run.device_wall.post_orch ts=3103340 dur=9420 clk=dev
[mono_ns=7228904778610838][T0xe00e4254b020][TIMING] emit_host_span: [STRACE] v=1 pid=3843427 tid=3843427 inv=4 hid=db84953f453049e3 depth=3 name=chip.run.runner_run.device_wall.orch ts=106220 dur=3719 clk=dev
[mono_ns=7228904778614698][T0xe00e4254b020][TIMING] emit_host_span: [STRACE] v=1 pid=3843427 tid=3843427 inv=4 hid=db84953f453049e3 depth=3 name=chip.run.runner_run.device_wall.sched ts=109120 dur=2968620 clk=dev
[mono_ns=7228904778619098][T0xe00e4254b020][TIMING] emit_host_span: [STRACE] v=1 pid=3843427 tid=3843427 inv=4 hid=db84953f453049e3 depth=1 name=chip.run.claim_release ts=7228904778616688 dur=440 
[mono_ns=7228904778623968][T0xe00e4254b020][TIMING] emit_host_span: [STRACE] v=1 pid=3843427 tid=3843427 inv=4 hid=db84953f453049e3 depth=0 name=chip.run ts=7228904664148021 dur=114473927 run_id=4 dispatch_id=4 slot_id=0 generation=4 run_epoch=4
[mono_ns=7228909627256891][T0xe00e4254b020][TIMING] emit_host_span: [STRACE] v=1 pid=3843427 tid=3843427 inv=5 hid=db84953f453049e3 depth=2 name=chip.run.bind.args ts=7228909627108981 dur=140570 
[mono_ns=7228909627278221][T0xe00e4254b020][TIMING] emit_host_span: [STRACE] v=1 pid=3843427 tid=3843427 inv=5 hid=db84953f453049e3 depth=2 name=chip.run.bind.prebuilt ts=7228909627271291 dur=4180 
[mono_ns=7228909627329742][T0xe00e4254b020][TIMING] emit_host_span: [STRACE] v=1 pid=3843427 tid=3843427 inv=5 hid=db84953f453049e3 depth=1 name=chip.run.bind ts=7228909627094580 dur=231982 
[mono_ns=7228909732212447][T0xe00e4254b020][TIMING] emit_host_span: [STRACE] v=1 pid=3843427 tid=3843427 inv=5 hid=db84953f453049e3 depth=1 name=chip.run.runner_run ts=7228909627613703 dur=104587474 
[mono_ns=7228909732335668][T0xe00e4254b020][TIMING] emit_host_span: [STRACE] v=1 pid=3843427 tid=3843427 inv=5 hid=db84953f453049e3 depth=1 name=chip.run.validate ts=7228909732228107 dur=103521 
[mono_ns=7228909732347828][T0xe00e4254b020][TIMING] emit_host_span: [STRACE] v=1 pid=3843427 tid=3843427 inv=5 hid=db84953f453049e3 depth=2 name=chip.run.runner_run.device_wall ts=0 dur=3889960 clk=dev
[mono_ns=7228909732352668][T0xe00e4254b020][TIMING] emit_host_span: [STRACE] v=1 pid=3843427 tid=3843427 inv=5 hid=db84953f453049e3 depth=3 name=chip.run.runner_run.device_wall.preamble ts=0 dur=7520 clk=dev
[mono_ns=7228909732357028][T0xe00e4254b020][TIMING] emit_host_span: [STRACE] v=1 pid=3843427 tid=3843427 inv=5 hid=db84953f453049e3 depth=3 name=chip.run.runner_run.device_wall.graph_build ts=2139 dur=3877060 clk=dev
[mono_ns=7228909732360168][T0xe00e4254b020][TIMING] emit_host_span: [STRACE] v=1 pid=3843427 tid=3843427 inv=5 hid=db84953f453049e3 depth=3 name=chip.run.runner_run.device_wall.config_validate ts=2440 dur=1480 clk=dev
[mono_ns=7228909732363988][T0xe00e4254b020][TIMING] emit_host_span: [STRACE] v=1 pid=3843427 tid=3843427 inv=5 hid=db84953f453049e3 depth=3 name=chip.run.runner_run.device_wall.arena_wire ts=3940 dur=1200 clk=dev
[mono_ns=7228909732408468][T0xe00e4254b020][TIMING] emit_host_span: [STRACE] v=1 pid=3843427 tid=3843427 inv=5 hid=db84953f453049e3 depth=3 name=chip.run.runner_run.device_wall.sm_reset ts=5180 dur=2000 clk=dev
[mono_ns=7228909732411998][T0xe00e4254b020][TIMING] emit_host_span: [STRACE] v=1 pid=3843427 tid=3843427 inv=5 hid=db84953f453049e3 depth=3 name=chip.run.runner_run.device_wall.post_orch ts=3879259 dur=10299 clk=dev
[mono_ns=7228909732415158][T0xe00e4254b020][TIMING] emit_host_span: [STRACE] v=1 pid=3843427 tid=3843427 inv=5 hid=db84953f453049e3 depth=3 name=chip.run.runner_run.device_wall.orch ts=8219 dur=9400 clk=dev
[mono_ns=7228909732419198][T0xe00e4254b020][TIMING] emit_host_span: [STRACE] v=1 pid=3843427 tid=3843427 inv=5 hid=db84953f453049e3 depth=3 name=chip.run.runner_run.device_wall.sched ts=8039 dur=3863200 clk=dev
[mono_ns=7228909732425138][T0xe00e4254b020][TIMING] emit_host_span: [STRACE] v=1 pid=3843427 tid=3843427 inv=5 hid=db84953f453049e3 depth=1 name=chip.run.claim_release ts=7228909732422528 dur=750 
[mono_ns=7228909732430258][T0xe00e4254b020][TIMING] emit_host_span: [STRACE] v=1 pid=3843427 tid=3843427 inv=5 hid=db84953f453049e3 depth=0 name=chip.run ts=7228909626997890 dur=105430368 run_id=5 dispatch_id=5 slot_id=0 generation=5 run_epoch=5
[mono_ns=7228909744371371][T0xe00e4254b020][TIMING] emit_host_span: [STRACE] v=1 pid=3843427 tid=3843427 inv=6 hid=db84953f453049e3 depth=2 name=chip.run.bind.args ts=7228909744245210 dur=121301 
[mono_ns=7228909744389641][T0xe00e4254b020][TIMING] emit_host_span: [STRACE] v=1 pid=3843427 tid=3843427 inv=6 hid=db84953f453049e3 depth=2 name=chip.run.bind.prebuilt ts=7228909744383071 dur=4390 
[mono_ns=7228909744422141][T0xe00e4254b020][TIMING] emit_host_span: [STRACE] v=1 pid=3843427 tid=3843427 inv=6 hid=db84953f453049e3 depth=1 name=chip.run.bind ts=7228909744233280 dur=185931 
[mono_ns=7228909749073892][T0xe00ce5fcbca0][WARN] copy_aicore_buffer: [chip_swimlane_collector.cpp:689] Core 1: skipped 1024 AICore record slot(s) with start_time=0 (race-window write or recycled-buffer tail). buf seq=0 count=1024
[mono_ns=7228909749085042][T0xe00ce57bbca0][WARN] copy_aicore_buffer: [chip_swimlane_collector.cpp:689] Core 2: skipped 1024 AICore record slot(s) with start_time=0 (race-window write or recycled-buffer tail). buf seq=0 count=1024
[mono_ns=7228909749122772][T0xe00cf0d3aca0][WARN] copy_aicore_buffer: [chip_swimlane_collector.cpp:689] Core 0: skipped 1024 AICore record slot(s) with start_time=0 (race-window write or recycled-buffer tail). buf seq=0 count=1024
[mono_ns=7228909749411213][T0xe00ce5fcbca0][WARN] copy_aicore_buffer: [chip_swimlane_collector.cpp:689] Core 26: skipped 1023 AICore record slot(s) with start_time=0 (race-window write or recycled-buffer tail). buf seq=0 count=1024
[mono_ns=7228909749424753][T0xe00ce57bbca0][WARN] copy_aicore_buffer: [chip_swimlane_collector.cpp:689] Core 28: skipped 1022 AICore record slot(s) with start_time=0 (race-window write or recycled-buffer tail). buf seq=0 count=1024
[mono_ns=7228909749436493][T0xe00cf0d3aca0][WARN] copy_aicore_buffer: [chip_swimlane_collector.cpp:689] Core 24: skipped 1024 AICore record slot(s) with start_time=0 (race-window write or recycled-buffer tail). buf seq=0 count=1024
[mono_ns=7228909749726655][T0xe00ce5fcbca0][WARN] copy_aicore_buffer: [chip_swimlane_collector.cpp:689] Core 27: skipped 1024 AICore record slot(s) with start_time=0 (race-window write or recycled-buffer tail). buf seq=0 count=1024
[mono_ns=7228909749777965][T0xe00ce57bbca0][WARN] copy_aicore_buffer: [chip_swimlane_collector.cpp:689] Core 29: skipped 1024 AICore record slot(s) with start_time=0 (race-window write or recycled-buffer tail). buf seq=0 count=1024
[mono_ns=7228909749813255][T0xe00cf0d3aca0][WARN] copy_aicore_buffer: [chip_swimlane_collector.cpp:689] Core 25: skipped 1024 AICore record slot(s) with start_time=0 (race-window write or recycled-buffer tail). buf seq=0 count=1024
[mono_ns=7228909750051816][T0xe00ce5fcbca0][WARN] copy_aicore_buffer: [chip_swimlane_collector.cpp:689] Core 4: skipped 1024 AICore record slot(s) with start_time=0 (race-window write or recycled-buffer tail). buf seq=0 count=1024
[mono_ns=7228909750123357][T0xe00ce57bbca0][WARN] copy_aicore_buffer: [chip_swimlane_collector.cpp:689] Core 5: skipped 1024 AICore record slot(s) with start_time=0 (race-window write or recycled-buffer tail). buf seq=0 count=1024
[mono_ns=7228909750137557][T0xe00cf0d3aca0][WARN] copy_aicore_buffer: [chip_swimlane_collector.cpp:689] Core 3: skipped 1024 AICore record slot(s) with start_time=0 (race-window write or recycled-buffer tail). buf seq=0 count=1024
[mono_ns=7228909750365708][T0xe00ce5fcbca0][WARN] copy_aicore_buffer: [chip_swimlane_collector.cpp:689] Core 32: skipped 1024 AICore record slot(s) with start_time=0 (race-window write or recycled-buffer tail). buf seq=0 count=1024
[mono_ns=7228909750451998][T0xe00ce57bbca0][WARN] copy_aicore_buffer: [chip_swimlane_collector.cpp:689] Core 34: skipped 1024 AICore record slot(s) with start_time=0 (race-window write or recycled-buffer tail). buf seq=0 count=1024
[mono_ns=7228909750449218][T0xe00cf0d3aca0][WARN] copy_aicore_buffer: [chip_swimlane_collector.cpp:689] Core 30: skipped 1024 AICore record slot(s) with start_time=0 (race-window write or recycled-buffer tail). buf seq=0 count=1024
[mono_ns=7228909750679269][T0xe00ce5fcbca0][WARN] copy_aicore_buffer: [chip_swimlane_collector.cpp:689] Core 33: skipped 1024 AICore record slot(s) with start_time=0 (race-window write or recycled-buffer tail). buf seq=0 count=1024
[mono_ns=7228909750791580][T0xe00ce57bbca0][WARN] copy_aicore_buffer: [chip_swimlane_collector.cpp:689] Core 35: skipped 1024 AICore record slot(s) with start_time=0 (race-window write or recycled-buffer tail). buf seq=0 count=1024
[mono_ns=7228909750800530][T0xe00cf0d3aca0][WARN] copy_aicore_buffer: [chip_swimlane_collector.cpp:689] Core 31: skipped 1024 AICore record slot(s) with start_time=0 (race-window write or recycled-buffer tail). buf seq=0 count=1024
[mono_ns=7228909750993610][T0xe00ce5fcbca0][WARN] copy_aicore_buffer: [chip_swimlane_collector.cpp:689] Core 7: skipped 1024 AICore record slot(s) with start_time=0 (race-window write or recycled-buffer tail). buf seq=0 count=1024
[mono_ns=7228909751121211][T0xe00cf0d3aca0][WARN] copy_aicore_buffer: [chip_swimlane_collector.cpp:689] Core 6: skipped 1024 AICore record slot(s) with start_time=0 (race-window write or recycled-buffer tail). buf seq=0 count=1024
[mono_ns=7228909751128801][T0xe00ce57bbca0][WARN] copy_aicore_buffer: [chip_swimlane_collector.cpp:689] Core 8: skipped 1024 AICore record slot(s) with start_time=0 (race-window write or recycled-buffer tail). buf seq=0 count=1024
[mono_ns=7228909751315782][T0xe00ce5fcbca0][WARN] copy_aicore_buffer: [chip_swimlane_collector.cpp:689] Core 38: skipped 1024 AICore record slot(s) with start_time=0 (race-window write or recycled-buffer tail). buf seq=0 count=1024
[mono_ns=7228909751432522][T0xe00cf0d3aca0][WARN] copy_aicore_buffer: [chip_swimlane_collector.cpp:689] Core 36: skipped 1024 AICore record slot(s) with start_time=0 (race-window write or recycled-buffer tail). buf seq=0 count=1024
[mono_ns=7228909751452692][T0xe00ce57bbca0][WARN] copy_aicore_buffer: [chip_swimlane_collector.cpp:689] Core 40: skipped 1024 AICore record slot(s) with start_time=0 (race-window write or recycled-buffer tail). buf seq=0 count=1024
[mono_ns=7228909751645713][T0xe00ce5fcbca0][WARN] copy_aicore_buffer: [chip_swimlane_collector.cpp:689] Core 39: skipped 1024 AICore record slot(s) with start_time=0 (race-window write or recycled-buffer tail). buf seq=0 count=1024
[mono_ns=7228909751744494][T0xe00cf0d3aca0][WARN] copy_aicore_buffer: [chip_swimlane_collector.cpp:689] Core 37: skipped 1024 AICore record slot(s) with start_time=0 (race-window write or recycled-buffer tail). buf seq=0 count=1024
[mono_ns=7228909751782374][T0xe00ce57bbca0][WARN] copy_aicore_buffer: [chip_swimlane_collector.cpp:689] Core 41: skipped 1024 AICore record slot(s) with start_time=0 (race-window write or recycled-buffer tail). buf seq=0 count=1024
[mono_ns=7228909751958695][T0xe00ce5fcbca0][WARN] copy_aicore_buffer: [chip_swimlane_collector.cpp:689] Core 10: skipped 1024 AICore record slot(s) with start_time=0 (race-window write or recycled-buffer tail). buf seq=0 count=1024
[mono_ns=7228909752061045][T0xe00cf0d3aca0][WARN] copy_aicore_buffer: [chip_swimlane_collector.cpp:689] Core 9: skipped 1024 AICore record slot(s) with start_time=0 (race-window write or recycled-buffer tail). buf seq=0 count=1024
[mono_ns=7228909752122105][T0xe00ce57bbca0][WARN] copy_aicore_buffer: [chip_swimlane_collector.cpp:689] Core 11: skipped 1024 AICore record slot(s) with start_time=0 (race-window write or recycled-buffer tail). buf seq=0 count=1024
[mono_ns=7228909752276656][T0xe00ce5fcbca0][WARN] copy_aicore_buffer: [chip_swimlane_collector.cpp:689] Core 44: skipped 1024 AICore record slot(s) with start_time=0 (race-window write or recycled-buffer tail). buf seq=0 count=1024
[mono_ns=7228909752372067][T0xe00cf0d3aca0][WARN] copy_aicore_buffer: [chip_swimlane_collector.cpp:689] Core 42: skipped 1024 AICore record slot(s) with start_time=0 (race-window write or recycled-buffer tail). buf seq=0 count=1024
[mono_ns=7228909752465647][T0xe00ce57bbca0][WARN] copy_aicore_buffer: [chip_swimlane_collector.cpp:689] Core 46: skipped 1024 AICore record slot(s) with start_time=0 (race-window write or recycled-buffer tail). buf seq=0 count=1024
[mono_ns=7228909752589037][T0xe00ce5fcbca0][WARN] copy_aicore_buffer: [chip_swimlane_collector.cpp:689] Core 45: skipped 1024 AICore record slot(s) with start_time=0 (race-window write or recycled-buffer tail). buf seq=0 count=1024
[mono_ns=7228909752685218][T0xe00cf0d3aca0][WARN] copy_aicore_buffer: [chip_swimlane_collector.cpp:689] Core 43: skipped 1024 AICore record slot(s) with start_time=0 (race-window write or recycled-buffer tail). buf seq=0 count=1024
[mono_ns=7228909752795068][T0xe00ce57bbca0][WARN] copy_aicore_buffer: [chip_swimlane_collector.cpp:689] Core 47: skipped 1024 AICore record slot(s) with start_time=0 (race-window write or recycled-buffer tail). buf seq=0 count=1024
[mono_ns=7228909752900919][T0xe00ce5fcbca0][WARN] copy_aicore_buffer: [chip_swimlane_collector.cpp:689] Core 13: skipped 1024 AICore record slot(s) with start_time=0 (race-window write or recycled-buffer tail). buf seq=0 count=1024
[mono_ns=7228909752996549][T0xe00cf0d3aca0][WARN] copy_aicore_buffer: [chip_swimlane_collector.cpp:689] Core 12: skipped 1024 AICore record slot(s) with start_time=0 (race-window write or recycled-buffer tail). buf seq=0 count=1024
[mono_ns=7228909753134910][T0xe00ce57bbca0][WARN] copy_aicore_buffer: [chip_swimlane_collector.cpp:689] Core 14: skipped 1024 AICore record slot(s) with start_time=0 (race-window write or recycled-buffer tail). buf seq=0 count=1024
[mono_ns=7228909753250770][T0xe00ce5fcbca0][WARN] copy_aicore_buffer: [chip_swimlane_collector.cpp:689] Core 50: skipped 1024 AICore record slot(s) with start_time=0 (race-window write or recycled-buffer tail). buf seq=0 count=1024
[mono_ns=7228909753321141][T0xe00cf0d3aca0][WARN] copy_aicore_buffer: [chip_swimlane_collector.cpp:689] Core 48: skipped 1024 AICore record slot(s) with start_time=0 (race-window write or recycled-buffer tail). buf seq=0 count=1024
[mono_ns=7228909753464301][T0xe00ce57bbca0][WARN] copy_aicore_buffer: [chip_swimlane_collector.cpp:689] Core 52: skipped 1024 AICore record slot(s) with start_time=0 (race-window write or recycled-buffer tail). buf seq=0 count=1024
[mono_ns=7228909753565102][T0xe00ce5fcbca0][WARN] copy_aicore_buffer: [chip_swimlane_collector.cpp:689] Core 51: skipped 1024 AICore record slot(s) with start_time=0 (race-window write or recycled-buffer tail). buf seq=0 count=1024
[mono_ns=7228909753631812][T0xe00cf0d3aca0][WARN] copy_aicore_buffer: [chip_swimlane_collector.cpp:689] Core 49: skipped 1024 AICore record slot(s) with start_time=0 (race-window write or recycled-buffer tail). buf seq=0 count=1024
[mono_ns=7228909753813093][T0xe00ce57bbca0][WARN] copy_aicore_buffer: [chip_swimlane_collector.cpp:689] Core 53: skipped 1024 AICore record slot(s) with start_time=0 (race-window write or recycled-buffer tail). buf seq=0 count=1024
[mono_ns=7228909753877933][T0xe00ce5fcbca0][WARN] copy_aicore_buffer: [chip_swimlane_collector.cpp:689] Core 16: skipped 1024 AICore record slot(s) with start_time=0 (race-window write or recycled-buffer tail). buf seq=0 count=1024
[mono_ns=7228909753943984][T0xe00cf0d3aca0][WARN] copy_aicore_buffer: [chip_swimlane_collector.cpp:689] Core 15: skipped 1024 AICore record slot(s) with start_time=0 (race-window write or recycled-buffer tail). buf seq=0 count=1024
[mono_ns=7228909754192585][T0xe00ce57bbca0][WARN] copy_aicore_buffer: [chip_swimlane_collector.cpp:689] Core 17: skipped 1024 AICore record slot(s) with start_time=0 (race-window write or recycled-buffer tail). buf seq=0 count=1024
[mono_ns=7228909754198535][T0xe00ce5fcbca0][WARN] copy_aicore_buffer: [chip_swimlane_collector.cpp:689] Core 56: skipped 1024 AICore record slot(s) with start_time=0 (race-window write or recycled-buffer tail). buf seq=0 count=1024
[mono_ns=7228909754271035][T0xe00cf0d3aca0][WARN] copy_aicore_buffer: [chip_swimlane_collector.cpp:689] Core 54: skipped 1024 AICore record slot(s) with start_time=0 (race-window write or recycled-buffer tail). buf seq=0 count=1024
[mono_ns=7228909754513756][T0xe00ce5fcbca0][WARN] copy_aicore_buffer: [chip_swimlane_collector.cpp:689] Core 57: skipped 1024 AICore record slot(s) with start_time=0 (race-window write or recycled-buffer tail). buf seq=0 count=1024
[mono_ns=7228909754522236][T0xe00ce57bbca0][WARN] copy_aicore_buffer: [chip_swimlane_collector.cpp:689] Core 58: skipped 1024 AICore record slot(s) with start_time=0 (race-window write or recycled-buffer tail). buf seq=0 count=1024
[mono_ns=7228909754581946][T0xe00cf0d3aca0][WARN] copy_aicore_buffer: [chip_swimlane_collector.cpp:689] Core 55: skipped 1024 AICore record slot(s) with start_time=0 (race-window write or recycled-buffer tail). buf seq=0 count=1024
[mono_ns=7228909754826697][T0xe00ce5fcbca0][WARN] copy_aicore_buffer: [chip_swimlane_collector.cpp:689] Core 19: skipped 1024 AICore record slot(s) with start_time=0 (race-window write or recycled-buffer tail). buf seq=0 count=1024
[mono_ns=7228909754844538][T0xe00ce57bbca0][WARN] copy_aicore_buffer: [chip_swimlane_collector.cpp:689] Core 59: skipped 1024 AICore record slot(s) with start_time=0 (race-window write or recycled-buffer tail). buf seq=0 count=1024
[mono_ns=7228909754904448][T0xe00cf0d3aca0][WARN] copy_aicore_buffer: [chip_swimlane_collector.cpp:689] Core 18: skipped 1024 AICore record slot(s) with start_time=0 (race-window write or recycled-buffer tail). buf seq=0 count=1024
[mono_ns=7228909755157809][T0xe00ce5fcbca0][WARN] copy_aicore_buffer: [chip_swimlane_collector.cpp:689] Core 62: skipped 1024 AICore record slot(s) with start_time=0 (race-window write or recycled-buffer tail). buf seq=0 count=1024
[mono_ns=7228909755182199][T0xe00ce57bbca0][WARN] copy_aicore_buffer: [chip_swimlane_collector.cpp:689] Core 20: skipped 1024 AICore record slot(s) with start_time=0 (race-window write or recycled-buffer tail). buf seq=0 count=1024
[mono_ns=7228909755230229][T0xe00cf0d3aca0][WARN] copy_aicore_buffer: [chip_swimlane_collector.cpp:689] Core 60: skipped 1024 AICore record slot(s) with start_time=0 (race-window write or recycled-buffer tail). buf seq=0 count=1024
[mono_ns=7228909755470450][T0xe00ce5fcbca0][WARN] copy_aicore_buffer: [chip_swimlane_collector.cpp:689] Core 63: skipped 1024 AICore record slot(s) with start_time=0 (race-window write or recycled-buffer tail). buf seq=0 count=1024
[mono_ns=7228909755510630][T0xe00ce57bbca0][WARN] copy_aicore_buffer: [chip_swimlane_collector.cpp:689] Core 64: skipped 1024 AICore record slot(s) with start_time=0 (race-window write or recycled-buffer tail). buf seq=0 count=1024
[mono_ns=7228909755543051][T0xe00cf0d3aca0][WARN] copy_aicore_buffer: [chip_swimlane_collector.cpp:689] Core 61: skipped 1024 AICore record slot(s) with start_time=0 (race-window write or recycled-buffer tail). buf seq=0 count=1024
[mono_ns=7228909755782712][T0xe00ce5fcbca0][WARN] copy_aicore_buffer: [chip_swimlane_collector.cpp:689] Core 22: skipped 1024 AICore record slot(s) with start_time=0 (race-window write or recycled-buffer tail). buf seq=0 count=1024
[mono_ns=7228909755851852][T0xe00cf0d3aca0][WARN] copy_aicore_buffer: [chip_swimlane_collector.cpp:689] Core 21: skipped 1024 AICore record slot(s) with start_time=0 (race-window write or recycled-buffer tail). buf seq=0 count=1024
[mono_ns=7228909755855702][T0xe00ce57bbca0][WARN] copy_aicore_buffer: [chip_swimlane_collector.cpp:689] Core 65: skipped 1024 AICore record slot(s) with start_time=0 (race-window write or recycled-buffer tail). buf seq=0 count=1024
[mono_ns=7228909756105623][T0xe00ce5fcbca0][WARN] copy_aicore_buffer: [chip_swimlane_collector.cpp:689] Core 68: skipped 1024 AICore record slot(s) with start_time=0 (race-window write or recycled-buffer tail). buf seq=0 count=1024
[mono_ns=7228909756169583][T0xe00cf0d3aca0][WARN] copy_aicore_buffer: [chip_swimlane_collector.cpp:689] Core 66: skipped 1024 AICore record slot(s) with start_time=0 (race-window write or recycled-buffer tail). buf seq=0 count=1024
[mono_ns=7228909756194473][T0xe00ce57bbca0][WARN] copy_aicore_buffer: [chip_swimlane_collector.cpp:689] Core 23: skipped 1024 AICore record slot(s) with start_time=0 (race-window write or recycled-buffer tail). buf seq=0 count=1024
[mono_ns=7228909756418054][T0xe00ce5fcbca0][WARN] copy_aicore_buffer: [chip_swimlane_collector.cpp:689] Core 69: skipped 1024 AICore record slot(s) with start_time=0 (race-window write or recycled-buffer tail). buf seq=0 count=1024
[mono_ns=7228909756480275][T0xe00cf0d3aca0][WARN] copy_aicore_buffer: [chip_swimlane_collector.cpp:689] Core 67: skipped 1024 AICore record slot(s) with start_time=0 (race-window write or recycled-buffer tail). buf seq=0 count=1024
[mono_ns=7228909756550765][T0xe00ce57bbca0][WARN] copy_aicore_buffer: [chip_swimlane_collector.cpp:689] Core 70: skipped 1024 AICore record slot(s) with start_time=0 (race-window write or recycled-buffer tail). buf seq=0 count=1024
[mono_ns=7228909756882107][T0xe00ce57bbca0][WARN] copy_aicore_buffer: [chip_swimlane_collector.cpp:689] Core 71: skipped 1024 AICore record slot(s) with start_time=0 (race-window write or recycled-buffer tail). buf seq=0 count=1024
[mono_ns=7228909857465123][T0xe00e4254b020][TIMING] emit_host_span: [STRACE] v=1 pid=3843427 tid=3843427 inv=6 hid=db84953f453049e3 depth=1 name=chip.run.runner_run ts=7228909744737843 dur=112720400 
[mono_ns=7228909857574683][T0xe00e4254b020][TIMING] emit_host_span: [STRACE] v=1 pid=3843427 tid=3843427 inv=6 hid=db84953f453049e3 depth=1 name=chip.run.validate ts=7228909857478993 dur=92290 
[mono_ns=7228909857585724][T0xe00e4254b020][TIMING] emit_host_span: [STRACE] v=1 pid=3843427 tid=3843427 inv=6 hid=db84953f453049e3 depth=2 name=chip.run.runner_run.device_wall ts=0 dur=3828940 clk=dev
[mono_ns=7228909857590984][T0xe00e4254b020][TIMING] emit_host_span: [STRACE] v=1 pid=3843427 tid=3843427 inv=6 hid=db84953f453049e3 depth=3 name=chip.run.runner_run.device_wall.preamble ts=0 dur=105740 clk=dev
[mono_ns=7228909857630514][T0xe00e4254b020][TIMING] emit_host_span: [STRACE] v=1 pid=3843427 tid=3843427 inv=6 hid=db84953f453049e3 depth=3 name=chip.run.runner_run.device_wall.graph_build ts=101039 dur=3718740 clk=dev
[mono_ns=7228909857634464][T0xe00e4254b020][TIMING] emit_host_span: [STRACE] v=1 pid=3843427 tid=3843427 inv=6 hid=db84953f453049e3 depth=3 name=chip.run.runner_run.device_wall.config_validate ts=101160 dur=820 clk=dev
[mono_ns=7228909857637894][T0xe00e4254b020][TIMING] emit_host_span: [STRACE] v=1 pid=3843427 tid=3843427 inv=6 hid=db84953f453049e3 depth=3 name=chip.run.runner_run.device_wall.arena_wire ts=102020 dur=339 clk=dev
[mono_ns=7228909857641274][T0xe00e4254b020][TIMING] emit_host_span: [STRACE] v=1 pid=3843427 tid=3843427 inv=6 hid=db84953f453049e3 depth=3 name=chip.run.runner_run.device_wall.sm_reset ts=102420 dur=960 clk=dev
[mono_ns=7228909857644584][T0xe00e4254b020][TIMING] emit_host_span: [STRACE] v=1 pid=3843427 tid=3843427 inv=6 hid=db84953f453049e3 depth=3 name=chip.run.runner_run.device_wall.post_orch ts=3819819 dur=9000 clk=dev
[mono_ns=7228909857648484][T0xe00e4254b020][TIMING] emit_host_span: [STRACE] v=1 pid=3843427 tid=3843427 inv=6 hid=db84953f453049e3 depth=3 name=chip.run.runner_run.device_wall.orch ts=103440 dur=4340 clk=dev
[mono_ns=7228909857651354][T0xe00e4254b020][TIMING] emit_host_span: [STRACE] v=1 pid=3843427 tid=3843427 inv=6 hid=db84953f453049e3 depth=3 name=chip.run.runner_run.device_wall.sched ts=106180 dur=3688879 clk=dev
[mono_ns=7228909857655124][T0xe00e4254b020][TIMING] emit_host_span: [STRACE] v=1 pid=3843427 tid=3843427 inv=6 hid=db84953f453049e3 depth=1 name=chip.run.claim_release ts=7228909857653074 dur=280 
[mono_ns=7228909857677634][T0xe00e4254b020][TIMING] emit_host_span: [STRACE] v=1 pid=3843427 tid=3843427 inv=6 hid=db84953f453049e3 depth=0 name=chip.run ts=7228909744184820 dur=113489934 run_id=6 dispatch_id=6 slot_id=0 generation=6 run_epoch=6
[mono_ns=7228914693991590][T0xe00e4254b020][TIMING] emit_host_span: [STRACE] v=1 pid=3843427 tid=3843427 inv=7 hid=db84953f453049e3 depth=2 name=chip.run.bind.args ts=7228914693828090 dur=156210 
[mono_ns=7228914694024581][T0xe00e4254b020][TIMING] emit_host_span: [STRACE] v=1 pid=3843427 tid=3843427 inv=7 hid=db84953f453049e3 depth=2 name=chip.run.bind.prebuilt ts=7228914694015340 dur=6411 
[mono_ns=7228914694030681][T0xe00e4254b020][TIMING] emit_host_span: [STRACE] v=1 pid=3843427 tid=3843427 inv=7 hid=db84953f453049e3 depth=1 name=chip.run.bind ts=7228914693815420 dur=212641 
[mono_ns=7228914802478483][T0xe00e4254b020][TIMING] emit_host_span: [STRACE] v=1 pid=3843427 tid=3843427 inv=7 hid=db84953f453049e3 depth=1 name=chip.run.runner_run ts=7228914694323462 dur=108142861 
[mono_ns=7228914802603303][T0xe00e4254b020][TIMING] emit_host_span: [STRACE] v=1 pid=3843427 tid=3843427 inv=7 hid=db84953f453049e3 depth=1 name=chip.run.validate ts=7228914802494193 dur=105010 
[mono_ns=7228914802615774][T0xe00e4254b020][TIMING] emit_host_span: [STRACE] v=1 pid=3843427 tid=3843427 inv=7 hid=db84953f453049e3 depth=2 name=chip.run.runner_run.device_wall ts=0 dur=7852240 clk=dev
[mono_ns=7228914802620524][T0xe00e4254b020][TIMING] emit_host_span: [STRACE] v=1 pid=3843427 tid=3843427 inv=7 hid=db84953f453049e3 depth=3 name=chip.run.runner_run.device_wall.preamble ts=0 dur=11260 clk=dev
[mono_ns=7228914802670254][T0xe00e4254b020][TIMING] emit_host_span: [STRACE] v=1 pid=3843427 tid=3843427 inv=7 hid=db84953f453049e3 depth=3 name=chip.run.runner_run.device_wall.graph_build ts=2480 dur=7839360 clk=dev
[mono_ns=7228914802674094][T0xe00e4254b020][TIMING] emit_host_span: [STRACE] v=1 pid=3843427 tid=3843427 inv=7 hid=db84953f453049e3 depth=3 name=chip.run.runner_run.device_wall.config_validate ts=3400 dur=860 clk=dev
[mono_ns=7228914802678274][T0xe00e4254b020][TIMING] emit_host_span: [STRACE] v=1 pid=3843427 tid=3843427 inv=7 hid=db84953f453049e3 depth=3 name=chip.run.runner_run.device_wall.arena_wire ts=4279 dur=1240 clk=dev
[mono_ns=7228914802681204][T0xe00e4254b020][TIMING] emit_host_span: [STRACE] v=1 pid=3843427 tid=3843427 inv=7 hid=db84953f453049e3 depth=3 name=chip.run.runner_run.device_wall.sm_reset ts=5720 dur=2520 clk=dev
[mono_ns=7228914802685564][T0xe00e4254b020][TIMING] emit_host_span: [STRACE] v=1 pid=3843427 tid=3843427 inv=7 hid=db84953f453049e3 depth=3 name=chip.run.runner_run.device_wall.post_orch ts=7841880 dur=10040 clk=dev
[mono_ns=7228914802688874][T0xe00e4254b020][TIMING] emit_host_span: [STRACE] v=1 pid=3843427 tid=3843427 inv=7 hid=db84953f453049e3 depth=3 name=chip.run.runner_run.device_wall.orch ts=9300 dur=10960 clk=dev
[mono_ns=7228914802692824][T0xe00e4254b020][TIMING] emit_host_span: [STRACE] v=1 pid=3843427 tid=3843427 inv=7 hid=db84953f453049e3 depth=3 name=chip.run.runner_run.device_wall.sched ts=12080 dur=7821659 clk=dev
[mono_ns=7228914802719554][T0xe00e4254b020][TIMING] emit_host_span: [STRACE] v=1 pid=3843427 tid=3843427 inv=7 hid=db84953f453049e3 depth=1 name=chip.run.claim_release ts=7228914802716594 dur=810 
[mono_ns=7228914802725674][T0xe00e4254b020][TIMING] emit_host_span: [STRACE] v=1 pid=3843427 tid=3843427 inv=7 hid=db84953f453049e3 depth=0 name=chip.run ts=7228914693734019 dur=108989505 run_id=7 dispatch_id=7 slot_id=0 generation=7 run_epoch=7
[mono_ns=7228914853804281][T0xe00e4254b020][TIMING] emit_host_span: [STRACE] v=1 pid=3843427 tid=3843427 inv=8 hid=db84953f453049e3 depth=2 name=chip.run.bind.args ts=7228914853667781 dur=130980 
[mono_ns=7228914853822931][T0xe00e4254b020][TIMING] emit_host_span: [STRACE] v=1 pid=3843427 tid=3843427 inv=8 hid=db84953f453049e3 depth=2 name=chip.run.bind.prebuilt ts=7228914853816121 dur=4230 
[mono_ns=7228914853828811][T0xe00e4254b020][TIMING] emit_host_span: [STRACE] v=1 pid=3843427 tid=3843427 inv=8 hid=db84953f453049e3 depth=1 name=chip.run.bind ts=7228914853654941 dur=170720 
[mono_ns=7228914858353451][T0xe00ce57bbca0][WARN] copy_aicore_buffer: [chip_swimlane_collector.cpp:689] Core 2: skipped 1024 AICore record slot(s) with start_time=0 (race-window write or recycled-buffer tail). buf seq=0 count=1024
[mono_ns=7228914858357121][T0xe00cf0d3aca0][WARN] copy_aicore_buffer: [chip_swimlane_collector.cpp:689] Core 0: skipped 1024 AICore record slot(s) with start_time=0 (race-window write or recycled-buffer tail). buf seq=0 count=1024
[mono_ns=7228914858372752][T0xe00ce5fcbca0][WARN] copy_aicore_buffer: [chip_swimlane_collector.cpp:689] Core 1: skipped 1024 AICore record slot(s) with start_time=0 (race-window write or recycled-buffer tail). buf seq=0 count=1024
[mono_ns=7228914858685713][T0xe00cf0d3aca0][WARN] copy_aicore_buffer: [chip_swimlane_collector.cpp:689] Core 24: skipped 1024 AICore record slot(s) with start_time=0 (race-window write or recycled-buffer tail). buf seq=0 count=1024
[mono_ns=7228914858699003][T0xe00ce57bbca0][WARN] copy_aicore_buffer: [chip_swimlane_collector.cpp:689] Core 28: skipped 1024 AICore record slot(s) with start_time=0 (race-window write or recycled-buffer tail). buf seq=0 count=1024
[mono_ns=7228914858733173][T0xe00ce5fcbca0][WARN] copy_aicore_buffer: [chip_swimlane_collector.cpp:689] Core 26: skipped 1021 AICore record slot(s) with start_time=0 (race-window write or recycled-buffer tail). buf seq=0 count=1024
[mono_ns=7228914859018934][T0xe00cf0d3aca0][WARN] copy_aicore_buffer: [chip_swimlane_collector.cpp:689] Core 25: skipped 1024 AICore record slot(s) with start_time=0 (race-window write or recycled-buffer tail). buf seq=0 count=1024
[mono_ns=7228914859041635][T0xe00ce57bbca0][WARN] copy_aicore_buffer: [chip_swimlane_collector.cpp:689] Core 29: skipped 1024 AICore record slot(s) with start_time=0 (race-window write or recycled-buffer tail). buf seq=0 count=1024
[mono_ns=7228914859068705][T0xe00ce5fcbca0][WARN] copy_aicore_buffer: [chip_swimlane_collector.cpp:689] Core 27: skipped 1024 AICore record slot(s) with start_time=0 (race-window write or recycled-buffer tail). buf seq=0 count=1024
[mono_ns=7228914859332056][T0xe00cf0d3aca0][WARN] copy_aicore_buffer: [chip_swimlane_collector.cpp:689] Core 3: skipped 1024 AICore record slot(s) with start_time=0 (race-window write or recycled-buffer tail). buf seq=0 count=1024
[mono_ns=7228914859370636][T0xe00ce57bbca0][WARN] copy_aicore_buffer: [chip_swimlane_collector.cpp:689] Core 5: skipped 1024 AICore record slot(s) with start_time=0 (race-window write or recycled-buffer tail). buf seq=0 count=1024
[mono_ns=7228914859383406][T0xe00ce5fcbca0][WARN] copy_aicore_buffer: [chip_swimlane_collector.cpp:689] Core 4: skipped 1024 AICore record slot(s) with start_time=0 (race-window write or recycled-buffer tail). buf seq=0 count=1024
[mono_ns=7228914859644997][T0xe00cf0d3aca0][WARN] copy_aicore_buffer: [chip_swimlane_collector.cpp:689] Core 30: skipped 1024 AICore record slot(s) with start_time=0 (race-window write or recycled-buffer tail). buf seq=0 count=1024
[mono_ns=7228914859698867][T0xe00ce5fcbca0][WARN] copy_aicore_buffer: [chip_swimlane_collector.cpp:689] Core 32: skipped 1024 AICore record slot(s) with start_time=0 (race-window write or recycled-buffer tail). buf seq=0 count=1024
[mono_ns=7228914859717718][T0xe00ce57bbca0][WARN] copy_aicore_buffer: [chip_swimlane_collector.cpp:689] Core 34: skipped 1024 AICore record slot(s) with start_time=0 (race-window write or recycled-buffer tail). buf seq=0 count=1024
[mono_ns=7228914859957579][T0xe00cf0d3aca0][WARN] copy_aicore_buffer: [chip_swimlane_collector.cpp:689] Core 31: skipped 1024 AICore record slot(s) with start_time=0 (race-window write or recycled-buffer tail). buf seq=0 count=1024
[mono_ns=7228914860022879][T0xe00ce5fcbca0][WARN] copy_aicore_buffer: [chip_swimlane_collector.cpp:689] Core 33: skipped 1024 AICore record slot(s) with start_time=0 (race-window write or recycled-buffer tail). buf seq=0 count=1024
[mono_ns=7228914860057629][T0xe00ce57bbca0][WARN] copy_aicore_buffer: [chip_swimlane_collector.cpp:689] Core 35: skipped 1024 AICore record slot(s) with start_time=0 (race-window write or recycled-buffer tail). buf seq=0 count=1024
[mono_ns=7228914860280490][T0xe00cf0d3aca0][WARN] copy_aicore_buffer: [chip_swimlane_collector.cpp:689] Core 6: skipped 1024 AICore record slot(s) with start_time=0 (race-window write or recycled-buffer tail). buf seq=0 count=1024
[mono_ns=7228914860336540][T0xe00ce5fcbca0][WARN] copy_aicore_buffer: [chip_swimlane_collector.cpp:689] Core 7: skipped 1024 AICore record slot(s) with start_time=0 (race-window write or recycled-buffer tail). buf seq=0 count=1024
[mono_ns=7228914860385991][T0xe00ce57bbca0][WARN] copy_aicore_buffer: [chip_swimlane_collector.cpp:689] Core 8: skipped 1024 AICore record slot(s) with start_time=0 (race-window write or recycled-buffer tail). buf seq=0 count=1024
[mono_ns=7228914860608381][T0xe00cf0d3aca0][WARN] copy_aicore_buffer: [chip_swimlane_collector.cpp:689] Core 36: skipped 1024 AICore record slot(s) with start_time=0 (race-window write or recycled-buffer tail). buf seq=0 count=1024
[mono_ns=7228914860648932][T0xe00ce5fcbca0][WARN] copy_aicore_buffer: [chip_swimlane_collector.cpp:689] Core 38: skipped 1024 AICore record slot(s) with start_time=0 (race-window write or recycled-buffer tail). buf seq=0 count=1024
[mono_ns=7228914860713252][T0xe00ce57bbca0][WARN] copy_aicore_buffer: [chip_swimlane_collector.cpp:689] Core 40: skipped 1024 AICore record slot(s) with start_time=0 (race-window write or recycled-buffer tail). buf seq=0 count=1024
[mono_ns=7228914860921493][T0xe00cf0d3aca0][WARN] copy_aicore_buffer: [chip_swimlane_collector.cpp:689] Core 37: skipped 1024 AICore record slot(s) with start_time=0 (race-window write or recycled-buffer tail). buf seq=0 count=1024
[mono_ns=7228914860961943][T0xe00ce5fcbca0][WARN] copy_aicore_buffer: [chip_swimlane_collector.cpp:689] Core 39: skipped 1024 AICore record slot(s) with start_time=0 (race-window write or recycled-buffer tail). buf seq=0 count=1024
[mono_ns=7228914861052643][T0xe00ce57bbca0][WARN] copy_aicore_buffer: [chip_swimlane_collector.cpp:689] Core 41: skipped 1024 AICore record slot(s) with start_time=0 (race-window write or recycled-buffer tail). buf seq=0 count=1024
[mono_ns=7228914861244724][T0xe00cf0d3aca0][WARN] copy_aicore_buffer: [chip_swimlane_collector.cpp:689] Core 9: skipped 1024 AICore record slot(s) with start_time=0 (race-window write or recycled-buffer tail). buf seq=0 count=1024
[mono_ns=7228914861316595][T0xe00ce5fcbca0][WARN] copy_aicore_buffer: [chip_swimlane_collector.cpp:689] Core 10: skipped 1024 AICore record slot(s) with start_time=0 (race-window write or recycled-buffer tail). buf seq=0 count=1024
[mono_ns=7228914861382425][T0xe00ce57bbca0][WARN] copy_aicore_buffer: [chip_swimlane_collector.cpp:689] Core 11: skipped 1024 AICore record slot(s) with start_time=0 (race-window write or recycled-buffer tail). buf seq=0 count=1024
[mono_ns=7228914861557076][T0xe00cf0d3aca0][WARN] copy_aicore_buffer: [chip_swimlane_collector.cpp:689] Core 42: skipped 1024 AICore record slot(s) with start_time=0 (race-window write or recycled-buffer tail). buf seq=0 count=1024
[mono_ns=7228914861628716][T0xe00ce5fcbca0][WARN] copy_aicore_buffer: [chip_swimlane_collector.cpp:689] Core 44: skipped 1024 AICore record slot(s) with start_time=0 (race-window write or recycled-buffer tail). buf seq=0 count=1024
[mono_ns=7228914861711076][T0xe00ce57bbca0][WARN] copy_aicore_buffer: [chip_swimlane_collector.cpp:689] Core 46: skipped 1024 AICore record slot(s) with start_time=0 (race-window write or recycled-buffer tail). buf seq=0 count=1024
[mono_ns=7228914861868157][T0xe00cf0d3aca0][WARN] copy_aicore_buffer: [chip_swimlane_collector.cpp:689] Core 43: skipped 1024 AICore record slot(s) with start_time=0 (race-window write or recycled-buffer tail). buf seq=0 count=1024
[mono_ns=7228914861941167][T0xe00ce5fcbca0][WARN] copy_aicore_buffer: [chip_swimlane_collector.cpp:689] Core 45: skipped 1024 AICore record slot(s) with start_time=0 (race-window write or recycled-buffer tail). buf seq=0 count=1024
[mono_ns=7228914862076778][T0xe00ce57bbca0][WARN] copy_aicore_buffer: [chip_swimlane_collector.cpp:689] Core 47: skipped 1024 AICore record slot(s) with start_time=0 (race-window write or recycled-buffer tail). buf seq=0 count=1024
[mono_ns=7228914862239019][T0xe00cf0d3aca0][WARN] copy_aicore_buffer: [chip_swimlane_collector.cpp:689] Core 12: skipped 1024 AICore record slot(s) with start_time=0 (race-window write or recycled-buffer tail). buf seq=0 count=1024
[mono_ns=7228914862263069][T0xe00ce5fcbca0][WARN] copy_aicore_buffer: [chip_swimlane_collector.cpp:689] Core 13: skipped 1024 AICore record slot(s) with start_time=0 (race-window write or recycled-buffer tail). buf seq=0 count=1024
[mono_ns=7228914862407759][T0xe00ce57bbca0][WARN] copy_aicore_buffer: [chip_swimlane_collector.cpp:689] Core 14: skipped 1024 AICore record slot(s) with start_time=0 (race-window write or recycled-buffer tail). buf seq=0 count=1024
[mono_ns=7228914862549940][T0xe00cf0d3aca0][WARN] copy_aicore_buffer: [chip_swimlane_collector.cpp:689] Core 48: skipped 1024 AICore record slot(s) with start_time=0 (race-window write or recycled-buffer tail). buf seq=0 count=1024
[mono_ns=7228914862575850][T0xe00ce5fcbca0][WARN] copy_aicore_buffer: [chip_swimlane_collector.cpp:689] Core 50: skipped 1024 AICore record slot(s) with start_time=0 (race-window write or recycled-buffer tail). buf seq=0 count=1024
[mono_ns=7228914862735131][T0xe00ce57bbca0][WARN] copy_aicore_buffer: [chip_swimlane_collector.cpp:689] Core 52: skipped 1024 AICore record slot(s) with start_time=0 (race-window write or recycled-buffer tail). buf seq=0 count=1024
[mono_ns=7228914862861972][T0xe00cf0d3aca0][WARN] copy_aicore_buffer: [chip_swimlane_collector.cpp:689] Core 49: skipped 1024 AICore record slot(s) with start_time=0 (race-window write or recycled-buffer tail). buf seq=0 count=1024
[mono_ns=7228914862887792][T0xe00ce5fcbca0][WARN] copy_aicore_buffer: [chip_swimlane_collector.cpp:689] Core 51: skipped 1024 AICore record slot(s) with start_time=0 (race-window write or recycled-buffer tail). buf seq=0 count=1024
[mono_ns=7228914863087763][T0xe00ce57bbca0][WARN] copy_aicore_buffer: [chip_swimlane_collector.cpp:689] Core 53: skipped 1024 AICore record slot(s) with start_time=0 (race-window write or recycled-buffer tail). buf seq=0 count=1024
[mono_ns=7228914863182963][T0xe00cf0d3aca0][WARN] copy_aicore_buffer: [chip_swimlane_collector.cpp:689] Core 15: skipped 1024 AICore record slot(s) with start_time=0 (race-window write or recycled-buffer tail). buf seq=0 count=1024
[mono_ns=7228914863210053][T0xe00ce5fcbca0][WARN] copy_aicore_buffer: [chip_swimlane_collector.cpp:689] Core 16: skipped 1024 AICore record slot(s) with start_time=0 (race-window write or recycled-buffer tail). buf seq=0 count=1024
[mono_ns=7228914863416594][T0xe00ce57bbca0][WARN] copy_aicore_buffer: [chip_swimlane_collector.cpp:689] Core 17: skipped 1024 AICore record slot(s) with start_time=0 (race-window write or recycled-buffer tail). buf seq=0 count=1024
[mono_ns=7228914863496764][T0xe00cf0d3aca0][WARN] copy_aicore_buffer: [chip_swimlane_collector.cpp:689] Core 54: skipped 1024 AICore record slot(s) with start_time=0 (race-window write or recycled-buffer tail). buf seq=0 count=1024
[mono_ns=7228914863522744][T0xe00ce5fcbca0][WARN] copy_aicore_buffer: [chip_swimlane_collector.cpp:689] Core 56: skipped 1024 AICore record slot(s) with start_time=0 (race-window write or recycled-buffer tail). buf seq=0 count=1024
[mono_ns=7228914863744105][T0xe00ce57bbca0][WARN] copy_aicore_buffer: [chip_swimlane_collector.cpp:689] Core 58: skipped 1024 AICore record slot(s) with start_time=0 (race-window write or recycled-buffer tail). buf seq=0 count=1024
[mono_ns=7228914863807006][T0xe00cf0d3aca0][WARN] copy_aicore_buffer: [chip_swimlane_collector.cpp:689] Core 55: skipped 1024 AICore record slot(s) with start_time=0 (race-window write or recycled-buffer tail). buf seq=0 count=1024
[mono_ns=7228914863844876][T0xe00ce5fcbca0][WARN] copy_aicore_buffer: [chip_swimlane_collector.cpp:689] Core 57: skipped 1024 AICore record slot(s) with start_time=0 (race-window write or recycled-buffer tail). buf seq=0 count=1024
[mono_ns=7228914864080407][T0xe00ce57bbca0][WARN] copy_aicore_buffer: [chip_swimlane_collector.cpp:689] Core 59: skipped 1024 AICore record slot(s) with start_time=0 (race-window write or recycled-buffer tail). buf seq=0 count=1024
[mono_ns=7228914864127167][T0xe00cf0d3aca0][WARN] copy_aicore_buffer: [chip_swimlane_collector.cpp:689] Core 18: skipped 1024 AICore record slot(s) with start_time=0 (race-window write or recycled-buffer tail). buf seq=0 count=1024
[mono_ns=7228914864171847][T0xe00ce5fcbca0][WARN] copy_aicore_buffer: [chip_swimlane_collector.cpp:689] Core 19: skipped 1024 AICore record slot(s) with start_time=0 (race-window write or recycled-buffer tail). buf seq=0 count=1024
[mono_ns=7228914864407398][T0xe00ce57bbca0][WARN] copy_aicore_buffer: [chip_swimlane_collector.cpp:689] Core 20: skipped 1024 AICore record slot(s) with start_time=0 (race-window write or recycled-buffer tail). buf seq=0 count=1024
[mono_ns=7228914864438769][T0xe00cf0d3aca0][WARN] copy_aicore_buffer: [chip_swimlane_collector.cpp:689] Core 60: skipped 1024 AICore record slot(s) with start_time=0 (race-window write or recycled-buffer tail). buf seq=0 count=1024
[mono_ns=7228914864485059][T0xe00ce5fcbca0][WARN] copy_aicore_buffer: [chip_swimlane_collector.cpp:689] Core 62: skipped 1024 AICore record slot(s) with start_time=0 (race-window write or recycled-buffer tail). buf seq=0 count=1024
[mono_ns=7228914864751820][T0xe00cf0d3aca0][WARN] copy_aicore_buffer: [chip_swimlane_collector.cpp:689] Core 61: skipped 1024 AICore record slot(s) with start_time=0 (race-window write or recycled-buffer tail). buf seq=0 count=1024
[mono_ns=7228914864777160][T0xe00ce57bbca0][WARN] copy_aicore_buffer: [chip_swimlane_collector.cpp:689] Core 64: skipped 1024 AICore record slot(s) with start_time=0 (race-window write or recycled-buffer tail). buf seq=0 count=1024
[mono_ns=7228914864798350][T0xe00ce5fcbca0][WARN] copy_aicore_buffer: [chip_swimlane_collector.cpp:689] Core 63: skipped 1024 AICore record slot(s) with start_time=0 (race-window write or recycled-buffer tail). buf seq=0 count=1024
[mono_ns=7228914865076811][T0xe00cf0d3aca0][WARN] copy_aicore_buffer: [chip_swimlane_collector.cpp:689] Core 21: skipped 1024 AICore record slot(s) with start_time=0 (race-window write or recycled-buffer tail). buf seq=0 count=1024
[mono_ns=7228914865115612][T0xe00ce5fcbca0][WARN] copy_aicore_buffer: [chip_swimlane_collector.cpp:689] Core 22: skipped 1024 AICore record slot(s) with start_time=0 (race-window write or recycled-buffer tail). buf seq=0 count=1024
[mono_ns=7228914865120622][T0xe00ce57bbca0][WARN] copy_aicore_buffer: [chip_swimlane_collector.cpp:689] Core 65: skipped 1024 AICore record slot(s) with start_time=0 (race-window write or recycled-buffer tail). buf seq=0 count=1024
[mono_ns=7228914865388913][T0xe00cf0d3aca0][WARN] copy_aicore_buffer: [chip_swimlane_collector.cpp:689] Core 66: skipped 1024 AICore record slot(s) with start_time=0 (race-window write or recycled-buffer tail). buf seq=0 count=1024
[mono_ns=7228914865429833][T0xe00ce5fcbca0][WARN] copy_aicore_buffer: [chip_swimlane_collector.cpp:689] Core 68: skipped 1024 AICore record slot(s) with start_time=0 (race-window write or recycled-buffer tail). buf seq=0 count=1024
[mono_ns=7228914865476883][T0xe00ce57bbca0][WARN] copy_aicore_buffer: [chip_swimlane_collector.cpp:689] Core 23: skipped 1024 AICore record slot(s) with start_time=0 (race-window write or recycled-buffer tail). buf seq=0 count=1024
[mono_ns=7228914865700844][T0xe00cf0d3aca0][WARN] copy_aicore_buffer: [chip_swimlane_collector.cpp:689] Core 67: skipped 1024 AICore record slot(s) with start_time=0 (race-window write or recycled-buffer tail). buf seq=0 count=1024
[mono_ns=7228914865746294][T0xe00ce5fcbca0][WARN] copy_aicore_buffer: [chip_swimlane_collector.cpp:689] Core 69: skipped 1024 AICore record slot(s) with start_time=0 (race-window write or recycled-buffer tail). buf seq=0 count=1024
[mono_ns=7228914865804665][T0xe00ce57bbca0][WARN] copy_aicore_buffer: [chip_swimlane_collector.cpp:689] Core 70: skipped 1024 AICore record slot(s) with start_time=0 (race-window write or recycled-buffer tail). buf seq=0 count=1024
[mono_ns=7228914866161626][T0xe00ce57bbca0][WARN] copy_aicore_buffer: [chip_swimlane_collector.cpp:689] Core 71: skipped 1024 AICore record slot(s) with start_time=0 (race-window write or recycled-buffer tail). buf seq=0 count=1024
[mono_ns=7228914966845354][T0xe00e4254b020][TIMING] emit_host_span: [STRACE] v=1 pid=3843427 tid=3843427 inv=8 hid=db84953f453049e3 depth=1 name=chip.run.runner_run ts=7228914854175073 dur=112663701 
[mono_ns=7228914966956525][T0xe00e4254b020][TIMING] emit_host_span: [STRACE] v=1 pid=3843427 tid=3843427 inv=8 hid=db84953f453049e3 depth=1 name=chip.run.validate ts=7228914966863204 dur=89381 
[mono_ns=7228914966968065][T0xe00e4254b020][TIMING] emit_host_span: [STRACE] v=1 pid=3843427 tid=3843427 inv=8 hid=db84953f453049e3 depth=2 name=chip.run.runner_run.device_wall ts=0 dur=3640120 clk=dev
[mono_ns=7228914966972755][T0xe00e4254b020][TIMING] emit_host_span: [STRACE] v=1 pid=3843427 tid=3843427 inv=8 hid=db84953f453049e3 depth=3 name=chip.run.runner_run.device_wall.preamble ts=0 dur=108420 clk=dev
[mono_ns=7228914966977555][T0xe00e4254b020][TIMING] emit_host_span: [STRACE] v=1 pid=3843427 tid=3843427 inv=8 hid=db84953f453049e3 depth=3 name=chip.run.runner_run.device_wall.graph_build ts=104780 dur=3526300 clk=dev
[mono_ns=7228914966981185][T0xe00e4254b020][TIMING] emit_host_span: [STRACE] v=1 pid=3843427 tid=3843427 inv=8 hid=db84953f453049e3 depth=3 name=chip.run.runner_run.device_wall.config_validate ts=104880 dur=899 clk=dev
[mono_ns=7228914966986165][T0xe00e4254b020][TIMING] emit_host_span: [STRACE] v=1 pid=3843427 tid=3843427 inv=8 hid=db84953f453049e3 depth=3 name=chip.run.runner_run.device_wall.arena_wire ts=105800 dur=320 clk=dev
[mono_ns=7228914966990835][T0xe00e4254b020][TIMING] emit_host_span: [STRACE] v=1 pid=3843427 tid=3843427 inv=8 hid=db84953f453049e3 depth=3 name=chip.run.runner_run.device_wall.sm_reset ts=106160 dur=1140 clk=dev
[mono_ns=7228914966995095][T0xe00e4254b020][TIMING] emit_host_span: [STRACE] v=1 pid=3843427 tid=3843427 inv=8 hid=db84953f453049e3 depth=3 name=chip.run.runner_run.device_wall.post_orch ts=3631140 dur=8879 clk=dev
[mono_ns=7228914967037425][T0xe00e4254b020][TIMING] emit_host_span: [STRACE] v=1 pid=3843427 tid=3843427 inv=8 hid=db84953f453049e3 depth=3 name=chip.run.runner_run.device_wall.orch ts=107360 dur=4180 clk=dev
[mono_ns=7228914967041715][T0xe00e4254b020][TIMING] emit_host_span: [STRACE] v=1 pid=3843427 tid=3843427 inv=8 hid=db84953f453049e3 depth=3 name=chip.run.runner_run.device_wall.sched ts=108580 dur=3498060 clk=dev
[mono_ns=7228914967046275][T0xe00e4254b020][TIMING] emit_host_span: [STRACE] v=1 pid=3843427 tid=3843427 inv=8 hid=db84953f453049e3 depth=1 name=chip.run.claim_release ts=7228914967043845 dur=500 
[mono_ns=7228914967051565][T0xe00e4254b020][TIMING] emit_host_span: [STRACE] v=1 pid=3843427 tid=3843427 inv=8 hid=db84953f453049e3 depth=0 name=chip.run ts=7228914853604020 dur=113445545 run_id=8 dispatch_id=8 slot_id=0 generation=8 run_epoch=8
[mono_ns=7228919812647630][T0xe00e4254b020][TIMING] emit_host_span: [STRACE] v=1 pid=3843427 tid=3843427 inv=9 hid=db84953f453049e3 depth=2 name=chip.run.bind.args ts=7228919812488269 dur=152821 
[mono_ns=7228919812669450][T0xe00e4254b020][TIMING] emit_host_span: [STRACE] v=1 pid=3843427 tid=3843427 inv=9 hid=db84953f453049e3 depth=2 name=chip.run.bind.prebuilt ts=7228919812662520 dur=4320 
[mono_ns=7228919812674700][T0xe00e4254b020][TIMING] emit_host_span: [STRACE] v=1 pid=3843427 tid=3843427 inv=9 hid=db84953f453049e3 depth=1 name=chip.run.bind ts=7228919812476199 dur=196121 
[mono_ns=7228919919409836][T0xe00e4254b020][TIMING] emit_host_span: [STRACE] v=1 pid=3843427 tid=3843427 inv=9 hid=db84953f453049e3 depth=1 name=chip.run.runner_run ts=7228919812916921 dur=106481405 
[mono_ns=7228919919537897][T0xe00e4254b020][TIMING] emit_host_span: [STRACE] v=1 pid=3843427 tid=3843427 inv=9 hid=db84953f453049e3 depth=1 name=chip.run.validate ts=7228919919437126 dur=96941 
[mono_ns=7228919919550987][T0xe00e4254b020][TIMING] emit_host_span: [STRACE] v=1 pid=3843427 tid=3843427 inv=9 hid=db84953f453049e3 depth=2 name=chip.run.runner_run.device_wall ts=0 dur=8170880 clk=dev
[mono_ns=7228919919556417][T0xe00e4254b020][TIMING] emit_host_span: [STRACE] v=1 pid=3843427 tid=3843427 inv=9 hid=db84953f453049e3 depth=3 name=chip.run.runner_run.device_wall.preamble ts=0 dur=6740 clk=dev
[mono_ns=7228919919561277][T0xe00e4254b020][TIMING] emit_host_span: [STRACE] v=1 pid=3843427 tid=3843427 inv=9 hid=db84953f453049e3 depth=3 name=chip.run.runner_run.device_wall.graph_build ts=1980 dur=8158620 clk=dev
[mono_ns=7228919919566007][T0xe00e4254b020][TIMING] emit_host_span: [STRACE] v=1 pid=3843427 tid=3843427 inv=9 hid=db84953f453049e3 depth=3 name=chip.run.runner_run.device_wall.config_validate ts=2360 dur=1120 clk=dev
[mono_ns=7228919919570507][T0xe00e4254b020][TIMING] emit_host_span: [STRACE] v=1 pid=3843427 tid=3843427 inv=9 hid=db84953f453049e3 depth=3 name=chip.run.runner_run.device_wall.arena_wire ts=3500 dur=740 clk=dev
[mono_ns=7228919919575077][T0xe00e4254b020][TIMING] emit_host_span: [STRACE] v=1 pid=3843427 tid=3843427 inv=9 hid=db84953f453049e3 depth=3 name=chip.run.runner_run.device_wall.sm_reset ts=4420 dur=1520 clk=dev
[mono_ns=7228919919622857][T0xe00e4254b020][TIMING] emit_host_span: [STRACE] v=1 pid=3843427 tid=3843427 inv=9 hid=db84953f453049e3 depth=3 name=chip.run.runner_run.device_wall.post_orch ts=8160700 dur=9979 clk=dev
[mono_ns=7228919919626457][T0xe00e4254b020][TIMING] emit_host_span: [STRACE] v=1 pid=3843427 tid=3843427 inv=9 hid=db84953f453049e3 depth=3 name=chip.run.runner_run.device_wall.orch ts=6860 dur=9260 clk=dev
[mono_ns=7228919919630327][T0xe00e4254b020][TIMING] emit_host_span: [STRACE] v=1 pid=3843427 tid=3843427 inv=9 hid=db84953f453049e3 depth=3 name=chip.run.runner_run.device_wall.sched ts=7580 dur=8144679 clk=dev
[mono_ns=7228919919636547][T0xe00e4254b020][TIMING] emit_host_span: [STRACE] v=1 pid=3843427 tid=3843427 inv=9 hid=db84953f453049e3 depth=1 name=chip.run.claim_release ts=7228919919634017 dur=680 
[mono_ns=7228919919642987][T0xe00e4254b020][TIMING] emit_host_span: [STRACE] v=1 pid=3843427 tid=3843427 inv=9 hid=db84953f453049e3 depth=0 name=chip.run ts=7228919812415259 dur=107225678 run_id=9 dispatch_id=9 slot_id=0 generation=9 run_epoch=9
[mono_ns=7228919964205166][T0xe00e4254b020][TIMING] emit_host_span: [STRACE] v=1 pid=3843427 tid=3843427 inv=10 hid=db84953f453049e3 depth=2 name=chip.run.bind.args ts=7228919964060595 dur=138471 
[mono_ns=7228919964228166][T0xe00e4254b020][TIMING] emit_host_span: [STRACE] v=1 pid=3843427 tid=3843427 inv=10 hid=db84953f453049e3 depth=2 name=chip.run.bind.prebuilt ts=7228919964220956 dur=4730 
[mono_ns=7228919964234546][T0xe00e4254b020][TIMING] emit_host_span: [STRACE] v=1 pid=3843427 tid=3843427 inv=10 hid=db84953f453049e3 depth=1 name=chip.run.bind ts=7228919964048425 dur=183631 
[mono_ns=7228919969117758][T0xe00ce5fcbca0][WARN] copy_aicore_buffer: [chip_swimlane_collector.cpp:689] Core 1: skipped 1024 AICore record slot(s) with start_time=0 (race-window write or recycled-buffer tail). buf seq=0 count=1024
[mono_ns=7228919969123108][T0xe00ce57bbca0][WARN] copy_aicore_buffer: [chip_swimlane_collector.cpp:689] Core 2: skipped 1024 AICore record slot(s) with start_time=0 (race-window write or recycled-buffer tail). buf seq=0 count=1024
[mono_ns=7228919969159968][T0xe00cf0d3aca0][WARN] copy_aicore_buffer: [chip_swimlane_collector.cpp:689] Core 0: skipped 1024 AICore record slot(s) with start_time=0 (race-window write or recycled-buffer tail). buf seq=0 count=1024
[mono_ns=7228919969445889][T0xe00ce5fcbca0][WARN] copy_aicore_buffer: [chip_swimlane_collector.cpp:689] Core 26: skipped 1023 AICore record slot(s) with start_time=0 (race-window write or recycled-buffer tail). buf seq=0 count=1024
[mono_ns=7228919969461729][T0xe00ce57bbca0][WARN] copy_aicore_buffer: [chip_swimlane_collector.cpp:689] Core 28: skipped 1022 AICore record slot(s) with start_time=0 (race-window write or recycled-buffer tail). buf seq=0 count=1024
[mono_ns=7228919969473619][T0xe00cf0d3aca0][WARN] copy_aicore_buffer: [chip_swimlane_collector.cpp:689] Core 24: skipped 1024 AICore record slot(s) with start_time=0 (race-window write or recycled-buffer tail). buf seq=0 count=1024
[mono_ns=7228919969760371][T0xe00ce5fcbca0][WARN] copy_aicore_buffer: [chip_swimlane_collector.cpp:689] Core 27: skipped 1024 AICore record slot(s) with start_time=0 (race-window write or recycled-buffer tail). buf seq=0 count=1024
[mono_ns=7228919969785871][T0xe00ce57bbca0][WARN] copy_aicore_buffer: [chip_swimlane_collector.cpp:689] Core 29: skipped 1024 AICore record slot(s) with start_time=0 (race-window write or recycled-buffer tail). buf seq=0 count=1024
[mono_ns=7228919969784001][T0xe00cf0d3aca0][WARN] copy_aicore_buffer: [chip_swimlane_collector.cpp:689] Core 25: skipped 1024 AICore record slot(s) with start_time=0 (race-window write or recycled-buffer tail). buf seq=0 count=1024
[mono_ns=7228919970087772][T0xe00ce5fcbca0][WARN] copy_aicore_buffer: [chip_swimlane_collector.cpp:689] Core 4: skipped 1024 AICore record slot(s) with start_time=0 (race-window write or recycled-buffer tail). buf seq=0 count=1024
[mono_ns=7228919970125252][T0xe00cf0d3aca0][WARN] copy_aicore_buffer: [chip_swimlane_collector.cpp:689] Core 3: skipped 1024 AICore record slot(s) with start_time=0 (race-window write or recycled-buffer tail). buf seq=0 count=1024
[mono_ns=7228919970174952][T0xe00ce57bbca0][WARN] copy_aicore_buffer: [chip_swimlane_collector.cpp:689] Core 5: skipped 1024 AICore record slot(s) with start_time=0 (race-window write or recycled-buffer tail). buf seq=0 count=1024
[mono_ns=7228919970403463][T0xe00ce5fcbca0][WARN] copy_aicore_buffer: [chip_swimlane_collector.cpp:689] Core 32: skipped 1024 AICore record slot(s) with start_time=0 (race-window write or recycled-buffer tail). buf seq=0 count=1024
[mono_ns=7228919970440324][T0xe00cf0d3aca0][WARN] copy_aicore_buffer: [chip_swimlane_collector.cpp:689] Core 30: skipped 1024 AICore record slot(s) with start_time=0 (race-window write or recycled-buffer tail). buf seq=0 count=1024
[mono_ns=7228919970504624][T0xe00ce57bbca0][WARN] copy_aicore_buffer: [chip_swimlane_collector.cpp:689] Core 34: skipped 1024 AICore record slot(s) with start_time=0 (race-window write or recycled-buffer tail). buf seq=0 count=1024
[mono_ns=7228919970716855][T0xe00ce5fcbca0][WARN] copy_aicore_buffer: [chip_swimlane_collector.cpp:689] Core 33: skipped 1024 AICore record slot(s) with start_time=0 (race-window write or recycled-buffer tail). buf seq=0 count=1024
[mono_ns=7228919970751935][T0xe00cf0d3aca0][WARN] copy_aicore_buffer: [chip_swimlane_collector.cpp:689] Core 31: skipped 1024 AICore record slot(s) with start_time=0 (race-window write or recycled-buffer tail). buf seq=0 count=1024
[mono_ns=7228919970874896][T0xe00ce57bbca0][WARN] copy_aicore_buffer: [chip_swimlane_collector.cpp:689] Core 35: skipped 1024 AICore record slot(s) with start_time=0 (race-window write or recycled-buffer tail). buf seq=0 count=1024
[mono_ns=7228919971036746][T0xe00ce5fcbca0][WARN] copy_aicore_buffer: [chip_swimlane_collector.cpp:689] Core 7: skipped 1024 AICore record slot(s) with start_time=0 (race-window write or recycled-buffer tail). buf seq=0 count=1024
[mono_ns=7228919971083656][T0xe00cf0d3aca0][WARN] copy_aicore_buffer: [chip_swimlane_collector.cpp:689] Core 6: skipped 1024 AICore record slot(s) with start_time=0 (race-window write or recycled-buffer tail). buf seq=0 count=1024
[mono_ns=7228919971211197][T0xe00ce57bbca0][WARN] copy_aicore_buffer: [chip_swimlane_collector.cpp:689] Core 8: skipped 1024 AICore record slot(s) with start_time=0 (race-window write or recycled-buffer tail). buf seq=0 count=1024
[mono_ns=7228919971350468][T0xe00ce5fcbca0][WARN] copy_aicore_buffer: [chip_swimlane_collector.cpp:689] Core 38: skipped 1024 AICore record slot(s) with start_time=0 (race-window write or recycled-buffer tail). buf seq=0 count=1024
[mono_ns=7228919971395378][T0xe00cf0d3aca0][WARN] copy_aicore_buffer: [chip_swimlane_collector.cpp:689] Core 36: skipped 1024 AICore record slot(s) with start_time=0 (race-window write or recycled-buffer tail). buf seq=0 count=1024
[mono_ns=7228919971539438][T0xe00ce57bbca0][WARN] copy_aicore_buffer: [chip_swimlane_collector.cpp:689] Core 40: skipped 1024 AICore record slot(s) with start_time=0 (race-window write or recycled-buffer tail). buf seq=0 count=1024
[mono_ns=7228919971664779][T0xe00ce5fcbca0][WARN] copy_aicore_buffer: [chip_swimlane_collector.cpp:689] Core 39: skipped 1024 AICore record slot(s) with start_time=0 (race-window write or recycled-buffer tail). buf seq=0 count=1024
[mono_ns=7228919971743829][T0xe00cf0d3aca0][WARN] copy_aicore_buffer: [chip_swimlane_collector.cpp:689] Core 37: skipped 1024 AICore record slot(s) with start_time=0 (race-window write or recycled-buffer tail). buf seq=0 count=1024
[mono_ns=7228919971868460][T0xe00ce57bbca0][WARN] copy_aicore_buffer: [chip_swimlane_collector.cpp:689] Core 41: skipped 1024 AICore record slot(s) with start_time=0 (race-window write or recycled-buffer tail). buf seq=0 count=1024
[mono_ns=7228919971978160][T0xe00ce5fcbca0][WARN] copy_aicore_buffer: [chip_swimlane_collector.cpp:689] Core 10: skipped 1024 AICore record slot(s) with start_time=0 (race-window write or recycled-buffer tail). buf seq=0 count=1024
[mono_ns=7228919972066231][T0xe00cf0d3aca0][WARN] copy_aicore_buffer: [chip_swimlane_collector.cpp:689] Core 9: skipped 1024 AICore record slot(s) with start_time=0 (race-window write or recycled-buffer tail). buf seq=0 count=1024
[mono_ns=7228919972206961][T0xe00ce57bbca0][WARN] copy_aicore_buffer: [chip_swimlane_collector.cpp:689] Core 11: skipped 1024 AICore record slot(s) with start_time=0 (race-window write or recycled-buffer tail). buf seq=0 count=1024
[mono_ns=7228919972303382][T0xe00ce5fcbca0][WARN] copy_aicore_buffer: [chip_swimlane_collector.cpp:689] Core 44: skipped 1024 AICore record slot(s) with start_time=0 (race-window write or recycled-buffer tail). buf seq=0 count=1024
[mono_ns=7228919972378052][T0xe00cf0d3aca0][WARN] copy_aicore_buffer: [chip_swimlane_collector.cpp:689] Core 42: skipped 1024 AICore record slot(s) with start_time=0 (race-window write or recycled-buffer tail). buf seq=0 count=1024
[mono_ns=7228919972536503][T0xe00ce57bbca0][WARN] copy_aicore_buffer: [chip_swimlane_collector.cpp:689] Core 46: skipped 1024 AICore record slot(s) with start_time=0 (race-window write or recycled-buffer tail). buf seq=0 count=1024
[mono_ns=7228919972627853][T0xe00ce5fcbca0][WARN] copy_aicore_buffer: [chip_swimlane_collector.cpp:689] Core 45: skipped 1024 AICore record slot(s) with start_time=0 (race-window write or recycled-buffer tail). buf seq=0 count=1024
[mono_ns=7228919972688364][T0xe00cf0d3aca0][WARN] copy_aicore_buffer: [chip_swimlane_collector.cpp:689] Core 43: skipped 1024 AICore record slot(s) with start_time=0 (race-window write or recycled-buffer tail). buf seq=0 count=1024
[mono_ns=7228919972863844][T0xe00ce57bbca0][WARN] copy_aicore_buffer: [chip_swimlane_collector.cpp:689] Core 47: skipped 1024 AICore record slot(s) with start_time=0 (race-window write or recycled-buffer tail). buf seq=0 count=1024
[mono_ns=7228919972941965][T0xe00ce5fcbca0][WARN] copy_aicore_buffer: [chip_swimlane_collector.cpp:689] Core 13: skipped 1024 AICore record slot(s) with start_time=0 (race-window write or recycled-buffer tail). buf seq=0 count=1024
[mono_ns=7228919972999645][T0xe00cf0d3aca0][WARN] copy_aicore_buffer: [chip_swimlane_collector.cpp:689] Core 12: skipped 1024 AICore record slot(s) with start_time=0 (race-window write or recycled-buffer tail). buf seq=0 count=1024
[mono_ns=7228919973205636][T0xe00ce57bbca0][WARN] copy_aicore_buffer: [chip_swimlane_collector.cpp:689] Core 14: skipped 1024 AICore record slot(s) with start_time=0 (race-window write or recycled-buffer tail). buf seq=0 count=1024
[mono_ns=7228919973267516][T0xe00ce5fcbca0][WARN] copy_aicore_buffer: [chip_swimlane_collector.cpp:689] Core 50: skipped 1024 AICore record slot(s) with start_time=0 (race-window write or recycled-buffer tail). buf seq=0 count=1024
[mono_ns=7228919973318006][T0xe00cf0d3aca0][WARN] copy_aicore_buffer: [chip_swimlane_collector.cpp:689] Core 48: skipped 1024 AICore record slot(s) with start_time=0 (race-window write or recycled-buffer tail). buf seq=0 count=1024
[mono_ns=7228919973545077][T0xe00ce57bbca0][WARN] copy_aicore_buffer: [chip_swimlane_collector.cpp:689] Core 52: skipped 1024 AICore record slot(s) with start_time=0 (race-window write or recycled-buffer tail). buf seq=0 count=1024
[mono_ns=7228919973580758][T0xe00ce5fcbca0][WARN] copy_aicore_buffer: [chip_swimlane_collector.cpp:689] Core 51: skipped 1024 AICore record slot(s) with start_time=0 (race-window write or recycled-buffer tail). buf seq=0 count=1024
[mono_ns=7228919973630088][T0xe00cf0d3aca0][WARN] copy_aicore_buffer: [chip_swimlane_collector.cpp:689] Core 49: skipped 1024 AICore record slot(s) with start_time=0 (race-window write or recycled-buffer tail). buf seq=0 count=1024
[mono_ns=7228919973872109][T0xe00ce57bbca0][WARN] copy_aicore_buffer: [chip_swimlane_collector.cpp:689] Core 53: skipped 1024 AICore record slot(s) with start_time=0 (race-window write or recycled-buffer tail). buf seq=0 count=1024
[mono_ns=7228919973892919][T0xe00ce5fcbca0][WARN] copy_aicore_buffer: [chip_swimlane_collector.cpp:689] Core 16: skipped 1024 AICore record slot(s) with start_time=0 (race-window write or recycled-buffer tail). buf seq=0 count=1024
[mono_ns=7228919973942379][T0xe00cf0d3aca0][WARN] copy_aicore_buffer: [chip_swimlane_collector.cpp:689] Core 15: skipped 1023 AICore record slot(s) with start_time=0 (race-window write or recycled-buffer tail). buf seq=0 count=1024
[mono_ns=7228919974211690][T0xe00ce5fcbca0][WARN] copy_aicore_buffer: [chip_swimlane_collector.cpp:689] Core 56: skipped 1024 AICore record slot(s) with start_time=0 (race-window write or recycled-buffer tail). buf seq=0 count=1024
[mono_ns=7228919974225650][T0xe00ce57bbca0][WARN] copy_aicore_buffer: [chip_swimlane_collector.cpp:689] Core 17: skipped 1024 AICore record slot(s) with start_time=0 (race-window write or recycled-buffer tail). buf seq=0 count=1024
[mono_ns=7228919974272821][T0xe00cf0d3aca0][WARN] copy_aicore_buffer: [chip_swimlane_collector.cpp:689] Core 54: skipped 1022 AICore record slot(s) with start_time=0 (race-window write or recycled-buffer tail). buf seq=0 count=1024
[mono_ns=7228919974555262][T0xe00ce5fcbca0][WARN] copy_aicore_buffer: [chip_swimlane_collector.cpp:689] Core 57: skipped 1024 AICore record slot(s) with start_time=0 (race-window write or recycled-buffer tail). buf seq=0 count=1024
[mono_ns=7228919974556422][T0xe00ce57bbca0][WARN] copy_aicore_buffer: [chip_swimlane_collector.cpp:689] Core 58: skipped 1024 AICore record slot(s) with start_time=0 (race-window write or recycled-buffer tail). buf seq=0 count=1024
[mono_ns=7228919974582442][T0xe00cf0d3aca0][WARN] copy_aicore_buffer: [chip_swimlane_collector.cpp:689] Core 55: skipped 1024 AICore record slot(s) with start_time=0 (race-window write or recycled-buffer tail). buf seq=0 count=1024
[mono_ns=7228919974867763][T0xe00ce5fcbca0][WARN] copy_aicore_buffer: [chip_swimlane_collector.cpp:689] Core 19: skipped 1024 AICore record slot(s) with start_time=0 (race-window write or recycled-buffer tail). buf seq=0 count=1024
[mono_ns=7228919974893213][T0xe00cf0d3aca0][WARN] copy_aicore_buffer: [chip_swimlane_collector.cpp:689] Core 18: skipped 1024 AICore record slot(s) with start_time=0 (race-window write or recycled-buffer tail). buf seq=0 count=1024
[mono_ns=7228919974882423][T0xe00ce57bbca0][WARN] copy_aicore_buffer: [chip_swimlane_collector.cpp:689] Core 59: skipped 1024 AICore record slot(s) with start_time=0 (race-window write or recycled-buffer tail). buf seq=0 count=1024
[mono_ns=7228919975228095][T0xe00cf0d3aca0][WARN] copy_aicore_buffer: [chip_swimlane_collector.cpp:689] Core 60: skipped 1024 AICore record slot(s) with start_time=0 (race-window write or recycled-buffer tail). buf seq=0 count=1024
[mono_ns=7228919975230555][T0xe00ce5fcbca0][WARN] copy_aicore_buffer: [chip_swimlane_collector.cpp:689] Core 62: skipped 1024 AICore record slot(s) with start_time=0 (race-window write or recycled-buffer tail). buf seq=0 count=1024
[mono_ns=7228919975243785][T0xe00ce57bbca0][WARN] copy_aicore_buffer: [chip_swimlane_collector.cpp:689] Core 20: skipped 1024 AICore record slot(s) with start_time=0 (race-window write or recycled-buffer tail). buf seq=0 count=1024
[mono_ns=7228919975539816][T0xe00cf0d3aca0][WARN] copy_aicore_buffer: [chip_swimlane_collector.cpp:689] Core 61: skipped 1024 AICore record slot(s) with start_time=0 (race-window write or recycled-buffer tail). buf seq=0 count=1024
[mono_ns=7228919975542916][T0xe00ce5fcbca0][WARN] copy_aicore_buffer: [chip_swimlane_collector.cpp:689] Core 63: skipped 1024 AICore record slot(s) with start_time=0 (race-window write or recycled-buffer tail). buf seq=0 count=1024
[mono_ns=7228919975567576][T0xe00ce57bbca0][WARN] copy_aicore_buffer: [chip_swimlane_collector.cpp:689] Core 64: skipped 1024 AICore record slot(s) with start_time=0 (race-window write or recycled-buffer tail). buf seq=0 count=1024
[mono_ns=7228919975851528][T0xe00cf0d3aca0][WARN] copy_aicore_buffer: [chip_swimlane_collector.cpp:689] Core 21: skipped 1024 AICore record slot(s) with start_time=0 (race-window write or recycled-buffer tail). buf seq=0 count=1024
[mono_ns=7228919975853978][T0xe00ce5fcbca0][WARN] copy_aicore_buffer: [chip_swimlane_collector.cpp:689] Core 22: skipped 1024 AICore record slot(s) with start_time=0 (race-window write or recycled-buffer tail). buf seq=0 count=1024
[mono_ns=7228919975935308][T0xe00ce57bbca0][WARN] copy_aicore_buffer: [chip_swimlane_collector.cpp:689] Core 65: skipped 1024 AICore record slot(s) with start_time=0 (race-window write or recycled-buffer tail). buf seq=0 count=1024
[mono_ns=7228919976181259][T0xe00cf0d3aca0][WARN] copy_aicore_buffer: [chip_swimlane_collector.cpp:689] Core 66: skipped 1024 AICore record slot(s) with start_time=0 (race-window write or recycled-buffer tail). buf seq=0 count=1024
[mono_ns=7228919976181719][T0xe00ce5fcbca0][WARN] copy_aicore_buffer: [chip_swimlane_collector.cpp:689] Core 68: skipped 1024 AICore record slot(s) with start_time=0 (race-window write or recycled-buffer tail). buf seq=0 count=1024
[mono_ns=7228919976280220][T0xe00ce57bbca0][WARN] copy_aicore_buffer: [chip_swimlane_collector.cpp:689] Core 23: skipped 1024 AICore record slot(s) with start_time=0 (race-window write or recycled-buffer tail). buf seq=0 count=1024
[mono_ns=7228919976492871][T0xe00cf0d3aca0][WARN] copy_aicore_buffer: [chip_swimlane_collector.cpp:689] Core 67: skipped 1024 AICore record slot(s) with start_time=0 (race-window write or recycled-buffer tail). buf seq=0 count=1024
[mono_ns=7228919976495181][T0xe00ce5fcbca0][WARN] copy_aicore_buffer: [chip_swimlane_collector.cpp:689] Core 69: skipped 1024 AICore record slot(s) with start_time=0 (race-window write or recycled-buffer tail). buf seq=0 count=1024
[mono_ns=7228919976609821][T0xe00ce57bbca0][WARN] copy_aicore_buffer: [chip_swimlane_collector.cpp:689] Core 70: skipped 1024 AICore record slot(s) with start_time=0 (race-window write or recycled-buffer tail). buf seq=0 count=1024
[mono_ns=7228919976939283][T0xe00ce57bbca0][WARN] copy_aicore_buffer: [chip_swimlane_collector.cpp:689] Core 71: skipped 1024 AICore record slot(s) with start_time=0 (race-window write or recycled-buffer tail). buf seq=0 count=1024
[mono_ns=7228920077587551][T0xe00e4254b020][TIMING] emit_host_span: [STRACE] v=1 pid=3843427 tid=3843427 inv=10 hid=db84953f453049e3 depth=1 name=chip.run.runner_run ts=7228919964593248 dur=112986533 
[mono_ns=7228920077705692][T0xe00e4254b020][TIMING] emit_host_span: [STRACE] v=1 pid=3843427 tid=3843427 inv=10 hid=db84953f453049e3 depth=1 name=chip.run.validate ts=7228920077603141 dur=98731 
[mono_ns=7228920077718292][T0xe00e4254b020][TIMING] emit_host_span: [STRACE] v=1 pid=3843427 tid=3843427 inv=10 hid=db84953f453049e3 depth=2 name=chip.run.runner_run.device_wall ts=0 dur=4034539 clk=dev
[mono_ns=7228920077723542][T0xe00e4254b020][TIMING] emit_host_span: [STRACE] v=1 pid=3843427 tid=3843427 inv=10 hid=db84953f453049e3 depth=3 name=chip.run.runner_run.device_wall.preamble ts=0 dur=667500 clk=dev
[mono_ns=7228920077728092][T0xe00e4254b020][TIMING] emit_host_span: [STRACE] v=1 pid=3843427 tid=3843427 inv=10 hid=db84953f453049e3 depth=3 name=chip.run.runner_run.device_wall.graph_build ts=663500 dur=3361580 clk=dev
[mono_ns=7228920077732222][T0xe00e4254b020][TIMING] emit_host_span: [STRACE] v=1 pid=3843427 tid=3843427 inv=10 hid=db84953f453049e3 depth=3 name=chip.run.runner_run.device_wall.config_validate ts=663640 dur=700 clk=dev
[mono_ns=7228920077787412][T0xe00e4254b020][TIMING] emit_host_span: [STRACE] v=1 pid=3843427 tid=3843427 inv=10 hid=db84953f453049e3 depth=3 name=chip.run.runner_run.device_wall.arena_wire ts=664380 dur=320 clk=dev
[mono_ns=7228920077791052][T0xe00e4254b020][TIMING] emit_host_span: [STRACE] v=1 pid=3843427 tid=3843427 inv=10 hid=db84953f453049e3 depth=3 name=chip.run.runner_run.device_wall.sm_reset ts=664720 dur=1180 clk=dev
[mono_ns=7228920077794572][T0xe00e4254b020][TIMING] emit_host_span: [STRACE] v=1 pid=3843427 tid=3843427 inv=10 hid=db84953f453049e3 depth=3 name=chip.run.runner_run.device_wall.post_orch ts=4025100 dur=9380 clk=dev
[mono_ns=7228920077797902][T0xe00e4254b020][TIMING] emit_host_span: [STRACE] v=1 pid=3843427 tid=3843427 inv=10 hid=db84953f453049e3 depth=3 name=chip.run.runner_run.device_wall.orch ts=665939 dur=3860 clk=dev
[mono_ns=7228920077801662][T0xe00e4254b020][TIMING] emit_host_span: [STRACE] v=1 pid=3843427 tid=3843427 inv=10 hid=db84953f453049e3 depth=3 name=chip.run.runner_run.device_wall.sched ts=667700 dur=3338640 clk=dev
[mono_ns=7228920077807032][T0xe00e4254b020][TIMING] emit_host_span: [STRACE] v=1 pid=3843427 tid=3843427 inv=10 hid=db84953f453049e3 depth=1 name=chip.run.claim_release ts=7228920077804702 dur=490 
[mono_ns=7228920077812442][T0xe00e4254b020][TIMING] emit_host_span: [STRACE] v=1 pid=3843427 tid=3843427 inv=10 hid=db84953f453049e3 depth=0 name=chip.run ts=7228919963977505 dur=113832897 run_id=10 dispatch_id=10 slot_id=0 generation=10 run_epoch=10
[mono_ns=7228924952117373][T0xe00e4254b020][TIMING] emit_host_span: [STRACE] v=1 pid=3843427 tid=3843427 inv=11 hid=db84953f453049e3 depth=2 name=chip.run.bind.args ts=7228924951951942 dur=159421 
[mono_ns=7228924952137583][T0xe00e4254b020][TIMING] emit_host_span: [STRACE] v=1 pid=3843427 tid=3843427 inv=11 hid=db84953f453049e3 depth=2 name=chip.run.bind.prebuilt ts=7228924952129813 dur=5250 
[mono_ns=7228924952143233][T0xe00e4254b020][TIMING] emit_host_span: [STRACE] v=1 pid=3843427 tid=3843427 inv=11 hid=db84953f453049e3 depth=1 name=chip.run.bind ts=7228924951940462 dur=200321 
[mono_ns=7228925056788750][T0xe00e4254b020][TIMING] emit_host_span: [STRACE] v=1 pid=3843427 tid=3843427 inv=11 hid=db84953f453049e3 depth=1 name=chip.run.runner_run ts=7228924952394644 dur=104385336 
[mono_ns=7228925056913271][T0xe00e4254b020][TIMING] emit_host_span: [STRACE] v=1 pid=3843427 tid=3843427 inv=11 hid=db84953f453049e3 depth=1 name=chip.run.validate ts=7228925056805570 dur=103931 
[mono_ns=7228925056925481][T0xe00e4254b020][TIMING] emit_host_span: [STRACE] v=1 pid=3843427 tid=3843427 inv=11 hid=db84953f453049e3 depth=2 name=chip.run.runner_run.device_wall ts=0 dur=4545600 clk=dev
[mono_ns=7228925056929791][T0xe00e4254b020][TIMING] emit_host_span: [STRACE] v=1 pid=3843427 tid=3843427 inv=11 hid=db84953f453049e3 depth=3 name=chip.run.runner_run.device_wall.preamble ts=0 dur=6939 clk=dev
[mono_ns=7228925056934281][T0xe00e4254b020][TIMING] emit_host_span: [STRACE] v=1 pid=3843427 tid=3843427 inv=11 hid=db84953f453049e3 depth=3 name=chip.run.runner_run.device_wall.graph_build ts=1700 dur=4534139 clk=dev
[mono_ns=7228925056992061][T0xe00e4254b020][TIMING] emit_host_span: [STRACE] v=1 pid=3843427 tid=3843427 inv=11 hid=db84953f453049e3 depth=3 name=chip.run.runner_run.device_wall.config_validate ts=2320 dur=1100 clk=dev
[mono_ns=7228925056995801][T0xe00e4254b020][TIMING] emit_host_span: [STRACE] v=1 pid=3843427 tid=3843427 inv=11 hid=db84953f453049e3 depth=3 name=chip.run.runner_run.device_wall.arena_wire ts=3620 dur=840 clk=dev
[mono_ns=7228925056999891][T0xe00e4254b020][TIMING] emit_host_span: [STRACE] v=1 pid=3843427 tid=3843427 inv=11 hid=db84953f453049e3 depth=3 name=chip.run.runner_run.device_wall.sm_reset ts=4660 dur=1799 clk=dev
[mono_ns=7228925057015541][T0xe00e4254b020][TIMING] emit_host_span: [STRACE] v=1 pid=3843427 tid=3843427 inv=11 hid=db84953f453049e3 depth=3 name=chip.run.runner_run.device_wall.post_orch ts=4535860 dur=9639 clk=dev
[mono_ns=7228925057019811][T0xe00e4254b020][TIMING] emit_host_span: [STRACE] v=1 pid=3843427 tid=3843427 inv=11 hid=db84953f453049e3 depth=3 name=chip.run.runner_run.device_wall.orch ts=7180 dur=8399 clk=dev
[mono_ns=7228925057023121][T0xe00e4254b020][TIMING] emit_host_span: [STRACE] v=1 pid=3843427 tid=3843427 inv=11 hid=db84953f453049e3 depth=3 name=chip.run.runner_run.device_wall.sched ts=7720 dur=4520360 clk=dev
[mono_ns=7228925057029111][T0xe00e4254b020][TIMING] emit_host_span: [STRACE] v=1 pid=3843427 tid=3843427 inv=11 hid=db84953f453049e3 depth=1 name=chip.run.claim_release ts=7228925057026321 dur=910 
[mono_ns=7228925057034241][T0xe00e4254b020][TIMING] emit_host_span: [STRACE] v=1 pid=3843427 tid=3843427 inv=11 hid=db84953f453049e3 depth=0 name=chip.run ts=7228924951878992 dur=105153209 run_id=11 dispatch_id=11 slot_id=0 generation=11 run_epoch=11
[mono_ns=7228925070119450][T0xe00e4254b020][TIMING] emit_host_span: [STRACE] v=1 pid=3843427 tid=3843427 inv=12 hid=db84953f453049e3 depth=2 name=chip.run.bind.args ts=7228925069989869 dur=124681 
[mono_ns=7228925070137970][T0xe00e4254b020][TIMING] emit_host_span: [STRACE] v=1 pid=3843427 tid=3843427 inv=12 hid=db84953f453049e3 depth=2 name=chip.run.bind.prebuilt ts=7228925070131430 dur=4110 
[mono_ns=7228925070143000][T0xe00e4254b020][TIMING] emit_host_span: [STRACE] v=1 pid=3843427 tid=3843427 inv=12 hid=db84953f453049e3 depth=1 name=chip.run.bind ts=7228925069978269 dur=162431 
[mono_ns=7228925074933311][T0xe00cf0d3aca0][WARN] copy_aicore_buffer: [chip_swimlane_collector.cpp:689] Core 0: skipped 1024 AICore record slot(s) with start_time=0 (race-window write or recycled-buffer tail). buf seq=0 count=1024
[mono_ns=7228925074942271][T0xe00ce5fcbca0][WARN] copy_aicore_buffer: [chip_swimlane_collector.cpp:689] Core 1: skipped 1024 AICore record slot(s) with start_time=0 (race-window write or recycled-buffer tail). buf seq=0 count=1024
[mono_ns=7228925074956051][T0xe00ce57bbca0][WARN] copy_aicore_buffer: [chip_swimlane_collector.cpp:689] Core 2: skipped 1024 AICore record slot(s) with start_time=0 (race-window write or recycled-buffer tail). buf seq=0 count=1024
[mono_ns=7228925075273473][T0xe00cf0d3aca0][WARN] copy_aicore_buffer: [chip_swimlane_collector.cpp:689] Core 24: skipped 1024 AICore record slot(s) with start_time=0 (race-window write or recycled-buffer tail). buf seq=0 count=1024
[mono_ns=7228925075275423][T0xe00ce5fcbca0][WARN] copy_aicore_buffer: [chip_swimlane_collector.cpp:689] Core 26: skipped 1023 AICore record slot(s) with start_time=0 (race-window write or recycled-buffer tail). buf seq=0 count=1024
[mono_ns=7228925075317183][T0xe00ce57bbca0][WARN] copy_aicore_buffer: [chip_swimlane_collector.cpp:689] Core 28: skipped 1022 AICore record slot(s) with start_time=0 (race-window write or recycled-buffer tail). buf seq=0 count=1024
[mono_ns=7228925075587644][T0xe00cf0d3aca0][WARN] copy_aicore_buffer: [chip_swimlane_collector.cpp:689] Core 25: skipped 1024 AICore record slot(s) with start_time=0 (race-window write or recycled-buffer tail). buf seq=0 count=1024
[mono_ns=7228925075632924][T0xe00ce5fcbca0][WARN] copy_aicore_buffer: [chip_swimlane_collector.cpp:689] Core 27: skipped 1024 AICore record slot(s) with start_time=0 (race-window write or recycled-buffer tail). buf seq=0 count=1024
[mono_ns=7228925075645095][T0xe00ce57bbca0][WARN] copy_aicore_buffer: [chip_swimlane_collector.cpp:689] Core 29: skipped 1024 AICore record slot(s) with start_time=0 (race-window write or recycled-buffer tail). buf seq=0 count=1024
[mono_ns=7228925075899966][T0xe00cf0d3aca0][WARN] copy_aicore_buffer: [chip_swimlane_collector.cpp:689] Core 3: skipped 1024 AICore record slot(s) with start_time=0 (race-window write or recycled-buffer tail). buf seq=0 count=1024
[mono_ns=7228925075948156][T0xe00ce5fcbca0][WARN] copy_aicore_buffer: [chip_swimlane_collector.cpp:689] Core 4: skipped 1024 AICore record slot(s) with start_time=0 (race-window write or recycled-buffer tail). buf seq=0 count=1024
[mono_ns=7228925075976416][T0xe00ce57bbca0][WARN] copy_aicore_buffer: [chip_swimlane_collector.cpp:689] Core 5: skipped 1024 AICore record slot(s) with start_time=0 (race-window write or recycled-buffer tail). buf seq=0 count=1024
[mono_ns=7228925076226317][T0xe00cf0d3aca0][WARN] copy_aicore_buffer: [chip_swimlane_collector.cpp:689] Core 30: skipped 1024 AICore record slot(s) with start_time=0 (race-window write or recycled-buffer tail). buf seq=0 count=1024
[mono_ns=7228925076277007][T0xe00ce5fcbca0][WARN] copy_aicore_buffer: [chip_swimlane_collector.cpp:689] Core 32: skipped 1024 AICore record slot(s) with start_time=0 (race-window write or recycled-buffer tail). buf seq=0 count=1024
[mono_ns=7228925076370108][T0xe00ce57bbca0][WARN] copy_aicore_buffer: [chip_swimlane_collector.cpp:689] Core 34: skipped 1024 AICore record slot(s) with start_time=0 (race-window write or recycled-buffer tail). buf seq=0 count=1024
[mono_ns=7228925076539199][T0xe00cf0d3aca0][WARN] copy_aicore_buffer: [chip_swimlane_collector.cpp:689] Core 31: skipped 1024 AICore record slot(s) with start_time=0 (race-window write or recycled-buffer tail). buf seq=0 count=1024
[mono_ns=7228925076589799][T0xe00ce5fcbca0][WARN] copy_aicore_buffer: [chip_swimlane_collector.cpp:689] Core 33: skipped 1024 AICore record slot(s) with start_time=0 (race-window write or recycled-buffer tail). buf seq=0 count=1024
[mono_ns=7228925076698159][T0xe00ce57bbca0][WARN] copy_aicore_buffer: [chip_swimlane_collector.cpp:689] Core 35: skipped 1024 AICore record slot(s) with start_time=0 (race-window write or recycled-buffer tail). buf seq=0 count=1024
[mono_ns=7228925076851630][T0xe00cf0d3aca0][WARN] copy_aicore_buffer: [chip_swimlane_collector.cpp:689] Core 6: skipped 1024 AICore record slot(s) with start_time=0 (race-window write or recycled-buffer tail). buf seq=0 count=1024
[mono_ns=7228925076903350][T0xe00ce5fcbca0][WARN] copy_aicore_buffer: [chip_swimlane_collector.cpp:689] Core 7: skipped 1024 AICore record slot(s) with start_time=0 (race-window write or recycled-buffer tail). buf seq=0 count=1024
[mono_ns=7228925077040431][T0xe00ce57bbca0][WARN] copy_aicore_buffer: [chip_swimlane_collector.cpp:689] Core 8: skipped 1024 AICore record slot(s) with start_time=0 (race-window write or recycled-buffer tail). buf seq=0 count=1024
[mono_ns=7228925077175741][T0xe00cf0d3aca0][WARN] copy_aicore_buffer: [chip_swimlane_collector.cpp:689] Core 36: skipped 1024 AICore record slot(s) with start_time=0 (race-window write or recycled-buffer tail). buf seq=0 count=1024
[mono_ns=7228925077251812][T0xe00ce5fcbca0][WARN] copy_aicore_buffer: [chip_swimlane_collector.cpp:689] Core 38: skipped 1024 AICore record slot(s) with start_time=0 (race-window write or recycled-buffer tail). buf seq=0 count=1024
[mono_ns=7228925077369492][T0xe00ce57bbca0][WARN] copy_aicore_buffer: [chip_swimlane_collector.cpp:689] Core 40: skipped 1024 AICore record slot(s) with start_time=0 (race-window write or recycled-buffer tail). buf seq=0 count=1024
[mono_ns=7228925077487783][T0xe00cf0d3aca0][WARN] copy_aicore_buffer: [chip_swimlane_collector.cpp:689] Core 37: skipped 1024 AICore record slot(s) with start_time=0 (race-window write or recycled-buffer tail). buf seq=0 count=1024
[mono_ns=7228925077564603][T0xe00ce5fcbca0][WARN] copy_aicore_buffer: [chip_swimlane_collector.cpp:689] Core 39: skipped 1024 AICore record slot(s) with start_time=0 (race-window write or recycled-buffer tail). buf seq=0 count=1024
[mono_ns=7228925077698754][T0xe00ce57bbca0][WARN] copy_aicore_buffer: [chip_swimlane_collector.cpp:689] Core 41: skipped 1024 AICore record slot(s) with start_time=0 (race-window write or recycled-buffer tail). buf seq=0 count=1024
[mono_ns=7228925077799774][T0xe00cf0d3aca0][WARN] copy_aicore_buffer: [chip_swimlane_collector.cpp:689] Core 9: skipped 1024 AICore record slot(s) with start_time=0 (race-window write or recycled-buffer tail). buf seq=0 count=1024
[mono_ns=7228925077877745][T0xe00ce5fcbca0][WARN] copy_aicore_buffer: [chip_swimlane_collector.cpp:689] Core 10: skipped 1024 AICore record slot(s) with start_time=0 (race-window write or recycled-buffer tail). buf seq=0 count=1024
[mono_ns=7228925078035295][T0xe00ce57bbca0][WARN] copy_aicore_buffer: [chip_swimlane_collector.cpp:689] Core 11: skipped 1024 AICore record slot(s) with start_time=0 (race-window write or recycled-buffer tail). buf seq=0 count=1024
[mono_ns=7228925078141296][T0xe00cf0d3aca0][WARN] copy_aicore_buffer: [chip_swimlane_collector.cpp:689] Core 42: skipped 1024 AICore record slot(s) with start_time=0 (race-window write or recycled-buffer tail). buf seq=0 count=1024
[mono_ns=7228925078203466][T0xe00ce5fcbca0][WARN] copy_aicore_buffer: [chip_swimlane_collector.cpp:689] Core 44: skipped 1024 AICore record slot(s) with start_time=0 (race-window write or recycled-buffer tail). buf seq=0 count=1024
[mono_ns=7228925078398687][T0xe00ce57bbca0][WARN] copy_aicore_buffer: [chip_swimlane_collector.cpp:689] Core 46: skipped 1024 AICore record slot(s) with start_time=0 (race-window write or recycled-buffer tail). buf seq=0 count=1024
[mono_ns=7228925078452987][T0xe00cf0d3aca0][WARN] copy_aicore_buffer: [chip_swimlane_collector.cpp:689] Core 43: skipped 1024 AICore record slot(s) with start_time=0 (race-window write or recycled-buffer tail). buf seq=0 count=1024
[mono_ns=7228925078516517][T0xe00ce5fcbca0][WARN] copy_aicore_buffer: [chip_swimlane_collector.cpp:689] Core 45: skipped 1024 AICore record slot(s) with start_time=0 (race-window write or recycled-buffer tail). buf seq=0 count=1024
[mono_ns=7228925078728178][T0xe00ce57bbca0][WARN] copy_aicore_buffer: [chip_swimlane_collector.cpp:689] Core 47: skipped 1024 AICore record slot(s) with start_time=0 (race-window write or recycled-buffer tail). buf seq=0 count=1024
[mono_ns=7228925078764838][T0xe00cf0d3aca0][WARN] copy_aicore_buffer: [chip_swimlane_collector.cpp:689] Core 12: skipped 1024 AICore record slot(s) with start_time=0 (race-window write or recycled-buffer tail). buf seq=0 count=1024
[mono_ns=7228925078829749][T0xe00ce5fcbca0][WARN] copy_aicore_buffer: [chip_swimlane_collector.cpp:689] Core 13: skipped 1024 AICore record slot(s) with start_time=0 (race-window write or recycled-buffer tail). buf seq=0 count=1024
[mono_ns=7228925079080870][T0xe00ce57bbca0][WARN] copy_aicore_buffer: [chip_swimlane_collector.cpp:689] Core 14: skipped 1024 AICore record slot(s) with start_time=0 (race-window write or recycled-buffer tail). buf seq=0 count=1024
[mono_ns=7228925079082930][T0xe00cf0d3aca0][WARN] copy_aicore_buffer: [chip_swimlane_collector.cpp:689] Core 48: skipped 1024 AICore record slot(s) with start_time=0 (race-window write or recycled-buffer tail). buf seq=0 count=1024
[mono_ns=7228925079147310][T0xe00ce5fcbca0][WARN] copy_aicore_buffer: [chip_swimlane_collector.cpp:689] Core 50: skipped 1024 AICore record slot(s) with start_time=0 (race-window write or recycled-buffer tail). buf seq=0 count=1024
[mono_ns=7228925079395911][T0xe00cf0d3aca0][WARN] copy_aicore_buffer: [chip_swimlane_collector.cpp:689] Core 49: skipped 1024 AICore record slot(s) with start_time=0 (race-window write or recycled-buffer tail). buf seq=0 count=1024
[mono_ns=7228925079410961][T0xe00ce57bbca0][WARN] copy_aicore_buffer: [chip_swimlane_collector.cpp:689] Core 52: skipped 1024 AICore record slot(s) with start_time=0 (race-window write or recycled-buffer tail). buf seq=0 count=1024
[mono_ns=7228925079460142][T0xe00ce5fcbca0][WARN] copy_aicore_buffer: [chip_swimlane_collector.cpp:689] Core 51: skipped 1024 AICore record slot(s) with start_time=0 (race-window write or recycled-buffer tail). buf seq=0 count=1024
[mono_ns=7228925079707053][T0xe00cf0d3aca0][WARN] copy_aicore_buffer: [chip_swimlane_collector.cpp:689] Core 15: skipped 1024 AICore record slot(s) with start_time=0 (race-window write or recycled-buffer tail). buf seq=0 count=1024
[mono_ns=7228925079771093][T0xe00ce5fcbca0][WARN] copy_aicore_buffer: [chip_swimlane_collector.cpp:689] Core 16: skipped 1024 AICore record slot(s) with start_time=0 (race-window write or recycled-buffer tail). buf seq=0 count=1024
[mono_ns=7228925079775443][T0xe00ce57bbca0][WARN] copy_aicore_buffer: [chip_swimlane_collector.cpp:689] Core 53: skipped 1024 AICore record slot(s) with start_time=0 (race-window write or recycled-buffer tail). buf seq=0 count=1024
[mono_ns=7228925080028604][T0xe00cf0d3aca0][WARN] copy_aicore_buffer: [chip_swimlane_collector.cpp:689] Core 54: skipped 1024 AICore record slot(s) with start_time=0 (race-window write or recycled-buffer tail). buf seq=0 count=1024
[mono_ns=7228925080099294][T0xe00ce5fcbca0][WARN] copy_aicore_buffer: [chip_swimlane_collector.cpp:689] Core 56: skipped 1024 AICore record slot(s) with start_time=0 (race-window write or recycled-buffer tail). buf seq=0 count=1024
[mono_ns=7228925080113844][T0xe00ce57bbca0][WARN] copy_aicore_buffer: [chip_swimlane_collector.cpp:689] Core 17: skipped 1024 AICore record slot(s) with start_time=0 (race-window write or recycled-buffer tail). buf seq=0 count=1024
[mono_ns=7228925080341766][T0xe00cf0d3aca0][WARN] copy_aicore_buffer: [chip_swimlane_collector.cpp:689] Core 55: skipped 1024 AICore record slot(s) with start_time=0 (race-window write or recycled-buffer tail). buf seq=0 count=1024
[mono_ns=7228925080412586][T0xe00ce5fcbca0][WARN] copy_aicore_buffer: [chip_swimlane_collector.cpp:689] Core 57: skipped 1024 AICore record slot(s) with start_time=0 (race-window write or recycled-buffer tail). buf seq=0 count=1024
[mono_ns=7228925080442016][T0xe00ce57bbca0][WARN] copy_aicore_buffer: [chip_swimlane_collector.cpp:689] Core 58: skipped 1024 AICore record slot(s) with start_time=0 (race-window write or recycled-buffer tail). buf seq=0 count=1024
[mono_ns=7228925080697297][T0xe00cf0d3aca0][WARN] copy_aicore_buffer: [chip_swimlane_collector.cpp:689] Core 18: skipped 1024 AICore record slot(s) with start_time=0 (race-window write or recycled-buffer tail). buf seq=0 count=1024
[mono_ns=7228925080725287][T0xe00ce5fcbca0][WARN] copy_aicore_buffer: [chip_swimlane_collector.cpp:689] Core 19: skipped 1024 AICore record slot(s) with start_time=0 (race-window write or recycled-buffer tail). buf seq=0 count=1024
[mono_ns=7228925080770967][T0xe00ce57bbca0][WARN] copy_aicore_buffer: [chip_swimlane_collector.cpp:689] Core 59: skipped 1024 AICore record slot(s) with start_time=0 (race-window write or recycled-buffer tail). buf seq=0 count=1024
[mono_ns=7228925081023889][T0xe00cf0d3aca0][WARN] copy_aicore_buffer: [chip_swimlane_collector.cpp:689] Core 60: skipped 1024 AICore record slot(s) with start_time=0 (race-window write or recycled-buffer tail). buf seq=0 count=1024
[mono_ns=7228925081048499][T0xe00ce5fcbca0][WARN] copy_aicore_buffer: [chip_swimlane_collector.cpp:689] Core 62: skipped 1024 AICore record slot(s) with start_time=0 (race-window write or recycled-buffer tail). buf seq=0 count=1024
[mono_ns=7228925081112239][T0xe00ce57bbca0][WARN] copy_aicore_buffer: [chip_swimlane_collector.cpp:689] Core 20: skipped 1024 AICore record slot(s) with start_time=0 (race-window write or recycled-buffer tail). buf seq=0 count=1024
[mono_ns=7228925081336260][T0xe00cf0d3aca0][WARN] copy_aicore_buffer: [chip_swimlane_collector.cpp:689] Core 61: skipped 1024 AICore record slot(s) with start_time=0 (race-window write or recycled-buffer tail). buf seq=0 count=1024
[mono_ns=7228925081361250][T0xe00ce5fcbca0][WARN] copy_aicore_buffer: [chip_swimlane_collector.cpp:689] Core 63: skipped 1024 AICore record slot(s) with start_time=0 (race-window write or recycled-buffer tail). buf seq=0 count=1024
[mono_ns=7228925081454220][T0xe00ce57bbca0][WARN] copy_aicore_buffer: [chip_swimlane_collector.cpp:689] Core 64: skipped 1024 AICore record slot(s) with start_time=0 (race-window write or recycled-buffer tail). buf seq=0 count=1024
[mono_ns=7228925081647431][T0xe00cf0d3aca0][WARN] copy_aicore_buffer: [chip_swimlane_collector.cpp:689] Core 21: skipped 1024 AICore record slot(s) with start_time=0 (race-window write or recycled-buffer tail). buf seq=0 count=1024
[mono_ns=7228925081673991][T0xe00ce5fcbca0][WARN] copy_aicore_buffer: [chip_swimlane_collector.cpp:689] Core 22: skipped 1024 AICore record slot(s) with start_time=0 (race-window write or recycled-buffer tail). buf seq=0 count=1024
[mono_ns=7228925081783242][T0xe00ce57bbca0][WARN] copy_aicore_buffer: [chip_swimlane_collector.cpp:689] Core 65: skipped 1024 AICore record slot(s) with start_time=0 (race-window write or recycled-buffer tail). buf seq=0 count=1024
[mono_ns=7228925081959863][T0xe00cf0d3aca0][WARN] copy_aicore_buffer: [chip_swimlane_collector.cpp:689] Core 66: skipped 1024 AICore record slot(s) with start_time=0 (race-window write or recycled-buffer tail). buf seq=0 count=1024
[mono_ns=7228925081985843][T0xe00ce5fcbca0][WARN] copy_aicore_buffer: [chip_swimlane_collector.cpp:689] Core 68: skipped 1024 AICore record slot(s) with start_time=0 (race-window write or recycled-buffer tail). buf seq=0 count=1024
[mono_ns=7228925082124783][T0xe00ce57bbca0][WARN] copy_aicore_buffer: [chip_swimlane_collector.cpp:689] Core 23: skipped 1024 AICore record slot(s) with start_time=0 (race-window write or recycled-buffer tail). buf seq=0 count=1024
[mono_ns=7228925082285224][T0xe00cf0d3aca0][WARN] copy_aicore_buffer: [chip_swimlane_collector.cpp:689] Core 67: skipped 1024 AICore record slot(s) with start_time=0 (race-window write or recycled-buffer tail). buf seq=0 count=1024
[mono_ns=7228925082317434][T0xe00ce5fcbca0][WARN] copy_aicore_buffer: [chip_swimlane_collector.cpp:689] Core 69: skipped 1024 AICore record slot(s) with start_time=0 (race-window write or recycled-buffer tail). buf seq=0 count=1024
[mono_ns=7228925082477185][T0xe00ce57bbca0][WARN] copy_aicore_buffer: [chip_swimlane_collector.cpp:689] Core 70: skipped 1024 AICore record slot(s) with start_time=0 (race-window write or recycled-buffer tail). buf seq=0 count=1024
[mono_ns=7228925082805847][T0xe00ce57bbca0][WARN] copy_aicore_buffer: [chip_swimlane_collector.cpp:689] Core 71: skipped 1024 AICore record slot(s) with start_time=0 (race-window write or recycled-buffer tail). buf seq=0 count=1024
[mono_ns=7228925183248465][T0xe00e4254b020][TIMING] emit_host_span: [STRACE] v=1 pid=3843427 tid=3843427 inv=12 hid=db84953f453049e3 depth=1 name=chip.run.runner_run ts=7228925070446211 dur=112796074 
[mono_ns=7228925183349326][T0xe00e4254b020][TIMING] emit_host_span: [STRACE] v=1 pid=3843427 tid=3843427 inv=12 hid=db84953f453049e3 depth=1 name=chip.run.validate ts=7228925183262275 dur=83651 
[mono_ns=7228925183392086][T0xe00e4254b020][TIMING] emit_host_span: [STRACE] v=1 pid=3843427 tid=3843427 inv=12 hid=db84953f453049e3 depth=2 name=chip.run.runner_run.device_wall ts=0 dur=4005860 clk=dev
[mono_ns=7228925183396646][T0xe00e4254b020][TIMING] emit_host_span: [STRACE] v=1 pid=3843427 tid=3843427 inv=12 hid=db84953f453049e3 depth=3 name=chip.run.runner_run.device_wall.preamble ts=0 dur=612600 clk=dev
[mono_ns=7228925183401116][T0xe00e4254b020][TIMING] emit_host_span: [STRACE] v=1 pid=3843427 tid=3843427 inv=12 hid=db84953f453049e3 depth=3 name=chip.run.runner_run.device_wall.graph_build ts=608200 dur=3388680 clk=dev
[mono_ns=7228925183404306][T0xe00e4254b020][TIMING] emit_host_span: [STRACE] v=1 pid=3843427 tid=3843427 inv=12 hid=db84953f453049e3 depth=3 name=chip.run.runner_run.device_wall.config_validate ts=608460 dur=860 clk=dev
[mono_ns=7228925183409346][T0xe00e4254b020][TIMING] emit_host_span: [STRACE] v=1 pid=3843427 tid=3843427 inv=12 hid=db84953f453049e3 depth=3 name=chip.run.runner_run.device_wall.arena_wire ts=609360 dur=459 clk=dev
[mono_ns=7228925183413656][T0xe00e4254b020][TIMING] emit_host_span: [STRACE] v=1 pid=3843427 tid=3843427 inv=12 hid=db84953f453049e3 depth=3 name=chip.run.runner_run.device_wall.sm_reset ts=609860 dur=1000 clk=dev
[mono_ns=7228925183418106][T0xe00e4254b020][TIMING] emit_host_span: [STRACE] v=1 pid=3843427 tid=3843427 inv=12 hid=db84953f453049e3 depth=3 name=chip.run.runner_run.device_wall.post_orch ts=3996900 dur=8840 clk=dev
[mono_ns=7228925183420956][T0xe00e4254b020][TIMING] emit_host_span: [STRACE] v=1 pid=3843427 tid=3843427 inv=12 hid=db84953f453049e3 depth=3 name=chip.run.runner_run.device_wall.orch ts=610900 dur=3940 clk=dev
[mono_ns=7228925183449786][T0xe00e4254b020][TIMING] emit_host_span: [STRACE] v=1 pid=3843427 tid=3843427 inv=12 hid=db84953f453049e3 depth=3 name=chip.run.runner_run.device_wall.sched ts=613000 dur=3365340 clk=dev
[mono_ns=7228925183454156][T0xe00e4254b020][TIMING] emit_host_span: [STRACE] v=1 pid=3843427 tid=3843427 inv=12 hid=db84953f453049e3 depth=1 name=chip.run.claim_release ts=7228925183452026 dur=300 
[mono_ns=7228925183459566][T0xe00e4254b020][TIMING] emit_host_span: [STRACE] v=1 pid=3843427 tid=3843427 inv=12 hid=db84953f453049e3 depth=0 name=chip.run ts=7228925069933799 dur=113523807 run_id=12 dispatch_id=12 slot_id=0 generation=12 run_epoch=12
[mono_ns=7228930044320073][T0xe00e4254b020][TIMING] emit_host_span: [STRACE] v=1 pid=3843427 tid=3843427 inv=13 hid=db84953f453049e3 depth=2 name=chip.run.bind.args ts=7228930043896091 dur=415812 
[mono_ns=7228930044341413][T0xe00e4254b020][TIMING] emit_host_span: [STRACE] v=1 pid=3843427 tid=3843427 inv=13 hid=db84953f453049e3 depth=2 name=chip.run.bind.prebuilt ts=7228930044333763 dur=4310 
[mono_ns=7228930044346973][T0xe00e4254b020][TIMING] emit_host_span: [STRACE] v=1 pid=3843427 tid=3843427 inv=13 hid=db84953f453049e3 depth=1 name=chip.run.bind ts=7228930043884071 dur=460202 
[mono_ns=7228930149168393][T0xe00e4254b020][TIMING] emit_host_span: [STRACE] v=1 pid=3843427 tid=3843427 inv=13 hid=db84953f453049e3 depth=1 name=chip.run.runner_run ts=7228930044699555 dur=104457198 
[mono_ns=7228930149291343][T0xe00e4254b020][TIMING] emit_host_span: [STRACE] v=1 pid=3843427 tid=3843427 inv=13 hid=db84953f453049e3 depth=1 name=chip.run.validate ts=7228930149186383 dur=101090 
[mono_ns=7228930149312663][T0xe00e4254b020][TIMING] emit_host_span: [STRACE] v=1 pid=3843427 tid=3843427 inv=13 hid=db84953f453049e3 depth=2 name=chip.run.runner_run.device_wall ts=0 dur=4814599 clk=dev
[mono_ns=7228930149317843][T0xe00e4254b020][TIMING] emit_host_span: [STRACE] v=1 pid=3843427 tid=3843427 inv=13 hid=db84953f453049e3 depth=3 name=chip.run.runner_run.device_wall.preamble ts=0 dur=7180 clk=dev
[mono_ns=7228930149322393][T0xe00e4254b020][TIMING] emit_host_span: [STRACE] v=1 pid=3843427 tid=3843427 inv=13 hid=db84953f453049e3 depth=3 name=chip.run.runner_run.device_wall.graph_build ts=1799 dur=4802060 clk=dev
[mono_ns=7228930149325873][T0xe00e4254b020][TIMING] emit_host_span: [STRACE] v=1 pid=3843427 tid=3843427 inv=13 hid=db84953f453049e3 depth=3 name=chip.run.runner_run.device_wall.config_validate ts=2120 dur=1260 clk=dev
[mono_ns=7228930149331173][T0xe00e4254b020][TIMING] emit_host_span: [STRACE] v=1 pid=3843427 tid=3843427 inv=13 hid=db84953f453049e3 depth=3 name=chip.run.runner_run.device_wall.arena_wire ts=3540 dur=740 clk=dev
[mono_ns=7228930149335823][T0xe00e4254b020][TIMING] emit_host_span: [STRACE] v=1 pid=3843427 tid=3843427 inv=13 hid=db84953f453049e3 depth=3 name=chip.run.runner_run.device_wall.sm_reset ts=4460 dur=2060 clk=dev
[mono_ns=7228930149340363][T0xe00e4254b020][TIMING] emit_host_span: [STRACE] v=1 pid=3843427 tid=3843427 inv=13 hid=db84953f453049e3 depth=3 name=chip.run.runner_run.device_wall.post_orch ts=4803920 dur=10500 clk=dev
[mono_ns=7228930149344023][T0xe00e4254b020][TIMING] emit_host_span: [STRACE] v=1 pid=3843427 tid=3843427 inv=13 hid=db84953f453049e3 depth=3 name=chip.run.runner_run.device_wall.orch ts=7460 dur=9900 clk=dev
[mono_ns=7228930149389814][T0xe00e4254b020][TIMING] emit_host_span: [STRACE] v=1 pid=3843427 tid=3843427 inv=13 hid=db84953f453049e3 depth=3 name=chip.run.runner_run.device_wall.sched ts=8060 dur=4787340 clk=dev
[mono_ns=7228930149396294][T0xe00e4254b020][TIMING] emit_host_span: [STRACE] v=1 pid=3843427 tid=3843427 inv=13 hid=db84953f453049e3 depth=1 name=chip.run.claim_release ts=7228930149393464 dur=840 
[mono_ns=7228930149401904][T0xe00e4254b020][TIMING] emit_host_span: [STRACE] v=1 pid=3843427 tid=3843427 inv=13 hid=db84953f453049e3 depth=0 name=chip.run ts=7228930043822241 dur=105577613 run_id=13 dispatch_id=13 slot_id=0 generation=13 run_epoch=13
[mono_ns=7228930165909948][T0xe00e4254b020][TIMING] emit_host_span: [STRACE] v=1 pid=3843427 tid=3843427 inv=14 hid=db84953f453049e3 depth=2 name=chip.run.bind.args ts=7228930165775697 dur=128581 
[mono_ns=7228930165930748][T0xe00e4254b020][TIMING] emit_host_span: [STRACE] v=1 pid=3843427 tid=3843427 inv=14 hid=db84953f453049e3 depth=2 name=chip.run.bind.prebuilt ts=7228930165923548 dur=4740 
[mono_ns=7228930165936388][T0xe00e4254b020][TIMING] emit_host_span: [STRACE] v=1 pid=3843427 tid=3843427 inv=14 hid=db84953f453049e3 depth=1 name=chip.run.bind ts=7228930165763307 dur=170511 
[mono_ns=7228930171921674][T0xe00ce5fcbca0][WARN] copy_aicore_buffer: [chip_swimlane_collector.cpp:689] Core 1: skipped 1024 AICore record slot(s) with start_time=0 (race-window write or recycled-buffer tail). buf seq=0 count=1024
[mono_ns=7228930171921624][T0xe00cf0d3aca0][WARN] copy_aicore_buffer: [chip_swimlane_collector.cpp:689] Core 0: skipped 1024 AICore record slot(s) with start_time=0 (race-window write or recycled-buffer tail). buf seq=0 count=1024
[mono_ns=7228930171940875][T0xe00ce57bbca0][WARN] copy_aicore_buffer: [chip_swimlane_collector.cpp:689] Core 2: skipped 1024 AICore record slot(s) with start_time=0 (race-window write or recycled-buffer tail). buf seq=0 count=1024
[mono_ns=7228930172275826][T0xe00cf0d3aca0][WARN] copy_aicore_buffer: [chip_swimlane_collector.cpp:689] Core 24: skipped 1022 AICore record slot(s) with start_time=0 (race-window write or recycled-buffer tail). buf seq=0 count=1024
[mono_ns=7228930172298366][T0xe00ce5fcbca0][WARN] copy_aicore_buffer: [chip_swimlane_collector.cpp:689] Core 26: skipped 1023 AICore record slot(s) with start_time=0 (race-window write or recycled-buffer tail). buf seq=0 count=1024
[mono_ns=7228930172306716][T0xe00ce57bbca0][WARN] copy_aicore_buffer: [chip_swimlane_collector.cpp:689] Core 28: skipped 1024 AICore record slot(s) with start_time=0 (race-window write or recycled-buffer tail). buf seq=0 count=1024
[mono_ns=7228930172590057][T0xe00cf0d3aca0][WARN] copy_aicore_buffer: [chip_swimlane_collector.cpp:689] Core 25: skipped 1024 AICore record slot(s) with start_time=0 (race-window write or recycled-buffer tail). buf seq=0 count=1024
[mono_ns=7228930172611768][T0xe00ce5fcbca0][WARN] copy_aicore_buffer: [chip_swimlane_collector.cpp:689] Core 27: skipped 1024 AICore record slot(s) with start_time=0 (race-window write or recycled-buffer tail). buf seq=0 count=1024
[mono_ns=7228930172636148][T0xe00ce57bbca0][WARN] copy_aicore_buffer: [chip_swimlane_collector.cpp:689] Core 29: skipped 1024 AICore record slot(s) with start_time=0 (race-window write or recycled-buffer tail). buf seq=0 count=1024
[mono_ns=7228930172926279][T0xe00ce5fcbca0][WARN] copy_aicore_buffer: [chip_swimlane_collector.cpp:689] Core 4: skipped 1024 AICore record slot(s) with start_time=0 (race-window write or recycled-buffer tail). buf seq=0 count=1024
[mono_ns=7228930172927359][T0xe00cf0d3aca0][WARN] copy_aicore_buffer: [chip_swimlane_collector.cpp:689] Core 3: skipped 1024 AICore record slot(s) with start_time=0 (race-window write or recycled-buffer tail). buf seq=0 count=1024
[mono_ns=7228930173042970][T0xe00ce57bbca0][WARN] copy_aicore_buffer: [chip_swimlane_collector.cpp:689] Core 5: skipped 1024 AICore record slot(s) with start_time=0 (race-window write or recycled-buffer tail). buf seq=0 count=1024
[mono_ns=7228930173224240][T0xe00cf0d3aca0][WARN] copy_aicore_buffer: [chip_swimlane_collector.cpp:689] Core 30: skipped 1024 AICore record slot(s) with start_time=0 (race-window write or recycled-buffer tail). buf seq=0 count=1024
[mono_ns=7228930173253230][T0xe00ce5fcbca0][WARN] copy_aicore_buffer: [chip_swimlane_collector.cpp:689] Core 32: skipped 1024 AICore record slot(s) with start_time=0 (race-window write or recycled-buffer tail). buf seq=0 count=1024
[mono_ns=7228930173375651][T0xe00ce57bbca0][WARN] copy_aicore_buffer: [chip_swimlane_collector.cpp:689] Core 34: skipped 1022 AICore record slot(s) with start_time=0 (race-window write or recycled-buffer tail). buf seq=0 count=1024
[mono_ns=7228930173510822][T0xe00cf0d3aca0][WARN] copy_aicore_buffer: [chip_swimlane_collector.cpp:689] Core 31: skipped 1024 AICore record slot(s) with start_time=0 (race-window write or recycled-buffer tail). buf seq=0 count=1024
[mono_ns=7228930173567112][T0xe00ce5fcbca0][WARN] copy_aicore_buffer: [chip_swimlane_collector.cpp:689] Core 33: skipped 1024 AICore record slot(s) with start_time=0 (race-window write or recycled-buffer tail). buf seq=0 count=1024
[mono_ns=7228930173703382][T0xe00ce57bbca0][WARN] copy_aicore_buffer: [chip_swimlane_collector.cpp:689] Core 35: skipped 1024 AICore record slot(s) with start_time=0 (race-window write or recycled-buffer tail). buf seq=0 count=1024
[mono_ns=7228930173791423][T0xe00cf0d3aca0][WARN] copy_aicore_buffer: [chip_swimlane_collector.cpp:689] Core 6: skipped 1024 AICore record slot(s) with start_time=0 (race-window write or recycled-buffer tail). buf seq=0 count=1024
[mono_ns=7228930173895373][T0xe00ce5fcbca0][WARN] copy_aicore_buffer: [chip_swimlane_collector.cpp:689] Core 7: skipped 1024 AICore record slot(s) with start_time=0 (race-window write or recycled-buffer tail). buf seq=0 count=1024
[mono_ns=7228930174042124][T0xe00ce57bbca0][WARN] copy_aicore_buffer: [chip_swimlane_collector.cpp:689] Core 8: skipped 1024 AICore record slot(s) with start_time=0 (race-window write or recycled-buffer tail). buf seq=0 count=1024
[mono_ns=7228930174083684][T0xe00cf0d3aca0][WARN] copy_aicore_buffer: [chip_swimlane_collector.cpp:689] Core 36: skipped 1024 AICore record slot(s) with start_time=0 (race-window write or recycled-buffer tail). buf seq=0 count=1024
[mono_ns=7228930174223625][T0xe00ce5fcbca0][WARN] copy_aicore_buffer: [chip_swimlane_collector.cpp:689] Core 38: skipped 1024 AICore record slot(s) with start_time=0 (race-window write or recycled-buffer tail). buf seq=0 count=1024
[mono_ns=7228930174366745][T0xe00cf0d3aca0][WARN] copy_aicore_buffer: [chip_swimlane_collector.cpp:689] Core 37: skipped 1024 AICore record slot(s) with start_time=0 (race-window write or recycled-buffer tail). buf seq=0 count=1024
[mono_ns=7228930174370745][T0xe00ce57bbca0][WARN] copy_aicore_buffer: [chip_swimlane_collector.cpp:689] Core 40: skipped 1024 AICore record slot(s) with start_time=0 (race-window write or recycled-buffer tail). buf seq=0 count=1024
[mono_ns=7228930174537046][T0xe00ce5fcbca0][WARN] copy_aicore_buffer: [chip_swimlane_collector.cpp:689] Core 39: skipped 1024 AICore record slot(s) with start_time=0 (race-window write or recycled-buffer tail). buf seq=0 count=1024
[mono_ns=7228930174650507][T0xe00cf0d3aca0][WARN] copy_aicore_buffer: [chip_swimlane_collector.cpp:689] Core 9: skipped 1024 AICore record slot(s) with start_time=0 (race-window write or recycled-buffer tail). buf seq=0 count=1024
[mono_ns=7228930174728727][T0xe00ce57bbca0][WARN] copy_aicore_buffer: [chip_swimlane_collector.cpp:689] Core 41: skipped 1024 AICore record slot(s) with start_time=0 (race-window write or recycled-buffer tail). buf seq=0 count=1024
[mono_ns=7228930174851938][T0xe00ce5fcbca0][WARN] copy_aicore_buffer: [chip_swimlane_collector.cpp:689] Core 10: skipped 1024 AICore record slot(s) with start_time=0 (race-window write or recycled-buffer tail). buf seq=0 count=1024
[mono_ns=7228930174932758][T0xe00cf0d3aca0][WARN] copy_aicore_buffer: [chip_swimlane_collector.cpp:689] Core 42: skipped 1024 AICore record slot(s) with start_time=0 (race-window write or recycled-buffer tail). buf seq=0 count=1024
[mono_ns=7228930175070019][T0xe00ce57bbca0][WARN] copy_aicore_buffer: [chip_swimlane_collector.cpp:689] Core 11: skipped 1024 AICore record slot(s) with start_time=0 (race-window write or recycled-buffer tail). buf seq=0 count=1024
[mono_ns=7228930175180899][T0xe00ce5fcbca0][WARN] copy_aicore_buffer: [chip_swimlane_collector.cpp:689] Core 44: skipped 1024 AICore record slot(s) with start_time=0 (race-window write or recycled-buffer tail). buf seq=0 count=1024
[mono_ns=7228930175229889][T0xe00cf0d3aca0][WARN] copy_aicore_buffer: [chip_swimlane_collector.cpp:689] Core 43: skipped 1024 AICore record slot(s) with start_time=0 (race-window write or recycled-buffer tail). buf seq=0 count=1024
[mono_ns=7228930175398270][T0xe00ce57bbca0][WARN] copy_aicore_buffer: [chip_swimlane_collector.cpp:689] Core 46: skipped 1024 AICore record slot(s) with start_time=0 (race-window write or recycled-buffer tail). buf seq=0 count=1024
[mono_ns=7228930175513391][T0xe00cf0d3aca0][WARN] copy_aicore_buffer: [chip_swimlane_collector.cpp:689] Core 12: skipped 1024 AICore record slot(s) with start_time=0 (race-window write or recycled-buffer tail). buf seq=0 count=1024
[mono_ns=7228930175547011][T0xe00ce5fcbca0][WARN] copy_aicore_buffer: [chip_swimlane_collector.cpp:689] Core 45: skipped 1024 AICore record slot(s) with start_time=0 (race-window write or recycled-buffer tail). buf seq=0 count=1024
[mono_ns=7228930175726622][T0xe00ce57bbca0][WARN] copy_aicore_buffer: [chip_swimlane_collector.cpp:689] Core 47: skipped 1024 AICore record slot(s) with start_time=0 (race-window write or recycled-buffer tail). buf seq=0 count=1024
[mono_ns=7228930175795672][T0xe00cf0d3aca0][WARN] copy_aicore_buffer: [chip_swimlane_collector.cpp:689] Core 48: skipped 1024 AICore record slot(s) with start_time=0 (race-window write or recycled-buffer tail). buf seq=0 count=1024
[mono_ns=7228930175859972][T0xe00ce5fcbca0][WARN] copy_aicore_buffer: [chip_swimlane_collector.cpp:689] Core 13: skipped 1024 AICore record slot(s) with start_time=0 (race-window write or recycled-buffer tail). buf seq=0 count=1024
[mono_ns=7228930176059943][T0xe00ce57bbca0][WARN] copy_aicore_buffer: [chip_swimlane_collector.cpp:689] Core 14: skipped 1024 AICore record slot(s) with start_time=0 (race-window write or recycled-buffer tail). buf seq=0 count=1024
[mono_ns=7228930176092913][T0xe00cf0d3aca0][WARN] copy_aicore_buffer: [chip_swimlane_collector.cpp:689] Core 49: skipped 1024 AICore record slot(s) with start_time=0 (race-window write or recycled-buffer tail). buf seq=0 count=1024
[mono_ns=7228930176177454][T0xe00ce5fcbca0][WARN] copy_aicore_buffer: [chip_swimlane_collector.cpp:689] Core 50: skipped 1024 AICore record slot(s) with start_time=0 (race-window write or recycled-buffer tail). buf seq=0 count=1024
[mono_ns=7228930176372534][T0xe00cf0d3aca0][WARN] copy_aicore_buffer: [chip_swimlane_collector.cpp:689] Core 15: skipped 1024 AICore record slot(s) with start_time=0 (race-window write or recycled-buffer tail). buf seq=0 count=1024
[mono_ns=7228930176419185][T0xe00ce57bbca0][WARN] copy_aicore_buffer: [chip_swimlane_collector.cpp:689] Core 52: skipped 1024 AICore record slot(s) with start_time=0 (race-window write or recycled-buffer tail). buf seq=0 count=1024
[mono_ns=7228930176490065][T0xe00ce5fcbca0][WARN] copy_aicore_buffer: [chip_swimlane_collector.cpp:689] Core 51: skipped 1024 AICore record slot(s) with start_time=0 (race-window write or recycled-buffer tail). buf seq=0 count=1024
[mono_ns=7228930176655506][T0xe00cf0d3aca0][WARN] copy_aicore_buffer: [chip_swimlane_collector.cpp:689] Core 54: skipped 1024 AICore record slot(s) with start_time=0 (race-window write or recycled-buffer tail). buf seq=0 count=1024
[mono_ns=7228930176748186][T0xe00ce57bbca0][WARN] copy_aicore_buffer: [chip_swimlane_collector.cpp:689] Core 53: skipped 1024 AICore record slot(s) with start_time=0 (race-window write or recycled-buffer tail). buf seq=0 count=1024
[mono_ns=7228930176801416][T0xe00ce5fcbca0][WARN] copy_aicore_buffer: [chip_swimlane_collector.cpp:689] Core 16: skipped 1024 AICore record slot(s) with start_time=0 (race-window write or recycled-buffer tail). buf seq=0 count=1024
[mono_ns=7228930176937637][T0xe00cf0d3aca0][WARN] copy_aicore_buffer: [chip_swimlane_collector.cpp:689] Core 55: skipped 1024 AICore record slot(s) with start_time=0 (race-window write or recycled-buffer tail). buf seq=0 count=1024
[mono_ns=7228930177083328][T0xe00ce57bbca0][WARN] copy_aicore_buffer: [chip_swimlane_collector.cpp:689] Core 17: skipped 1024 AICore record slot(s) with start_time=0 (race-window write or recycled-buffer tail). buf seq=0 count=1024
[mono_ns=7228930177132948][T0xe00ce5fcbca0][WARN] copy_aicore_buffer: [chip_swimlane_collector.cpp:689] Core 56: skipped 1024 AICore record slot(s) with start_time=0 (race-window write or recycled-buffer tail). buf seq=0 count=1024
[mono_ns=7228930177227138][T0xe00cf0d3aca0][WARN] copy_aicore_buffer: [chip_swimlane_collector.cpp:689] Core 18: skipped 1024 AICore record slot(s) with start_time=0 (race-window write or recycled-buffer tail). buf seq=0 count=1024
[mono_ns=7228930177413239][T0xe00ce57bbca0][WARN] copy_aicore_buffer: [chip_swimlane_collector.cpp:689] Core 58: skipped 1024 AICore record slot(s) with start_time=0 (race-window write or recycled-buffer tail). buf seq=0 count=1024
[mono_ns=7228930177445449][T0xe00ce5fcbca0][WARN] copy_aicore_buffer: [chip_swimlane_collector.cpp:689] Core 57: skipped 1024 AICore record slot(s) with start_time=0 (race-window write or recycled-buffer tail). buf seq=0 count=1024
[mono_ns=7228930177509990][T0xe00cf0d3aca0][WARN] copy_aicore_buffer: [chip_swimlane_collector.cpp:689] Core 60: skipped 1024 AICore record slot(s) with start_time=0 (race-window write or recycled-buffer tail). buf seq=0 count=1024
[mono_ns=7228930177740961][T0xe00ce57bbca0][WARN] copy_aicore_buffer: [chip_swimlane_collector.cpp:689] Core 59: skipped 1024 AICore record slot(s) with start_time=0 (race-window write or recycled-buffer tail). buf seq=0 count=1024
[mono_ns=7228930177758521][T0xe00ce5fcbca0][WARN] copy_aicore_buffer: [chip_swimlane_collector.cpp:689] Core 19: skipped 1024 AICore record slot(s) with start_time=0 (race-window write or recycled-buffer tail). buf seq=0 count=1024
[mono_ns=7228930177791051][T0xe00cf0d3aca0][WARN] copy_aicore_buffer: [chip_swimlane_collector.cpp:689] Core 61: skipped 1024 AICore record slot(s) with start_time=0 (race-window write or recycled-buffer tail). buf seq=0 count=1024
[mono_ns=7228930178078442][T0xe00ce5fcbca0][WARN] copy_aicore_buffer: [chip_swimlane_collector.cpp:689] Core 62: skipped 1024 AICore record slot(s) with start_time=0 (race-window write or recycled-buffer tail). buf seq=0 count=1024
[mono_ns=7228930178087402][T0xe00cf0d3aca0][WARN] copy_aicore_buffer: [chip_swimlane_collector.cpp:689] Core 21: skipped 1024 AICore record slot(s) with start_time=0 (race-window write or recycled-buffer tail). buf seq=0 count=1024
[mono_ns=7228930178096432][T0xe00ce57bbca0][WARN] copy_aicore_buffer: [chip_swimlane_collector.cpp:689] Core 20: skipped 1024 AICore record slot(s) with start_time=0 (race-window write or recycled-buffer tail). buf seq=0 count=1024
[mono_ns=7228930178365933][T0xe00cf0d3aca0][WARN] copy_aicore_buffer: [chip_swimlane_collector.cpp:689] Core 66: skipped 1024 AICore record slot(s) with start_time=0 (race-window write or recycled-buffer tail). buf seq=0 count=1024
[mono_ns=7228930178391943][T0xe00ce5fcbca0][WARN] copy_aicore_buffer: [chip_swimlane_collector.cpp:689] Core 63: skipped 1024 AICore record slot(s) with start_time=0 (race-window write or recycled-buffer tail). buf seq=0 count=1024
[mono_ns=7228930178419734][T0xe00ce57bbca0][WARN] copy_aicore_buffer: [chip_swimlane_collector.cpp:689] Core 64: skipped 1024 AICore record slot(s) with start_time=0 (race-window write or recycled-buffer tail). buf seq=0 count=1024
[mono_ns=7228930178648025][T0xe00cf0d3aca0][WARN] copy_aicore_buffer: [chip_swimlane_collector.cpp:689] Core 67: skipped 1024 AICore record slot(s) with start_time=0 (race-window write or recycled-buffer tail). buf seq=0 count=1024
[mono_ns=7228930178733685][T0xe00ce5fcbca0][WARN] copy_aicore_buffer: [chip_swimlane_collector.cpp:689] Core 22: skipped 1024 AICore record slot(s) with start_time=0 (race-window write or recycled-buffer tail). buf seq=0 count=1024
[mono_ns=7228930178743975][T0xe00ce57bbca0][WARN] copy_aicore_buffer: [chip_swimlane_collector.cpp:689] Core 65: skipped 1024 AICore record slot(s) with start_time=0 (race-window write or recycled-buffer tail). buf seq=0 count=1024
[mono_ns=7228930179054686][T0xe00ce5fcbca0][WARN] copy_aicore_buffer: [chip_swimlane_collector.cpp:689] Core 68: skipped 1024 AICore record slot(s) with start_time=0 (race-window write or recycled-buffer tail). buf seq=0 count=1024
[mono_ns=7228930179079557][T0xe00ce57bbca0][WARN] copy_aicore_buffer: [chip_swimlane_collector.cpp:689] Core 23: skipped 1024 AICore record slot(s) with start_time=0 (race-window write or recycled-buffer tail). buf seq=0 count=1024
[mono_ns=7228930179366918][T0xe00ce5fcbca0][WARN] copy_aicore_buffer: [chip_swimlane_collector.cpp:689] Core 69: skipped 1024 AICore record slot(s) with start_time=0 (race-window write or recycled-buffer tail). buf seq=0 count=1024
[mono_ns=7228930179408748][T0xe00ce57bbca0][WARN] copy_aicore_buffer: [chip_swimlane_collector.cpp:689] Core 70: skipped 1024 AICore record slot(s) with start_time=0 (race-window write or recycled-buffer tail). buf seq=0 count=1024
[mono_ns=7228930179772470][T0xe00ce57bbca0][WARN] copy_aicore_buffer: [chip_swimlane_collector.cpp:689] Core 71: skipped 1024 AICore record slot(s) with start_time=0 (race-window write or recycled-buffer tail). buf seq=0 count=1024
[mono_ns=7228930280401520][T0xe00e4254b020][TIMING] emit_host_span: [STRACE] v=1 pid=3843427 tid=3843427 inv=14 hid=db84953f453049e3 depth=1 name=chip.run.runner_run ts=7228930166273329 dur=114116331 
[mono_ns=7228930280562411][T0xe00e4254b020][TIMING] emit_host_span: [STRACE] v=1 pid=3843427 tid=3843427 inv=14 hid=db84953f453049e3 depth=1 name=chip.run.validate ts=7228930280420000 dur=136511 
[mono_ns=7228930280576031][T0xe00e4254b020][TIMING] emit_host_span: [STRACE] v=1 pid=3843427 tid=3843427 inv=14 hid=db84953f453049e3 depth=2 name=chip.run.runner_run.device_wall ts=0 dur=5167580 clk=dev
[mono_ns=7228930280581201][T0xe00e4254b020][TIMING] emit_host_span: [STRACE] v=1 pid=3843427 tid=3843427 inv=14 hid=db84953f453049e3 depth=3 name=chip.run.runner_run.device_wall.preamble ts=0 dur=610300 clk=dev
[mono_ns=7228930280585901][T0xe00e4254b020][TIMING] emit_host_span: [STRACE] v=1 pid=3843427 tid=3843427 inv=14 hid=db84953f453049e3 depth=3 name=chip.run.runner_run.device_wall.graph_build ts=605900 dur=4552400 clk=dev
[mono_ns=7228930280589551][T0xe00e4254b020][TIMING] emit_host_span: [STRACE] v=1 pid=3843427 tid=3843427 inv=14 hid=db84953f453049e3 depth=3 name=chip.run.runner_run.device_wall.config_validate ts=606000 dur=640 clk=dev
[mono_ns=7228930280594261][T0xe00e4254b020][TIMING] emit_host_span: [STRACE] v=1 pid=3843427 tid=3843427 inv=14 hid=db84953f453049e3 depth=3 name=chip.run.runner_run.device_wall.arena_wire ts=606660 dur=459 clk=dev
[mono_ns=7228930280649481][T0xe00e4254b020][TIMING] emit_host_span: [STRACE] v=1 pid=3843427 tid=3843427 inv=14 hid=db84953f453049e3 depth=3 name=chip.run.runner_run.device_wall.sm_reset ts=607180 dur=1300 clk=dev
[mono_ns=7228930280653061][T0xe00e4254b020][TIMING] emit_host_span: [STRACE] v=1 pid=3843427 tid=3843427 inv=14 hid=db84953f453049e3 depth=3 name=chip.run.runner_run.device_wall.post_orch ts=5158360 dur=9120 clk=dev
[mono_ns=7228930280657581][T0xe00e4254b020][TIMING] emit_host_span: [STRACE] v=1 pid=3843427 tid=3843427 inv=14 hid=db84953f453049e3 depth=3 name=chip.run.runner_run.device_wall.orch ts=608520 dur=4380 clk=dev
[mono_ns=7228930280661281][T0xe00e4254b020][TIMING] emit_host_span: [STRACE] v=1 pid=3843427 tid=3843427 inv=14 hid=db84953f453049e3 depth=3 name=chip.run.runner_run.device_wall.sched ts=610480 dur=4529180 clk=dev
[mono_ns=7228930280667811][T0xe00e4254b020][TIMING] emit_host_span: [STRACE] v=1 pid=3843427 tid=3843427 inv=14 hid=db84953f453049e3 depth=1 name=chip.run.claim_release ts=7228930280665051 dur=980 
[mono_ns=7228930280673911][T0xe00e4254b020][TIMING] emit_host_span: [STRACE] v=1 pid=3843427 tid=3843427 inv=14 hid=db84953f453049e3 depth=0 name=chip.run ts=7228930165711637 dur=114960204 run_id=14 dispatch_id=14 slot_id=0 generation=14 run_epoch=14
[mono_ns=7228935137194845][T0xe00e4254b020][TIMING] emit_host_span: [STRACE] v=1 pid=3843427 tid=3843427 inv=15 hid=db84953f453049e3 depth=2 name=chip.run.bind.args ts=7228935136864514 dur=322181 
[mono_ns=7228935137216945][T0xe00e4254b020][TIMING] emit_host_span: [STRACE] v=1 pid=3843427 tid=3843427 inv=15 hid=db84953f453049e3 depth=2 name=chip.run.bind.prebuilt ts=7228935137209055 dur=5230 
[mono_ns=7228935137261426][T0xe00e4254b020][TIMING] emit_host_span: [STRACE] v=1 pid=3843427 tid=3843427 inv=15 hid=db84953f453049e3 depth=1 name=chip.run.bind ts=7228935136852604 dur=405441 
[mono_ns=7228935242060216][T0xe00e4254b020][TIMING] emit_host_span: [STRACE] v=1 pid=3843427 tid=3843427 inv=15 hid=db84953f453049e3 depth=1 name=chip.run.runner_run ts=7228935137716198 dur=104332418 
[mono_ns=7228935242176266][T0xe00e4254b020][TIMING] emit_host_span: [STRACE] v=1 pid=3843427 tid=3843427 inv=15 hid=db84953f453049e3 depth=1 name=chip.run.validate ts=7228935242073766 dur=98790 
[mono_ns=7228935242188706][T0xe00e4254b020][TIMING] emit_host_span: [STRACE] v=1 pid=3843427 tid=3843427 inv=15 hid=db84953f453049e3 depth=2 name=chip.run.runner_run.device_wall ts=0 dur=3082880 clk=dev
[mono_ns=7228935242193906][T0xe00e4254b020][TIMING] emit_host_span: [STRACE] v=1 pid=3843427 tid=3843427 inv=15 hid=db84953f453049e3 depth=3 name=chip.run.runner_run.device_wall.preamble ts=0 dur=7659 clk=dev
[mono_ns=7228935242198656][T0xe00e4254b020][TIMING] emit_host_span: [STRACE] v=1 pid=3843427 tid=3843427 inv=15 hid=db84953f453049e3 depth=3 name=chip.run.runner_run.device_wall.graph_build ts=2020 dur=3070620 clk=dev
[mono_ns=7228935242201856][T0xe00e4254b020][TIMING] emit_host_span: [STRACE] v=1 pid=3843427 tid=3843427 inv=15 hid=db84953f453049e3 depth=3 name=chip.run.runner_run.device_wall.config_validate ts=2440 dur=960 clk=dev
[mono_ns=7228935242206336][T0xe00e4254b020][TIMING] emit_host_span: [STRACE] v=1 pid=3843427 tid=3843427 inv=15 hid=db84953f453049e3 depth=3 name=chip.run.runner_run.device_wall.arena_wire ts=3580 dur=860 clk=dev
[mono_ns=7228935242256846][T0xe00e4254b020][TIMING] emit_host_span: [STRACE] v=1 pid=3843427 tid=3843427 inv=15 hid=db84953f453049e3 depth=3 name=chip.run.runner_run.device_wall.sm_reset ts=4620 dur=1420 clk=dev
[mono_ns=7228935242260627][T0xe00e4254b020][TIMING] emit_host_span: [STRACE] v=1 pid=3843427 tid=3843427 inv=15 hid=db84953f453049e3 depth=3 name=chip.run.runner_run.device_wall.post_orch ts=3072660 dur=10080 clk=dev
[mono_ns=7228935242264347][T0xe00e4254b020][TIMING] emit_host_span: [STRACE] v=1 pid=3843427 tid=3843427 inv=15 hid=db84953f453049e3 depth=3 name=chip.run.runner_run.device_wall.orch ts=6720 dur=8180 clk=dev
[mono_ns=7228935242267747][T0xe00e4254b020][TIMING] emit_host_span: [STRACE] v=1 pid=3843427 tid=3843427 inv=15 hid=db84953f453049e3 depth=3 name=chip.run.runner_run.device_wall.sched ts=8480 dur=3056080 clk=dev
[mono_ns=7228935242273117][T0xe00e4254b020][TIMING] emit_host_span: [STRACE] v=1 pid=3843427 tid=3843427 inv=15 hid=db84953f453049e3 depth=1 name=chip.run.claim_release ts=7228935242270687 dur=580 
[mono_ns=7228935242279217][T0xe00e4254b020][TIMING] emit_host_span: [STRACE] v=1 pid=3843427 tid=3843427 inv=15 hid=db84953f453049e3 depth=0 name=chip.run ts=7228935136778513 dur=105498034 run_id=15 dispatch_id=15 slot_id=0 generation=15 run_epoch=15
[mono_ns=7228935251457318][T0xe00e4254b020][TIMING] emit_host_span: [STRACE] v=1 pid=3843427 tid=3843427 inv=16 hid=db84953f453049e3 depth=2 name=chip.run.bind.args ts=7228935251346737 dur=105631 
[mono_ns=7228935251497888][T0xe00e4254b020][TIMING] emit_host_span: [STRACE] v=1 pid=3843427 tid=3843427 inv=16 hid=db84953f453049e3 depth=2 name=chip.run.bind.prebuilt ts=7228935251491748 dur=3430 
[mono_ns=7228935251502528][T0xe00e4254b020][TIMING] emit_host_span: [STRACE] v=1 pid=3843427 tid=3843427 inv=16 hid=db84953f453049e3 depth=1 name=chip.run.bind ts=7228935251337207 dur=163191 
[mono_ns=7228935256548661][T0xe00cf0d3aca0][WARN] copy_aicore_buffer: [chip_swimlane_collector.cpp:689] Core 0: skipped 1024 AICore record slot(s) with start_time=0 (race-window write or recycled-buffer tail). buf seq=0 count=1024
[mono_ns=7228935256563521][T0xe00ce5fcbca0][WARN] copy_aicore_buffer: [chip_swimlane_collector.cpp:689] Core 1: skipped 1024 AICore record slot(s) with start_time=0 (race-window write or recycled-buffer tail). buf seq=0 count=1024
[mono_ns=7228935256579681][T0xe00ce57bbca0][WARN] copy_aicore_buffer: [chip_swimlane_collector.cpp:689] Core 2: skipped 1024 AICore record slot(s) with start_time=0 (race-window write or recycled-buffer tail). buf seq=0 count=1024
[mono_ns=7228935256842702][T0xe00cf0d3aca0][WARN] copy_aicore_buffer: [chip_swimlane_collector.cpp:689] Core 24: skipped 1024 AICore record slot(s) with start_time=0 (race-window write or recycled-buffer tail). buf seq=0 count=1024
[mono_ns=7228935256887902][T0xe00ce5fcbca0][WARN] copy_aicore_buffer: [chip_swimlane_collector.cpp:689] Core 26: skipped 1022 AICore record slot(s) with start_time=0 (race-window write or recycled-buffer tail). buf seq=0 count=1024
[mono_ns=7228935256912952][T0xe00ce57bbca0][WARN] copy_aicore_buffer: [chip_swimlane_collector.cpp:689] Core 28: skipped 1023 AICore record slot(s) with start_time=0 (race-window write or recycled-buffer tail). buf seq=0 count=1024
[mono_ns=7228935257137723][T0xe00cf0d3aca0][WARN] copy_aicore_buffer: [chip_swimlane_collector.cpp:689] Core 25: skipped 1024 AICore record slot(s) with start_time=0 (race-window write or recycled-buffer tail). buf seq=0 count=1024
[mono_ns=7228935257216024][T0xe00ce5fcbca0][WARN] copy_aicore_buffer: [chip_swimlane_collector.cpp:689] Core 27: skipped 1023 AICore record slot(s) with start_time=0 (race-window write or recycled-buffer tail). buf seq=0 count=1024
[mono_ns=7228935257332744][T0xe00ce57bbca0][WARN] copy_aicore_buffer: [chip_swimlane_collector.cpp:689] Core 29: skipped 1024 AICore record slot(s) with start_time=0 (race-window write or recycled-buffer tail). buf seq=0 count=1024
[mono_ns=7228935257424815][T0xe00cf0d3aca0][WARN] copy_aicore_buffer: [chip_swimlane_collector.cpp:689] Core 3: skipped 1024 AICore record slot(s) with start_time=0 (race-window write or recycled-buffer tail). buf seq=0 count=1024
[mono_ns=7228935257530825][T0xe00ce5fcbca0][WARN] copy_aicore_buffer: [chip_swimlane_collector.cpp:689] Core 4: skipped 1024 AICore record slot(s) with start_time=0 (race-window write or recycled-buffer tail). buf seq=0 count=1024
[mono_ns=7228935257662066][T0xe00ce57bbca0][WARN] copy_aicore_buffer: [chip_swimlane_collector.cpp:689] Core 5: skipped 1024 AICore record slot(s) with start_time=0 (race-window write or recycled-buffer tail). buf seq=0 count=1024
[mono_ns=7228935257708946][T0xe00cf0d3aca0][WARN] copy_aicore_buffer: [chip_swimlane_collector.cpp:689] Core 30: skipped 1024 AICore record slot(s) with start_time=0 (race-window write or recycled-buffer tail). buf seq=0 count=1024
[mono_ns=7228935257845596][T0xe00ce5fcbca0][WARN] copy_aicore_buffer: [chip_swimlane_collector.cpp:689] Core 32: skipped 1024 AICore record slot(s) with start_time=0 (race-window write or recycled-buffer tail). buf seq=0 count=1024
[mono_ns=7228935257992757][T0xe00cf0d3aca0][WARN] copy_aicore_buffer: [chip_swimlane_collector.cpp:689] Core 31: skipped 1024 AICore record slot(s) with start_time=0 (race-window write or recycled-buffer tail). buf seq=0 count=1024
[mono_ns=7228935257993697][T0xe00ce57bbca0][WARN] copy_aicore_buffer: [chip_swimlane_collector.cpp:689] Core 34: skipped 1022 AICore record slot(s) with start_time=0 (race-window write or recycled-buffer tail). buf seq=0 count=1024
[mono_ns=7228935258180858][T0xe00ce5fcbca0][WARN] copy_aicore_buffer: [chip_swimlane_collector.cpp:689] Core 33: skipped 1024 AICore record slot(s) with start_time=0 (race-window write or recycled-buffer tail). buf seq=0 count=1024
[mono_ns=7228935258284808][T0xe00cf0d3aca0][WARN] copy_aicore_buffer: [chip_swimlane_collector.cpp:689] Core 6: skipped 1024 AICore record slot(s) with start_time=0 (race-window write or recycled-buffer tail). buf seq=0 count=1024
[mono_ns=7228935258331099][T0xe00ce57bbca0][WARN] copy_aicore_buffer: [chip_swimlane_collector.cpp:689] Core 35: skipped 1024 AICore record slot(s) with start_time=0 (race-window write or recycled-buffer tail). buf seq=0 count=1024
[mono_ns=7228935258494909][T0xe00ce5fcbca0][WARN] copy_aicore_buffer: [chip_swimlane_collector.cpp:689] Core 7: skipped 1024 AICore record slot(s) with start_time=0 (race-window write or recycled-buffer tail). buf seq=0 count=1024
[mono_ns=7228935258566690][T0xe00cf0d3aca0][WARN] copy_aicore_buffer: [chip_swimlane_collector.cpp:689] Core 36: skipped 1024 AICore record slot(s) with start_time=0 (race-window write or recycled-buffer tail). buf seq=0 count=1024
[mono_ns=7228935258658310][T0xe00ce57bbca0][WARN] copy_aicore_buffer: [chip_swimlane_collector.cpp:689] Core 8: skipped 1024 AICore record slot(s) with start_time=0 (race-window write or recycled-buffer tail). buf seq=0 count=1024
[mono_ns=7228935258810431][T0xe00ce5fcbca0][WARN] copy_aicore_buffer: [chip_swimlane_collector.cpp:689] Core 38: skipped 1024 AICore record slot(s) with start_time=0 (race-window write or recycled-buffer tail). buf seq=0 count=1024
[mono_ns=7228935258849251][T0xe00cf0d3aca0][WARN] copy_aicore_buffer: [chip_swimlane_collector.cpp:689] Core 37: skipped 1024 AICore record slot(s) with start_time=0 (race-window write or recycled-buffer tail). buf seq=0 count=1024
[mono_ns=7228935258999462][T0xe00ce57bbca0][WARN] copy_aicore_buffer: [chip_swimlane_collector.cpp:689] Core 40: skipped 1024 AICore record slot(s) with start_time=0 (race-window write or recycled-buffer tail). buf seq=0 count=1024
[mono_ns=7228935259132562][T0xe00ce5fcbca0][WARN] copy_aicore_buffer: [chip_swimlane_collector.cpp:689] Core 39: skipped 1024 AICore record slot(s) with start_time=0 (race-window write or recycled-buffer tail). buf seq=0 count=1024
[mono_ns=7228935259150072][T0xe00cf0d3aca0][WARN] copy_aicore_buffer: [chip_swimlane_collector.cpp:689] Core 9: skipped 1024 AICore record slot(s) with start_time=0 (race-window write or recycled-buffer tail). buf seq=0 count=1024
[mono_ns=7228935259336573][T0xe00ce57bbca0][WARN] copy_aicore_buffer: [chip_swimlane_collector.cpp:689] Core 41: skipped 1024 AICore record slot(s) with start_time=0 (race-window write or recycled-buffer tail). buf seq=0 count=1024
[mono_ns=7228935259432034][T0xe00cf0d3aca0][WARN] copy_aicore_buffer: [chip_swimlane_collector.cpp:689] Core 42: skipped 1024 AICore record slot(s) with start_time=0 (race-window write or recycled-buffer tail). buf seq=0 count=1024
[mono_ns=7228935259447844][T0xe00ce5fcbca0][WARN] copy_aicore_buffer: [chip_swimlane_collector.cpp:689] Core 10: skipped 1024 AICore record slot(s) with start_time=0 (race-window write or recycled-buffer tail). buf seq=0 count=1024
[mono_ns=7228935259664965][T0xe00ce57bbca0][WARN] copy_aicore_buffer: [chip_swimlane_collector.cpp:689] Core 11: skipped 1024 AICore record slot(s) with start_time=0 (race-window write or recycled-buffer tail). buf seq=0 count=1024
[mono_ns=7228935259768655][T0xe00ce5fcbca0][WARN] copy_aicore_buffer: [chip_swimlane_collector.cpp:689] Core 44: skipped 1024 AICore record slot(s) with start_time=0 (race-window write or recycled-buffer tail). buf seq=0 count=1024
[mono_ns=7228935259896056][T0xe00cf0d3aca0][WARN] copy_aicore_buffer: [chip_swimlane_collector.cpp:689] Core 43: skipped 1024 AICore record slot(s) with start_time=0 (race-window write or recycled-buffer tail). buf seq=0 count=1024
[mono_ns=7228935259993736][T0xe00ce57bbca0][WARN] copy_aicore_buffer: [chip_swimlane_collector.cpp:689] Core 46: skipped 1024 AICore record slot(s) with start_time=0 (race-window write or recycled-buffer tail). buf seq=0 count=1024
[mono_ns=7228935260092897][T0xe00ce5fcbca0][WARN] copy_aicore_buffer: [chip_swimlane_collector.cpp:689] Core 45: skipped 1024 AICore record slot(s) with start_time=0 (race-window write or recycled-buffer tail). buf seq=0 count=1024
[mono_ns=7228935260227697][T0xe00cf0d3aca0][WARN] copy_aicore_buffer: [chip_swimlane_collector.cpp:689] Core 12: skipped 1024 AICore record slot(s) with start_time=0 (race-window write or recycled-buffer tail). buf seq=0 count=1024
[mono_ns=7228935260328558][T0xe00ce57bbca0][WARN] copy_aicore_buffer: [chip_swimlane_collector.cpp:689] Core 47: skipped 1024 AICore record slot(s) with start_time=0 (race-window write or recycled-buffer tail). buf seq=0 count=1024
[mono_ns=7228935260406608][T0xe00ce5fcbca0][WARN] copy_aicore_buffer: [chip_swimlane_collector.cpp:689] Core 13: skipped 1024 AICore record slot(s) with start_time=0 (race-window write or recycled-buffer tail). buf seq=0 count=1024
[mono_ns=7228935260540519][T0xe00cf0d3aca0][WARN] copy_aicore_buffer: [chip_swimlane_collector.cpp:689] Core 48: skipped 1024 AICore record slot(s) with start_time=0 (race-window write or recycled-buffer tail). buf seq=0 count=1024
[mono_ns=7228935260692069][T0xe00ce57bbca0][WARN] copy_aicore_buffer: [chip_swimlane_collector.cpp:689] Core 14: skipped 1024 AICore record slot(s) with start_time=0 (race-window write or recycled-buffer tail). buf seq=0 count=1024
[mono_ns=7228935260718509][T0xe00ce5fcbca0][WARN] copy_aicore_buffer: [chip_swimlane_collector.cpp:689] Core 50: skipped 1024 AICore record slot(s) with start_time=0 (race-window write or recycled-buffer tail). buf seq=0 count=1024
[mono_ns=7228935260852730][T0xe00cf0d3aca0][WARN] copy_aicore_buffer: [chip_swimlane_collector.cpp:689] Core 49: skipped 1024 AICore record slot(s) with start_time=0 (race-window write or recycled-buffer tail). buf seq=0 count=1024
[mono_ns=7228935261037401][T0xe00ce57bbca0][WARN] copy_aicore_buffer: [chip_swimlane_collector.cpp:689] Core 52: skipped 1024 AICore record slot(s) with start_time=0 (race-window write or recycled-buffer tail). buf seq=0 count=1024
[mono_ns=7228935261038261][T0xe00ce5fcbca0][WARN] copy_aicore_buffer: [chip_swimlane_collector.cpp:689] Core 51: skipped 1024 AICore record slot(s) with start_time=0 (race-window write or recycled-buffer tail). buf seq=0 count=1024
[mono_ns=7228935261174591][T0xe00cf0d3aca0][WARN] copy_aicore_buffer: [chip_swimlane_collector.cpp:689] Core 15: skipped 1024 AICore record slot(s) with start_time=0 (race-window write or recycled-buffer tail). buf seq=0 count=1024
[mono_ns=7228935261355572][T0xe00ce5fcbca0][WARN] copy_aicore_buffer: [chip_swimlane_collector.cpp:689] Core 16: skipped 1024 AICore record slot(s) with start_time=0 (race-window write or recycled-buffer tail). buf seq=0 count=1024
[mono_ns=7228935261366532][T0xe00ce57bbca0][WARN] copy_aicore_buffer: [chip_swimlane_collector.cpp:689] Core 53: skipped 1024 AICore record slot(s) with start_time=0 (race-window write or recycled-buffer tail). buf seq=0 count=1024
[mono_ns=7228935261504943][T0xe00cf0d3aca0][WARN] copy_aicore_buffer: [chip_swimlane_collector.cpp:689] Core 54: skipped 1024 AICore record slot(s) with start_time=0 (race-window write or recycled-buffer tail). buf seq=0 count=1024
[mono_ns=7228935261668054][T0xe00ce5fcbca0][WARN] copy_aicore_buffer: [chip_swimlane_collector.cpp:689] Core 56: skipped 1024 AICore record slot(s) with start_time=0 (race-window write or recycled-buffer tail). buf seq=0 count=1024
[mono_ns=7228935261691034][T0xe00ce57bbca0][WARN] copy_aicore_buffer: [chip_swimlane_collector.cpp:689] Core 17: skipped 1024 AICore record slot(s) with start_time=0 (race-window write or recycled-buffer tail). buf seq=0 count=1024
[mono_ns=7228935261817344][T0xe00cf0d3aca0][WARN] copy_aicore_buffer: [chip_swimlane_collector.cpp:689] Core 55: skipped 1024 AICore record slot(s) with start_time=0 (race-window write or recycled-buffer tail). buf seq=0 count=1024
[mono_ns=7228935261981945][T0xe00ce5fcbca0][WARN] copy_aicore_buffer: [chip_swimlane_collector.cpp:689] Core 57: skipped 1024 AICore record slot(s) with start_time=0 (race-window write or recycled-buffer tail). buf seq=0 count=1024
[mono_ns=7228935262028835][T0xe00ce57bbca0][WARN] copy_aicore_buffer: [chip_swimlane_collector.cpp:689] Core 58: skipped 1024 AICore record slot(s) with start_time=0 (race-window write or recycled-buffer tail). buf seq=0 count=1024
[mono_ns=7228935262144156][T0xe00cf0d3aca0][WARN] copy_aicore_buffer: [chip_swimlane_collector.cpp:689] Core 18: skipped 1024 AICore record slot(s) with start_time=0 (race-window write or recycled-buffer tail). buf seq=0 count=1024
[mono_ns=7228935262311216][T0xe00ce5fcbca0][WARN] copy_aicore_buffer: [chip_swimlane_collector.cpp:689] Core 19: skipped 1024 AICore record slot(s) with start_time=0 (race-window write or recycled-buffer tail). buf seq=0 count=1024
[mono_ns=7228935262379427][T0xe00ce57bbca0][WARN] copy_aicore_buffer: [chip_swimlane_collector.cpp:689] Core 59: skipped 1024 AICore record slot(s) with start_time=0 (race-window write or recycled-buffer tail). buf seq=0 count=1024
[mono_ns=7228935262457577][T0xe00cf0d3aca0][WARN] copy_aicore_buffer: [chip_swimlane_collector.cpp:689] Core 60: skipped 1024 AICore record slot(s) with start_time=0 (race-window write or recycled-buffer tail). buf seq=0 count=1024
[mono_ns=7228935262624728][T0xe00ce5fcbca0][WARN] copy_aicore_buffer: [chip_swimlane_collector.cpp:689] Core 62: skipped 1024 AICore record slot(s) with start_time=0 (race-window write or recycled-buffer tail). buf seq=0 count=1024
[mono_ns=7228935262708058][T0xe00ce57bbca0][WARN] copy_aicore_buffer: [chip_swimlane_collector.cpp:689] Core 20: skipped 1024 AICore record slot(s) with start_time=0 (race-window write or recycled-buffer tail). buf seq=0 count=1024
[mono_ns=7228935262770049][T0xe00cf0d3aca0][WARN] copy_aicore_buffer: [chip_swimlane_collector.cpp:689] Core 61: skipped 1024 AICore record slot(s) with start_time=0 (race-window write or recycled-buffer tail). buf seq=0 count=1024
[mono_ns=7228935262938509][T0xe00ce5fcbca0][WARN] copy_aicore_buffer: [chip_swimlane_collector.cpp:689] Core 63: skipped 1024 AICore record slot(s) with start_time=0 (race-window write or recycled-buffer tail). buf seq=0 count=1024
[mono_ns=7228935263051300][T0xe00ce57bbca0][WARN] copy_aicore_buffer: [chip_swimlane_collector.cpp:689] Core 64: skipped 1024 AICore record slot(s) with start_time=0 (race-window write or recycled-buffer tail). buf seq=0 count=1024
[mono_ns=7228935263144120][T0xe00cf0d3aca0][WARN] copy_aicore_buffer: [chip_swimlane_collector.cpp:689] Core 21: skipped 1024 AICore record slot(s) with start_time=0 (race-window write or recycled-buffer tail). buf seq=0 count=1024
[mono_ns=7228935263266671][T0xe00ce5fcbca0][WARN] copy_aicore_buffer: [chip_swimlane_collector.cpp:689] Core 22: skipped 1024 AICore record slot(s) with start_time=0 (race-window write or recycled-buffer tail). buf seq=0 count=1024
[mono_ns=7228935263379711][T0xe00ce57bbca0][WARN] copy_aicore_buffer: [chip_swimlane_collector.cpp:689] Core 65: skipped 1024 AICore record slot(s) with start_time=0 (race-window write or recycled-buffer tail). buf seq=0 count=1024
[mono_ns=7228935263456432][T0xe00cf0d3aca0][WARN] copy_aicore_buffer: [chip_swimlane_collector.cpp:689] Core 66: skipped 1024 AICore record slot(s) with start_time=0 (race-window write or recycled-buffer tail). buf seq=0 count=1024
[mono_ns=7228935263577832][T0xe00ce5fcbca0][WARN] copy_aicore_buffer: [chip_swimlane_collector.cpp:689] Core 68: skipped 1024 AICore record slot(s) with start_time=0 (race-window write or recycled-buffer tail). buf seq=0 count=1024
[mono_ns=7228935263709133][T0xe00ce57bbca0][WARN] copy_aicore_buffer: [chip_swimlane_collector.cpp:689] Core 23: skipped 1024 AICore record slot(s) with start_time=0 (race-window write or recycled-buffer tail). buf seq=0 count=1024
[mono_ns=7228935263769213][T0xe00cf0d3aca0][WARN] copy_aicore_buffer: [chip_swimlane_collector.cpp:689] Core 67: skipped 1024 AICore record slot(s) with start_time=0 (race-window write or recycled-buffer tail). buf seq=0 count=1024
[mono_ns=7228935263890454][T0xe00ce5fcbca0][WARN] copy_aicore_buffer: [chip_swimlane_collector.cpp:689] Core 69: skipped 1024 AICore record slot(s) with start_time=0 (race-window write or recycled-buffer tail). buf seq=0 count=1024
[mono_ns=7228935264084834][T0xe00ce57bbca0][WARN] copy_aicore_buffer: [chip_swimlane_collector.cpp:689] Core 70: skipped 1024 AICore record slot(s) with start_time=0 (race-window write or recycled-buffer tail). buf seq=0 count=1024
[mono_ns=7228935264414246][T0xe00ce57bbca0][WARN] copy_aicore_buffer: [chip_swimlane_collector.cpp:689] Core 71: skipped 1024 AICore record slot(s) with start_time=0 (race-window write or recycled-buffer tail). buf seq=0 count=1024
[mono_ns=7228935364746246][T0xe00e4254b020][TIMING] emit_host_span: [STRACE] v=1 pid=3843427 tid=3843427 inv=16 hid=db84953f453049e3 depth=1 name=chip.run.runner_run ts=7228935251786049 dur=112954187 
[mono_ns=7228935364834656][T0xe00e4254b020][TIMING] emit_host_span: [STRACE] v=1 pid=3843427 tid=3843427 inv=16 hid=db84953f453049e3 depth=1 name=chip.run.validate ts=7228935364756336 dur=74380 
[mono_ns=7228935364846506][T0xe00e4254b020][TIMING] emit_host_span: [STRACE] v=1 pid=3843427 tid=3843427 inv=16 hid=db84953f453049e3 depth=2 name=chip.run.runner_run.device_wall ts=0 dur=4286420 clk=dev
[mono_ns=7228935364850766][T0xe00e4254b020][TIMING] emit_host_span: [STRACE] v=1 pid=3843427 tid=3843427 inv=16 hid=db84953f453049e3 depth=3 name=chip.run.runner_run.device_wall.preamble ts=0 dur=629520 clk=dev
[mono_ns=7228935364883397][T0xe00e4254b020][TIMING] emit_host_span: [STRACE] v=1 pid=3843427 tid=3843427 inv=16 hid=db84953f453049e3 depth=3 name=chip.run.runner_run.device_wall.graph_build ts=624980 dur=3651000 clk=dev
[mono_ns=7228935364887877][T0xe00e4254b020][TIMING] emit_host_span: [STRACE] v=1 pid=3843427 tid=3843427 inv=16 hid=db84953f453049e3 depth=3 name=chip.run.runner_run.device_wall.config_validate ts=625140 dur=960 clk=dev
[mono_ns=7228935364891907][T0xe00e4254b020][TIMING] emit_host_span: [STRACE] v=1 pid=3843427 tid=3843427 inv=16 hid=db84953f453049e3 depth=3 name=chip.run.runner_run.device_wall.arena_wire ts=626120 dur=440 clk=dev
[mono_ns=7228935364896087][T0xe00e4254b020][TIMING] emit_host_span: [STRACE] v=1 pid=3843427 tid=3843427 inv=16 hid=db84953f453049e3 depth=3 name=chip.run.runner_run.device_wall.sm_reset ts=626579 dur=1140 clk=dev
[mono_ns=7228935364899877][T0xe00e4254b020][TIMING] emit_host_span: [STRACE] v=1 pid=3843427 tid=3843427 inv=16 hid=db84953f453049e3 depth=3 name=chip.run.runner_run.device_wall.post_orch ts=4276080 dur=10180 clk=dev
[mono_ns=7228935364903737][T0xe00e4254b020][TIMING] emit_host_span: [STRACE] v=1 pid=3843427 tid=3843427 inv=16 hid=db84953f453049e3 depth=3 name=chip.run.runner_run.device_wall.orch ts=627760 dur=5200 clk=dev
[mono_ns=7228935364907637][T0xe00e4254b020][TIMING] emit_host_span: [STRACE] v=1 pid=3843427 tid=3843427 inv=16 hid=db84953f453049e3 depth=3 name=chip.run.runner_run.device_wall.sched ts=629800 dur=3627399 clk=dev
[mono_ns=7228935364913127][T0xe00e4254b020][TIMING] emit_host_span: [STRACE] v=1 pid=3843427 tid=3843427 inv=16 hid=db84953f453049e3 depth=1 name=chip.run.claim_release ts=7228935364910967 dur=360 
[mono_ns=7228935364941377][T0xe00e4254b020][TIMING] emit_host_span: [STRACE] v=1 pid=3843427 tid=3843427 inv=16 hid=db84953f453049e3 depth=0 name=chip.run ts=7228935251308497 dur=113630440 run_id=16 dispatch_id=16 slot_id=0 generation=16 run_epoch=16
[mono_ns=7228940214073223][T0xe00e4254b020][TIMING] emit_host_span: [STRACE] v=1 pid=3843427 tid=3843427 inv=17 hid=db84953f453049e3 depth=2 name=chip.run.bind.args ts=7228940213883032 dur=179311 
[mono_ns=7228940214096153][T0xe00e4254b020][TIMING] emit_host_span: [STRACE] v=1 pid=3843427 tid=3843427 inv=17 hid=db84953f453049e3 depth=2 name=chip.run.bind.prebuilt ts=7228940214089283 dur=4220 
[mono_ns=7228940214102153][T0xe00e4254b020][TIMING] emit_host_span: [STRACE] v=1 pid=3843427 tid=3843427 inv=17 hid=db84953f453049e3 depth=1 name=chip.run.bind ts=7228940213866902 dur=232021 
[mono_ns=7228940318787164][T0xe00e4254b020][TIMING] emit_host_span: [STRACE] v=1 pid=3843427 tid=3843427 inv=17 hid=db84953f453049e3 depth=1 name=chip.run.runner_run ts=7228940214361244 dur=104413200 
[mono_ns=7228940318908654][T0xe00e4254b020][TIMING] emit_host_span: [STRACE] v=1 pid=3843427 tid=3843427 inv=17 hid=db84953f453049e3 depth=1 name=chip.run.validate ts=7228940318803284 dur=101640 
[mono_ns=7228940318921234][T0xe00e4254b020][TIMING] emit_host_span: [STRACE] v=1 pid=3843427 tid=3843427 inv=17 hid=db84953f453049e3 depth=2 name=chip.run.runner_run.device_wall ts=0 dur=3778520 clk=dev
[mono_ns=7228940318956954][T0xe00e4254b020][TIMING] emit_host_span: [STRACE] v=1 pid=3843427 tid=3843427 inv=17 hid=db84953f453049e3 depth=3 name=chip.run.runner_run.device_wall.preamble ts=0 dur=7380 clk=dev
[mono_ns=7228940318961234][T0xe00e4254b020][TIMING] emit_host_span: [STRACE] v=1 pid=3843427 tid=3843427 inv=17 hid=db84953f453049e3 depth=3 name=chip.run.runner_run.device_wall.graph_build ts=2060 dur=3766560 clk=dev
[mono_ns=7228940318965544][T0xe00e4254b020][TIMING] emit_host_span: [STRACE] v=1 pid=3843427 tid=3843427 inv=17 hid=db84953f453049e3 depth=3 name=chip.run.runner_run.device_wall.config_validate ts=2700 dur=1140 clk=dev
[mono_ns=7228940318969594][T0xe00e4254b020][TIMING] emit_host_span: [STRACE] v=1 pid=3843427 tid=3843427 inv=17 hid=db84953f453049e3 depth=3 name=chip.run.runner_run.device_wall.arena_wire ts=4040 dur=1260 clk=dev
[mono_ns=7228940318972534][T0xe00e4254b020][TIMING] emit_host_span: [STRACE] v=1 pid=3843427 tid=3843427 inv=17 hid=db84953f453049e3 depth=3 name=chip.run.runner_run.device_wall.sm_reset ts=5500 dur=1779 clk=dev
[mono_ns=7228940318976684][T0xe00e4254b020][TIMING] emit_host_span: [STRACE] v=1 pid=3843427 tid=3843427 inv=17 hid=db84953f453049e3 depth=3 name=chip.run.runner_run.device_wall.post_orch ts=3768660 dur=9780 clk=dev
[mono_ns=7228940318979634][T0xe00e4254b020][TIMING] emit_host_span: [STRACE] v=1 pid=3843427 tid=3843427 inv=17 hid=db84953f453049e3 depth=3 name=chip.run.runner_run.device_wall.orch ts=7979 dur=10560 clk=dev
[mono_ns=7228940318982474][T0xe00e4254b020][TIMING] emit_host_span: [STRACE] v=1 pid=3843427 tid=3843427 inv=17 hid=db84953f453049e3 depth=3 name=chip.run.runner_run.device_wall.sched ts=8120 dur=3751520 clk=dev
[mono_ns=7228940319018355][T0xe00e4254b020][TIMING] emit_host_span: [STRACE] v=1 pid=3843427 tid=3843427 inv=17 hid=db84953f453049e3 depth=1 name=chip.run.claim_release ts=7228940319015225 dur=870 
[mono_ns=7228940319024515][T0xe00e4254b020][TIMING] emit_host_span: [STRACE] v=1 pid=3843427 tid=3843427 inv=17 hid=db84953f453049e3 depth=0 name=chip.run ts=7228940213669871 dur=105352484 run_id=17 dispatch_id=17 slot_id=0 generation=17 run_epoch=17
[mono_ns=7228940330334776][T0xe00e4254b020][TIMING] emit_host_span: [STRACE] v=1 pid=3843427 tid=3843427 inv=18 hid=db84953f453049e3 depth=2 name=chip.run.bind.args ts=7228940330219625 dur=110010 
[mono_ns=7228940330352546][T0xe00e4254b020][TIMING] emit_host_span: [STRACE] v=1 pid=3843427 tid=3843427 inv=18 hid=db84953f453049e3 depth=2 name=chip.run.bind.prebuilt ts=7228940330345726 dur=4380 
[mono_ns=7228940330357496][T0xe00e4254b020][TIMING] emit_host_span: [STRACE] v=1 pid=3843427 tid=3843427 inv=18 hid=db84953f453049e3 depth=1 name=chip.run.bind ts=7228940330207665 dur=147511 
[mono_ns=7228940335326578][T0xe00ce57bbca0][WARN] copy_aicore_buffer: [chip_swimlane_collector.cpp:689] Core 2: skipped 1024 AICore record slot(s) with start_time=0 (race-window write or recycled-buffer tail). buf seq=0 count=1024
[mono_ns=7228940335348018][T0xe00ce5fcbca0][WARN] copy_aicore_buffer: [chip_swimlane_collector.cpp:689] Core 1: skipped 1024 AICore record slot(s) with start_time=0 (race-window write or recycled-buffer tail). buf seq=0 count=1024
[mono_ns=7228940335351788][T0xe00cf0d3aca0][WARN] copy_aicore_buffer: [chip_swimlane_collector.cpp:689] Core 0: skipped 1024 AICore record slot(s) with start_time=0 (race-window write or recycled-buffer tail). buf seq=0 count=1024
[mono_ns=7228940335676030][T0xe00ce57bbca0][WARN] copy_aicore_buffer: [chip_swimlane_collector.cpp:689] Core 28: skipped 1023 AICore record slot(s) with start_time=0 (race-window write or recycled-buffer tail). buf seq=0 count=1024
[mono_ns=7228940335706410][T0xe00ce5fcbca0][WARN] copy_aicore_buffer: [chip_swimlane_collector.cpp:689] Core 26: skipped 1022 AICore record slot(s) with start_time=0 (race-window write or recycled-buffer tail). buf seq=0 count=1024
[mono_ns=7228940335755410][T0xe00cf0d3aca0][WARN] copy_aicore_buffer: [chip_swimlane_collector.cpp:689] Core 24: skipped 1024 AICore record slot(s) with start_time=0 (race-window write or recycled-buffer tail). buf seq=0 count=1024
[mono_ns=7228940336025381][T0xe00ce57bbca0][WARN] copy_aicore_buffer: [chip_swimlane_collector.cpp:689] Core 29: skipped 1024 AICore record slot(s) with start_time=0 (race-window write or recycled-buffer tail). buf seq=0 count=1024
[mono_ns=7228940336025831][T0xe00ce5fcbca0][WARN] copy_aicore_buffer: [chip_swimlane_collector.cpp:689] Core 27: skipped 1021 AICore record slot(s) with start_time=0 (race-window write or recycled-buffer tail). buf seq=0 count=1024
[mono_ns=7228940336089321][T0xe00cf0d3aca0][WARN] copy_aicore_buffer: [chip_swimlane_collector.cpp:689] Core 25: skipped 1024 AICore record slot(s) with start_time=0 (race-window write or recycled-buffer tail). buf seq=0 count=1024
[mono_ns=7228940336311022][T0xe00ce5fcbca0][WARN] copy_aicore_buffer: [chip_swimlane_collector.cpp:689] Core 4: skipped 1024 AICore record slot(s) with start_time=0 (race-window write or recycled-buffer tail). buf seq=0 count=1024
[mono_ns=7228940336354993][T0xe00ce57bbca0][WARN] copy_aicore_buffer: [chip_swimlane_collector.cpp:689] Core 5: skipped 1024 AICore record slot(s) with start_time=0 (race-window write or recycled-buffer tail). buf seq=0 count=1024
[mono_ns=7228940336404153][T0xe00cf0d3aca0][WARN] copy_aicore_buffer: [chip_swimlane_collector.cpp:689] Core 3: skipped 1024 AICore record slot(s) with start_time=0 (race-window write or recycled-buffer tail). buf seq=0 count=1024
[mono_ns=7228940336595404][T0xe00ce5fcbca0][WARN] copy_aicore_buffer: [chip_swimlane_collector.cpp:689] Core 32: skipped 1024 AICore record slot(s) with start_time=0 (race-window write or recycled-buffer tail). buf seq=0 count=1024
[mono_ns=7228940336705394][T0xe00ce57bbca0][WARN] copy_aicore_buffer: [chip_swimlane_collector.cpp:689] Core 34: skipped 1024 AICore record slot(s) with start_time=0 (race-window write or recycled-buffer tail). buf seq=0 count=1024
[mono_ns=7228940336716634][T0xe00cf0d3aca0][WARN] copy_aicore_buffer: [chip_swimlane_collector.cpp:689] Core 30: skipped 1024 AICore record slot(s) with start_time=0 (race-window write or recycled-buffer tail). buf seq=0 count=1024
[mono_ns=7228940336879065][T0xe00ce5fcbca0][WARN] copy_aicore_buffer: [chip_swimlane_collector.cpp:689] Core 33: skipped 1024 AICore record slot(s) with start_time=0 (race-window write or recycled-buffer tail). buf seq=0 count=1024
[mono_ns=7228940337036636][T0xe00cf0d3aca0][WARN] copy_aicore_buffer: [chip_swimlane_collector.cpp:689] Core 31: skipped 1024 AICore record slot(s) with start_time=0 (race-window write or recycled-buffer tail). buf seq=0 count=1024
[mono_ns=7228940337040246][T0xe00ce57bbca0][WARN] copy_aicore_buffer: [chip_swimlane_collector.cpp:689] Core 35: skipped 1024 AICore record slot(s) with start_time=0 (race-window write or recycled-buffer tail). buf seq=0 count=1024
[mono_ns=7228940337174346][T0xe00ce5fcbca0][WARN] copy_aicore_buffer: [chip_swimlane_collector.cpp:689] Core 7: skipped 1024 AICore record slot(s) with start_time=0 (race-window write or recycled-buffer tail). buf seq=0 count=1024
[mono_ns=7228940337348317][T0xe00cf0d3aca0][WARN] copy_aicore_buffer: [chip_swimlane_collector.cpp:689] Core 6: skipped 1024 AICore record slot(s) with start_time=0 (race-window write or recycled-buffer tail). buf seq=0 count=1024
[mono_ns=7228940337419737][T0xe00ce57bbca0][WARN] copy_aicore_buffer: [chip_swimlane_collector.cpp:689] Core 8: skipped 1024 AICore record slot(s) with start_time=0 (race-window write or recycled-buffer tail). buf seq=0 count=1024
[mono_ns=7228940337457938][T0xe00ce5fcbca0][WARN] copy_aicore_buffer: [chip_swimlane_collector.cpp:689] Core 38: skipped 1024 AICore record slot(s) with start_time=0 (race-window write or recycled-buffer tail). buf seq=0 count=1024
[mono_ns=7228940337661108][T0xe00cf0d3aca0][WARN] copy_aicore_buffer: [chip_swimlane_collector.cpp:689] Core 36: skipped 1024 AICore record slot(s) with start_time=0 (race-window write or recycled-buffer tail). buf seq=0 count=1024
[mono_ns=7228940337778629][T0xe00ce57bbca0][WARN] copy_aicore_buffer: [chip_swimlane_collector.cpp:689] Core 40: skipped 1024 AICore record slot(s) with start_time=0 (race-window write or recycled-buffer tail). buf seq=0 count=1024
[mono_ns=7228940337791839][T0xe00ce5fcbca0][WARN] copy_aicore_buffer: [chip_swimlane_collector.cpp:689] Core 39: skipped 1024 AICore record slot(s) with start_time=0 (race-window write or recycled-buffer tail). buf seq=0 count=1024
[mono_ns=7228940337974710][T0xe00cf0d3aca0][WARN] copy_aicore_buffer: [chip_swimlane_collector.cpp:689] Core 37: skipped 1024 AICore record slot(s) with start_time=0 (race-window write or recycled-buffer tail). buf seq=0 count=1024
[mono_ns=7228940338103420][T0xe00ce5fcbca0][WARN] copy_aicore_buffer: [chip_swimlane_collector.cpp:689] Core 10: skipped 1024 AICore record slot(s) with start_time=0 (race-window write or recycled-buffer tail). buf seq=0 count=1024
[mono_ns=7228940338124351][T0xe00ce57bbca0][WARN] copy_aicore_buffer: [chip_swimlane_collector.cpp:689] Core 41: skipped 1024 AICore record slot(s) with start_time=0 (race-window write or recycled-buffer tail). buf seq=0 count=1024
[mono_ns=7228940338331531][T0xe00cf0d3aca0][WARN] copy_aicore_buffer: [chip_swimlane_collector.cpp:689] Core 9: skipped 1024 AICore record slot(s) with start_time=0 (race-window write or recycled-buffer tail). buf seq=0 count=1024
[mono_ns=7228940338403592][T0xe00ce5fcbca0][WARN] copy_aicore_buffer: [chip_swimlane_collector.cpp:689] Core 44: skipped 1024 AICore record slot(s) with start_time=0 (race-window write or recycled-buffer tail). buf seq=0 count=1024
[mono_ns=7228940338448782][T0xe00ce57bbca0][WARN] copy_aicore_buffer: [chip_swimlane_collector.cpp:689] Core 11: skipped 1024 AICore record slot(s) with start_time=0 (race-window write or recycled-buffer tail). buf seq=0 count=1024
[mono_ns=7228940338645363][T0xe00cf0d3aca0][WARN] copy_aicore_buffer: [chip_swimlane_collector.cpp:689] Core 42: skipped 1024 AICore record slot(s) with start_time=0 (race-window write or recycled-buffer tail). buf seq=0 count=1024
[mono_ns=7228940338695923][T0xe00ce5fcbca0][WARN] copy_aicore_buffer: [chip_swimlane_collector.cpp:689] Core 45: skipped 1024 AICore record slot(s) with start_time=0 (race-window write or recycled-buffer tail). buf seq=0 count=1024
[mono_ns=7228940338777053][T0xe00ce57bbca0][WARN] copy_aicore_buffer: [chip_swimlane_collector.cpp:689] Core 46: skipped 1024 AICore record slot(s) with start_time=0 (race-window write or recycled-buffer tail). buf seq=0 count=1024
[mono_ns=7228940338957174][T0xe00cf0d3aca0][WARN] copy_aicore_buffer: [chip_swimlane_collector.cpp:689] Core 43: skipped 1024 AICore record slot(s) with start_time=0 (race-window write or recycled-buffer tail). buf seq=0 count=1024
[mono_ns=7228940338989204][T0xe00ce5fcbca0][WARN] copy_aicore_buffer: [chip_swimlane_collector.cpp:689] Core 13: skipped 1024 AICore record slot(s) with start_time=0 (race-window write or recycled-buffer tail). buf seq=0 count=1024
[mono_ns=7228940339138345][T0xe00ce57bbca0][WARN] copy_aicore_buffer: [chip_swimlane_collector.cpp:689] Core 47: skipped 1024 AICore record slot(s) with start_time=0 (race-window write or recycled-buffer tail). buf seq=0 count=1024
[mono_ns=7228940339279326][T0xe00cf0d3aca0][WARN] copy_aicore_buffer: [chip_swimlane_collector.cpp:689] Core 12: skipped 1024 AICore record slot(s) with start_time=0 (race-window write or recycled-buffer tail). buf seq=0 count=1024
[mono_ns=7228940339296346][T0xe00ce5fcbca0][WARN] copy_aicore_buffer: [chip_swimlane_collector.cpp:689] Core 50: skipped 1024 AICore record slot(s) with start_time=0 (race-window write or recycled-buffer tail). buf seq=0 count=1024
[mono_ns=7228940339467607][T0xe00ce57bbca0][WARN] copy_aicore_buffer: [chip_swimlane_collector.cpp:689] Core 14: skipped 1024 AICore record slot(s) with start_time=0 (race-window write or recycled-buffer tail). buf seq=0 count=1024
[mono_ns=7228940339589887][T0xe00ce5fcbca0][WARN] copy_aicore_buffer: [chip_swimlane_collector.cpp:689] Core 51: skipped 1024 AICore record slot(s) with start_time=0 (race-window write or recycled-buffer tail). buf seq=0 count=1024
[mono_ns=7228940339590927][T0xe00cf0d3aca0][WARN] copy_aicore_buffer: [chip_swimlane_collector.cpp:689] Core 48: skipped 1024 AICore record slot(s) with start_time=0 (race-window write or recycled-buffer tail). buf seq=0 count=1024
[mono_ns=7228940339795808][T0xe00ce57bbca0][WARN] copy_aicore_buffer: [chip_swimlane_collector.cpp:689] Core 52: skipped 1024 AICore record slot(s) with start_time=0 (race-window write or recycled-buffer tail). buf seq=0 count=1024
[mono_ns=7228940339883768][T0xe00ce5fcbca0][WARN] copy_aicore_buffer: [chip_swimlane_collector.cpp:689] Core 16: skipped 1024 AICore record slot(s) with start_time=0 (race-window write or recycled-buffer tail). buf seq=0 count=1024
[mono_ns=7228940339938129][T0xe00cf0d3aca0][WARN] copy_aicore_buffer: [chip_swimlane_collector.cpp:689] Core 49: skipped 1024 AICore record slot(s) with start_time=0 (race-window write or recycled-buffer tail). buf seq=0 count=1024
[mono_ns=7228940340140780][T0xe00ce57bbca0][WARN] copy_aicore_buffer: [chip_swimlane_collector.cpp:689] Core 53: skipped 1024 AICore record slot(s) with start_time=0 (race-window write or recycled-buffer tail). buf seq=0 count=1024
[mono_ns=7228940340184480][T0xe00ce5fcbca0][WARN] copy_aicore_buffer: [chip_swimlane_collector.cpp:689] Core 56: skipped 1024 AICore record slot(s) with start_time=0 (race-window write or recycled-buffer tail). buf seq=0 count=1024
[mono_ns=7228940340266530][T0xe00cf0d3aca0][WARN] copy_aicore_buffer: [chip_swimlane_collector.cpp:689] Core 15: skipped 1024 AICore record slot(s) with start_time=0 (race-window write or recycled-buffer tail). buf seq=0 count=1024
[mono_ns=7228940340470231][T0xe00ce57bbca0][WARN] copy_aicore_buffer: [chip_swimlane_collector.cpp:689] Core 17: skipped 1024 AICore record slot(s) with start_time=0 (race-window write or recycled-buffer tail). buf seq=0 count=1024
[mono_ns=7228940340477261][T0xe00ce5fcbca0][WARN] copy_aicore_buffer: [chip_swimlane_collector.cpp:689] Core 57: skipped 1024 AICore record slot(s) with start_time=0 (race-window write or recycled-buffer tail). buf seq=0 count=1024
[mono_ns=7228940340576392][T0xe00cf0d3aca0][WARN] copy_aicore_buffer: [chip_swimlane_collector.cpp:689] Core 54: skipped 1024 AICore record slot(s) with start_time=0 (race-window write or recycled-buffer tail). buf seq=0 count=1024
[mono_ns=7228940340837673][T0xe00ce57bbca0][WARN] copy_aicore_buffer: [chip_swimlane_collector.cpp:689] Core 58: skipped 1024 AICore record slot(s) with start_time=0 (race-window write or recycled-buffer tail). buf seq=0 count=1024
[mono_ns=7228940340873843][T0xe00ce5fcbca0][WARN] copy_aicore_buffer: [chip_swimlane_collector.cpp:689] Core 19: skipped 1024 AICore record slot(s) with start_time=0 (race-window write or recycled-buffer tail). buf seq=0 count=1024
[mono_ns=7228940340885293][T0xe00cf0d3aca0][WARN] copy_aicore_buffer: [chip_swimlane_collector.cpp:689] Core 55: skipped 1024 AICore record slot(s) with start_time=0 (race-window write or recycled-buffer tail). buf seq=0 count=1024
[mono_ns=7228940341204734][T0xe00ce5fcbca0][WARN] copy_aicore_buffer: [chip_swimlane_collector.cpp:689] Core 62: skipped 1024 AICore record slot(s) with start_time=0 (race-window write or recycled-buffer tail). buf seq=0 count=1024
[mono_ns=7228940341206114][T0xe00cf0d3aca0][WARN] copy_aicore_buffer: [chip_swimlane_collector.cpp:689] Core 18: skipped 1024 AICore record slot(s) with start_time=0 (race-window write or recycled-buffer tail). buf seq=0 count=1024
[mono_ns=7228940341209194][T0xe00ce57bbca0][WARN] copy_aicore_buffer: [chip_swimlane_collector.cpp:689] Core 59: skipped 1024 AICore record slot(s) with start_time=0 (race-window write or recycled-buffer tail). buf seq=0 count=1024
[mono_ns=7228940341515426][T0xe00cf0d3aca0][WARN] copy_aicore_buffer: [chip_swimlane_collector.cpp:689] Core 60: skipped 1024 AICore record slot(s) with start_time=0 (race-window write or recycled-buffer tail). buf seq=0 count=1024
[mono_ns=7228940341520256][T0xe00ce5fcbca0][WARN] copy_aicore_buffer: [chip_swimlane_collector.cpp:689] Core 63: skipped 1024 AICore record slot(s) with start_time=0 (race-window write or recycled-buffer tail). buf seq=0 count=1024
[mono_ns=7228940341594136][T0xe00ce57bbca0][WARN] copy_aicore_buffer: [chip_swimlane_collector.cpp:689] Core 20: skipped 1024 AICore record slot(s) with start_time=0 (race-window write or recycled-buffer tail). buf seq=0 count=1024
[mono_ns=7228940341828327][T0xe00cf0d3aca0][WARN] copy_aicore_buffer: [chip_swimlane_collector.cpp:689] Core 61: skipped 1024 AICore record slot(s) with start_time=0 (race-window write or recycled-buffer tail). buf seq=0 count=1024
[mono_ns=7228940341832267][T0xe00ce5fcbca0][WARN] copy_aicore_buffer: [chip_swimlane_collector.cpp:689] Core 22: skipped 1024 AICore record slot(s) with start_time=0 (race-window write or recycled-buffer tail). buf seq=0 count=1024
[mono_ns=7228940341924258][T0xe00ce57bbca0][WARN] copy_aicore_buffer: [chip_swimlane_collector.cpp:689] Core 64: skipped 1024 AICore record slot(s) with start_time=0 (race-window write or recycled-buffer tail). buf seq=0 count=1024
[mono_ns=7228940342151879][T0xe00cf0d3aca0][WARN] copy_aicore_buffer: [chip_swimlane_collector.cpp:689] Core 21: skipped 1024 AICore record slot(s) with start_time=0 (race-window write or recycled-buffer tail). buf seq=0 count=1024
[mono_ns=7228940342206549][T0xe00ce5fcbca0][WARN] copy_aicore_buffer: [chip_swimlane_collector.cpp:689] Core 68: skipped 1024 AICore record slot(s) with start_time=0 (race-window write or recycled-buffer tail). buf seq=0 count=1024
[mono_ns=7228940342265419][T0xe00ce57bbca0][WARN] copy_aicore_buffer: [chip_swimlane_collector.cpp:689] Core 65: skipped 1024 AICore record slot(s) with start_time=0 (race-window write or recycled-buffer tail). buf seq=0 count=1024
[mono_ns=7228940342465780][T0xe00cf0d3aca0][WARN] copy_aicore_buffer: [chip_swimlane_collector.cpp:689] Core 66: skipped 1024 AICore record slot(s) with start_time=0 (race-window write or recycled-buffer tail). buf seq=0 count=1024
[mono_ns=7228940342538900][T0xe00ce5fcbca0][WARN] copy_aicore_buffer: [chip_swimlane_collector.cpp:689] Core 69: skipped 1024 AICore record slot(s) with start_time=0 (race-window write or recycled-buffer tail). buf seq=0 count=1024
[mono_ns=7228940342593311][T0xe00ce57bbca0][WARN] copy_aicore_buffer: [chip_swimlane_collector.cpp:689] Core 23: skipped 1024 AICore record slot(s) with start_time=0 (race-window write or recycled-buffer tail). buf seq=0 count=1024
[mono_ns=7228940342777931][T0xe00cf0d3aca0][WARN] copy_aicore_buffer: [chip_swimlane_collector.cpp:689] Core 67: skipped 1024 AICore record slot(s) with start_time=0 (race-window write or recycled-buffer tail). buf seq=0 count=1024
[mono_ns=7228940342922422][T0xe00ce57bbca0][WARN] copy_aicore_buffer: [chip_swimlane_collector.cpp:689] Core 70: skipped 1024 AICore record slot(s) with start_time=0 (race-window write or recycled-buffer tail). buf seq=0 count=1024
[mono_ns=7228940343264434][T0xe00ce57bbca0][WARN] copy_aicore_buffer: [chip_swimlane_collector.cpp:689] Core 71: skipped 1024 AICore record slot(s) with start_time=0 (race-window write or recycled-buffer tail). buf seq=0 count=1024
[mono_ns=7228940443966096][T0xe00e4254b020][TIMING] emit_host_span: [STRACE] v=1 pid=3843427 tid=3843427 inv=18 hid=db84953f453049e3 depth=1 name=chip.run.runner_run ts=7228940330666207 dur=113289239 
[mono_ns=7228940444108647][T0xe00e4254b020][TIMING] emit_host_span: [STRACE] v=1 pid=3843427 tid=3843427 inv=18 hid=db84953f453049e3 depth=1 name=chip.run.validate ts=7228940443990896 dur=114011 
[mono_ns=7228940444121657][T0xe00e4254b020][TIMING] emit_host_span: [STRACE] v=1 pid=3843427 tid=3843427 inv=18 hid=db84953f453049e3 depth=2 name=chip.run.runner_run.device_wall ts=0 dur=4161200 clk=dev
[mono_ns=7228940444126687][T0xe00e4254b020][TIMING] emit_host_span: [STRACE] v=1 pid=3843427 tid=3843427 inv=18 hid=db84953f453049e3 depth=3 name=chip.run.runner_run.device_wall.preamble ts=0 dur=623960 clk=dev
[mono_ns=7228940444131227][T0xe00e4254b020][TIMING] emit_host_span: [STRACE] v=1 pid=3843427 tid=3843427 inv=18 hid=db84953f453049e3 depth=3 name=chip.run.runner_run.device_wall.graph_build ts=619420 dur=3532200 clk=dev
[mono_ns=7228940444134777][T0xe00e4254b020][TIMING] emit_host_span: [STRACE] v=1 pid=3843427 tid=3843427 inv=18 hid=db84953f453049e3 depth=3 name=chip.run.runner_run.device_wall.config_validate ts=619680 dur=620 clk=dev
[mono_ns=7228940444139247][T0xe00e4254b020][TIMING] emit_host_span: [STRACE] v=1 pid=3843427 tid=3843427 inv=18 hid=db84953f453049e3 depth=3 name=chip.run.runner_run.device_wall.arena_wire ts=620320 dur=459 clk=dev
[mono_ns=7228940444144957][T0xe00e4254b020][TIMING] emit_host_span: [STRACE] v=1 pid=3843427 tid=3843427 inv=18 hid=db84953f453049e3 depth=3 name=chip.run.runner_run.device_wall.sm_reset ts=621000 dur=740 clk=dev
[mono_ns=7228940444185617][T0xe00e4254b020][TIMING] emit_host_span: [STRACE] v=1 pid=3843427 tid=3843427 inv=18 hid=db84953f453049e3 depth=3 name=chip.run.runner_run.device_wall.post_orch ts=4151700 dur=9400 clk=dev
[mono_ns=7228940444189517][T0xe00e4254b020][TIMING] emit_host_span: [STRACE] v=1 pid=3843427 tid=3843427 inv=18 hid=db84953f453049e3 depth=3 name=chip.run.runner_run.device_wall.orch ts=621939 dur=3620 clk=dev
[mono_ns=7228940444193467][T0xe00e4254b020][TIMING] emit_host_span: [STRACE] v=1 pid=3843427 tid=3843427 inv=18 hid=db84953f453049e3 depth=3 name=chip.run.runner_run.device_wall.sched ts=624140 dur=3509880 clk=dev
[mono_ns=7228940444198287][T0xe00e4254b020][TIMING] emit_host_span: [STRACE] v=1 pid=3843427 tid=3843427 inv=18 hid=db84953f453049e3 depth=1 name=chip.run.claim_release ts=7228940444195987 dur=490 
[mono_ns=7228940444204027][T0xe00e4254b020][TIMING] emit_host_span: [STRACE] v=1 pid=3843427 tid=3843427 inv=18 hid=db84953f453049e3 depth=0 name=chip.run ts=7228940330162755 dur=114039232 run_id=18 dispatch_id=18 slot_id=0 generation=18 run_epoch=18
[mono_ns=7228945299957798][T0xe00e4254b020][TIMING] emit_host_span: [STRACE] v=1 pid=3843427 tid=3843427 inv=19 hid=db84953f453049e3 depth=2 name=chip.run.bind.args ts=7228945299797057 dur=153341 
[mono_ns=7228945299981208][T0xe00e4254b020][TIMING] emit_host_span: [STRACE] v=1 pid=3843427 tid=3843427 inv=19 hid=db84953f453049e3 depth=2 name=chip.run.bind.prebuilt ts=7228945299974588 dur=4010 
[mono_ns=7228945299987378][T0xe00e4254b020][TIMING] emit_host_span: [STRACE] v=1 pid=3843427 tid=3843427 inv=19 hid=db84953f453049e3 depth=1 name=chip.run.bind ts=7228945299784387 dur=200631 
[mono_ns=7228945404790310][T0xe00e4254b020][TIMING] emit_host_span: [STRACE] v=1 pid=3843427 tid=3843427 inv=19 hid=db84953f453049e3 depth=1 name=chip.run.runner_run ts=7228945300287310 dur=104491770 
[mono_ns=7228945404920131][T0xe00e4254b020][TIMING] emit_host_span: [STRACE] v=1 pid=3843427 tid=3843427 inv=19 hid=db84953f453049e3 depth=1 name=chip.run.validate ts=7228945404809970 dur=106371 
[mono_ns=7228945404933021][T0xe00e4254b020][TIMING] emit_host_span: [STRACE] v=1 pid=3843427 tid=3843427 inv=19 hid=db84953f453049e3 depth=2 name=chip.run.runner_run.device_wall ts=0 dur=3171200 clk=dev
[mono_ns=7228945404937561][T0xe00e4254b020][TIMING] emit_host_span: [STRACE] v=1 pid=3843427 tid=3843427 inv=19 hid=db84953f453049e3 depth=3 name=chip.run.runner_run.device_wall.preamble ts=0 dur=6540 clk=dev
[mono_ns=7228945404941811][T0xe00e4254b020][TIMING] emit_host_span: [STRACE] v=1 pid=3843427 tid=3843427 inv=19 hid=db84953f453049e3 depth=3 name=chip.run.runner_run.device_wall.graph_build ts=1400 dur=3159540 clk=dev
[mono_ns=7228945404946281][T0xe00e4254b020][TIMING] emit_host_span: [STRACE] v=1 pid=3843427 tid=3843427 inv=19 hid=db84953f453049e3 depth=3 name=chip.run.runner_run.device_wall.config_validate ts=1920 dur=1280 clk=dev
[mono_ns=7228945404949481][T0xe00e4254b020][TIMING] emit_host_span: [STRACE] v=1 pid=3843427 tid=3843427 inv=19 hid=db84953f453049e3 depth=3 name=chip.run.runner_run.device_wall.arena_wire ts=3380 dur=760 clk=dev
[mono_ns=7228945404952561][T0xe00e4254b020][TIMING] emit_host_span: [STRACE] v=1 pid=3843427 tid=3843427 inv=19 hid=db84953f453049e3 depth=3 name=chip.run.runner_run.device_wall.sm_reset ts=4320 dur=1040 clk=dev
[mono_ns=7228945405023941][T0xe00e4254b020][TIMING] emit_host_span: [STRACE] v=1 pid=3843427 tid=3843427 inv=19 hid=db84953f453049e3 depth=3 name=chip.run.runner_run.device_wall.post_orch ts=3161000 dur=10020 clk=dev
[mono_ns=7228945405027261][T0xe00e4254b020][TIMING] emit_host_span: [STRACE] v=1 pid=3843427 tid=3843427 inv=19 hid=db84953f453049e3 depth=3 name=chip.run.runner_run.device_wall.orch ts=6060 dur=9100 clk=dev
[mono_ns=7228945405030521][T0xe00e4254b020][TIMING] emit_host_span: [STRACE] v=1 pid=3843427 tid=3843427 inv=19 hid=db84953f453049e3 depth=3 name=chip.run.runner_run.device_wall.sched ts=6920 dur=3145640 clk=dev
[mono_ns=7228945405036871][T0xe00e4254b020][TIMING] emit_host_span: [STRACE] v=1 pid=3843427 tid=3843427 inv=19 hid=db84953f453049e3 depth=1 name=chip.run.claim_release ts=7228945405034091 dur=900 
[mono_ns=7228945405042431][T0xe00e4254b020][TIMING] emit_host_span: [STRACE] v=1 pid=3843427 tid=3843427 inv=19 hid=db84953f453049e3 depth=0 name=chip.run ts=7228945299715027 dur=105325364 run_id=19 dispatch_id=19 slot_id=0 generation=19 run_epoch=19
[mono_ns=7228945414044432][T0xe00e4254b020][TIMING] emit_host_span: [STRACE] v=1 pid=3843427 tid=3843427 inv=20 hid=db84953f453049e3 depth=2 name=chip.run.bind.args ts=7228945413910121 dur=128881 
[mono_ns=7228945414064812][T0xe00e4254b020][TIMING] emit_host_span: [STRACE] v=1 pid=3843427 tid=3843427 inv=20 hid=db84953f453049e3 depth=2 name=chip.run.bind.prebuilt ts=7228945414057152 dur=4970 
[mono_ns=7228945414070052][T0xe00e4254b020][TIMING] emit_host_span: [STRACE] v=1 pid=3843427 tid=3843427 inv=20 hid=db84953f453049e3 depth=1 name=chip.run.bind ts=7228945413898381 dur=169071 
[mono_ns=7228945419057695][T0xe00cf0d3aca0][WARN] copy_aicore_buffer: [chip_swimlane_collector.cpp:689] Core 0: skipped 1024 AICore record slot(s) with start_time=0 (race-window write or recycled-buffer tail). buf seq=0 count=1024
[mono_ns=7228945419074435][T0xe00ce57bbca0][WARN] copy_aicore_buffer: [chip_swimlane_collector.cpp:689] Core 2: skipped 1024 AICore record slot(s) with start_time=0 (race-window write or recycled-buffer tail). buf seq=0 count=1024
[mono_ns=7228945419120445][T0xe00ce5fcbca0][WARN] copy_aicore_buffer: [chip_swimlane_collector.cpp:689] Core 1: skipped 1024 AICore record slot(s) with start_time=0 (race-window write or recycled-buffer tail). buf seq=0 count=1024
[mono_ns=7228945419382406][T0xe00cf0d3aca0][WARN] copy_aicore_buffer: [chip_swimlane_collector.cpp:689] Core 24: skipped 1023 AICore record slot(s) with start_time=0 (race-window write or recycled-buffer tail). buf seq=0 count=1024
[mono_ns=7228945419406556][T0xe00ce57bbca0][WARN] copy_aicore_buffer: [chip_swimlane_collector.cpp:689] Core 28: skipped 1023 AICore record slot(s) with start_time=0 (race-window write or recycled-buffer tail). buf seq=0 count=1024
[mono_ns=7228945419440336][T0xe00ce5fcbca0][WARN] copy_aicore_buffer: [chip_swimlane_collector.cpp:689] Core 26: skipped 1023 AICore record slot(s) with start_time=0 (race-window write or recycled-buffer tail). buf seq=0 count=1024
[mono_ns=7228945419695037][T0xe00cf0d3aca0][WARN] copy_aicore_buffer: [chip_swimlane_collector.cpp:689] Core 25: skipped 1024 AICore record slot(s) with start_time=0 (race-window write or recycled-buffer tail). buf seq=0 count=1024
[mono_ns=7228945419739638][T0xe00ce57bbca0][WARN] copy_aicore_buffer: [chip_swimlane_collector.cpp:689] Core 29: skipped 1024 AICore record slot(s) with start_time=0 (race-window write or recycled-buffer tail). buf seq=0 count=1024
[mono_ns=7228945419756538][T0xe00ce5fcbca0][WARN] copy_aicore_buffer: [chip_swimlane_collector.cpp:689] Core 27: skipped 1023 AICore record slot(s) with start_time=0 (race-window write or recycled-buffer tail). buf seq=0 count=1024
[mono_ns=7228945420075849][T0xe00ce5fcbca0][WARN] copy_aicore_buffer: [chip_swimlane_collector.cpp:689] Core 4: skipped 1024 AICore record slot(s) with start_time=0 (race-window write or recycled-buffer tail). buf seq=0 count=1024
[mono_ns=7228945420075509][T0xe00ce57bbca0][WARN] copy_aicore_buffer: [chip_swimlane_collector.cpp:689] Core 5: skipped 1024 AICore record slot(s) with start_time=0 (race-window write or recycled-buffer tail). buf seq=0 count=1024
[mono_ns=7228945420079949][T0xe00cf0d3aca0][WARN] copy_aicore_buffer: [chip_swimlane_collector.cpp:689] Core 3: skipped 1024 AICore record slot(s) with start_time=0 (race-window write or recycled-buffer tail). buf seq=0 count=1024
[mono_ns=7228945420390011][T0xe00ce5fcbca0][WARN] copy_aicore_buffer: [chip_swimlane_collector.cpp:689] Core 32: skipped 1024 AICore record slot(s) with start_time=0 (race-window write or recycled-buffer tail). buf seq=0 count=1024
[mono_ns=7228945420394711][T0xe00cf0d3aca0][WARN] copy_aicore_buffer: [chip_swimlane_collector.cpp:689] Core 30: skipped 1024 AICore record slot(s) with start_time=0 (race-window write or recycled-buffer tail). buf seq=0 count=1024
[mono_ns=7228945420403791][T0xe00ce57bbca0][WARN] copy_aicore_buffer: [chip_swimlane_collector.cpp:689] Core 34: skipped 1022 AICore record slot(s) with start_time=0 (race-window write or recycled-buffer tail). buf seq=0 count=1024
[mono_ns=7228945420703942][T0xe00cf0d3aca0][WARN] copy_aicore_buffer: [chip_swimlane_collector.cpp:689] Core 31: skipped 1024 AICore record slot(s) with start_time=0 (race-window write or recycled-buffer tail). buf seq=0 count=1024
[mono_ns=7228945420705332][T0xe00ce5fcbca0][WARN] copy_aicore_buffer: [chip_swimlane_collector.cpp:689] Core 33: skipped 1024 AICore record slot(s) with start_time=0 (race-window write or recycled-buffer tail). buf seq=0 count=1024
[mono_ns=7228945420789042][T0xe00ce57bbca0][WARN] copy_aicore_buffer: [chip_swimlane_collector.cpp:689] Core 35: skipped 1024 AICore record slot(s) with start_time=0 (race-window write or recycled-buffer tail). buf seq=0 count=1024
[mono_ns=7228945421021743][T0xe00cf0d3aca0][WARN] copy_aicore_buffer: [chip_swimlane_collector.cpp:689] Core 6: skipped 1024 AICore record slot(s) with start_time=0 (race-window write or recycled-buffer tail). buf seq=0 count=1024
[mono_ns=7228945421023083][T0xe00ce5fcbca0][WARN] copy_aicore_buffer: [chip_swimlane_collector.cpp:689] Core 7: skipped 1024 AICore record slot(s) with start_time=0 (race-window write or recycled-buffer tail). buf seq=0 count=1024
[mono_ns=7228945421130594][T0xe00ce57bbca0][WARN] copy_aicore_buffer: [chip_swimlane_collector.cpp:689] Core 8: skipped 1024 AICore record slot(s) with start_time=0 (race-window write or recycled-buffer tail). buf seq=0 count=1024
[mono_ns=7228945421332475][T0xe00cf0d3aca0][WARN] copy_aicore_buffer: [chip_swimlane_collector.cpp:689] Core 36: skipped 1024 AICore record slot(s) with start_time=0 (race-window write or recycled-buffer tail). buf seq=0 count=1024
[mono_ns=7228945421335185][T0xe00ce5fcbca0][WARN] copy_aicore_buffer: [chip_swimlane_collector.cpp:689] Core 38: skipped 1024 AICore record slot(s) with start_time=0 (race-window write or recycled-buffer tail). buf seq=0 count=1024
[mono_ns=7228945421459075][T0xe00ce57bbca0][WARN] copy_aicore_buffer: [chip_swimlane_collector.cpp:689] Core 40: skipped 1024 AICore record slot(s) with start_time=0 (race-window write or recycled-buffer tail). buf seq=0 count=1024
[mono_ns=7228945421645756][T0xe00cf0d3aca0][WARN] copy_aicore_buffer: [chip_swimlane_collector.cpp:689] Core 37: skipped 1024 AICore record slot(s) with start_time=0 (race-window write or recycled-buffer tail). buf seq=0 count=1024
[mono_ns=7228945421696157][T0xe00ce5fcbca0][WARN] copy_aicore_buffer: [chip_swimlane_collector.cpp:689] Core 39: skipped 1024 AICore record slot(s) with start_time=0 (race-window write or recycled-buffer tail). buf seq=0 count=1024
[mono_ns=7228945421787567][T0xe00ce57bbca0][WARN] copy_aicore_buffer: [chip_swimlane_collector.cpp:689] Core 41: skipped 1024 AICore record slot(s) with start_time=0 (race-window write or recycled-buffer tail). buf seq=0 count=1024
[mono_ns=7228945421958158][T0xe00cf0d3aca0][WARN] copy_aicore_buffer: [chip_swimlane_collector.cpp:689] Core 9: skipped 1024 AICore record slot(s) with start_time=0 (race-window write or recycled-buffer tail). buf seq=0 count=1024
[mono_ns=7228945422023408][T0xe00ce5fcbca0][WARN] copy_aicore_buffer: [chip_swimlane_collector.cpp:689] Core 10: skipped 1024 AICore record slot(s) with start_time=0 (race-window write or recycled-buffer tail). buf seq=0 count=1024
[mono_ns=7228945422122838][T0xe00ce57bbca0][WARN] copy_aicore_buffer: [chip_swimlane_collector.cpp:689] Core 11: skipped 1024 AICore record slot(s) with start_time=0 (race-window write or recycled-buffer tail). buf seq=0 count=1024
[mono_ns=7228945422283799][T0xe00cf0d3aca0][WARN] copy_aicore_buffer: [chip_swimlane_collector.cpp:689] Core 42: skipped 1024 AICore record slot(s) with start_time=0 (race-window write or recycled-buffer tail). buf seq=0 count=1024
[mono_ns=7228945422337349][T0xe00ce5fcbca0][WARN] copy_aicore_buffer: [chip_swimlane_collector.cpp:689] Core 44: skipped 1024 AICore record slot(s) with start_time=0 (race-window write or recycled-buffer tail). buf seq=0 count=1024
[mono_ns=7228945422450810][T0xe00ce57bbca0][WARN] copy_aicore_buffer: [chip_swimlane_collector.cpp:689] Core 46: skipped 1024 AICore record slot(s) with start_time=0 (race-window write or recycled-buffer tail). buf seq=0 count=1024
[mono_ns=7228945422612571][T0xe00cf0d3aca0][WARN] copy_aicore_buffer: [chip_swimlane_collector.cpp:689] Core 43: skipped 1024 AICore record slot(s) with start_time=0 (race-window write or recycled-buffer tail). buf seq=0 count=1024
[mono_ns=7228945422651341][T0xe00ce5fcbca0][WARN] copy_aicore_buffer: [chip_swimlane_collector.cpp:689] Core 45: skipped 1024 AICore record slot(s) with start_time=0 (race-window write or recycled-buffer tail). buf seq=0 count=1024
[mono_ns=7228945422778171][T0xe00ce57bbca0][WARN] copy_aicore_buffer: [chip_swimlane_collector.cpp:689] Core 47: skipped 1024 AICore record slot(s) with start_time=0 (race-window write or recycled-buffer tail). buf seq=0 count=1024
[mono_ns=7228945422924302][T0xe00cf0d3aca0][WARN] copy_aicore_buffer: [chip_swimlane_collector.cpp:689] Core 12: skipped 1024 AICore record slot(s) with start_time=0 (race-window write or recycled-buffer tail). buf seq=0 count=1024
[mono_ns=7228945422964862][T0xe00ce5fcbca0][WARN] copy_aicore_buffer: [chip_swimlane_collector.cpp:689] Core 13: skipped 1024 AICore record slot(s) with start_time=0 (race-window write or recycled-buffer tail). buf seq=0 count=1024
[mono_ns=7228945423119893][T0xe00ce57bbca0][WARN] copy_aicore_buffer: [chip_swimlane_collector.cpp:689] Core 14: skipped 1024 AICore record slot(s) with start_time=0 (race-window write or recycled-buffer tail). buf seq=0 count=1024
[mono_ns=7228945423240663][T0xe00cf0d3aca0][WARN] copy_aicore_buffer: [chip_swimlane_collector.cpp:689] Core 48: skipped 1024 AICore record slot(s) with start_time=0 (race-window write or recycled-buffer tail). buf seq=0 count=1024
[mono_ns=7228945423281894][T0xe00ce5fcbca0][WARN] copy_aicore_buffer: [chip_swimlane_collector.cpp:689] Core 50: skipped 1024 AICore record slot(s) with start_time=0 (race-window write or recycled-buffer tail). buf seq=0 count=1024
[mono_ns=7228945423458514][T0xe00ce57bbca0][WARN] copy_aicore_buffer: [chip_swimlane_collector.cpp:689] Core 52: skipped 1024 AICore record slot(s) with start_time=0 (race-window write or recycled-buffer tail). buf seq=0 count=1024
[mono_ns=7228945423552825][T0xe00cf0d3aca0][WARN] copy_aicore_buffer: [chip_swimlane_collector.cpp:689] Core 49: skipped 1024 AICore record slot(s) with start_time=0 (race-window write or recycled-buffer tail). buf seq=0 count=1024
[mono_ns=7228945423595265][T0xe00ce5fcbca0][WARN] copy_aicore_buffer: [chip_swimlane_collector.cpp:689] Core 51: skipped 1024 AICore record slot(s) with start_time=0 (race-window write or recycled-buffer tail). buf seq=0 count=1024
[mono_ns=7228945423784666][T0xe00ce57bbca0][WARN] copy_aicore_buffer: [chip_swimlane_collector.cpp:689] Core 53: skipped 1024 AICore record slot(s) with start_time=0 (race-window write or recycled-buffer tail). buf seq=0 count=1024
[mono_ns=7228945423863816][T0xe00cf0d3aca0][WARN] copy_aicore_buffer: [chip_swimlane_collector.cpp:689] Core 15: skipped 1024 AICore record slot(s) with start_time=0 (race-window write or recycled-buffer tail). buf seq=0 count=1024
[mono_ns=7228945423907836][T0xe00ce5fcbca0][WARN] copy_aicore_buffer: [chip_swimlane_collector.cpp:689] Core 16: skipped 1024 AICore record slot(s) with start_time=0 (race-window write or recycled-buffer tail). buf seq=0 count=1024
[mono_ns=7228945424123897][T0xe00ce57bbca0][WARN] copy_aicore_buffer: [chip_swimlane_collector.cpp:689] Core 17: skipped 1024 AICore record slot(s) with start_time=0 (race-window write or recycled-buffer tail). buf seq=0 count=1024
[mono_ns=7228945424214658][T0xe00cf0d3aca0][WARN] copy_aicore_buffer: [chip_swimlane_collector.cpp:689] Core 54: skipped 1024 AICore record slot(s) with start_time=0 (race-window write or recycled-buffer tail). buf seq=0 count=1024
[mono_ns=7228945424230408][T0xe00ce5fcbca0][WARN] copy_aicore_buffer: [chip_swimlane_collector.cpp:689] Core 56: skipped 1024 AICore record slot(s) with start_time=0 (race-window write or recycled-buffer tail). buf seq=0 count=1024
[mono_ns=7228945424453529][T0xe00ce57bbca0][WARN] copy_aicore_buffer: [chip_swimlane_collector.cpp:689] Core 58: skipped 1024 AICore record slot(s) with start_time=0 (race-window write or recycled-buffer tail). buf seq=0 count=1024
[mono_ns=7228945424527359][T0xe00cf0d3aca0][WARN] copy_aicore_buffer: [chip_swimlane_collector.cpp:689] Core 55: skipped 1024 AICore record slot(s) with start_time=0 (race-window write or recycled-buffer tail). buf seq=0 count=1024
[mono_ns=7228945424544289][T0xe00ce5fcbca0][WARN] copy_aicore_buffer: [chip_swimlane_collector.cpp:689] Core 57: skipped 1024 AICore record slot(s) with start_time=0 (race-window write or recycled-buffer tail). buf seq=0 count=1024
[mono_ns=7228945424781250][T0xe00ce57bbca0][WARN] copy_aicore_buffer: [chip_swimlane_collector.cpp:689] Core 59: skipped 1024 AICore record slot(s) with start_time=0 (race-window write or recycled-buffer tail). buf seq=0 count=1024
[mono_ns=7228945424839611][T0xe00cf0d3aca0][WARN] copy_aicore_buffer: [chip_swimlane_collector.cpp:689] Core 18: skipped 1024 AICore record slot(s) with start_time=0 (race-window write or recycled-buffer tail). buf seq=0 count=1024
[mono_ns=7228945424857411][T0xe00ce5fcbca0][WARN] copy_aicore_buffer: [chip_swimlane_collector.cpp:689] Core 19: skipped 1024 AICore record slot(s) with start_time=0 (race-window write or recycled-buffer tail). buf seq=0 count=1024
[mono_ns=7228945425154552][T0xe00ce57bbca0][WARN] copy_aicore_buffer: [chip_swimlane_collector.cpp:689] Core 20: skipped 1024 AICore record slot(s) with start_time=0 (race-window write or recycled-buffer tail). buf seq=0 count=1024
[mono_ns=7228945425166042][T0xe00cf0d3aca0][WARN] copy_aicore_buffer: [chip_swimlane_collector.cpp:689] Core 60: skipped 1023 AICore record slot(s) with start_time=0 (race-window write or recycled-buffer tail). buf seq=0 count=1024
[mono_ns=7228945425181202][T0xe00ce5fcbca0][WARN] copy_aicore_buffer: [chip_swimlane_collector.cpp:689] Core 62: skipped 1024 AICore record slot(s) with start_time=0 (race-window write or recycled-buffer tail). buf seq=0 count=1024
[mono_ns=7228945425481334][T0xe00cf0d3aca0][WARN] copy_aicore_buffer: [chip_swimlane_collector.cpp:689] Core 61: skipped 1022 AICore record slot(s) with start_time=0 (race-window write or recycled-buffer tail). buf seq=0 count=1024
[mono_ns=7228945425483744][T0xe00ce57bbca0][WARN] copy_aicore_buffer: [chip_swimlane_collector.cpp:689] Core 64: skipped 1024 AICore record slot(s) with start_time=0 (race-window write or recycled-buffer tail). buf seq=0 count=1024
[mono_ns=7228945425491284][T0xe00ce5fcbca0][WARN] copy_aicore_buffer: [chip_swimlane_collector.cpp:689] Core 63: skipped 1024 AICore record slot(s) with start_time=0 (race-window write or recycled-buffer tail). buf seq=0 count=1024
[mono_ns=7228945425793915][T0xe00cf0d3aca0][WARN] copy_aicore_buffer: [chip_swimlane_collector.cpp:689] Core 21: skipped 1024 AICore record slot(s) with start_time=0 (race-window write or recycled-buffer tail). buf seq=0 count=1024
[mono_ns=7228945425811015][T0xe00ce57bbca0][WARN] copy_aicore_buffer: [chip_swimlane_collector.cpp:689] Core 65: skipped 1024 AICore record slot(s) with start_time=0 (race-window write or recycled-buffer tail). buf seq=0 count=1024
[mono_ns=7228945425838035][T0xe00ce5fcbca0][WARN] copy_aicore_buffer: [chip_swimlane_collector.cpp:689] Core 22: skipped 1024 AICore record slot(s) with start_time=0 (race-window write or recycled-buffer tail). buf seq=0 count=1024
[mono_ns=7228945426117036][T0xe00cf0d3aca0][WARN] copy_aicore_buffer: [chip_swimlane_collector.cpp:689] Core 66: skipped 1024 AICore record slot(s) with start_time=0 (race-window write or recycled-buffer tail). buf seq=0 count=1024
[mono_ns=7228945426151287][T0xe00ce57bbca0][WARN] copy_aicore_buffer: [chip_swimlane_collector.cpp:689] Core 23: skipped 1024 AICore record slot(s) with start_time=0 (race-window write or recycled-buffer tail). buf seq=0 count=1024
[mono_ns=7228945426162557][T0xe00ce5fcbca0][WARN] copy_aicore_buffer: [chip_swimlane_collector.cpp:689] Core 68: skipped 1024 AICore record slot(s) with start_time=0 (race-window write or recycled-buffer tail). buf seq=0 count=1024
[mono_ns=7228945426425928][T0xe00cf0d3aca0][WARN] copy_aicore_buffer: [chip_swimlane_collector.cpp:689] Core 67: skipped 1024 AICore record slot(s) with start_time=0 (race-window write or recycled-buffer tail). buf seq=0 count=1024
[mono_ns=7228945426475318][T0xe00ce5fcbca0][WARN] copy_aicore_buffer: [chip_swimlane_collector.cpp:689] Core 69: skipped 1024 AICore record slot(s) with start_time=0 (race-window write or recycled-buffer tail). buf seq=0 count=1024
[mono_ns=7228945426479368][T0xe00ce57bbca0][WARN] copy_aicore_buffer: [chip_swimlane_collector.cpp:689] Core 70: skipped 1024 AICore record slot(s) with start_time=0 (race-window write or recycled-buffer tail). buf seq=0 count=1024
[mono_ns=7228945426806950][T0xe00ce57bbca0][WARN] copy_aicore_buffer: [chip_swimlane_collector.cpp:689] Core 71: skipped 1024 AICore record slot(s) with start_time=0 (race-window write or recycled-buffer tail). buf seq=0 count=1024
[mono_ns=7228945527368822][T0xe00e4254b020][TIMING] emit_host_span: [STRACE] v=1 pid=3843427 tid=3843427 inv=20 hid=db84953f453049e3 depth=1 name=chip.run.runner_run ts=7228945414408614 dur=112953328 
[mono_ns=7228945527470073][T0xe00e4254b020][TIMING] emit_host_span: [STRACE] v=1 pid=3843427 tid=3843427 inv=20 hid=db84953f453049e3 depth=1 name=chip.run.validate ts=7228945527383673 dur=82890 
[mono_ns=7228945527481863][T0xe00e4254b020][TIMING] emit_host_span: [STRACE] v=1 pid=3843427 tid=3843427 inv=20 hid=db84953f453049e3 depth=2 name=chip.run.runner_run.device_wall ts=0 dur=4146120 clk=dev
[mono_ns=7228945527486333][T0xe00e4254b020][TIMING] emit_host_span: [STRACE] v=1 pid=3843427 tid=3843427 inv=20 hid=db84953f453049e3 depth=3 name=chip.run.runner_run.device_wall.preamble ts=0 dur=623020 clk=dev
[mono_ns=7228945527490573][T0xe00e4254b020][TIMING] emit_host_span: [STRACE] v=1 pid=3843427 tid=3843427 inv=20 hid=db84953f453049e3 depth=3 name=chip.run.runner_run.device_wall.graph_build ts=618120 dur=3518460 clk=dev
[mono_ns=7228945527530283][T0xe00e4254b020][TIMING] emit_host_span: [STRACE] v=1 pid=3843427 tid=3843427 inv=20 hid=db84953f453049e3 depth=3 name=chip.run.runner_run.device_wall.config_validate ts=618240 dur=780 clk=dev
[mono_ns=7228945527534003][T0xe00e4254b020][TIMING] emit_host_span: [STRACE] v=1 pid=3843427 tid=3843427 inv=20 hid=db84953f453049e3 depth=3 name=chip.run.runner_run.device_wall.arena_wire ts=619080 dur=320 clk=dev
[mono_ns=7228945527538313][T0xe00e4254b020][TIMING] emit_host_span: [STRACE] v=1 pid=3843427 tid=3843427 inv=20 hid=db84953f453049e3 depth=3 name=chip.run.runner_run.device_wall.sm_reset ts=619420 dur=780 clk=dev
[mono_ns=7228945527541463][T0xe00e4254b020][TIMING] emit_host_span: [STRACE] v=1 pid=3843427 tid=3843427 inv=20 hid=db84953f453049e3 depth=3 name=chip.run.runner_run.device_wall.post_orch ts=4136599 dur=9380 clk=dev
[mono_ns=7228945527545483][T0xe00e4254b020][TIMING] emit_host_span: [STRACE] v=1 pid=3843427 tid=3843427 inv=20 hid=db84953f453049e3 depth=3 name=chip.run.runner_run.device_wall.orch ts=620260 dur=4060 clk=dev
[mono_ns=7228945527549373][T0xe00e4254b020][TIMING] emit_host_span: [STRACE] v=1 pid=3843427 tid=3843427 inv=20 hid=db84953f453049e3 depth=3 name=chip.run.runner_run.device_wall.sched ts=623180 dur=3496080 clk=dev
[mono_ns=7228945527554493][T0xe00e4254b020][TIMING] emit_host_span: [STRACE] v=1 pid=3843427 tid=3843427 inv=20 hid=db84953f453049e3 depth=1 name=chip.run.claim_release ts=7228945527552073 dur=660 
[mono_ns=7228945527559843][T0xe00e4254b020][TIMING] emit_host_span: [STRACE] v=1 pid=3843427 tid=3843427 inv=20 hid=db84953f453049e3 depth=0 name=chip.run ts=7228945413852591 dur=113705182 run_id=20 dispatch_id=20 slot_id=0 generation=20 run_epoch=20
[mono_ns=7228950371116054][T0xe00e4254b020][TIMING] emit_host_span: [STRACE] v=1 pid=3843427 tid=3843427 inv=21 hid=db84953f453049e3 depth=2 name=chip.run.bind.args ts=7228950370812542 dur=295992 
[mono_ns=7228950371137974][T0xe00e4254b020][TIMING] emit_host_span: [STRACE] v=1 pid=3843427 tid=3843427 inv=21 hid=db84953f453049e3 depth=2 name=chip.run.bind.prebuilt ts=7228950371130354 dur=5090 
[mono_ns=7228950371143384][T0xe00e4254b020][TIMING] emit_host_span: [STRACE] v=1 pid=3843427 tid=3843427 inv=21 hid=db84953f453049e3 depth=1 name=chip.run.bind ts=7228950370800502 dur=340272 
[mono_ns=7228950475813976][T0xe00e4254b020][TIMING] emit_host_span: [STRACE] v=1 pid=3843427 tid=3843427 inv=21 hid=db84953f453049e3 depth=1 name=chip.run.runner_run ts=7228950371425175 dur=104375621 
[mono_ns=7228950475945217][T0xe00e4254b020][TIMING] emit_host_span: [STRACE] v=1 pid=3843427 tid=3843427 inv=21 hid=db84953f453049e3 depth=1 name=chip.run.validate ts=7228950475834076 dur=107451 
[mono_ns=7228950475957867][T0xe00e4254b020][TIMING] emit_host_span: [STRACE] v=1 pid=3843427 tid=3843427 inv=21 hid=db84953f453049e3 depth=2 name=chip.run.runner_run.device_wall ts=0 dur=4109100 clk=dev
[mono_ns=7228950475962347][T0xe00e4254b020][TIMING] emit_host_span: [STRACE] v=1 pid=3843427 tid=3843427 inv=21 hid=db84953f453049e3 depth=3 name=chip.run.runner_run.device_wall.preamble ts=0 dur=7439 clk=dev
[mono_ns=7228950475967047][T0xe00e4254b020][TIMING] emit_host_span: [STRACE] v=1 pid=3843427 tid=3843427 inv=21 hid=db84953f453049e3 depth=3 name=chip.run.runner_run.device_wall.graph_build ts=2060 dur=4096780 clk=dev
[mono_ns=7228950476021967][T0xe00e4254b020][TIMING] emit_host_span: [STRACE] v=1 pid=3843427 tid=3843427 inv=21 hid=db84953f453049e3 depth=3 name=chip.run.runner_run.device_wall.config_validate ts=2680 dur=880 clk=dev
[mono_ns=7228950476025557][T0xe00e4254b020][TIMING] emit_host_span: [STRACE] v=1 pid=3843427 tid=3843427 inv=21 hid=db84953f453049e3 depth=3 name=chip.run.runner_run.device_wall.arena_wire ts=3760 dur=660 clk=dev
[mono_ns=7228950476029627][T0xe00e4254b020][TIMING] emit_host_span: [STRACE] v=1 pid=3843427 tid=3843427 inv=21 hid=db84953f453049e3 depth=3 name=chip.run.runner_run.device_wall.sm_reset ts=4640 dur=1839 clk=dev
[mono_ns=7228950476033297][T0xe00e4254b020][TIMING] emit_host_span: [STRACE] v=1 pid=3843427 tid=3843427 inv=21 hid=db84953f453049e3 depth=3 name=chip.run.runner_run.device_wall.post_orch ts=4098880 dur=10120 clk=dev
[mono_ns=7228950476036217][T0xe00e4254b020][TIMING] emit_host_span: [STRACE] v=1 pid=3843427 tid=3843427 inv=21 hid=db84953f453049e3 depth=3 name=chip.run.runner_run.device_wall.orch ts=7260 dur=8700 clk=dev
[mono_ns=7228950476039997][T0xe00e4254b020][TIMING] emit_host_span: [STRACE] v=1 pid=3843427 tid=3843427 inv=21 hid=db84953f453049e3 depth=3 name=chip.run.runner_run.device_wall.sched ts=8260 dur=4082520 clk=dev
[mono_ns=7228950476045847][T0xe00e4254b020][TIMING] emit_host_span: [STRACE] v=1 pid=3843427 tid=3843427 inv=21 hid=db84953f453049e3 depth=1 name=chip.run.claim_release ts=7228950476043317 dur=680 
[mono_ns=7228950476051577][T0xe00e4254b020][TIMING] emit_host_span: [STRACE] v=1 pid=3843427 tid=3843427 inv=21 hid=db84953f453049e3 depth=0 name=chip.run ts=7228950370734002 dur=105315525 run_id=21 dispatch_id=21 slot_id=0 generation=21 run_epoch=21
[mono_ns=7228950485283879][T0xe00e4254b020][TIMING] emit_host_span: [STRACE] v=1 pid=3843427 tid=3843427 inv=22 hid=db84953f453049e3 depth=2 name=chip.run.bind.args ts=7228950485169448 dur=109501 
[mono_ns=7228950485301409][T0xe00e4254b020][TIMING] emit_host_span: [STRACE] v=1 pid=3843427 tid=3843427 inv=22 hid=db84953f453049e3 depth=2 name=chip.run.bind.prebuilt ts=7228950485295019 dur=3820 
[mono_ns=7228950485306279][T0xe00e4254b020][TIMING] emit_host_span: [STRACE] v=1 pid=3843427 tid=3843427 inv=22 hid=db84953f453049e3 depth=1 name=chip.run.bind ts=7228950485157478 dur=146541 
[mono_ns=7228950490178341][T0xe00cf0d3aca0][WARN] copy_aicore_buffer: [chip_swimlane_collector.cpp:689] Core 0: skipped 1024 AICore record slot(s) with start_time=0 (race-window write or recycled-buffer tail). buf seq=0 count=1024
[mono_ns=7228950490190911][T0xe00ce5fcbca0][WARN] copy_aicore_buffer: [chip_swimlane_collector.cpp:689] Core 1: skipped 1024 AICore record slot(s) with start_time=0 (race-window write or recycled-buffer tail). buf seq=0 count=1024
[mono_ns=7228950490195871][T0xe00ce57bbca0][WARN] copy_aicore_buffer: [chip_swimlane_collector.cpp:689] Core 2: skipped 1024 AICore record slot(s) with start_time=0 (race-window write or recycled-buffer tail). buf seq=0 count=1024
[mono_ns=7228950490500673][T0xe00cf0d3aca0][WARN] copy_aicore_buffer: [chip_swimlane_collector.cpp:689] Core 24: skipped 1024 AICore record slot(s) with start_time=0 (race-window write or recycled-buffer tail). buf seq=0 count=1024
[mono_ns=7228950490511823][T0xe00ce5fcbca0][WARN] copy_aicore_buffer: [chip_swimlane_collector.cpp:689] Core 26: skipped 1022 AICore record slot(s) with start_time=0 (race-window write or recycled-buffer tail). buf seq=0 count=1024
[mono_ns=7228950490525673][T0xe00ce57bbca0][WARN] copy_aicore_buffer: [chip_swimlane_collector.cpp:689] Core 28: skipped 1023 AICore record slot(s) with start_time=0 (race-window write or recycled-buffer tail). buf seq=0 count=1024
[mono_ns=7228950490838714][T0xe00ce5fcbca0][WARN] copy_aicore_buffer: [chip_swimlane_collector.cpp:689] Core 27: skipped 1023 AICore record slot(s) with start_time=0 (race-window write or recycled-buffer tail). buf seq=0 count=1024
[mono_ns=7228950490862794][T0xe00cf0d3aca0][WARN] copy_aicore_buffer: [chip_swimlane_collector.cpp:689] Core 25: skipped 1024 AICore record slot(s) with start_time=0 (race-window write or recycled-buffer tail). buf seq=0 count=1024
[mono_ns=7228950490886424][T0xe00ce57bbca0][WARN] copy_aicore_buffer: [chip_swimlane_collector.cpp:689] Core 29: skipped 1024 AICore record slot(s) with start_time=0 (race-window write or recycled-buffer tail). buf seq=0 count=1024
[mono_ns=7228950491166466][T0xe00ce5fcbca0][WARN] copy_aicore_buffer: [chip_swimlane_collector.cpp:689] Core 4: skipped 1024 AICore record slot(s) with start_time=0 (race-window write or recycled-buffer tail). buf seq=0 count=1024
[mono_ns=7228950491185876][T0xe00cf0d3aca0][WARN] copy_aicore_buffer: [chip_swimlane_collector.cpp:689] Core 3: skipped 1024 AICore record slot(s) with start_time=0 (race-window write or recycled-buffer tail). buf seq=0 count=1024
[mono_ns=7228950491231136][T0xe00ce57bbca0][WARN] copy_aicore_buffer: [chip_swimlane_collector.cpp:689] Core 5: skipped 1024 AICore record slot(s) with start_time=0 (race-window write or recycled-buffer tail). buf seq=0 count=1024
[mono_ns=7228950491481337][T0xe00ce5fcbca0][WARN] copy_aicore_buffer: [chip_swimlane_collector.cpp:689] Core 32: skipped 1024 AICore record slot(s) with start_time=0 (race-window write or recycled-buffer tail). buf seq=0 count=1024
[mono_ns=7228950491496087][T0xe00cf0d3aca0][WARN] copy_aicore_buffer: [chip_swimlane_collector.cpp:689] Core 30: skipped 1024 AICore record slot(s) with start_time=0 (race-window write or recycled-buffer tail). buf seq=0 count=1024
[mono_ns=7228950491603577][T0xe00ce57bbca0][WARN] copy_aicore_buffer: [chip_swimlane_collector.cpp:689] Core 34: skipped 1022 AICore record slot(s) with start_time=0 (race-window write or recycled-buffer tail). buf seq=0 count=1024
[mono_ns=7228950491795838][T0xe00ce5fcbca0][WARN] copy_aicore_buffer: [chip_swimlane_collector.cpp:689] Core 33: skipped 1024 AICore record slot(s) with start_time=0 (race-window write or recycled-buffer tail). buf seq=0 count=1024
[mono_ns=7228950491806218][T0xe00cf0d3aca0][WARN] copy_aicore_buffer: [chip_swimlane_collector.cpp:689] Core 31: skipped 1024 AICore record slot(s) with start_time=0 (race-window write or recycled-buffer tail). buf seq=0 count=1024
[mono_ns=7228950491932499][T0xe00ce57bbca0][WARN] copy_aicore_buffer: [chip_swimlane_collector.cpp:689] Core 35: skipped 1024 AICore record slot(s) with start_time=0 (race-window write or recycled-buffer tail). buf seq=0 count=1024
[mono_ns=7228950492113940][T0xe00ce5fcbca0][WARN] copy_aicore_buffer: [chip_swimlane_collector.cpp:689] Core 7: skipped 1024 AICore record slot(s) with start_time=0 (race-window write or recycled-buffer tail). buf seq=0 count=1024
[mono_ns=7228950492124790][T0xe00cf0d3aca0][WARN] copy_aicore_buffer: [chip_swimlane_collector.cpp:689] Core 6: skipped 1024 AICore record slot(s) with start_time=0 (race-window write or recycled-buffer tail). buf seq=0 count=1024
[mono_ns=7228950492270731][T0xe00ce57bbca0][WARN] copy_aicore_buffer: [chip_swimlane_collector.cpp:689] Core 8: skipped 1024 AICore record slot(s) with start_time=0 (race-window write or recycled-buffer tail). buf seq=0 count=1024
[mono_ns=7228950492427901][T0xe00ce5fcbca0][WARN] copy_aicore_buffer: [chip_swimlane_collector.cpp:689] Core 38: skipped 1024 AICore record slot(s) with start_time=0 (race-window write or recycled-buffer tail). buf seq=0 count=1024
[mono_ns=7228950492443661][T0xe00cf0d3aca0][WARN] copy_aicore_buffer: [chip_swimlane_collector.cpp:689] Core 36: skipped 1024 AICore record slot(s) with start_time=0 (race-window write or recycled-buffer tail). buf seq=0 count=1024
[mono_ns=7228950492600532][T0xe00ce57bbca0][WARN] copy_aicore_buffer: [chip_swimlane_collector.cpp:689] Core 40: skipped 1024 AICore record slot(s) with start_time=0 (race-window write or recycled-buffer tail). buf seq=0 count=1024
[mono_ns=7228950492741603][T0xe00ce5fcbca0][WARN] copy_aicore_buffer: [chip_swimlane_collector.cpp:689] Core 39: skipped 1024 AICore record slot(s) with start_time=0 (race-window write or recycled-buffer tail). buf seq=0 count=1024
[mono_ns=7228950492756813][T0xe00cf0d3aca0][WARN] copy_aicore_buffer: [chip_swimlane_collector.cpp:689] Core 37: skipped 1024 AICore record slot(s) with start_time=0 (race-window write or recycled-buffer tail). buf seq=0 count=1024
[mono_ns=7228950492929863][T0xe00ce57bbca0][WARN] copy_aicore_buffer: [chip_swimlane_collector.cpp:689] Core 41: skipped 1024 AICore record slot(s) with start_time=0 (race-window write or recycled-buffer tail). buf seq=0 count=1024
[mono_ns=7228950493064734][T0xe00ce5fcbca0][WARN] copy_aicore_buffer: [chip_swimlane_collector.cpp:689] Core 10: skipped 1024 AICore record slot(s) with start_time=0 (race-window write or recycled-buffer tail). buf seq=0 count=1024
[mono_ns=7228950493076264][T0xe00cf0d3aca0][WARN] copy_aicore_buffer: [chip_swimlane_collector.cpp:689] Core 9: skipped 1024 AICore record slot(s) with start_time=0 (race-window write or recycled-buffer tail). buf seq=0 count=1024
[mono_ns=7228950493266145][T0xe00ce57bbca0][WARN] copy_aicore_buffer: [chip_swimlane_collector.cpp:689] Core 11: skipped 1024 AICore record slot(s) with start_time=0 (race-window write or recycled-buffer tail). buf seq=0 count=1024
[mono_ns=7228950493387446][T0xe00cf0d3aca0][WARN] copy_aicore_buffer: [chip_swimlane_collector.cpp:689] Core 42: skipped 1024 AICore record slot(s) with start_time=0 (race-window write or recycled-buffer tail). buf seq=0 count=1024
[mono_ns=7228950493395966][T0xe00ce5fcbca0][WARN] copy_aicore_buffer: [chip_swimlane_collector.cpp:689] Core 44: skipped 1024 AICore record slot(s) with start_time=0 (race-window write or recycled-buffer tail). buf seq=0 count=1024
[mono_ns=7228950493595146][T0xe00ce57bbca0][WARN] copy_aicore_buffer: [chip_swimlane_collector.cpp:689] Core 46: skipped 1024 AICore record slot(s) with start_time=0 (race-window write or recycled-buffer tail). buf seq=0 count=1024
[mono_ns=7228950493699007][T0xe00cf0d3aca0][WARN] copy_aicore_buffer: [chip_swimlane_collector.cpp:689] Core 43: skipped 1024 AICore record slot(s) with start_time=0 (race-window write or recycled-buffer tail). buf seq=0 count=1024
[mono_ns=7228950493707177][T0xe00ce5fcbca0][WARN] copy_aicore_buffer: [chip_swimlane_collector.cpp:689] Core 45: skipped 1024 AICore record slot(s) with start_time=0 (race-window write or recycled-buffer tail). buf seq=0 count=1024
[mono_ns=7228950493924588][T0xe00ce57bbca0][WARN] copy_aicore_buffer: [chip_swimlane_collector.cpp:689] Core 47: skipped 1024 AICore record slot(s) with start_time=0 (race-window write or recycled-buffer tail). buf seq=0 count=1024
[mono_ns=7228950494021738][T0xe00cf0d3aca0][WARN] copy_aicore_buffer: [chip_swimlane_collector.cpp:689] Core 12: skipped 1024 AICore record slot(s) with start_time=0 (race-window write or recycled-buffer tail). buf seq=0 count=1024
[mono_ns=7228950494071069][T0xe00ce5fcbca0][WARN] copy_aicore_buffer: [chip_swimlane_collector.cpp:689] Core 13: skipped 1024 AICore record slot(s) with start_time=0 (race-window write or recycled-buffer tail). buf seq=0 count=1024
[mono_ns=7228950494259609][T0xe00ce57bbca0][WARN] copy_aicore_buffer: [chip_swimlane_collector.cpp:689] Core 14: skipped 1024 AICore record slot(s) with start_time=0 (race-window write or recycled-buffer tail). buf seq=0 count=1024
[mono_ns=7228950494333100][T0xe00cf0d3aca0][WARN] copy_aicore_buffer: [chip_swimlane_collector.cpp:689] Core 48: skipped 1024 AICore record slot(s) with start_time=0 (race-window write or recycled-buffer tail). buf seq=0 count=1024
[mono_ns=7228950494384060][T0xe00ce5fcbca0][WARN] copy_aicore_buffer: [chip_swimlane_collector.cpp:689] Core 50: skipped 1024 AICore record slot(s) with start_time=0 (race-window write or recycled-buffer tail). buf seq=0 count=1024
[mono_ns=7228950494588701][T0xe00ce57bbca0][WARN] copy_aicore_buffer: [chip_swimlane_collector.cpp:689] Core 52: skipped 1024 AICore record slot(s) with start_time=0 (race-window write or recycled-buffer tail). buf seq=0 count=1024
[mono_ns=7228950494644501][T0xe00cf0d3aca0][WARN] copy_aicore_buffer: [chip_swimlane_collector.cpp:689] Core 49: skipped 1024 AICore record slot(s) with start_time=0 (race-window write or recycled-buffer tail). buf seq=0 count=1024
[mono_ns=7228950494694671][T0xe00ce5fcbca0][WARN] copy_aicore_buffer: [chip_swimlane_collector.cpp:689] Core 51: skipped 1024 AICore record slot(s) with start_time=0 (race-window write or recycled-buffer tail). buf seq=0 count=1024
[mono_ns=7228950494917792][T0xe00ce57bbca0][WARN] copy_aicore_buffer: [chip_swimlane_collector.cpp:689] Core 53: skipped 1024 AICore record slot(s) with start_time=0 (race-window write or recycled-buffer tail). buf seq=0 count=1024
[mono_ns=7228950494986023][T0xe00cf0d3aca0][WARN] copy_aicore_buffer: [chip_swimlane_collector.cpp:689] Core 15: skipped 1024 AICore record slot(s) with start_time=0 (race-window write or recycled-buffer tail). buf seq=0 count=1024
[mono_ns=7228950495014303][T0xe00ce5fcbca0][WARN] copy_aicore_buffer: [chip_swimlane_collector.cpp:689] Core 16: skipped 1024 AICore record slot(s) with start_time=0 (race-window write or recycled-buffer tail). buf seq=0 count=1024
[mono_ns=7228950495257424][T0xe00ce57bbca0][WARN] copy_aicore_buffer: [chip_swimlane_collector.cpp:689] Core 17: skipped 1024 AICore record slot(s) with start_time=0 (race-window write or recycled-buffer tail). buf seq=0 count=1024
[mono_ns=7228950495304564][T0xe00cf0d3aca0][WARN] copy_aicore_buffer: [chip_swimlane_collector.cpp:689] Core 54: skipped 1024 AICore record slot(s) with start_time=0 (race-window write or recycled-buffer tail). buf seq=0 count=1024
[mono_ns=7228950495326864][T0xe00ce5fcbca0][WARN] copy_aicore_buffer: [chip_swimlane_collector.cpp:689] Core 56: skipped 1024 AICore record slot(s) with start_time=0 (race-window write or recycled-buffer tail). buf seq=0 count=1024
[mono_ns=7228950495586195][T0xe00ce57bbca0][WARN] copy_aicore_buffer: [chip_swimlane_collector.cpp:689] Core 58: skipped 1024 AICore record slot(s) with start_time=0 (race-window write or recycled-buffer tail). buf seq=0 count=1024
[mono_ns=7228950495617046][T0xe00cf0d3aca0][WARN] copy_aicore_buffer: [chip_swimlane_collector.cpp:689] Core 55: skipped 1024 AICore record slot(s) with start_time=0 (race-window write or recycled-buffer tail). buf seq=0 count=1024
[mono_ns=7228950495639866][T0xe00ce5fcbca0][WARN] copy_aicore_buffer: [chip_swimlane_collector.cpp:689] Core 57: skipped 1024 AICore record slot(s) with start_time=0 (race-window write or recycled-buffer tail). buf seq=0 count=1024
[mono_ns=7228950495926857][T0xe00cf0d3aca0][WARN] copy_aicore_buffer: [chip_swimlane_collector.cpp:689] Core 18: skipped 1024 AICore record slot(s) with start_time=0 (race-window write or recycled-buffer tail). buf seq=0 count=1024
[mono_ns=7228950495926627][T0xe00ce57bbca0][WARN] copy_aicore_buffer: [chip_swimlane_collector.cpp:689] Core 59: skipped 1024 AICore record slot(s) with start_time=0 (race-window write or recycled-buffer tail). buf seq=0 count=1024
[mono_ns=7228950495953377][T0xe00ce5fcbca0][WARN] copy_aicore_buffer: [chip_swimlane_collector.cpp:689] Core 19: skipped 1024 AICore record slot(s) with start_time=0 (race-window write or recycled-buffer tail). buf seq=0 count=1024
[mono_ns=7228950496244668][T0xe00cf0d3aca0][WARN] copy_aicore_buffer: [chip_swimlane_collector.cpp:689] Core 60: skipped 1024 AICore record slot(s) with start_time=0 (race-window write or recycled-buffer tail). buf seq=0 count=1024
[mono_ns=7228950496259179][T0xe00ce57bbca0][WARN] copy_aicore_buffer: [chip_swimlane_collector.cpp:689] Core 20: skipped 1024 AICore record slot(s) with start_time=0 (race-window write or recycled-buffer tail). buf seq=0 count=1024
[mono_ns=7228950496271659][T0xe00ce5fcbca0][WARN] copy_aicore_buffer: [chip_swimlane_collector.cpp:689] Core 62: skipped 1024 AICore record slot(s) with start_time=0 (race-window write or recycled-buffer tail). buf seq=0 count=1024
[mono_ns=7228950496555300][T0xe00cf0d3aca0][WARN] copy_aicore_buffer: [chip_swimlane_collector.cpp:689] Core 61: skipped 1024 AICore record slot(s) with start_time=0 (race-window write or recycled-buffer tail). buf seq=0 count=1024
[mono_ns=7228950496584890][T0xe00ce57bbca0][WARN] copy_aicore_buffer: [chip_swimlane_collector.cpp:689] Core 64: skipped 1024 AICore record slot(s) with start_time=0 (race-window write or recycled-buffer tail). buf seq=0 count=1024
[mono_ns=7228950496616000][T0xe00ce5fcbca0][WARN] copy_aicore_buffer: [chip_swimlane_collector.cpp:689] Core 63: skipped 1024 AICore record slot(s) with start_time=0 (race-window write or recycled-buffer tail). buf seq=0 count=1024
[mono_ns=7228950496866741][T0xe00cf0d3aca0][WARN] copy_aicore_buffer: [chip_swimlane_collector.cpp:689] Core 21: skipped 1024 AICore record slot(s) with start_time=0 (race-window write or recycled-buffer tail). buf seq=0 count=1024
[mono_ns=7228950496912981][T0xe00ce57bbca0][WARN] copy_aicore_buffer: [chip_swimlane_collector.cpp:689] Core 65: skipped 1024 AICore record slot(s) with start_time=0 (race-window write or recycled-buffer tail). buf seq=0 count=1024
[mono_ns=7228950496930432][T0xe00ce5fcbca0][WARN] copy_aicore_buffer: [chip_swimlane_collector.cpp:689] Core 22: skipped 1024 AICore record slot(s) with start_time=0 (race-window write or recycled-buffer tail). buf seq=0 count=1024
[mono_ns=7228950497185413][T0xe00cf0d3aca0][WARN] copy_aicore_buffer: [chip_swimlane_collector.cpp:689] Core 66: skipped 1024 AICore record slot(s) with start_time=0 (race-window write or recycled-buffer tail). buf seq=0 count=1024
[mono_ns=7228950497254433][T0xe00ce5fcbca0][WARN] copy_aicore_buffer: [chip_swimlane_collector.cpp:689] Core 68: skipped 1024 AICore record slot(s) with start_time=0 (race-window write or recycled-buffer tail). buf seq=0 count=1024
[mono_ns=7228950497255653][T0xe00ce57bbca0][WARN] copy_aicore_buffer: [chip_swimlane_collector.cpp:689] Core 23: skipped 1024 AICore record slot(s) with start_time=0 (race-window write or recycled-buffer tail). buf seq=0 count=1024
[mono_ns=7228950497524274][T0xe00cf0d3aca0][WARN] copy_aicore_buffer: [chip_swimlane_collector.cpp:689] Core 67: skipped 1024 AICore record slot(s) with start_time=0 (race-window write or recycled-buffer tail). buf seq=0 count=1024
[mono_ns=7228950497567574][T0xe00ce5fcbca0][WARN] copy_aicore_buffer: [chip_swimlane_collector.cpp:689] Core 69: skipped 1024 AICore record slot(s) with start_time=0 (race-window write or recycled-buffer tail). buf seq=0 count=1024
[mono_ns=7228950497581214][T0xe00ce57bbca0][WARN] copy_aicore_buffer: [chip_swimlane_collector.cpp:689] Core 70: skipped 1024 AICore record slot(s) with start_time=0 (race-window write or recycled-buffer tail). buf seq=0 count=1024
[mono_ns=7228950497909196][T0xe00ce57bbca0][WARN] copy_aicore_buffer: [chip_swimlane_collector.cpp:689] Core 71: skipped 1024 AICore record slot(s) with start_time=0 (race-window write or recycled-buffer tail). buf seq=0 count=1024
[mono_ns=7228950598501370][T0xe00e4254b020][TIMING] emit_host_span: [STRACE] v=1 pid=3843427 tid=3843427 inv=22 hid=db84953f453049e3 depth=1 name=chip.run.runner_run ts=7228950485608480 dur=112884370 
[mono_ns=7228950598606631][T0xe00e4254b020][TIMING] emit_host_span: [STRACE] v=1 pid=3843427 tid=3843427 inv=22 hid=db84953f453049e3 depth=1 name=chip.run.validate ts=7228950598514910 dur=88220 
[mono_ns=7228950598654771][T0xe00e4254b020][TIMING] emit_host_span: [STRACE] v=1 pid=3843427 tid=3843427 inv=22 hid=db84953f453049e3 depth=2 name=chip.run.runner_run.device_wall ts=0 dur=4033260 clk=dev
[mono_ns=7228950598659211][T0xe00e4254b020][TIMING] emit_host_span: [STRACE] v=1 pid=3843427 tid=3843427 inv=22 hid=db84953f453049e3 depth=3 name=chip.run.runner_run.device_wall.preamble ts=0 dur=616939 clk=dev
[mono_ns=7228950598663971][T0xe00e4254b020][TIMING] emit_host_span: [STRACE] v=1 pid=3843427 tid=3843427 inv=22 hid=db84953f453049e3 depth=3 name=chip.run.runner_run.device_wall.graph_build ts=612520 dur=3411700 clk=dev
[mono_ns=7228950598667331][T0xe00e4254b020][TIMING] emit_host_span: [STRACE] v=1 pid=3843427 tid=3843427 inv=22 hid=db84953f453049e3 depth=3 name=chip.run.runner_run.device_wall.config_validate ts=612780 dur=1020 clk=dev
[mono_ns=7228950598671711][T0xe00e4254b020][TIMING] emit_host_span: [STRACE] v=1 pid=3843427 tid=3843427 inv=22 hid=db84953f453049e3 depth=3 name=chip.run.runner_run.device_wall.arena_wire ts=614000 dur=320 clk=dev
[mono_ns=7228950598676001][T0xe00e4254b020][TIMING] emit_host_span: [STRACE] v=1 pid=3843427 tid=3843427 inv=22 hid=db84953f453049e3 depth=3 name=chip.run.runner_run.device_wall.sm_reset ts=614340 dur=840 clk=dev
[mono_ns=7228950598679291][T0xe00e4254b020][TIMING] emit_host_span: [STRACE] v=1 pid=3843427 tid=3843427 inv=22 hid=db84953f453049e3 depth=3 name=chip.run.runner_run.device_wall.post_orch ts=4024279 dur=8879 clk=dev
[mono_ns=7228950598683191][T0xe00e4254b020][TIMING] emit_host_span: [STRACE] v=1 pid=3843427 tid=3843427 inv=22 hid=db84953f453049e3 depth=3 name=chip.run.runner_run.device_wall.orch ts=615220 dur=3780 clk=dev
[mono_ns=7228950598701441][T0xe00e4254b020][TIMING] emit_host_span: [STRACE] v=1 pid=3843427 tid=3843427 inv=22 hid=db84953f453049e3 depth=3 name=chip.run.runner_run.device_wall.sched ts=617460 dur=3389160 clk=dev
[mono_ns=7228950598707901][T0xe00e4254b020][TIMING] emit_host_span: [STRACE] v=1 pid=3843427 tid=3843427 inv=22 hid=db84953f453049e3 depth=1 name=chip.run.claim_release ts=7228950598704771 dur=490 
[mono_ns=7228950598713611][T0xe00e4254b020][TIMING] emit_host_span: [STRACE] v=1 pid=3843427 tid=3843427 inv=22 hid=db84953f453049e3 depth=0 name=chip.run ts=7228950485112668 dur=113598783 run_id=22 dispatch_id=22 slot_id=0 generation=22 run_epoch=22
