[mono_ns=7314033373852705][T0xf902cbd5b020][TIMING] emit_host_span: [STRACE] v=1 pid=4187412 tid=4187412 inv=1 hid=16640ce8da8c63f2 depth=2 name=chip.run.bind.args ts=7314033371621451 dur=2222004 
[mono_ns=7314033373880105][T0xf902cbd5b020][TIMING] emit_host_span: [STRACE] v=1 pid=4187412 tid=4187412 inv=1 hid=16640ce8da8c63f2 depth=2 name=chip.run.bind.prebuilt ts=7314033373871555 dur=5420 
[mono_ns=7314033373887275][T0xf902cbd5b020][TIMING] emit_host_span: [STRACE] v=1 pid=4187412 tid=4187412 inv=1 hid=16640ce8da8c63f2 depth=1 name=chip.run.bind ts=7314033371507330 dur=2375995 
[mono_ns=7314033488533229][T0xf902cbd5b020][TIMING] emit_host_span: [STRACE] v=1 pid=4187412 tid=4187412 inv=1 hid=16640ce8da8c63f2 depth=1 name=chip.run.runner_run ts=7314033375015382 dur=113506057 
[mono_ns=7314033491070625][T0xf902cbd5b020][TIMING] emit_host_span: [STRACE] v=1 pid=4187412 tid=4187412 inv=1 hid=16640ce8da8c63f2 depth=1 name=chip.run.validate ts=7314033488548729 dur=2514426 
[mono_ns=7314033491085165][T0xf902cbd5b020][TIMING] emit_host_span: [STRACE] v=1 pid=4187412 tid=4187412 inv=1 hid=16640ce8da8c63f2 depth=2 name=chip.run.runner_run.device_wall ts=0 dur=3443340 clk=dev
[mono_ns=7314033491089935][T0xf902cbd5b020][TIMING] emit_host_span: [STRACE] v=1 pid=4187412 tid=4187412 inv=1 hid=16640ce8da8c63f2 depth=3 name=chip.run.runner_run.device_wall.preamble ts=0 dur=171900 clk=dev
[mono_ns=7314033491094455][T0xf902cbd5b020][TIMING] emit_host_span: [STRACE] v=1 pid=4187412 tid=4187412 inv=1 hid=16640ce8da8c63f2 depth=3 name=chip.run.runner_run.device_wall.graph_build ts=39260 dur=3383560 clk=dev
[mono_ns=7314033491098155][T0xf902cbd5b020][TIMING] emit_host_span: [STRACE] v=1 pid=4187412 tid=4187412 inv=1 hid=16640ce8da8c63f2 depth=3 name=chip.run.runner_run.device_wall.config_validate ts=43560 dur=2880 clk=dev
[mono_ns=7314033491101445][T0xf902cbd5b020][TIMING] emit_host_span: [STRACE] v=1 pid=4187412 tid=4187412 inv=1 hid=16640ce8da8c63f2 depth=3 name=chip.run.runner_run.device_wall.arena_wire ts=46480 dur=12780 clk=dev
[mono_ns=7314033491105875][T0xf902cbd5b020][TIMING] emit_host_span: [STRACE] v=1 pid=4187412 tid=4187412 inv=1 hid=16640ce8da8c63f2 depth=3 name=chip.run.runner_run.device_wall.sm_reset ts=59300 dur=17920 clk=dev
[mono_ns=7314033491110235][T0xf902cbd5b020][TIMING] emit_host_span: [STRACE] v=1 pid=4187412 tid=4187412 inv=1 hid=16640ce8da8c63f2 depth=3 name=chip.run.runner_run.device_wall.post_orch ts=3422880 dur=16840 clk=dev
[mono_ns=7314033491114445][T0xf902cbd5b020][TIMING] emit_host_span: [STRACE] v=1 pid=4187412 tid=4187412 inv=1 hid=16640ce8da8c63f2 depth=3 name=chip.run.runner_run.device_wall.orch ts=82080 dur=42260 clk=dev
[mono_ns=7314033491118745][T0xf902cbd5b020][TIMING] emit_host_span: [STRACE] v=1 pid=4187412 tid=4187412 inv=1 hid=16640ce8da8c63f2 depth=3 name=chip.run.runner_run.device_wall.sched ts=174140 dur=3226640 clk=dev
[mono_ns=7314033491125755][T0xf902cbd5b020][TIMING] emit_host_span: [STRACE] v=1 pid=4187412 tid=4187412 inv=1 hid=16640ce8da8c63f2 depth=1 name=chip.run.claim_release ts=7314033491123065 dur=900 
[mono_ns=7314033491132626][T0xf902cbd5b020][TIMING] emit_host_span: [STRACE] v=1 pid=4187412 tid=4187412 inv=1 hid=16640ce8da8c63f2 depth=0 name=chip.run ts=7314033371468340 dur=119662095 run_id=1 dispatch_id=1 slot_id=0 generation=1 run_epoch=1
[mono_ns=7314033503140570][T0xf902cbd5b020][TIMING] emit_host_span: [STRACE] v=1 pid=4187412 tid=4187412 inv=2 hid=16640ce8da8c63f2 depth=2 name=chip.run.bind.args ts=7314033501423520 dur=1709590 
[mono_ns=7314033503170020][T0xf902cbd5b020][TIMING] emit_host_span: [STRACE] v=1 pid=4187412 tid=4187412 inv=2 hid=16640ce8da8c63f2 depth=2 name=chip.run.bind.prebuilt ts=7314033503161350 dur=6220 
[mono_ns=7314033503175421][T0xf902cbd5b020][TIMING] emit_host_span: [STRACE] v=1 pid=4187412 tid=4187412 inv=2 hid=16640ce8da8c63f2 depth=1 name=chip.run.bind ts=7314033501410260 dur=1762841 
[mono_ns=7314033562248379][T0xf90189a0cca0][WARN] copy_aicore_buffer: [chip_swimlane_collector.cpp:689] Core 0: skipped 1024 AICore record slot(s) with start_time=0 (race-window write or recycled-buffer tail). buf seq=0 count=1024
[mono_ns=7314033562266509][T0xf901891fcca0][WARN] copy_aicore_buffer: [chip_swimlane_collector.cpp:689] Core 1: skipped 1024 AICore record slot(s) with start_time=0 (race-window write or recycled-buffer tail). buf seq=0 count=1024
[mono_ns=7314033562286239][T0xf901889ecca0][WARN] copy_aicore_buffer: [chip_swimlane_collector.cpp:689] Core 2: skipped 1024 AICore record slot(s) with start_time=0 (race-window write or recycled-buffer tail). buf seq=0 count=1024
[mono_ns=7314033562581101][T0xf90189a0cca0][WARN] copy_aicore_buffer: [chip_swimlane_collector.cpp:689] Core 24: skipped 1022 AICore record slot(s) with start_time=0 (race-window write or recycled-buffer tail). buf seq=0 count=1024
[mono_ns=7314033562593841][T0xf901891fcca0][WARN] copy_aicore_buffer: [chip_swimlane_collector.cpp:689] Core 26: skipped 1023 AICore record slot(s) with start_time=0 (race-window write or recycled-buffer tail). buf seq=0 count=1024
[mono_ns=7314033562608311][T0xf901889ecca0][WARN] copy_aicore_buffer: [chip_swimlane_collector.cpp:689] Core 28: skipped 1024 AICore record slot(s) with start_time=0 (race-window write or recycled-buffer tail). buf seq=0 count=1024
[mono_ns=7314033562905953][T0xf90189a0cca0][WARN] copy_aicore_buffer: [chip_swimlane_collector.cpp:689] Core 25: skipped 1024 AICore record slot(s) with start_time=0 (race-window write or recycled-buffer tail). buf seq=0 count=1024
[mono_ns=7314033562915233][T0xf901891fcca0][WARN] copy_aicore_buffer: [chip_swimlane_collector.cpp:689] Core 27: skipped 1024 AICore record slot(s) with start_time=0 (race-window write or recycled-buffer tail). buf seq=0 count=1024
[mono_ns=7314033562934093][T0xf901889ecca0][WARN] copy_aicore_buffer: [chip_swimlane_collector.cpp:689] Core 29: skipped 1024 AICore record slot(s) with start_time=0 (race-window write or recycled-buffer tail). buf seq=0 count=1024
[mono_ns=7314033563334185][T0xf90189a0cca0][WARN] copy_aicore_buffer: [chip_swimlane_collector.cpp:689] Core 3: skipped 1024 AICore record slot(s) with start_time=0 (race-window write or recycled-buffer tail). buf seq=0 count=1024
[mono_ns=7314033563335265][T0xf901889ecca0][WARN] copy_aicore_buffer: [chip_swimlane_collector.cpp:689] Core 5: skipped 1024 AICore record slot(s) with start_time=0 (race-window write or recycled-buffer tail). buf seq=0 count=1024
[mono_ns=7314033563340475][T0xf901891fcca0][WARN] copy_aicore_buffer: [chip_swimlane_collector.cpp:689] Core 4: skipped 1024 AICore record slot(s) with start_time=0 (race-window write or recycled-buffer tail). buf seq=0 count=1024
[mono_ns=7314033563668057][T0xf901889ecca0][WARN] copy_aicore_buffer: [chip_swimlane_collector.cpp:689] Core 34: skipped 1024 AICore record slot(s) with start_time=0 (race-window write or recycled-buffer tail). buf seq=0 count=1024
[mono_ns=7314033563676207][T0xf90189a0cca0][WARN] copy_aicore_buffer: [chip_swimlane_collector.cpp:689] Core 30: skipped 1024 AICore record slot(s) with start_time=0 (race-window write or recycled-buffer tail). buf seq=0 count=1024
[mono_ns=7314033563686867][T0xf901891fcca0][WARN] copy_aicore_buffer: [chip_swimlane_collector.cpp:689] Core 32: skipped 1024 AICore record slot(s) with start_time=0 (race-window write or recycled-buffer tail). buf seq=0 count=1024
[mono_ns=7314033563998979][T0xf901889ecca0][WARN] copy_aicore_buffer: [chip_swimlane_collector.cpp:689] Core 35: skipped 1024 AICore record slot(s) with start_time=0 (race-window write or recycled-buffer tail). buf seq=0 count=1024
[mono_ns=7314033564010300][T0xf90189a0cca0][WARN] copy_aicore_buffer: [chip_swimlane_collector.cpp:689] Core 31: skipped 1024 AICore record slot(s) with start_time=0 (race-window write or recycled-buffer tail). buf seq=0 count=1024
[mono_ns=7314033564017210][T0xf901891fcca0][WARN] copy_aicore_buffer: [chip_swimlane_collector.cpp:689] Core 33: skipped 1024 AICore record slot(s) with start_time=0 (race-window write or recycled-buffer tail). buf seq=0 count=1024
[mono_ns=7314033564339642][T0xf90189a0cca0][WARN] copy_aicore_buffer: [chip_swimlane_collector.cpp:689] Core 6: skipped 1024 AICore record slot(s) with start_time=0 (race-window write or recycled-buffer tail). buf seq=0 count=1024
[mono_ns=7314033564352942][T0xf901889ecca0][WARN] copy_aicore_buffer: [chip_swimlane_collector.cpp:689] Core 8: skipped 1024 AICore record slot(s) with start_time=0 (race-window write or recycled-buffer tail). buf seq=0 count=1024
[mono_ns=7314033564359792][T0xf901891fcca0][WARN] copy_aicore_buffer: [chip_swimlane_collector.cpp:689] Core 7: skipped 1024 AICore record slot(s) with start_time=0 (race-window write or recycled-buffer tail). buf seq=0 count=1024
[mono_ns=7314033564671334][T0xf90189a0cca0][WARN] copy_aicore_buffer: [chip_swimlane_collector.cpp:689] Core 36: skipped 1024 AICore record slot(s) with start_time=0 (race-window write or recycled-buffer tail). buf seq=0 count=1024
[mono_ns=7314033564686154][T0xf901889ecca0][WARN] copy_aicore_buffer: [chip_swimlane_collector.cpp:689] Core 40: skipped 1024 AICore record slot(s) with start_time=0 (race-window write or recycled-buffer tail). buf seq=0 count=1024
[mono_ns=7314033564692134][T0xf901891fcca0][WARN] copy_aicore_buffer: [chip_swimlane_collector.cpp:689] Core 38: skipped 1024 AICore record slot(s) with start_time=0 (race-window write or recycled-buffer tail). buf seq=0 count=1024
[mono_ns=7314033565023016][T0xf90189a0cca0][WARN] copy_aicore_buffer: [chip_swimlane_collector.cpp:689] Core 37: skipped 1024 AICore record slot(s) with start_time=0 (race-window write or recycled-buffer tail). buf seq=0 count=1024
[mono_ns=7314033565023686][T0xf901889ecca0][WARN] copy_aicore_buffer: [chip_swimlane_collector.cpp:689] Core 41: skipped 1024 AICore record slot(s) with start_time=0 (race-window write or recycled-buffer tail). buf seq=0 count=1024
[mono_ns=7314033565031786][T0xf901891fcca0][WARN] copy_aicore_buffer: [chip_swimlane_collector.cpp:689] Core 39: skipped 1024 AICore record slot(s) with start_time=0 (race-window write or recycled-buffer tail). buf seq=0 count=1024
[mono_ns=7314033565351118][T0xf901889ecca0][WARN] copy_aicore_buffer: [chip_swimlane_collector.cpp:689] Core 11: skipped 1024 AICore record slot(s) with start_time=0 (race-window write or recycled-buffer tail). buf seq=0 count=1024
[mono_ns=7314033565366598][T0xf90189a0cca0][WARN] copy_aicore_buffer: [chip_swimlane_collector.cpp:689] Core 9: skipped 1024 AICore record slot(s) with start_time=0 (race-window write or recycled-buffer tail). buf seq=0 count=1024
[mono_ns=7314033565370688][T0xf901891fcca0][WARN] copy_aicore_buffer: [chip_swimlane_collector.cpp:689] Core 10: skipped 1024 AICore record slot(s) with start_time=0 (race-window write or recycled-buffer tail). buf seq=0 count=1024
[mono_ns=7314033565682450][T0xf901889ecca0][WARN] copy_aicore_buffer: [chip_swimlane_collector.cpp:689] Core 46: skipped 1024 AICore record slot(s) with start_time=0 (race-window write or recycled-buffer tail). buf seq=0 count=1024
[mono_ns=7314033565690950][T0xf90189a0cca0][WARN] copy_aicore_buffer: [chip_swimlane_collector.cpp:689] Core 42: skipped 1024 AICore record slot(s) with start_time=0 (race-window write or recycled-buffer tail). buf seq=0 count=1024
[mono_ns=7314033565700660][T0xf901891fcca0][WARN] copy_aicore_buffer: [chip_swimlane_collector.cpp:689] Core 44: skipped 1024 AICore record slot(s) with start_time=0 (race-window write or recycled-buffer tail). buf seq=0 count=1024
[mono_ns=7314033566021522][T0xf901889ecca0][WARN] copy_aicore_buffer: [chip_swimlane_collector.cpp:689] Core 47: skipped 1024 AICore record slot(s) with start_time=0 (race-window write or recycled-buffer tail). buf seq=0 count=1024
[mono_ns=7314033566024672][T0xf90189a0cca0][WARN] copy_aicore_buffer: [chip_swimlane_collector.cpp:689] Core 43: skipped 1024 AICore record slot(s) with start_time=0 (race-window write or recycled-buffer tail). buf seq=0 count=1024
[mono_ns=7314033566040782][T0xf901891fcca0][WARN] copy_aicore_buffer: [chip_swimlane_collector.cpp:689] Core 45: skipped 1024 AICore record slot(s) with start_time=0 (race-window write or recycled-buffer tail). buf seq=0 count=1024
[mono_ns=7314033566346804][T0xf90189a0cca0][WARN] copy_aicore_buffer: [chip_swimlane_collector.cpp:689] Core 12: skipped 1024 AICore record slot(s) with start_time=0 (race-window write or recycled-buffer tail). buf seq=0 count=1024
[mono_ns=7314033566358034][T0xf901889ecca0][WARN] copy_aicore_buffer: [chip_swimlane_collector.cpp:689] Core 14: skipped 1024 AICore record slot(s) with start_time=0 (race-window write or recycled-buffer tail). buf seq=0 count=1024
[mono_ns=7314033566367964][T0xf901891fcca0][WARN] copy_aicore_buffer: [chip_swimlane_collector.cpp:689] Core 13: skipped 1024 AICore record slot(s) with start_time=0 (race-window write or recycled-buffer tail). buf seq=0 count=1024
[mono_ns=7314033566672496][T0xf90189a0cca0][WARN] copy_aicore_buffer: [chip_swimlane_collector.cpp:689] Core 48: skipped 1024 AICore record slot(s) with start_time=0 (race-window write or recycled-buffer tail). buf seq=0 count=1024
[mono_ns=7314033566684536][T0xf901889ecca0][WARN] copy_aicore_buffer: [chip_swimlane_collector.cpp:689] Core 52: skipped 1024 AICore record slot(s) with start_time=0 (race-window write or recycled-buffer tail). buf seq=0 count=1024
[mono_ns=7314033566692526][T0xf901891fcca0][WARN] copy_aicore_buffer: [chip_swimlane_collector.cpp:689] Core 50: skipped 1024 AICore record slot(s) with start_time=0 (race-window write or recycled-buffer tail). buf seq=0 count=1024
[mono_ns=7314033566999588][T0xf90189a0cca0][WARN] copy_aicore_buffer: [chip_swimlane_collector.cpp:689] Core 49: skipped 1024 AICore record slot(s) with start_time=0 (race-window write or recycled-buffer tail). buf seq=0 count=1024
[mono_ns=7314033567019268][T0xf901889ecca0][WARN] copy_aicore_buffer: [chip_swimlane_collector.cpp:689] Core 53: skipped 1024 AICore record slot(s) with start_time=0 (race-window write or recycled-buffer tail). buf seq=0 count=1024
[mono_ns=7314033567029868][T0xf901891fcca0][WARN] copy_aicore_buffer: [chip_swimlane_collector.cpp:689] Core 51: skipped 1024 AICore record slot(s) with start_time=0 (race-window write or recycled-buffer tail). buf seq=0 count=1024
[mono_ns=7314033567335710][T0xf90189a0cca0][WARN] copy_aicore_buffer: [chip_swimlane_collector.cpp:689] Core 15: skipped 1024 AICore record slot(s) with start_time=0 (race-window write or recycled-buffer tail). buf seq=0 count=1024
[mono_ns=7314033567343660][T0xf901889ecca0][WARN] copy_aicore_buffer: [chip_swimlane_collector.cpp:689] Core 17: skipped 1024 AICore record slot(s) with start_time=0 (race-window write or recycled-buffer tail). buf seq=0 count=1024
[mono_ns=7314033567352050][T0xf901891fcca0][WARN] copy_aicore_buffer: [chip_swimlane_collector.cpp:689] Core 16: skipped 1024 AICore record slot(s) with start_time=0 (race-window write or recycled-buffer tail). buf seq=0 count=1024
[mono_ns=7314033567662062][T0xf90189a0cca0][WARN] copy_aicore_buffer: [chip_swimlane_collector.cpp:689] Core 54: skipped 1024 AICore record slot(s) with start_time=0 (race-window write or recycled-buffer tail). buf seq=0 count=1024
[mono_ns=7314033567666822][T0xf901889ecca0][WARN] copy_aicore_buffer: [chip_swimlane_collector.cpp:689] Core 58: skipped 1024 AICore record slot(s) with start_time=0 (race-window write or recycled-buffer tail). buf seq=0 count=1024
[mono_ns=7314033567671782][T0xf901891fcca0][WARN] copy_aicore_buffer: [chip_swimlane_collector.cpp:689] Core 56: skipped 1024 AICore record slot(s) with start_time=0 (race-window write or recycled-buffer tail). buf seq=0 count=1024
[mono_ns=7314033567987964][T0xf90189a0cca0][WARN] copy_aicore_buffer: [chip_swimlane_collector.cpp:689] Core 55: skipped 1024 AICore record slot(s) with start_time=0 (race-window write or recycled-buffer tail). buf seq=0 count=1024
[mono_ns=7314033567994354][T0xf901889ecca0][WARN] copy_aicore_buffer: [chip_swimlane_collector.cpp:689] Core 59: skipped 1024 AICore record slot(s) with start_time=0 (race-window write or recycled-buffer tail). buf seq=0 count=1024
[mono_ns=7314033568009904][T0xf901891fcca0][WARN] copy_aicore_buffer: [chip_swimlane_collector.cpp:689] Core 57: skipped 1024 AICore record slot(s) with start_time=0 (race-window write or recycled-buffer tail). buf seq=0 count=1024
[mono_ns=7314033568325866][T0xf90189a0cca0][WARN] copy_aicore_buffer: [chip_swimlane_collector.cpp:689] Core 18: skipped 1024 AICore record slot(s) with start_time=0 (race-window write or recycled-buffer tail). buf seq=0 count=1024
[mono_ns=7314033568332776][T0xf901889ecca0][WARN] copy_aicore_buffer: [chip_swimlane_collector.cpp:689] Core 20: skipped 1024 AICore record slot(s) with start_time=0 (race-window write or recycled-buffer tail). buf seq=0 count=1024
[mono_ns=7314033568338726][T0xf901891fcca0][WARN] copy_aicore_buffer: [chip_swimlane_collector.cpp:689] Core 19: skipped 1024 AICore record slot(s) with start_time=0 (race-window write or recycled-buffer tail). buf seq=0 count=1024
[mono_ns=7314033568655668][T0xf90189a0cca0][WARN] copy_aicore_buffer: [chip_swimlane_collector.cpp:689] Core 60: skipped 1024 AICore record slot(s) with start_time=0 (race-window write or recycled-buffer tail). buf seq=0 count=1024
[mono_ns=7314033568661108][T0xf901889ecca0][WARN] copy_aicore_buffer: [chip_swimlane_collector.cpp:689] Core 64: skipped 1024 AICore record slot(s) with start_time=0 (race-window write or recycled-buffer tail). buf seq=0 count=1024
[mono_ns=7314033568667209][T0xf901891fcca0][WARN] copy_aicore_buffer: [chip_swimlane_collector.cpp:689] Core 62: skipped 1024 AICore record slot(s) with start_time=0 (race-window write or recycled-buffer tail). buf seq=0 count=1024
[mono_ns=7314033568984520][T0xf90189a0cca0][WARN] copy_aicore_buffer: [chip_swimlane_collector.cpp:689] Core 61: skipped 1024 AICore record slot(s) with start_time=0 (race-window write or recycled-buffer tail). buf seq=0 count=1024
[mono_ns=7314033568993961][T0xf901889ecca0][WARN] copy_aicore_buffer: [chip_swimlane_collector.cpp:689] Core 65: skipped 1024 AICore record slot(s) with start_time=0 (race-window write or recycled-buffer tail). buf seq=0 count=1024
[mono_ns=7314033568998311][T0xf901891fcca0][WARN] copy_aicore_buffer: [chip_swimlane_collector.cpp:689] Core 63: skipped 1024 AICore record slot(s) with start_time=0 (race-window write or recycled-buffer tail). buf seq=0 count=1024
[mono_ns=7314033569326283][T0xf90189a0cca0][WARN] copy_aicore_buffer: [chip_swimlane_collector.cpp:689] Core 21: skipped 1024 AICore record slot(s) with start_time=0 (race-window write or recycled-buffer tail). buf seq=0 count=1024
[mono_ns=7314033569378563][T0xf901889ecca0][WARN] copy_aicore_buffer: [chip_swimlane_collector.cpp:689] Core 23: skipped 1024 AICore record slot(s) with start_time=0 (race-window write or recycled-buffer tail). buf seq=0 count=1024
[mono_ns=7314033569386733][T0xf901891fcca0][WARN] copy_aicore_buffer: [chip_swimlane_collector.cpp:689] Core 22: skipped 1024 AICore record slot(s) with start_time=0 (race-window write or recycled-buffer tail). buf seq=0 count=1024
[mono_ns=7314033569655045][T0xf90189a0cca0][WARN] copy_aicore_buffer: [chip_swimlane_collector.cpp:689] Core 66: skipped 1024 AICore record slot(s) with start_time=0 (race-window write or recycled-buffer tail). buf seq=0 count=1024
[mono_ns=7314033569708665][T0xf901889ecca0][WARN] copy_aicore_buffer: [chip_swimlane_collector.cpp:689] Core 70: skipped 1024 AICore record slot(s) with start_time=0 (race-window write or recycled-buffer tail). buf seq=0 count=1024
[mono_ns=7314033569713595][T0xf901891fcca0][WARN] copy_aicore_buffer: [chip_swimlane_collector.cpp:689] Core 68: skipped 1024 AICore record slot(s) with start_time=0 (race-window write or recycled-buffer tail). buf seq=0 count=1024
[mono_ns=7314033569983157][T0xf90189a0cca0][WARN] copy_aicore_buffer: [chip_swimlane_collector.cpp:689] Core 67: skipped 1024 AICore record slot(s) with start_time=0 (race-window write or recycled-buffer tail). buf seq=0 count=1024
[mono_ns=7314033570046107][T0xf901889ecca0][WARN] copy_aicore_buffer: [chip_swimlane_collector.cpp:689] Core 71: skipped 1024 AICore record slot(s) with start_time=0 (race-window write or recycled-buffer tail). buf seq=0 count=1024
[mono_ns=7314033570054667][T0xf901891fcca0][WARN] copy_aicore_buffer: [chip_swimlane_collector.cpp:689] Core 69: skipped 1024 AICore record slot(s) with start_time=0 (race-window write or recycled-buffer tail). buf seq=0 count=1024
[mono_ns=7314033670591673][T0xf902cbd5b020][TIMING] emit_host_span: [STRACE] v=1 pid=4187412 tid=4187412 inv=2 hid=16640ce8da8c63f2 depth=1 name=chip.run.runner_run ts=7314033558326284 dur=112256749 
[mono_ns=7314033672853218][T0xf902cbd5b020][TIMING] emit_host_span: [STRACE] v=1 pid=4187412 tid=4187412 inv=2 hid=16640ce8da8c63f2 depth=1 name=chip.run.validate ts=7314033670606704 dur=2239814 
[mono_ns=7314033672866088][T0xf902cbd5b020][TIMING] emit_host_span: [STRACE] v=1 pid=4187412 tid=4187412 inv=2 hid=16640ce8da8c63f2 depth=2 name=chip.run.runner_run.device_wall ts=0 dur=1907980 clk=dev
[mono_ns=7314033672871738][T0xf902cbd5b020][TIMING] emit_host_span: [STRACE] v=1 pid=4187412 tid=4187412 inv=2 hid=16640ce8da8c63f2 depth=3 name=chip.run.runner_run.device_wall.preamble ts=0 dur=138400 clk=dev
[mono_ns=7314033672876238][T0xf902cbd5b020][TIMING] emit_host_span: [STRACE] v=1 pid=4187412 tid=4187412 inv=2 hid=16640ce8da8c63f2 depth=3 name=chip.run.runner_run.device_wall.graph_build ts=132640 dur=1764919 clk=dev
[mono_ns=7314033672879798][T0xf902cbd5b020][TIMING] emit_host_span: [STRACE] v=1 pid=4187412 tid=4187412 inv=2 hid=16640ce8da8c63f2 depth=3 name=chip.run.runner_run.device_wall.config_validate ts=133160 dur=1040 clk=dev
[mono_ns=7314033672883358][T0xf902cbd5b020][TIMING] emit_host_span: [STRACE] v=1 pid=4187412 tid=4187412 inv=2 hid=16640ce8da8c63f2 depth=3 name=chip.run.runner_run.device_wall.arena_wire ts=134220 dur=540 clk=dev
[mono_ns=7314033672886808][T0xf902cbd5b020][TIMING] emit_host_span: [STRACE] v=1 pid=4187412 tid=4187412 inv=2 hid=16640ce8da8c63f2 depth=3 name=chip.run.runner_run.device_wall.sm_reset ts=134780 dur=1480 clk=dev
[mono_ns=7314033672891288][T0xf902cbd5b020][TIMING] emit_host_span: [STRACE] v=1 pid=4187412 tid=4187412 inv=2 hid=16640ce8da8c63f2 depth=3 name=chip.run.runner_run.device_wall.post_orch ts=1897860 dur=10000 clk=dev
[mono_ns=7314033672894908][T0xf902cbd5b020][TIMING] emit_host_span: [STRACE] v=1 pid=4187412 tid=4187412 inv=2 hid=16640ce8da8c63f2 depth=3 name=chip.run.runner_run.device_wall.orch ts=136480 dur=3920 clk=dev
[mono_ns=7314033672899158][T0xf902cbd5b020][TIMING] emit_host_span: [STRACE] v=1 pid=4187412 tid=4187412 inv=2 hid=16640ce8da8c63f2 depth=3 name=chip.run.runner_run.device_wall.sched ts=138500 dur=1732440 clk=dev
[mono_ns=7314033672904398][T0xf902cbd5b020][TIMING] emit_host_span: [STRACE] v=1 pid=4187412 tid=4187412 inv=2 hid=16640ce8da8c63f2 depth=1 name=chip.run.claim_release ts=7314033672902008 dur=640 
[mono_ns=7314033672910248][T0xf902cbd5b020][TIMING] emit_host_span: [STRACE] v=1 pid=4187412 tid=4187412 inv=2 hid=16640ce8da8c63f2 depth=0 name=chip.run ts=7314033501363889 dur=171544279 run_id=2 dispatch_id=2 slot_id=0 generation=2 run_epoch=2
[mono_ns=7314038509434066][T0xf902cbd5b020][TIMING] emit_host_span: [STRACE] v=1 pid=4187412 tid=4187412 inv=3 hid=16640ce8da8c63f2 depth=2 name=chip.run.bind.args ts=7314038507061291 dur=2353614 
[mono_ns=7314038509471706][T0xf902cbd5b020][TIMING] emit_host_span: [STRACE] v=1 pid=4187412 tid=4187412 inv=3 hid=16640ce8da8c63f2 depth=2 name=chip.run.bind.prebuilt ts=7314038509452496 dur=15950 
[mono_ns=7314038509477356][T0xf902cbd5b020][TIMING] emit_host_span: [STRACE] v=1 pid=4187412 tid=4187412 inv=3 hid=16640ce8da8c63f2 depth=1 name=chip.run.bind ts=7314038507036071 dur=2438765 
[mono_ns=7314038669271681][T0xf902cbd5b020][TIMING] emit_host_span: [STRACE] v=1 pid=4187412 tid=4187412 inv=3 hid=16640ce8da8c63f2 depth=1 name=chip.run.runner_run ts=7314038510218050 dur=159040421 
[mono_ns=7314038671091142][T0xf902cbd5b020][TIMING] emit_host_span: [STRACE] v=1 pid=4187412 tid=4187412 inv=3 hid=16640ce8da8c63f2 depth=1 name=chip.run.validate ts=7314038669287121 dur=1797071 
[mono_ns=7314038671101383][T0xf902cbd5b020][TIMING] emit_host_span: [STRACE] v=1 pid=4187412 tid=4187412 inv=3 hid=16640ce8da8c63f2 depth=2 name=chip.run.runner_run.device_wall ts=0 dur=2103220 clk=dev
[mono_ns=7314038671106043][T0xf902cbd5b020][TIMING] emit_host_span: [STRACE] v=1 pid=4187412 tid=4187412 inv=3 hid=16640ce8da8c63f2 depth=3 name=chip.run.runner_run.device_wall.preamble ts=0 dur=6880 clk=dev
[mono_ns=7314038671109963][T0xf902cbd5b020][TIMING] emit_host_span: [STRACE] v=1 pid=4187412 tid=4187412 inv=3 hid=16640ce8da8c63f2 depth=3 name=chip.run.runner_run.device_wall.graph_build ts=1660 dur=2090600 clk=dev
[mono_ns=7314038671114643][T0xf902cbd5b020][TIMING] emit_host_span: [STRACE] v=1 pid=4187412 tid=4187412 inv=3 hid=16640ce8da8c63f2 depth=3 name=chip.run.runner_run.device_wall.config_validate ts=1779 dur=820 clk=dev
[mono_ns=7314038671117903][T0xf902cbd5b020][TIMING] emit_host_span: [STRACE] v=1 pid=4187412 tid=4187412 inv=3 hid=16640ce8da8c63f2 depth=3 name=chip.run.runner_run.device_wall.arena_wire ts=2620 dur=1020 clk=dev
[mono_ns=7314038671120913][T0xf902cbd5b020][TIMING] emit_host_span: [STRACE] v=1 pid=4187412 tid=4187412 inv=3 hid=16640ce8da8c63f2 depth=3 name=chip.run.runner_run.device_wall.sm_reset ts=3660 dur=2040 clk=dev
[mono_ns=7314038671124063][T0xf902cbd5b020][TIMING] emit_host_span: [STRACE] v=1 pid=4187412 tid=4187412 inv=3 hid=16640ce8da8c63f2 depth=3 name=chip.run.runner_run.device_wall.post_orch ts=2092400 dur=10459 clk=dev
[mono_ns=7314038671131463][T0xf902cbd5b020][TIMING] emit_host_span: [STRACE] v=1 pid=4187412 tid=4187412 inv=3 hid=16640ce8da8c63f2 depth=3 name=chip.run.runner_run.device_wall.orch ts=6680 dur=9900 clk=dev
[mono_ns=7314038671134413][T0xf902cbd5b020][TIMING] emit_host_span: [STRACE] v=1 pid=4187412 tid=4187412 inv=3 hid=16640ce8da8c63f2 depth=3 name=chip.run.runner_run.device_wall.sched ts=7060 dur=2077120 clk=dev
[mono_ns=7314038671140873][T0xf902cbd5b020][TIMING] emit_host_span: [STRACE] v=1 pid=4187412 tid=4187412 inv=3 hid=16640ce8da8c63f2 depth=1 name=chip.run.claim_release ts=7314038671137833 dur=1240 
[mono_ns=7314038671145743][T0xf902cbd5b020][TIMING] emit_host_span: [STRACE] v=1 pid=4187412 tid=4187412 inv=3 hid=16640ce8da8c63f2 depth=0 name=chip.run ts=7314038506771979 dur=164371774 run_id=3 dispatch_id=3 slot_id=0 generation=3 run_epoch=3
[mono_ns=7314038687414584][T0xf902cbd5b020][TIMING] emit_host_span: [STRACE] v=1 pid=4187412 tid=4187412 inv=4 hid=16640ce8da8c63f2 depth=2 name=chip.run.bind.args ts=7314038685211420 dur=2196664 
[mono_ns=7314038687426994][T0xf902cbd5b020][TIMING] emit_host_span: [STRACE] v=1 pid=4187412 tid=4187412 inv=4 hid=16640ce8da8c63f2 depth=2 name=chip.run.bind.prebuilt ts=7314038687422444 dur=2070 
[mono_ns=7314038687431264][T0xf902cbd5b020][TIMING] emit_host_span: [STRACE] v=1 pid=4187412 tid=4187412 inv=4 hid=16640ce8da8c63f2 depth=1 name=chip.run.bind ts=7314038685204710 dur=2224374 
[mono_ns=7314038690937996][T0xf901889ecca0][WARN] copy_aicore_buffer: [chip_swimlane_collector.cpp:689] Core 2: skipped 1024 AICore record slot(s) with start_time=0 (race-window write or recycled-buffer tail). buf seq=0 count=1024
[mono_ns=7314038690975106][T0xf90189a0cca0][WARN] copy_aicore_buffer: [chip_swimlane_collector.cpp:689] Core 0: skipped 1024 AICore record slot(s) with start_time=0 (race-window write or recycled-buffer tail). buf seq=0 count=1024
[mono_ns=7314038690994786][T0xf901891fcca0][WARN] copy_aicore_buffer: [chip_swimlane_collector.cpp:689] Core 1: skipped 1024 AICore record slot(s) with start_time=0 (race-window write or recycled-buffer tail). buf seq=0 count=1024
[mono_ns=7314038691328269][T0xf90189a0cca0][WARN] copy_aicore_buffer: [chip_swimlane_collector.cpp:689] Core 24: skipped 1023 AICore record slot(s) with start_time=0 (race-window write or recycled-buffer tail). buf seq=0 count=1024
[mono_ns=7314038691362219][T0xf901889ecca0][WARN] copy_aicore_buffer: [chip_swimlane_collector.cpp:689] Core 28: skipped 1024 AICore record slot(s) with start_time=0 (race-window write or recycled-buffer tail). buf seq=0 count=1024
[mono_ns=7314038691368199][T0xf901891fcca0][WARN] copy_aicore_buffer: [chip_swimlane_collector.cpp:689] Core 26: skipped 1022 AICore record slot(s) with start_time=0 (race-window write or recycled-buffer tail). buf seq=0 count=1024
[mono_ns=7314038691643761][T0xf90189a0cca0][WARN] copy_aicore_buffer: [chip_swimlane_collector.cpp:689] Core 25: skipped 1024 AICore record slot(s) with start_time=0 (race-window write or recycled-buffer tail). buf seq=0 count=1024
[mono_ns=7314038691679511][T0xf901889ecca0][WARN] copy_aicore_buffer: [chip_swimlane_collector.cpp:689] Core 29: skipped 1024 AICore record slot(s) with start_time=0 (race-window write or recycled-buffer tail). buf seq=0 count=1024
[mono_ns=7314038691684151][T0xf901891fcca0][WARN] copy_aicore_buffer: [chip_swimlane_collector.cpp:689] Core 27: skipped 1024 AICore record slot(s) with start_time=0 (race-window write or recycled-buffer tail). buf seq=0 count=1024
[mono_ns=7314038691957832][T0xf90189a0cca0][WARN] copy_aicore_buffer: [chip_swimlane_collector.cpp:689] Core 3: skipped 1024 AICore record slot(s) with start_time=0 (race-window write or recycled-buffer tail). buf seq=0 count=1024
[mono_ns=7314038691995553][T0xf901889ecca0][WARN] copy_aicore_buffer: [chip_swimlane_collector.cpp:689] Core 5: skipped 1024 AICore record slot(s) with start_time=0 (race-window write or recycled-buffer tail). buf seq=0 count=1024
[mono_ns=7314038692048173][T0xf901891fcca0][WARN] copy_aicore_buffer: [chip_swimlane_collector.cpp:689] Core 4: skipped 1024 AICore record slot(s) with start_time=0 (race-window write or recycled-buffer tail). buf seq=0 count=1024
[mono_ns=7314038692278514][T0xf90189a0cca0][WARN] copy_aicore_buffer: [chip_swimlane_collector.cpp:689] Core 30: skipped 1024 AICore record slot(s) with start_time=0 (race-window write or recycled-buffer tail). buf seq=0 count=1024
[mono_ns=7314038692321665][T0xf901889ecca0][WARN] copy_aicore_buffer: [chip_swimlane_collector.cpp:689] Core 34: skipped 1024 AICore record slot(s) with start_time=0 (race-window write or recycled-buffer tail). buf seq=0 count=1024
[mono_ns=7314038692364625][T0xf901891fcca0][WARN] copy_aicore_buffer: [chip_swimlane_collector.cpp:689] Core 32: skipped 1024 AICore record slot(s) with start_time=0 (race-window write or recycled-buffer tail). buf seq=0 count=1024
[mono_ns=7314038692592926][T0xf90189a0cca0][WARN] copy_aicore_buffer: [chip_swimlane_collector.cpp:689] Core 31: skipped 1024 AICore record slot(s) with start_time=0 (race-window write or recycled-buffer tail). buf seq=0 count=1024
[mono_ns=7314038692636287][T0xf901889ecca0][WARN] copy_aicore_buffer: [chip_swimlane_collector.cpp:689] Core 35: skipped 1024 AICore record slot(s) with start_time=0 (race-window write or recycled-buffer tail). buf seq=0 count=1024
[mono_ns=7314038692679917][T0xf901891fcca0][WARN] copy_aicore_buffer: [chip_swimlane_collector.cpp:689] Core 33: skipped 1024 AICore record slot(s) with start_time=0 (race-window write or recycled-buffer tail). buf seq=0 count=1024
[mono_ns=7314038692906388][T0xf90189a0cca0][WARN] copy_aicore_buffer: [chip_swimlane_collector.cpp:689] Core 6: skipped 1024 AICore record slot(s) with start_time=0 (race-window write or recycled-buffer tail). buf seq=0 count=1024
[mono_ns=7314038692960689][T0xf901889ecca0][WARN] copy_aicore_buffer: [chip_swimlane_collector.cpp:689] Core 8: skipped 1024 AICore record slot(s) with start_time=0 (race-window write or recycled-buffer tail). buf seq=0 count=1024
[mono_ns=7314038692995169][T0xf901891fcca0][WARN] copy_aicore_buffer: [chip_swimlane_collector.cpp:689] Core 7: skipped 1024 AICore record slot(s) with start_time=0 (race-window write or recycled-buffer tail). buf seq=0 count=1024
[mono_ns=7314038693233540][T0xf90189a0cca0][WARN] copy_aicore_buffer: [chip_swimlane_collector.cpp:689] Core 36: skipped 1024 AICore record slot(s) with start_time=0 (race-window write or recycled-buffer tail). buf seq=0 count=1024
[mono_ns=7314038693284591][T0xf901889ecca0][WARN] copy_aicore_buffer: [chip_swimlane_collector.cpp:689] Core 40: skipped 1024 AICore record slot(s) with start_time=0 (race-window write or recycled-buffer tail). buf seq=0 count=1024
[mono_ns=7314038693323271][T0xf901891fcca0][WARN] copy_aicore_buffer: [chip_swimlane_collector.cpp:689] Core 38: skipped 1024 AICore record slot(s) with start_time=0 (race-window write or recycled-buffer tail). buf seq=0 count=1024
[mono_ns=7314038693547122][T0xf90189a0cca0][WARN] copy_aicore_buffer: [chip_swimlane_collector.cpp:689] Core 37: skipped 1024 AICore record slot(s) with start_time=0 (race-window write or recycled-buffer tail). buf seq=0 count=1024
[mono_ns=7314038693598633][T0xf901889ecca0][WARN] copy_aicore_buffer: [chip_swimlane_collector.cpp:689] Core 41: skipped 1024 AICore record slot(s) with start_time=0 (race-window write or recycled-buffer tail). buf seq=0 count=1024
[mono_ns=7314038693667173][T0xf901891fcca0][WARN] copy_aicore_buffer: [chip_swimlane_collector.cpp:689] Core 39: skipped 1024 AICore record slot(s) with start_time=0 (race-window write or recycled-buffer tail). buf seq=0 count=1024
[mono_ns=7314038693859984][T0xf90189a0cca0][WARN] copy_aicore_buffer: [chip_swimlane_collector.cpp:689] Core 9: skipped 1024 AICore record slot(s) with start_time=0 (race-window write or recycled-buffer tail). buf seq=0 count=1024
[mono_ns=7314038693913395][T0xf901889ecca0][WARN] copy_aicore_buffer: [chip_swimlane_collector.cpp:689] Core 11: skipped 1024 AICore record slot(s) with start_time=0 (race-window write or recycled-buffer tail). buf seq=0 count=1024
[mono_ns=7314038693982315][T0xf901891fcca0][WARN] copy_aicore_buffer: [chip_swimlane_collector.cpp:689] Core 10: skipped 1024 AICore record slot(s) with start_time=0 (race-window write or recycled-buffer tail). buf seq=0 count=1024
[mono_ns=7314038694198136][T0xf90189a0cca0][WARN] copy_aicore_buffer: [chip_swimlane_collector.cpp:689] Core 42: skipped 1024 AICore record slot(s) with start_time=0 (race-window write or recycled-buffer tail). buf seq=0 count=1024
[mono_ns=7314038694257267][T0xf901889ecca0][WARN] copy_aicore_buffer: [chip_swimlane_collector.cpp:689] Core 46: skipped 1024 AICore record slot(s) with start_time=0 (race-window write or recycled-buffer tail). buf seq=0 count=1024
[mono_ns=7314038694317557][T0xf901891fcca0][WARN] copy_aicore_buffer: [chip_swimlane_collector.cpp:689] Core 44: skipped 1024 AICore record slot(s) with start_time=0 (race-window write or recycled-buffer tail). buf seq=0 count=1024
[mono_ns=7314038694549269][T0xf90189a0cca0][WARN] copy_aicore_buffer: [chip_swimlane_collector.cpp:689] Core 43: skipped 1024 AICore record slot(s) with start_time=0 (race-window write or recycled-buffer tail). buf seq=0 count=1024
[mono_ns=7314038694637859][T0xf901889ecca0][WARN] copy_aicore_buffer: [chip_swimlane_collector.cpp:689] Core 47: skipped 1024 AICore record slot(s) with start_time=0 (race-window write or recycled-buffer tail). buf seq=0 count=1024
[mono_ns=7314038694659209][T0xf901891fcca0][WARN] copy_aicore_buffer: [chip_swimlane_collector.cpp:689] Core 45: skipped 1024 AICore record slot(s) with start_time=0 (race-window write or recycled-buffer tail). buf seq=0 count=1024
[mono_ns=7314038694876671][T0xf90189a0cca0][WARN] copy_aicore_buffer: [chip_swimlane_collector.cpp:689] Core 12: skipped 1024 AICore record slot(s) with start_time=0 (race-window write or recycled-buffer tail). buf seq=0 count=1024
[mono_ns=7314038694963921][T0xf901889ecca0][WARN] copy_aicore_buffer: [chip_swimlane_collector.cpp:689] Core 14: skipped 1024 AICore record slot(s) with start_time=0 (race-window write or recycled-buffer tail). buf seq=0 count=1024
[mono_ns=7314038694984881][T0xf901891fcca0][WARN] copy_aicore_buffer: [chip_swimlane_collector.cpp:689] Core 13: skipped 1024 AICore record slot(s) with start_time=0 (race-window write or recycled-buffer tail). buf seq=0 count=1024
[mono_ns=7314038695210593][T0xf90189a0cca0][WARN] copy_aicore_buffer: [chip_swimlane_collector.cpp:689] Core 48: skipped 1024 AICore record slot(s) with start_time=0 (race-window write or recycled-buffer tail). buf seq=0 count=1024
[mono_ns=7314038695302833][T0xf901889ecca0][WARN] copy_aicore_buffer: [chip_swimlane_collector.cpp:689] Core 52: skipped 1024 AICore record slot(s) with start_time=0 (race-window write or recycled-buffer tail). buf seq=0 count=1024
[mono_ns=7314038695316553][T0xf901891fcca0][WARN] copy_aicore_buffer: [chip_swimlane_collector.cpp:689] Core 50: skipped 1024 AICore record slot(s) with start_time=0 (race-window write or recycled-buffer tail). buf seq=0 count=1024
[mono_ns=7314038695547675][T0xf90189a0cca0][WARN] copy_aicore_buffer: [chip_swimlane_collector.cpp:689] Core 49: skipped 1024 AICore record slot(s) with start_time=0 (race-window write or recycled-buffer tail). buf seq=0 count=1024
[mono_ns=7314038695631645][T0xf901889ecca0][WARN] copy_aicore_buffer: [chip_swimlane_collector.cpp:689] Core 53: skipped 1024 AICore record slot(s) with start_time=0 (race-window write or recycled-buffer tail). buf seq=0 count=1024
[mono_ns=7314038695637035][T0xf901891fcca0][WARN] copy_aicore_buffer: [chip_swimlane_collector.cpp:689] Core 51: skipped 1024 AICore record slot(s) with start_time=0 (race-window write or recycled-buffer tail). buf seq=0 count=1024
[mono_ns=7314038695871487][T0xf90189a0cca0][WARN] copy_aicore_buffer: [chip_swimlane_collector.cpp:689] Core 15: skipped 1024 AICore record slot(s) with start_time=0 (race-window write or recycled-buffer tail). buf seq=0 count=1024
[mono_ns=7314038695957167][T0xf901889ecca0][WARN] copy_aicore_buffer: [chip_swimlane_collector.cpp:689] Core 17: skipped 1024 AICore record slot(s) with start_time=0 (race-window write or recycled-buffer tail). buf seq=0 count=1024
[mono_ns=7314038695961977][T0xf901891fcca0][WARN] copy_aicore_buffer: [chip_swimlane_collector.cpp:689] Core 16: skipped 1024 AICore record slot(s) with start_time=0 (race-window write or recycled-buffer tail). buf seq=0 count=1024
[mono_ns=7314038696205969][T0xf90189a0cca0][WARN] copy_aicore_buffer: [chip_swimlane_collector.cpp:689] Core 54: skipped 1024 AICore record slot(s) with start_time=0 (race-window write or recycled-buffer tail). buf seq=0 count=1024
[mono_ns=7314038696294909][T0xf901889ecca0][WARN] copy_aicore_buffer: [chip_swimlane_collector.cpp:689] Core 58: skipped 1024 AICore record slot(s) with start_time=0 (race-window write or recycled-buffer tail). buf seq=0 count=1024
[mono_ns=7314038696343490][T0xf901891fcca0][WARN] copy_aicore_buffer: [chip_swimlane_collector.cpp:689] Core 56: skipped 1024 AICore record slot(s) with start_time=0 (race-window write or recycled-buffer tail). buf seq=0 count=1024
[mono_ns=7314038696531661][T0xf90189a0cca0][WARN] copy_aicore_buffer: [chip_swimlane_collector.cpp:689] Core 55: skipped 1024 AICore record slot(s) with start_time=0 (race-window write or recycled-buffer tail). buf seq=0 count=1024
[mono_ns=7314038696625352][T0xf901889ecca0][WARN] copy_aicore_buffer: [chip_swimlane_collector.cpp:689] Core 59: skipped 1024 AICore record slot(s) with start_time=0 (race-window write or recycled-buffer tail). buf seq=0 count=1024
[mono_ns=7314038696668522][T0xf901891fcca0][WARN] copy_aicore_buffer: [chip_swimlane_collector.cpp:689] Core 57: skipped 1024 AICore record slot(s) with start_time=0 (race-window write or recycled-buffer tail). buf seq=0 count=1024
[mono_ns=7314038696855773][T0xf90189a0cca0][WARN] copy_aicore_buffer: [chip_swimlane_collector.cpp:689] Core 18: skipped 1024 AICore record slot(s) with start_time=0 (race-window write or recycled-buffer tail). buf seq=0 count=1024
[mono_ns=7314038696952584][T0xf901889ecca0][WARN] copy_aicore_buffer: [chip_swimlane_collector.cpp:689] Core 20: skipped 1024 AICore record slot(s) with start_time=0 (race-window write or recycled-buffer tail). buf seq=0 count=1024
[mono_ns=7314038696991884][T0xf901891fcca0][WARN] copy_aicore_buffer: [chip_swimlane_collector.cpp:689] Core 19: skipped 1024 AICore record slot(s) with start_time=0 (race-window write or recycled-buffer tail). buf seq=0 count=1024
[mono_ns=7314038697191635][T0xf90189a0cca0][WARN] copy_aicore_buffer: [chip_swimlane_collector.cpp:689] Core 60: skipped 1024 AICore record slot(s) with start_time=0 (race-window write or recycled-buffer tail). buf seq=0 count=1024
[mono_ns=7314038697311496][T0xf901889ecca0][WARN] copy_aicore_buffer: [chip_swimlane_collector.cpp:689] Core 64: skipped 1024 AICore record slot(s) with start_time=0 (race-window write or recycled-buffer tail). buf seq=0 count=1024
[mono_ns=7314038697323716][T0xf901891fcca0][WARN] copy_aicore_buffer: [chip_swimlane_collector.cpp:689] Core 62: skipped 1024 AICore record slot(s) with start_time=0 (race-window write or recycled-buffer tail). buf seq=0 count=1024
[mono_ns=7314038697518417][T0xf90189a0cca0][WARN] copy_aicore_buffer: [chip_swimlane_collector.cpp:689] Core 61: skipped 1024 AICore record slot(s) with start_time=0 (race-window write or recycled-buffer tail). buf seq=0 count=1024
[mono_ns=7314038697640398][T0xf901889ecca0][WARN] copy_aicore_buffer: [chip_swimlane_collector.cpp:689] Core 65: skipped 1024 AICore record slot(s) with start_time=0 (race-window write or recycled-buffer tail). buf seq=0 count=1024
[mono_ns=7314038697646518][T0xf901891fcca0][WARN] copy_aicore_buffer: [chip_swimlane_collector.cpp:689] Core 63: skipped 1024 AICore record slot(s) with start_time=0 (race-window write or recycled-buffer tail). buf seq=0 count=1024
[mono_ns=7314038697844289][T0xf90189a0cca0][WARN] copy_aicore_buffer: [chip_swimlane_collector.cpp:689] Core 21: skipped 1024 AICore record slot(s) with start_time=0 (race-window write or recycled-buffer tail). buf seq=0 count=1024
[mono_ns=7314038697966190][T0xf901889ecca0][WARN] copy_aicore_buffer: [chip_swimlane_collector.cpp:689] Core 23: skipped 1024 AICore record slot(s) with start_time=0 (race-window write or recycled-buffer tail). buf seq=0 count=1024
[mono_ns=7314038697997690][T0xf901891fcca0][WARN] copy_aicore_buffer: [chip_swimlane_collector.cpp:689] Core 22: skipped 1024 AICore record slot(s) with start_time=0 (race-window write or recycled-buffer tail). buf seq=0 count=1024
[mono_ns=7314038698178491][T0xf90189a0cca0][WARN] copy_aicore_buffer: [chip_swimlane_collector.cpp:689] Core 66: skipped 1024 AICore record slot(s) with start_time=0 (race-window write or recycled-buffer tail). buf seq=0 count=1024
[mono_ns=7314038698304052][T0xf901889ecca0][WARN] copy_aicore_buffer: [chip_swimlane_collector.cpp:689] Core 70: skipped 1024 AICore record slot(s) with start_time=0 (race-window write or recycled-buffer tail). buf seq=0 count=1024
[mono_ns=7314038698334372][T0xf901891fcca0][WARN] copy_aicore_buffer: [chip_swimlane_collector.cpp:689] Core 68: skipped 1024 AICore record slot(s) with start_time=0 (race-window write or recycled-buffer tail). buf seq=0 count=1024
[mono_ns=7314038698510863][T0xf90189a0cca0][WARN] copy_aicore_buffer: [chip_swimlane_collector.cpp:689] Core 67: skipped 1024 AICore record slot(s) with start_time=0 (race-window write or recycled-buffer tail). buf seq=0 count=1024
[mono_ns=7314038698634364][T0xf901889ecca0][WARN] copy_aicore_buffer: [chip_swimlane_collector.cpp:689] Core 71: skipped 1024 AICore record slot(s) with start_time=0 (race-window write or recycled-buffer tail). buf seq=0 count=1024
[mono_ns=7314038698656214][T0xf901891fcca0][WARN] copy_aicore_buffer: [chip_swimlane_collector.cpp:689] Core 69: skipped 1024 AICore record slot(s) with start_time=0 (race-window write or recycled-buffer tail). buf seq=0 count=1024
[mono_ns=7314038799379642][T0xf902cbd5b020][TIMING] emit_host_span: [STRACE] v=1 pid=4187412 tid=4187412 inv=4 hid=16640ce8da8c63f2 depth=1 name=chip.run.runner_run ts=7314038688558361 dur=110814211 
[mono_ns=7314038801270483][T0xf902cbd5b020][TIMING] emit_host_span: [STRACE] v=1 pid=4187412 tid=4187412 inv=4 hid=16640ce8da8c63f2 depth=1 name=chip.run.validate ts=7314038799390502 dur=1873301 
[mono_ns=7314038801282473][T0xf902cbd5b020][TIMING] emit_host_span: [STRACE] v=1 pid=4187412 tid=4187412 inv=4 hid=16640ce8da8c63f2 depth=2 name=chip.run.runner_run.device_wall ts=0 dur=1858780 clk=dev
[mono_ns=7314038801287813][T0xf902cbd5b020][TIMING] emit_host_span: [STRACE] v=1 pid=4187412 tid=4187412 inv=4 hid=16640ce8da8c63f2 depth=3 name=chip.run.runner_run.device_wall.preamble ts=0 dur=110720 clk=dev
[mono_ns=7314038801291783][T0xf902cbd5b020][TIMING] emit_host_span: [STRACE] v=1 pid=4187412 tid=4187412 inv=4 hid=16640ce8da8c63f2 depth=3 name=chip.run.runner_run.device_wall.graph_build ts=106340 dur=1741640 clk=dev
[mono_ns=7314038801295193][T0xf902cbd5b020][TIMING] emit_host_span: [STRACE] v=1 pid=4187412 tid=4187412 inv=4 hid=16640ce8da8c63f2 depth=3 name=chip.run.runner_run.device_wall.config_validate ts=106460 dur=660 clk=dev
[mono_ns=7314038801298404][T0xf902cbd5b020][TIMING] emit_host_span: [STRACE] v=1 pid=4187412 tid=4187412 inv=4 hid=16640ce8da8c63f2 depth=3 name=chip.run.runner_run.device_wall.arena_wire ts=107160 dur=300 clk=dev
[mono_ns=7314038801307494][T0xf902cbd5b020][TIMING] emit_host_span: [STRACE] v=1 pid=4187412 tid=4187412 inv=4 hid=16640ce8da8c63f2 depth=3 name=chip.run.runner_run.device_wall.sm_reset ts=107479 dur=520 clk=dev
[mono_ns=7314038801311234][T0xf902cbd5b020][TIMING] emit_host_span: [STRACE] v=1 pid=4187412 tid=4187412 inv=4 hid=16640ce8da8c63f2 depth=3 name=chip.run.runner_run.device_wall.post_orch ts=1848020 dur=10640 clk=dev
[mono_ns=7314038801314894][T0xf902cbd5b020][TIMING] emit_host_span: [STRACE] v=1 pid=4187412 tid=4187412 inv=4 hid=16640ce8da8c63f2 depth=3 name=chip.run.runner_run.device_wall.orch ts=108040 dur=3620 clk=dev
[mono_ns=7314038801318954][T0xf902cbd5b020][TIMING] emit_host_span: [STRACE] v=1 pid=4187412 tid=4187412 inv=4 hid=16640ce8da8c63f2 depth=3 name=chip.run.runner_run.device_wall.sched ts=110780 dur=1712100 clk=dev
[mono_ns=7314038801323444][T0xf902cbd5b020][TIMING] emit_host_span: [STRACE] v=1 pid=4187412 tid=4187412 inv=4 hid=16640ce8da8c63f2 depth=1 name=chip.run.claim_release ts=7314038801321004 dur=700 
[mono_ns=7314038801328394][T0xf902cbd5b020][TIMING] emit_host_span: [STRACE] v=1 pid=4187412 tid=4187412 inv=4 hid=16640ce8da8c63f2 depth=0 name=chip.run ts=7314038685175620 dur=116150734 run_id=4 dispatch_id=4 slot_id=0 generation=4 run_epoch=4
[mono_ns=7314043653555455][T0xf902cbd5b020][TIMING] emit_host_span: [STRACE] v=1 pid=4187412 tid=4187412 inv=5 hid=16640ce8da8c63f2 depth=2 name=chip.run.bind.args ts=7314043650195714 dur=3339681 
[mono_ns=7314043653643546][T0xf902cbd5b020][TIMING] emit_host_span: [STRACE] v=1 pid=4187412 tid=4187412 inv=5 hid=16640ce8da8c63f2 depth=2 name=chip.run.bind.prebuilt ts=7314043653622456 dur=17940 
[mono_ns=7314043653673026][T0xf902cbd5b020][TIMING] emit_host_span: [STRACE] v=1 pid=4187412 tid=4187412 inv=5 hid=16640ce8da8c63f2 depth=1 name=chip.run.bind ts=7314043650159294 dur=3511022 
[mono_ns=7314043763191488][T0xf902cbd5b020][TIMING] emit_host_span: [STRACE] v=1 pid=4187412 tid=4187412 inv=5 hid=16640ce8da8c63f2 depth=1 name=chip.run.runner_run ts=7314043654602822 dur=108579916 
[mono_ns=7314043764915859][T0xf902cbd5b020][TIMING] emit_host_span: [STRACE] v=1 pid=4187412 tid=4187412 inv=5 hid=16640ce8da8c63f2 depth=1 name=chip.run.validate ts=7314043763204148 dur=1704811 
[mono_ns=7314043764928889][T0xf902cbd5b020][TIMING] emit_host_span: [STRACE] v=1 pid=4187412 tid=4187412 inv=5 hid=16640ce8da8c63f2 depth=2 name=chip.run.runner_run.device_wall ts=0 dur=1927100 clk=dev
[mono_ns=7314043764933599][T0xf902cbd5b020][TIMING] emit_host_span: [STRACE] v=1 pid=4187412 tid=4187412 inv=5 hid=16640ce8da8c63f2 depth=3 name=chip.run.runner_run.device_wall.preamble ts=0 dur=6220 clk=dev
[mono_ns=7314043764938179][T0xf902cbd5b020][TIMING] emit_host_span: [STRACE] v=1 pid=4187412 tid=4187412 inv=5 hid=16640ce8da8c63f2 depth=3 name=chip.run.runner_run.device_wall.graph_build ts=1480 dur=1915140 clk=dev
[mono_ns=7314043764941759][T0xf902cbd5b020][TIMING] emit_host_span: [STRACE] v=1 pid=4187412 tid=4187412 inv=5 hid=16640ce8da8c63f2 depth=3 name=chip.run.runner_run.device_wall.config_validate ts=1799 dur=880 clk=dev
[mono_ns=7314043764949409][T0xf902cbd5b020][TIMING] emit_host_span: [STRACE] v=1 pid=4187412 tid=4187412 inv=5 hid=16640ce8da8c63f2 depth=3 name=chip.run.runner_run.device_wall.arena_wire ts=2700 dur=1040 clk=dev
[mono_ns=7314043764952429][T0xf902cbd5b020][TIMING] emit_host_span: [STRACE] v=1 pid=4187412 tid=4187412 inv=5 hid=16640ce8da8c63f2 depth=3 name=chip.run.runner_run.device_wall.sm_reset ts=3760 dur=1400 clk=dev
[mono_ns=7314043764957169][T0xf902cbd5b020][TIMING] emit_host_span: [STRACE] v=1 pid=4187412 tid=4187412 inv=5 hid=16640ce8da8c63f2 depth=3 name=chip.run.runner_run.device_wall.post_orch ts=1916699 dur=10260 clk=dev
[mono_ns=7314043764960109][T0xf902cbd5b020][TIMING] emit_host_span: [STRACE] v=1 pid=4187412 tid=4187412 inv=5 hid=16640ce8da8c63f2 depth=3 name=chip.run.runner_run.device_wall.orch ts=5859 dur=7240 clk=dev
[mono_ns=7314043764965479][T0xf902cbd5b020][TIMING] emit_host_span: [STRACE] v=1 pid=4187412 tid=4187412 inv=5 hid=16640ce8da8c63f2 depth=3 name=chip.run.runner_run.device_wall.sched ts=6319 dur=1902840 clk=dev
[mono_ns=7314043764972039][T0xf902cbd5b020][TIMING] emit_host_span: [STRACE] v=1 pid=4187412 tid=4187412 inv=5 hid=16640ce8da8c63f2 depth=1 name=chip.run.claim_release ts=7314043764969429 dur=820 
[mono_ns=7314043764980089][T0xf902cbd5b020][TIMING] emit_host_span: [STRACE] v=1 pid=4187412 tid=4187412 inv=5 hid=16640ce8da8c63f2 depth=0 name=chip.run ts=7314043649721481 dur=115256428 run_id=5 dispatch_id=5 slot_id=0 generation=5 run_epoch=5
[mono_ns=7314043775069172][T0xf902cbd5b020][TIMING] emit_host_span: [STRACE] v=1 pid=4187412 tid=4187412 inv=6 hid=16640ce8da8c63f2 depth=2 name=chip.run.bind.args ts=7314043772296275 dur=2766367 
[mono_ns=7314043775090792][T0xf902cbd5b020][TIMING] emit_host_span: [STRACE] v=1 pid=4187412 tid=4187412 inv=6 hid=16640ce8da8c63f2 depth=2 name=chip.run.bind.prebuilt ts=7314043775085282 dur=2840 
[mono_ns=7314043775096402][T0xf902cbd5b020][TIMING] emit_host_span: [STRACE] v=1 pid=4187412 tid=4187412 inv=6 hid=16640ce8da8c63f2 depth=1 name=chip.run.bind ts=7314043772289445 dur=2804897 
[mono_ns=7314043778228212][T0xf901889ecca0][WARN] copy_aicore_buffer: [chip_swimlane_collector.cpp:689] Core 2: skipped 1024 AICore record slot(s) with start_time=0 (race-window write or recycled-buffer tail). buf seq=0 count=1024
[mono_ns=7314043778236842][T0xf901891fcca0][WARN] copy_aicore_buffer: [chip_swimlane_collector.cpp:689] Core 1: skipped 1024 AICore record slot(s) with start_time=0 (race-window write or recycled-buffer tail). buf seq=0 count=1024
[mono_ns=7314043778298572][T0xf90189a0cca0][WARN] copy_aicore_buffer: [chip_swimlane_collector.cpp:689] Core 0: skipped 1024 AICore record slot(s) with start_time=0 (race-window write or recycled-buffer tail). buf seq=0 count=1024
[mono_ns=7314043778557854][T0xf901889ecca0][WARN] copy_aicore_buffer: [chip_swimlane_collector.cpp:689] Core 28: skipped 1023 AICore record slot(s) with start_time=0 (race-window write or recycled-buffer tail). buf seq=0 count=1024
[mono_ns=7314043778558614][T0xf901891fcca0][WARN] copy_aicore_buffer: [chip_swimlane_collector.cpp:689] Core 26: skipped 1023 AICore record slot(s) with start_time=0 (race-window write or recycled-buffer tail). buf seq=0 count=1024
[mono_ns=7314043778620484][T0xf90189a0cca0][WARN] copy_aicore_buffer: [chip_swimlane_collector.cpp:689] Core 24: skipped 1023 AICore record slot(s) with start_time=0 (race-window write or recycled-buffer tail). buf seq=0 count=1024
[mono_ns=7314043778872046][T0xf901891fcca0][WARN] copy_aicore_buffer: [chip_swimlane_collector.cpp:689] Core 27: skipped 1024 AICore record slot(s) with start_time=0 (race-window write or recycled-buffer tail). buf seq=0 count=1024
[mono_ns=7314043778875206][T0xf901889ecca0][WARN] copy_aicore_buffer: [chip_swimlane_collector.cpp:689] Core 29: skipped 1024 AICore record slot(s) with start_time=0 (race-window write or recycled-buffer tail). buf seq=0 count=1024
[mono_ns=7314043778949486][T0xf90189a0cca0][WARN] copy_aicore_buffer: [chip_swimlane_collector.cpp:689] Core 25: skipped 1024 AICore record slot(s) with start_time=0 (race-window write or recycled-buffer tail). buf seq=0 count=1024
[mono_ns=7314043779197868][T0xf901891fcca0][WARN] copy_aicore_buffer: [chip_swimlane_collector.cpp:689] Core 4: skipped 1024 AICore record slot(s) with start_time=0 (race-window write or recycled-buffer tail). buf seq=0 count=1024
[mono_ns=7314043779203548][T0xf901889ecca0][WARN] copy_aicore_buffer: [chip_swimlane_collector.cpp:689] Core 5: skipped 1024 AICore record slot(s) with start_time=0 (race-window write or recycled-buffer tail). buf seq=0 count=1024
[mono_ns=7314043779278858][T0xf90189a0cca0][WARN] copy_aicore_buffer: [chip_swimlane_collector.cpp:689] Core 3: skipped 1024 AICore record slot(s) with start_time=0 (race-window write or recycled-buffer tail). buf seq=0 count=1024
[mono_ns=7314043779512700][T0xf901891fcca0][WARN] copy_aicore_buffer: [chip_swimlane_collector.cpp:689] Core 32: skipped 1024 AICore record slot(s) with start_time=0 (race-window write or recycled-buffer tail). buf seq=0 count=1024
[mono_ns=7314043779516860][T0xf901889ecca0][WARN] copy_aicore_buffer: [chip_swimlane_collector.cpp:689] Core 34: skipped 1024 AICore record slot(s) with start_time=0 (race-window write or recycled-buffer tail). buf seq=0 count=1024
[mono_ns=7314043779592660][T0xf90189a0cca0][WARN] copy_aicore_buffer: [chip_swimlane_collector.cpp:689] Core 30: skipped 1024 AICore record slot(s) with start_time=0 (race-window write or recycled-buffer tail). buf seq=0 count=1024
[mono_ns=7314043779860132][T0xf901889ecca0][WARN] copy_aicore_buffer: [chip_swimlane_collector.cpp:689] Core 35: skipped 1024 AICore record slot(s) with start_time=0 (race-window write or recycled-buffer tail). buf seq=0 count=1024
[mono_ns=7314043779861832][T0xf901891fcca0][WARN] copy_aicore_buffer: [chip_swimlane_collector.cpp:689] Core 33: skipped 1024 AICore record slot(s) with start_time=0 (race-window write or recycled-buffer tail). buf seq=0 count=1024
[mono_ns=7314043779905382][T0xf90189a0cca0][WARN] copy_aicore_buffer: [chip_swimlane_collector.cpp:689] Core 31: skipped 1024 AICore record slot(s) with start_time=0 (race-window write or recycled-buffer tail). buf seq=0 count=1024
[mono_ns=7314043780182664][T0xf901889ecca0][WARN] copy_aicore_buffer: [chip_swimlane_collector.cpp:689] Core 8: skipped 1024 AICore record slot(s) with start_time=0 (race-window write or recycled-buffer tail). buf seq=0 count=1024
[mono_ns=7314043780187824][T0xf901891fcca0][WARN] copy_aicore_buffer: [chip_swimlane_collector.cpp:689] Core 7: skipped 1024 AICore record slot(s) with start_time=0 (race-window write or recycled-buffer tail). buf seq=0 count=1024
[mono_ns=7314043780229834][T0xf90189a0cca0][WARN] copy_aicore_buffer: [chip_swimlane_collector.cpp:689] Core 6: skipped 1024 AICore record slot(s) with start_time=0 (race-window write or recycled-buffer tail). buf seq=0 count=1024
[mono_ns=7314043780498116][T0xf901889ecca0][WARN] copy_aicore_buffer: [chip_swimlane_collector.cpp:689] Core 40: skipped 1024 AICore record slot(s) with start_time=0 (race-window write or recycled-buffer tail). buf seq=0 count=1024
[mono_ns=7314043780502096][T0xf901891fcca0][WARN] copy_aicore_buffer: [chip_swimlane_collector.cpp:689] Core 38: skipped 1024 AICore record slot(s) with start_time=0 (race-window write or recycled-buffer tail). buf seq=0 count=1024
[mono_ns=7314043780573646][T0xf90189a0cca0][WARN] copy_aicore_buffer: [chip_swimlane_collector.cpp:689] Core 36: skipped 1024 AICore record slot(s) with start_time=0 (race-window write or recycled-buffer tail). buf seq=0 count=1024
[mono_ns=7314043780811558][T0xf901889ecca0][WARN] copy_aicore_buffer: [chip_swimlane_collector.cpp:689] Core 41: skipped 1024 AICore record slot(s) with start_time=0 (race-window write or recycled-buffer tail). buf seq=0 count=1024
[mono_ns=7314043780815968][T0xf901891fcca0][WARN] copy_aicore_buffer: [chip_swimlane_collector.cpp:689] Core 39: skipped 1024 AICore record slot(s) with start_time=0 (race-window write or recycled-buffer tail). buf seq=0 count=1024
[mono_ns=7314043780889148][T0xf90189a0cca0][WARN] copy_aicore_buffer: [chip_swimlane_collector.cpp:689] Core 37: skipped 1024 AICore record slot(s) with start_time=0 (race-window write or recycled-buffer tail). buf seq=0 count=1024
[mono_ns=7314043781134750][T0xf901891fcca0][WARN] copy_aicore_buffer: [chip_swimlane_collector.cpp:689] Core 10: skipped 1024 AICore record slot(s) with start_time=0 (race-window write or recycled-buffer tail). buf seq=0 count=1024
[mono_ns=7314043781138690][T0xf901889ecca0][WARN] copy_aicore_buffer: [chip_swimlane_collector.cpp:689] Core 11: skipped 1024 AICore record slot(s) with start_time=0 (race-window write or recycled-buffer tail). buf seq=0 count=1024
[mono_ns=7314043781211000][T0xf90189a0cca0][WARN] copy_aicore_buffer: [chip_swimlane_collector.cpp:689] Core 9: skipped 1024 AICore record slot(s) with start_time=0 (race-window write or recycled-buffer tail). buf seq=0 count=1024
[mono_ns=7314043781448442][T0xf901891fcca0][WARN] copy_aicore_buffer: [chip_swimlane_collector.cpp:689] Core 44: skipped 1024 AICore record slot(s) with start_time=0 (race-window write or recycled-buffer tail). buf seq=0 count=1024
[mono_ns=7314043781483112][T0xf901889ecca0][WARN] copy_aicore_buffer: [chip_swimlane_collector.cpp:689] Core 46: skipped 1024 AICore record slot(s) with start_time=0 (race-window write or recycled-buffer tail). buf seq=0 count=1024
[mono_ns=7314043781525432][T0xf90189a0cca0][WARN] copy_aicore_buffer: [chip_swimlane_collector.cpp:689] Core 42: skipped 1024 AICore record slot(s) with start_time=0 (race-window write or recycled-buffer tail). buf seq=0 count=1024
[mono_ns=7314043781762804][T0xf901891fcca0][WARN] copy_aicore_buffer: [chip_swimlane_collector.cpp:689] Core 45: skipped 1024 AICore record slot(s) with start_time=0 (race-window write or recycled-buffer tail). buf seq=0 count=1024
[mono_ns=7314043781798004][T0xf901889ecca0][WARN] copy_aicore_buffer: [chip_swimlane_collector.cpp:689] Core 47: skipped 1024 AICore record slot(s) with start_time=0 (race-window write or recycled-buffer tail). buf seq=0 count=1024
[mono_ns=7314043781838244][T0xf90189a0cca0][WARN] copy_aicore_buffer: [chip_swimlane_collector.cpp:689] Core 43: skipped 1024 AICore record slot(s) with start_time=0 (race-window write or recycled-buffer tail). buf seq=0 count=1024
[mono_ns=7314043782084676][T0xf901891fcca0][WARN] copy_aicore_buffer: [chip_swimlane_collector.cpp:689] Core 13: skipped 1024 AICore record slot(s) with start_time=0 (race-window write or recycled-buffer tail). buf seq=0 count=1024
[mono_ns=7314043782123186][T0xf901889ecca0][WARN] copy_aicore_buffer: [chip_swimlane_collector.cpp:689] Core 14: skipped 1024 AICore record slot(s) with start_time=0 (race-window write or recycled-buffer tail). buf seq=0 count=1024
[mono_ns=7314043782160156][T0xf90189a0cca0][WARN] copy_aicore_buffer: [chip_swimlane_collector.cpp:689] Core 12: skipped 1024 AICore record slot(s) with start_time=0 (race-window write or recycled-buffer tail). buf seq=0 count=1024
[mono_ns=7314043782410328][T0xf901891fcca0][WARN] copy_aicore_buffer: [chip_swimlane_collector.cpp:689] Core 50: skipped 1024 AICore record slot(s) with start_time=0 (race-window write or recycled-buffer tail). buf seq=0 count=1024
[mono_ns=7314043782437748][T0xf901889ecca0][WARN] copy_aicore_buffer: [chip_swimlane_collector.cpp:689] Core 52: skipped 1024 AICore record slot(s) with start_time=0 (race-window write or recycled-buffer tail). buf seq=0 count=1024
[mono_ns=7314043782472318][T0xf90189a0cca0][WARN] copy_aicore_buffer: [chip_swimlane_collector.cpp:689] Core 48: skipped 1024 AICore record slot(s) with start_time=0 (race-window write or recycled-buffer tail). buf seq=0 count=1024
[mono_ns=7314043782724150][T0xf901891fcca0][WARN] copy_aicore_buffer: [chip_swimlane_collector.cpp:689] Core 51: skipped 1024 AICore record slot(s) with start_time=0 (race-window write or recycled-buffer tail). buf seq=0 count=1024
[mono_ns=7314043782750620][T0xf901889ecca0][WARN] copy_aicore_buffer: [chip_swimlane_collector.cpp:689] Core 53: skipped 1024 AICore record slot(s) with start_time=0 (race-window write or recycled-buffer tail). buf seq=0 count=1024
[mono_ns=7314043782784200][T0xf90189a0cca0][WARN] copy_aicore_buffer: [chip_swimlane_collector.cpp:689] Core 49: skipped 1024 AICore record slot(s) with start_time=0 (race-window write or recycled-buffer tail). buf seq=0 count=1024
[mono_ns=7314043783053852][T0xf901891fcca0][WARN] copy_aicore_buffer: [chip_swimlane_collector.cpp:689] Core 16: skipped 1024 AICore record slot(s) with start_time=0 (race-window write or recycled-buffer tail). buf seq=0 count=1024
[mono_ns=7314043783075632][T0xf901889ecca0][WARN] copy_aicore_buffer: [chip_swimlane_collector.cpp:689] Core 17: skipped 1024 AICore record slot(s) with start_time=0 (race-window write or recycled-buffer tail). buf seq=0 count=1024
[mono_ns=7314043783113192][T0xf90189a0cca0][WARN] copy_aicore_buffer: [chip_swimlane_collector.cpp:689] Core 15: skipped 1024 AICore record slot(s) with start_time=0 (race-window write or recycled-buffer tail). buf seq=0 count=1024
[mono_ns=7314043783368054][T0xf901891fcca0][WARN] copy_aicore_buffer: [chip_swimlane_collector.cpp:689] Core 56: skipped 1024 AICore record slot(s) with start_time=0 (race-window write or recycled-buffer tail). buf seq=0 count=1024
[mono_ns=7314043783390624][T0xf901889ecca0][WARN] copy_aicore_buffer: [chip_swimlane_collector.cpp:689] Core 58: skipped 1024 AICore record slot(s) with start_time=0 (race-window write or recycled-buffer tail). buf seq=0 count=1024
[mono_ns=7314043783427944][T0xf90189a0cca0][WARN] copy_aicore_buffer: [chip_swimlane_collector.cpp:689] Core 54: skipped 1024 AICore record slot(s) with start_time=0 (race-window write or recycled-buffer tail). buf seq=0 count=1024
[mono_ns=7314043783681326][T0xf901891fcca0][WARN] copy_aicore_buffer: [chip_swimlane_collector.cpp:689] Core 57: skipped 1024 AICore record slot(s) with start_time=0 (race-window write or recycled-buffer tail). buf seq=0 count=1024
[mono_ns=7314043783704726][T0xf901889ecca0][WARN] copy_aicore_buffer: [chip_swimlane_collector.cpp:689] Core 59: skipped 1024 AICore record slot(s) with start_time=0 (race-window write or recycled-buffer tail). buf seq=0 count=1024
[mono_ns=7314043783741696][T0xf90189a0cca0][WARN] copy_aicore_buffer: [chip_swimlane_collector.cpp:689] Core 55: skipped 1024 AICore record slot(s) with start_time=0 (race-window write or recycled-buffer tail). buf seq=0 count=1024
[mono_ns=7314043784027448][T0xf901889ecca0][WARN] copy_aicore_buffer: [chip_swimlane_collector.cpp:689] Core 20: skipped 1024 AICore record slot(s) with start_time=0 (race-window write or recycled-buffer tail). buf seq=0 count=1024
[mono_ns=7314043784039578][T0xf901891fcca0][WARN] copy_aicore_buffer: [chip_swimlane_collector.cpp:689] Core 19: skipped 1024 AICore record slot(s) with start_time=0 (race-window write or recycled-buffer tail). buf seq=0 count=1024
[mono_ns=7314043784062638][T0xf90189a0cca0][WARN] copy_aicore_buffer: [chip_swimlane_collector.cpp:689] Core 18: skipped 1024 AICore record slot(s) with start_time=0 (race-window write or recycled-buffer tail). buf seq=0 count=1024
[mono_ns=7314043784342800][T0xf901889ecca0][WARN] copy_aicore_buffer: [chip_swimlane_collector.cpp:689] Core 64: skipped 1024 AICore record slot(s) with start_time=0 (race-window write or recycled-buffer tail). buf seq=0 count=1024
[mono_ns=7314043784352220][T0xf901891fcca0][WARN] copy_aicore_buffer: [chip_swimlane_collector.cpp:689] Core 62: skipped 1024 AICore record slot(s) with start_time=0 (race-window write or recycled-buffer tail). buf seq=0 count=1024
[mono_ns=7314043784375200][T0xf90189a0cca0][WARN] copy_aicore_buffer: [chip_swimlane_collector.cpp:689] Core 60: skipped 1024 AICore record slot(s) with start_time=0 (race-window write or recycled-buffer tail). buf seq=0 count=1024
[mono_ns=7314043784658142][T0xf901889ecca0][WARN] copy_aicore_buffer: [chip_swimlane_collector.cpp:689] Core 65: skipped 1024 AICore record slot(s) with start_time=0 (race-window write or recycled-buffer tail). buf seq=0 count=1024
[mono_ns=7314043784665412][T0xf901891fcca0][WARN] copy_aicore_buffer: [chip_swimlane_collector.cpp:689] Core 63: skipped 1024 AICore record slot(s) with start_time=0 (race-window write or recycled-buffer tail). buf seq=0 count=1024
[mono_ns=7314043784714632][T0xf90189a0cca0][WARN] copy_aicore_buffer: [chip_swimlane_collector.cpp:689] Core 61: skipped 1024 AICore record slot(s) with start_time=0 (race-window write or recycled-buffer tail). buf seq=0 count=1024
[mono_ns=7314043784975964][T0xf901889ecca0][WARN] copy_aicore_buffer: [chip_swimlane_collector.cpp:689] Core 23: skipped 1024 AICore record slot(s) with start_time=0 (race-window write or recycled-buffer tail). buf seq=0 count=1024
[mono_ns=7314043784978194][T0xf901891fcca0][WARN] copy_aicore_buffer: [chip_swimlane_collector.cpp:689] Core 22: skipped 1024 AICore record slot(s) with start_time=0 (race-window write or recycled-buffer tail). buf seq=0 count=1024
[mono_ns=7314043785035804][T0xf90189a0cca0][WARN] copy_aicore_buffer: [chip_swimlane_collector.cpp:689] Core 21: skipped 1024 AICore record slot(s) with start_time=0 (race-window write or recycled-buffer tail). buf seq=0 count=1024
[mono_ns=7314043785300366][T0xf901889ecca0][WARN] copy_aicore_buffer: [chip_swimlane_collector.cpp:689] Core 70: skipped 1024 AICore record slot(s) with start_time=0 (race-window write or recycled-buffer tail). buf seq=0 count=1024
[mono_ns=7314043785301716][T0xf901891fcca0][WARN] copy_aicore_buffer: [chip_swimlane_collector.cpp:689] Core 68: skipped 1024 AICore record slot(s) with start_time=0 (race-window write or recycled-buffer tail). buf seq=0 count=1024
[mono_ns=7314043785349966][T0xf90189a0cca0][WARN] copy_aicore_buffer: [chip_swimlane_collector.cpp:689] Core 66: skipped 1024 AICore record slot(s) with start_time=0 (race-window write or recycled-buffer tail). buf seq=0 count=1024
[mono_ns=7314043785626028][T0xf901889ecca0][WARN] copy_aicore_buffer: [chip_swimlane_collector.cpp:689] Core 71: skipped 1024 AICore record slot(s) with start_time=0 (race-window write or recycled-buffer tail). buf seq=0 count=1024
[mono_ns=7314043785666278][T0xf901891fcca0][WARN] copy_aicore_buffer: [chip_swimlane_collector.cpp:689] Core 69: skipped 1024 AICore record slot(s) with start_time=0 (race-window write or recycled-buffer tail). buf seq=0 count=1024
[mono_ns=7314043785679578][T0xf90189a0cca0][WARN] copy_aicore_buffer: [chip_swimlane_collector.cpp:689] Core 67: skipped 1024 AICore record slot(s) with start_time=0 (race-window write or recycled-buffer tail). buf seq=0 count=1024
[mono_ns=7314043886548816][T0xf902cbd5b020][TIMING] emit_host_span: [STRACE] v=1 pid=4187412 tid=4187412 inv=6 hid=16640ce8da8c63f2 depth=1 name=chip.run.runner_run ts=7314043775803857 dur=110734409 
[mono_ns=7314043888616559][T0xf902cbd5b020][TIMING] emit_host_span: [STRACE] v=1 pid=4187412 tid=4187412 inv=6 hid=16640ce8da8c63f2 depth=1 name=chip.run.validate ts=7314043886562386 dur=2047423 
[mono_ns=7314043888630349][T0xf902cbd5b020][TIMING] emit_host_span: [STRACE] v=1 pid=4187412 tid=4187412 inv=6 hid=16640ce8da8c63f2 depth=2 name=chip.run.runner_run.device_wall ts=0 dur=1865240 clk=dev
[mono_ns=7314043888635149][T0xf902cbd5b020][TIMING] emit_host_span: [STRACE] v=1 pid=4187412 tid=4187412 inv=6 hid=16640ce8da8c63f2 depth=3 name=chip.run.runner_run.device_wall.preamble ts=0 dur=107800 clk=dev
[mono_ns=7314043888645369][T0xf902cbd5b020][TIMING] emit_host_span: [STRACE] v=1 pid=4187412 tid=4187412 inv=6 hid=16640ce8da8c63f2 depth=3 name=chip.run.runner_run.device_wall.graph_build ts=103900 dur=1751000 clk=dev
[mono_ns=7314043888649569][T0xf902cbd5b020][TIMING] emit_host_span: [STRACE] v=1 pid=4187412 tid=4187412 inv=6 hid=16640ce8da8c63f2 depth=3 name=chip.run.runner_run.device_wall.config_validate ts=104020 dur=720 clk=dev
[mono_ns=7314043888653269][T0xf902cbd5b020][TIMING] emit_host_span: [STRACE] v=1 pid=4187412 tid=4187412 inv=6 hid=16640ce8da8c63f2 depth=3 name=chip.run.runner_run.device_wall.arena_wire ts=104760 dur=679 clk=dev
[mono_ns=7314043888658150][T0xf902cbd5b020][TIMING] emit_host_span: [STRACE] v=1 pid=4187412 tid=4187412 inv=6 hid=16640ce8da8c63f2 depth=3 name=chip.run.runner_run.device_wall.sm_reset ts=105460 dur=480 clk=dev
[mono_ns=7314043888661140][T0xf902cbd5b020][TIMING] emit_host_span: [STRACE] v=1 pid=4187412 tid=4187412 inv=6 hid=16640ce8da8c63f2 depth=3 name=chip.run.runner_run.device_wall.post_orch ts=1855160 dur=9760 clk=dev
[mono_ns=7314043888666350][T0xf902cbd5b020][TIMING] emit_host_span: [STRACE] v=1 pid=4187412 tid=4187412 inv=6 hid=16640ce8da8c63f2 depth=3 name=chip.run.runner_run.device_wall.orch ts=106000 dur=3719 clk=dev
[mono_ns=7314043888671370][T0xf902cbd5b020][TIMING] emit_host_span: [STRACE] v=1 pid=4187412 tid=4187412 inv=6 hid=16640ce8da8c63f2 depth=3 name=chip.run.runner_run.device_wall.sched ts=107860 dur=1723640 clk=dev
[mono_ns=7314043888680130][T0xf902cbd5b020][TIMING] emit_host_span: [STRACE] v=1 pid=4187412 tid=4187412 inv=6 hid=16640ce8da8c63f2 depth=1 name=chip.run.claim_release ts=7314043888677270 dur=890 
[mono_ns=7314043888686870][T0xf902cbd5b020][TIMING] emit_host_span: [STRACE] v=1 pid=4187412 tid=4187412 inv=6 hid=16640ce8da8c63f2 depth=0 name=chip.run ts=7314043772262375 dur=116422425 run_id=6 dispatch_id=6 slot_id=0 generation=6 run_epoch=6
[mono_ns=7314048748027622][T0xf902cbd5b020][TIMING] emit_host_span: [STRACE] v=1 pid=4187412 tid=4187412 inv=7 hid=16640ce8da8c63f2 depth=2 name=chip.run.bind.args ts=7314048745587657 dur=2403855 
[mono_ns=7314048748104822][T0xf902cbd5b020][TIMING] emit_host_span: [STRACE] v=1 pid=4187412 tid=4187412 inv=7 hid=16640ce8da8c63f2 depth=2 name=chip.run.bind.prebuilt ts=7314048748084812 dur=16600 
[mono_ns=7314048748110382][T0xf902cbd5b020][TIMING] emit_host_span: [STRACE] v=1 pid=4187412 tid=4187412 inv=7 hid=16640ce8da8c63f2 depth=1 name=chip.run.bind ts=7314048745554736 dur=2553156 
[mono_ns=7314048857670265][T0xf902cbd5b020][TIMING] emit_host_span: [STRACE] v=1 pid=4187412 tid=4187412 inv=7 hid=16640ce8da8c63f2 depth=1 name=chip.run.runner_run ts=7314048749169059 dur=108492645 
[mono_ns=7314048859373965][T0xf902cbd5b020][TIMING] emit_host_span: [STRACE] v=1 pid=4187412 tid=4187412 inv=7 hid=16640ce8da8c63f2 depth=1 name=chip.run.validate ts=7314048857683035 dur=1685140 
[mono_ns=7314048859386795][T0xf902cbd5b020][TIMING] emit_host_span: [STRACE] v=1 pid=4187412 tid=4187412 inv=7 hid=16640ce8da8c63f2 depth=2 name=chip.run.runner_run.device_wall ts=0 dur=1781800 clk=dev
[mono_ns=7314048859396655][T0xf902cbd5b020][TIMING] emit_host_span: [STRACE] v=1 pid=4187412 tid=4187412 inv=7 hid=16640ce8da8c63f2 depth=3 name=chip.run.runner_run.device_wall.preamble ts=0 dur=5720 clk=dev
[mono_ns=7314048859400455][T0xf902cbd5b020][TIMING] emit_host_span: [STRACE] v=1 pid=4187412 tid=4187412 inv=7 hid=16640ce8da8c63f2 depth=3 name=chip.run.runner_run.device_wall.graph_build ts=1280 dur=1769560 clk=dev
[mono_ns=7314048859403595][T0xf902cbd5b020][TIMING] emit_host_span: [STRACE] v=1 pid=4187412 tid=4187412 inv=7 hid=16640ce8da8c63f2 depth=3 name=chip.run.runner_run.device_wall.config_validate ts=1599 dur=820 clk=dev
[mono_ns=7314048859406755][T0xf902cbd5b020][TIMING] emit_host_span: [STRACE] v=1 pid=4187412 tid=4187412 inv=7 hid=16640ce8da8c63f2 depth=3 name=chip.run.runner_run.device_wall.arena_wire ts=2440 dur=500 clk=dev
[mono_ns=7314048859409715][T0xf902cbd5b020][TIMING] emit_host_span: [STRACE] v=1 pid=4187412 tid=4187412 inv=7 hid=16640ce8da8c63f2 depth=3 name=chip.run.runner_run.device_wall.sm_reset ts=2960 dur=1420 clk=dev
[mono_ns=7314048859412725][T0xf902cbd5b020][TIMING] emit_host_span: [STRACE] v=1 pid=4187412 tid=4187412 inv=7 hid=16640ce8da8c63f2 depth=3 name=chip.run.runner_run.device_wall.post_orch ts=1770899 dur=10540 clk=dev
[mono_ns=7314048859415645][T0xf902cbd5b020][TIMING] emit_host_span: [STRACE] v=1 pid=4187412 tid=4187412 inv=7 hid=16640ce8da8c63f2 depth=3 name=chip.run.runner_run.device_wall.orch ts=5120 dur=8500 clk=dev
[mono_ns=7314048859419395][T0xf902cbd5b020][TIMING] emit_host_span: [STRACE] v=1 pid=4187412 tid=4187412 inv=7 hid=16640ce8da8c63f2 depth=3 name=chip.run.runner_run.device_wall.sched ts=5859 dur=1757520 clk=dev
[mono_ns=7314048859426905][T0xf902cbd5b020][TIMING] emit_host_span: [STRACE] v=1 pid=4187412 tid=4187412 inv=7 hid=16640ce8da8c63f2 depth=1 name=chip.run.claim_release ts=7314048859424255 dur=770 
[mono_ns=7314048859433025][T0xf902cbd5b020][TIMING] emit_host_span: [STRACE] v=1 pid=4187412 tid=4187412 inv=7 hid=16640ce8da8c63f2 depth=0 name=chip.run ts=7314048745079383 dur=114351192 run_id=7 dispatch_id=7 slot_id=0 generation=7 run_epoch=7
[mono_ns=7314048894549994][T0xf902cbd5b020][TIMING] emit_host_span: [STRACE] v=1 pid=4187412 tid=4187412 inv=8 hid=16640ce8da8c63f2 depth=2 name=chip.run.bind.args ts=7314048892250290 dur=2292934 
[mono_ns=7314048894565594][T0xf902cbd5b020][TIMING] emit_host_span: [STRACE] v=1 pid=4187412 tid=4187412 inv=8 hid=16640ce8da8c63f2 depth=2 name=chip.run.bind.prebuilt ts=7314048894559904 dur=3030 
[mono_ns=7314048894570504][T0xf902cbd5b020][TIMING] emit_host_span: [STRACE] v=1 pid=4187412 tid=4187412 inv=8 hid=16640ce8da8c63f2 depth=1 name=chip.run.bind ts=7314048892243880 dur=2324454 
[mono_ns=7314048897292241][T0xf90189a0cca0][WARN] copy_aicore_buffer: [chip_swimlane_collector.cpp:689] Core 0: skipped 1024 AICore record slot(s) with start_time=0 (race-window write or recycled-buffer tail). buf seq=0 count=1024
[mono_ns=7314048897286681][T0xf901889ecca0][WARN] copy_aicore_buffer: [chip_swimlane_collector.cpp:689] Core 2: skipped 1024 AICore record slot(s) with start_time=0 (race-window write or recycled-buffer tail). buf seq=0 count=1024
[mono_ns=7314048897338402][T0xf901891fcca0][WARN] copy_aicore_buffer: [chip_swimlane_collector.cpp:689] Core 1: skipped 1024 AICore record slot(s) with start_time=0 (race-window write or recycled-buffer tail). buf seq=0 count=1024
[mono_ns=7314048897619203][T0xf901889ecca0][WARN] copy_aicore_buffer: [chip_swimlane_collector.cpp:689] Core 28: skipped 1023 AICore record slot(s) with start_time=0 (race-window write or recycled-buffer tail). buf seq=0 count=1024
[mono_ns=7314048897620333][T0xf90189a0cca0][WARN] copy_aicore_buffer: [chip_swimlane_collector.cpp:689] Core 24: skipped 1023 AICore record slot(s) with start_time=0 (race-window write or recycled-buffer tail). buf seq=0 count=1024
[mono_ns=7314048897692484][T0xf901891fcca0][WARN] copy_aicore_buffer: [chip_swimlane_collector.cpp:689] Core 26: skipped 1023 AICore record slot(s) with start_time=0 (race-window write or recycled-buffer tail). buf seq=0 count=1024
[mono_ns=7314048897933595][T0xf90189a0cca0][WARN] copy_aicore_buffer: [chip_swimlane_collector.cpp:689] Core 25: skipped 1024 AICore record slot(s) with start_time=0 (race-window write or recycled-buffer tail). buf seq=0 count=1024
[mono_ns=7314048897934955][T0xf901889ecca0][WARN] copy_aicore_buffer: [chip_swimlane_collector.cpp:689] Core 29: skipped 1024 AICore record slot(s) with start_time=0 (race-window write or recycled-buffer tail). buf seq=0 count=1024
[mono_ns=7314048898027786][T0xf901891fcca0][WARN] copy_aicore_buffer: [chip_swimlane_collector.cpp:689] Core 27: skipped 1024 AICore record slot(s) with start_time=0 (race-window write or recycled-buffer tail). buf seq=0 count=1024
[mono_ns=7314048898254997][T0xf901889ecca0][WARN] copy_aicore_buffer: [chip_swimlane_collector.cpp:689] Core 5: skipped 1024 AICore record slot(s) with start_time=0 (race-window write or recycled-buffer tail). buf seq=0 count=1024
[mono_ns=7314048898258917][T0xf90189a0cca0][WARN] copy_aicore_buffer: [chip_swimlane_collector.cpp:689] Core 3: skipped 1024 AICore record slot(s) with start_time=0 (race-window write or recycled-buffer tail). buf seq=0 count=1024
[mono_ns=7314048898342238][T0xf901891fcca0][WARN] copy_aicore_buffer: [chip_swimlane_collector.cpp:689] Core 4: skipped 1024 AICore record slot(s) with start_time=0 (race-window write or recycled-buffer tail). buf seq=0 count=1024
[mono_ns=7314048898579379][T0xf90189a0cca0][WARN] copy_aicore_buffer: [chip_swimlane_collector.cpp:689] Core 30: skipped 1024 AICore record slot(s) with start_time=0 (race-window write or recycled-buffer tail). buf seq=0 count=1024
[mono_ns=7314048898614129][T0xf901889ecca0][WARN] copy_aicore_buffer: [chip_swimlane_collector.cpp:689] Core 34: skipped 1024 AICore record slot(s) with start_time=0 (race-window write or recycled-buffer tail). buf seq=0 count=1024
[mono_ns=7314048898656990][T0xf901891fcca0][WARN] copy_aicore_buffer: [chip_swimlane_collector.cpp:689] Core 32: skipped 1024 AICore record slot(s) with start_time=0 (race-window write or recycled-buffer tail). buf seq=0 count=1024
[mono_ns=7314048898893061][T0xf90189a0cca0][WARN] copy_aicore_buffer: [chip_swimlane_collector.cpp:689] Core 31: skipped 1024 AICore record slot(s) with start_time=0 (race-window write or recycled-buffer tail). buf seq=0 count=1024
[mono_ns=7314048898928381][T0xf901889ecca0][WARN] copy_aicore_buffer: [chip_swimlane_collector.cpp:689] Core 35: skipped 1024 AICore record slot(s) with start_time=0 (race-window write or recycled-buffer tail). buf seq=0 count=1024
[mono_ns=7314048898972262][T0xf901891fcca0][WARN] copy_aicore_buffer: [chip_swimlane_collector.cpp:689] Core 33: skipped 1024 AICore record slot(s) with start_time=0 (race-window write or recycled-buffer tail). buf seq=0 count=1024
[mono_ns=7314048899214013][T0xf90189a0cca0][WARN] copy_aicore_buffer: [chip_swimlane_collector.cpp:689] Core 6: skipped 1024 AICore record slot(s) with start_time=0 (race-window write or recycled-buffer tail). buf seq=0 count=1024
[mono_ns=7314048899253763][T0xf901889ecca0][WARN] copy_aicore_buffer: [chip_swimlane_collector.cpp:689] Core 8: skipped 1024 AICore record slot(s) with start_time=0 (race-window write or recycled-buffer tail). buf seq=0 count=1024
[mono_ns=7314048899334784][T0xf901891fcca0][WARN] copy_aicore_buffer: [chip_swimlane_collector.cpp:689] Core 7: skipped 1024 AICore record slot(s) with start_time=0 (race-window write or recycled-buffer tail). buf seq=0 count=1024
[mono_ns=7314048899528505][T0xf90189a0cca0][WARN] copy_aicore_buffer: [chip_swimlane_collector.cpp:689] Core 36: skipped 1024 AICore record slot(s) with start_time=0 (race-window write or recycled-buffer tail). buf seq=0 count=1024
[mono_ns=7314048899571565][T0xf901889ecca0][WARN] copy_aicore_buffer: [chip_swimlane_collector.cpp:689] Core 40: skipped 1024 AICore record slot(s) with start_time=0 (race-window write or recycled-buffer tail). buf seq=0 count=1024
[mono_ns=7314048899651426][T0xf901891fcca0][WARN] copy_aicore_buffer: [chip_swimlane_collector.cpp:689] Core 38: skipped 1024 AICore record slot(s) with start_time=0 (race-window write or recycled-buffer tail). buf seq=0 count=1024
[mono_ns=7314048899843267][T0xf90189a0cca0][WARN] copy_aicore_buffer: [chip_swimlane_collector.cpp:689] Core 37: skipped 1024 AICore record slot(s) with start_time=0 (race-window write or recycled-buffer tail). buf seq=0 count=1024
[mono_ns=7314048899886927][T0xf901889ecca0][WARN] copy_aicore_buffer: [chip_swimlane_collector.cpp:689] Core 41: skipped 1024 AICore record slot(s) with start_time=0 (race-window write or recycled-buffer tail). buf seq=0 count=1024
[mono_ns=7314048899965578][T0xf901891fcca0][WARN] copy_aicore_buffer: [chip_swimlane_collector.cpp:689] Core 39: skipped 1024 AICore record slot(s) with start_time=0 (race-window write or recycled-buffer tail). buf seq=0 count=1024
[mono_ns=7314048900174939][T0xf90189a0cca0][WARN] copy_aicore_buffer: [chip_swimlane_collector.cpp:689] Core 9: skipped 1024 AICore record slot(s) with start_time=0 (race-window write or recycled-buffer tail). buf seq=0 count=1024
[mono_ns=7314048900233320][T0xf901889ecca0][WARN] copy_aicore_buffer: [chip_swimlane_collector.cpp:689] Core 11: skipped 1024 AICore record slot(s) with start_time=0 (race-window write or recycled-buffer tail). buf seq=0 count=1024
[mono_ns=7314048900292280][T0xf901891fcca0][WARN] copy_aicore_buffer: [chip_swimlane_collector.cpp:689] Core 10: skipped 1024 AICore record slot(s) with start_time=0 (race-window write or recycled-buffer tail). buf seq=0 count=1024
[mono_ns=7314048900488691][T0xf90189a0cca0][WARN] copy_aicore_buffer: [chip_swimlane_collector.cpp:689] Core 42: skipped 1024 AICore record slot(s) with start_time=0 (race-window write or recycled-buffer tail). buf seq=0 count=1024
[mono_ns=7314048900547842][T0xf901889ecca0][WARN] copy_aicore_buffer: [chip_swimlane_collector.cpp:689] Core 46: skipped 1024 AICore record slot(s) with start_time=0 (race-window write or recycled-buffer tail). buf seq=0 count=1024
[mono_ns=7314048900607702][T0xf901891fcca0][WARN] copy_aicore_buffer: [chip_swimlane_collector.cpp:689] Core 44: skipped 1024 AICore record slot(s) with start_time=0 (race-window write or recycled-buffer tail). buf seq=0 count=1024
[mono_ns=7314048900801453][T0xf90189a0cca0][WARN] copy_aicore_buffer: [chip_swimlane_collector.cpp:689] Core 43: skipped 1024 AICore record slot(s) with start_time=0 (race-window write or recycled-buffer tail). buf seq=0 count=1024
[mono_ns=7314048900861803][T0xf901889ecca0][WARN] copy_aicore_buffer: [chip_swimlane_collector.cpp:689] Core 47: skipped 1024 AICore record slot(s) with start_time=0 (race-window write or recycled-buffer tail). buf seq=0 count=1024
[mono_ns=7314048900921704][T0xf901891fcca0][WARN] copy_aicore_buffer: [chip_swimlane_collector.cpp:689] Core 45: skipped 1024 AICore record slot(s) with start_time=0 (race-window write or recycled-buffer tail). buf seq=0 count=1024
[mono_ns=7314048901130035][T0xf90189a0cca0][WARN] copy_aicore_buffer: [chip_swimlane_collector.cpp:689] Core 12: skipped 1024 AICore record slot(s) with start_time=0 (race-window write or recycled-buffer tail). buf seq=0 count=1024
[mono_ns=7314048901187786][T0xf901889ecca0][WARN] copy_aicore_buffer: [chip_swimlane_collector.cpp:689] Core 14: skipped 1024 AICore record slot(s) with start_time=0 (race-window write or recycled-buffer tail). buf seq=0 count=1024
[mono_ns=7314048901246436][T0xf901891fcca0][WARN] copy_aicore_buffer: [chip_swimlane_collector.cpp:689] Core 13: skipped 1024 AICore record slot(s) with start_time=0 (race-window write or recycled-buffer tail). buf seq=0 count=1024
[mono_ns=7314048901443367][T0xf90189a0cca0][WARN] copy_aicore_buffer: [chip_swimlane_collector.cpp:689] Core 48: skipped 1024 AICore record slot(s) with start_time=0 (race-window write or recycled-buffer tail). buf seq=0 count=1024
[mono_ns=7314048901502217][T0xf901889ecca0][WARN] copy_aicore_buffer: [chip_swimlane_collector.cpp:689] Core 52: skipped 1024 AICore record slot(s) with start_time=0 (race-window write or recycled-buffer tail). buf seq=0 count=1024
[mono_ns=7314048901561608][T0xf901891fcca0][WARN] copy_aicore_buffer: [chip_swimlane_collector.cpp:689] Core 50: skipped 1024 AICore record slot(s) with start_time=0 (race-window write or recycled-buffer tail). buf seq=0 count=1024
[mono_ns=7314048901757629][T0xf90189a0cca0][WARN] copy_aicore_buffer: [chip_swimlane_collector.cpp:689] Core 49: skipped 1024 AICore record slot(s) with start_time=0 (race-window write or recycled-buffer tail). buf seq=0 count=1024
[mono_ns=7314048901844870][T0xf901889ecca0][WARN] copy_aicore_buffer: [chip_swimlane_collector.cpp:689] Core 53: skipped 1024 AICore record slot(s) with start_time=0 (race-window write or recycled-buffer tail). buf seq=0 count=1024
[mono_ns=7314048901875060][T0xf901891fcca0][WARN] copy_aicore_buffer: [chip_swimlane_collector.cpp:689] Core 51: skipped 1024 AICore record slot(s) with start_time=0 (race-window write or recycled-buffer tail). buf seq=0 count=1024
[mono_ns=7314048902086111][T0xf90189a0cca0][WARN] copy_aicore_buffer: [chip_swimlane_collector.cpp:689] Core 15: skipped 1024 AICore record slot(s) with start_time=0 (race-window write or recycled-buffer tail). buf seq=0 count=1024
[mono_ns=7314048902165962][T0xf901889ecca0][WARN] copy_aicore_buffer: [chip_swimlane_collector.cpp:689] Core 17: skipped 1024 AICore record slot(s) with start_time=0 (race-window write or recycled-buffer tail). buf seq=0 count=1024
[mono_ns=7314048902195552][T0xf901891fcca0][WARN] copy_aicore_buffer: [chip_swimlane_collector.cpp:689] Core 16: skipped 1024 AICore record slot(s) with start_time=0 (race-window write or recycled-buffer tail). buf seq=0 count=1024
[mono_ns=7314048902400073][T0xf90189a0cca0][WARN] copy_aicore_buffer: [chip_swimlane_collector.cpp:689] Core 54: skipped 1024 AICore record slot(s) with start_time=0 (race-window write or recycled-buffer tail). buf seq=0 count=1024
[mono_ns=7314048902480894][T0xf901889ecca0][WARN] copy_aicore_buffer: [chip_swimlane_collector.cpp:689] Core 58: skipped 1024 AICore record slot(s) with start_time=0 (race-window write or recycled-buffer tail). buf seq=0 count=1024
[mono_ns=7314048902509884][T0xf901891fcca0][WARN] copy_aicore_buffer: [chip_swimlane_collector.cpp:689] Core 56: skipped 1024 AICore record slot(s) with start_time=0 (race-window write or recycled-buffer tail). buf seq=0 count=1024
[mono_ns=7314048902744605][T0xf90189a0cca0][WARN] copy_aicore_buffer: [chip_swimlane_collector.cpp:689] Core 55: skipped 1024 AICore record slot(s) with start_time=0 (race-window write or recycled-buffer tail). buf seq=0 count=1024
[mono_ns=7314048902794216][T0xf901889ecca0][WARN] copy_aicore_buffer: [chip_swimlane_collector.cpp:689] Core 59: skipped 1024 AICore record slot(s) with start_time=0 (race-window write or recycled-buffer tail). buf seq=0 count=1024
[mono_ns=7314048902823896][T0xf901891fcca0][WARN] copy_aicore_buffer: [chip_swimlane_collector.cpp:689] Core 57: skipped 1024 AICore record slot(s) with start_time=0 (race-window write or recycled-buffer tail). buf seq=0 count=1024
[mono_ns=7314048903069877][T0xf90189a0cca0][WARN] copy_aicore_buffer: [chip_swimlane_collector.cpp:689] Core 18: skipped 1024 AICore record slot(s) with start_time=0 (race-window write or recycled-buffer tail). buf seq=0 count=1024
[mono_ns=7314048903121948][T0xf901889ecca0][WARN] copy_aicore_buffer: [chip_swimlane_collector.cpp:689] Core 20: skipped 1024 AICore record slot(s) with start_time=0 (race-window write or recycled-buffer tail). buf seq=0 count=1024
[mono_ns=7314048903141488][T0xf901891fcca0][WARN] copy_aicore_buffer: [chip_swimlane_collector.cpp:689] Core 19: skipped 1024 AICore record slot(s) with start_time=0 (race-window write or recycled-buffer tail). buf seq=0 count=1024
[mono_ns=7314048903384199][T0xf90189a0cca0][WARN] copy_aicore_buffer: [chip_swimlane_collector.cpp:689] Core 60: skipped 1024 AICore record slot(s) with start_time=0 (race-window write or recycled-buffer tail). buf seq=0 count=1024
[mono_ns=7314048903436770][T0xf901889ecca0][WARN] copy_aicore_buffer: [chip_swimlane_collector.cpp:689] Core 64: skipped 1024 AICore record slot(s) with start_time=0 (race-window write or recycled-buffer tail). buf seq=0 count=1024
[mono_ns=7314048903498260][T0xf901891fcca0][WARN] copy_aicore_buffer: [chip_swimlane_collector.cpp:689] Core 62: skipped 1024 AICore record slot(s) with start_time=0 (race-window write or recycled-buffer tail). buf seq=0 count=1024
[mono_ns=7314048903697391][T0xf90189a0cca0][WARN] copy_aicore_buffer: [chip_swimlane_collector.cpp:689] Core 61: skipped 1024 AICore record slot(s) with start_time=0 (race-window write or recycled-buffer tail). buf seq=0 count=1024
[mono_ns=7314048903751471][T0xf901889ecca0][WARN] copy_aicore_buffer: [chip_swimlane_collector.cpp:689] Core 65: skipped 1024 AICore record slot(s) with start_time=0 (race-window write or recycled-buffer tail). buf seq=0 count=1024
[mono_ns=7314048903812812][T0xf901891fcca0][WARN] copy_aicore_buffer: [chip_swimlane_collector.cpp:689] Core 63: skipped 1024 AICore record slot(s) with start_time=0 (race-window write or recycled-buffer tail). buf seq=0 count=1024
[mono_ns=7314048904019453][T0xf90189a0cca0][WARN] copy_aicore_buffer: [chip_swimlane_collector.cpp:689] Core 21: skipped 1024 AICore record slot(s) with start_time=0 (race-window write or recycled-buffer tail). buf seq=0 count=1024
[mono_ns=7314048904074823][T0xf901889ecca0][WARN] copy_aicore_buffer: [chip_swimlane_collector.cpp:689] Core 23: skipped 1024 AICore record slot(s) with start_time=0 (race-window write or recycled-buffer tail). buf seq=0 count=1024
[mono_ns=7314048904138094][T0xf901891fcca0][WARN] copy_aicore_buffer: [chip_swimlane_collector.cpp:689] Core 22: skipped 1024 AICore record slot(s) with start_time=0 (race-window write or recycled-buffer tail). buf seq=0 count=1024
[mono_ns=7314048904334885][T0xf90189a0cca0][WARN] copy_aicore_buffer: [chip_swimlane_collector.cpp:689] Core 66: skipped 1024 AICore record slot(s) with start_time=0 (race-window write or recycled-buffer tail). buf seq=0 count=1024
[mono_ns=7314048904400836][T0xf901889ecca0][WARN] copy_aicore_buffer: [chip_swimlane_collector.cpp:689] Core 70: skipped 1024 AICore record slot(s) with start_time=0 (race-window write or recycled-buffer tail). buf seq=0 count=1024
[mono_ns=7314048904453606][T0xf901891fcca0][WARN] copy_aicore_buffer: [chip_swimlane_collector.cpp:689] Core 68: skipped 1024 AICore record slot(s) with start_time=0 (race-window write or recycled-buffer tail). buf seq=0 count=1024
[mono_ns=7314048904649027][T0xf90189a0cca0][WARN] copy_aicore_buffer: [chip_swimlane_collector.cpp:689] Core 67: skipped 1024 AICore record slot(s) with start_time=0 (race-window write or recycled-buffer tail). buf seq=0 count=1024
[mono_ns=7314048904715847][T0xf901889ecca0][WARN] copy_aicore_buffer: [chip_swimlane_collector.cpp:689] Core 71: skipped 1024 AICore record slot(s) with start_time=0 (race-window write or recycled-buffer tail). buf seq=0 count=1024
[mono_ns=7314048904767588][T0xf901891fcca0][WARN] copy_aicore_buffer: [chip_swimlane_collector.cpp:689] Core 69: skipped 1024 AICore record slot(s) with start_time=0 (race-window write or recycled-buffer tail). buf seq=0 count=1024
[mono_ns=7314049005827957][T0xf902cbd5b020][TIMING] emit_host_span: [STRACE] v=1 pid=4187412 tid=4187412 inv=8 hid=16640ce8da8c63f2 depth=1 name=chip.run.runner_run ts=7314048894886456 dur=110923261 
[mono_ns=7314049007897790][T0xf902cbd5b020][TIMING] emit_host_span: [STRACE] v=1 pid=4187412 tid=4187412 inv=8 hid=16640ce8da8c63f2 depth=1 name=chip.run.validate ts=7314049005844347 dur=2045893 
[mono_ns=7314049007912700][T0xf902cbd5b020][TIMING] emit_host_span: [STRACE] v=1 pid=4187412 tid=4187412 inv=8 hid=16640ce8da8c63f2 depth=2 name=chip.run.runner_run.device_wall ts=0 dur=1867620 clk=dev
[mono_ns=7314049007917610][T0xf902cbd5b020][TIMING] emit_host_span: [STRACE] v=1 pid=4187412 tid=4187412 inv=8 hid=16640ce8da8c63f2 depth=3 name=chip.run.runner_run.device_wall.preamble ts=0 dur=108940 clk=dev
[mono_ns=7314049007922060][T0xf902cbd5b020][TIMING] emit_host_span: [STRACE] v=1 pid=4187412 tid=4187412 inv=8 hid=16640ce8da8c63f2 depth=3 name=chip.run.runner_run.device_wall.graph_build ts=104539 dur=1752740 clk=dev
[mono_ns=7314049007925740][T0xf902cbd5b020][TIMING] emit_host_span: [STRACE] v=1 pid=4187412 tid=4187412 inv=8 hid=16640ce8da8c63f2 depth=3 name=chip.run.runner_run.device_wall.config_validate ts=104640 dur=799 clk=dev
[mono_ns=7314049007929130][T0xf902cbd5b020][TIMING] emit_host_span: [STRACE] v=1 pid=4187412 tid=4187412 inv=8 hid=16640ce8da8c63f2 depth=3 name=chip.run.runner_run.device_wall.arena_wire ts=105460 dur=240 clk=dev
[mono_ns=7314049007932330][T0xf902cbd5b020][TIMING] emit_host_span: [STRACE] v=1 pid=4187412 tid=4187412 inv=8 hid=16640ce8da8c63f2 depth=3 name=chip.run.runner_run.device_wall.sm_reset ts=105740 dur=520 clk=dev
[mono_ns=7314049007942860][T0xf902cbd5b020][TIMING] emit_host_span: [STRACE] v=1 pid=4187412 tid=4187412 inv=8 hid=16640ce8da8c63f2 depth=3 name=chip.run.runner_run.device_wall.post_orch ts=1857320 dur=10200 clk=dev
[mono_ns=7314049007946450][T0xf902cbd5b020][TIMING] emit_host_span: [STRACE] v=1 pid=4187412 tid=4187412 inv=8 hid=16640ce8da8c63f2 depth=3 name=chip.run.runner_run.device_wall.orch ts=106300 dur=4320 clk=dev
[mono_ns=7314049007949960][T0xf902cbd5b020][TIMING] emit_host_span: [STRACE] v=1 pid=4187412 tid=4187412 inv=8 hid=16640ce8da8c63f2 depth=3 name=chip.run.runner_run.device_wall.sched ts=109060 dur=1723920 clk=dev
[mono_ns=7314049007955890][T0xf902cbd5b020][TIMING] emit_host_span: [STRACE] v=1 pid=4187412 tid=4187412 inv=8 hid=16640ce8da8c63f2 depth=1 name=chip.run.claim_release ts=7314049007953340 dur=730 
[mono_ns=7314049007962450][T0xf902cbd5b020][TIMING] emit_host_span: [STRACE] v=1 pid=4187412 tid=4187412 inv=8 hid=16640ce8da8c63f2 depth=0 name=chip.run ts=7314048892219370 dur=115741060 run_id=8 dispatch_id=8 slot_id=0 generation=8 run_epoch=8
[mono_ns=7314053853765134][T0xf902cbd5b020][TIMING] emit_host_span: [STRACE] v=1 pid=4187412 tid=4187412 inv=9 hid=16640ce8da8c63f2 depth=2 name=chip.run.bind.args ts=7314053851591421 dur=2165053 
[mono_ns=7314053853786365][T0xf902cbd5b020][TIMING] emit_host_span: [STRACE] v=1 pid=4187412 tid=4187412 inv=9 hid=16640ce8da8c63f2 depth=2 name=chip.run.bind.prebuilt ts=7314053853780154 dur=3510 
[mono_ns=7314053853791305][T0xf902cbd5b020][TIMING] emit_host_span: [STRACE] v=1 pid=4187412 tid=4187412 inv=9 hid=16640ce8da8c63f2 depth=1 name=chip.run.bind ts=7314053851583161 dur=2205954 
[mono_ns=7314053962212220][T0xf902cbd5b020][TIMING] emit_host_span: [STRACE] v=1 pid=4187412 tid=4187412 inv=9 hid=16640ce8da8c63f2 depth=1 name=chip.run.runner_run ts=7314053854191317 dur=108009253 
[mono_ns=7314053963916260][T0xf902cbd5b020][TIMING] emit_host_span: [STRACE] v=1 pid=4187412 tid=4187412 inv=9 hid=16640ce8da8c63f2 depth=1 name=chip.run.validate ts=7314053962226540 dur=1682960 
[mono_ns=7314053963927990][T0xf902cbd5b020][TIMING] emit_host_span: [STRACE] v=1 pid=4187412 tid=4187412 inv=9 hid=16640ce8da8c63f2 depth=2 name=chip.run.runner_run.device_wall ts=0 dur=4588920 clk=dev
[mono_ns=7314053963932440][T0xf902cbd5b020][TIMING] emit_host_span: [STRACE] v=1 pid=4187412 tid=4187412 inv=9 hid=16640ce8da8c63f2 depth=3 name=chip.run.runner_run.device_wall.preamble ts=0 dur=9620 clk=dev
[mono_ns=7314053963936480][T0xf902cbd5b020][TIMING] emit_host_span: [STRACE] v=1 pid=4187412 tid=4187412 inv=9 hid=16640ce8da8c63f2 depth=3 name=chip.run.runner_run.device_wall.graph_build ts=1640 dur=4577099 clk=dev
[mono_ns=7314053963939830][T0xf902cbd5b020][TIMING] emit_host_span: [STRACE] v=1 pid=4187412 tid=4187412 inv=9 hid=16640ce8da8c63f2 depth=3 name=chip.run.runner_run.device_wall.config_validate ts=2480 dur=860 clk=dev
[mono_ns=7314053963943260][T0xf902cbd5b020][TIMING] emit_host_span: [STRACE] v=1 pid=4187412 tid=4187412 inv=9 hid=16640ce8da8c63f2 depth=3 name=chip.run.runner_run.device_wall.arena_wire ts=3360 dur=1460 clk=dev
[mono_ns=7314053963946440][T0xf902cbd5b020][TIMING] emit_host_span: [STRACE] v=1 pid=4187412 tid=4187412 inv=9 hid=16640ce8da8c63f2 depth=3 name=chip.run.runner_run.device_wall.sm_reset ts=5060 dur=2060 clk=dev
[mono_ns=7314053963954580][T0xf902cbd5b020][TIMING] emit_host_span: [STRACE] v=1 pid=4187412 tid=4187412 inv=9 hid=16640ce8da8c63f2 depth=3 name=chip.run.runner_run.device_wall.post_orch ts=4578780 dur=9819 clk=dev
[mono_ns=7314053963958950][T0xf902cbd5b020][TIMING] emit_host_span: [STRACE] v=1 pid=4187412 tid=4187412 inv=9 hid=16640ce8da8c63f2 depth=3 name=chip.run.runner_run.device_wall.orch ts=7640 dur=7659 clk=dev
[mono_ns=7314053963962491][T0xf902cbd5b020][TIMING] emit_host_span: [STRACE] v=1 pid=4187412 tid=4187412 inv=9 hid=16640ce8da8c63f2 depth=3 name=chip.run.runner_run.device_wall.sched ts=10060 dur=4561420 clk=dev
[mono_ns=7314053963968151][T0xf902cbd5b020][TIMING] emit_host_span: [STRACE] v=1 pid=4187412 tid=4187412 inv=9 hid=16640ce8da8c63f2 depth=1 name=chip.run.claim_release ts=7314053963965561 dur=760 
[mono_ns=7314053963973511][T0xf902cbd5b020][TIMING] emit_host_span: [STRACE] v=1 pid=4187412 tid=4187412 inv=9 hid=16640ce8da8c63f2 depth=0 name=chip.run ts=7314053851526820 dur=112444661 run_id=9 dispatch_id=9 slot_id=0 generation=9 run_epoch=9
[mono_ns=7314054005549219][T0xf902cbd5b020][TIMING] emit_host_span: [STRACE] v=1 pid=4187412 tid=4187412 inv=10 hid=16640ce8da8c63f2 depth=2 name=chip.run.bind.args ts=7314054003255655 dur=2287074 
[mono_ns=7314054005566320][T0xf902cbd5b020][TIMING] emit_host_span: [STRACE] v=1 pid=4187412 tid=4187412 inv=10 hid=16640ce8da8c63f2 depth=2 name=chip.run.bind.prebuilt ts=7314054005561180 dur=2520 
[mono_ns=7314054005571240][T0xf902cbd5b020][TIMING] emit_host_span: [STRACE] v=1 pid=4187412 tid=4187412 inv=10 hid=16640ce8da8c63f2 depth=1 name=chip.run.bind ts=7314054003248885 dur=2320365 
[mono_ns=7314054009231562][T0xf90189a0cca0][WARN] copy_aicore_buffer: [chip_swimlane_collector.cpp:689] Core 0: skipped 1024 AICore record slot(s) with start_time=0 (race-window write or recycled-buffer tail). buf seq=0 count=1024
[mono_ns=7314054009262763][T0xf901889ecca0][WARN] copy_aicore_buffer: [chip_swimlane_collector.cpp:689] Core 2: skipped 1024 AICore record slot(s) with start_time=0 (race-window write or recycled-buffer tail). buf seq=0 count=1024
[mono_ns=7314054009282953][T0xf901891fcca0][WARN] copy_aicore_buffer: [chip_swimlane_collector.cpp:689] Core 1: skipped 1024 AICore record slot(s) with start_time=0 (race-window write or recycled-buffer tail). buf seq=0 count=1024
[mono_ns=7314054009557334][T0xf90189a0cca0][WARN] copy_aicore_buffer: [chip_swimlane_collector.cpp:689] Core 24: skipped 1023 AICore record slot(s) with start_time=0 (race-window write or recycled-buffer tail). buf seq=0 count=1024
[mono_ns=7314054009584785][T0xf901889ecca0][WARN] copy_aicore_buffer: [chip_swimlane_collector.cpp:689] Core 28: skipped 1024 AICore record slot(s) with start_time=0 (race-window write or recycled-buffer tail). buf seq=0 count=1024
[mono_ns=7314054009611295][T0xf901891fcca0][WARN] copy_aicore_buffer: [chip_swimlane_collector.cpp:689] Core 26: skipped 1022 AICore record slot(s) with start_time=0 (race-window write or recycled-buffer tail). buf seq=0 count=1024
[mono_ns=7314054009871266][T0xf90189a0cca0][WARN] copy_aicore_buffer: [chip_swimlane_collector.cpp:689] Core 25: skipped 1024 AICore record slot(s) with start_time=0 (race-window write or recycled-buffer tail). buf seq=0 count=1024
[mono_ns=7314054009897837][T0xf901889ecca0][WARN] copy_aicore_buffer: [chip_swimlane_collector.cpp:689] Core 29: skipped 1024 AICore record slot(s) with start_time=0 (race-window write or recycled-buffer tail). buf seq=0 count=1024
[mono_ns=7314054009926277][T0xf901891fcca0][WARN] copy_aicore_buffer: [chip_swimlane_collector.cpp:689] Core 27: skipped 1024 AICore record slot(s) with start_time=0 (race-window write or recycled-buffer tail). buf seq=0 count=1024
[mono_ns=7314054010229289][T0xf90189a0cca0][WARN] copy_aicore_buffer: [chip_swimlane_collector.cpp:689] Core 3: skipped 1024 AICore record slot(s) with start_time=0 (race-window write or recycled-buffer tail). buf seq=0 count=1024
[mono_ns=7314054010240069][T0xf901889ecca0][WARN] copy_aicore_buffer: [chip_swimlane_collector.cpp:689] Core 5: skipped 1024 AICore record slot(s) with start_time=0 (race-window write or recycled-buffer tail). buf seq=0 count=1024
[mono_ns=7314054010252029][T0xf901891fcca0][WARN] copy_aicore_buffer: [chip_swimlane_collector.cpp:689] Core 4: skipped 1024 AICore record slot(s) with start_time=0 (race-window write or recycled-buffer tail). buf seq=0 count=1024
[mono_ns=7314054010544161][T0xf90189a0cca0][WARN] copy_aicore_buffer: [chip_swimlane_collector.cpp:689] Core 30: skipped 1024 AICore record slot(s) with start_time=0 (race-window write or recycled-buffer tail). buf seq=0 count=1024
[mono_ns=7314054010554321][T0xf901889ecca0][WARN] copy_aicore_buffer: [chip_swimlane_collector.cpp:689] Core 34: skipped 1024 AICore record slot(s) with start_time=0 (race-window write or recycled-buffer tail). buf seq=0 count=1024
[mono_ns=7314054010566301][T0xf901891fcca0][WARN] copy_aicore_buffer: [chip_swimlane_collector.cpp:689] Core 32: skipped 1024 AICore record slot(s) with start_time=0 (race-window write or recycled-buffer tail). buf seq=0 count=1024
[mono_ns=7314054010857722][T0xf90189a0cca0][WARN] copy_aicore_buffer: [chip_swimlane_collector.cpp:689] Core 31: skipped 1024 AICore record slot(s) with start_time=0 (race-window write or recycled-buffer tail). buf seq=0 count=1024
[mono_ns=7314054010867713][T0xf901889ecca0][WARN] copy_aicore_buffer: [chip_swimlane_collector.cpp:689] Core 35: skipped 1024 AICore record slot(s) with start_time=0 (race-window write or recycled-buffer tail). buf seq=0 count=1024
[mono_ns=7314054010916763][T0xf901891fcca0][WARN] copy_aicore_buffer: [chip_swimlane_collector.cpp:689] Core 33: skipped 1024 AICore record slot(s) with start_time=0 (race-window write or recycled-buffer tail). buf seq=0 count=1024
[mono_ns=7314054011175924][T0xf90189a0cca0][WARN] copy_aicore_buffer: [chip_swimlane_collector.cpp:689] Core 6: skipped 1024 AICore record slot(s) with start_time=0 (race-window write or recycled-buffer tail). buf seq=0 count=1024
[mono_ns=7314054011187515][T0xf901889ecca0][WARN] copy_aicore_buffer: [chip_swimlane_collector.cpp:689] Core 8: skipped 1024 AICore record slot(s) with start_time=0 (race-window write or recycled-buffer tail). buf seq=0 count=1024
[mono_ns=7314054011238385][T0xf901891fcca0][WARN] copy_aicore_buffer: [chip_swimlane_collector.cpp:689] Core 7: skipped 1024 AICore record slot(s) with start_time=0 (race-window write or recycled-buffer tail). buf seq=0 count=1024
[mono_ns=7314054011489876][T0xf90189a0cca0][WARN] copy_aicore_buffer: [chip_swimlane_collector.cpp:689] Core 36: skipped 1024 AICore record slot(s) with start_time=0 (race-window write or recycled-buffer tail). buf seq=0 count=1024
[mono_ns=7314054011499926][T0xf901889ecca0][WARN] copy_aicore_buffer: [chip_swimlane_collector.cpp:689] Core 40: skipped 1024 AICore record slot(s) with start_time=0 (race-window write or recycled-buffer tail). buf seq=0 count=1024
[mono_ns=7314054011552047][T0xf901891fcca0][WARN] copy_aicore_buffer: [chip_swimlane_collector.cpp:689] Core 38: skipped 1024 AICore record slot(s) with start_time=0 (race-window write or recycled-buffer tail). buf seq=0 count=1024
[mono_ns=7314054011806168][T0xf90189a0cca0][WARN] copy_aicore_buffer: [chip_swimlane_collector.cpp:689] Core 37: skipped 1022 AICore record slot(s) with start_time=0 (race-window write or recycled-buffer tail). buf seq=0 count=1024
[mono_ns=7314054011819188][T0xf901889ecca0][WARN] copy_aicore_buffer: [chip_swimlane_collector.cpp:689] Core 41: skipped 1024 AICore record slot(s) with start_time=0 (race-window write or recycled-buffer tail). buf seq=0 count=1024
[mono_ns=7314054011865119][T0xf901891fcca0][WARN] copy_aicore_buffer: [chip_swimlane_collector.cpp:689] Core 39: skipped 1024 AICore record slot(s) with start_time=0 (race-window write or recycled-buffer tail). buf seq=0 count=1024
[mono_ns=7314054012130620][T0xf90189a0cca0][WARN] copy_aicore_buffer: [chip_swimlane_collector.cpp:689] Core 9: skipped 1024 AICore record slot(s) with start_time=0 (race-window write or recycled-buffer tail). buf seq=0 count=1024
[mono_ns=7314054012142130][T0xf901889ecca0][WARN] copy_aicore_buffer: [chip_swimlane_collector.cpp:689] Core 11: skipped 1024 AICore record slot(s) with start_time=0 (race-window write or recycled-buffer tail). buf seq=0 count=1024
[mono_ns=7314054012188941][T0xf901891fcca0][WARN] copy_aicore_buffer: [chip_swimlane_collector.cpp:689] Core 10: skipped 1024 AICore record slot(s) with start_time=0 (race-window write or recycled-buffer tail). buf seq=0 count=1024
[mono_ns=7314054012444252][T0xf90189a0cca0][WARN] copy_aicore_buffer: [chip_swimlane_collector.cpp:689] Core 42: skipped 1024 AICore record slot(s) with start_time=0 (race-window write or recycled-buffer tail). buf seq=0 count=1024
[mono_ns=7314054012454742][T0xf901889ecca0][WARN] copy_aicore_buffer: [chip_swimlane_collector.cpp:689] Core 46: skipped 1024 AICore record slot(s) with start_time=0 (race-window write or recycled-buffer tail). buf seq=0 count=1024
[mono_ns=7314054012504623][T0xf901891fcca0][WARN] copy_aicore_buffer: [chip_swimlane_collector.cpp:689] Core 44: skipped 1023 AICore record slot(s) with start_time=0 (race-window write or recycled-buffer tail). buf seq=0 count=1024
[mono_ns=7314054012767094][T0xf90189a0cca0][WARN] copy_aicore_buffer: [chip_swimlane_collector.cpp:689] Core 43: skipped 1024 AICore record slot(s) with start_time=0 (race-window write or recycled-buffer tail). buf seq=0 count=1024
[mono_ns=7314054012770054][T0xf901889ecca0][WARN] copy_aicore_buffer: [chip_swimlane_collector.cpp:689] Core 47: skipped 1024 AICore record slot(s) with start_time=0 (race-window write or recycled-buffer tail). buf seq=0 count=1024
[mono_ns=7314054012819345][T0xf901891fcca0][WARN] copy_aicore_buffer: [chip_swimlane_collector.cpp:689] Core 45: skipped 1024 AICore record slot(s) with start_time=0 (race-window write or recycled-buffer tail). buf seq=0 count=1024
[mono_ns=7314054013092926][T0xf90189a0cca0][WARN] copy_aicore_buffer: [chip_swimlane_collector.cpp:689] Core 12: skipped 1024 AICore record slot(s) with start_time=0 (race-window write or recycled-buffer tail). buf seq=0 count=1024
[mono_ns=7314054013096106][T0xf901889ecca0][WARN] copy_aicore_buffer: [chip_swimlane_collector.cpp:689] Core 14: skipped 1024 AICore record slot(s) with start_time=0 (race-window write or recycled-buffer tail). buf seq=0 count=1024
[mono_ns=7314054013145767][T0xf901891fcca0][WARN] copy_aicore_buffer: [chip_swimlane_collector.cpp:689] Core 13: skipped 1024 AICore record slot(s) with start_time=0 (race-window write or recycled-buffer tail). buf seq=0 count=1024
[mono_ns=7314054013406308][T0xf90189a0cca0][WARN] copy_aicore_buffer: [chip_swimlane_collector.cpp:689] Core 48: skipped 1024 AICore record slot(s) with start_time=0 (race-window write or recycled-buffer tail). buf seq=0 count=1024
[mono_ns=7314054013446899][T0xf901889ecca0][WARN] copy_aicore_buffer: [chip_swimlane_collector.cpp:689] Core 52: skipped 1024 AICore record slot(s) with start_time=0 (race-window write or recycled-buffer tail). buf seq=0 count=1024
[mono_ns=7314054013459949][T0xf901891fcca0][WARN] copy_aicore_buffer: [chip_swimlane_collector.cpp:689] Core 50: skipped 1024 AICore record slot(s) with start_time=0 (race-window write or recycled-buffer tail). buf seq=0 count=1024
[mono_ns=7314054013728520][T0xf90189a0cca0][WARN] copy_aicore_buffer: [chip_swimlane_collector.cpp:689] Core 49: skipped 1024 AICore record slot(s) with start_time=0 (race-window write or recycled-buffer tail). buf seq=0 count=1024
[mono_ns=7314054013773121][T0xf901889ecca0][WARN] copy_aicore_buffer: [chip_swimlane_collector.cpp:689] Core 53: skipped 1024 AICore record slot(s) with start_time=0 (race-window write or recycled-buffer tail). buf seq=0 count=1024
[mono_ns=7314054013782701][T0xf901891fcca0][WARN] copy_aicore_buffer: [chip_swimlane_collector.cpp:689] Core 51: skipped 1024 AICore record slot(s) with start_time=0 (race-window write or recycled-buffer tail). buf seq=0 count=1024
[mono_ns=7314054014054892][T0xf90189a0cca0][WARN] copy_aicore_buffer: [chip_swimlane_collector.cpp:689] Core 15: skipped 1024 AICore record slot(s) with start_time=0 (race-window write or recycled-buffer tail). buf seq=0 count=1024
[mono_ns=7314054014100213][T0xf901889ecca0][WARN] copy_aicore_buffer: [chip_swimlane_collector.cpp:689] Core 17: skipped 1024 AICore record slot(s) with start_time=0 (race-window write or recycled-buffer tail). buf seq=0 count=1024
[mono_ns=7314054014104583][T0xf901891fcca0][WARN] copy_aicore_buffer: [chip_swimlane_collector.cpp:689] Core 16: skipped 1024 AICore record slot(s) with start_time=0 (race-window write or recycled-buffer tail). buf seq=0 count=1024
[mono_ns=7314054014398975][T0xf90189a0cca0][WARN] copy_aicore_buffer: [chip_swimlane_collector.cpp:689] Core 54: skipped 1024 AICore record slot(s) with start_time=0 (race-window write or recycled-buffer tail). buf seq=0 count=1024
[mono_ns=7314054014414395][T0xf901889ecca0][WARN] copy_aicore_buffer: [chip_swimlane_collector.cpp:689] Core 58: skipped 1024 AICore record slot(s) with start_time=0 (race-window write or recycled-buffer tail). buf seq=0 count=1024
[mono_ns=7314054014417175][T0xf901891fcca0][WARN] copy_aicore_buffer: [chip_swimlane_collector.cpp:689] Core 56: skipped 1024 AICore record slot(s) with start_time=0 (race-window write or recycled-buffer tail). buf seq=0 count=1024
[mono_ns=7314054014712326][T0xf90189a0cca0][WARN] copy_aicore_buffer: [chip_swimlane_collector.cpp:689] Core 55: skipped 1024 AICore record slot(s) with start_time=0 (race-window write or recycled-buffer tail). buf seq=0 count=1024
[mono_ns=7314054014729427][T0xf901889ecca0][WARN] copy_aicore_buffer: [chip_swimlane_collector.cpp:689] Core 59: skipped 1024 AICore record slot(s) with start_time=0 (race-window write or recycled-buffer tail). buf seq=0 count=1024
[mono_ns=7314054014730777][T0xf901891fcca0][WARN] copy_aicore_buffer: [chip_swimlane_collector.cpp:689] Core 57: skipped 1024 AICore record slot(s) with start_time=0 (race-window write or recycled-buffer tail). buf seq=0 count=1024
[mono_ns=7314054015039929][T0xf90189a0cca0][WARN] copy_aicore_buffer: [chip_swimlane_collector.cpp:689] Core 18: skipped 1024 AICore record slot(s) with start_time=0 (race-window write or recycled-buffer tail). buf seq=0 count=1024
[mono_ns=7314054015055429][T0xf901889ecca0][WARN] copy_aicore_buffer: [chip_swimlane_collector.cpp:689] Core 20: skipped 1024 AICore record slot(s) with start_time=0 (race-window write or recycled-buffer tail). buf seq=0 count=1024
[mono_ns=7314054015078259][T0xf901891fcca0][WARN] copy_aicore_buffer: [chip_swimlane_collector.cpp:689] Core 19: skipped 1024 AICore record slot(s) with start_time=0 (race-window write or recycled-buffer tail). buf seq=0 count=1024
[mono_ns=7314054015353250][T0xf90189a0cca0][WARN] copy_aicore_buffer: [chip_swimlane_collector.cpp:689] Core 60: skipped 1024 AICore record slot(s) with start_time=0 (race-window write or recycled-buffer tail). buf seq=0 count=1024
[mono_ns=7314054015368771][T0xf901889ecca0][WARN] copy_aicore_buffer: [chip_swimlane_collector.cpp:689] Core 64: skipped 1024 AICore record slot(s) with start_time=0 (race-window write or recycled-buffer tail). buf seq=0 count=1024
[mono_ns=7314054015392641][T0xf901891fcca0][WARN] copy_aicore_buffer: [chip_swimlane_collector.cpp:689] Core 62: skipped 1024 AICore record slot(s) with start_time=0 (race-window write or recycled-buffer tail). buf seq=0 count=1024
[mono_ns=7314054015666072][T0xf90189a0cca0][WARN] copy_aicore_buffer: [chip_swimlane_collector.cpp:689] Core 61: skipped 1024 AICore record slot(s) with start_time=0 (race-window write or recycled-buffer tail). buf seq=0 count=1024
[mono_ns=7314054015684283][T0xf901889ecca0][WARN] copy_aicore_buffer: [chip_swimlane_collector.cpp:689] Core 65: skipped 1024 AICore record slot(s) with start_time=0 (race-window write or recycled-buffer tail). buf seq=0 count=1024
[mono_ns=7314054015706503][T0xf901891fcca0][WARN] copy_aicore_buffer: [chip_swimlane_collector.cpp:689] Core 63: skipped 1024 AICore record slot(s) with start_time=0 (race-window write or recycled-buffer tail). buf seq=0 count=1024
[mono_ns=7314054015979804][T0xf90189a0cca0][WARN] copy_aicore_buffer: [chip_swimlane_collector.cpp:689] Core 21: skipped 1024 AICore record slot(s) with start_time=0 (race-window write or recycled-buffer tail). buf seq=0 count=1024
[mono_ns=7314054016029735][T0xf901889ecca0][WARN] copy_aicore_buffer: [chip_swimlane_collector.cpp:689] Core 23: skipped 1024 AICore record slot(s) with start_time=0 (race-window write or recycled-buffer tail). buf seq=0 count=1024
[mono_ns=7314054016035575][T0xf901891fcca0][WARN] copy_aicore_buffer: [chip_swimlane_collector.cpp:689] Core 22: skipped 1024 AICore record slot(s) with start_time=0 (race-window write or recycled-buffer tail). buf seq=0 count=1024
[mono_ns=7314054016301016][T0xf90189a0cca0][WARN] copy_aicore_buffer: [chip_swimlane_collector.cpp:689] Core 66: skipped 1024 AICore record slot(s) with start_time=0 (race-window write or recycled-buffer tail). buf seq=0 count=1024
[mono_ns=7314054016344307][T0xf901889ecca0][WARN] copy_aicore_buffer: [chip_swimlane_collector.cpp:689] Core 70: skipped 1024 AICore record slot(s) with start_time=0 (race-window write or recycled-buffer tail). buf seq=0 count=1024
[mono_ns=7314054016348827][T0xf901891fcca0][WARN] copy_aicore_buffer: [chip_swimlane_collector.cpp:689] Core 68: skipped 1024 AICore record slot(s) with start_time=0 (race-window write or recycled-buffer tail). buf seq=0 count=1024
[mono_ns=7314054016612968][T0xf90189a0cca0][WARN] copy_aicore_buffer: [chip_swimlane_collector.cpp:689] Core 67: skipped 1024 AICore record slot(s) with start_time=0 (race-window write or recycled-buffer tail). buf seq=0 count=1024
[mono_ns=7314054016658809][T0xf901889ecca0][WARN] copy_aicore_buffer: [chip_swimlane_collector.cpp:689] Core 71: skipped 1024 AICore record slot(s) with start_time=0 (race-window write or recycled-buffer tail). buf seq=0 count=1024
[mono_ns=7314054016686739][T0xf901891fcca0][WARN] copy_aicore_buffer: [chip_swimlane_collector.cpp:689] Core 69: skipped 1024 AICore record slot(s) with start_time=0 (race-window write or recycled-buffer tail). buf seq=0 count=1024
[mono_ns=7314054117427456][T0xf902cbd5b020][TIMING] emit_host_span: [STRACE] v=1 pid=4187412 tid=4187412 inv=10 hid=16640ce8da8c63f2 depth=1 name=chip.run.runner_run ts=7314054005900452 dur=111514684 
[mono_ns=7314054119460869][T0xf902cbd5b020][TIMING] emit_host_span: [STRACE] v=1 pid=4187412 tid=4187412 inv=10 hid=16640ce8da8c63f2 depth=1 name=chip.run.validate ts=7314054117443856 dur=2010103 
[mono_ns=7314054119473479][T0xf902cbd5b020][TIMING] emit_host_span: [STRACE] v=1 pid=4187412 tid=4187412 inv=10 hid=16640ce8da8c63f2 depth=2 name=chip.run.runner_run.device_wall ts=0 dur=2854259 clk=dev
[mono_ns=7314054119478439][T0xf902cbd5b020][TIMING] emit_host_span: [STRACE] v=1 pid=4187412 tid=4187412 inv=10 hid=16640ce8da8c63f2 depth=3 name=chip.run.runner_run.device_wall.preamble ts=0 dur=689040 clk=dev
[mono_ns=7314054119482499][T0xf902cbd5b020][TIMING] emit_host_span: [STRACE] v=1 pid=4187412 tid=4187412 inv=10 hid=16640ce8da8c63f2 depth=3 name=chip.run.runner_run.device_wall.graph_build ts=684880 dur=2159440 clk=dev
[mono_ns=7314054119494139][T0xf902cbd5b020][TIMING] emit_host_span: [STRACE] v=1 pid=4187412 tid=4187412 inv=10 hid=16640ce8da8c63f2 depth=3 name=chip.run.runner_run.device_wall.config_validate ts=684980 dur=720 clk=dev
[mono_ns=7314054119497579][T0xf902cbd5b020][TIMING] emit_host_span: [STRACE] v=1 pid=4187412 tid=4187412 inv=10 hid=16640ce8da8c63f2 depth=3 name=chip.run.runner_run.device_wall.arena_wire ts=685740 dur=320 clk=dev
[mono_ns=7314054119500479][T0xf902cbd5b020][TIMING] emit_host_span: [STRACE] v=1 pid=4187412 tid=4187412 inv=10 hid=16640ce8da8c63f2 depth=3 name=chip.run.runner_run.device_wall.sm_reset ts=686100 dur=459 clk=dev
[mono_ns=7314054119503489][T0xf902cbd5b020][TIMING] emit_host_span: [STRACE] v=1 pid=4187412 tid=4187412 inv=10 hid=16640ce8da8c63f2 depth=3 name=chip.run.runner_run.device_wall.post_orch ts=2844420 dur=9680 clk=dev
[mono_ns=7314054119507249][T0xf902cbd5b020][TIMING] emit_host_span: [STRACE] v=1 pid=4187412 tid=4187412 inv=10 hid=16640ce8da8c63f2 depth=3 name=chip.run.runner_run.device_wall.orch ts=686600 dur=3239 clk=dev
[mono_ns=7314054119510839][T0xf902cbd5b020][TIMING] emit_host_span: [STRACE] v=1 pid=4187412 tid=4187412 inv=10 hid=16640ce8da8c63f2 depth=3 name=chip.run.runner_run.device_wall.sched ts=689220 dur=2137140 clk=dev
[mono_ns=7314054119517099][T0xf902cbd5b020][TIMING] emit_host_span: [STRACE] v=1 pid=4187412 tid=4187412 inv=10 hid=16640ce8da8c63f2 depth=1 name=chip.run.claim_release ts=7314054119514519 dur=760 
[mono_ns=7314054119521819][T0xf902cbd5b020][TIMING] emit_host_span: [STRACE] v=1 pid=4187412 tid=4187412 inv=10 hid=16640ce8da8c63f2 depth=0 name=chip.run ts=7314054003221275 dur=116298564 run_id=10 dispatch_id=10 slot_id=0 generation=10 run_epoch=10
[mono_ns=7314058923936232][T0xf902cbd5b020][TIMING] emit_host_span: [STRACE] v=1 pid=4187412 tid=4187412 inv=11 hid=16640ce8da8c63f2 depth=2 name=chip.run.bind.args ts=7314058921557657 dur=2369985 
[mono_ns=7314058923957302][T0xf902cbd5b020][TIMING] emit_host_span: [STRACE] v=1 pid=4187412 tid=4187412 inv=11 hid=16640ce8da8c63f2 depth=2 name=chip.run.bind.prebuilt ts=7314058923949132 dur=5580 
[mono_ns=7314058923962522][T0xf902cbd5b020][TIMING] emit_host_span: [STRACE] v=1 pid=4187412 tid=4187412 inv=11 hid=16640ce8da8c63f2 depth=1 name=chip.run.bind ts=7314058921545947 dur=2413955 
[mono_ns=7314059028340662][T0xf902cbd5b020][TIMING] emit_host_span: [STRACE] v=1 pid=4187412 tid=4187412 inv=11 hid=16640ce8da8c63f2 depth=1 name=chip.run.runner_run ts=7314058924244124 dur=104084478 
[mono_ns=7314059030137073][T0xf902cbd5b020][TIMING] emit_host_span: [STRACE] v=1 pid=4187412 tid=4187412 inv=11 hid=16640ce8da8c63f2 depth=1 name=chip.run.validate ts=7314059028353402 dur=1777041 
[mono_ns=7314059030149693][T0xf902cbd5b020][TIMING] emit_host_span: [STRACE] v=1 pid=4187412 tid=4187412 inv=11 hid=16640ce8da8c63f2 depth=2 name=chip.run.runner_run.device_wall ts=0 dur=2230140 clk=dev
[mono_ns=7314059030155093][T0xf902cbd5b020][TIMING] emit_host_span: [STRACE] v=1 pid=4187412 tid=4187412 inv=11 hid=16640ce8da8c63f2 depth=3 name=chip.run.runner_run.device_wall.preamble ts=0 dur=5960 clk=dev
[mono_ns=7314059030158963][T0xf902cbd5b020][TIMING] emit_host_span: [STRACE] v=1 pid=4187412 tid=4187412 inv=11 hid=16640ce8da8c63f2 depth=3 name=chip.run.runner_run.device_wall.graph_build ts=1440 dur=2217359 clk=dev
[mono_ns=7314059030171063][T0xf902cbd5b020][TIMING] emit_host_span: [STRACE] v=1 pid=4187412 tid=4187412 inv=11 hid=16640ce8da8c63f2 depth=3 name=chip.run.runner_run.device_wall.config_validate ts=1680 dur=980 clk=dev
[mono_ns=7314059030175123][T0xf902cbd5b020][TIMING] emit_host_span: [STRACE] v=1 pid=4187412 tid=4187412 inv=11 hid=16640ce8da8c63f2 depth=3 name=chip.run.runner_run.device_wall.arena_wire ts=2700 dur=500 clk=dev
[mono_ns=7314059030179173][T0xf902cbd5b020][TIMING] emit_host_span: [STRACE] v=1 pid=4187412 tid=4187412 inv=11 hid=16640ce8da8c63f2 depth=3 name=chip.run.runner_run.device_wall.sm_reset ts=3220 dur=1320 clk=dev
[mono_ns=7314059030182603][T0xf902cbd5b020][TIMING] emit_host_span: [STRACE] v=1 pid=4187412 tid=4187412 inv=11 hid=16640ce8da8c63f2 depth=3 name=chip.run.runner_run.device_wall.post_orch ts=2218880 dur=10900 clk=dev
[mono_ns=7314059030186123][T0xf902cbd5b020][TIMING] emit_host_span: [STRACE] v=1 pid=4187412 tid=4187412 inv=11 hid=16640ce8da8c63f2 depth=3 name=chip.run.runner_run.device_wall.orch ts=5320 dur=8120 clk=dev
[mono_ns=7314059030190133][T0xf902cbd5b020][TIMING] emit_host_span: [STRACE] v=1 pid=4187412 tid=4187412 inv=11 hid=16640ce8da8c63f2 depth=3 name=chip.run.runner_run.device_wall.sched ts=6100 dur=2205140 clk=dev
[mono_ns=7314059030195593][T0xf902cbd5b020][TIMING] emit_host_span: [STRACE] v=1 pid=4187412 tid=4187412 inv=11 hid=16640ce8da8c63f2 depth=1 name=chip.run.claim_release ts=7314059030192903 dur=790 
[mono_ns=7314059030202683][T0xf902cbd5b020][TIMING] emit_host_span: [STRACE] v=1 pid=4187412 tid=4187412 inv=11 hid=16640ce8da8c63f2 depth=0 name=chip.run ts=7314058921489156 dur=108711417 run_id=11 dispatch_id=11 slot_id=0 generation=11 run_epoch=11
[mono_ns=7314059081019220][T0xf902cbd5b020][TIMING] emit_host_span: [STRACE] v=1 pid=4187412 tid=4187412 inv=12 hid=16640ce8da8c63f2 depth=2 name=chip.run.bind.args ts=7314059078772956 dur=2239084 
[mono_ns=7314059081037460][T0xf902cbd5b020][TIMING] emit_host_span: [STRACE] v=1 pid=4187412 tid=4187412 inv=12 hid=16640ce8da8c63f2 depth=2 name=chip.run.bind.prebuilt ts=7314059081030200 dur=4580 
[mono_ns=7314059081041950][T0xf902cbd5b020][TIMING] emit_host_span: [STRACE] v=1 pid=4187412 tid=4187412 inv=12 hid=16640ce8da8c63f2 depth=1 name=chip.run.bind ts=7314059078761596 dur=2278124 
[mono_ns=7314059084249440][T0xf901889ecca0][WARN] copy_aicore_buffer: [chip_swimlane_collector.cpp:689] Core 2: skipped 1024 AICore record slot(s) with start_time=0 (race-window write or recycled-buffer tail). buf seq=0 count=1024
[mono_ns=7314059084260130][T0xf901891fcca0][WARN] copy_aicore_buffer: [chip_swimlane_collector.cpp:689] Core 1: skipped 1024 AICore record slot(s) with start_time=0 (race-window write or recycled-buffer tail). buf seq=0 count=1024
[mono_ns=7314059084268720][T0xf90189a0cca0][WARN] copy_aicore_buffer: [chip_swimlane_collector.cpp:689] Core 0: skipped 1024 AICore record slot(s) with start_time=0 (race-window write or recycled-buffer tail). buf seq=0 count=1024
[mono_ns=7314059084578112][T0xf901889ecca0][WARN] copy_aicore_buffer: [chip_swimlane_collector.cpp:689] Core 28: skipped 1024 AICore record slot(s) with start_time=0 (race-window write or recycled-buffer tail). buf seq=0 count=1024
[mono_ns=7314059084584882][T0xf901891fcca0][WARN] copy_aicore_buffer: [chip_swimlane_collector.cpp:689] Core 26: skipped 1021 AICore record slot(s) with start_time=0 (race-window write or recycled-buffer tail). buf seq=0 count=1024
[mono_ns=7314059084584582][T0xf90189a0cca0][WARN] copy_aicore_buffer: [chip_swimlane_collector.cpp:689] Core 24: skipped 1024 AICore record slot(s) with start_time=0 (race-window write or recycled-buffer tail). buf seq=0 count=1024
[mono_ns=7314059084905264][T0xf901891fcca0][WARN] copy_aicore_buffer: [chip_swimlane_collector.cpp:689] Core 27: skipped 1024 AICore record slot(s) with start_time=0 (race-window write or recycled-buffer tail). buf seq=0 count=1024
[mono_ns=7314059084909404][T0xf90189a0cca0][WARN] copy_aicore_buffer: [chip_swimlane_collector.cpp:689] Core 25: skipped 1024 AICore record slot(s) with start_time=0 (race-window write or recycled-buffer tail). buf seq=0 count=1024
[mono_ns=7314059084938654][T0xf901889ecca0][WARN] copy_aicore_buffer: [chip_swimlane_collector.cpp:689] Core 29: skipped 1024 AICore record slot(s) with start_time=0 (race-window write or recycled-buffer tail). buf seq=0 count=1024
[mono_ns=7314059085232626][T0xf901891fcca0][WARN] copy_aicore_buffer: [chip_swimlane_collector.cpp:689] Core 4: skipped 1024 AICore record slot(s) with start_time=0 (race-window write or recycled-buffer tail). buf seq=0 count=1024
[mono_ns=7314059085236876][T0xf90189a0cca0][WARN] copy_aicore_buffer: [chip_swimlane_collector.cpp:689] Core 3: skipped 1024 AICore record slot(s) with start_time=0 (race-window write or recycled-buffer tail). buf seq=0 count=1024
[mono_ns=7314059085266696][T0xf901889ecca0][WARN] copy_aicore_buffer: [chip_swimlane_collector.cpp:689] Core 5: skipped 1024 AICore record slot(s) with start_time=0 (race-window write or recycled-buffer tail). buf seq=0 count=1024
[mono_ns=7314059085548928][T0xf901891fcca0][WARN] copy_aicore_buffer: [chip_swimlane_collector.cpp:689] Core 32: skipped 1024 AICore record slot(s) with start_time=0 (race-window write or recycled-buffer tail). buf seq=0 count=1024
[mono_ns=7314059085550698][T0xf90189a0cca0][WARN] copy_aicore_buffer: [chip_swimlane_collector.cpp:689] Core 30: skipped 1024 AICore record slot(s) with start_time=0 (race-window write or recycled-buffer tail). buf seq=0 count=1024
[mono_ns=7314059085584728][T0xf901889ecca0][WARN] copy_aicore_buffer: [chip_swimlane_collector.cpp:689] Core 34: skipped 1024 AICore record slot(s) with start_time=0 (race-window write or recycled-buffer tail). buf seq=0 count=1024
[mono_ns=7314059085862990][T0xf901891fcca0][WARN] copy_aicore_buffer: [chip_swimlane_collector.cpp:689] Core 33: skipped 1024 AICore record slot(s) with start_time=0 (race-window write or recycled-buffer tail). buf seq=0 count=1024
[mono_ns=7314059085865070][T0xf90189a0cca0][WARN] copy_aicore_buffer: [chip_swimlane_collector.cpp:689] Core 31: skipped 1024 AICore record slot(s) with start_time=0 (race-window write or recycled-buffer tail). buf seq=0 count=1024
[mono_ns=7314059085900920][T0xf901889ecca0][WARN] copy_aicore_buffer: [chip_swimlane_collector.cpp:689] Core 35: skipped 1024 AICore record slot(s) with start_time=0 (race-window write or recycled-buffer tail). buf seq=0 count=1024
[mono_ns=7314059086185632][T0xf901891fcca0][WARN] copy_aicore_buffer: [chip_swimlane_collector.cpp:689] Core 7: skipped 1024 AICore record slot(s) with start_time=0 (race-window write or recycled-buffer tail). buf seq=0 count=1024
[mono_ns=7314059086187812][T0xf90189a0cca0][WARN] copy_aicore_buffer: [chip_swimlane_collector.cpp:689] Core 6: skipped 1024 AICore record slot(s) with start_time=0 (race-window write or recycled-buffer tail). buf seq=0 count=1024
[mono_ns=7314059086221922][T0xf901889ecca0][WARN] copy_aicore_buffer: [chip_swimlane_collector.cpp:689] Core 8: skipped 1024 AICore record slot(s) with start_time=0 (race-window write or recycled-buffer tail). buf seq=0 count=1024
[mono_ns=7314059086500154][T0xf901891fcca0][WARN] copy_aicore_buffer: [chip_swimlane_collector.cpp:689] Core 38: skipped 1024 AICore record slot(s) with start_time=0 (race-window write or recycled-buffer tail). buf seq=0 count=1024
[mono_ns=7314059086533064][T0xf90189a0cca0][WARN] copy_aicore_buffer: [chip_swimlane_collector.cpp:689] Core 36: skipped 1024 AICore record slot(s) with start_time=0 (race-window write or recycled-buffer tail). buf seq=0 count=1024
[mono_ns=7314059086535314][T0xf901889ecca0][WARN] copy_aicore_buffer: [chip_swimlane_collector.cpp:689] Core 40: skipped 1024 AICore record slot(s) with start_time=0 (race-window write or recycled-buffer tail). buf seq=0 count=1024
[mono_ns=7314059086815506][T0xf901891fcca0][WARN] copy_aicore_buffer: [chip_swimlane_collector.cpp:689] Core 39: skipped 1024 AICore record slot(s) with start_time=0 (race-window write or recycled-buffer tail). buf seq=0 count=1024
[mono_ns=7314059086846426][T0xf90189a0cca0][WARN] copy_aicore_buffer: [chip_swimlane_collector.cpp:689] Core 37: skipped 1024 AICore record slot(s) with start_time=0 (race-window write or recycled-buffer tail). buf seq=0 count=1024
[mono_ns=7314059086849576][T0xf901889ecca0][WARN] copy_aicore_buffer: [chip_swimlane_collector.cpp:689] Core 41: skipped 1024 AICore record slot(s) with start_time=0 (race-window write or recycled-buffer tail). buf seq=0 count=1024
[mono_ns=7314059087139198][T0xf901891fcca0][WARN] copy_aicore_buffer: [chip_swimlane_collector.cpp:689] Core 10: skipped 1024 AICore record slot(s) with start_time=0 (race-window write or recycled-buffer tail). buf seq=0 count=1024
[mono_ns=7314059087172318][T0xf90189a0cca0][WARN] copy_aicore_buffer: [chip_swimlane_collector.cpp:689] Core 9: skipped 1024 AICore record slot(s) with start_time=0 (race-window write or recycled-buffer tail). buf seq=0 count=1024
[mono_ns=7314059087203368][T0xf901889ecca0][WARN] copy_aicore_buffer: [chip_swimlane_collector.cpp:689] Core 11: skipped 1024 AICore record slot(s) with start_time=0 (race-window write or recycled-buffer tail). buf seq=0 count=1024
[mono_ns=7314059087454210][T0xf901891fcca0][WARN] copy_aicore_buffer: [chip_swimlane_collector.cpp:689] Core 44: skipped 1024 AICore record slot(s) with start_time=0 (race-window write or recycled-buffer tail). buf seq=0 count=1024
[mono_ns=7314059087485230][T0xf90189a0cca0][WARN] copy_aicore_buffer: [chip_swimlane_collector.cpp:689] Core 42: skipped 1024 AICore record slot(s) with start_time=0 (race-window write or recycled-buffer tail). buf seq=0 count=1024
[mono_ns=7314059087519580][T0xf901889ecca0][WARN] copy_aicore_buffer: [chip_swimlane_collector.cpp:689] Core 46: skipped 1024 AICore record slot(s) with start_time=0 (race-window write or recycled-buffer tail). buf seq=0 count=1024
[mono_ns=7314059087768632][T0xf901891fcca0][WARN] copy_aicore_buffer: [chip_swimlane_collector.cpp:689] Core 45: skipped 1024 AICore record slot(s) with start_time=0 (race-window write or recycled-buffer tail). buf seq=0 count=1024
[mono_ns=7314059087798462][T0xf90189a0cca0][WARN] copy_aicore_buffer: [chip_swimlane_collector.cpp:689] Core 43: skipped 1024 AICore record slot(s) with start_time=0 (race-window write or recycled-buffer tail). buf seq=0 count=1024
[mono_ns=7314059087833622][T0xf901889ecca0][WARN] copy_aicore_buffer: [chip_swimlane_collector.cpp:689] Core 47: skipped 1024 AICore record slot(s) with start_time=0 (race-window write or recycled-buffer tail). buf seq=0 count=1024
[mono_ns=7314059088088044][T0xf901891fcca0][WARN] copy_aicore_buffer: [chip_swimlane_collector.cpp:689] Core 13: skipped 1024 AICore record slot(s) with start_time=0 (race-window write or recycled-buffer tail). buf seq=0 count=1024
[mono_ns=7314059088142784][T0xf90189a0cca0][WARN] copy_aicore_buffer: [chip_swimlane_collector.cpp:689] Core 12: skipped 1024 AICore record slot(s) with start_time=0 (race-window write or recycled-buffer tail). buf seq=0 count=1024
[mono_ns=7314059088150644][T0xf901889ecca0][WARN] copy_aicore_buffer: [chip_swimlane_collector.cpp:689] Core 14: skipped 1024 AICore record slot(s) with start_time=0 (race-window write or recycled-buffer tail). buf seq=0 count=1024
[mono_ns=7314059088405936][T0xf901891fcca0][WARN] copy_aicore_buffer: [chip_swimlane_collector.cpp:689] Core 50: skipped 1024 AICore record slot(s) with start_time=0 (race-window write or recycled-buffer tail). buf seq=0 count=1024
[mono_ns=7314059088460146][T0xf90189a0cca0][WARN] copy_aicore_buffer: [chip_swimlane_collector.cpp:689] Core 48: skipped 1024 AICore record slot(s) with start_time=0 (race-window write or recycled-buffer tail). buf seq=0 count=1024
[mono_ns=7314059088467796][T0xf901889ecca0][WARN] copy_aicore_buffer: [chip_swimlane_collector.cpp:689] Core 52: skipped 1024 AICore record slot(s) with start_time=0 (race-window write or recycled-buffer tail). buf seq=0 count=1024
[mono_ns=7314059088720358][T0xf901891fcca0][WARN] copy_aicore_buffer: [chip_swimlane_collector.cpp:689] Core 51: skipped 1024 AICore record slot(s) with start_time=0 (race-window write or recycled-buffer tail). buf seq=0 count=1024
[mono_ns=7314059088773518][T0xf90189a0cca0][WARN] copy_aicore_buffer: [chip_swimlane_collector.cpp:689] Core 49: skipped 1024 AICore record slot(s) with start_time=0 (race-window write or recycled-buffer tail). buf seq=0 count=1024
[mono_ns=7314059088779288][T0xf901889ecca0][WARN] copy_aicore_buffer: [chip_swimlane_collector.cpp:689] Core 53: skipped 1024 AICore record slot(s) with start_time=0 (race-window write or recycled-buffer tail). buf seq=0 count=1024
[mono_ns=7314059089055090][T0xf901891fcca0][WARN] copy_aicore_buffer: [chip_swimlane_collector.cpp:689] Core 16: skipped 1024 AICore record slot(s) with start_time=0 (race-window write or recycled-buffer tail). buf seq=0 count=1024
[mono_ns=7314059089096540][T0xf90189a0cca0][WARN] copy_aicore_buffer: [chip_swimlane_collector.cpp:689] Core 15: skipped 1024 AICore record slot(s) with start_time=0 (race-window write or recycled-buffer tail). buf seq=0 count=1024
[mono_ns=7314059089103310][T0xf901889ecca0][WARN] copy_aicore_buffer: [chip_swimlane_collector.cpp:689] Core 17: skipped 1024 AICore record slot(s) with start_time=0 (race-window write or recycled-buffer tail). buf seq=0 count=1024
[mono_ns=7314059089368762][T0xf901891fcca0][WARN] copy_aicore_buffer: [chip_swimlane_collector.cpp:689] Core 56: skipped 1024 AICore record slot(s) with start_time=0 (race-window write or recycled-buffer tail). buf seq=0 count=1024
[mono_ns=7314059089408862][T0xf90189a0cca0][WARN] copy_aicore_buffer: [chip_swimlane_collector.cpp:689] Core 54: skipped 1024 AICore record slot(s) with start_time=0 (race-window write or recycled-buffer tail). buf seq=0 count=1024
[mono_ns=7314059089415092][T0xf901889ecca0][WARN] copy_aicore_buffer: [chip_swimlane_collector.cpp:689] Core 58: skipped 1024 AICore record slot(s) with start_time=0 (race-window write or recycled-buffer tail). buf seq=0 count=1024
[mono_ns=7314059089683504][T0xf901891fcca0][WARN] copy_aicore_buffer: [chip_swimlane_collector.cpp:689] Core 57: skipped 1024 AICore record slot(s) with start_time=0 (race-window write or recycled-buffer tail). buf seq=0 count=1024
[mono_ns=7314059089722264][T0xf90189a0cca0][WARN] copy_aicore_buffer: [chip_swimlane_collector.cpp:689] Core 55: skipped 1024 AICore record slot(s) with start_time=0 (race-window write or recycled-buffer tail). buf seq=0 count=1024
[mono_ns=7314059089729204][T0xf901889ecca0][WARN] copy_aicore_buffer: [chip_swimlane_collector.cpp:689] Core 59: skipped 1024 AICore record slot(s) with start_time=0 (race-window write or recycled-buffer tail). buf seq=0 count=1024
[mono_ns=7314059089998825][T0xf901891fcca0][WARN] copy_aicore_buffer: [chip_swimlane_collector.cpp:689] Core 19: skipped 1024 AICore record slot(s) with start_time=0 (race-window write or recycled-buffer tail). buf seq=0 count=1024
[mono_ns=7314059090041006][T0xf90189a0cca0][WARN] copy_aicore_buffer: [chip_swimlane_collector.cpp:689] Core 18: skipped 1024 AICore record slot(s) with start_time=0 (race-window write or recycled-buffer tail). buf seq=0 count=1024
[mono_ns=7314059090053066][T0xf901889ecca0][WARN] copy_aicore_buffer: [chip_swimlane_collector.cpp:689] Core 20: skipped 1024 AICore record slot(s) with start_time=0 (race-window write or recycled-buffer tail). buf seq=0 count=1024
[mono_ns=7314059090324607][T0xf901891fcca0][WARN] copy_aicore_buffer: [chip_swimlane_collector.cpp:689] Core 62: skipped 1024 AICore record slot(s) with start_time=0 (race-window write or recycled-buffer tail). buf seq=0 count=1024
[mono_ns=7314059090354028][T0xf90189a0cca0][WARN] copy_aicore_buffer: [chip_swimlane_collector.cpp:689] Core 60: skipped 1024 AICore record slot(s) with start_time=0 (race-window write or recycled-buffer tail). buf seq=0 count=1024
[mono_ns=7314059090365508][T0xf901889ecca0][WARN] copy_aicore_buffer: [chip_swimlane_collector.cpp:689] Core 64: skipped 1024 AICore record slot(s) with start_time=0 (race-window write or recycled-buffer tail). buf seq=0 count=1024
[mono_ns=7314059090665650][T0xf90189a0cca0][WARN] copy_aicore_buffer: [chip_swimlane_collector.cpp:689] Core 61: skipped 1024 AICore record slot(s) with start_time=0 (race-window write or recycled-buffer tail). buf seq=0 count=1024
[mono_ns=7314059090681330][T0xf901889ecca0][WARN] copy_aicore_buffer: [chip_swimlane_collector.cpp:689] Core 65: skipped 1024 AICore record slot(s) with start_time=0 (race-window write or recycled-buffer tail). buf seq=0 count=1024
[mono_ns=7314059090681730][T0xf901891fcca0][WARN] copy_aicore_buffer: [chip_swimlane_collector.cpp:689] Core 63: skipped 1024 AICore record slot(s) with start_time=0 (race-window write or recycled-buffer tail). buf seq=0 count=1024
[mono_ns=7314059090978922][T0xf90189a0cca0][WARN] copy_aicore_buffer: [chip_swimlane_collector.cpp:689] Core 21: skipped 1024 AICore record slot(s) with start_time=0 (race-window write or recycled-buffer tail). buf seq=0 count=1024
[mono_ns=7314059090994422][T0xf901891fcca0][WARN] copy_aicore_buffer: [chip_swimlane_collector.cpp:689] Core 22: skipped 1024 AICore record slot(s) with start_time=0 (race-window write or recycled-buffer tail). buf seq=0 count=1024
[mono_ns=7314059090998902][T0xf901889ecca0][WARN] copy_aicore_buffer: [chip_swimlane_collector.cpp:689] Core 23: skipped 1024 AICore record slot(s) with start_time=0 (race-window write or recycled-buffer tail). buf seq=0 count=1024
[mono_ns=7314059091306854][T0xf90189a0cca0][WARN] copy_aicore_buffer: [chip_swimlane_collector.cpp:689] Core 66: skipped 1024 AICore record slot(s) with start_time=0 (race-window write or recycled-buffer tail). buf seq=0 count=1024
[mono_ns=7314059091319734][T0xf901891fcca0][WARN] copy_aicore_buffer: [chip_swimlane_collector.cpp:689] Core 68: skipped 1024 AICore record slot(s) with start_time=0 (race-window write or recycled-buffer tail). buf seq=0 count=1024
[mono_ns=7314059091346634][T0xf901889ecca0][WARN] copy_aicore_buffer: [chip_swimlane_collector.cpp:689] Core 70: skipped 1024 AICore record slot(s) with start_time=0 (race-window write or recycled-buffer tail). buf seq=0 count=1024
[mono_ns=7314059091621296][T0xf90189a0cca0][WARN] copy_aicore_buffer: [chip_swimlane_collector.cpp:689] Core 67: skipped 1024 AICore record slot(s) with start_time=0 (race-window write or recycled-buffer tail). buf seq=0 count=1024
[mono_ns=7314059091634906][T0xf901891fcca0][WARN] copy_aicore_buffer: [chip_swimlane_collector.cpp:689] Core 69: skipped 1024 AICore record slot(s) with start_time=0 (race-window write or recycled-buffer tail). buf seq=0 count=1024
[mono_ns=7314059091662116][T0xf901889ecca0][WARN] copy_aicore_buffer: [chip_swimlane_collector.cpp:689] Core 71: skipped 1024 AICore record slot(s) with start_time=0 (race-window write or recycled-buffer tail). buf seq=0 count=1024
[mono_ns=7314059192138721][T0xf902cbd5b020][TIMING] emit_host_span: [STRACE] v=1 pid=4187412 tid=4187412 inv=12 hid=16640ce8da8c63f2 depth=1 name=chip.run.runner_run ts=7314059081347292 dur=110784029 
[mono_ns=7314059194083983][T0xf902cbd5b020][TIMING] emit_host_span: [STRACE] v=1 pid=4187412 tid=4187412 inv=12 hid=16640ce8da8c63f2 depth=1 name=chip.run.validate ts=7314059192152861 dur=1924632 
[mono_ns=7314059194103624][T0xf902cbd5b020][TIMING] emit_host_span: [STRACE] v=1 pid=4187412 tid=4187412 inv=12 hid=16640ce8da8c63f2 depth=2 name=chip.run.runner_run.device_wall ts=0 dur=2374500 clk=dev
[mono_ns=7314059194108234][T0xf902cbd5b020][TIMING] emit_host_span: [STRACE] v=1 pid=4187412 tid=4187412 inv=12 hid=16640ce8da8c63f2 depth=3 name=chip.run.runner_run.device_wall.preamble ts=0 dur=638060 clk=dev
[mono_ns=7314059194112514][T0xf902cbd5b020][TIMING] emit_host_span: [STRACE] v=1 pid=4187412 tid=4187412 inv=12 hid=16640ce8da8c63f2 depth=3 name=chip.run.runner_run.device_wall.graph_build ts=634180 dur=1730060 clk=dev
[mono_ns=7314059194115944][T0xf902cbd5b020][TIMING] emit_host_span: [STRACE] v=1 pid=4187412 tid=4187412 inv=12 hid=16640ce8da8c63f2 depth=3 name=chip.run.runner_run.device_wall.config_validate ts=634300 dur=780 clk=dev
[mono_ns=7314059194119354][T0xf902cbd5b020][TIMING] emit_host_span: [STRACE] v=1 pid=4187412 tid=4187412 inv=12 hid=16640ce8da8c63f2 depth=3 name=chip.run.runner_run.device_wall.arena_wire ts=635100 dur=260 clk=dev
[mono_ns=7314059194123294][T0xf902cbd5b020][TIMING] emit_host_span: [STRACE] v=1 pid=4187412 tid=4187412 inv=12 hid=16640ce8da8c63f2 depth=3 name=chip.run.runner_run.device_wall.sm_reset ts=635400 dur=520 clk=dev
[mono_ns=7314059194126864][T0xf902cbd5b020][TIMING] emit_host_span: [STRACE] v=1 pid=4187412 tid=4187412 inv=12 hid=16640ce8da8c63f2 depth=3 name=chip.run.runner_run.device_wall.post_orch ts=2364320 dur=9660 clk=dev
[mono_ns=7314059194131394][T0xf902cbd5b020][TIMING] emit_host_span: [STRACE] v=1 pid=4187412 tid=4187412 inv=12 hid=16640ce8da8c63f2 depth=3 name=chip.run.runner_run.device_wall.orch ts=635959 dur=3740 clk=dev
[mono_ns=7314059194137994][T0xf902cbd5b020][TIMING] emit_host_span: [STRACE] v=1 pid=4187412 tid=4187412 inv=12 hid=16640ce8da8c63f2 depth=3 name=chip.run.runner_run.device_wall.sched ts=638220 dur=1708100 clk=dev
[mono_ns=7314059194143394][T0xf902cbd5b020][TIMING] emit_host_span: [STRACE] v=1 pid=4187412 tid=4187412 inv=12 hid=16640ce8da8c63f2 depth=1 name=chip.run.claim_release ts=7314059194140974 dur=630 
[mono_ns=7314059194148834][T0xf902cbd5b020][TIMING] emit_host_span: [STRACE] v=1 pid=4187412 tid=4187412 inv=12 hid=16640ce8da8c63f2 depth=0 name=chip.run ts=7314059078719725 dur=115426939 run_id=12 dispatch_id=12 slot_id=0 generation=12 run_epoch=12
[mono_ns=7314064036185657][T0xf902cbd5b020][TIMING] emit_host_span: [STRACE] v=1 pid=4187412 tid=4187412 inv=13 hid=16640ce8da8c63f2 depth=2 name=chip.run.bind.args ts=7314064032537884 dur=3639113 
[mono_ns=7314064036207377][T0xf902cbd5b020][TIMING] emit_host_span: [STRACE] v=1 pid=4187412 tid=4187412 inv=13 hid=16640ce8da8c63f2 depth=2 name=chip.run.bind.prebuilt ts=7314064036198627 dur=5430 
[mono_ns=7314064036212947][T0xf902cbd5b020][TIMING] emit_host_span: [STRACE] v=1 pid=4187412 tid=4187412 inv=13 hid=16640ce8da8c63f2 depth=1 name=chip.run.bind ts=7314064032524464 dur=3685893 
[mono_ns=7314064140631867][T0xf902cbd5b020][TIMING] emit_host_span: [STRACE] v=1 pid=4187412 tid=4187412 inv=13 hid=16640ce8da8c63f2 depth=1 name=chip.run.runner_run ts=7314064036474619 dur=104142838 
[mono_ns=7314064142472089][T0xf902cbd5b020][TIMING] emit_host_span: [STRACE] v=1 pid=4187412 tid=4187412 inv=13 hid=16640ce8da8c63f2 depth=1 name=chip.run.validate ts=7314064140647867 dur=1817512 
[mono_ns=7314064142496779][T0xf902cbd5b020][TIMING] emit_host_span: [STRACE] v=1 pid=4187412 tid=4187412 inv=13 hid=16640ce8da8c63f2 depth=2 name=chip.run.runner_run.device_wall ts=0 dur=1808740 clk=dev
[mono_ns=7314064142501559][T0xf902cbd5b020][TIMING] emit_host_span: [STRACE] v=1 pid=4187412 tid=4187412 inv=13 hid=16640ce8da8c63f2 depth=3 name=chip.run.runner_run.device_wall.preamble ts=0 dur=5420 clk=dev
[mono_ns=7314064142505919][T0xf902cbd5b020][TIMING] emit_host_span: [STRACE] v=1 pid=4187412 tid=4187412 inv=13 hid=16640ce8da8c63f2 depth=3 name=chip.run.runner_run.device_wall.graph_build ts=1120 dur=1797460 clk=dev
[mono_ns=7314064142509689][T0xf902cbd5b020][TIMING] emit_host_span: [STRACE] v=1 pid=4187412 tid=4187412 inv=13 hid=16640ce8da8c63f2 depth=3 name=chip.run.runner_run.device_wall.config_validate ts=1540 dur=940 clk=dev
[mono_ns=7314064142513199][T0xf902cbd5b020][TIMING] emit_host_span: [STRACE] v=1 pid=4187412 tid=4187412 inv=13 hid=16640ce8da8c63f2 depth=3 name=chip.run.runner_run.device_wall.arena_wire ts=2500 dur=560 clk=dev
[mono_ns=7314064142516499][T0xf902cbd5b020][TIMING] emit_host_span: [STRACE] v=1 pid=4187412 tid=4187412 inv=13 hid=16640ce8da8c63f2 depth=3 name=chip.run.runner_run.device_wall.sm_reset ts=3100 dur=1080 clk=dev
[mono_ns=7314064142521339][T0xf902cbd5b020][TIMING] emit_host_span: [STRACE] v=1 pid=4187412 tid=4187412 inv=13 hid=16640ce8da8c63f2 depth=3 name=chip.run.runner_run.device_wall.post_orch ts=1798640 dur=9900 clk=dev
[mono_ns=7314064142530409][T0xf902cbd5b020][TIMING] emit_host_span: [STRACE] v=1 pid=4187412 tid=4187412 inv=13 hid=16640ce8da8c63f2 depth=3 name=chip.run.runner_run.device_wall.orch ts=4920 dur=7100 clk=dev
[mono_ns=7314064142533989][T0xf902cbd5b020][TIMING] emit_host_span: [STRACE] v=1 pid=4187412 tid=4187412 inv=13 hid=16640ce8da8c63f2 depth=3 name=chip.run.runner_run.device_wall.sched ts=5560 dur=1785399 clk=dev
[mono_ns=7314064142540299][T0xf902cbd5b020][TIMING] emit_host_span: [STRACE] v=1 pid=4187412 tid=4187412 inv=13 hid=16640ce8da8c63f2 depth=1 name=chip.run.claim_release ts=7314064142537559 dur=910 
[mono_ns=7314064142546449][T0xf902cbd5b020][TIMING] emit_host_span: [STRACE] v=1 pid=4187412 tid=4187412 inv=13 hid=16640ce8da8c63f2 depth=0 name=chip.run ts=7314064032471384 dur=110073005 run_id=13 dispatch_id=13 slot_id=0 generation=13 run_epoch=13
[mono_ns=7314064154293692][T0xf902cbd5b020][TIMING] emit_host_span: [STRACE] v=1 pid=4187412 tid=4187412 inv=14 hid=16640ce8da8c63f2 depth=2 name=chip.run.bind.args ts=7314064151928987 dur=2357655 
[mono_ns=7314064154314342][T0xf902cbd5b020][TIMING] emit_host_span: [STRACE] v=1 pid=4187412 tid=4187412 inv=14 hid=16640ce8da8c63f2 depth=2 name=chip.run.bind.prebuilt ts=7314064154306042 dur=4830 
[mono_ns=7314064154319542][T0xf902cbd5b020][TIMING] emit_host_span: [STRACE] v=1 pid=4187412 tid=4187412 inv=14 hid=16640ce8da8c63f2 depth=1 name=chip.run.bind ts=7314064151916207 dur=2400875 
[mono_ns=7314064157451382][T0xf901889ecca0][WARN] copy_aicore_buffer: [chip_swimlane_collector.cpp:689] Core 2: skipped 1024 AICore record slot(s) with start_time=0 (race-window write or recycled-buffer tail). buf seq=0 count=1024
[mono_ns=7314064157462892][T0xf90189a0cca0][WARN] copy_aicore_buffer: [chip_swimlane_collector.cpp:689] Core 0: skipped 1024 AICore record slot(s) with start_time=0 (race-window write or recycled-buffer tail). buf seq=0 count=1024
[mono_ns=7314064157498042][T0xf901891fcca0][WARN] copy_aicore_buffer: [chip_swimlane_collector.cpp:689] Core 1: skipped 1024 AICore record slot(s) with start_time=0 (race-window write or recycled-buffer tail). buf seq=0 count=1024
[mono_ns=7314064157785344][T0xf90189a0cca0][WARN] copy_aicore_buffer: [chip_swimlane_collector.cpp:689] Core 24: skipped 1024 AICore record slot(s) with start_time=0 (race-window write or recycled-buffer tail). buf seq=0 count=1024
[mono_ns=7314064157789234][T0xf901889ecca0][WARN] copy_aicore_buffer: [chip_swimlane_collector.cpp:689] Core 28: skipped 1024 AICore record slot(s) with start_time=0 (race-window write or recycled-buffer tail). buf seq=0 count=1024
[mono_ns=7314064157845034][T0xf901891fcca0][WARN] copy_aicore_buffer: [chip_swimlane_collector.cpp:689] Core 26: skipped 1021 AICore record slot(s) with start_time=0 (race-window write or recycled-buffer tail). buf seq=0 count=1024
[mono_ns=7314064158116366][T0xf90189a0cca0][WARN] copy_aicore_buffer: [chip_swimlane_collector.cpp:689] Core 25: skipped 1024 AICore record slot(s) with start_time=0 (race-window write or recycled-buffer tail). buf seq=0 count=1024
[mono_ns=7314064158117436][T0xf901889ecca0][WARN] copy_aicore_buffer: [chip_swimlane_collector.cpp:689] Core 29: skipped 1024 AICore record slot(s) with start_time=0 (race-window write or recycled-buffer tail). buf seq=0 count=1024
[mono_ns=7314064158197116][T0xf901891fcca0][WARN] copy_aicore_buffer: [chip_swimlane_collector.cpp:689] Core 27: skipped 1022 AICore record slot(s) with start_time=0 (race-window write or recycled-buffer tail). buf seq=0 count=1024
[mono_ns=7314064158432028][T0xf901889ecca0][WARN] copy_aicore_buffer: [chip_swimlane_collector.cpp:689] Core 5: skipped 1024 AICore record slot(s) with start_time=0 (race-window write or recycled-buffer tail). buf seq=0 count=1024
[mono_ns=7314064158433868][T0xf90189a0cca0][WARN] copy_aicore_buffer: [chip_swimlane_collector.cpp:689] Core 3: skipped 1024 AICore record slot(s) with start_time=0 (race-window write or recycled-buffer tail). buf seq=0 count=1024
[mono_ns=7314064158546029][T0xf901891fcca0][WARN] copy_aicore_buffer: [chip_swimlane_collector.cpp:689] Core 4: skipped 1024 AICore record slot(s) with start_time=0 (race-window write or recycled-buffer tail). buf seq=0 count=1024
[mono_ns=7314064158747860][T0xf901889ecca0][WARN] copy_aicore_buffer: [chip_swimlane_collector.cpp:689] Core 34: skipped 1024 AICore record slot(s) with start_time=0 (race-window write or recycled-buffer tail). buf seq=0 count=1024
[mono_ns=7314064158749140][T0xf90189a0cca0][WARN] copy_aicore_buffer: [chip_swimlane_collector.cpp:689] Core 30: skipped 1023 AICore record slot(s) with start_time=0 (race-window write or recycled-buffer tail). buf seq=0 count=1024
[mono_ns=7314064158878191][T0xf901891fcca0][WARN] copy_aicore_buffer: [chip_swimlane_collector.cpp:689] Core 32: skipped 1024 AICore record slot(s) with start_time=0 (race-window write or recycled-buffer tail). buf seq=0 count=1024
[mono_ns=7314064159081292][T0xf90189a0cca0][WARN] copy_aicore_buffer: [chip_swimlane_collector.cpp:689] Core 31: skipped 1024 AICore record slot(s) with start_time=0 (race-window write or recycled-buffer tail). buf seq=0 count=1024
[mono_ns=7314064159121232][T0xf901889ecca0][WARN] copy_aicore_buffer: [chip_swimlane_collector.cpp:689] Core 35: skipped 1024 AICore record slot(s) with start_time=0 (race-window write or recycled-buffer tail). buf seq=0 count=1024
[mono_ns=7314064159220063][T0xf901891fcca0][WARN] copy_aicore_buffer: [chip_swimlane_collector.cpp:689] Core 33: skipped 1024 AICore record slot(s) with start_time=0 (race-window write or recycled-buffer tail). buf seq=0 count=1024
[mono_ns=7314064159434504][T0xf90189a0cca0][WARN] copy_aicore_buffer: [chip_swimlane_collector.cpp:689] Core 6: skipped 1024 AICore record slot(s) with start_time=0 (race-window write or recycled-buffer tail). buf seq=0 count=1024
[mono_ns=7314064159436194][T0xf901889ecca0][WARN] copy_aicore_buffer: [chip_swimlane_collector.cpp:689] Core 8: skipped 1024 AICore record slot(s) with start_time=0 (race-window write or recycled-buffer tail). buf seq=0 count=1024
[mono_ns=7314064159552595][T0xf901891fcca0][WARN] copy_aicore_buffer: [chip_swimlane_collector.cpp:689] Core 7: skipped 1024 AICore record slot(s) with start_time=0 (race-window write or recycled-buffer tail). buf seq=0 count=1024
[mono_ns=7314064159749526][T0xf901889ecca0][WARN] copy_aicore_buffer: [chip_swimlane_collector.cpp:689] Core 40: skipped 1024 AICore record slot(s) with start_time=0 (race-window write or recycled-buffer tail). buf seq=0 count=1024
[mono_ns=7314064159750926][T0xf90189a0cca0][WARN] copy_aicore_buffer: [chip_swimlane_collector.cpp:689] Core 36: skipped 1024 AICore record slot(s) with start_time=0 (race-window write or recycled-buffer tail). buf seq=0 count=1024
[mono_ns=7314064159884747][T0xf901891fcca0][WARN] copy_aicore_buffer: [chip_swimlane_collector.cpp:689] Core 38: skipped 1024 AICore record slot(s) with start_time=0 (race-window write or recycled-buffer tail). buf seq=0 count=1024
[mono_ns=7314064160075928][T0xf90189a0cca0][WARN] copy_aicore_buffer: [chip_swimlane_collector.cpp:689] Core 37: skipped 1024 AICore record slot(s) with start_time=0 (race-window write or recycled-buffer tail). buf seq=0 count=1024
[mono_ns=7314064160076348][T0xf901889ecca0][WARN] copy_aicore_buffer: [chip_swimlane_collector.cpp:689] Core 41: skipped 1024 AICore record slot(s) with start_time=0 (race-window write or recycled-buffer tail). buf seq=0 count=1024
[mono_ns=7314064160291579][T0xf901891fcca0][WARN] copy_aicore_buffer: [chip_swimlane_collector.cpp:689] Core 39: skipped 1024 AICore record slot(s) with start_time=0 (race-window write or recycled-buffer tail). buf seq=0 count=1024
[mono_ns=7314064160390580][T0xf901889ecca0][WARN] copy_aicore_buffer: [chip_swimlane_collector.cpp:689] Core 11: skipped 1024 AICore record slot(s) with start_time=0 (race-window write or recycled-buffer tail). buf seq=0 count=1024
[mono_ns=7314064160392040][T0xf90189a0cca0][WARN] copy_aicore_buffer: [chip_swimlane_collector.cpp:689] Core 9: skipped 1024 AICore record slot(s) with start_time=0 (race-window write or recycled-buffer tail). buf seq=0 count=1024
[mono_ns=7314064160610731][T0xf901891fcca0][WARN] copy_aicore_buffer: [chip_swimlane_collector.cpp:689] Core 10: skipped 1024 AICore record slot(s) with start_time=0 (race-window write or recycled-buffer tail). buf seq=0 count=1024
[mono_ns=7314064160705042][T0xf90189a0cca0][WARN] copy_aicore_buffer: [chip_swimlane_collector.cpp:689] Core 42: skipped 1024 AICore record slot(s) with start_time=0 (race-window write or recycled-buffer tail). buf seq=0 count=1024
[mono_ns=7314064160705822][T0xf901889ecca0][WARN] copy_aicore_buffer: [chip_swimlane_collector.cpp:689] Core 46: skipped 1024 AICore record slot(s) with start_time=0 (race-window write or recycled-buffer tail). buf seq=0 count=1024
[mono_ns=7314064160925333][T0xf901891fcca0][WARN] copy_aicore_buffer: [chip_swimlane_collector.cpp:689] Core 44: skipped 1024 AICore record slot(s) with start_time=0 (race-window write or recycled-buffer tail). buf seq=0 count=1024
[mono_ns=7314064161024994][T0xf90189a0cca0][WARN] copy_aicore_buffer: [chip_swimlane_collector.cpp:689] Core 43: skipped 1024 AICore record slot(s) with start_time=0 (race-window write or recycled-buffer tail). buf seq=0 count=1024
[mono_ns=7314064161057854][T0xf901889ecca0][WARN] copy_aicore_buffer: [chip_swimlane_collector.cpp:689] Core 47: skipped 1024 AICore record slot(s) with start_time=0 (race-window write or recycled-buffer tail). buf seq=0 count=1024
[mono_ns=7314064161248435][T0xf901891fcca0][WARN] copy_aicore_buffer: [chip_swimlane_collector.cpp:689] Core 45: skipped 1024 AICore record slot(s) with start_time=0 (race-window write or recycled-buffer tail). buf seq=0 count=1024
[mono_ns=7314064161339626][T0xf90189a0cca0][WARN] copy_aicore_buffer: [chip_swimlane_collector.cpp:689] Core 12: skipped 1024 AICore record slot(s) with start_time=0 (race-window write or recycled-buffer tail). buf seq=0 count=1024
[mono_ns=7314064161372276][T0xf901889ecca0][WARN] copy_aicore_buffer: [chip_swimlane_collector.cpp:689] Core 14: skipped 1024 AICore record slot(s) with start_time=0 (race-window write or recycled-buffer tail). buf seq=0 count=1024
[mono_ns=7314064161561367][T0xf901891fcca0][WARN] copy_aicore_buffer: [chip_swimlane_collector.cpp:689] Core 13: skipped 1024 AICore record slot(s) with start_time=0 (race-window write or recycled-buffer tail). buf seq=0 count=1024
[mono_ns=7314064161653888][T0xf90189a0cca0][WARN] copy_aicore_buffer: [chip_swimlane_collector.cpp:689] Core 48: skipped 1024 AICore record slot(s) with start_time=0 (race-window write or recycled-buffer tail). buf seq=0 count=1024
[mono_ns=7314064161687518][T0xf901889ecca0][WARN] copy_aicore_buffer: [chip_swimlane_collector.cpp:689] Core 52: skipped 1024 AICore record slot(s) with start_time=0 (race-window write or recycled-buffer tail). buf seq=0 count=1024
[mono_ns=7314064161875149][T0xf901891fcca0][WARN] copy_aicore_buffer: [chip_swimlane_collector.cpp:689] Core 50: skipped 1024 AICore record slot(s) with start_time=0 (race-window write or recycled-buffer tail). buf seq=0 count=1024
[mono_ns=7314064161978680][T0xf90189a0cca0][WARN] copy_aicore_buffer: [chip_swimlane_collector.cpp:689] Core 49: skipped 1024 AICore record slot(s) with start_time=0 (race-window write or recycled-buffer tail). buf seq=0 count=1024
[mono_ns=7314064162014030][T0xf901889ecca0][WARN] copy_aicore_buffer: [chip_swimlane_collector.cpp:689] Core 53: skipped 1024 AICore record slot(s) with start_time=0 (race-window write or recycled-buffer tail). buf seq=0 count=1024
[mono_ns=7314064162201441][T0xf901891fcca0][WARN] copy_aicore_buffer: [chip_swimlane_collector.cpp:689] Core 51: skipped 1024 AICore record slot(s) with start_time=0 (race-window write or recycled-buffer tail). buf seq=0 count=1024
[mono_ns=7314064162307632][T0xf90189a0cca0][WARN] copy_aicore_buffer: [chip_swimlane_collector.cpp:689] Core 15: skipped 1024 AICore record slot(s) with start_time=0 (race-window write or recycled-buffer tail). buf seq=0 count=1024
[mono_ns=7314064162331122][T0xf901889ecca0][WARN] copy_aicore_buffer: [chip_swimlane_collector.cpp:689] Core 17: skipped 1024 AICore record slot(s) with start_time=0 (race-window write or recycled-buffer tail). buf seq=0 count=1024
[mono_ns=7314064162520303][T0xf901891fcca0][WARN] copy_aicore_buffer: [chip_swimlane_collector.cpp:689] Core 16: skipped 1024 AICore record slot(s) with start_time=0 (race-window write or recycled-buffer tail). buf seq=0 count=1024
[mono_ns=7314064162627414][T0xf90189a0cca0][WARN] copy_aicore_buffer: [chip_swimlane_collector.cpp:689] Core 54: skipped 1024 AICore record slot(s) with start_time=0 (race-window write or recycled-buffer tail). buf seq=0 count=1024
[mono_ns=7314064162649544][T0xf901889ecca0][WARN] copy_aicore_buffer: [chip_swimlane_collector.cpp:689] Core 58: skipped 1024 AICore record slot(s) with start_time=0 (race-window write or recycled-buffer tail). buf seq=0 count=1024
[mono_ns=7314064162854015][T0xf901891fcca0][WARN] copy_aicore_buffer: [chip_swimlane_collector.cpp:689] Core 56: skipped 1024 AICore record slot(s) with start_time=0 (race-window write or recycled-buffer tail). buf seq=0 count=1024
[mono_ns=7314064162940956][T0xf90189a0cca0][WARN] copy_aicore_buffer: [chip_swimlane_collector.cpp:689] Core 55: skipped 1024 AICore record slot(s) with start_time=0 (race-window write or recycled-buffer tail). buf seq=0 count=1024
[mono_ns=7314064162963876][T0xf901889ecca0][WARN] copy_aicore_buffer: [chip_swimlane_collector.cpp:689] Core 59: skipped 1024 AICore record slot(s) with start_time=0 (race-window write or recycled-buffer tail). buf seq=0 count=1024
[mono_ns=7314064163209438][T0xf901891fcca0][WARN] copy_aicore_buffer: [chip_swimlane_collector.cpp:689] Core 57: skipped 1024 AICore record slot(s) with start_time=0 (race-window write or recycled-buffer tail). buf seq=0 count=1024
[mono_ns=7314064163269978][T0xf90189a0cca0][WARN] copy_aicore_buffer: [chip_swimlane_collector.cpp:689] Core 18: skipped 1024 AICore record slot(s) with start_time=0 (race-window write or recycled-buffer tail). buf seq=0 count=1024
[mono_ns=7314064163301688][T0xf901889ecca0][WARN] copy_aicore_buffer: [chip_swimlane_collector.cpp:689] Core 20: skipped 1024 AICore record slot(s) with start_time=0 (race-window write or recycled-buffer tail). buf seq=0 count=1024
[mono_ns=7314064163524600][T0xf901891fcca0][WARN] copy_aicore_buffer: [chip_swimlane_collector.cpp:689] Core 19: skipped 1024 AICore record slot(s) with start_time=0 (race-window write or recycled-buffer tail). buf seq=0 count=1024
[mono_ns=7314064163613600][T0xf90189a0cca0][WARN] copy_aicore_buffer: [chip_swimlane_collector.cpp:689] Core 60: skipped 1024 AICore record slot(s) with start_time=0 (race-window write or recycled-buffer tail). buf seq=0 count=1024
[mono_ns=7314064163615620][T0xf901889ecca0][WARN] copy_aicore_buffer: [chip_swimlane_collector.cpp:689] Core 64: skipped 1024 AICore record slot(s) with start_time=0 (race-window write or recycled-buffer tail). buf seq=0 count=1024
[mono_ns=7314064163838492][T0xf901891fcca0][WARN] copy_aicore_buffer: [chip_swimlane_collector.cpp:689] Core 62: skipped 1024 AICore record slot(s) with start_time=0 (race-window write or recycled-buffer tail). buf seq=0 count=1024
[mono_ns=7314064163928802][T0xf901889ecca0][WARN] copy_aicore_buffer: [chip_swimlane_collector.cpp:689] Core 65: skipped 1024 AICore record slot(s) with start_time=0 (race-window write or recycled-buffer tail). buf seq=0 count=1024
[mono_ns=7314064163929832][T0xf90189a0cca0][WARN] copy_aicore_buffer: [chip_swimlane_collector.cpp:689] Core 61: skipped 1024 AICore record slot(s) with start_time=0 (race-window write or recycled-buffer tail). buf seq=0 count=1024
[mono_ns=7314064164160764][T0xf901891fcca0][WARN] copy_aicore_buffer: [chip_swimlane_collector.cpp:689] Core 63: skipped 1024 AICore record slot(s) with start_time=0 (race-window write or recycled-buffer tail). buf seq=0 count=1024
[mono_ns=7314064164255314][T0xf901889ecca0][WARN] copy_aicore_buffer: [chip_swimlane_collector.cpp:689] Core 23: skipped 1024 AICore record slot(s) with start_time=0 (race-window write or recycled-buffer tail). buf seq=0 count=1024
[mono_ns=7314064164258114][T0xf90189a0cca0][WARN] copy_aicore_buffer: [chip_swimlane_collector.cpp:689] Core 21: skipped 1024 AICore record slot(s) with start_time=0 (race-window write or recycled-buffer tail). buf seq=0 count=1024
[mono_ns=7314064164513676][T0xf901891fcca0][WARN] copy_aicore_buffer: [chip_swimlane_collector.cpp:689] Core 22: skipped 1024 AICore record slot(s) with start_time=0 (race-window write or recycled-buffer tail). buf seq=0 count=1024
[mono_ns=7314064164569616][T0xf901889ecca0][WARN] copy_aicore_buffer: [chip_swimlane_collector.cpp:689] Core 70: skipped 1024 AICore record slot(s) with start_time=0 (race-window write or recycled-buffer tail). buf seq=0 count=1024
[mono_ns=7314064164572456][T0xf90189a0cca0][WARN] copy_aicore_buffer: [chip_swimlane_collector.cpp:689] Core 66: skipped 1024 AICore record slot(s) with start_time=0 (race-window write or recycled-buffer tail). buf seq=0 count=1024
[mono_ns=7314064164828008][T0xf901891fcca0][WARN] copy_aicore_buffer: [chip_swimlane_collector.cpp:689] Core 68: skipped 1024 AICore record slot(s) with start_time=0 (race-window write or recycled-buffer tail). buf seq=0 count=1024
[mono_ns=7314064164884628][T0xf901889ecca0][WARN] copy_aicore_buffer: [chip_swimlane_collector.cpp:689] Core 71: skipped 1024 AICore record slot(s) with start_time=0 (race-window write or recycled-buffer tail). buf seq=0 count=1024
[mono_ns=7314064164886228][T0xf90189a0cca0][WARN] copy_aicore_buffer: [chip_swimlane_collector.cpp:689] Core 67: skipped 1024 AICore record slot(s) with start_time=0 (race-window write or recycled-buffer tail). buf seq=0 count=1024
[mono_ns=7314064165183470][T0xf901891fcca0][WARN] copy_aicore_buffer: [chip_swimlane_collector.cpp:689] Core 69: skipped 1024 AICore record slot(s) with start_time=0 (race-window write or recycled-buffer tail). buf seq=0 count=1024
[mono_ns=7314064265716876][T0xf902cbd5b020][TIMING] emit_host_span: [STRACE] v=1 pid=4187412 tid=4187412 inv=14 hid=16640ce8da8c63f2 depth=1 name=chip.run.runner_run ts=7314064154612184 dur=111096572 
[mono_ns=7314064267631278][T0xf902cbd5b020][TIMING] emit_host_span: [STRACE] v=1 pid=4187412 tid=4187412 inv=14 hid=16640ce8da8c63f2 depth=1 name=chip.run.validate ts=7314064265728186 dur=1896052 
[mono_ns=7314064267644778][T0xf902cbd5b020][TIMING] emit_host_span: [STRACE] v=1 pid=4187412 tid=4187412 inv=14 hid=16640ce8da8c63f2 depth=2 name=chip.run.runner_run.device_wall ts=0 dur=2369200 clk=dev
[mono_ns=7314064267650338][T0xf902cbd5b020][TIMING] emit_host_span: [STRACE] v=1 pid=4187412 tid=4187412 inv=14 hid=16640ce8da8c63f2 depth=3 name=chip.run.runner_run.device_wall.preamble ts=0 dur=634820 clk=dev
[mono_ns=7314064267654728][T0xf902cbd5b020][TIMING] emit_host_span: [STRACE] v=1 pid=4187412 tid=4187412 inv=14 hid=16640ce8da8c63f2 depth=3 name=chip.run.runner_run.device_wall.graph_build ts=630280 dur=1728640 clk=dev
[mono_ns=7314064267658278][T0xf902cbd5b020][TIMING] emit_host_span: [STRACE] v=1 pid=4187412 tid=4187412 inv=14 hid=16640ce8da8c63f2 depth=3 name=chip.run.runner_run.device_wall.config_validate ts=630380 dur=799 clk=dev
[mono_ns=7314064267661638][T0xf902cbd5b020][TIMING] emit_host_span: [STRACE] v=1 pid=4187412 tid=4187412 inv=14 hid=16640ce8da8c63f2 depth=3 name=chip.run.runner_run.device_wall.arena_wire ts=631199 dur=420 clk=dev
[mono_ns=7314064267670638][T0xf902cbd5b020][TIMING] emit_host_span: [STRACE] v=1 pid=4187412 tid=4187412 inv=14 hid=16640ce8da8c63f2 depth=3 name=chip.run.runner_run.device_wall.sm_reset ts=631660 dur=580 clk=dev
[mono_ns=7314064267674328][T0xf902cbd5b020][TIMING] emit_host_span: [STRACE] v=1 pid=4187412 tid=4187412 inv=14 hid=16640ce8da8c63f2 depth=3 name=chip.run.runner_run.device_wall.post_orch ts=2358980 dur=10120 clk=dev
[mono_ns=7314064267677648][T0xf902cbd5b020][TIMING] emit_host_span: [STRACE] v=1 pid=4187412 tid=4187412 inv=14 hid=16640ce8da8c63f2 depth=3 name=chip.run.runner_run.device_wall.orch ts=632280 dur=3700 clk=dev
[mono_ns=7314064267681178][T0xf902cbd5b020][TIMING] emit_host_span: [STRACE] v=1 pid=4187412 tid=4187412 inv=14 hid=16640ce8da8c63f2 depth=3 name=chip.run.runner_run.device_wall.sched ts=635000 dur=1706040 clk=dev
[mono_ns=7314064267686588][T0xf902cbd5b020][TIMING] emit_host_span: [STRACE] v=1 pid=4187412 tid=4187412 inv=14 hid=16640ce8da8c63f2 depth=1 name=chip.run.claim_release ts=7314064267684158 dur=620 
[mono_ns=7314064267692708][T0xf902cbd5b020][TIMING] emit_host_span: [STRACE] v=1 pid=4187412 tid=4187412 inv=14 hid=16640ce8da8c63f2 depth=0 name=chip.run ts=7314064151871717 dur=115818981 run_id=14 dispatch_id=14 slot_id=0 generation=14 run_epoch=14
[mono_ns=7314069118779954][T0xf902cbd5b020][TIMING] emit_host_span: [STRACE] v=1 pid=4187412 tid=4187412 inv=15 hid=16640ce8da8c63f2 depth=2 name=chip.run.bind.args ts=7314069116221058 dur=2550076 
[mono_ns=7314069118807674][T0xf902cbd5b020][TIMING] emit_host_span: [STRACE] v=1 pid=4187412 tid=4187412 inv=15 hid=16640ce8da8c63f2 depth=2 name=chip.run.bind.prebuilt ts=7314069118799574 dur=4920 
[mono_ns=7314069118813914][T0xf902cbd5b020][TIMING] emit_host_span: [STRACE] v=1 pid=4187412 tid=4187412 inv=15 hid=16640ce8da8c63f2 depth=1 name=chip.run.bind ts=7314069116208008 dur=2602986 
[mono_ns=7314069223226654][T0xf902cbd5b020][TIMING] emit_host_span: [STRACE] v=1 pid=4187412 tid=4187412 inv=15 hid=16640ce8da8c63f2 depth=1 name=chip.run.runner_run ts=7314069119106736 dur=104110708 
[mono_ns=7314069224997095][T0xf902cbd5b020][TIMING] emit_host_span: [STRACE] v=1 pid=4187412 tid=4187412 inv=15 hid=16640ce8da8c63f2 depth=1 name=chip.run.validate ts=7314069223240254 dur=1750301 
[mono_ns=7314069225033025][T0xf902cbd5b020][TIMING] emit_host_span: [STRACE] v=1 pid=4187412 tid=4187412 inv=15 hid=16640ce8da8c63f2 depth=2 name=chip.run.runner_run.device_wall ts=0 dur=1810120 clk=dev
[mono_ns=7314069225038095][T0xf902cbd5b020][TIMING] emit_host_span: [STRACE] v=1 pid=4187412 tid=4187412 inv=15 hid=16640ce8da8c63f2 depth=3 name=chip.run.runner_run.device_wall.preamble ts=0 dur=8000 clk=dev
[mono_ns=7314069225042465][T0xf902cbd5b020][TIMING] emit_host_span: [STRACE] v=1 pid=4187412 tid=4187412 inv=15 hid=16640ce8da8c63f2 depth=3 name=chip.run.runner_run.device_wall.graph_build ts=2020 dur=1797360 clk=dev
[mono_ns=7314069225046985][T0xf902cbd5b020][TIMING] emit_host_span: [STRACE] v=1 pid=4187412 tid=4187412 inv=15 hid=16640ce8da8c63f2 depth=3 name=chip.run.runner_run.device_wall.config_validate ts=2160 dur=860 clk=dev
[mono_ns=7314069225055725][T0xf902cbd5b020][TIMING] emit_host_span: [STRACE] v=1 pid=4187412 tid=4187412 inv=15 hid=16640ce8da8c63f2 depth=3 name=chip.run.runner_run.device_wall.arena_wire ts=3060 dur=720 clk=dev
[mono_ns=7314069225058836][T0xf902cbd5b020][TIMING] emit_host_span: [STRACE] v=1 pid=4187412 tid=4187412 inv=15 hid=16640ce8da8c63f2 depth=3 name=chip.run.runner_run.device_wall.sm_reset ts=3820 dur=1240 clk=dev
[mono_ns=7314069225061906][T0xf902cbd5b020][TIMING] emit_host_span: [STRACE] v=1 pid=4187412 tid=4187412 inv=15 hid=16640ce8da8c63f2 depth=3 name=chip.run.runner_run.device_wall.post_orch ts=1799419 dur=10520 clk=dev
[mono_ns=7314069225065626][T0xf902cbd5b020][TIMING] emit_host_span: [STRACE] v=1 pid=4187412 tid=4187412 inv=15 hid=16640ce8da8c63f2 depth=3 name=chip.run.runner_run.device_wall.orch ts=5820 dur=9020 clk=dev
[mono_ns=7314069225069206][T0xf902cbd5b020][TIMING] emit_host_span: [STRACE] v=1 pid=4187412 tid=4187412 inv=15 hid=16640ce8da8c63f2 depth=3 name=chip.run.runner_run.device_wall.sched ts=8180 dur=1783600 clk=dev
[mono_ns=7314069225075976][T0xf902cbd5b020][TIMING] emit_host_span: [STRACE] v=1 pid=4187412 tid=4187412 inv=15 hid=16640ce8da8c63f2 depth=1 name=chip.run.claim_release ts=7314069225073156 dur=740 
[mono_ns=7314069225081976][T0xf902cbd5b020][TIMING] emit_host_span: [STRACE] v=1 pid=4187412 tid=4187412 inv=15 hid=16640ce8da8c63f2 depth=0 name=chip.run ts=7314069116139398 dur=108940458 run_id=15 dispatch_id=15 slot_id=0 generation=15 run_epoch=15
[mono_ns=7314069237728674][T0xf902cbd5b020][TIMING] emit_host_span: [STRACE] v=1 pid=4187412 tid=4187412 inv=16 hid=16640ce8da8c63f2 depth=2 name=chip.run.bind.args ts=7314069235405190 dur=2316534 
[mono_ns=7314069237752955][T0xf902cbd5b020][TIMING] emit_host_span: [STRACE] v=1 pid=4187412 tid=4187412 inv=16 hid=16640ce8da8c63f2 depth=2 name=chip.run.bind.prebuilt ts=7314069237745794 dur=4451 
[mono_ns=7314069237758155][T0xf902cbd5b020][TIMING] emit_host_span: [STRACE] v=1 pid=4187412 tid=4187412 inv=16 hid=16640ce8da8c63f2 depth=1 name=chip.run.bind ts=7314069235394000 dur=2362005 
[mono_ns=7314069240932244][T0xf901889ecca0][WARN] copy_aicore_buffer: [chip_swimlane_collector.cpp:689] Core 2: skipped 1024 AICore record slot(s) with start_time=0 (race-window write or recycled-buffer tail). buf seq=0 count=1024
[mono_ns=7314069240972715][T0xf901891fcca0][WARN] copy_aicore_buffer: [chip_swimlane_collector.cpp:689] Core 1: skipped 1024 AICore record slot(s) with start_time=0 (race-window write or recycled-buffer tail). buf seq=0 count=1024
[mono_ns=7314069241109245][T0xf90189a0cca0][WARN] copy_aicore_buffer: [chip_swimlane_collector.cpp:689] Core 0: skipped 1024 AICore record slot(s) with start_time=0 (race-window write or recycled-buffer tail). buf seq=0 count=1024
[mono_ns=7314069241268716][T0xf901889ecca0][WARN] copy_aicore_buffer: [chip_swimlane_collector.cpp:689] Core 28: skipped 1024 AICore record slot(s) with start_time=0 (race-window write or recycled-buffer tail). buf seq=0 count=1024
[mono_ns=7314069241327727][T0xf901891fcca0][WARN] copy_aicore_buffer: [chip_swimlane_collector.cpp:689] Core 26: skipped 1021 AICore record slot(s) with start_time=0 (race-window write or recycled-buffer tail). buf seq=0 count=1024
[mono_ns=7314069241429427][T0xf90189a0cca0][WARN] copy_aicore_buffer: [chip_swimlane_collector.cpp:689] Core 24: skipped 1024 AICore record slot(s) with start_time=0 (race-window write or recycled-buffer tail). buf seq=0 count=1024
[mono_ns=7314069241585218][T0xf901889ecca0][WARN] copy_aicore_buffer: [chip_swimlane_collector.cpp:689] Core 29: skipped 1024 AICore record slot(s) with start_time=0 (race-window write or recycled-buffer tail). buf seq=0 count=1024
[mono_ns=7314069241643589][T0xf901891fcca0][WARN] copy_aicore_buffer: [chip_swimlane_collector.cpp:689] Core 27: skipped 1023 AICore record slot(s) with start_time=0 (race-window write or recycled-buffer tail). buf seq=0 count=1024
[mono_ns=7314069241758709][T0xf90189a0cca0][WARN] copy_aicore_buffer: [chip_swimlane_collector.cpp:689] Core 25: skipped 1024 AICore record slot(s) with start_time=0 (race-window write or recycled-buffer tail). buf seq=0 count=1024
[mono_ns=7314069241901250][T0xf901889ecca0][WARN] copy_aicore_buffer: [chip_swimlane_collector.cpp:689] Core 5: skipped 1024 AICore record slot(s) with start_time=0 (race-window write or recycled-buffer tail). buf seq=0 count=1024
[mono_ns=7314069241957401][T0xf901891fcca0][WARN] copy_aicore_buffer: [chip_swimlane_collector.cpp:689] Core 4: skipped 1024 AICore record slot(s) with start_time=0 (race-window write or recycled-buffer tail). buf seq=0 count=1024
[mono_ns=7314069242082441][T0xf90189a0cca0][WARN] copy_aicore_buffer: [chip_swimlane_collector.cpp:689] Core 3: skipped 1024 AICore record slot(s) with start_time=0 (race-window write or recycled-buffer tail). buf seq=0 count=1024
[mono_ns=7314069242230922][T0xf901889ecca0][WARN] copy_aicore_buffer: [chip_swimlane_collector.cpp:689] Core 34: skipped 1024 AICore record slot(s) with start_time=0 (race-window write or recycled-buffer tail). buf seq=0 count=1024
[mono_ns=7314069242286893][T0xf901891fcca0][WARN] copy_aicore_buffer: [chip_swimlane_collector.cpp:689] Core 32: skipped 1024 AICore record slot(s) with start_time=0 (race-window write or recycled-buffer tail). buf seq=0 count=1024
[mono_ns=7314069242398613][T0xf90189a0cca0][WARN] copy_aicore_buffer: [chip_swimlane_collector.cpp:689] Core 30: skipped 1023 AICore record slot(s) with start_time=0 (race-window write or recycled-buffer tail). buf seq=0 count=1024
[mono_ns=7314069242599965][T0xf901891fcca0][WARN] copy_aicore_buffer: [chip_swimlane_collector.cpp:689] Core 33: skipped 1024 AICore record slot(s) with start_time=0 (race-window write or recycled-buffer tail). buf seq=0 count=1024
[mono_ns=7314069242599735][T0xf901889ecca0][WARN] copy_aicore_buffer: [chip_swimlane_collector.cpp:689] Core 35: skipped 1023 AICore record slot(s) with start_time=0 (race-window write or recycled-buffer tail). buf seq=0 count=1024
[mono_ns=7314069242713345][T0xf90189a0cca0][WARN] copy_aicore_buffer: [chip_swimlane_collector.cpp:689] Core 31: skipped 1024 AICore record slot(s) with start_time=0 (race-window write or recycled-buffer tail). buf seq=0 count=1024
[mono_ns=7314069242913927][T0xf901891fcca0][WARN] copy_aicore_buffer: [chip_swimlane_collector.cpp:689] Core 7: skipped 1024 AICore record slot(s) with start_time=0 (race-window write or recycled-buffer tail). buf seq=0 count=1024
[mono_ns=7314069242915917][T0xf901889ecca0][WARN] copy_aicore_buffer: [chip_swimlane_collector.cpp:689] Core 8: skipped 1024 AICore record slot(s) with start_time=0 (race-window write or recycled-buffer tail). buf seq=0 count=1024
[mono_ns=7314069243035857][T0xf90189a0cca0][WARN] copy_aicore_buffer: [chip_swimlane_collector.cpp:689] Core 6: skipped 1024 AICore record slot(s) with start_time=0 (race-window write or recycled-buffer tail). buf seq=0 count=1024
[mono_ns=7314069243236369][T0xf901891fcca0][WARN] copy_aicore_buffer: [chip_swimlane_collector.cpp:689] Core 38: skipped 1024 AICore record slot(s) with start_time=0 (race-window write or recycled-buffer tail). buf seq=0 count=1024
[mono_ns=7314069243237599][T0xf901889ecca0][WARN] copy_aicore_buffer: [chip_swimlane_collector.cpp:689] Core 40: skipped 1024 AICore record slot(s) with start_time=0 (race-window write or recycled-buffer tail). buf seq=0 count=1024
[mono_ns=7314069243387400][T0xf90189a0cca0][WARN] copy_aicore_buffer: [chip_swimlane_collector.cpp:689] Core 36: skipped 1024 AICore record slot(s) with start_time=0 (race-window write or recycled-buffer tail). buf seq=0 count=1024
[mono_ns=7314069243551181][T0xf901891fcca0][WARN] copy_aicore_buffer: [chip_swimlane_collector.cpp:689] Core 39: skipped 1024 AICore record slot(s) with start_time=0 (race-window write or recycled-buffer tail). buf seq=0 count=1024
[mono_ns=7314069243552181][T0xf901889ecca0][WARN] copy_aicore_buffer: [chip_swimlane_collector.cpp:689] Core 41: skipped 1024 AICore record slot(s) with start_time=0 (race-window write or recycled-buffer tail). buf seq=0 count=1024
[mono_ns=7314069243702092][T0xf90189a0cca0][WARN] copy_aicore_buffer: [chip_swimlane_collector.cpp:689] Core 37: skipped 1024 AICore record slot(s) with start_time=0 (race-window write or recycled-buffer tail). buf seq=0 count=1024
[mono_ns=7314069243865293][T0xf901889ecca0][WARN] copy_aicore_buffer: [chip_swimlane_collector.cpp:689] Core 11: skipped 1024 AICore record slot(s) with start_time=0 (race-window write or recycled-buffer tail). buf seq=0 count=1024
[mono_ns=7314069243866573][T0xf901891fcca0][WARN] copy_aicore_buffer: [chip_swimlane_collector.cpp:689] Core 10: skipped 1024 AICore record slot(s) with start_time=0 (race-window write or recycled-buffer tail). buf seq=0 count=1024
[mono_ns=7314069244021264][T0xf90189a0cca0][WARN] copy_aicore_buffer: [chip_swimlane_collector.cpp:689] Core 9: skipped 1024 AICore record slot(s) with start_time=0 (race-window write or recycled-buffer tail). buf seq=0 count=1024
[mono_ns=7314069244184505][T0xf901889ecca0][WARN] copy_aicore_buffer: [chip_swimlane_collector.cpp:689] Core 46: skipped 1024 AICore record slot(s) with start_time=0 (race-window write or recycled-buffer tail). buf seq=0 count=1024
[mono_ns=7314069244227815][T0xf901891fcca0][WARN] copy_aicore_buffer: [chip_swimlane_collector.cpp:689] Core 44: skipped 1024 AICore record slot(s) with start_time=0 (race-window write or recycled-buffer tail). buf seq=0 count=1024
[mono_ns=7314069244336365][T0xf90189a0cca0][WARN] copy_aicore_buffer: [chip_swimlane_collector.cpp:689] Core 42: skipped 1024 AICore record slot(s) with start_time=0 (race-window write or recycled-buffer tail). buf seq=0 count=1024
[mono_ns=7314069244499947][T0xf901889ecca0][WARN] copy_aicore_buffer: [chip_swimlane_collector.cpp:689] Core 47: skipped 1024 AICore record slot(s) with start_time=0 (race-window write or recycled-buffer tail). buf seq=0 count=1024
[mono_ns=7314069244541837][T0xf901891fcca0][WARN] copy_aicore_buffer: [chip_swimlane_collector.cpp:689] Core 45: skipped 1024 AICore record slot(s) with start_time=0 (race-window write or recycled-buffer tail). buf seq=0 count=1024
[mono_ns=7314069244650227][T0xf90189a0cca0][WARN] copy_aicore_buffer: [chip_swimlane_collector.cpp:689] Core 43: skipped 1024 AICore record slot(s) with start_time=0 (race-window write or recycled-buffer tail). buf seq=0 count=1024
[mono_ns=7314069244814148][T0xf901889ecca0][WARN] copy_aicore_buffer: [chip_swimlane_collector.cpp:689] Core 14: skipped 1024 AICore record slot(s) with start_time=0 (race-window write or recycled-buffer tail). buf seq=0 count=1024
[mono_ns=7314069244856579][T0xf901891fcca0][WARN] copy_aicore_buffer: [chip_swimlane_collector.cpp:689] Core 13: skipped 1024 AICore record slot(s) with start_time=0 (race-window write or recycled-buffer tail). buf seq=0 count=1024
[mono_ns=7314069244964689][T0xf90189a0cca0][WARN] copy_aicore_buffer: [chip_swimlane_collector.cpp:689] Core 12: skipped 1024 AICore record slot(s) with start_time=0 (race-window write or recycled-buffer tail). buf seq=0 count=1024
[mono_ns=7314069245145671][T0xf901889ecca0][WARN] copy_aicore_buffer: [chip_swimlane_collector.cpp:689] Core 52: skipped 1024 AICore record slot(s) with start_time=0 (race-window write or recycled-buffer tail). buf seq=0 count=1024
[mono_ns=7314069245176191][T0xf901891fcca0][WARN] copy_aicore_buffer: [chip_swimlane_collector.cpp:689] Core 50: skipped 1024 AICore record slot(s) with start_time=0 (race-window write or recycled-buffer tail). buf seq=0 count=1024
[mono_ns=7314069245285491][T0xf90189a0cca0][WARN] copy_aicore_buffer: [chip_swimlane_collector.cpp:689] Core 48: skipped 1024 AICore record slot(s) with start_time=0 (race-window write or recycled-buffer tail). buf seq=0 count=1024
[mono_ns=7314069245459722][T0xf901889ecca0][WARN] copy_aicore_buffer: [chip_swimlane_collector.cpp:689] Core 53: skipped 1024 AICore record slot(s) with start_time=0 (race-window write or recycled-buffer tail). buf seq=0 count=1024
[mono_ns=7314069245490043][T0xf901891fcca0][WARN] copy_aicore_buffer: [chip_swimlane_collector.cpp:689] Core 51: skipped 1024 AICore record slot(s) with start_time=0 (race-window write or recycled-buffer tail). buf seq=0 count=1024
[mono_ns=7314069245599923][T0xf90189a0cca0][WARN] copy_aicore_buffer: [chip_swimlane_collector.cpp:689] Core 49: skipped 1024 AICore record slot(s) with start_time=0 (race-window write or recycled-buffer tail). buf seq=0 count=1024
[mono_ns=7314069245774804][T0xf901889ecca0][WARN] copy_aicore_buffer: [chip_swimlane_collector.cpp:689] Core 17: skipped 1024 AICore record slot(s) with start_time=0 (race-window write or recycled-buffer tail). buf seq=0 count=1024
[mono_ns=7314069245829525][T0xf901891fcca0][WARN] copy_aicore_buffer: [chip_swimlane_collector.cpp:689] Core 16: skipped 1024 AICore record slot(s) with start_time=0 (race-window write or recycled-buffer tail). buf seq=0 count=1024
[mono_ns=7314069245914705][T0xf90189a0cca0][WARN] copy_aicore_buffer: [chip_swimlane_collector.cpp:689] Core 15: skipped 1024 AICore record slot(s) with start_time=0 (race-window write or recycled-buffer tail). buf seq=0 count=1024
[mono_ns=7314069246098916][T0xf901889ecca0][WARN] copy_aicore_buffer: [chip_swimlane_collector.cpp:689] Core 58: skipped 1024 AICore record slot(s) with start_time=0 (race-window write or recycled-buffer tail). buf seq=0 count=1024
[mono_ns=7314069246154367][T0xf901891fcca0][WARN] copy_aicore_buffer: [chip_swimlane_collector.cpp:689] Core 56: skipped 1024 AICore record slot(s) with start_time=0 (race-window write or recycled-buffer tail). buf seq=0 count=1024
[mono_ns=7314069246239977][T0xf90189a0cca0][WARN] copy_aicore_buffer: [chip_swimlane_collector.cpp:689] Core 54: skipped 1024 AICore record slot(s) with start_time=0 (race-window write or recycled-buffer tail). buf seq=0 count=1024
[mono_ns=7314069246413778][T0xf901889ecca0][WARN] copy_aicore_buffer: [chip_swimlane_collector.cpp:689] Core 59: skipped 1024 AICore record slot(s) with start_time=0 (race-window write or recycled-buffer tail). buf seq=0 count=1024
[mono_ns=7314069246468059][T0xf901891fcca0][WARN] copy_aicore_buffer: [chip_swimlane_collector.cpp:689] Core 57: skipped 1024 AICore record slot(s) with start_time=0 (race-window write or recycled-buffer tail). buf seq=0 count=1024
[mono_ns=7314069246553639][T0xf90189a0cca0][WARN] copy_aicore_buffer: [chip_swimlane_collector.cpp:689] Core 55: skipped 1024 AICore record slot(s) with start_time=0 (race-window write or recycled-buffer tail). buf seq=0 count=1024
[mono_ns=7314069246756191][T0xf901889ecca0][WARN] copy_aicore_buffer: [chip_swimlane_collector.cpp:689] Core 20: skipped 1024 AICore record slot(s) with start_time=0 (race-window write or recycled-buffer tail). buf seq=0 count=1024
[mono_ns=7314069246781571][T0xf901891fcca0][WARN] copy_aicore_buffer: [chip_swimlane_collector.cpp:689] Core 19: skipped 1024 AICore record slot(s) with start_time=0 (race-window write or recycled-buffer tail). buf seq=0 count=1024
[mono_ns=7314069246868001][T0xf90189a0cca0][WARN] copy_aicore_buffer: [chip_swimlane_collector.cpp:689] Core 18: skipped 1024 AICore record slot(s) with start_time=0 (race-window write or recycled-buffer tail). buf seq=0 count=1024
[mono_ns=7314069247078643][T0xf901889ecca0][WARN] copy_aicore_buffer: [chip_swimlane_collector.cpp:689] Core 64: skipped 1024 AICore record slot(s) with start_time=0 (race-window write or recycled-buffer tail). buf seq=0 count=1024
[mono_ns=7314069247101193][T0xf901891fcca0][WARN] copy_aicore_buffer: [chip_swimlane_collector.cpp:689] Core 62: skipped 1024 AICore record slot(s) with start_time=0 (race-window write or recycled-buffer tail). buf seq=0 count=1024
[mono_ns=7314069247189713][T0xf90189a0cca0][WARN] copy_aicore_buffer: [chip_swimlane_collector.cpp:689] Core 60: skipped 1024 AICore record slot(s) with start_time=0 (race-window write or recycled-buffer tail). buf seq=0 count=1024
[mono_ns=7314069247393565][T0xf901889ecca0][WARN] copy_aicore_buffer: [chip_swimlane_collector.cpp:689] Core 65: skipped 1024 AICore record slot(s) with start_time=0 (race-window write or recycled-buffer tail). buf seq=0 count=1024
[mono_ns=7314069247414585][T0xf901891fcca0][WARN] copy_aicore_buffer: [chip_swimlane_collector.cpp:689] Core 63: skipped 1024 AICore record slot(s) with start_time=0 (race-window write or recycled-buffer tail). buf seq=0 count=1024
[mono_ns=7314069247520105][T0xf90189a0cca0][WARN] copy_aicore_buffer: [chip_swimlane_collector.cpp:689] Core 61: skipped 1024 AICore record slot(s) with start_time=0 (race-window write or recycled-buffer tail). buf seq=0 count=1024
[mono_ns=7314069247708146][T0xf901889ecca0][WARN] copy_aicore_buffer: [chip_swimlane_collector.cpp:689] Core 23: skipped 1024 AICore record slot(s) with start_time=0 (race-window write or recycled-buffer tail). buf seq=0 count=1024
[mono_ns=7314069247728287][T0xf901891fcca0][WARN] copy_aicore_buffer: [chip_swimlane_collector.cpp:689] Core 22: skipped 1024 AICore record slot(s) with start_time=0 (race-window write or recycled-buffer tail). buf seq=0 count=1024
[mono_ns=7314069247834007][T0xf90189a0cca0][WARN] copy_aicore_buffer: [chip_swimlane_collector.cpp:689] Core 21: skipped 1024 AICore record slot(s) with start_time=0 (race-window write or recycled-buffer tail). buf seq=0 count=1024
[mono_ns=7314069248029818][T0xf901889ecca0][WARN] copy_aicore_buffer: [chip_swimlane_collector.cpp:689] Core 70: skipped 1024 AICore record slot(s) with start_time=0 (race-window write or recycled-buffer tail). buf seq=0 count=1024
[mono_ns=7314069248050439][T0xf901891fcca0][WARN] copy_aicore_buffer: [chip_swimlane_collector.cpp:689] Core 68: skipped 1024 AICore record slot(s) with start_time=0 (race-window write or recycled-buffer tail). buf seq=0 count=1024
[mono_ns=7314069248161119][T0xf90189a0cca0][WARN] copy_aicore_buffer: [chip_swimlane_collector.cpp:689] Core 66: skipped 1024 AICore record slot(s) with start_time=0 (race-window write or recycled-buffer tail). buf seq=0 count=1024
[mono_ns=7314069248344960][T0xf901889ecca0][WARN] copy_aicore_buffer: [chip_swimlane_collector.cpp:689] Core 71: skipped 1024 AICore record slot(s) with start_time=0 (race-window write or recycled-buffer tail). buf seq=0 count=1024
[mono_ns=7314069248422841][T0xf901891fcca0][WARN] copy_aicore_buffer: [chip_swimlane_collector.cpp:689] Core 69: skipped 1024 AICore record slot(s) with start_time=0 (race-window write or recycled-buffer tail). buf seq=0 count=1024
[mono_ns=7314069248476091][T0xf90189a0cca0][WARN] copy_aicore_buffer: [chip_swimlane_collector.cpp:689] Core 67: skipped 1024 AICore record slot(s) with start_time=0 (race-window write or recycled-buffer tail). buf seq=0 count=1024
[mono_ns=7314069348967727][T0xf902cbd5b020][TIMING] emit_host_span: [STRACE] v=1 pid=4187412 tid=4187412 inv=16 hid=16640ce8da8c63f2 depth=1 name=chip.run.runner_run ts=7314069238071617 dur=110890150 
[mono_ns=7314069350873889][T0xf902cbd5b020][TIMING] emit_host_span: [STRACE] v=1 pid=4187412 tid=4187412 inv=16 hid=16640ce8da8c63f2 depth=1 name=chip.run.validate ts=7314069348978927 dur=1889662 
[mono_ns=7314069350885479][T0xf902cbd5b020][TIMING] emit_host_span: [STRACE] v=1 pid=4187412 tid=4187412 inv=16 hid=16640ce8da8c63f2 depth=2 name=chip.run.runner_run.device_wall ts=0 dur=2380580 clk=dev
[mono_ns=7314069350894799][T0xf902cbd5b020][TIMING] emit_host_span: [STRACE] v=1 pid=4187412 tid=4187412 inv=16 hid=16640ce8da8c63f2 depth=3 name=chip.run.runner_run.device_wall.preamble ts=0 dur=642200 clk=dev
[mono_ns=7314069350899659][T0xf902cbd5b020][TIMING] emit_host_span: [STRACE] v=1 pid=4187412 tid=4187412 inv=16 hid=16640ce8da8c63f2 depth=3 name=chip.run.runner_run.device_wall.graph_build ts=636760 dur=1733699 clk=dev
[mono_ns=7314069350902919][T0xf902cbd5b020][TIMING] emit_host_span: [STRACE] v=1 pid=4187412 tid=4187412 inv=16 hid=16640ce8da8c63f2 depth=3 name=chip.run.runner_run.device_wall.config_validate ts=636839 dur=799 clk=dev
[mono_ns=7314069350905989][T0xf902cbd5b020][TIMING] emit_host_span: [STRACE] v=1 pid=4187412 tid=4187412 inv=16 hid=16640ce8da8c63f2 depth=3 name=chip.run.runner_run.device_wall.arena_wire ts=637660 dur=440 clk=dev
[mono_ns=7314069350908919][T0xf902cbd5b020][TIMING] emit_host_span: [STRACE] v=1 pid=4187412 tid=4187412 inv=16 hid=16640ce8da8c63f2 depth=3 name=chip.run.runner_run.device_wall.sm_reset ts=638120 dur=600 clk=dev
[mono_ns=7314069350911899][T0xf902cbd5b020][TIMING] emit_host_span: [STRACE] v=1 pid=4187412 tid=4187412 inv=16 hid=16640ce8da8c63f2 depth=3 name=chip.run.runner_run.device_wall.post_orch ts=2370500 dur=9840 clk=dev
[mono_ns=7314069350916169][T0xf902cbd5b020][TIMING] emit_host_span: [STRACE] v=1 pid=4187412 tid=4187412 inv=16 hid=16640ce8da8c63f2 depth=3 name=chip.run.runner_run.device_wall.orch ts=638760 dur=3840 clk=dev
[mono_ns=7314069350919469][T0xf902cbd5b020][TIMING] emit_host_span: [STRACE] v=1 pid=4187412 tid=4187412 inv=16 hid=16640ce8da8c63f2 depth=3 name=chip.run.runner_run.device_wall.sched ts=642340 dur=1709820 clk=dev
[mono_ns=7314069350926289][T0xf902cbd5b020][TIMING] emit_host_span: [STRACE] v=1 pid=4187412 tid=4187412 inv=16 hid=16640ce8da8c63f2 depth=1 name=chip.run.claim_release ts=7314069350923989 dur=440 
[mono_ns=7314069350931419][T0xf902cbd5b020][TIMING] emit_host_span: [STRACE] v=1 pid=4187412 tid=4187412 inv=16 hid=16640ce8da8c63f2 depth=0 name=chip.run ts=7314069235354140 dur=115575229 run_id=16 dispatch_id=16 slot_id=0 generation=16 run_epoch=16
[mono_ns=7314074212881599][T0xf902cbd5b020][TIMING] emit_host_span: [STRACE] v=1 pid=4187412 tid=4187412 inv=17 hid=16640ce8da8c63f2 depth=2 name=chip.run.bind.args ts=7314074210508374 dur=2365895 
[mono_ns=7314074212907639][T0xf902cbd5b020][TIMING] emit_host_span: [STRACE] v=1 pid=4187412 tid=4187412 inv=17 hid=16640ce8da8c63f2 depth=2 name=chip.run.bind.prebuilt ts=7314074212899739 dur=5260 
[mono_ns=7314074212912519][T0xf902cbd5b020][TIMING] emit_host_span: [STRACE] v=1 pid=4187412 tid=4187412 inv=17 hid=16640ce8da8c63f2 depth=1 name=chip.run.bind ts=7314074210496464 dur=2413375 
[mono_ns=7314074317169418][T0xf902cbd5b020][TIMING] emit_host_span: [STRACE] v=1 pid=4187412 tid=4187412 inv=17 hid=16640ce8da8c63f2 depth=1 name=chip.run.runner_run ts=7314074213191151 dur=103968647 
[mono_ns=7314074319142860][T0xf902cbd5b020][TIMING] emit_host_span: [STRACE] v=1 pid=4187412 tid=4187412 inv=17 hid=16640ce8da8c63f2 depth=1 name=chip.run.validate ts=7314074317182828 dur=1951792 
[mono_ns=7314074319153960][T0xf902cbd5b020][TIMING] emit_host_span: [STRACE] v=1 pid=4187412 tid=4187412 inv=17 hid=16640ce8da8c63f2 depth=2 name=chip.run.runner_run.device_wall ts=0 dur=1792280 clk=dev
[mono_ns=7314074319164800][T0xf902cbd5b020][TIMING] emit_host_span: [STRACE] v=1 pid=4187412 tid=4187412 inv=17 hid=16640ce8da8c63f2 depth=3 name=chip.run.runner_run.device_wall.preamble ts=0 dur=5420 clk=dev
[mono_ns=7314074319168540][T0xf902cbd5b020][TIMING] emit_host_span: [STRACE] v=1 pid=4187412 tid=4187412 inv=17 hid=16640ce8da8c63f2 depth=3 name=chip.run.runner_run.device_wall.graph_build ts=1380 dur=1779520 clk=dev
[mono_ns=7314074319172020][T0xf902cbd5b020][TIMING] emit_host_span: [STRACE] v=1 pid=4187412 tid=4187412 inv=17 hid=16640ce8da8c63f2 depth=3 name=chip.run.runner_run.device_wall.config_validate ts=1500 dur=840 clk=dev
[mono_ns=7314074319175200][T0xf902cbd5b020][TIMING] emit_host_span: [STRACE] v=1 pid=4187412 tid=4187412 inv=17 hid=16640ce8da8c63f2 depth=3 name=chip.run.runner_run.device_wall.arena_wire ts=2360 dur=480 clk=dev
[mono_ns=7314074319178500][T0xf902cbd5b020][TIMING] emit_host_span: [STRACE] v=1 pid=4187412 tid=4187412 inv=17 hid=16640ce8da8c63f2 depth=3 name=chip.run.runner_run.device_wall.sm_reset ts=2860 dur=1420 clk=dev
[mono_ns=7314074319181570][T0xf902cbd5b020][TIMING] emit_host_span: [STRACE] v=1 pid=4187412 tid=4187412 inv=17 hid=16640ce8da8c63f2 depth=3 name=chip.run.runner_run.device_wall.post_orch ts=1781159 dur=10980 clk=dev
[mono_ns=7314074319184510][T0xf902cbd5b020][TIMING] emit_host_span: [STRACE] v=1 pid=4187412 tid=4187412 inv=17 hid=16640ce8da8c63f2 depth=3 name=chip.run.runner_run.device_wall.orch ts=4940 dur=6960 clk=dev
[mono_ns=7314074319188240][T0xf902cbd5b020][TIMING] emit_host_span: [STRACE] v=1 pid=4187412 tid=4187412 inv=17 hid=16640ce8da8c63f2 depth=3 name=chip.run.runner_run.device_wall.sched ts=5540 dur=1768040 clk=dev
[mono_ns=7314074319195960][T0xf902cbd5b020][TIMING] emit_host_span: [STRACE] v=1 pid=4187412 tid=4187412 inv=17 hid=16640ce8da8c63f2 depth=1 name=chip.run.claim_release ts=7314074319193170 dur=910 
[mono_ns=7314074319201350][T0xf902cbd5b020][TIMING] emit_host_span: [STRACE] v=1 pid=4187412 tid=4187412 inv=17 hid=16640ce8da8c63f2 depth=0 name=chip.run ts=7314074210432653 dur=108766577 run_id=17 dispatch_id=17 slot_id=0 generation=17 run_epoch=17
[mono_ns=7314074330480851][T0xf902cbd5b020][TIMING] emit_host_span: [STRACE] v=1 pid=4187412 tid=4187412 inv=18 hid=16640ce8da8c63f2 depth=2 name=chip.run.bind.args ts=7314074328193916 dur=2280175 
[mono_ns=7314074330495781][T0xf902cbd5b020][TIMING] emit_host_span: [STRACE] v=1 pid=4187412 tid=4187412 inv=18 hid=16640ce8da8c63f2 depth=2 name=chip.run.bind.prebuilt ts=7314074330489991 dur=3230 
[mono_ns=7314074330500511][T0xf902cbd5b020][TIMING] emit_host_span: [STRACE] v=1 pid=4187412 tid=4187412 inv=18 hid=16640ce8da8c63f2 depth=1 name=chip.run.bind ts=7314074328183706 dur=2314555 
[mono_ns=7314074333637790][T0xf901891fcca0][WARN] copy_aicore_buffer: [chip_swimlane_collector.cpp:689] Core 1: skipped 1024 AICore record slot(s) with start_time=0 (race-window write or recycled-buffer tail). buf seq=0 count=1024
[mono_ns=7314074333639020][T0xf90189a0cca0][WARN] copy_aicore_buffer: [chip_swimlane_collector.cpp:689] Core 0: skipped 1024 AICore record slot(s) with start_time=0 (race-window write or recycled-buffer tail). buf seq=0 count=1024
[mono_ns=7314074333666970][T0xf901889ecca0][WARN] copy_aicore_buffer: [chip_swimlane_collector.cpp:689] Core 2: skipped 1024 AICore record slot(s) with start_time=0 (race-window write or recycled-buffer tail). buf seq=0 count=1024
[mono_ns=7314074333975522][T0xf901891fcca0][WARN] copy_aicore_buffer: [chip_swimlane_collector.cpp:689] Core 26: skipped 1022 AICore record slot(s) with start_time=0 (race-window write or recycled-buffer tail). buf seq=0 count=1024
[mono_ns=7314074334051213][T0xf90189a0cca0][WARN] copy_aicore_buffer: [chip_swimlane_collector.cpp:689] Core 24: skipped 1023 AICore record slot(s) with start_time=0 (race-window write or recycled-buffer tail). buf seq=0 count=1024
[mono_ns=7314074334069663][T0xf901889ecca0][WARN] copy_aicore_buffer: [chip_swimlane_collector.cpp:689] Core 28: skipped 1024 AICore record slot(s) with start_time=0 (race-window write or recycled-buffer tail). buf seq=0 count=1024
[mono_ns=7314074334310854][T0xf901891fcca0][WARN] copy_aicore_buffer: [chip_swimlane_collector.cpp:689] Core 27: skipped 1023 AICore record slot(s) with start_time=0 (race-window write or recycled-buffer tail). buf seq=0 count=1024
[mono_ns=7314074334371525][T0xf90189a0cca0][WARN] copy_aicore_buffer: [chip_swimlane_collector.cpp:689] Core 25: skipped 1024 AICore record slot(s) with start_time=0 (race-window write or recycled-buffer tail). buf seq=0 count=1024
[mono_ns=7314074334389935][T0xf901889ecca0][WARN] copy_aicore_buffer: [chip_swimlane_collector.cpp:689] Core 29: skipped 1024 AICore record slot(s) with start_time=0 (race-window write or recycled-buffer tail). buf seq=0 count=1024
[mono_ns=7314074334628716][T0xf901891fcca0][WARN] copy_aicore_buffer: [chip_swimlane_collector.cpp:689] Core 4: skipped 1024 AICore record slot(s) with start_time=0 (race-window write or recycled-buffer tail). buf seq=0 count=1024
[mono_ns=7314074334690447][T0xf90189a0cca0][WARN] copy_aicore_buffer: [chip_swimlane_collector.cpp:689] Core 3: skipped 1024 AICore record slot(s) with start_time=0 (race-window write or recycled-buffer tail). buf seq=0 count=1024
[mono_ns=7314074334708357][T0xf901889ecca0][WARN] copy_aicore_buffer: [chip_swimlane_collector.cpp:689] Core 5: skipped 1024 AICore record slot(s) with start_time=0 (race-window write or recycled-buffer tail). buf seq=0 count=1024
[mono_ns=7314074334989519][T0xf901891fcca0][WARN] copy_aicore_buffer: [chip_swimlane_collector.cpp:689] Core 32: skipped 1024 AICore record slot(s) with start_time=0 (race-window write or recycled-buffer tail). buf seq=0 count=1024
[mono_ns=7314074335019389][T0xf90189a0cca0][WARN] copy_aicore_buffer: [chip_swimlane_collector.cpp:689] Core 30: skipped 1023 AICore record slot(s) with start_time=0 (race-window write or recycled-buffer tail). buf seq=0 count=1024
[mono_ns=7314074335041769][T0xf901889ecca0][WARN] copy_aicore_buffer: [chip_swimlane_collector.cpp:689] Core 34: skipped 1024 AICore record slot(s) with start_time=0 (race-window write or recycled-buffer tail). buf seq=0 count=1024
[mono_ns=7314074335319531][T0xf901891fcca0][WARN] copy_aicore_buffer: [chip_swimlane_collector.cpp:689] Core 33: skipped 1024 AICore record slot(s) with start_time=0 (race-window write or recycled-buffer tail). buf seq=0 count=1024
[mono_ns=7314074335332461][T0xf90189a0cca0][WARN] copy_aicore_buffer: [chip_swimlane_collector.cpp:689] Core 31: skipped 1024 AICore record slot(s) with start_time=0 (race-window write or recycled-buffer tail). buf seq=0 count=1024
[mono_ns=7314074335362091][T0xf901889ecca0][WARN] copy_aicore_buffer: [chip_swimlane_collector.cpp:689] Core 35: skipped 1023 AICore record slot(s) with start_time=0 (race-window write or recycled-buffer tail). buf seq=0 count=1024
[mono_ns=7314074335636973][T0xf901891fcca0][WARN] copy_aicore_buffer: [chip_swimlane_collector.cpp:689] Core 7: skipped 1024 AICore record slot(s) with start_time=0 (race-window write or recycled-buffer tail). buf seq=0 count=1024
[mono_ns=7314074335644873][T0xf90189a0cca0][WARN] copy_aicore_buffer: [chip_swimlane_collector.cpp:689] Core 6: skipped 1024 AICore record slot(s) with start_time=0 (race-window write or recycled-buffer tail). buf seq=0 count=1024
[mono_ns=7314074335679033][T0xf901889ecca0][WARN] copy_aicore_buffer: [chip_swimlane_collector.cpp:689] Core 8: skipped 1024 AICore record slot(s) with start_time=0 (race-window write or recycled-buffer tail). buf seq=0 count=1024
[mono_ns=7314074335951465][T0xf901891fcca0][WARN] copy_aicore_buffer: [chip_swimlane_collector.cpp:689] Core 38: skipped 1024 AICore record slot(s) with start_time=0 (race-window write or recycled-buffer tail). buf seq=0 count=1024
[mono_ns=7314074335958565][T0xf90189a0cca0][WARN] copy_aicore_buffer: [chip_swimlane_collector.cpp:689] Core 36: skipped 1024 AICore record slot(s) with start_time=0 (race-window write or recycled-buffer tail). buf seq=0 count=1024
[mono_ns=7314074336015375][T0xf901889ecca0][WARN] copy_aicore_buffer: [chip_swimlane_collector.cpp:689] Core 40: skipped 1024 AICore record slot(s) with start_time=0 (race-window write or recycled-buffer tail). buf seq=0 count=1024
[mono_ns=7314074336277667][T0xf901891fcca0][WARN] copy_aicore_buffer: [chip_swimlane_collector.cpp:689] Core 39: skipped 1024 AICore record slot(s) with start_time=0 (race-window write or recycled-buffer tail). buf seq=0 count=1024
[mono_ns=7314074336278727][T0xf90189a0cca0][WARN] copy_aicore_buffer: [chip_swimlane_collector.cpp:689] Core 37: skipped 1024 AICore record slot(s) with start_time=0 (race-window write or recycled-buffer tail). buf seq=0 count=1024
[mono_ns=7314074336336957][T0xf901889ecca0][WARN] copy_aicore_buffer: [chip_swimlane_collector.cpp:689] Core 41: skipped 1024 AICore record slot(s) with start_time=0 (race-window write or recycled-buffer tail). buf seq=0 count=1024
[mono_ns=7314074336591339][T0xf901891fcca0][WARN] copy_aicore_buffer: [chip_swimlane_collector.cpp:689] Core 10: skipped 1024 AICore record slot(s) with start_time=0 (race-window write or recycled-buffer tail). buf seq=0 count=1024
[mono_ns=7314074336618709][T0xf90189a0cca0][WARN] copy_aicore_buffer: [chip_swimlane_collector.cpp:689] Core 9: skipped 1024 AICore record slot(s) with start_time=0 (race-window write or recycled-buffer tail). buf seq=0 count=1024
[mono_ns=7314074336658199][T0xf901889ecca0][WARN] copy_aicore_buffer: [chip_swimlane_collector.cpp:689] Core 11: skipped 1024 AICore record slot(s) with start_time=0 (race-window write or recycled-buffer tail). buf seq=0 count=1024
[mono_ns=7314074336904051][T0xf901891fcca0][WARN] copy_aicore_buffer: [chip_swimlane_collector.cpp:689] Core 44: skipped 1024 AICore record slot(s) with start_time=0 (race-window write or recycled-buffer tail). buf seq=0 count=1024
[mono_ns=7314074336934391][T0xf90189a0cca0][WARN] copy_aicore_buffer: [chip_swimlane_collector.cpp:689] Core 42: skipped 1024 AICore record slot(s) with start_time=0 (race-window write or recycled-buffer tail). buf seq=0 count=1024
[mono_ns=7314074336979341][T0xf901889ecca0][WARN] copy_aicore_buffer: [chip_swimlane_collector.cpp:689] Core 46: skipped 1024 AICore record slot(s) with start_time=0 (race-window write or recycled-buffer tail). buf seq=0 count=1024
[mono_ns=7314074337230543][T0xf901891fcca0][WARN] copy_aicore_buffer: [chip_swimlane_collector.cpp:689] Core 45: skipped 1024 AICore record slot(s) with start_time=0 (race-window write or recycled-buffer tail). buf seq=0 count=1024
[mono_ns=7314074337263453][T0xf90189a0cca0][WARN] copy_aicore_buffer: [chip_swimlane_collector.cpp:689] Core 43: skipped 1024 AICore record slot(s) with start_time=0 (race-window write or recycled-buffer tail). buf seq=0 count=1024
[mono_ns=7314074337311993][T0xf901889ecca0][WARN] copy_aicore_buffer: [chip_swimlane_collector.cpp:689] Core 47: skipped 1024 AICore record slot(s) with start_time=0 (race-window write or recycled-buffer tail). buf seq=0 count=1024
[mono_ns=7314074337544345][T0xf901891fcca0][WARN] copy_aicore_buffer: [chip_swimlane_collector.cpp:689] Core 13: skipped 1024 AICore record slot(s) with start_time=0 (race-window write or recycled-buffer tail). buf seq=0 count=1024
[mono_ns=7314074337578065][T0xf90189a0cca0][WARN] copy_aicore_buffer: [chip_swimlane_collector.cpp:689] Core 12: skipped 1024 AICore record slot(s) with start_time=0 (race-window write or recycled-buffer tail). buf seq=0 count=1024
[mono_ns=7314074337633205][T0xf901889ecca0][WARN] copy_aicore_buffer: [chip_swimlane_collector.cpp:689] Core 14: skipped 1024 AICore record slot(s) with start_time=0 (race-window write or recycled-buffer tail). buf seq=0 count=1024
[mono_ns=7314074337857486][T0xf901891fcca0][WARN] copy_aicore_buffer: [chip_swimlane_collector.cpp:689] Core 50: skipped 1024 AICore record slot(s) with start_time=0 (race-window write or recycled-buffer tail). buf seq=0 count=1024
[mono_ns=7314074337891907][T0xf90189a0cca0][WARN] copy_aicore_buffer: [chip_swimlane_collector.cpp:689] Core 48: skipped 1024 AICore record slot(s) with start_time=0 (race-window write or recycled-buffer tail). buf seq=0 count=1024
[mono_ns=7314074337953857][T0xf901889ecca0][WARN] copy_aicore_buffer: [chip_swimlane_collector.cpp:689] Core 52: skipped 1024 AICore record slot(s) with start_time=0 (race-window write or recycled-buffer tail). buf seq=0 count=1024
[mono_ns=7314074338180308][T0xf901891fcca0][WARN] copy_aicore_buffer: [chip_swimlane_collector.cpp:689] Core 51: skipped 1024 AICore record slot(s) with start_time=0 (race-window write or recycled-buffer tail). buf seq=0 count=1024
[mono_ns=7314074338244649][T0xf90189a0cca0][WARN] copy_aicore_buffer: [chip_swimlane_collector.cpp:689] Core 49: skipped 1024 AICore record slot(s) with start_time=0 (race-window write or recycled-buffer tail). buf seq=0 count=1024
[mono_ns=7314074338289629][T0xf901889ecca0][WARN] copy_aicore_buffer: [chip_swimlane_collector.cpp:689] Core 53: skipped 1024 AICore record slot(s) with start_time=0 (race-window write or recycled-buffer tail). buf seq=0 count=1024
[mono_ns=7314074338494560][T0xf901891fcca0][WARN] copy_aicore_buffer: [chip_swimlane_collector.cpp:689] Core 16: skipped 1024 AICore record slot(s) with start_time=0 (race-window write or recycled-buffer tail). buf seq=0 count=1024
[mono_ns=7314074338559161][T0xf90189a0cca0][WARN] copy_aicore_buffer: [chip_swimlane_collector.cpp:689] Core 15: skipped 1024 AICore record slot(s) with start_time=0 (race-window write or recycled-buffer tail). buf seq=0 count=1024
[mono_ns=7314074338611151][T0xf901889ecca0][WARN] copy_aicore_buffer: [chip_swimlane_collector.cpp:689] Core 17: skipped 1024 AICore record slot(s) with start_time=0 (race-window write or recycled-buffer tail). buf seq=0 count=1024
[mono_ns=7314074338807312][T0xf901891fcca0][WARN] copy_aicore_buffer: [chip_swimlane_collector.cpp:689] Core 56: skipped 1024 AICore record slot(s) with start_time=0 (race-window write or recycled-buffer tail). buf seq=0 count=1024
[mono_ns=7314074338873603][T0xf90189a0cca0][WARN] copy_aicore_buffer: [chip_swimlane_collector.cpp:689] Core 54: skipped 1024 AICore record slot(s) with start_time=0 (race-window write or recycled-buffer tail). buf seq=0 count=1024
[mono_ns=7314074338933153][T0xf901889ecca0][WARN] copy_aicore_buffer: [chip_swimlane_collector.cpp:689] Core 58: skipped 1024 AICore record slot(s) with start_time=0 (race-window write or recycled-buffer tail). buf seq=0 count=1024
[mono_ns=7314074339141144][T0xf901891fcca0][WARN] copy_aicore_buffer: [chip_swimlane_collector.cpp:689] Core 57: skipped 1024 AICore record slot(s) with start_time=0 (race-window write or recycled-buffer tail). buf seq=0 count=1024
[mono_ns=7314074339201175][T0xf90189a0cca0][WARN] copy_aicore_buffer: [chip_swimlane_collector.cpp:689] Core 55: skipped 1024 AICore record slot(s) with start_time=0 (race-window write or recycled-buffer tail). buf seq=0 count=1024
[mono_ns=7314074339266415][T0xf901889ecca0][WARN] copy_aicore_buffer: [chip_swimlane_collector.cpp:689] Core 59: skipped 1024 AICore record slot(s) with start_time=0 (race-window write or recycled-buffer tail). buf seq=0 count=1024
[mono_ns=7314074339454996][T0xf901891fcca0][WARN] copy_aicore_buffer: [chip_swimlane_collector.cpp:689] Core 19: skipped 1024 AICore record slot(s) with start_time=0 (race-window write or recycled-buffer tail). buf seq=0 count=1024
[mono_ns=7314074339518507][T0xf90189a0cca0][WARN] copy_aicore_buffer: [chip_swimlane_collector.cpp:689] Core 18: skipped 1024 AICore record slot(s) with start_time=0 (race-window write or recycled-buffer tail). buf seq=0 count=1024
[mono_ns=7314074339589147][T0xf901889ecca0][WARN] copy_aicore_buffer: [chip_swimlane_collector.cpp:689] Core 20: skipped 1024 AICore record slot(s) with start_time=0 (race-window write or recycled-buffer tail). buf seq=0 count=1024
[mono_ns=7314074339767408][T0xf901891fcca0][WARN] copy_aicore_buffer: [chip_swimlane_collector.cpp:689] Core 62: skipped 1024 AICore record slot(s) with start_time=0 (race-window write or recycled-buffer tail). buf seq=0 count=1024
[mono_ns=7314074339832689][T0xf90189a0cca0][WARN] copy_aicore_buffer: [chip_swimlane_collector.cpp:689] Core 60: skipped 1024 AICore record slot(s) with start_time=0 (race-window write or recycled-buffer tail). buf seq=0 count=1024
[mono_ns=7314074339921449][T0xf901889ecca0][WARN] copy_aicore_buffer: [chip_swimlane_collector.cpp:689] Core 64: skipped 1024 AICore record slot(s) with start_time=0 (race-window write or recycled-buffer tail). buf seq=0 count=1024
[mono_ns=7314074340091770][T0xf901891fcca0][WARN] copy_aicore_buffer: [chip_swimlane_collector.cpp:689] Core 63: skipped 1024 AICore record slot(s) with start_time=0 (race-window write or recycled-buffer tail). buf seq=0 count=1024
[mono_ns=7314074340156961][T0xf90189a0cca0][WARN] copy_aicore_buffer: [chip_swimlane_collector.cpp:689] Core 61: skipped 1024 AICore record slot(s) with start_time=0 (race-window write or recycled-buffer tail). buf seq=0 count=1024
[mono_ns=7314074340252871][T0xf901889ecca0][WARN] copy_aicore_buffer: [chip_swimlane_collector.cpp:689] Core 65: skipped 1024 AICore record slot(s) with start_time=0 (race-window write or recycled-buffer tail). buf seq=0 count=1024
[mono_ns=7314074340404342][T0xf901891fcca0][WARN] copy_aicore_buffer: [chip_swimlane_collector.cpp:689] Core 22: skipped 1024 AICore record slot(s) with start_time=0 (race-window write or recycled-buffer tail). buf seq=0 count=1024
[mono_ns=7314074340497703][T0xf90189a0cca0][WARN] copy_aicore_buffer: [chip_swimlane_collector.cpp:689] Core 21: skipped 1024 AICore record slot(s) with start_time=0 (race-window write or recycled-buffer tail). buf seq=0 count=1024
[mono_ns=7314074340573543][T0xf901889ecca0][WARN] copy_aicore_buffer: [chip_swimlane_collector.cpp:689] Core 23: skipped 1024 AICore record slot(s) with start_time=0 (race-window write or recycled-buffer tail). buf seq=0 count=1024
[mono_ns=7314074340743184][T0xf901891fcca0][WARN] copy_aicore_buffer: [chip_swimlane_collector.cpp:689] Core 68: skipped 1024 AICore record slot(s) with start_time=0 (race-window write or recycled-buffer tail). buf seq=0 count=1024
[mono_ns=7314074340811805][T0xf90189a0cca0][WARN] copy_aicore_buffer: [chip_swimlane_collector.cpp:689] Core 66: skipped 1024 AICore record slot(s) with start_time=0 (race-window write or recycled-buffer tail). buf seq=0 count=1024
[mono_ns=7314074340895055][T0xf901889ecca0][WARN] copy_aicore_buffer: [chip_swimlane_collector.cpp:689] Core 70: skipped 1024 AICore record slot(s) with start_time=0 (race-window write or recycled-buffer tail). buf seq=0 count=1024
[mono_ns=7314074341074476][T0xf901891fcca0][WARN] copy_aicore_buffer: [chip_swimlane_collector.cpp:689] Core 69: skipped 1024 AICore record slot(s) with start_time=0 (race-window write or recycled-buffer tail). buf seq=0 count=1024
[mono_ns=7314074341140387][T0xf90189a0cca0][WARN] copy_aicore_buffer: [chip_swimlane_collector.cpp:689] Core 67: skipped 1024 AICore record slot(s) with start_time=0 (race-window write or recycled-buffer tail). buf seq=0 count=1024
[mono_ns=7314074341229337][T0xf901889ecca0][WARN] copy_aicore_buffer: [chip_swimlane_collector.cpp:689] Core 71: skipped 1024 AICore record slot(s) with start_time=0 (race-window write or recycled-buffer tail). buf seq=0 count=1024
[mono_ns=7314074441698163][T0xf902cbd5b020][TIMING] emit_host_span: [STRACE] v=1 pid=4187412 tid=4187412 inv=18 hid=16640ce8da8c63f2 depth=1 name=chip.run.runner_run ts=7314074330781502 dur=110909991 
[mono_ns=7314074443554514][T0xf902cbd5b020][TIMING] emit_host_span: [STRACE] v=1 pid=4187412 tid=4187412 inv=18 hid=16640ce8da8c63f2 depth=1 name=chip.run.validate ts=7314074441709183 dur=1838581 
[mono_ns=7314074443566994][T0xf902cbd5b020][TIMING] emit_host_span: [STRACE] v=1 pid=4187412 tid=4187412 inv=18 hid=16640ce8da8c63f2 depth=2 name=chip.run.runner_run.device_wall ts=0 dur=2363919 clk=dev
[mono_ns=7314074443571574][T0xf902cbd5b020][TIMING] emit_host_span: [STRACE] v=1 pid=4187412 tid=4187412 inv=18 hid=16640ce8da8c63f2 depth=3 name=chip.run.runner_run.device_wall.preamble ts=0 dur=628380 clk=dev
[mono_ns=7314074443575484][T0xf902cbd5b020][TIMING] emit_host_span: [STRACE] v=1 pid=4187412 tid=4187412 inv=18 hid=16640ce8da8c63f2 depth=3 name=chip.run.runner_run.device_wall.graph_build ts=624439 dur=1728699 clk=dev
[mono_ns=7314074443579234][T0xf902cbd5b020][TIMING] emit_host_span: [STRACE] v=1 pid=4187412 tid=4187412 inv=18 hid=16640ce8da8c63f2 depth=3 name=chip.run.runner_run.device_wall.config_validate ts=624540 dur=760 clk=dev
[mono_ns=7314074443583024][T0xf902cbd5b020][TIMING] emit_host_span: [STRACE] v=1 pid=4187412 tid=4187412 inv=18 hid=16640ce8da8c63f2 depth=3 name=chip.run.runner_run.device_wall.arena_wire ts=625340 dur=399 clk=dev
[mono_ns=7314074443586034][T0xf902cbd5b020][TIMING] emit_host_span: [STRACE] v=1 pid=4187412 tid=4187412 inv=18 hid=16640ce8da8c63f2 depth=3 name=chip.run.runner_run.device_wall.sm_reset ts=625780 dur=620 clk=dev
[mono_ns=7314074443594115][T0xf902cbd5b020][TIMING] emit_host_span: [STRACE] v=1 pid=4187412 tid=4187412 inv=18 hid=16640ce8da8c63f2 depth=3 name=chip.run.runner_run.device_wall.post_orch ts=2353180 dur=10640 clk=dev
[mono_ns=7314074443598415][T0xf902cbd5b020][TIMING] emit_host_span: [STRACE] v=1 pid=4187412 tid=4187412 inv=18 hid=16640ce8da8c63f2 depth=3 name=chip.run.runner_run.device_wall.orch ts=626460 dur=3599 clk=dev
[mono_ns=7314074443601395][T0xf902cbd5b020][TIMING] emit_host_span: [STRACE] v=1 pid=4187412 tid=4187412 inv=18 hid=16640ce8da8c63f2 depth=3 name=chip.run.runner_run.device_wall.sched ts=628580 dur=1706719 clk=dev
[mono_ns=7314074443605645][T0xf902cbd5b020][TIMING] emit_host_span: [STRACE] v=1 pid=4187412 tid=4187412 inv=18 hid=16640ce8da8c63f2 depth=1 name=chip.run.claim_release ts=7314074443603245 dur=540 
[mono_ns=7314074443611135][T0xf902cbd5b020][TIMING] emit_host_span: [STRACE] v=1 pid=4187412 tid=4187412 inv=18 hid=16640ce8da8c63f2 depth=0 name=chip.run ts=7314074328148826 dur=115460299 run_id=18 dispatch_id=18 slot_id=0 generation=18 run_epoch=18
[mono_ns=7314079257565522][T0xf902cbd5b020][TIMING] emit_host_span: [STRACE] v=1 pid=4187412 tid=4187412 inv=19 hid=16640ce8da8c63f2 depth=2 name=chip.run.bind.args ts=7314079255179797 dur=2378015 
[mono_ns=7314079257586742][T0xf902cbd5b020][TIMING] emit_host_span: [STRACE] v=1 pid=4187412 tid=4187412 inv=19 hid=16640ce8da8c63f2 depth=2 name=chip.run.bind.prebuilt ts=7314079257579232 dur=4920 
[mono_ns=7314079257592212][T0xf902cbd5b020][TIMING] emit_host_span: [STRACE] v=1 pid=4187412 tid=4187412 inv=19 hid=16640ce8da8c63f2 depth=1 name=chip.run.bind ts=7314079255168027 dur=2421605 
[mono_ns=7314079361904421][T0xf902cbd5b020][TIMING] emit_host_span: [STRACE] v=1 pid=4187412 tid=4187412 inv=19 hid=16640ce8da8c63f2 depth=1 name=chip.run.runner_run ts=7314079257863084 dur=104032947 
[mono_ns=7314079363644192][T0xf902cbd5b020][TIMING] emit_host_span: [STRACE] v=1 pid=4187412 tid=4187412 inv=19 hid=16640ce8da8c63f2 depth=1 name=chip.run.validate ts=7314079361917281 dur=1720391 
[mono_ns=7314079363658162][T0xf902cbd5b020][TIMING] emit_host_span: [STRACE] v=1 pid=4187412 tid=4187412 inv=19 hid=16640ce8da8c63f2 depth=2 name=chip.run.runner_run.device_wall ts=0 dur=1777139 clk=dev
[mono_ns=7314079363662622][T0xf902cbd5b020][TIMING] emit_host_span: [STRACE] v=1 pid=4187412 tid=4187412 inv=19 hid=16640ce8da8c63f2 depth=3 name=chip.run.runner_run.device_wall.preamble ts=0 dur=5900 clk=dev
[mono_ns=7314079363666942][T0xf902cbd5b020][TIMING] emit_host_span: [STRACE] v=1 pid=4187412 tid=4187412 inv=19 hid=16640ce8da8c63f2 depth=3 name=chip.run.runner_run.device_wall.graph_build ts=1260 dur=1764980 clk=dev
[mono_ns=7314079363670202][T0xf902cbd5b020][TIMING] emit_host_span: [STRACE] v=1 pid=4187412 tid=4187412 inv=19 hid=16640ce8da8c63f2 depth=3 name=chip.run.runner_run.device_wall.config_validate ts=1440 dur=799 clk=dev
[mono_ns=7314079363673222][T0xf902cbd5b020][TIMING] emit_host_span: [STRACE] v=1 pid=4187412 tid=4187412 inv=19 hid=16640ce8da8c63f2 depth=3 name=chip.run.runner_run.device_wall.arena_wire ts=2260 dur=339 clk=dev
[mono_ns=7314079363676182][T0xf902cbd5b020][TIMING] emit_host_span: [STRACE] v=1 pid=4187412 tid=4187412 inv=19 hid=16640ce8da8c63f2 depth=3 name=chip.run.runner_run.device_wall.sm_reset ts=2640 dur=1340 clk=dev
[mono_ns=7314079363687242][T0xf902cbd5b020][TIMING] emit_host_span: [STRACE] v=1 pid=4187412 tid=4187412 inv=19 hid=16640ce8da8c63f2 depth=3 name=chip.run.runner_run.device_wall.post_orch ts=1766300 dur=10480 clk=dev
[mono_ns=7314079363690822][T0xf902cbd5b020][TIMING] emit_host_span: [STRACE] v=1 pid=4187412 tid=4187412 inv=19 hid=16640ce8da8c63f2 depth=3 name=chip.run.runner_run.device_wall.orch ts=4740 dur=8920 clk=dev
[mono_ns=7314079363694242][T0xf902cbd5b020][TIMING] emit_host_span: [STRACE] v=1 pid=4187412 tid=4187412 inv=19 hid=16640ce8da8c63f2 depth=3 name=chip.run.runner_run.device_wall.sched ts=6040 dur=1752600 clk=dev
[mono_ns=7314079363700472][T0xf902cbd5b020][TIMING] emit_host_span: [STRACE] v=1 pid=4187412 tid=4187412 inv=19 hid=16640ce8da8c63f2 depth=1 name=chip.run.claim_release ts=7314079363697552 dur=810 
[mono_ns=7314079363707053][T0xf902cbd5b020][TIMING] emit_host_span: [STRACE] v=1 pid=4187412 tid=4187412 inv=19 hid=16640ce8da8c63f2 depth=0 name=chip.run ts=7314079255105287 dur=108599346 run_id=19 dispatch_id=19 slot_id=0 generation=19 run_epoch=19
[mono_ns=7314079374845322][T0xf902cbd5b020][TIMING] emit_host_span: [STRACE] v=1 pid=4187412 tid=4187412 inv=20 hid=16640ce8da8c63f2 depth=2 name=chip.run.bind.args ts=7314079372570788 dur=2268024 
[mono_ns=7314079374863992][T0xf902cbd5b020][TIMING] emit_host_span: [STRACE] v=1 pid=4187412 tid=4187412 inv=20 hid=16640ce8da8c63f2 depth=2 name=chip.run.bind.prebuilt ts=7314079374857652 dur=3580 
[mono_ns=7314079374873882][T0xf902cbd5b020][TIMING] emit_host_span: [STRACE] v=1 pid=4187412 tid=4187412 inv=20 hid=16640ce8da8c63f2 depth=1 name=chip.run.bind ts=7314079372561618 dur=2310154 
[mono_ns=7314079378051892][T0xf90189a0cca0][WARN] copy_aicore_buffer: [chip_swimlane_collector.cpp:689] Core 0: skipped 1024 AICore record slot(s) with start_time=0 (race-window write or recycled-buffer tail). buf seq=0 count=1024
[mono_ns=7314079378051782][T0xf901891fcca0][WARN] copy_aicore_buffer: [chip_swimlane_collector.cpp:689] Core 1: skipped 1024 AICore record slot(s) with start_time=0 (race-window write or recycled-buffer tail). buf seq=0 count=1024
[mono_ns=7314079378129032][T0xf901889ecca0][WARN] copy_aicore_buffer: [chip_swimlane_collector.cpp:689] Core 2: skipped 1024 AICore record slot(s) with start_time=0 (race-window write or recycled-buffer tail). buf seq=0 count=1024
[mono_ns=7314079378377264][T0xf90189a0cca0][WARN] copy_aicore_buffer: [chip_swimlane_collector.cpp:689] Core 24: skipped 1024 AICore record slot(s) with start_time=0 (race-window write or recycled-buffer tail). buf seq=0 count=1024
[mono_ns=7314079378379734][T0xf901891fcca0][WARN] copy_aicore_buffer: [chip_swimlane_collector.cpp:689] Core 26: skipped 1022 AICore record slot(s) with start_time=0 (race-window write or recycled-buffer tail). buf seq=0 count=1024
[mono_ns=7314079378461744][T0xf901889ecca0][WARN] copy_aicore_buffer: [chip_swimlane_collector.cpp:689] Core 28: skipped 1023 AICore record slot(s) with start_time=0 (race-window write or recycled-buffer tail). buf seq=0 count=1024
[mono_ns=7314079378696626][T0xf901891fcca0][WARN] copy_aicore_buffer: [chip_swimlane_collector.cpp:689] Core 27: skipped 1022 AICore record slot(s) with start_time=0 (race-window write or recycled-buffer tail). buf seq=0 count=1024
[mono_ns=7314079378694486][T0xf90189a0cca0][WARN] copy_aicore_buffer: [chip_swimlane_collector.cpp:689] Core 25: skipped 1024 AICore record slot(s) with start_time=0 (race-window write or recycled-buffer tail). buf seq=0 count=1024
[mono_ns=7314079378785096][T0xf901889ecca0][WARN] copy_aicore_buffer: [chip_swimlane_collector.cpp:689] Core 29: skipped 1024 AICore record slot(s) with start_time=0 (race-window write or recycled-buffer tail). buf seq=0 count=1024
[mono_ns=7314079379041118][T0xf901891fcca0][WARN] copy_aicore_buffer: [chip_swimlane_collector.cpp:689] Core 4: skipped 1024 AICore record slot(s) with start_time=0 (race-window write or recycled-buffer tail). buf seq=0 count=1024
[mono_ns=7314079379082598][T0xf90189a0cca0][WARN] copy_aicore_buffer: [chip_swimlane_collector.cpp:689] Core 3: skipped 1024 AICore record slot(s) with start_time=0 (race-window write or recycled-buffer tail). buf seq=0 count=1024
[mono_ns=7314079379115608][T0xf901889ecca0][WARN] copy_aicore_buffer: [chip_swimlane_collector.cpp:689] Core 5: skipped 1024 AICore record slot(s) with start_time=0 (race-window write or recycled-buffer tail). buf seq=0 count=1024
[mono_ns=7314079379355030][T0xf901891fcca0][WARN] copy_aicore_buffer: [chip_swimlane_collector.cpp:689] Core 32: skipped 1024 AICore record slot(s) with start_time=0 (race-window write or recycled-buffer tail). buf seq=0 count=1024
[mono_ns=7314079379399620][T0xf90189a0cca0][WARN] copy_aicore_buffer: [chip_swimlane_collector.cpp:689] Core 30: skipped 1023 AICore record slot(s) with start_time=0 (race-window write or recycled-buffer tail). buf seq=0 count=1024
[mono_ns=7314079379437210][T0xf901889ecca0][WARN] copy_aicore_buffer: [chip_swimlane_collector.cpp:689] Core 34: skipped 1024 AICore record slot(s) with start_time=0 (race-window write or recycled-buffer tail). buf seq=0 count=1024
[mono_ns=7314079379667542][T0xf901891fcca0][WARN] copy_aicore_buffer: [chip_swimlane_collector.cpp:689] Core 33: skipped 1024 AICore record slot(s) with start_time=0 (race-window write or recycled-buffer tail). buf seq=0 count=1024
[mono_ns=7314079379713992][T0xf90189a0cca0][WARN] copy_aicore_buffer: [chip_swimlane_collector.cpp:689] Core 31: skipped 1024 AICore record slot(s) with start_time=0 (race-window write or recycled-buffer tail). buf seq=0 count=1024
[mono_ns=7314079379777163][T0xf901889ecca0][WARN] copy_aicore_buffer: [chip_swimlane_collector.cpp:689] Core 35: skipped 1024 AICore record slot(s) with start_time=0 (race-window write or recycled-buffer tail). buf seq=0 count=1024
[mono_ns=7314079379981504][T0xf901891fcca0][WARN] copy_aicore_buffer: [chip_swimlane_collector.cpp:689] Core 7: skipped 1024 AICore record slot(s) with start_time=0 (race-window write or recycled-buffer tail). buf seq=0 count=1024
[mono_ns=7314079380042734][T0xf90189a0cca0][WARN] copy_aicore_buffer: [chip_swimlane_collector.cpp:689] Core 6: skipped 1024 AICore record slot(s) with start_time=0 (race-window write or recycled-buffer tail). buf seq=0 count=1024
[mono_ns=7314079380110695][T0xf901889ecca0][WARN] copy_aicore_buffer: [chip_swimlane_collector.cpp:689] Core 8: skipped 1024 AICore record slot(s) with start_time=0 (race-window write or recycled-buffer tail). buf seq=0 count=1024
[mono_ns=7314079380308726][T0xf901891fcca0][WARN] copy_aicore_buffer: [chip_swimlane_collector.cpp:689] Core 38: skipped 1024 AICore record slot(s) with start_time=0 (race-window write or recycled-buffer tail). buf seq=0 count=1024
[mono_ns=7314079380357936][T0xf90189a0cca0][WARN] copy_aicore_buffer: [chip_swimlane_collector.cpp:689] Core 36: skipped 1024 AICore record slot(s) with start_time=0 (race-window write or recycled-buffer tail). buf seq=0 count=1024
[mono_ns=7314079380431767][T0xf901889ecca0][WARN] copy_aicore_buffer: [chip_swimlane_collector.cpp:689] Core 40: skipped 1024 AICore record slot(s) with start_time=0 (race-window write or recycled-buffer tail). buf seq=0 count=1024
[mono_ns=7314079380622758][T0xf901891fcca0][WARN] copy_aicore_buffer: [chip_swimlane_collector.cpp:689] Core 39: skipped 1024 AICore record slot(s) with start_time=0 (race-window write or recycled-buffer tail). buf seq=0 count=1024
[mono_ns=7314079380684518][T0xf90189a0cca0][WARN] copy_aicore_buffer: [chip_swimlane_collector.cpp:689] Core 37: skipped 1024 AICore record slot(s) with start_time=0 (race-window write or recycled-buffer tail). buf seq=0 count=1024
[mono_ns=7314079380752579][T0xf901889ecca0][WARN] copy_aicore_buffer: [chip_swimlane_collector.cpp:689] Core 41: skipped 1024 AICore record slot(s) with start_time=0 (race-window write or recycled-buffer tail). buf seq=0 count=1024
[mono_ns=7314079380937580][T0xf901891fcca0][WARN] copy_aicore_buffer: [chip_swimlane_collector.cpp:689] Core 10: skipped 1024 AICore record slot(s) with start_time=0 (race-window write or recycled-buffer tail). buf seq=0 count=1024
[mono_ns=7314079380998500][T0xf90189a0cca0][WARN] copy_aicore_buffer: [chip_swimlane_collector.cpp:689] Core 9: skipped 1024 AICore record slot(s) with start_time=0 (race-window write or recycled-buffer tail). buf seq=0 count=1024
[mono_ns=7314079381085991][T0xf901889ecca0][WARN] copy_aicore_buffer: [chip_swimlane_collector.cpp:689] Core 11: skipped 1024 AICore record slot(s) with start_time=0 (race-window write or recycled-buffer tail). buf seq=0 count=1024
[mono_ns=7314079381260122][T0xf901891fcca0][WARN] copy_aicore_buffer: [chip_swimlane_collector.cpp:689] Core 44: skipped 1024 AICore record slot(s) with start_time=0 (race-window write or recycled-buffer tail). buf seq=0 count=1024
[mono_ns=7314079381323112][T0xf90189a0cca0][WARN] copy_aicore_buffer: [chip_swimlane_collector.cpp:689] Core 42: skipped 1024 AICore record slot(s) with start_time=0 (race-window write or recycled-buffer tail). buf seq=0 count=1024
[mono_ns=7314079381487623][T0xf901889ecca0][WARN] copy_aicore_buffer: [chip_swimlane_collector.cpp:689] Core 46: skipped 1024 AICore record slot(s) with start_time=0 (race-window write or recycled-buffer tail). buf seq=0 count=1024
[mono_ns=7314079381575674][T0xf901891fcca0][WARN] copy_aicore_buffer: [chip_swimlane_collector.cpp:689] Core 45: skipped 1023 AICore record slot(s) with start_time=0 (race-window write or recycled-buffer tail). buf seq=0 count=1024
[mono_ns=7314079381640134][T0xf90189a0cca0][WARN] copy_aicore_buffer: [chip_swimlane_collector.cpp:689] Core 43: skipped 1022 AICore record slot(s) with start_time=0 (race-window write or recycled-buffer tail). buf seq=0 count=1024
[mono_ns=7314079381803345][T0xf901889ecca0][WARN] copy_aicore_buffer: [chip_swimlane_collector.cpp:689] Core 47: skipped 1024 AICore record slot(s) with start_time=0 (race-window write or recycled-buffer tail). buf seq=0 count=1024
[mono_ns=7314079381889266][T0xf901891fcca0][WARN] copy_aicore_buffer: [chip_swimlane_collector.cpp:689] Core 13: skipped 1024 AICore record slot(s) with start_time=0 (race-window write or recycled-buffer tail). buf seq=0 count=1024
[mono_ns=7314079381954096][T0xf90189a0cca0][WARN] copy_aicore_buffer: [chip_swimlane_collector.cpp:689] Core 12: skipped 1024 AICore record slot(s) with start_time=0 (race-window write or recycled-buffer tail). buf seq=0 count=1024
[mono_ns=7314079382126387][T0xf901889ecca0][WARN] copy_aicore_buffer: [chip_swimlane_collector.cpp:689] Core 14: skipped 1024 AICore record slot(s) with start_time=0 (race-window write or recycled-buffer tail). buf seq=0 count=1024
[mono_ns=7314079382208318][T0xf901891fcca0][WARN] copy_aicore_buffer: [chip_swimlane_collector.cpp:689] Core 50: skipped 1024 AICore record slot(s) with start_time=0 (race-window write or recycled-buffer tail). buf seq=0 count=1024
[mono_ns=7314079382307988][T0xf90189a0cca0][WARN] copy_aicore_buffer: [chip_swimlane_collector.cpp:689] Core 48: skipped 1024 AICore record slot(s) with start_time=0 (race-window write or recycled-buffer tail). buf seq=0 count=1024
[mono_ns=7314079382440259][T0xf901889ecca0][WARN] copy_aicore_buffer: [chip_swimlane_collector.cpp:689] Core 52: skipped 1024 AICore record slot(s) with start_time=0 (race-window write or recycled-buffer tail). buf seq=0 count=1024
[mono_ns=7314079382520700][T0xf901891fcca0][WARN] copy_aicore_buffer: [chip_swimlane_collector.cpp:689] Core 51: skipped 1024 AICore record slot(s) with start_time=0 (race-window write or recycled-buffer tail). buf seq=0 count=1024
[mono_ns=7314079382623820][T0xf90189a0cca0][WARN] copy_aicore_buffer: [chip_swimlane_collector.cpp:689] Core 49: skipped 1024 AICore record slot(s) with start_time=0 (race-window write or recycled-buffer tail). buf seq=0 count=1024
[mono_ns=7314079382752731][T0xf901889ecca0][WARN] copy_aicore_buffer: [chip_swimlane_collector.cpp:689] Core 53: skipped 1024 AICore record slot(s) with start_time=0 (race-window write or recycled-buffer tail). buf seq=0 count=1024
[mono_ns=7314079382833422][T0xf901891fcca0][WARN] copy_aicore_buffer: [chip_swimlane_collector.cpp:689] Core 16: skipped 1024 AICore record slot(s) with start_time=0 (race-window write or recycled-buffer tail). buf seq=0 count=1024
[mono_ns=7314079382938852][T0xf90189a0cca0][WARN] copy_aicore_buffer: [chip_swimlane_collector.cpp:689] Core 15: skipped 1024 AICore record slot(s) with start_time=0 (race-window write or recycled-buffer tail). buf seq=0 count=1024
[mono_ns=7314079383074243][T0xf901889ecca0][WARN] copy_aicore_buffer: [chip_swimlane_collector.cpp:689] Core 17: skipped 1024 AICore record slot(s) with start_time=0 (race-window write or recycled-buffer tail). buf seq=0 count=1024
[mono_ns=7314079383161364][T0xf901891fcca0][WARN] copy_aicore_buffer: [chip_swimlane_collector.cpp:689] Core 56: skipped 1024 AICore record slot(s) with start_time=0 (race-window write or recycled-buffer tail). buf seq=0 count=1024
[mono_ns=7314079383261654][T0xf90189a0cca0][WARN] copy_aicore_buffer: [chip_swimlane_collector.cpp:689] Core 54: skipped 1024 AICore record slot(s) with start_time=0 (race-window write or recycled-buffer tail). buf seq=0 count=1024
[mono_ns=7314079383389235][T0xf901889ecca0][WARN] copy_aicore_buffer: [chip_swimlane_collector.cpp:689] Core 58: skipped 1024 AICore record slot(s) with start_time=0 (race-window write or recycled-buffer tail). buf seq=0 count=1024
[mono_ns=7314079383474796][T0xf901891fcca0][WARN] copy_aicore_buffer: [chip_swimlane_collector.cpp:689] Core 57: skipped 1024 AICore record slot(s) with start_time=0 (race-window write or recycled-buffer tail). buf seq=0 count=1024
[mono_ns=7314079383575086][T0xf90189a0cca0][WARN] copy_aicore_buffer: [chip_swimlane_collector.cpp:689] Core 55: skipped 1024 AICore record slot(s) with start_time=0 (race-window write or recycled-buffer tail). buf seq=0 count=1024
[mono_ns=7314079383703447][T0xf901889ecca0][WARN] copy_aicore_buffer: [chip_swimlane_collector.cpp:689] Core 59: skipped 1024 AICore record slot(s) with start_time=0 (race-window write or recycled-buffer tail). buf seq=0 count=1024
[mono_ns=7314079383788207][T0xf901891fcca0][WARN] copy_aicore_buffer: [chip_swimlane_collector.cpp:689] Core 19: skipped 1024 AICore record slot(s) with start_time=0 (race-window write or recycled-buffer tail). buf seq=0 count=1024
[mono_ns=7314079383889248][T0xf90189a0cca0][WARN] copy_aicore_buffer: [chip_swimlane_collector.cpp:689] Core 18: skipped 1024 AICore record slot(s) with start_time=0 (race-window write or recycled-buffer tail). buf seq=0 count=1024
[mono_ns=7314079384047149][T0xf901889ecca0][WARN] copy_aicore_buffer: [chip_swimlane_collector.cpp:689] Core 20: skipped 1024 AICore record slot(s) with start_time=0 (race-window write or recycled-buffer tail). buf seq=0 count=1024
[mono_ns=7314079384108919][T0xf901891fcca0][WARN] copy_aicore_buffer: [chip_swimlane_collector.cpp:689] Core 62: skipped 1024 AICore record slot(s) with start_time=0 (race-window write or recycled-buffer tail). buf seq=0 count=1024
[mono_ns=7314079384212130][T0xf90189a0cca0][WARN] copy_aicore_buffer: [chip_swimlane_collector.cpp:689] Core 60: skipped 1024 AICore record slot(s) with start_time=0 (race-window write or recycled-buffer tail). buf seq=0 count=1024
[mono_ns=7314079384360211][T0xf901889ecca0][WARN] copy_aicore_buffer: [chip_swimlane_collector.cpp:689] Core 64: skipped 1024 AICore record slot(s) with start_time=0 (race-window write or recycled-buffer tail). buf seq=0 count=1024
[mono_ns=7314079384421641][T0xf901891fcca0][WARN] copy_aicore_buffer: [chip_swimlane_collector.cpp:689] Core 63: skipped 1024 AICore record slot(s) with start_time=0 (race-window write or recycled-buffer tail). buf seq=0 count=1024
[mono_ns=7314079384527002][T0xf90189a0cca0][WARN] copy_aicore_buffer: [chip_swimlane_collector.cpp:689] Core 61: skipped 1024 AICore record slot(s) with start_time=0 (race-window write or recycled-buffer tail). buf seq=0 count=1024
[mono_ns=7314079384672633][T0xf901889ecca0][WARN] copy_aicore_buffer: [chip_swimlane_collector.cpp:689] Core 65: skipped 1024 AICore record slot(s) with start_time=0 (race-window write or recycled-buffer tail). buf seq=0 count=1024
[mono_ns=7314079384763324][T0xf901891fcca0][WARN] copy_aicore_buffer: [chip_swimlane_collector.cpp:689] Core 22: skipped 1024 AICore record slot(s) with start_time=0 (race-window write or recycled-buffer tail). buf seq=0 count=1024
[mono_ns=7314079384839994][T0xf90189a0cca0][WARN] copy_aicore_buffer: [chip_swimlane_collector.cpp:689] Core 21: skipped 1024 AICore record slot(s) with start_time=0 (race-window write or recycled-buffer tail). buf seq=0 count=1024
[mono_ns=7314079384985025][T0xf901889ecca0][WARN] copy_aicore_buffer: [chip_swimlane_collector.cpp:689] Core 23: skipped 1024 AICore record slot(s) with start_time=0 (race-window write or recycled-buffer tail). buf seq=0 count=1024
[mono_ns=7314079385085256][T0xf901891fcca0][WARN] copy_aicore_buffer: [chip_swimlane_collector.cpp:689] Core 68: skipped 1024 AICore record slot(s) with start_time=0 (race-window write or recycled-buffer tail). buf seq=0 count=1024
[mono_ns=7314079385164036][T0xf90189a0cca0][WARN] copy_aicore_buffer: [chip_swimlane_collector.cpp:689] Core 66: skipped 1024 AICore record slot(s) with start_time=0 (race-window write or recycled-buffer tail). buf seq=0 count=1024
[mono_ns=7314079385307707][T0xf901889ecca0][WARN] copy_aicore_buffer: [chip_swimlane_collector.cpp:689] Core 70: skipped 1024 AICore record slot(s) with start_time=0 (race-window write or recycled-buffer tail). buf seq=0 count=1024
[mono_ns=7314079385398998][T0xf901891fcca0][WARN] copy_aicore_buffer: [chip_swimlane_collector.cpp:689] Core 69: skipped 1024 AICore record slot(s) with start_time=0 (race-window write or recycled-buffer tail). buf seq=0 count=1024
[mono_ns=7314079385478488][T0xf90189a0cca0][WARN] copy_aicore_buffer: [chip_swimlane_collector.cpp:689] Core 67: skipped 1024 AICore record slot(s) with start_time=0 (race-window write or recycled-buffer tail). buf seq=0 count=1024
[mono_ns=7314079385659069][T0xf901889ecca0][WARN] copy_aicore_buffer: [chip_swimlane_collector.cpp:689] Core 71: skipped 1024 AICore record slot(s) with start_time=0 (race-window write or recycled-buffer tail). buf seq=0 count=1024
[mono_ns=7314079486305565][T0xf902cbd5b020][TIMING] emit_host_span: [STRACE] v=1 pid=4187412 tid=4187412 inv=20 hid=16640ce8da8c63f2 depth=1 name=chip.run.runner_run ts=7314079375171374 dur=111125301 
[mono_ns=7314079488134437][T0xf902cbd5b020][TIMING] emit_host_span: [STRACE] v=1 pid=4187412 tid=4187412 inv=20 hid=16640ce8da8c63f2 depth=1 name=chip.run.validate ts=7314079486318556 dur=1809371 
[mono_ns=7314079488147757][T0xf902cbd5b020][TIMING] emit_host_span: [STRACE] v=1 pid=4187412 tid=4187412 inv=20 hid=16640ce8da8c63f2 depth=2 name=chip.run.runner_run.device_wall ts=0 dur=2359240 clk=dev
[mono_ns=7314079488152547][T0xf902cbd5b020][TIMING] emit_host_span: [STRACE] v=1 pid=4187412 tid=4187412 inv=20 hid=16640ce8da8c63f2 depth=3 name=chip.run.runner_run.device_wall.preamble ts=0 dur=624320 clk=dev
[mono_ns=7314079488156627][T0xf902cbd5b020][TIMING] emit_host_span: [STRACE] v=1 pid=4187412 tid=4187412 inv=20 hid=16640ce8da8c63f2 depth=3 name=chip.run.runner_run.device_wall.graph_build ts=619120 dur=1729899 clk=dev
[mono_ns=7314079488166277][T0xf902cbd5b020][TIMING] emit_host_span: [STRACE] v=1 pid=4187412 tid=4187412 inv=20 hid=16640ce8da8c63f2 depth=3 name=chip.run.runner_run.device_wall.config_validate ts=619240 dur=740 clk=dev
[mono_ns=7314079488169407][T0xf902cbd5b020][TIMING] emit_host_span: [STRACE] v=1 pid=4187412 tid=4187412 inv=20 hid=16640ce8da8c63f2 depth=3 name=chip.run.runner_run.device_wall.arena_wire ts=620000 dur=260 clk=dev
[mono_ns=7314079488174127][T0xf902cbd5b020][TIMING] emit_host_span: [STRACE] v=1 pid=4187412 tid=4187412 inv=20 hid=16640ce8da8c63f2 depth=3 name=chip.run.runner_run.device_wall.sm_reset ts=620280 dur=520 clk=dev
[mono_ns=7314079488177137][T0xf902cbd5b020][TIMING] emit_host_span: [STRACE] v=1 pid=4187412 tid=4187412 inv=20 hid=16640ce8da8c63f2 depth=3 name=chip.run.runner_run.device_wall.post_orch ts=2349080 dur=10040 clk=dev
[mono_ns=7314079488181067][T0xf902cbd5b020][TIMING] emit_host_span: [STRACE] v=1 pid=4187412 tid=4187412 inv=20 hid=16640ce8da8c63f2 depth=3 name=chip.run.runner_run.device_wall.orch ts=620840 dur=3660 clk=dev
[mono_ns=7314079488184027][T0xf902cbd5b020][TIMING] emit_host_span: [STRACE] v=1 pid=4187412 tid=4187412 inv=20 hid=16640ce8da8c63f2 depth=3 name=chip.run.runner_run.device_wall.sched ts=624479 dur=1707399 clk=dev
[mono_ns=7314079488190077][T0xf902cbd5b020][TIMING] emit_host_span: [STRACE] v=1 pid=4187412 tid=4187412 inv=20 hid=16640ce8da8c63f2 depth=1 name=chip.run.claim_release ts=7314079488187367 dur=870 
[mono_ns=7314079488195747][T0xf902cbd5b020][TIMING] emit_host_span: [STRACE] v=1 pid=4187412 tid=4187412 inv=20 hid=16640ce8da8c63f2 depth=0 name=chip.run ts=7314079372530677 dur=115663000 run_id=20 dispatch_id=20 slot_id=0 generation=20 run_epoch=20
[mono_ns=7314084315654565][T0xf902cbd5b020][TIMING] emit_host_span: [STRACE] v=1 pid=4187412 tid=4187412 inv=21 hid=16640ce8da8c63f2 depth=2 name=chip.run.bind.args ts=7314084313318551 dur=2328694 
[mono_ns=7314084315674435][T0xf902cbd5b020][TIMING] emit_host_span: [STRACE] v=1 pid=4187412 tid=4187412 inv=21 hid=16640ce8da8c63f2 depth=2 name=chip.run.bind.prebuilt ts=7314084315666455 dur=5500 
[mono_ns=7314084315680065][T0xf902cbd5b020][TIMING] emit_host_span: [STRACE] v=1 pid=4187412 tid=4187412 inv=21 hid=16640ce8da8c63f2 depth=1 name=chip.run.bind ts=7314084313307791 dur=2369584 
[mono_ns=7314084420072375][T0xf902cbd5b020][TIMING] emit_host_span: [STRACE] v=1 pid=4187412 tid=4187412 inv=21 hid=16640ce8da8c63f2 depth=1 name=chip.run.runner_run ts=7314084315958797 dur=104104068 
[mono_ns=7314084421930996][T0xf902cbd5b020][TIMING] emit_host_span: [STRACE] v=1 pid=4187412 tid=4187412 inv=21 hid=16640ce8da8c63f2 depth=1 name=chip.run.validate ts=7314084420087135 dur=1837611 
[mono_ns=7314084421944446][T0xf902cbd5b020][TIMING] emit_host_span: [STRACE] v=1 pid=4187412 tid=4187412 inv=21 hid=16640ce8da8c63f2 depth=2 name=chip.run.runner_run.device_wall ts=0 dur=1811560 clk=dev
[mono_ns=7314084421948926][T0xf902cbd5b020][TIMING] emit_host_span: [STRACE] v=1 pid=4187412 tid=4187412 inv=21 hid=16640ce8da8c63f2 depth=3 name=chip.run.runner_run.device_wall.preamble ts=0 dur=5580 clk=dev
[mono_ns=7314084421959657][T0xf902cbd5b020][TIMING] emit_host_span: [STRACE] v=1 pid=4187412 tid=4187412 inv=21 hid=16640ce8da8c63f2 depth=3 name=chip.run.runner_run.device_wall.graph_build ts=1180 dur=1799760 clk=dev
[mono_ns=7314084421962877][T0xf902cbd5b020][TIMING] emit_host_span: [STRACE] v=1 pid=4187412 tid=4187412 inv=21 hid=16640ce8da8c63f2 depth=3 name=chip.run.runner_run.device_wall.config_validate ts=1280 dur=720 clk=dev
[mono_ns=7314084421966577][T0xf902cbd5b020][TIMING] emit_host_span: [STRACE] v=1 pid=4187412 tid=4187412 inv=21 hid=16640ce8da8c63f2 depth=3 name=chip.run.runner_run.device_wall.arena_wire ts=2040 dur=240 clk=dev
[mono_ns=7314084421970067][T0xf902cbd5b020][TIMING] emit_host_span: [STRACE] v=1 pid=4187412 tid=4187412 inv=21 hid=16640ce8da8c63f2 depth=3 name=chip.run.runner_run.device_wall.sm_reset ts=2320 dur=1480 clk=dev
[mono_ns=7314084421973787][T0xf902cbd5b020][TIMING] emit_host_span: [STRACE] v=1 pid=4187412 tid=4187412 inv=21 hid=16640ce8da8c63f2 depth=3 name=chip.run.runner_run.device_wall.post_orch ts=1800980 dur=10480 clk=dev
[mono_ns=7314084421978647][T0xf902cbd5b020][TIMING] emit_host_span: [STRACE] v=1 pid=4187412 tid=4187412 inv=21 hid=16640ce8da8c63f2 depth=3 name=chip.run.runner_run.device_wall.orch ts=4279 dur=6920 clk=dev
[mono_ns=7314084421982417][T0xf902cbd5b020][TIMING] emit_host_span: [STRACE] v=1 pid=4187412 tid=4187412 inv=21 hid=16640ce8da8c63f2 depth=3 name=chip.run.runner_run.device_wall.sched ts=5660 dur=1787820 clk=dev
[mono_ns=7314084421987837][T0xf902cbd5b020][TIMING] emit_host_span: [STRACE] v=1 pid=4187412 tid=4187412 inv=21 hid=16640ce8da8c63f2 depth=1 name=chip.run.claim_release ts=7314084421985357 dur=640 
[mono_ns=7314084421994917][T0xf902cbd5b020][TIMING] emit_host_span: [STRACE] v=1 pid=4187412 tid=4187412 inv=21 hid=16640ce8da8c63f2 depth=0 name=chip.run ts=7314084313247060 dur=108745767 run_id=21 dispatch_id=21 slot_id=0 generation=21 run_epoch=21
[mono_ns=7314084433246127][T0xf902cbd5b020][TIMING] emit_host_span: [STRACE] v=1 pid=4187412 tid=4187412 inv=22 hid=16640ce8da8c63f2 depth=2 name=chip.run.bind.args ts=7314084430956693 dur=2283514 
[mono_ns=7314084433263047][T0xf902cbd5b020][TIMING] emit_host_span: [STRACE] v=1 pid=4187412 tid=4187412 inv=22 hid=16640ce8da8c63f2 depth=2 name=chip.run.bind.prebuilt ts=7314084433256937 dur=3550 
[mono_ns=7314084433268807][T0xf902cbd5b020][TIMING] emit_host_span: [STRACE] v=1 pid=4187412 tid=4187412 inv=22 hid=16640ce8da8c63f2 depth=1 name=chip.run.bind ts=7314084430947372 dur=2318555 
[mono_ns=7314084436347886][T0xf90189a0cca0][WARN] copy_aicore_buffer: [chip_swimlane_collector.cpp:689] Core 0: skipped 1024 AICore record slot(s) with start_time=0 (race-window write or recycled-buffer tail). buf seq=0 count=1024
[mono_ns=7314084436367956][T0xf901889ecca0][WARN] copy_aicore_buffer: [chip_swimlane_collector.cpp:689] Core 2: skipped 1024 AICore record slot(s) with start_time=0 (race-window write or recycled-buffer tail). buf seq=0 count=1024
[mono_ns=7314084436397166][T0xf901891fcca0][WARN] copy_aicore_buffer: [chip_swimlane_collector.cpp:689] Core 1: skipped 1024 AICore record slot(s) with start_time=0 (race-window write or recycled-buffer tail). buf seq=0 count=1024
[mono_ns=7314084436652878][T0xf90189a0cca0][WARN] copy_aicore_buffer: [chip_swimlane_collector.cpp:689] Core 24: skipped 1022 AICore record slot(s) with start_time=0 (race-window write or recycled-buffer tail). buf seq=0 count=1024
[mono_ns=7314084436691618][T0xf901889ecca0][WARN] copy_aicore_buffer: [chip_swimlane_collector.cpp:689] Core 28: skipped 1024 AICore record slot(s) with start_time=0 (race-window write or recycled-buffer tail). buf seq=0 count=1024
[mono_ns=7314084436728228][T0xf901891fcca0][WARN] copy_aicore_buffer: [chip_swimlane_collector.cpp:689] Core 26: skipped 1023 AICore record slot(s) with start_time=0 (race-window write or recycled-buffer tail). buf seq=0 count=1024
[mono_ns=7314084436959590][T0xf90189a0cca0][WARN] copy_aicore_buffer: [chip_swimlane_collector.cpp:689] Core 25: skipped 1024 AICore record slot(s) with start_time=0 (race-window write or recycled-buffer tail). buf seq=0 count=1024
[mono_ns=7314084437060511][T0xf901889ecca0][WARN] copy_aicore_buffer: [chip_swimlane_collector.cpp:689] Core 29: skipped 1024 AICore record slot(s) with start_time=0 (race-window write or recycled-buffer tail). buf seq=0 count=1024
[mono_ns=7314084437133131][T0xf901891fcca0][WARN] copy_aicore_buffer: [chip_swimlane_collector.cpp:689] Core 27: skipped 1021 AICore record slot(s) with start_time=0 (race-window write or recycled-buffer tail). buf seq=0 count=1024
[mono_ns=7314084437265242][T0xf90189a0cca0][WARN] copy_aicore_buffer: [chip_swimlane_collector.cpp:689] Core 3: skipped 1024 AICore record slot(s) with start_time=0 (race-window write or recycled-buffer tail). buf seq=0 count=1024
[mono_ns=7314084437378332][T0xf901889ecca0][WARN] copy_aicore_buffer: [chip_swimlane_collector.cpp:689] Core 5: skipped 1024 AICore record slot(s) with start_time=0 (race-window write or recycled-buffer tail). buf seq=0 count=1024
[mono_ns=7314084437454793][T0xf901891fcca0][WARN] copy_aicore_buffer: [chip_swimlane_collector.cpp:689] Core 4: skipped 1024 AICore record slot(s) with start_time=0 (race-window write or recycled-buffer tail). buf seq=0 count=1024
[mono_ns=7314084437554464][T0xf90189a0cca0][WARN] copy_aicore_buffer: [chip_swimlane_collector.cpp:689] Core 30: skipped 1024 AICore record slot(s) with start_time=0 (race-window write or recycled-buffer tail). buf seq=0 count=1024
[mono_ns=7314084437692974][T0xf901889ecca0][WARN] copy_aicore_buffer: [chip_swimlane_collector.cpp:689] Core 34: skipped 1024 AICore record slot(s) with start_time=0 (race-window write or recycled-buffer tail). buf seq=0 count=1024
[mono_ns=7314084437793065][T0xf901891fcca0][WARN] copy_aicore_buffer: [chip_swimlane_collector.cpp:689] Core 32: skipped 1024 AICore record slot(s) with start_time=0 (race-window write or recycled-buffer tail). buf seq=0 count=1024
[mono_ns=7314084437841825][T0xf90189a0cca0][WARN] copy_aicore_buffer: [chip_swimlane_collector.cpp:689] Core 31: skipped 1024 AICore record slot(s) with start_time=0 (race-window write or recycled-buffer tail). buf seq=0 count=1024
[mono_ns=7314084438016046][T0xf901889ecca0][WARN] copy_aicore_buffer: [chip_swimlane_collector.cpp:689] Core 35: skipped 1024 AICore record slot(s) with start_time=0 (race-window write or recycled-buffer tail). buf seq=0 count=1024
[mono_ns=7314084438124457][T0xf901891fcca0][WARN] copy_aicore_buffer: [chip_swimlane_collector.cpp:689] Core 33: skipped 1024 AICore record slot(s) with start_time=0 (race-window write or recycled-buffer tail). buf seq=0 count=1024
[mono_ns=7314084438141877][T0xf90189a0cca0][WARN] copy_aicore_buffer: [chip_swimlane_collector.cpp:689] Core 6: skipped 1024 AICore record slot(s) with start_time=0 (race-window write or recycled-buffer tail). buf seq=0 count=1024
[mono_ns=7314084438329938][T0xf901889ecca0][WARN] copy_aicore_buffer: [chip_swimlane_collector.cpp:689] Core 8: skipped 1024 AICore record slot(s) with start_time=0 (race-window write or recycled-buffer tail). buf seq=0 count=1024
[mono_ns=7314084438446309][T0xf901891fcca0][WARN] copy_aicore_buffer: [chip_swimlane_collector.cpp:689] Core 7: skipped 1024 AICore record slot(s) with start_time=0 (race-window write or recycled-buffer tail). buf seq=0 count=1024
[mono_ns=7314084438643680][T0xf901889ecca0][WARN] copy_aicore_buffer: [chip_swimlane_collector.cpp:689] Core 40: skipped 1024 AICore record slot(s) with start_time=0 (race-window write or recycled-buffer tail). buf seq=0 count=1024
[mono_ns=7314084438681611][T0xf90189a0cca0][WARN] copy_aicore_buffer: [chip_swimlane_collector.cpp:689] Core 36: skipped 1024 AICore record slot(s) with start_time=0 (race-window write or recycled-buffer tail). buf seq=0 count=1024
[mono_ns=7314084438767041][T0xf901891fcca0][WARN] copy_aicore_buffer: [chip_swimlane_collector.cpp:689] Core 38: skipped 1024 AICore record slot(s) with start_time=0 (race-window write or recycled-buffer tail). buf seq=0 count=1024
[mono_ns=7314084438957512][T0xf901889ecca0][WARN] copy_aicore_buffer: [chip_swimlane_collector.cpp:689] Core 41: skipped 1024 AICore record slot(s) with start_time=0 (race-window write or recycled-buffer tail). buf seq=0 count=1024
[mono_ns=7314084438999803][T0xf90189a0cca0][WARN] copy_aicore_buffer: [chip_swimlane_collector.cpp:689] Core 37: skipped 1024 AICore record slot(s) with start_time=0 (race-window write or recycled-buffer tail). buf seq=0 count=1024
[mono_ns=7314084439098923][T0xf901891fcca0][WARN] copy_aicore_buffer: [chip_swimlane_collector.cpp:689] Core 39: skipped 1024 AICore record slot(s) with start_time=0 (race-window write or recycled-buffer tail). buf seq=0 count=1024
[mono_ns=7314084439281204][T0xf901889ecca0][WARN] copy_aicore_buffer: [chip_swimlane_collector.cpp:689] Core 11: skipped 1024 AICore record slot(s) with start_time=0 (race-window write or recycled-buffer tail). buf seq=0 count=1024
[mono_ns=7314084439334715][T0xf90189a0cca0][WARN] copy_aicore_buffer: [chip_swimlane_collector.cpp:689] Core 9: skipped 1024 AICore record slot(s) with start_time=0 (race-window write or recycled-buffer tail). buf seq=0 count=1024
[mono_ns=7314084439558936][T0xf901891fcca0][WARN] copy_aicore_buffer: [chip_swimlane_collector.cpp:689] Core 10: skipped 1024 AICore record slot(s) with start_time=0 (race-window write or recycled-buffer tail). buf seq=0 count=1024
[mono_ns=7314084439593846][T0xf901889ecca0][WARN] copy_aicore_buffer: [chip_swimlane_collector.cpp:689] Core 46: skipped 1024 AICore record slot(s) with start_time=0 (race-window write or recycled-buffer tail). buf seq=0 count=1024
[mono_ns=7314084439650467][T0xf90189a0cca0][WARN] copy_aicore_buffer: [chip_swimlane_collector.cpp:689] Core 42: skipped 1024 AICore record slot(s) with start_time=0 (race-window write or recycled-buffer tail). buf seq=0 count=1024
[mono_ns=7314084439874848][T0xf901891fcca0][WARN] copy_aicore_buffer: [chip_swimlane_collector.cpp:689] Core 44: skipped 1024 AICore record slot(s) with start_time=0 (race-window write or recycled-buffer tail). buf seq=0 count=1024
[mono_ns=7314084439908968][T0xf901889ecca0][WARN] copy_aicore_buffer: [chip_swimlane_collector.cpp:689] Core 47: skipped 1024 AICore record slot(s) with start_time=0 (race-window write or recycled-buffer tail). buf seq=0 count=1024
[mono_ns=7314084439963439][T0xf90189a0cca0][WARN] copy_aicore_buffer: [chip_swimlane_collector.cpp:689] Core 43: skipped 1024 AICore record slot(s) with start_time=0 (race-window write or recycled-buffer tail). buf seq=0 count=1024
[mono_ns=7314084440201110][T0xf901891fcca0][WARN] copy_aicore_buffer: [chip_swimlane_collector.cpp:689] Core 45: skipped 1024 AICore record slot(s) with start_time=0 (race-window write or recycled-buffer tail). buf seq=0 count=1024
[mono_ns=7314084440232050][T0xf901889ecca0][WARN] copy_aicore_buffer: [chip_swimlane_collector.cpp:689] Core 14: skipped 1024 AICore record slot(s) with start_time=0 (race-window write or recycled-buffer tail). buf seq=0 count=1024
[mono_ns=7314084440299571][T0xf90189a0cca0][WARN] copy_aicore_buffer: [chip_swimlane_collector.cpp:689] Core 12: skipped 1024 AICore record slot(s) with start_time=0 (race-window write or recycled-buffer tail). buf seq=0 count=1024
[mono_ns=7314084440515202][T0xf901891fcca0][WARN] copy_aicore_buffer: [chip_swimlane_collector.cpp:689] Core 13: skipped 1024 AICore record slot(s) with start_time=0 (race-window write or recycled-buffer tail). buf seq=0 count=1024
[mono_ns=7314084440545602][T0xf901889ecca0][WARN] copy_aicore_buffer: [chip_swimlane_collector.cpp:689] Core 52: skipped 1024 AICore record slot(s) with start_time=0 (race-window write or recycled-buffer tail). buf seq=0 count=1024
[mono_ns=7314084440613453][T0xf90189a0cca0][WARN] copy_aicore_buffer: [chip_swimlane_collector.cpp:689] Core 48: skipped 1024 AICore record slot(s) with start_time=0 (race-window write or recycled-buffer tail). buf seq=0 count=1024
[mono_ns=7314084440828764][T0xf901891fcca0][WARN] copy_aicore_buffer: [chip_swimlane_collector.cpp:689] Core 50: skipped 1024 AICore record slot(s) with start_time=0 (race-window write or recycled-buffer tail). buf seq=0 count=1024
[mono_ns=7314084440859054][T0xf901889ecca0][WARN] copy_aicore_buffer: [chip_swimlane_collector.cpp:689] Core 53: skipped 1024 AICore record slot(s) with start_time=0 (race-window write or recycled-buffer tail). buf seq=0 count=1024
[mono_ns=7314084440927435][T0xf90189a0cca0][WARN] copy_aicore_buffer: [chip_swimlane_collector.cpp:689] Core 49: skipped 1024 AICore record slot(s) with start_time=0 (race-window write or recycled-buffer tail). buf seq=0 count=1024
[mono_ns=7314084441186096][T0xf901891fcca0][WARN] copy_aicore_buffer: [chip_swimlane_collector.cpp:689] Core 51: skipped 1024 AICore record slot(s) with start_time=0 (race-window write or recycled-buffer tail). buf seq=0 count=1024
[mono_ns=7314084441192316][T0xf901889ecca0][WARN] copy_aicore_buffer: [chip_swimlane_collector.cpp:689] Core 17: skipped 1024 AICore record slot(s) with start_time=0 (race-window write or recycled-buffer tail). buf seq=0 count=1024
[mono_ns=7314084441245127][T0xf90189a0cca0][WARN] copy_aicore_buffer: [chip_swimlane_collector.cpp:689] Core 15: skipped 1024 AICore record slot(s) with start_time=0 (race-window write or recycled-buffer tail). buf seq=0 count=1024
[mono_ns=7314084441500988][T0xf901891fcca0][WARN] copy_aicore_buffer: [chip_swimlane_collector.cpp:689] Core 16: skipped 1024 AICore record slot(s) with start_time=0 (race-window write or recycled-buffer tail). buf seq=0 count=1024
[mono_ns=7314084441503958][T0xf901889ecca0][WARN] copy_aicore_buffer: [chip_swimlane_collector.cpp:689] Core 58: skipped 1024 AICore record slot(s) with start_time=0 (race-window write or recycled-buffer tail). buf seq=0 count=1024
[mono_ns=7314084441558099][T0xf90189a0cca0][WARN] copy_aicore_buffer: [chip_swimlane_collector.cpp:689] Core 54: skipped 1024 AICore record slot(s) with start_time=0 (race-window write or recycled-buffer tail). buf seq=0 count=1024
[mono_ns=7314084441815820][T0xf901891fcca0][WARN] copy_aicore_buffer: [chip_swimlane_collector.cpp:689] Core 56: skipped 1024 AICore record slot(s) with start_time=0 (race-window write or recycled-buffer tail). buf seq=0 count=1024
[mono_ns=7314084441816540][T0xf901889ecca0][WARN] copy_aicore_buffer: [chip_swimlane_collector.cpp:689] Core 59: skipped 1024 AICore record slot(s) with start_time=0 (race-window write or recycled-buffer tail). buf seq=0 count=1024
[mono_ns=7314084441899341][T0xf90189a0cca0][WARN] copy_aicore_buffer: [chip_swimlane_collector.cpp:689] Core 55: skipped 1024 AICore record slot(s) with start_time=0 (race-window write or recycled-buffer tail). buf seq=0 count=1024
[mono_ns=7314084442143242][T0xf901891fcca0][WARN] copy_aicore_buffer: [chip_swimlane_collector.cpp:689] Core 57: skipped 1024 AICore record slot(s) with start_time=0 (race-window write or recycled-buffer tail). buf seq=0 count=1024
[mono_ns=7314084442143642][T0xf901889ecca0][WARN] copy_aicore_buffer: [chip_swimlane_collector.cpp:689] Core 20: skipped 1024 AICore record slot(s) with start_time=0 (race-window write or recycled-buffer tail). buf seq=0 count=1024
[mono_ns=7314084442224613][T0xf90189a0cca0][WARN] copy_aicore_buffer: [chip_swimlane_collector.cpp:689] Core 18: skipped 1024 AICore record slot(s) with start_time=0 (race-window write or recycled-buffer tail). buf seq=0 count=1024
[mono_ns=7314084442455844][T0xf901889ecca0][WARN] copy_aicore_buffer: [chip_swimlane_collector.cpp:689] Core 64: skipped 1024 AICore record slot(s) with start_time=0 (race-window write or recycled-buffer tail). buf seq=0 count=1024
[mono_ns=7314084442457644][T0xf901891fcca0][WARN] copy_aicore_buffer: [chip_swimlane_collector.cpp:689] Core 19: skipped 1024 AICore record slot(s) with start_time=0 (race-window write or recycled-buffer tail). buf seq=0 count=1024
[mono_ns=7314084442538065][T0xf90189a0cca0][WARN] copy_aicore_buffer: [chip_swimlane_collector.cpp:689] Core 60: skipped 1024 AICore record slot(s) with start_time=0 (race-window write or recycled-buffer tail). buf seq=0 count=1024
[mono_ns=7314084442767396][T0xf901889ecca0][WARN] copy_aicore_buffer: [chip_swimlane_collector.cpp:689] Core 65: skipped 1024 AICore record slot(s) with start_time=0 (race-window write or recycled-buffer tail). buf seq=0 count=1024
[mono_ns=7314084442804406][T0xf901891fcca0][WARN] copy_aicore_buffer: [chip_swimlane_collector.cpp:689] Core 62: skipped 1024 AICore record slot(s) with start_time=0 (race-window write or recycled-buffer tail). buf seq=0 count=1024
[mono_ns=7314084442850437][T0xf90189a0cca0][WARN] copy_aicore_buffer: [chip_swimlane_collector.cpp:689] Core 61: skipped 1024 AICore record slot(s) with start_time=0 (race-window write or recycled-buffer tail). buf seq=0 count=1024
[mono_ns=7314084443091938][T0xf901889ecca0][WARN] copy_aicore_buffer: [chip_swimlane_collector.cpp:689] Core 23: skipped 1024 AICore record slot(s) with start_time=0 (race-window write or recycled-buffer tail). buf seq=0 count=1024
[mono_ns=7314084443129688][T0xf901891fcca0][WARN] copy_aicore_buffer: [chip_swimlane_collector.cpp:689] Core 63: skipped 1024 AICore record slot(s) with start_time=0 (race-window write or recycled-buffer tail). buf seq=0 count=1024
[mono_ns=7314084443174669][T0xf90189a0cca0][WARN] copy_aicore_buffer: [chip_swimlane_collector.cpp:689] Core 21: skipped 1024 AICore record slot(s) with start_time=0 (race-window write or recycled-buffer tail). buf seq=0 count=1024
[mono_ns=7314084443405600][T0xf901889ecca0][WARN] copy_aicore_buffer: [chip_swimlane_collector.cpp:689] Core 70: skipped 1024 AICore record slot(s) with start_time=0 (race-window write or recycled-buffer tail). buf seq=0 count=1024
[mono_ns=7314084443446380][T0xf901891fcca0][WARN] copy_aicore_buffer: [chip_swimlane_collector.cpp:689] Core 22: skipped 1024 AICore record slot(s) with start_time=0 (race-window write or recycled-buffer tail). buf seq=0 count=1024
[mono_ns=7314084443489081][T0xf90189a0cca0][WARN] copy_aicore_buffer: [chip_swimlane_collector.cpp:689] Core 66: skipped 1024 AICore record slot(s) with start_time=0 (race-window write or recycled-buffer tail). buf seq=0 count=1024
[mono_ns=7314084443729382][T0xf901889ecca0][WARN] copy_aicore_buffer: [chip_swimlane_collector.cpp:689] Core 71: skipped 1024 AICore record slot(s) with start_time=0 (race-window write or recycled-buffer tail). buf seq=0 count=1024
[mono_ns=7314084443760232][T0xf901891fcca0][WARN] copy_aicore_buffer: [chip_swimlane_collector.cpp:689] Core 68: skipped 1024 AICore record slot(s) with start_time=0 (race-window write or recycled-buffer tail). buf seq=0 count=1024
[mono_ns=7314084443801902][T0xf90189a0cca0][WARN] copy_aicore_buffer: [chip_swimlane_collector.cpp:689] Core 67: skipped 1024 AICore record slot(s) with start_time=0 (race-window write or recycled-buffer tail). buf seq=0 count=1024
[mono_ns=7314084444083434][T0xf901891fcca0][WARN] copy_aicore_buffer: [chip_swimlane_collector.cpp:689] Core 69: skipped 1024 AICore record slot(s) with start_time=0 (race-window write or recycled-buffer tail). buf seq=0 count=1024
[mono_ns=7314084544607690][T0xf902cbd5b020][TIMING] emit_host_span: [STRACE] v=1 pid=4187412 tid=4187412 inv=22 hid=16640ce8da8c63f2 depth=1 name=chip.run.runner_run ts=7314084433537049 dur=111064591 
[mono_ns=7314084546465751][T0xf902cbd5b020][TIMING] emit_host_span: [STRACE] v=1 pid=4187412 tid=4187412 inv=22 hid=16640ce8da8c63f2 depth=1 name=chip.run.validate ts=7314084544617920 dur=1842141 
[mono_ns=7314084546485001][T0xf902cbd5b020][TIMING] emit_host_span: [STRACE] v=1 pid=4187412 tid=4187412 inv=22 hid=16640ce8da8c63f2 depth=2 name=chip.run.runner_run.device_wall ts=0 dur=2362400 clk=dev
[mono_ns=7314084546489641][T0xf902cbd5b020][TIMING] emit_host_span: [STRACE] v=1 pid=4187412 tid=4187412 inv=22 hid=16640ce8da8c63f2 depth=3 name=chip.run.runner_run.device_wall.preamble ts=0 dur=613100 clk=dev
[mono_ns=7314084546493961][T0xf902cbd5b020][TIMING] emit_host_span: [STRACE] v=1 pid=4187412 tid=4187412 inv=22 hid=16640ce8da8c63f2 depth=3 name=chip.run.runner_run.device_wall.graph_build ts=609360 dur=1742780 clk=dev
[mono_ns=7314084546498251][T0xf902cbd5b020][TIMING] emit_host_span: [STRACE] v=1 pid=4187412 tid=4187412 inv=22 hid=16640ce8da8c63f2 depth=3 name=chip.run.runner_run.device_wall.config_validate ts=609480 dur=760 clk=dev
[mono_ns=7314084546501641][T0xf902cbd5b020][TIMING] emit_host_span: [STRACE] v=1 pid=4187412 tid=4187412 inv=22 hid=16640ce8da8c63f2 depth=3 name=chip.run.runner_run.device_wall.arena_wire ts=610280 dur=240 clk=dev
[mono_ns=7314084546504951][T0xf902cbd5b020][TIMING] emit_host_span: [STRACE] v=1 pid=4187412 tid=4187412 inv=22 hid=16640ce8da8c63f2 depth=3 name=chip.run.runner_run.device_wall.sm_reset ts=610540 dur=480 clk=dev
[mono_ns=7314084546508182][T0xf902cbd5b020][TIMING] emit_host_span: [STRACE] v=1 pid=4187412 tid=4187412 inv=22 hid=16640ce8da8c63f2 depth=3 name=chip.run.runner_run.device_wall.post_orch ts=2352180 dur=10080 clk=dev
[mono_ns=7314084546514982][T0xf902cbd5b020][TIMING] emit_host_span: [STRACE] v=1 pid=4187412 tid=4187412 inv=22 hid=16640ce8da8c63f2 depth=3 name=chip.run.runner_run.device_wall.orch ts=611079 dur=3880 clk=dev
[mono_ns=7314084546518882][T0xf902cbd5b020][TIMING] emit_host_span: [STRACE] v=1 pid=4187412 tid=4187412 inv=22 hid=16640ce8da8c63f2 depth=3 name=chip.run.runner_run.device_wall.sched ts=613240 dur=1722260 clk=dev
[mono_ns=7314084546523382][T0xf902cbd5b020][TIMING] emit_host_span: [STRACE] v=1 pid=4187412 tid=4187412 inv=22 hid=16640ce8da8c63f2 depth=1 name=chip.run.claim_release ts=7314084546520982 dur=540 
[mono_ns=7314084546529662][T0xf902cbd5b020][TIMING] emit_host_span: [STRACE] v=1 pid=4187412 tid=4187412 inv=22 hid=16640ce8da8c63f2 depth=0 name=chip.run ts=7314084430915652 dur=115611950 run_id=22 dispatch_id=22 slot_id=0 generation=22 run_epoch=22
