[mono_ns=7257821666099638][T0xec111cb9b020][TIMING] emit_host_span: [STRACE] v=1 pid=2792124 tid=2792124 inv=1 hid=2e8e960a9b608ef3 depth=2 name=chip.run.bind.args ts=7257821665802115 dur=290113 
[mono_ns=7257821666142769][T0xec111cb9b020][TIMING] emit_host_span: [STRACE] v=1 pid=2792124 tid=2792124 inv=1 hid=2e8e960a9b608ef3 depth=2 name=chip.run.bind.prebuilt ts=7257821666137609 dur=2320 
[mono_ns=7257821666148779][T0xec111cb9b020][TIMING] emit_host_span: [STRACE] v=1 pid=2792124 tid=2792124 inv=1 hid=2e8e960a9b608ef3 depth=1 name=chip.run.bind ts=7257821665335701 dur=809798 
[mono_ns=7257821781593325][T0xec111cb9b020][TIMING] emit_host_span: [STRACE] v=1 pid=2792124 tid=2792124 inv=1 hid=2e8e960a9b608ef3 depth=1 name=chip.run.runner_run ts=7257821666980847 dur=114601018 
[mono_ns=7257821781862178][T0xec111cb9b020][TIMING] emit_host_span: [STRACE] v=1 pid=2792124 tid=2792124 inv=1 hid=2e8e960a9b608ef3 depth=1 name=chip.run.validate ts=7257821781607095 dur=250033 
[mono_ns=7257821781872978][T0xec111cb9b020][TIMING] emit_host_span: [STRACE] v=1 pid=2792124 tid=2792124 inv=1 hid=2e8e960a9b608ef3 depth=2 name=chip.run.runner_run.device_wall ts=0 dur=2280560 clk=dev
[mono_ns=7257821781877578][T0xec111cb9b020][TIMING] emit_host_span: [STRACE] v=1 pid=2792124 tid=2792124 inv=1 hid=2e8e960a9b608ef3 depth=3 name=chip.run.runner_run.device_wall.preamble ts=0 dur=174660 clk=dev
[mono_ns=7257821781906578][T0xec111cb9b020][TIMING] emit_host_span: [STRACE] v=1 pid=2792124 tid=2792124 inv=1 hid=2e8e960a9b608ef3 depth=3 name=chip.run.runner_run.device_wall.graph_build ts=39879 dur=2219100 clk=dev
[mono_ns=7257821781912248][T0xec111cb9b020][TIMING] emit_host_span: [STRACE] v=1 pid=2792124 tid=2792124 inv=1 hid=2e8e960a9b608ef3 depth=3 name=chip.run.runner_run.device_wall.config_validate ts=44360 dur=3580 clk=dev
[mono_ns=7257821781917828][T0xec111cb9b020][TIMING] emit_host_span: [STRACE] v=1 pid=2792124 tid=2792124 inv=1 hid=2e8e960a9b608ef3 depth=3 name=chip.run.runner_run.device_wall.arena_wire ts=47960 dur=12940 clk=dev
[mono_ns=7257821781922118][T0xec111cb9b020][TIMING] emit_host_span: [STRACE] v=1 pid=2792124 tid=2792124 inv=1 hid=2e8e960a9b608ef3 depth=3 name=chip.run.runner_run.device_wall.sm_reset ts=60920 dur=17960 clk=dev
[mono_ns=7257821781925978][T0xec111cb9b020][TIMING] emit_host_span: [STRACE] v=1 pid=2792124 tid=2792124 inv=1 hid=2e8e960a9b608ef3 depth=3 name=chip.run.runner_run.device_wall.post_orch ts=2259040 dur=17800 clk=dev
[mono_ns=7257821781929769][T0xec111cb9b020][TIMING] emit_host_span: [STRACE] v=1 pid=2792124 tid=2792124 inv=1 hid=2e8e960a9b608ef3 depth=3 name=chip.run.runner_run.device_wall.orch ts=84280 dur=44140 clk=dev
[mono_ns=7257821781933809][T0xec111cb9b020][TIMING] emit_host_span: [STRACE] v=1 pid=2792124 tid=2792124 inv=1 hid=2e8e960a9b608ef3 depth=3 name=chip.run.runner_run.device_wall.sched ts=176460 dur=2059800 clk=dev
[mono_ns=7257821781960589][T0xec111cb9b020][TIMING] emit_host_span: [STRACE] v=1 pid=2792124 tid=2792124 inv=1 hid=2e8e960a9b608ef3 depth=1 name=chip.run.claim_release ts=7257821781957759 dur=450 
[mono_ns=7257821781966199][T0xec111cb9b020][TIMING] emit_host_span: [STRACE] v=1 pid=2792124 tid=2792124 inv=1 hid=2e8e960a9b608ef3 depth=0 name=chip.run ts=7257821665193770 dur=116770449 run_id=1 dispatch_id=1 slot_id=0 generation=1 run_epoch=1
[mono_ns=7257821791959546][T0xec111cb9b020][TIMING] emit_host_span: [STRACE] v=1 pid=2792124 tid=2792124 inv=2 hid=2e8e960a9b608ef3 depth=2 name=chip.run.bind.args ts=7257821791750594 dur=202821 
[mono_ns=7257821791976436][T0xec111cb9b020][TIMING] emit_host_span: [STRACE] v=1 pid=2792124 tid=2792124 inv=2 hid=2e8e960a9b608ef3 depth=2 name=chip.run.bind.prebuilt ts=7257821791971656 dur=2420 
[mono_ns=7257821791981146][T0xec111cb9b020][TIMING] emit_host_span: [STRACE] v=1 pid=2792124 tid=2792124 inv=2 hid=2e8e960a9b608ef3 depth=1 name=chip.run.bind ts=7257821791743183 dur=235853 
[mono_ns=7257821853270948][T0xec0fbff0aca0][WARN] copy_aicore_buffer: [chip_swimlane_collector.cpp:689] Core 2: skipped 1024 AICore record slot(s) with start_time=0 (race-window write or recycled-buffer tail). buf seq=0 count=1024
[mono_ns=7257821853308389][T0xec0fda800ca0][WARN] copy_aicore_buffer: [chip_swimlane_collector.cpp:689] Core 0: skipped 1024 AICore record slot(s) with start_time=0 (race-window write or recycled-buffer tail). buf seq=0 count=1024
[mono_ns=7257821853326579][T0xec0fd8d6aca0][WARN] copy_aicore_buffer: [chip_swimlane_collector.cpp:689] Core 1: skipped 1024 AICore record slot(s) with start_time=0 (race-window write or recycled-buffer tail). buf seq=0 count=1024
[mono_ns=7257821853639802][T0xec0fbff0aca0][WARN] copy_aicore_buffer: [chip_swimlane_collector.cpp:689] Core 28: skipped 1022 AICore record slot(s) with start_time=0 (race-window write or recycled-buffer tail). buf seq=0 count=1024
[mono_ns=7257821853661002][T0xec0fda800ca0][WARN] copy_aicore_buffer: [chip_swimlane_collector.cpp:689] Core 24: skipped 1024 AICore record slot(s) with start_time=0 (race-window write or recycled-buffer tail). buf seq=0 count=1024
[mono_ns=7257821853704813][T0xec0fd8d6aca0][WARN] copy_aicore_buffer: [chip_swimlane_collector.cpp:689] Core 26: skipped 1023 AICore record slot(s) with start_time=0 (race-window write or recycled-buffer tail). buf seq=0 count=1024
[mono_ns=7257821853962315][T0xec0fbff0aca0][WARN] copy_aicore_buffer: [chip_swimlane_collector.cpp:689] Core 29: skipped 1024 AICore record slot(s) with start_time=0 (race-window write or recycled-buffer tail). buf seq=0 count=1024
[mono_ns=7257821853995215][T0xec0fda800ca0][WARN] copy_aicore_buffer: [chip_swimlane_collector.cpp:689] Core 25: skipped 1024 AICore record slot(s) with start_time=0 (race-window write or recycled-buffer tail). buf seq=0 count=1024
[mono_ns=7257821854055606][T0xec0fd8d6aca0][WARN] copy_aicore_buffer: [chip_swimlane_collector.cpp:689] Core 27: skipped 1024 AICore record slot(s) with start_time=0 (race-window write or recycled-buffer tail). buf seq=0 count=1024
[mono_ns=7257821854315409][T0xec0fbff0aca0][WARN] copy_aicore_buffer: [chip_swimlane_collector.cpp:689] Core 5: skipped 1024 AICore record slot(s) with start_time=0 (race-window write or recycled-buffer tail). buf seq=0 count=1024
[mono_ns=7257821854364339][T0xec0fda800ca0][WARN] copy_aicore_buffer: [chip_swimlane_collector.cpp:689] Core 3: skipped 1024 AICore record slot(s) with start_time=0 (race-window write or recycled-buffer tail). buf seq=0 count=1024
[mono_ns=7257821854427420][T0xec0fd8d6aca0][WARN] copy_aicore_buffer: [chip_swimlane_collector.cpp:689] Core 4: skipped 1024 AICore record slot(s) with start_time=0 (race-window write or recycled-buffer tail). buf seq=0 count=1024
[mono_ns=7257821854641652][T0xec0fbff0aca0][WARN] copy_aicore_buffer: [chip_swimlane_collector.cpp:689] Core 34: skipped 1024 AICore record slot(s) with start_time=0 (race-window write or recycled-buffer tail). buf seq=0 count=1024
[mono_ns=7257821854729163][T0xec0fda800ca0][WARN] copy_aicore_buffer: [chip_swimlane_collector.cpp:689] Core 30: skipped 1024 AICore record slot(s) with start_time=0 (race-window write or recycled-buffer tail). buf seq=0 count=1024
[mono_ns=7257821854763623][T0xec0fd8d6aca0][WARN] copy_aicore_buffer: [chip_swimlane_collector.cpp:689] Core 32: skipped 1024 AICore record slot(s) with start_time=0 (race-window write or recycled-buffer tail). buf seq=0 count=1024
[mono_ns=7257821854965605][T0xec0fbff0aca0][WARN] copy_aicore_buffer: [chip_swimlane_collector.cpp:689] Core 35: skipped 1024 AICore record slot(s) with start_time=0 (race-window write or recycled-buffer tail). buf seq=0 count=1024
[mono_ns=7257821855077286][T0xec0fda800ca0][WARN] copy_aicore_buffer: [chip_swimlane_collector.cpp:689] Core 31: skipped 1024 AICore record slot(s) with start_time=0 (race-window write or recycled-buffer tail). buf seq=0 count=1024
[mono_ns=7257821855112386][T0xec0fd8d6aca0][WARN] copy_aicore_buffer: [chip_swimlane_collector.cpp:689] Core 33: skipped 1024 AICore record slot(s) with start_time=0 (race-window write or recycled-buffer tail). buf seq=0 count=1024
[mono_ns=7257821855296818][T0xec0fbff0aca0][WARN] copy_aicore_buffer: [chip_swimlane_collector.cpp:689] Core 8: skipped 1024 AICore record slot(s) with start_time=0 (race-window write or recycled-buffer tail). buf seq=0 count=1024
[mono_ns=7257821855414079][T0xec0fda800ca0][WARN] copy_aicore_buffer: [chip_swimlane_collector.cpp:689] Core 6: skipped 1024 AICore record slot(s) with start_time=0 (race-window write or recycled-buffer tail). buf seq=0 count=1024
[mono_ns=7257821855446520][T0xec0fd8d6aca0][WARN] copy_aicore_buffer: [chip_swimlane_collector.cpp:689] Core 7: skipped 1024 AICore record slot(s) with start_time=0 (race-window write or recycled-buffer tail). buf seq=0 count=1024
[mono_ns=7257821855628161][T0xec0fbff0aca0][WARN] copy_aicore_buffer: [chip_swimlane_collector.cpp:689] Core 40: skipped 1024 AICore record slot(s) with start_time=0 (race-window write or recycled-buffer tail). buf seq=0 count=1024
[mono_ns=7257821855750312][T0xec0fda800ca0][WARN] copy_aicore_buffer: [chip_swimlane_collector.cpp:689] Core 36: skipped 1024 AICore record slot(s) with start_time=0 (race-window write or recycled-buffer tail). buf seq=0 count=1024
[mono_ns=7257821855783353][T0xec0fd8d6aca0][WARN] copy_aicore_buffer: [chip_swimlane_collector.cpp:689] Core 38: skipped 1024 AICore record slot(s) with start_time=0 (race-window write or recycled-buffer tail). buf seq=0 count=1024
[mono_ns=7257821855949924][T0xec0fbff0aca0][WARN] copy_aicore_buffer: [chip_swimlane_collector.cpp:689] Core 41: skipped 1024 AICore record slot(s) with start_time=0 (race-window write or recycled-buffer tail). buf seq=0 count=1024
[mono_ns=7257821856096266][T0xec0fda800ca0][WARN] copy_aicore_buffer: [chip_swimlane_collector.cpp:689] Core 37: skipped 1024 AICore record slot(s) with start_time=0 (race-window write or recycled-buffer tail). buf seq=0 count=1024
[mono_ns=7257821856127916][T0xec0fd8d6aca0][WARN] copy_aicore_buffer: [chip_swimlane_collector.cpp:689] Core 39: skipped 1024 AICore record slot(s) with start_time=0 (race-window write or recycled-buffer tail). buf seq=0 count=1024
[mono_ns=7257821856283058][T0xec0fbff0aca0][WARN] copy_aicore_buffer: [chip_swimlane_collector.cpp:689] Core 11: skipped 1024 AICore record slot(s) with start_time=0 (race-window write or recycled-buffer tail). buf seq=0 count=1024
[mono_ns=7257821856458989][T0xec0fd8d6aca0][WARN] copy_aicore_buffer: [chip_swimlane_collector.cpp:689] Core 10: skipped 1024 AICore record slot(s) with start_time=0 (race-window write or recycled-buffer tail). buf seq=0 count=1024
[mono_ns=7257821856465119][T0xec0fda800ca0][WARN] copy_aicore_buffer: [chip_swimlane_collector.cpp:689] Core 9: skipped 1024 AICore record slot(s) with start_time=0 (race-window write or recycled-buffer tail). buf seq=0 count=1024
[mono_ns=7257821856605541][T0xec0fbff0aca0][WARN] copy_aicore_buffer: [chip_swimlane_collector.cpp:689] Core 46: skipped 1024 AICore record slot(s) with start_time=0 (race-window write or recycled-buffer tail). buf seq=0 count=1024
[mono_ns=7257821856798603][T0xec0fd8d6aca0][WARN] copy_aicore_buffer: [chip_swimlane_collector.cpp:689] Core 44: skipped 1024 AICore record slot(s) with start_time=0 (race-window write or recycled-buffer tail). buf seq=0 count=1024
[mono_ns=7257821856800983][T0xec0fda800ca0][WARN] copy_aicore_buffer: [chip_swimlane_collector.cpp:689] Core 42: skipped 1024 AICore record slot(s) with start_time=0 (race-window write or recycled-buffer tail). buf seq=0 count=1024
[mono_ns=7257821856928404][T0xec0fbff0aca0][WARN] copy_aicore_buffer: [chip_swimlane_collector.cpp:689] Core 47: skipped 1024 AICore record slot(s) with start_time=0 (race-window write or recycled-buffer tail). buf seq=0 count=1024
[mono_ns=7257821857143946][T0xec0fda800ca0][WARN] copy_aicore_buffer: [chip_swimlane_collector.cpp:689] Core 43: skipped 1024 AICore record slot(s) with start_time=0 (race-window write or recycled-buffer tail). buf seq=0 count=1024
[mono_ns=7257821857148256][T0xec0fd8d6aca0][WARN] copy_aicore_buffer: [chip_swimlane_collector.cpp:689] Core 45: skipped 1024 AICore record slot(s) with start_time=0 (race-window write or recycled-buffer tail). buf seq=0 count=1024
[mono_ns=7257821857310428][T0xec0fbff0aca0][WARN] copy_aicore_buffer: [chip_swimlane_collector.cpp:689] Core 14: skipped 1024 AICore record slot(s) with start_time=0 (race-window write or recycled-buffer tail). buf seq=0 count=1024
[mono_ns=7257821857482319][T0xec0fd8d6aca0][WARN] copy_aicore_buffer: [chip_swimlane_collector.cpp:689] Core 13: skipped 1024 AICore record slot(s) with start_time=0 (race-window write or recycled-buffer tail). buf seq=0 count=1024
[mono_ns=7257821857486989][T0xec0fda800ca0][WARN] copy_aicore_buffer: [chip_swimlane_collector.cpp:689] Core 12: skipped 1024 AICore record slot(s) with start_time=0 (race-window write or recycled-buffer tail). buf seq=0 count=1024
[mono_ns=7257821857634991][T0xec0fbff0aca0][WARN] copy_aicore_buffer: [chip_swimlane_collector.cpp:689] Core 52: skipped 1024 AICore record slot(s) with start_time=0 (race-window write or recycled-buffer tail). buf seq=0 count=1024
[mono_ns=7257821857821772][T0xec0fd8d6aca0][WARN] copy_aicore_buffer: [chip_swimlane_collector.cpp:689] Core 50: skipped 1024 AICore record slot(s) with start_time=0 (race-window write or recycled-buffer tail). buf seq=0 count=1024
[mono_ns=7257821857826873][T0xec0fda800ca0][WARN] copy_aicore_buffer: [chip_swimlane_collector.cpp:689] Core 48: skipped 1024 AICore record slot(s) with start_time=0 (race-window write or recycled-buffer tail). buf seq=0 count=1024
[mono_ns=7257821857959534][T0xec0fbff0aca0][WARN] copy_aicore_buffer: [chip_swimlane_collector.cpp:689] Core 53: skipped 1024 AICore record slot(s) with start_time=0 (race-window write or recycled-buffer tail). buf seq=0 count=1024
[mono_ns=7257821858173946][T0xec0fd8d6aca0][WARN] copy_aicore_buffer: [chip_swimlane_collector.cpp:689] Core 51: skipped 1024 AICore record slot(s) with start_time=0 (race-window write or recycled-buffer tail). buf seq=0 count=1024
[mono_ns=7257821858214896][T0xec0fda800ca0][WARN] copy_aicore_buffer: [chip_swimlane_collector.cpp:689] Core 49: skipped 1024 AICore record slot(s) with start_time=0 (race-window write or recycled-buffer tail). buf seq=0 count=1024
[mono_ns=7257821858294127][T0xec0fbff0aca0][WARN] copy_aicore_buffer: [chip_swimlane_collector.cpp:689] Core 17: skipped 1024 AICore record slot(s) with start_time=0 (race-window write or recycled-buffer tail). buf seq=0 count=1024
[mono_ns=7257821858512619][T0xec0fd8d6aca0][WARN] copy_aicore_buffer: [chip_swimlane_collector.cpp:689] Core 16: skipped 1024 AICore record slot(s) with start_time=0 (race-window write or recycled-buffer tail). buf seq=0 count=1024
[mono_ns=7257821858551460][T0xec0fda800ca0][WARN] copy_aicore_buffer: [chip_swimlane_collector.cpp:689] Core 15: skipped 1024 AICore record slot(s) with start_time=0 (race-window write or recycled-buffer tail). buf seq=0 count=1024
[mono_ns=7257821858616690][T0xec0fbff0aca0][WARN] copy_aicore_buffer: [chip_swimlane_collector.cpp:689] Core 58: skipped 1024 AICore record slot(s) with start_time=0 (race-window write or recycled-buffer tail). buf seq=0 count=1024
[mono_ns=7257821858847702][T0xec0fd8d6aca0][WARN] copy_aicore_buffer: [chip_swimlane_collector.cpp:689] Core 56: skipped 1024 AICore record slot(s) with start_time=0 (race-window write or recycled-buffer tail). buf seq=0 count=1024
[mono_ns=7257821858886033][T0xec0fda800ca0][WARN] copy_aicore_buffer: [chip_swimlane_collector.cpp:689] Core 54: skipped 1024 AICore record slot(s) with start_time=0 (race-window write or recycled-buffer tail). buf seq=0 count=1024
[mono_ns=7257821858938493][T0xec0fbff0aca0][WARN] copy_aicore_buffer: [chip_swimlane_collector.cpp:689] Core 59: skipped 1024 AICore record slot(s) with start_time=0 (race-window write or recycled-buffer tail). buf seq=0 count=1024
[mono_ns=7257821859198206][T0xec0fd8d6aca0][WARN] copy_aicore_buffer: [chip_swimlane_collector.cpp:689] Core 57: skipped 1024 AICore record slot(s) with start_time=0 (race-window write or recycled-buffer tail). buf seq=0 count=1024
[mono_ns=7257821859228346][T0xec0fda800ca0][WARN] copy_aicore_buffer: [chip_swimlane_collector.cpp:689] Core 55: skipped 1024 AICore record slot(s) with start_time=0 (race-window write or recycled-buffer tail). buf seq=0 count=1024
[mono_ns=7257821859271437][T0xec0fbff0aca0][WARN] copy_aicore_buffer: [chip_swimlane_collector.cpp:689] Core 20: skipped 1024 AICore record slot(s) with start_time=0 (race-window write or recycled-buffer tail). buf seq=0 count=1024
[mono_ns=7257821859535889][T0xec0fd8d6aca0][WARN] copy_aicore_buffer: [chip_swimlane_collector.cpp:689] Core 19: skipped 1024 AICore record slot(s) with start_time=0 (race-window write or recycled-buffer tail). buf seq=0 count=1024
[mono_ns=7257821859563689][T0xec0fda800ca0][WARN] copy_aicore_buffer: [chip_swimlane_collector.cpp:689] Core 18: skipped 1024 AICore record slot(s) with start_time=0 (race-window write or recycled-buffer tail). buf seq=0 count=1024
[mono_ns=7257821859594280][T0xec0fbff0aca0][WARN] copy_aicore_buffer: [chip_swimlane_collector.cpp:689] Core 64: skipped 1024 AICore record slot(s) with start_time=0 (race-window write or recycled-buffer tail). buf seq=0 count=1024
[mono_ns=7257821859870652][T0xec0fd8d6aca0][WARN] copy_aicore_buffer: [chip_swimlane_collector.cpp:689] Core 62: skipped 1024 AICore record slot(s) with start_time=0 (race-window write or recycled-buffer tail). buf seq=0 count=1024
[mono_ns=7257821859918763][T0xec0fbff0aca0][WARN] copy_aicore_buffer: [chip_swimlane_collector.cpp:689] Core 65: skipped 1024 AICore record slot(s) with start_time=0 (race-window write or recycled-buffer tail). buf seq=0 count=1024
[mono_ns=7257821859921683][T0xec0fda800ca0][WARN] copy_aicore_buffer: [chip_swimlane_collector.cpp:689] Core 60: skipped 1024 AICore record slot(s) with start_time=0 (race-window write or recycled-buffer tail). buf seq=0 count=1024
[mono_ns=7257821860209586][T0xec0fd8d6aca0][WARN] copy_aicore_buffer: [chip_swimlane_collector.cpp:689] Core 63: skipped 1024 AICore record slot(s) with start_time=0 (race-window write or recycled-buffer tail). buf seq=0 count=1024
[mono_ns=7257821860250006][T0xec0fbff0aca0][WARN] copy_aicore_buffer: [chip_swimlane_collector.cpp:689] Core 23: skipped 1024 AICore record slot(s) with start_time=0 (race-window write or recycled-buffer tail). buf seq=0 count=1024
[mono_ns=7257821860266896][T0xec0fda800ca0][WARN] copy_aicore_buffer: [chip_swimlane_collector.cpp:689] Core 61: skipped 1024 AICore record slot(s) with start_time=0 (race-window write or recycled-buffer tail). buf seq=0 count=1024
[mono_ns=7257821860545989][T0xec0fd8d6aca0][WARN] copy_aicore_buffer: [chip_swimlane_collector.cpp:689] Core 22: skipped 1024 AICore record slot(s) with start_time=0 (race-window write or recycled-buffer tail). buf seq=0 count=1024
[mono_ns=7257821860572399][T0xec0fbff0aca0][WARN] copy_aicore_buffer: [chip_swimlane_collector.cpp:689] Core 70: skipped 1024 AICore record slot(s) with start_time=0 (race-window write or recycled-buffer tail). buf seq=0 count=1024
[mono_ns=7257821860603109][T0xec0fda800ca0][WARN] copy_aicore_buffer: [chip_swimlane_collector.cpp:689] Core 21: skipped 1024 AICore record slot(s) with start_time=0 (race-window write or recycled-buffer tail). buf seq=0 count=1024
[mono_ns=7257821860899712][T0xec0fbff0aca0][WARN] copy_aicore_buffer: [chip_swimlane_collector.cpp:689] Core 71: skipped 1024 AICore record slot(s) with start_time=0 (race-window write or recycled-buffer tail). buf seq=0 count=1024
[mono_ns=7257821860912512][T0xec0fd8d6aca0][WARN] copy_aicore_buffer: [chip_swimlane_collector.cpp:689] Core 68: skipped 1024 AICore record slot(s) with start_time=0 (race-window write or recycled-buffer tail). buf seq=0 count=1024
[mono_ns=7257821860937433][T0xec0fda800ca0][WARN] copy_aicore_buffer: [chip_swimlane_collector.cpp:689] Core 66: skipped 1024 AICore record slot(s) with start_time=0 (race-window write or recycled-buffer tail). buf seq=0 count=1024
[mono_ns=7257821861258576][T0xec0fd8d6aca0][WARN] copy_aicore_buffer: [chip_swimlane_collector.cpp:689] Core 69: skipped 1024 AICore record slot(s) with start_time=0 (race-window write or recycled-buffer tail). buf seq=0 count=1024
[mono_ns=7257821861278266][T0xec0fda800ca0][WARN] copy_aicore_buffer: [chip_swimlane_collector.cpp:689] Core 67: skipped 1024 AICore record slot(s) with start_time=0 (race-window write or recycled-buffer tail). buf seq=0 count=1024
[mono_ns=7257821961877739][T0xec111cb9b020][TIMING] emit_host_span: [STRACE] v=1 pid=2792124 tid=2792124 inv=2 hid=2e8e960a9b608ef3 depth=1 name=chip.run.runner_run ts=7257821847572253 dur=114295766 
[mono_ns=7257821962089851][T0xec111cb9b020][TIMING] emit_host_span: [STRACE] v=1 pid=2792124 tid=2792124 inv=2 hid=2e8e960a9b608ef3 depth=1 name=chip.run.validate ts=7257821961893659 dur=191502 
[mono_ns=7257821962098241][T0xec111cb9b020][TIMING] emit_host_span: [STRACE] v=1 pid=2792124 tid=2792124 inv=2 hid=2e8e960a9b608ef3 depth=2 name=chip.run.runner_run.device_wall ts=0 dur=3292020 clk=dev
[mono_ns=7257821962103001][T0xec111cb9b020][TIMING] emit_host_span: [STRACE] v=1 pid=2792124 tid=2792124 inv=2 hid=2e8e960a9b608ef3 depth=3 name=chip.run.runner_run.device_wall.preamble ts=0 dur=133160 clk=dev
[mono_ns=7257821962107351][T0xec111cb9b020][TIMING] emit_host_span: [STRACE] v=1 pid=2792124 tid=2792124 inv=2 hid=2e8e960a9b608ef3 depth=3 name=chip.run.runner_run.device_wall.graph_build ts=127679 dur=3153600 clk=dev
[mono_ns=7257821962110991][T0xec111cb9b020][TIMING] emit_host_span: [STRACE] v=1 pid=2792124 tid=2792124 inv=2 hid=2e8e960a9b608ef3 depth=3 name=chip.run.runner_run.device_wall.config_validate ts=127920 dur=820 clk=dev
[mono_ns=7257821962114251][T0xec111cb9b020][TIMING] emit_host_span: [STRACE] v=1 pid=2792124 tid=2792124 inv=2 hid=2e8e960a9b608ef3 depth=3 name=chip.run.runner_run.device_wall.arena_wire ts=128760 dur=1060 clk=dev
[mono_ns=7257821962118101][T0xec111cb9b020][TIMING] emit_host_span: [STRACE] v=1 pid=2792124 tid=2792124 inv=2 hid=2e8e960a9b608ef3 depth=3 name=chip.run.runner_run.device_wall.sm_reset ts=129860 dur=2440 clk=dev
[mono_ns=7257821962121121][T0xec111cb9b020][TIMING] emit_host_span: [STRACE] v=1 pid=2792124 tid=2792124 inv=2 hid=2e8e960a9b608ef3 depth=3 name=chip.run.runner_run.device_wall.post_orch ts=3281360 dur=10540 clk=dev
[mono_ns=7257821962155702][T0xec111cb9b020][TIMING] emit_host_span: [STRACE] v=1 pid=2792124 tid=2792124 inv=2 hid=2e8e960a9b608ef3 depth=3 name=chip.run.runner_run.device_wall.orch ts=132340 dur=4720 clk=dev
[mono_ns=7257821962158992][T0xec111cb9b020][TIMING] emit_host_span: [STRACE] v=1 pid=2792124 tid=2792124 inv=2 hid=2e8e960a9b608ef3 depth=3 name=chip.run.runner_run.device_wall.sched ts=133340 dur=3121180 clk=dev
[mono_ns=7257821962163432][T0xec111cb9b020][TIMING] emit_host_span: [STRACE] v=1 pid=2792124 tid=2792124 inv=2 hid=2e8e960a9b608ef3 depth=1 name=chip.run.claim_release ts=7257821962161122 dur=530 
[mono_ns=7257821962167912][T0xec111cb9b020][TIMING] emit_host_span: [STRACE] v=1 pid=2792124 tid=2792124 inv=2 hid=2e8e960a9b608ef3 depth=0 name=chip.run ts=7257821791717473 dur=170448439 run_id=2 dispatch_id=2 slot_id=0 generation=2 run_epoch=2
[mono_ns=7257826820066592][T0xec111cb9b020][TIMING] emit_host_span: [STRACE] v=1 pid=2792124 tid=2792124 inv=3 hid=2e8e960a9b608ef3 depth=2 name=chip.run.bind.args ts=7257826819671638 dur=364993 
[mono_ns=7257826820090092][T0xec111cb9b020][TIMING] emit_host_span: [STRACE] v=1 pid=2792124 tid=2792124 inv=3 hid=2e8e960a9b608ef3 depth=2 name=chip.run.bind.prebuilt ts=7257826820082982 dur=4440 
[mono_ns=7257826820095272][T0xec111cb9b020][TIMING] emit_host_span: [STRACE] v=1 pid=2792124 tid=2792124 inv=3 hid=2e8e960a9b608ef3 depth=1 name=chip.run.bind ts=7257826819661828 dur=431164 
[mono_ns=7257826929042262][T0xec111cb9b020][TIMING] emit_host_span: [STRACE] v=1 pid=2792124 tid=2792124 inv=3 hid=2e8e960a9b608ef3 depth=1 name=chip.run.runner_run ts=7257826820659427 dur=108369865 
[mono_ns=7257826929274244][T0xec111cb9b020][TIMING] emit_host_span: [STRACE] v=1 pid=2792124 tid=2792124 inv=3 hid=2e8e960a9b608ef3 depth=1 name=chip.run.validate ts=7257826929057192 dur=212472 
[mono_ns=7257826929282715][T0xec111cb9b020][TIMING] emit_host_span: [STRACE] v=1 pid=2792124 tid=2792124 inv=3 hid=2e8e960a9b608ef3 depth=2 name=chip.run.runner_run.device_wall ts=0 dur=6567860 clk=dev
[mono_ns=7257826929287395][T0xec111cb9b020][TIMING] emit_host_span: [STRACE] v=1 pid=2792124 tid=2792124 inv=3 hid=2e8e960a9b608ef3 depth=3 name=chip.run.runner_run.device_wall.preamble ts=0 dur=10040 clk=dev
[mono_ns=7257826929291055][T0xec111cb9b020][TIMING] emit_host_span: [STRACE] v=1 pid=2792124 tid=2792124 inv=3 hid=2e8e960a9b608ef3 depth=3 name=chip.run.runner_run.device_wall.graph_build ts=2080 dur=6554840 clk=dev
[mono_ns=7257826929294475][T0xec111cb9b020][TIMING] emit_host_span: [STRACE] v=1 pid=2792124 tid=2792124 inv=3 hid=2e8e960a9b608ef3 depth=3 name=chip.run.runner_run.device_wall.config_validate ts=2280 dur=940 clk=dev
[mono_ns=7257826929297505][T0xec111cb9b020][TIMING] emit_host_span: [STRACE] v=1 pid=2792124 tid=2792124 inv=3 hid=2e8e960a9b608ef3 depth=3 name=chip.run.runner_run.device_wall.arena_wire ts=3239 dur=1320 clk=dev
[mono_ns=7257826929300515][T0xec111cb9b020][TIMING] emit_host_span: [STRACE] v=1 pid=2792124 tid=2792124 inv=3 hid=2e8e960a9b608ef3 depth=3 name=chip.run.runner_run.device_wall.sm_reset ts=4600 dur=2920 clk=dev
[mono_ns=7257826929328635][T0xec111cb9b020][TIMING] emit_host_span: [STRACE] v=1 pid=2792124 tid=2792124 inv=3 hid=2e8e960a9b608ef3 depth=3 name=chip.run.runner_run.device_wall.post_orch ts=6556980 dur=10420 clk=dev
[mono_ns=7257826929332295][T0xec111cb9b020][TIMING] emit_host_span: [STRACE] v=1 pid=2792124 tid=2792124 inv=3 hid=2e8e960a9b608ef3 depth=3 name=chip.run.runner_run.device_wall.orch ts=8500 dur=9780 clk=dev
[mono_ns=7257826929335265][T0xec111cb9b020][TIMING] emit_host_span: [STRACE] v=1 pid=2792124 tid=2792124 inv=3 hid=2e8e960a9b608ef3 depth=3 name=chip.run.runner_run.device_wall.sched ts=10299 dur=6538420 clk=dev
[mono_ns=7257826929339675][T0xec111cb9b020][TIMING] emit_host_span: [STRACE] v=1 pid=2792124 tid=2792124 inv=3 hid=2e8e960a9b608ef3 depth=1 name=chip.run.claim_release ts=7257826929337415 dur=440 
[mono_ns=7257826929344205][T0xec111cb9b020][TIMING] emit_host_span: [STRACE] v=1 pid=2792124 tid=2792124 inv=3 hid=2e8e960a9b608ef3 depth=0 name=chip.run ts=7257826819400905 dur=109941150 run_id=3 dispatch_id=3 slot_id=0 generation=3 run_epoch=3
[mono_ns=7257827006404048][T0xec111cb9b020][TIMING] emit_host_span: [STRACE] v=1 pid=2792124 tid=2792124 inv=4 hid=2e8e960a9b608ef3 depth=2 name=chip.run.bind.args ts=7257827006188626 dur=209242 
[mono_ns=7257827006416318][T0xec111cb9b020][TIMING] emit_host_span: [STRACE] v=1 pid=2792124 tid=2792124 inv=4 hid=2e8e960a9b608ef3 depth=2 name=chip.run.bind.prebuilt ts=7257827006411518 dur=2360 
[mono_ns=7257827006420628][T0xec111cb9b020][TIMING] emit_host_span: [STRACE] v=1 pid=2792124 tid=2792124 inv=4 hid=2e8e960a9b608ef3 depth=1 name=chip.run.bind ts=7257827006179816 dur=238592 
[mono_ns=7257827009399247][T0xec0fd8d6aca0][WARN] copy_aicore_buffer: [chip_swimlane_collector.cpp:689] Core 1: skipped 1024 AICore record slot(s) with start_time=0 (race-window write or recycled-buffer tail). buf seq=0 count=1024
[mono_ns=7257827009494258][T0xec0fbff0aca0][WARN] copy_aicore_buffer: [chip_swimlane_collector.cpp:689] Core 2: skipped 1024 AICore record slot(s) with start_time=0 (race-window write or recycled-buffer tail). buf seq=0 count=1024
[mono_ns=7257827009557708][T0xec0fda800ca0][WARN] copy_aicore_buffer: [chip_swimlane_collector.cpp:689] Core 0: skipped 1024 AICore record slot(s) with start_time=0 (race-window write or recycled-buffer tail). buf seq=0 count=1024
[mono_ns=7257827009759070][T0xec0fd8d6aca0][WARN] copy_aicore_buffer: [chip_swimlane_collector.cpp:689] Core 26: skipped 1021 AICore record slot(s) with start_time=0 (race-window write or recycled-buffer tail). buf seq=0 count=1024
[mono_ns=7257827009811971][T0xec0fbff0aca0][WARN] copy_aicore_buffer: [chip_swimlane_collector.cpp:689] Core 28: skipped 1024 AICore record slot(s) with start_time=0 (race-window write or recycled-buffer tail). buf seq=0 count=1024
[mono_ns=7257827009888192][T0xec0fda800ca0][WARN] copy_aicore_buffer: [chip_swimlane_collector.cpp:689] Core 24: skipped 1024 AICore record slot(s) with start_time=0 (race-window write or recycled-buffer tail). buf seq=0 count=1024
[mono_ns=7257827010112474][T0xec0fd8d6aca0][WARN] copy_aicore_buffer: [chip_swimlane_collector.cpp:689] Core 27: skipped 1024 AICore record slot(s) with start_time=0 (race-window write or recycled-buffer tail). buf seq=0 count=1024
[mono_ns=7257827010151244][T0xec0fbff0aca0][WARN] copy_aicore_buffer: [chip_swimlane_collector.cpp:689] Core 29: skipped 1024 AICore record slot(s) with start_time=0 (race-window write or recycled-buffer tail). buf seq=0 count=1024
[mono_ns=7257827010242865][T0xec0fda800ca0][WARN] copy_aicore_buffer: [chip_swimlane_collector.cpp:689] Core 25: skipped 1024 AICore record slot(s) with start_time=0 (race-window write or recycled-buffer tail). buf seq=0 count=1024
[mono_ns=7257827010435647][T0xec0fd8d6aca0][WARN] copy_aicore_buffer: [chip_swimlane_collector.cpp:689] Core 4: skipped 1024 AICore record slot(s) with start_time=0 (race-window write or recycled-buffer tail). buf seq=0 count=1024
[mono_ns=7257827010476397][T0xec0fbff0aca0][WARN] copy_aicore_buffer: [chip_swimlane_collector.cpp:689] Core 5: skipped 1024 AICore record slot(s) with start_time=0 (race-window write or recycled-buffer tail). buf seq=0 count=1024
[mono_ns=7257827010569478][T0xec0fda800ca0][WARN] copy_aicore_buffer: [chip_swimlane_collector.cpp:689] Core 3: skipped 1024 AICore record slot(s) with start_time=0 (race-window write or recycled-buffer tail). buf seq=0 count=1024
[mono_ns=7257827010762770][T0xec0fd8d6aca0][WARN] copy_aicore_buffer: [chip_swimlane_collector.cpp:689] Core 32: skipped 1024 AICore record slot(s) with start_time=0 (race-window write or recycled-buffer tail). buf seq=0 count=1024
[mono_ns=7257827010789890][T0xec0fbff0aca0][WARN] copy_aicore_buffer: [chip_swimlane_collector.cpp:689] Core 34: skipped 1024 AICore record slot(s) with start_time=0 (race-window write or recycled-buffer tail). buf seq=0 count=1024
[mono_ns=7257827010894561][T0xec0fda800ca0][WARN] copy_aicore_buffer: [chip_swimlane_collector.cpp:689] Core 30: skipped 1024 AICore record slot(s) with start_time=0 (race-window write or recycled-buffer tail). buf seq=0 count=1024
[mono_ns=7257827011102643][T0xec0fd8d6aca0][WARN] copy_aicore_buffer: [chip_swimlane_collector.cpp:689] Core 33: skipped 1024 AICore record slot(s) with start_time=0 (race-window write or recycled-buffer tail). buf seq=0 count=1024
[mono_ns=7257827011151364][T0xec0fbff0aca0][WARN] copy_aicore_buffer: [chip_swimlane_collector.cpp:689] Core 35: skipped 1024 AICore record slot(s) with start_time=0 (race-window write or recycled-buffer tail). buf seq=0 count=1024
[mono_ns=7257827011234205][T0xec0fda800ca0][WARN] copy_aicore_buffer: [chip_swimlane_collector.cpp:689] Core 31: skipped 1024 AICore record slot(s) with start_time=0 (race-window write or recycled-buffer tail). buf seq=0 count=1024
[mono_ns=7257827011442197][T0xec0fd8d6aca0][WARN] copy_aicore_buffer: [chip_swimlane_collector.cpp:689] Core 7: skipped 1024 AICore record slot(s) with start_time=0 (race-window write or recycled-buffer tail). buf seq=0 count=1024
[mono_ns=7257827011465027][T0xec0fbff0aca0][WARN] copy_aicore_buffer: [chip_swimlane_collector.cpp:689] Core 8: skipped 1024 AICore record slot(s) with start_time=0 (race-window write or recycled-buffer tail). buf seq=0 count=1024
[mono_ns=7257827011561348][T0xec0fda800ca0][WARN] copy_aicore_buffer: [chip_swimlane_collector.cpp:689] Core 6: skipped 1024 AICore record slot(s) with start_time=0 (race-window write or recycled-buffer tail). buf seq=0 count=1024
[mono_ns=7257827011769110][T0xec0fd8d6aca0][WARN] copy_aicore_buffer: [chip_swimlane_collector.cpp:689] Core 38: skipped 1024 AICore record slot(s) with start_time=0 (race-window write or recycled-buffer tail). buf seq=0 count=1024
[mono_ns=7257827011779090][T0xec0fbff0aca0][WARN] copy_aicore_buffer: [chip_swimlane_collector.cpp:689] Core 40: skipped 1024 AICore record slot(s) with start_time=0 (race-window write or recycled-buffer tail). buf seq=0 count=1024
[mono_ns=7257827011888121][T0xec0fda800ca0][WARN] copy_aicore_buffer: [chip_swimlane_collector.cpp:689] Core 36: skipped 1024 AICore record slot(s) with start_time=0 (race-window write or recycled-buffer tail). buf seq=0 count=1024
[mono_ns=7257827012109173][T0xec0fd8d6aca0][WARN] copy_aicore_buffer: [chip_swimlane_collector.cpp:689] Core 39: skipped 1024 AICore record slot(s) with start_time=0 (race-window write or recycled-buffer tail). buf seq=0 count=1024
[mono_ns=7257827012120403][T0xec0fbff0aca0][WARN] copy_aicore_buffer: [chip_swimlane_collector.cpp:689] Core 41: skipped 1024 AICore record slot(s) with start_time=0 (race-window write or recycled-buffer tail). buf seq=0 count=1024
[mono_ns=7257827012228064][T0xec0fda800ca0][WARN] copy_aicore_buffer: [chip_swimlane_collector.cpp:689] Core 37: skipped 1024 AICore record slot(s) with start_time=0 (race-window write or recycled-buffer tail). buf seq=0 count=1024
[mono_ns=7257827012432536][T0xec0fbff0aca0][WARN] copy_aicore_buffer: [chip_swimlane_collector.cpp:689] Core 11: skipped 1024 AICore record slot(s) with start_time=0 (race-window write or recycled-buffer tail). buf seq=0 count=1024
[mono_ns=7257827012434106][T0xec0fd8d6aca0][WARN] copy_aicore_buffer: [chip_swimlane_collector.cpp:689] Core 10: skipped 1024 AICore record slot(s) with start_time=0 (race-window write or recycled-buffer tail). buf seq=0 count=1024
[mono_ns=7257827012555537][T0xec0fda800ca0][WARN] copy_aicore_buffer: [chip_swimlane_collector.cpp:689] Core 9: skipped 1024 AICore record slot(s) with start_time=0 (race-window write or recycled-buffer tail). buf seq=0 count=1024
[mono_ns=7257827012746099][T0xec0fbff0aca0][WARN] copy_aicore_buffer: [chip_swimlane_collector.cpp:689] Core 46: skipped 1024 AICore record slot(s) with start_time=0 (race-window write or recycled-buffer tail). buf seq=0 count=1024
[mono_ns=7257827012770349][T0xec0fd8d6aca0][WARN] copy_aicore_buffer: [chip_swimlane_collector.cpp:689] Core 44: skipped 1024 AICore record slot(s) with start_time=0 (race-window write or recycled-buffer tail). buf seq=0 count=1024
[mono_ns=7257827012895531][T0xec0fda800ca0][WARN] copy_aicore_buffer: [chip_swimlane_collector.cpp:689] Core 42: skipped 1024 AICore record slot(s) with start_time=0 (race-window write or recycled-buffer tail). buf seq=0 count=1024
[mono_ns=7257827013125813][T0xec0fbff0aca0][WARN] copy_aicore_buffer: [chip_swimlane_collector.cpp:689] Core 47: skipped 1024 AICore record slot(s) with start_time=0 (race-window write or recycled-buffer tail). buf seq=0 count=1024
[mono_ns=7257827013167543][T0xec0fd8d6aca0][WARN] copy_aicore_buffer: [chip_swimlane_collector.cpp:689] Core 45: skipped 1024 AICore record slot(s) with start_time=0 (race-window write or recycled-buffer tail). buf seq=0 count=1024
[mono_ns=7257827013256424][T0xec0fda800ca0][WARN] copy_aicore_buffer: [chip_swimlane_collector.cpp:689] Core 43: skipped 1024 AICore record slot(s) with start_time=0 (race-window write or recycled-buffer tail). buf seq=0 count=1024
[mono_ns=7257827013452936][T0xec0fbff0aca0][WARN] copy_aicore_buffer: [chip_swimlane_collector.cpp:689] Core 14: skipped 1024 AICore record slot(s) with start_time=0 (race-window write or recycled-buffer tail). buf seq=0 count=1024
[mono_ns=7257827013508727][T0xec0fd8d6aca0][WARN] copy_aicore_buffer: [chip_swimlane_collector.cpp:689] Core 13: skipped 1024 AICore record slot(s) with start_time=0 (race-window write or recycled-buffer tail). buf seq=0 count=1024
[mono_ns=7257827013593217][T0xec0fda800ca0][WARN] copy_aicore_buffer: [chip_swimlane_collector.cpp:689] Core 12: skipped 1024 AICore record slot(s) with start_time=0 (race-window write or recycled-buffer tail). buf seq=0 count=1024
[mono_ns=7257827013784369][T0xec0fbff0aca0][WARN] copy_aicore_buffer: [chip_swimlane_collector.cpp:689] Core 52: skipped 1024 AICore record slot(s) with start_time=0 (race-window write or recycled-buffer tail). buf seq=0 count=1024
[mono_ns=7257827013843750][T0xec0fd8d6aca0][WARN] copy_aicore_buffer: [chip_swimlane_collector.cpp:689] Core 50: skipped 1024 AICore record slot(s) with start_time=0 (race-window write or recycled-buffer tail). buf seq=0 count=1024
[mono_ns=7257827013941841][T0xec0fda800ca0][WARN] copy_aicore_buffer: [chip_swimlane_collector.cpp:689] Core 48: skipped 1024 AICore record slot(s) with start_time=0 (race-window write or recycled-buffer tail). buf seq=0 count=1024
[mono_ns=7257827014120762][T0xec0fbff0aca0][WARN] copy_aicore_buffer: [chip_swimlane_collector.cpp:689] Core 53: skipped 1024 AICore record slot(s) with start_time=0 (race-window write or recycled-buffer tail). buf seq=0 count=1024
[mono_ns=7257827014189183][T0xec0fd8d6aca0][WARN] copy_aicore_buffer: [chip_swimlane_collector.cpp:689] Core 51: skipped 1024 AICore record slot(s) with start_time=0 (race-window write or recycled-buffer tail). buf seq=0 count=1024
[mono_ns=7257827014287564][T0xec0fda800ca0][WARN] copy_aicore_buffer: [chip_swimlane_collector.cpp:689] Core 49: skipped 1024 AICore record slot(s) with start_time=0 (race-window write or recycled-buffer tail). buf seq=0 count=1024
[mono_ns=7257827014444106][T0xec0fbff0aca0][WARN] copy_aicore_buffer: [chip_swimlane_collector.cpp:689] Core 17: skipped 1024 AICore record slot(s) with start_time=0 (race-window write or recycled-buffer tail). buf seq=0 count=1024
[mono_ns=7257827014525386][T0xec0fd8d6aca0][WARN] copy_aicore_buffer: [chip_swimlane_collector.cpp:689] Core 16: skipped 1024 AICore record slot(s) with start_time=0 (race-window write or recycled-buffer tail). buf seq=0 count=1024
[mono_ns=7257827014624987][T0xec0fda800ca0][WARN] copy_aicore_buffer: [chip_swimlane_collector.cpp:689] Core 15: skipped 1024 AICore record slot(s) with start_time=0 (race-window write or recycled-buffer tail). buf seq=0 count=1024
[mono_ns=7257827014764789][T0xec0fbff0aca0][WARN] copy_aicore_buffer: [chip_swimlane_collector.cpp:689] Core 58: skipped 1024 AICore record slot(s) with start_time=0 (race-window write or recycled-buffer tail). buf seq=0 count=1024
[mono_ns=7257827014870840][T0xec0fd8d6aca0][WARN] copy_aicore_buffer: [chip_swimlane_collector.cpp:689] Core 56: skipped 1024 AICore record slot(s) with start_time=0 (race-window write or recycled-buffer tail). buf seq=0 count=1024
[mono_ns=7257827014960371][T0xec0fda800ca0][WARN] copy_aicore_buffer: [chip_swimlane_collector.cpp:689] Core 54: skipped 1024 AICore record slot(s) with start_time=0 (race-window write or recycled-buffer tail). buf seq=0 count=1024
[mono_ns=7257827015102742][T0xec0fbff0aca0][WARN] copy_aicore_buffer: [chip_swimlane_collector.cpp:689] Core 59: skipped 1024 AICore record slot(s) with start_time=0 (race-window write or recycled-buffer tail). buf seq=0 count=1024
[mono_ns=7257827015224123][T0xec0fd8d6aca0][WARN] copy_aicore_buffer: [chip_swimlane_collector.cpp:689] Core 57: skipped 1024 AICore record slot(s) with start_time=0 (race-window write or recycled-buffer tail). buf seq=0 count=1024
[mono_ns=7257827015300644][T0xec0fda800ca0][WARN] copy_aicore_buffer: [chip_swimlane_collector.cpp:689] Core 55: skipped 1024 AICore record slot(s) with start_time=0 (race-window write or recycled-buffer tail). buf seq=0 count=1024
[mono_ns=7257827015426685][T0xec0fbff0aca0][WARN] copy_aicore_buffer: [chip_swimlane_collector.cpp:689] Core 20: skipped 1024 AICore record slot(s) with start_time=0 (race-window write or recycled-buffer tail). buf seq=0 count=1024
[mono_ns=7257827015561586][T0xec0fd8d6aca0][WARN] copy_aicore_buffer: [chip_swimlane_collector.cpp:689] Core 19: skipped 1024 AICore record slot(s) with start_time=0 (race-window write or recycled-buffer tail). buf seq=0 count=1024
[mono_ns=7257827015667577][T0xec0fda800ca0][WARN] copy_aicore_buffer: [chip_swimlane_collector.cpp:689] Core 18: skipped 1024 AICore record slot(s) with start_time=0 (race-window write or recycled-buffer tail). buf seq=0 count=1024
[mono_ns=7257827015746328][T0xec0fbff0aca0][WARN] copy_aicore_buffer: [chip_swimlane_collector.cpp:689] Core 64: skipped 1024 AICore record slot(s) with start_time=0 (race-window write or recycled-buffer tail). buf seq=0 count=1024
[mono_ns=7257827015897370][T0xec0fd8d6aca0][WARN] copy_aicore_buffer: [chip_swimlane_collector.cpp:689] Core 62: skipped 1024 AICore record slot(s) with start_time=0 (race-window write or recycled-buffer tail). buf seq=0 count=1024
[mono_ns=7257827016009451][T0xec0fda800ca0][WARN] copy_aicore_buffer: [chip_swimlane_collector.cpp:689] Core 60: skipped 1024 AICore record slot(s) with start_time=0 (race-window write or recycled-buffer tail). buf seq=0 count=1024
[mono_ns=7257827016083511][T0xec0fbff0aca0][WARN] copy_aicore_buffer: [chip_swimlane_collector.cpp:689] Core 65: skipped 1024 AICore record slot(s) with start_time=0 (race-window write or recycled-buffer tail). buf seq=0 count=1024
[mono_ns=7257827016237113][T0xec0fd8d6aca0][WARN] copy_aicore_buffer: [chip_swimlane_collector.cpp:689] Core 63: skipped 1024 AICore record slot(s) with start_time=0 (race-window write or recycled-buffer tail). buf seq=0 count=1024
[mono_ns=7257827016342834][T0xec0fda800ca0][WARN] copy_aicore_buffer: [chip_swimlane_collector.cpp:689] Core 61: skipped 1024 AICore record slot(s) with start_time=0 (race-window write or recycled-buffer tail). buf seq=0 count=1024
[mono_ns=7257827016406124][T0xec0fbff0aca0][WARN] copy_aicore_buffer: [chip_swimlane_collector.cpp:689] Core 23: skipped 1024 AICore record slot(s) with start_time=0 (race-window write or recycled-buffer tail). buf seq=0 count=1024
[mono_ns=7257827016595456][T0xec0fd8d6aca0][WARN] copy_aicore_buffer: [chip_swimlane_collector.cpp:689] Core 22: skipped 1024 AICore record slot(s) with start_time=0 (race-window write or recycled-buffer tail). buf seq=0 count=1024
[mono_ns=7257827016677167][T0xec0fda800ca0][WARN] copy_aicore_buffer: [chip_swimlane_collector.cpp:689] Core 21: skipped 1024 AICore record slot(s) with start_time=0 (race-window write or recycled-buffer tail). buf seq=0 count=1024
[mono_ns=7257827016729258][T0xec0fbff0aca0][WARN] copy_aicore_buffer: [chip_swimlane_collector.cpp:689] Core 70: skipped 1024 AICore record slot(s) with start_time=0 (race-window write or recycled-buffer tail). buf seq=0 count=1024
[mono_ns=7257827016931460][T0xec0fd8d6aca0][WARN] copy_aicore_buffer: [chip_swimlane_collector.cpp:689] Core 68: skipped 1024 AICore record slot(s) with start_time=0 (race-window write or recycled-buffer tail). buf seq=0 count=1024
[mono_ns=7257827017029710][T0xec0fda800ca0][WARN] copy_aicore_buffer: [chip_swimlane_collector.cpp:689] Core 66: skipped 1024 AICore record slot(s) with start_time=0 (race-window write or recycled-buffer tail). buf seq=0 count=1024
[mono_ns=7257827017056441][T0xec0fbff0aca0][WARN] copy_aicore_buffer: [chip_swimlane_collector.cpp:689] Core 71: skipped 1024 AICore record slot(s) with start_time=0 (race-window write or recycled-buffer tail). buf seq=0 count=1024
[mono_ns=7257827017278093][T0xec0fd8d6aca0][WARN] copy_aicore_buffer: [chip_swimlane_collector.cpp:689] Core 69: skipped 1024 AICore record slot(s) with start_time=0 (race-window write or recycled-buffer tail). buf seq=0 count=1024
[mono_ns=7257827017363474][T0xec0fda800ca0][WARN] copy_aicore_buffer: [chip_swimlane_collector.cpp:689] Core 67: skipped 1024 AICore record slot(s) with start_time=0 (race-window write or recycled-buffer tail). buf seq=0 count=1024
[mono_ns=7257827117912863][T0xec111cb9b020][TIMING] emit_host_span: [STRACE] v=1 pid=2792124 tid=2792124 inv=4 hid=2e8e960a9b608ef3 depth=1 name=chip.run.runner_run ts=7257827007257906 dur=110648397 
[mono_ns=7257827118092055][T0xec111cb9b020][TIMING] emit_host_span: [STRACE] v=1 pid=2792124 tid=2792124 inv=4 hid=2e8e960a9b608ef3 depth=1 name=chip.run.validate ts=7257827117921733 dur=165332 
[mono_ns=7257827118099095][T0xec111cb9b020][TIMING] emit_host_span: [STRACE] v=1 pid=2792124 tid=2792124 inv=4 hid=2e8e960a9b608ef3 depth=2 name=chip.run.runner_run.device_wall ts=0 dur=1659320 clk=dev
[mono_ns=7257827118103395][T0xec111cb9b020][TIMING] emit_host_span: [STRACE] v=1 pid=2792124 tid=2792124 inv=4 hid=2e8e960a9b608ef3 depth=3 name=chip.run.runner_run.device_wall.preamble ts=0 dur=104440 clk=dev
[mono_ns=7257827118106955][T0xec111cb9b020][TIMING] emit_host_span: [STRACE] v=1 pid=2792124 tid=2792124 inv=4 hid=2e8e960a9b608ef3 depth=3 name=chip.run.runner_run.device_wall.graph_build ts=100779 dur=1547379 clk=dev
[mono_ns=7257827118110235][T0xec111cb9b020][TIMING] emit_host_span: [STRACE] v=1 pid=2792124 tid=2792124 inv=4 hid=2e8e960a9b608ef3 depth=3 name=chip.run.runner_run.device_wall.config_validate ts=100880 dur=760 clk=dev
[mono_ns=7257827118217726][T0xec111cb9b020][TIMING] emit_host_span: [STRACE] v=1 pid=2792124 tid=2792124 inv=4 hid=2e8e960a9b608ef3 depth=3 name=chip.run.runner_run.device_wall.arena_wire ts=101680 dur=679 clk=dev
[mono_ns=7257827118220896][T0xec111cb9b020][TIMING] emit_host_span: [STRACE] v=1 pid=2792124 tid=2792124 inv=4 hid=2e8e960a9b608ef3 depth=3 name=chip.run.runner_run.device_wall.sm_reset ts=102380 dur=1240 clk=dev
[mono_ns=7257827118224286][T0xec111cb9b020][TIMING] emit_host_span: [STRACE] v=1 pid=2792124 tid=2792124 inv=4 hid=2e8e960a9b608ef3 depth=3 name=chip.run.runner_run.device_wall.post_orch ts=1648220 dur=11000 clk=dev
[mono_ns=7257827118227456][T0xec111cb9b020][TIMING] emit_host_span: [STRACE] v=1 pid=2792124 tid=2792124 inv=4 hid=2e8e960a9b608ef3 depth=3 name=chip.run.runner_run.device_wall.orch ts=103679 dur=3660 clk=dev
[mono_ns=7257827118231256][T0xec111cb9b020][TIMING] emit_host_span: [STRACE] v=1 pid=2792124 tid=2792124 inv=4 hid=2e8e960a9b608ef3 depth=3 name=chip.run.runner_run.device_wall.sched ts=104580 dur=1517920 clk=dev
[mono_ns=7257827118235016][T0xec111cb9b020][TIMING] emit_host_span: [STRACE] v=1 pid=2792124 tid=2792124 inv=4 hid=2e8e960a9b608ef3 depth=1 name=chip.run.claim_release ts=7257827118232946 dur=310 
[mono_ns=7257827118238986][T0xec111cb9b020][TIMING] emit_host_span: [STRACE] v=1 pid=2792124 tid=2792124 inv=4 hid=2e8e960a9b608ef3 depth=0 name=chip.run ts=7257827006142725 dur=112094301 run_id=4 dispatch_id=4 slot_id=0 generation=4 run_epoch=4
[mono_ns=7257831959222558][T0xec111cb9b020][TIMING] emit_host_span: [STRACE] v=1 pid=2792124 tid=2792124 inv=5 hid=2e8e960a9b608ef3 depth=2 name=chip.run.bind.args ts=7257831958831904 dur=379644 
[mono_ns=7257831959248418][T0xec111cb9b020][TIMING] emit_host_span: [STRACE] v=1 pid=2792124 tid=2792124 inv=5 hid=2e8e960a9b608ef3 depth=2 name=chip.run.bind.prebuilt ts=7257831959240588 dur=5190 
[mono_ns=7257831959253418][T0xec111cb9b020][TIMING] emit_host_span: [STRACE] v=1 pid=2792124 tid=2792124 inv=5 hid=2e8e960a9b608ef3 depth=1 name=chip.run.bind ts=7257831958821344 dur=429794 
[mono_ns=7257832067438508][T0xec111cb9b020][TIMING] emit_host_span: [STRACE] v=1 pid=2792124 tid=2792124 inv=5 hid=2e8e960a9b608ef3 depth=1 name=chip.run.runner_run ts=7257831959586892 dur=107841606 
[mono_ns=7257832067641290][T0xec111cb9b020][TIMING] emit_host_span: [STRACE] v=1 pid=2792124 tid=2792124 inv=5 hid=2e8e960a9b608ef3 depth=1 name=chip.run.validate ts=7257832067447258 dur=189842 
[mono_ns=7257832067649690][T0xec111cb9b020][TIMING] emit_host_span: [STRACE] v=1 pid=2792124 tid=2792124 inv=5 hid=2e8e960a9b608ef3 depth=2 name=chip.run.runner_run.device_wall ts=0 dur=4167260 clk=dev
[mono_ns=7257832067654470][T0xec111cb9b020][TIMING] emit_host_span: [STRACE] v=1 pid=2792124 tid=2792124 inv=5 hid=2e8e960a9b608ef3 depth=3 name=chip.run.runner_run.device_wall.preamble ts=0 dur=6760 clk=dev
[mono_ns=7257832067659080][T0xec111cb9b020][TIMING] emit_host_span: [STRACE] v=1 pid=2792124 tid=2792124 inv=5 hid=2e8e960a9b608ef3 depth=3 name=chip.run.runner_run.device_wall.graph_build ts=1280 dur=4154180 clk=dev
[mono_ns=7257832067695600][T0xec111cb9b020][TIMING] emit_host_span: [STRACE] v=1 pid=2792124 tid=2792124 inv=5 hid=2e8e960a9b608ef3 depth=3 name=chip.run.runner_run.device_wall.config_validate ts=1740 dur=820 clk=dev
[mono_ns=7257832067699160][T0xec111cb9b020][TIMING] emit_host_span: [STRACE] v=1 pid=2792124 tid=2792124 inv=5 hid=2e8e960a9b608ef3 depth=3 name=chip.run.runner_run.device_wall.arena_wire ts=2780 dur=1720 clk=dev
[mono_ns=7257832067702160][T0xec111cb9b020][TIMING] emit_host_span: [STRACE] v=1 pid=2792124 tid=2792124 inv=5 hid=2e8e960a9b608ef3 depth=3 name=chip.run.runner_run.device_wall.sm_reset ts=4720 dur=3140 clk=dev
[mono_ns=7257832067705100][T0xec111cb9b020][TIMING] emit_host_span: [STRACE] v=1 pid=2792124 tid=2792124 inv=5 hid=2e8e960a9b608ef3 depth=3 name=chip.run.runner_run.device_wall.post_orch ts=4155700 dur=11160 clk=dev
[mono_ns=7257832067708090][T0xec111cb9b020][TIMING] emit_host_span: [STRACE] v=1 pid=2792124 tid=2792124 inv=5 hid=2e8e960a9b608ef3 depth=3 name=chip.run.runner_run.device_wall.orch ts=8860 dur=11120 clk=dev
[mono_ns=7257832067711211][T0xec111cb9b020][TIMING] emit_host_span: [STRACE] v=1 pid=2792124 tid=2792124 inv=5 hid=2e8e960a9b608ef3 depth=3 name=chip.run.runner_run.device_wall.sched ts=8219 dur=4133380 clk=dev
[mono_ns=7257832067715731][T0xec111cb9b020][TIMING] emit_host_span: [STRACE] v=1 pid=2792124 tid=2792124 inv=5 hid=2e8e960a9b608ef3 depth=1 name=chip.run.claim_release ts=7257832067713591 dur=440 
[mono_ns=7257832067720181][T0xec111cb9b020][TIMING] emit_host_span: [STRACE] v=1 pid=2792124 tid=2792124 inv=5 hid=2e8e960a9b608ef3 depth=0 name=chip.run ts=7257831958697343 dur=109020778 run_id=5 dispatch_id=5 slot_id=0 generation=5 run_epoch=5
[mono_ns=7257832095097994][T0xec111cb9b020][TIMING] emit_host_span: [STRACE] v=1 pid=2792124 tid=2792124 inv=6 hid=2e8e960a9b608ef3 depth=2 name=chip.run.bind.args ts=7257832094890032 dur=202152 
[mono_ns=7257832095110354][T0xec111cb9b020][TIMING] emit_host_span: [STRACE] v=1 pid=2792124 tid=2792124 inv=6 hid=2e8e960a9b608ef3 depth=2 name=chip.run.bind.prebuilt ts=7257832095105604 dur=2510 
[mono_ns=7257832095114404][T0xec111cb9b020][TIMING] emit_host_span: [STRACE] v=1 pid=2792124 tid=2792124 inv=6 hid=2e8e960a9b608ef3 depth=1 name=chip.run.bind ts=7257832094882752 dur=229482 
[mono_ns=7257832098071602][T0xec0fbff0aca0][WARN] copy_aicore_buffer: [chip_swimlane_collector.cpp:689] Core 2: skipped 1024 AICore record slot(s) with start_time=0 (race-window write or recycled-buffer tail). buf seq=0 count=1024
[mono_ns=7257832098108713][T0xec0fda800ca0][WARN] copy_aicore_buffer: [chip_swimlane_collector.cpp:689] Core 0: skipped 1024 AICore record slot(s) with start_time=0 (race-window write or recycled-buffer tail). buf seq=0 count=1024
[mono_ns=7257832098110313][T0xec0fd8d6aca0][WARN] copy_aicore_buffer: [chip_swimlane_collector.cpp:689] Core 1: skipped 1024 AICore record slot(s) with start_time=0 (race-window write or recycled-buffer tail). buf seq=0 count=1024
[mono_ns=7257832098395295][T0xec0fbff0aca0][WARN] copy_aicore_buffer: [chip_swimlane_collector.cpp:689] Core 28: skipped 1024 AICore record slot(s) with start_time=0 (race-window write or recycled-buffer tail). buf seq=0 count=1024
[mono_ns=7257832098448836][T0xec0fda800ca0][WARN] copy_aicore_buffer: [chip_swimlane_collector.cpp:689] Core 24: skipped 1024 AICore record slot(s) with start_time=0 (race-window write or recycled-buffer tail). buf seq=0 count=1024
[mono_ns=7257832098450866][T0xec0fd8d6aca0][WARN] copy_aicore_buffer: [chip_swimlane_collector.cpp:689] Core 26: skipped 1021 AICore record slot(s) with start_time=0 (race-window write or recycled-buffer tail). buf seq=0 count=1024
[mono_ns=7257832098711658][T0xec0fbff0aca0][WARN] copy_aicore_buffer: [chip_swimlane_collector.cpp:689] Core 29: skipped 1024 AICore record slot(s) with start_time=0 (race-window write or recycled-buffer tail). buf seq=0 count=1024
[mono_ns=7257832098787599][T0xec0fd8d6aca0][WARN] copy_aicore_buffer: [chip_swimlane_collector.cpp:689] Core 27: skipped 1024 AICore record slot(s) with start_time=0 (race-window write or recycled-buffer tail). buf seq=0 count=1024
[mono_ns=7257832098787799][T0xec0fda800ca0][WARN] copy_aicore_buffer: [chip_swimlane_collector.cpp:689] Core 25: skipped 1024 AICore record slot(s) with start_time=0 (race-window write or recycled-buffer tail). buf seq=0 count=1024
[mono_ns=7257832099033392][T0xec0fbff0aca0][WARN] copy_aicore_buffer: [chip_swimlane_collector.cpp:689] Core 5: skipped 1024 AICore record slot(s) with start_time=0 (race-window write or recycled-buffer tail). buf seq=0 count=1024
[mono_ns=7257832099122422][T0xec0fda800ca0][WARN] copy_aicore_buffer: [chip_swimlane_collector.cpp:689] Core 3: skipped 1024 AICore record slot(s) with start_time=0 (race-window write or recycled-buffer tail). buf seq=0 count=1024
[mono_ns=7257832099126252][T0xec0fd8d6aca0][WARN] copy_aicore_buffer: [chip_swimlane_collector.cpp:689] Core 4: skipped 1024 AICore record slot(s) with start_time=0 (race-window write or recycled-buffer tail). buf seq=0 count=1024
[mono_ns=7257832099348405][T0xec0fbff0aca0][WARN] copy_aicore_buffer: [chip_swimlane_collector.cpp:689] Core 34: skipped 1024 AICore record slot(s) with start_time=0 (race-window write or recycled-buffer tail). buf seq=0 count=1024
[mono_ns=7257832099450356][T0xec0fda800ca0][WARN] copy_aicore_buffer: [chip_swimlane_collector.cpp:689] Core 30: skipped 1024 AICore record slot(s) with start_time=0 (race-window write or recycled-buffer tail). buf seq=0 count=1024
[mono_ns=7257832099481006][T0xec0fd8d6aca0][WARN] copy_aicore_buffer: [chip_swimlane_collector.cpp:689] Core 32: skipped 1024 AICore record slot(s) with start_time=0 (race-window write or recycled-buffer tail). buf seq=0 count=1024
[mono_ns=7257832099662438][T0xec0fbff0aca0][WARN] copy_aicore_buffer: [chip_swimlane_collector.cpp:689] Core 35: skipped 1024 AICore record slot(s) with start_time=0 (race-window write or recycled-buffer tail). buf seq=0 count=1024
[mono_ns=7257832099776849][T0xec0fda800ca0][WARN] copy_aicore_buffer: [chip_swimlane_collector.cpp:689] Core 31: skipped 1024 AICore record slot(s) with start_time=0 (race-window write or recycled-buffer tail). buf seq=0 count=1024
[mono_ns=7257832099806989][T0xec0fd8d6aca0][WARN] copy_aicore_buffer: [chip_swimlane_collector.cpp:689] Core 33: skipped 1024 AICore record slot(s) with start_time=0 (race-window write or recycled-buffer tail). buf seq=0 count=1024
[mono_ns=7257832099975841][T0xec0fbff0aca0][WARN] copy_aicore_buffer: [chip_swimlane_collector.cpp:689] Core 8: skipped 1024 AICore record slot(s) with start_time=0 (race-window write or recycled-buffer tail). buf seq=0 count=1024
[mono_ns=7257832100116072][T0xec0fda800ca0][WARN] copy_aicore_buffer: [chip_swimlane_collector.cpp:689] Core 6: skipped 1024 AICore record slot(s) with start_time=0 (race-window write or recycled-buffer tail). buf seq=0 count=1024
[mono_ns=7257832100146342][T0xec0fd8d6aca0][WARN] copy_aicore_buffer: [chip_swimlane_collector.cpp:689] Core 7: skipped 1024 AICore record slot(s) with start_time=0 (race-window write or recycled-buffer tail). buf seq=0 count=1024
[mono_ns=7257832100300954][T0xec0fbff0aca0][WARN] copy_aicore_buffer: [chip_swimlane_collector.cpp:689] Core 40: skipped 1024 AICore record slot(s) with start_time=0 (race-window write or recycled-buffer tail). buf seq=0 count=1024
[mono_ns=7257832100467855][T0xec0fd8d6aca0][WARN] copy_aicore_buffer: [chip_swimlane_collector.cpp:689] Core 38: skipped 1024 AICore record slot(s) with start_time=0 (race-window write or recycled-buffer tail). buf seq=0 count=1024
[mono_ns=7257832100469565][T0xec0fda800ca0][WARN] copy_aicore_buffer: [chip_swimlane_collector.cpp:689] Core 36: skipped 1024 AICore record slot(s) with start_time=0 (race-window write or recycled-buffer tail). buf seq=0 count=1024
[mono_ns=7257832100613847][T0xec0fbff0aca0][WARN] copy_aicore_buffer: [chip_swimlane_collector.cpp:689] Core 41: skipped 1024 AICore record slot(s) with start_time=0 (race-window write or recycled-buffer tail). buf seq=0 count=1024
[mono_ns=7257832100792328][T0xec0fda800ca0][WARN] copy_aicore_buffer: [chip_swimlane_collector.cpp:689] Core 37: skipped 1024 AICore record slot(s) with start_time=0 (race-window write or recycled-buffer tail). buf seq=0 count=1024
[mono_ns=7257832100792988][T0xec0fd8d6aca0][WARN] copy_aicore_buffer: [chip_swimlane_collector.cpp:689] Core 39: skipped 1024 AICore record slot(s) with start_time=0 (race-window write or recycled-buffer tail). buf seq=0 count=1024
[mono_ns=7257832100927750][T0xec0fbff0aca0][WARN] copy_aicore_buffer: [chip_swimlane_collector.cpp:689] Core 11: skipped 1024 AICore record slot(s) with start_time=0 (race-window write or recycled-buffer tail). buf seq=0 count=1024
[mono_ns=7257832101127182][T0xec0fd8d6aca0][WARN] copy_aicore_buffer: [chip_swimlane_collector.cpp:689] Core 10: skipped 1024 AICore record slot(s) with start_time=0 (race-window write or recycled-buffer tail). buf seq=0 count=1024
[mono_ns=7257832101130372][T0xec0fda800ca0][WARN] copy_aicore_buffer: [chip_swimlane_collector.cpp:689] Core 9: skipped 1024 AICore record slot(s) with start_time=0 (race-window write or recycled-buffer tail). buf seq=0 count=1024
[mono_ns=7257832101262483][T0xec0fbff0aca0][WARN] copy_aicore_buffer: [chip_swimlane_collector.cpp:689] Core 46: skipped 1024 AICore record slot(s) with start_time=0 (race-window write or recycled-buffer tail). buf seq=0 count=1024
[mono_ns=7257832101453015][T0xec0fda800ca0][WARN] copy_aicore_buffer: [chip_swimlane_collector.cpp:689] Core 42: skipped 1024 AICore record slot(s) with start_time=0 (race-window write or recycled-buffer tail). buf seq=0 count=1024
[mono_ns=7257832101453695][T0xec0fd8d6aca0][WARN] copy_aicore_buffer: [chip_swimlane_collector.cpp:689] Core 44: skipped 1024 AICore record slot(s) with start_time=0 (race-window write or recycled-buffer tail). buf seq=0 count=1024
[mono_ns=7257832101575676][T0xec0fbff0aca0][WARN] copy_aicore_buffer: [chip_swimlane_collector.cpp:689] Core 47: skipped 1024 AICore record slot(s) with start_time=0 (race-window write or recycled-buffer tail). buf seq=0 count=1024
[mono_ns=7257832101777728][T0xec0fda800ca0][WARN] copy_aicore_buffer: [chip_swimlane_collector.cpp:689] Core 43: skipped 1024 AICore record slot(s) with start_time=0 (race-window write or recycled-buffer tail). buf seq=0 count=1024
[mono_ns=7257832101778198][T0xec0fd8d6aca0][WARN] copy_aicore_buffer: [chip_swimlane_collector.cpp:689] Core 45: skipped 1024 AICore record slot(s) with start_time=0 (race-window write or recycled-buffer tail). buf seq=0 count=1024
[mono_ns=7257832101888899][T0xec0fbff0aca0][WARN] copy_aicore_buffer: [chip_swimlane_collector.cpp:689] Core 14: skipped 1024 AICore record slot(s) with start_time=0 (race-window write or recycled-buffer tail). buf seq=0 count=1024
[mono_ns=7257832102113771][T0xec0fda800ca0][WARN] copy_aicore_buffer: [chip_swimlane_collector.cpp:689] Core 12: skipped 1024 AICore record slot(s) with start_time=0 (race-window write or recycled-buffer tail). buf seq=0 count=1024
[mono_ns=7257832102146901][T0xec0fd8d6aca0][WARN] copy_aicore_buffer: [chip_swimlane_collector.cpp:689] Core 13: skipped 1024 AICore record slot(s) with start_time=0 (race-window write or recycled-buffer tail). buf seq=0 count=1024
[mono_ns=7257832102218782][T0xec0fbff0aca0][WARN] copy_aicore_buffer: [chip_swimlane_collector.cpp:689] Core 52: skipped 1024 AICore record slot(s) with start_time=0 (race-window write or recycled-buffer tail). buf seq=0 count=1024
[mono_ns=7257832102439534][T0xec0fda800ca0][WARN] copy_aicore_buffer: [chip_swimlane_collector.cpp:689] Core 48: skipped 1024 AICore record slot(s) with start_time=0 (race-window write or recycled-buffer tail). buf seq=0 count=1024
[mono_ns=7257832102474795][T0xec0fd8d6aca0][WARN] copy_aicore_buffer: [chip_swimlane_collector.cpp:689] Core 50: skipped 1024 AICore record slot(s) with start_time=0 (race-window write or recycled-buffer tail). buf seq=0 count=1024
[mono_ns=7257832102533575][T0xec0fbff0aca0][WARN] copy_aicore_buffer: [chip_swimlane_collector.cpp:689] Core 53: skipped 1024 AICore record slot(s) with start_time=0 (race-window write or recycled-buffer tail). buf seq=0 count=1024
[mono_ns=7257832102765557][T0xec0fda800ca0][WARN] copy_aicore_buffer: [chip_swimlane_collector.cpp:689] Core 49: skipped 1024 AICore record slot(s) with start_time=0 (race-window write or recycled-buffer tail). buf seq=0 count=1024
[mono_ns=7257832102803728][T0xec0fd8d6aca0][WARN] copy_aicore_buffer: [chip_swimlane_collector.cpp:689] Core 51: skipped 1024 AICore record slot(s) with start_time=0 (race-window write or recycled-buffer tail). buf seq=0 count=1024
[mono_ns=7257832102874708][T0xec0fbff0aca0][WARN] copy_aicore_buffer: [chip_swimlane_collector.cpp:689] Core 17: skipped 1024 AICore record slot(s) with start_time=0 (race-window write or recycled-buffer tail). buf seq=0 count=1024
[mono_ns=7257832103103961][T0xec0fda800ca0][WARN] copy_aicore_buffer: [chip_swimlane_collector.cpp:689] Core 15: skipped 1024 AICore record slot(s) with start_time=0 (race-window write or recycled-buffer tail). buf seq=0 count=1024
[mono_ns=7257832103140001][T0xec0fd8d6aca0][WARN] copy_aicore_buffer: [chip_swimlane_collector.cpp:689] Core 16: skipped 1024 AICore record slot(s) with start_time=0 (race-window write or recycled-buffer tail). buf seq=0 count=1024
[mono_ns=7257832103206482][T0xec0fbff0aca0][WARN] copy_aicore_buffer: [chip_swimlane_collector.cpp:689] Core 58: skipped 1024 AICore record slot(s) with start_time=0 (race-window write or recycled-buffer tail). buf seq=0 count=1024
[mono_ns=7257832103429544][T0xec0fda800ca0][WARN] copy_aicore_buffer: [chip_swimlane_collector.cpp:689] Core 54: skipped 1024 AICore record slot(s) with start_time=0 (race-window write or recycled-buffer tail). buf seq=0 count=1024
[mono_ns=7257832103466894][T0xec0fd8d6aca0][WARN] copy_aicore_buffer: [chip_swimlane_collector.cpp:689] Core 56: skipped 1024 AICore record slot(s) with start_time=0 (race-window write or recycled-buffer tail). buf seq=0 count=1024
[mono_ns=7257832103521375][T0xec0fbff0aca0][WARN] copy_aicore_buffer: [chip_swimlane_collector.cpp:689] Core 59: skipped 1024 AICore record slot(s) with start_time=0 (race-window write or recycled-buffer tail). buf seq=0 count=1024
[mono_ns=7257832103755377][T0xec0fda800ca0][WARN] copy_aicore_buffer: [chip_swimlane_collector.cpp:689] Core 55: skipped 1024 AICore record slot(s) with start_time=0 (race-window write or recycled-buffer tail). buf seq=0 count=1024
[mono_ns=7257832103834468][T0xec0fbff0aca0][WARN] copy_aicore_buffer: [chip_swimlane_collector.cpp:689] Core 20: skipped 1024 AICore record slot(s) with start_time=0 (race-window write or recycled-buffer tail). buf seq=0 count=1024
[mono_ns=7257832103838638][T0xec0fd8d6aca0][WARN] copy_aicore_buffer: [chip_swimlane_collector.cpp:689] Core 57: skipped 1024 AICore record slot(s) with start_time=0 (race-window write or recycled-buffer tail). buf seq=0 count=1024
[mono_ns=7257832104092160][T0xec0fda800ca0][WARN] copy_aicore_buffer: [chip_swimlane_collector.cpp:689] Core 18: skipped 1024 AICore record slot(s) with start_time=0 (race-window write or recycled-buffer tail). buf seq=0 count=1024
[mono_ns=7257832104155741][T0xec0fbff0aca0][WARN] copy_aicore_buffer: [chip_swimlane_collector.cpp:689] Core 64: skipped 1024 AICore record slot(s) with start_time=0 (race-window write or recycled-buffer tail). buf seq=0 count=1024
[mono_ns=7257832104172381][T0xec0fd8d6aca0][WARN] copy_aicore_buffer: [chip_swimlane_collector.cpp:689] Core 19: skipped 1024 AICore record slot(s) with start_time=0 (race-window write or recycled-buffer tail). buf seq=0 count=1024
[mono_ns=7257832104418273][T0xec0fda800ca0][WARN] copy_aicore_buffer: [chip_swimlane_collector.cpp:689] Core 60: skipped 1024 AICore record slot(s) with start_time=0 (race-window write or recycled-buffer tail). buf seq=0 count=1024
[mono_ns=7257832104468814][T0xec0fbff0aca0][WARN] copy_aicore_buffer: [chip_swimlane_collector.cpp:689] Core 65: skipped 1024 AICore record slot(s) with start_time=0 (race-window write or recycled-buffer tail). buf seq=0 count=1024
[mono_ns=7257832104499204][T0xec0fd8d6aca0][WARN] copy_aicore_buffer: [chip_swimlane_collector.cpp:689] Core 62: skipped 1024 AICore record slot(s) with start_time=0 (race-window write or recycled-buffer tail). buf seq=0 count=1024
[mono_ns=7257832104756446][T0xec0fda800ca0][WARN] copy_aicore_buffer: [chip_swimlane_collector.cpp:689] Core 61: skipped 1024 AICore record slot(s) with start_time=0 (race-window write or recycled-buffer tail). buf seq=0 count=1024
[mono_ns=7257832104782817][T0xec0fbff0aca0][WARN] copy_aicore_buffer: [chip_swimlane_collector.cpp:689] Core 23: skipped 1024 AICore record slot(s) with start_time=0 (race-window write or recycled-buffer tail). buf seq=0 count=1024
[mono_ns=7257832104827697][T0xec0fd8d6aca0][WARN] copy_aicore_buffer: [chip_swimlane_collector.cpp:689] Core 63: skipped 1024 AICore record slot(s) with start_time=0 (race-window write or recycled-buffer tail). buf seq=0 count=1024
[mono_ns=7257832105098260][T0xec0fda800ca0][WARN] copy_aicore_buffer: [chip_swimlane_collector.cpp:689] Core 21: skipped 1024 AICore record slot(s) with start_time=0 (race-window write or recycled-buffer tail). buf seq=0 count=1024
[mono_ns=7257832105109630][T0xec0fbff0aca0][WARN] copy_aicore_buffer: [chip_swimlane_collector.cpp:689] Core 70: skipped 1024 AICore record slot(s) with start_time=0 (race-window write or recycled-buffer tail). buf seq=0 count=1024
[mono_ns=7257832105166900][T0xec0fd8d6aca0][WARN] copy_aicore_buffer: [chip_swimlane_collector.cpp:689] Core 22: skipped 1024 AICore record slot(s) with start_time=0 (race-window write or recycled-buffer tail). buf seq=0 count=1024
[mono_ns=7257832105423573][T0xec0fbff0aca0][WARN] copy_aicore_buffer: [chip_swimlane_collector.cpp:689] Core 71: skipped 1024 AICore record slot(s) with start_time=0 (race-window write or recycled-buffer tail). buf seq=0 count=1024
[mono_ns=7257832105424043][T0xec0fda800ca0][WARN] copy_aicore_buffer: [chip_swimlane_collector.cpp:689] Core 66: skipped 1024 AICore record slot(s) with start_time=0 (race-window write or recycled-buffer tail). buf seq=0 count=1024
[mono_ns=7257832105506314][T0xec0fd8d6aca0][WARN] copy_aicore_buffer: [chip_swimlane_collector.cpp:689] Core 68: skipped 1024 AICore record slot(s) with start_time=0 (race-window write or recycled-buffer tail). buf seq=0 count=1024
[mono_ns=7257832105763946][T0xec0fda800ca0][WARN] copy_aicore_buffer: [chip_swimlane_collector.cpp:689] Core 67: skipped 1024 AICore record slot(s) with start_time=0 (race-window write or recycled-buffer tail). buf seq=0 count=1024
[mono_ns=7257832105842717][T0xec0fd8d6aca0][WARN] copy_aicore_buffer: [chip_swimlane_collector.cpp:689] Core 69: skipped 1024 AICore record slot(s) with start_time=0 (race-window write or recycled-buffer tail). buf seq=0 count=1024
[mono_ns=7257832206445324][T0xec111cb9b020][TIMING] emit_host_span: [STRACE] v=1 pid=2792124 tid=2792124 inv=6 hid=2e8e960a9b608ef3 depth=1 name=chip.run.runner_run ts=7257832095670809 dur=110767825 
[mono_ns=7257832206618095][T0xec111cb9b020][TIMING] emit_host_span: [STRACE] v=1 pid=2792124 tid=2792124 inv=6 hid=2e8e960a9b608ef3 depth=1 name=chip.run.validate ts=7257832206453494 dur=159591 
[mono_ns=7257832206625385][T0xec111cb9b020][TIMING] emit_host_span: [STRACE] v=1 pid=2792124 tid=2792124 inv=6 hid=2e8e960a9b608ef3 depth=2 name=chip.run.runner_run.device_wall ts=0 dur=1871320 clk=dev
[mono_ns=7257832206654056][T0xec111cb9b020][TIMING] emit_host_span: [STRACE] v=1 pid=2792124 tid=2792124 inv=6 hid=2e8e960a9b608ef3 depth=3 name=chip.run.runner_run.device_wall.preamble ts=0 dur=108500 clk=dev
[mono_ns=7257832206658126][T0xec111cb9b020][TIMING] emit_host_span: [STRACE] v=1 pid=2792124 tid=2792124 inv=6 hid=2e8e960a9b608ef3 depth=3 name=chip.run.runner_run.device_wall.graph_build ts=103679 dur=1757240 clk=dev
[mono_ns=7257832206661476][T0xec111cb9b020][TIMING] emit_host_span: [STRACE] v=1 pid=2792124 tid=2792124 inv=6 hid=2e8e960a9b608ef3 depth=3 name=chip.run.runner_run.device_wall.config_validate ts=103780 dur=740 clk=dev
[mono_ns=7257832206664806][T0xec111cb9b020][TIMING] emit_host_span: [STRACE] v=1 pid=2792124 tid=2792124 inv=6 hid=2e8e960a9b608ef3 depth=3 name=chip.run.runner_run.device_wall.arena_wire ts=104560 dur=500 clk=dev
[mono_ns=7257832206667796][T0xec111cb9b020][TIMING] emit_host_span: [STRACE] v=1 pid=2792124 tid=2792124 inv=6 hid=2e8e960a9b608ef3 depth=3 name=chip.run.runner_run.device_wall.sm_reset ts=105080 dur=1540 clk=dev
[mono_ns=7257832206670936][T0xec111cb9b020][TIMING] emit_host_span: [STRACE] v=1 pid=2792124 tid=2792124 inv=6 hid=2e8e960a9b608ef3 depth=3 name=chip.run.runner_run.device_wall.post_orch ts=1860960 dur=10260 clk=dev
[mono_ns=7257832206673736][T0xec111cb9b020][TIMING] emit_host_span: [STRACE] v=1 pid=2792124 tid=2792124 inv=6 hid=2e8e960a9b608ef3 depth=3 name=chip.run.runner_run.device_wall.orch ts=106660 dur=3440 clk=dev
[mono_ns=7257832206690676][T0xec111cb9b020][TIMING] emit_host_span: [STRACE] v=1 pid=2792124 tid=2792124 inv=6 hid=2e8e960a9b608ef3 depth=3 name=chip.run.runner_run.device_wall.sched ts=108620 dur=1729320 clk=dev
[mono_ns=7257832206695146][T0xec111cb9b020][TIMING] emit_host_span: [STRACE] v=1 pid=2792124 tid=2792124 inv=6 hid=2e8e960a9b608ef3 depth=1 name=chip.run.claim_release ts=7257832206693096 dur=300 
[mono_ns=7257832206699196][T0xec111cb9b020][TIMING] emit_host_span: [STRACE] v=1 pid=2792124 tid=2792124 inv=6 hid=2e8e960a9b608ef3 depth=0 name=chip.run ts=7257832094854611 dur=111842595 run_id=6 dispatch_id=6 slot_id=0 generation=6 run_epoch=6
[mono_ns=7257837053413761][T0xec111cb9b020][TIMING] emit_host_span: [STRACE] v=1 pid=2792124 tid=2792124 inv=7 hid=2e8e960a9b608ef3 depth=2 name=chip.run.bind.args ts=7257837053146359 dur=257112 
[mono_ns=7257837053433592][T0xec111cb9b020][TIMING] emit_host_span: [STRACE] v=1 pid=2792124 tid=2792124 inv=7 hid=2e8e960a9b608ef3 depth=2 name=chip.run.bind.prebuilt ts=7257837053427172 dur=3860 
[mono_ns=7257837053437732][T0xec111cb9b020][TIMING] emit_host_span: [STRACE] v=1 pid=2792124 tid=2792124 inv=7 hid=2e8e960a9b608ef3 depth=1 name=chip.run.bind ts=7257837053135949 dur=299693 
[mono_ns=7257837162151813][T0xec111cb9b020][TIMING] emit_host_span: [STRACE] v=1 pid=2792124 tid=2792124 inv=7 hid=2e8e960a9b608ef3 depth=1 name=chip.run.runner_run ts=7257837053754285 dur=108381778 
[mono_ns=7257837162388785][T0xec111cb9b020][TIMING] emit_host_span: [STRACE] v=1 pid=2792124 tid=2792124 inv=7 hid=2e8e960a9b608ef3 depth=1 name=chip.run.validate ts=7257837162167023 dur=217372 
[mono_ns=7257837162403995][T0xec111cb9b020][TIMING] emit_host_span: [STRACE] v=1 pid=2792124 tid=2792124 inv=7 hid=2e8e960a9b608ef3 depth=2 name=chip.run.runner_run.device_wall ts=0 dur=2102940 clk=dev
[mono_ns=7257837162407825][T0xec111cb9b020][TIMING] emit_host_span: [STRACE] v=1 pid=2792124 tid=2792124 inv=7 hid=2e8e960a9b608ef3 depth=3 name=chip.run.runner_run.device_wall.preamble ts=0 dur=6260 clk=dev
[mono_ns=7257837162411235][T0xec111cb9b020][TIMING] emit_host_span: [STRACE] v=1 pid=2792124 tid=2792124 inv=7 hid=2e8e960a9b608ef3 depth=3 name=chip.run.runner_run.device_wall.graph_build ts=1300 dur=2090600 clk=dev
[mono_ns=7257837162414445][T0xec111cb9b020][TIMING] emit_host_span: [STRACE] v=1 pid=2792124 tid=2792124 inv=7 hid=2e8e960a9b608ef3 depth=3 name=chip.run.runner_run.device_wall.config_validate ts=1560 dur=1340 clk=dev
[mono_ns=7257837162417496][T0xec111cb9b020][TIMING] emit_host_span: [STRACE] v=1 pid=2792124 tid=2792124 inv=7 hid=2e8e960a9b608ef3 depth=3 name=chip.run.runner_run.device_wall.arena_wire ts=2920 dur=1700 clk=dev
[mono_ns=7257837162420526][T0xec111cb9b020][TIMING] emit_host_span: [STRACE] v=1 pid=2792124 tid=2792124 inv=7 hid=2e8e960a9b608ef3 depth=3 name=chip.run.runner_run.device_wall.sm_reset ts=4819 dur=3220 clk=dev
[mono_ns=7257837162423566][T0xec111cb9b020][TIMING] emit_host_span: [STRACE] v=1 pid=2792124 tid=2792124 inv=7 hid=2e8e960a9b608ef3 depth=3 name=chip.run.runner_run.device_wall.post_orch ts=2091940 dur=10820 clk=dev
[mono_ns=7257837162426686][T0xec111cb9b020][TIMING] emit_host_span: [STRACE] v=1 pid=2792124 tid=2792124 inv=7 hid=2e8e960a9b608ef3 depth=3 name=chip.run.runner_run.device_wall.orch ts=8940 dur=11060 clk=dev
[mono_ns=7257837162467506][T0xec111cb9b020][TIMING] emit_host_span: [STRACE] v=1 pid=2792124 tid=2792124 inv=7 hid=2e8e960a9b608ef3 depth=3 name=chip.run.runner_run.device_wall.sched ts=8280 dur=2075360 clk=dev
[mono_ns=7257837162472176][T0xec111cb9b020][TIMING] emit_host_span: [STRACE] v=1 pid=2792124 tid=2792124 inv=7 hid=2e8e960a9b608ef3 depth=1 name=chip.run.claim_release ts=7257837162469756 dur=650 
[mono_ns=7257837162478006][T0xec111cb9b020][TIMING] emit_host_span: [STRACE] v=1 pid=2792124 tid=2792124 inv=7 hid=2e8e960a9b608ef3 depth=0 name=chip.run ts=7257837053029128 dur=109446788 run_id=7 dispatch_id=7 slot_id=0 generation=7 run_epoch=7
[mono_ns=7257837169564724][T0xec111cb9b020][TIMING] emit_host_span: [STRACE] v=1 pid=2792124 tid=2792124 inv=8 hid=2e8e960a9b608ef3 depth=2 name=chip.run.bind.args ts=7257837169329052 dur=228802 
[mono_ns=7257837169579324][T0xec111cb9b020][TIMING] emit_host_span: [STRACE] v=1 pid=2792124 tid=2792124 inv=8 hid=2e8e960a9b608ef3 depth=2 name=chip.run.bind.prebuilt ts=7257837169574304 dur=2500 
[mono_ns=7257837169583754][T0xec111cb9b020][TIMING] emit_host_span: [STRACE] v=1 pid=2792124 tid=2792124 inv=8 hid=2e8e960a9b608ef3 depth=1 name=chip.run.bind ts=7257837169318422 dur=263132 
[mono_ns=7257837172348411][T0xec0fda800ca0][WARN] copy_aicore_buffer: [chip_swimlane_collector.cpp:689] Core 0: skipped 1024 AICore record slot(s) with start_time=0 (race-window write or recycled-buffer tail). buf seq=0 count=1024
[mono_ns=7257837172370821][T0xec0fbff0aca0][WARN] copy_aicore_buffer: [chip_swimlane_collector.cpp:689] Core 2: skipped 1024 AICore record slot(s) with start_time=0 (race-window write or recycled-buffer tail). buf seq=0 count=1024
[mono_ns=7257837172366901][T0xec0fd8d6aca0][WARN] copy_aicore_buffer: [chip_swimlane_collector.cpp:689] Core 1: skipped 1024 AICore record slot(s) with start_time=0 (race-window write or recycled-buffer tail). buf seq=0 count=1024
[mono_ns=7257837172696534][T0xec0fbff0aca0][WARN] copy_aicore_buffer: [chip_swimlane_collector.cpp:689] Core 28: skipped 1024 AICore record slot(s) with start_time=0 (race-window write or recycled-buffer tail). buf seq=0 count=1024
[mono_ns=7257837172710334][T0xec0fd8d6aca0][WARN] copy_aicore_buffer: [chip_swimlane_collector.cpp:689] Core 26: skipped 1023 AICore record slot(s) with start_time=0 (race-window write or recycled-buffer tail). buf seq=0 count=1024
[mono_ns=7257837172735384][T0xec0fda800ca0][WARN] copy_aicore_buffer: [chip_swimlane_collector.cpp:689] Core 24: skipped 1022 AICore record slot(s) with start_time=0 (race-window write or recycled-buffer tail). buf seq=0 count=1024
[mono_ns=7257837173026517][T0xec0fbff0aca0][WARN] copy_aicore_buffer: [chip_swimlane_collector.cpp:689] Core 29: skipped 1024 AICore record slot(s) with start_time=0 (race-window write or recycled-buffer tail). buf seq=0 count=1024
[mono_ns=7257837173056257][T0xec0fd8d6aca0][WARN] copy_aicore_buffer: [chip_swimlane_collector.cpp:689] Core 27: skipped 1024 AICore record slot(s) with start_time=0 (race-window write or recycled-buffer tail). buf seq=0 count=1024
[mono_ns=7257837173075218][T0xec0fda800ca0][WARN] copy_aicore_buffer: [chip_swimlane_collector.cpp:689] Core 25: skipped 1024 AICore record slot(s) with start_time=0 (race-window write or recycled-buffer tail). buf seq=0 count=1024
[mono_ns=7257837173341610][T0xec0fbff0aca0][WARN] copy_aicore_buffer: [chip_swimlane_collector.cpp:689] Core 5: skipped 1024 AICore record slot(s) with start_time=0 (race-window write or recycled-buffer tail). buf seq=0 count=1024
[mono_ns=7257837173383531][T0xec0fd8d6aca0][WARN] copy_aicore_buffer: [chip_swimlane_collector.cpp:689] Core 4: skipped 1024 AICore record slot(s) with start_time=0 (race-window write or recycled-buffer tail). buf seq=0 count=1024
[mono_ns=7257837173425601][T0xec0fda800ca0][WARN] copy_aicore_buffer: [chip_swimlane_collector.cpp:689] Core 3: skipped 1024 AICore record slot(s) with start_time=0 (race-window write or recycled-buffer tail). buf seq=0 count=1024
[mono_ns=7257837173656983][T0xec0fbff0aca0][WARN] copy_aicore_buffer: [chip_swimlane_collector.cpp:689] Core 34: skipped 1024 AICore record slot(s) with start_time=0 (race-window write or recycled-buffer tail). buf seq=0 count=1024
[mono_ns=7257837173710424][T0xec0fd8d6aca0][WARN] copy_aicore_buffer: [chip_swimlane_collector.cpp:689] Core 32: skipped 1024 AICore record slot(s) with start_time=0 (race-window write or recycled-buffer tail). buf seq=0 count=1024
[mono_ns=7257837173752104][T0xec0fda800ca0][WARN] copy_aicore_buffer: [chip_swimlane_collector.cpp:689] Core 30: skipped 1024 AICore record slot(s) with start_time=0 (race-window write or recycled-buffer tail). buf seq=0 count=1024
[mono_ns=7257837173970066][T0xec0fbff0aca0][WARN] copy_aicore_buffer: [chip_swimlane_collector.cpp:689] Core 35: skipped 1024 AICore record slot(s) with start_time=0 (race-window write or recycled-buffer tail). buf seq=0 count=1024
[mono_ns=7257837174050357][T0xec0fd8d6aca0][WARN] copy_aicore_buffer: [chip_swimlane_collector.cpp:689] Core 33: skipped 1024 AICore record slot(s) with start_time=0 (race-window write or recycled-buffer tail). buf seq=0 count=1024
[mono_ns=7257837174092787][T0xec0fda800ca0][WARN] copy_aicore_buffer: [chip_swimlane_collector.cpp:689] Core 31: skipped 1024 AICore record slot(s) with start_time=0 (race-window write or recycled-buffer tail). buf seq=0 count=1024
[mono_ns=7257837174296779][T0xec0fbff0aca0][WARN] copy_aicore_buffer: [chip_swimlane_collector.cpp:689] Core 8: skipped 1024 AICore record slot(s) with start_time=0 (race-window write or recycled-buffer tail). buf seq=0 count=1024
[mono_ns=7257837174393150][T0xec0fd8d6aca0][WARN] copy_aicore_buffer: [chip_swimlane_collector.cpp:689] Core 7: skipped 1024 AICore record slot(s) with start_time=0 (race-window write or recycled-buffer tail). buf seq=0 count=1024
[mono_ns=7257837174414770][T0xec0fda800ca0][WARN] copy_aicore_buffer: [chip_swimlane_collector.cpp:689] Core 6: skipped 1024 AICore record slot(s) with start_time=0 (race-window write or recycled-buffer tail). buf seq=0 count=1024
[mono_ns=7257837174612032][T0xec0fbff0aca0][WARN] copy_aicore_buffer: [chip_swimlane_collector.cpp:689] Core 40: skipped 1024 AICore record slot(s) with start_time=0 (race-window write or recycled-buffer tail). buf seq=0 count=1024
[mono_ns=7257837174719853][T0xec0fd8d6aca0][WARN] copy_aicore_buffer: [chip_swimlane_collector.cpp:689] Core 38: skipped 1024 AICore record slot(s) with start_time=0 (race-window write or recycled-buffer tail). buf seq=0 count=1024
[mono_ns=7257837174740844][T0xec0fda800ca0][WARN] copy_aicore_buffer: [chip_swimlane_collector.cpp:689] Core 36: skipped 1024 AICore record slot(s) with start_time=0 (race-window write or recycled-buffer tail). buf seq=0 count=1024
[mono_ns=7257837174926555][T0xec0fbff0aca0][WARN] copy_aicore_buffer: [chip_swimlane_collector.cpp:689] Core 41: skipped 1024 AICore record slot(s) with start_time=0 (race-window write or recycled-buffer tail). buf seq=0 count=1024
[mono_ns=7257837175074777][T0xec0fd8d6aca0][WARN] copy_aicore_buffer: [chip_swimlane_collector.cpp:689] Core 39: skipped 1024 AICore record slot(s) with start_time=0 (race-window write or recycled-buffer tail). buf seq=0 count=1024
[mono_ns=7257837175081697][T0xec0fda800ca0][WARN] copy_aicore_buffer: [chip_swimlane_collector.cpp:689] Core 37: skipped 1024 AICore record slot(s) with start_time=0 (race-window write or recycled-buffer tail). buf seq=0 count=1024
[mono_ns=7257837175263329][T0xec0fbff0aca0][WARN] copy_aicore_buffer: [chip_swimlane_collector.cpp:689] Core 11: skipped 1024 AICore record slot(s) with start_time=0 (race-window write or recycled-buffer tail). buf seq=0 count=1024
[mono_ns=7257837175402040][T0xec0fd8d6aca0][WARN] copy_aicore_buffer: [chip_swimlane_collector.cpp:689] Core 10: skipped 1024 AICore record slot(s) with start_time=0 (race-window write or recycled-buffer tail). buf seq=0 count=1024
[mono_ns=7257837175403810][T0xec0fda800ca0][WARN] copy_aicore_buffer: [chip_swimlane_collector.cpp:689] Core 9: skipped 1024 AICore record slot(s) with start_time=0 (race-window write or recycled-buffer tail). buf seq=0 count=1024
[mono_ns=7257837175577662][T0xec0fbff0aca0][WARN] copy_aicore_buffer: [chip_swimlane_collector.cpp:689] Core 46: skipped 1024 AICore record slot(s) with start_time=0 (race-window write or recycled-buffer tail). buf seq=0 count=1024
[mono_ns=7257837175730143][T0xec0fd8d6aca0][WARN] copy_aicore_buffer: [chip_swimlane_collector.cpp:689] Core 44: skipped 1024 AICore record slot(s) with start_time=0 (race-window write or recycled-buffer tail). buf seq=0 count=1024
[mono_ns=7257837175758333][T0xec0fda800ca0][WARN] copy_aicore_buffer: [chip_swimlane_collector.cpp:689] Core 42: skipped 1024 AICore record slot(s) with start_time=0 (race-window write or recycled-buffer tail). buf seq=0 count=1024
[mono_ns=7257837175890605][T0xec0fbff0aca0][WARN] copy_aicore_buffer: [chip_swimlane_collector.cpp:689] Core 47: skipped 1024 AICore record slot(s) with start_time=0 (race-window write or recycled-buffer tail). buf seq=0 count=1024
[mono_ns=7257837176066696][T0xec0fd8d6aca0][WARN] copy_aicore_buffer: [chip_swimlane_collector.cpp:689] Core 45: skipped 1024 AICore record slot(s) with start_time=0 (race-window write or recycled-buffer tail). buf seq=0 count=1024
[mono_ns=7257837176107097][T0xec0fda800ca0][WARN] copy_aicore_buffer: [chip_swimlane_collector.cpp:689] Core 43: skipped 1024 AICore record slot(s) with start_time=0 (race-window write or recycled-buffer tail). buf seq=0 count=1024
[mono_ns=7257837176213018][T0xec0fbff0aca0][WARN] copy_aicore_buffer: [chip_swimlane_collector.cpp:689] Core 14: skipped 1024 AICore record slot(s) with start_time=0 (race-window write or recycled-buffer tail). buf seq=0 count=1024
[mono_ns=7257837176393469][T0xec0fd8d6aca0][WARN] copy_aicore_buffer: [chip_swimlane_collector.cpp:689] Core 13: skipped 1024 AICore record slot(s) with start_time=0 (race-window write or recycled-buffer tail). buf seq=0 count=1024
[mono_ns=7257837176435000][T0xec0fda800ca0][WARN] copy_aicore_buffer: [chip_swimlane_collector.cpp:689] Core 12: skipped 1024 AICore record slot(s) with start_time=0 (race-window write or recycled-buffer tail). buf seq=0 count=1024
[mono_ns=7257837176526721][T0xec0fbff0aca0][WARN] copy_aicore_buffer: [chip_swimlane_collector.cpp:689] Core 52: skipped 1024 AICore record slot(s) with start_time=0 (race-window write or recycled-buffer tail). buf seq=0 count=1024
[mono_ns=7257837176720353][T0xec0fd8d6aca0][WARN] copy_aicore_buffer: [chip_swimlane_collector.cpp:689] Core 50: skipped 1024 AICore record slot(s) with start_time=0 (race-window write or recycled-buffer tail). buf seq=0 count=1024
[mono_ns=7257837176762713][T0xec0fda800ca0][WARN] copy_aicore_buffer: [chip_swimlane_collector.cpp:689] Core 48: skipped 1024 AICore record slot(s) with start_time=0 (race-window write or recycled-buffer tail). buf seq=0 count=1024
[mono_ns=7257837176869444][T0xec0fbff0aca0][WARN] copy_aicore_buffer: [chip_swimlane_collector.cpp:689] Core 53: skipped 1024 AICore record slot(s) with start_time=0 (race-window write or recycled-buffer tail). buf seq=0 count=1024
[mono_ns=7257837177059726][T0xec0fd8d6aca0][WARN] copy_aicore_buffer: [chip_swimlane_collector.cpp:689] Core 51: skipped 1024 AICore record slot(s) with start_time=0 (race-window write or recycled-buffer tail). buf seq=0 count=1024
[mono_ns=7257837177103396][T0xec0fda800ca0][WARN] copy_aicore_buffer: [chip_swimlane_collector.cpp:689] Core 49: skipped 1024 AICore record slot(s) with start_time=0 (race-window write or recycled-buffer tail). buf seq=0 count=1024
[mono_ns=7257837177196107][T0xec0fbff0aca0][WARN] copy_aicore_buffer: [chip_swimlane_collector.cpp:689] Core 17: skipped 1024 AICore record slot(s) with start_time=0 (race-window write or recycled-buffer tail). buf seq=0 count=1024
[mono_ns=7257837177386789][T0xec0fd8d6aca0][WARN] copy_aicore_buffer: [chip_swimlane_collector.cpp:689] Core 16: skipped 1024 AICore record slot(s) with start_time=0 (race-window write or recycled-buffer tail). buf seq=0 count=1024
[mono_ns=7257837177430059][T0xec0fda800ca0][WARN] copy_aicore_buffer: [chip_swimlane_collector.cpp:689] Core 15: skipped 1024 AICore record slot(s) with start_time=0 (race-window write or recycled-buffer tail). buf seq=0 count=1024
[mono_ns=7257837177510490][T0xec0fbff0aca0][WARN] copy_aicore_buffer: [chip_swimlane_collector.cpp:689] Core 58: skipped 1024 AICore record slot(s) with start_time=0 (race-window write or recycled-buffer tail). buf seq=0 count=1024
[mono_ns=7257837177714182][T0xec0fd8d6aca0][WARN] copy_aicore_buffer: [chip_swimlane_collector.cpp:689] Core 56: skipped 1024 AICore record slot(s) with start_time=0 (race-window write or recycled-buffer tail). buf seq=0 count=1024
[mono_ns=7257837177787213][T0xec0fda800ca0][WARN] copy_aicore_buffer: [chip_swimlane_collector.cpp:689] Core 54: skipped 1024 AICore record slot(s) with start_time=0 (race-window write or recycled-buffer tail). buf seq=0 count=1024
[mono_ns=7257837177824223][T0xec0fbff0aca0][WARN] copy_aicore_buffer: [chip_swimlane_collector.cpp:689] Core 59: skipped 1024 AICore record slot(s) with start_time=0 (race-window write or recycled-buffer tail). buf seq=0 count=1024
[mono_ns=7257837178048715][T0xec0fd8d6aca0][WARN] copy_aicore_buffer: [chip_swimlane_collector.cpp:689] Core 57: skipped 1024 AICore record slot(s) with start_time=0 (race-window write or recycled-buffer tail). buf seq=0 count=1024
[mono_ns=7257837178124416][T0xec0fda800ca0][WARN] copy_aicore_buffer: [chip_swimlane_collector.cpp:689] Core 55: skipped 1024 AICore record slot(s) with start_time=0 (race-window write or recycled-buffer tail). buf seq=0 count=1024
[mono_ns=7257837178154336][T0xec0fbff0aca0][WARN] copy_aicore_buffer: [chip_swimlane_collector.cpp:689] Core 20: skipped 1024 AICore record slot(s) with start_time=0 (race-window write or recycled-buffer tail). buf seq=0 count=1024
[mono_ns=7257837178375988][T0xec0fd8d6aca0][WARN] copy_aicore_buffer: [chip_swimlane_collector.cpp:689] Core 19: skipped 1024 AICore record slot(s) with start_time=0 (race-window write or recycled-buffer tail). buf seq=0 count=1024
[mono_ns=7257837178450829][T0xec0fda800ca0][WARN] copy_aicore_buffer: [chip_swimlane_collector.cpp:689] Core 18: skipped 1024 AICore record slot(s) with start_time=0 (race-window write or recycled-buffer tail). buf seq=0 count=1024
[mono_ns=7257837178468059][T0xec0fbff0aca0][WARN] copy_aicore_buffer: [chip_swimlane_collector.cpp:689] Core 64: skipped 1024 AICore record slot(s) with start_time=0 (race-window write or recycled-buffer tail). buf seq=0 count=1024
[mono_ns=7257837178717842][T0xec0fd8d6aca0][WARN] copy_aicore_buffer: [chip_swimlane_collector.cpp:689] Core 62: skipped 1024 AICore record slot(s) with start_time=0 (race-window write or recycled-buffer tail). buf seq=0 count=1024
[mono_ns=7257837178778462][T0xec0fda800ca0][WARN] copy_aicore_buffer: [chip_swimlane_collector.cpp:689] Core 60: skipped 1024 AICore record slot(s) with start_time=0 (race-window write or recycled-buffer tail). buf seq=0 count=1024
[mono_ns=7257837178782422][T0xec0fbff0aca0][WARN] copy_aicore_buffer: [chip_swimlane_collector.cpp:689] Core 65: skipped 1024 AICore record slot(s) with start_time=0 (race-window write or recycled-buffer tail). buf seq=0 count=1024
[mono_ns=7257837179055815][T0xec0fd8d6aca0][WARN] copy_aicore_buffer: [chip_swimlane_collector.cpp:689] Core 63: skipped 1024 AICore record slot(s) with start_time=0 (race-window write or recycled-buffer tail). buf seq=0 count=1024
[mono_ns=7257837179106215][T0xec0fbff0aca0][WARN] copy_aicore_buffer: [chip_swimlane_collector.cpp:689] Core 23: skipped 1024 AICore record slot(s) with start_time=0 (race-window write or recycled-buffer tail). buf seq=0 count=1024
[mono_ns=7257837179114305][T0xec0fda800ca0][WARN] copy_aicore_buffer: [chip_swimlane_collector.cpp:689] Core 61: skipped 1024 AICore record slot(s) with start_time=0 (race-window write or recycled-buffer tail). buf seq=0 count=1024
[mono_ns=7257837179382688][T0xec0fd8d6aca0][WARN] copy_aicore_buffer: [chip_swimlane_collector.cpp:689] Core 22: skipped 1024 AICore record slot(s) with start_time=0 (race-window write or recycled-buffer tail). buf seq=0 count=1024
[mono_ns=7257837179420108][T0xec0fbff0aca0][WARN] copy_aicore_buffer: [chip_swimlane_collector.cpp:689] Core 70: skipped 1024 AICore record slot(s) with start_time=0 (race-window write or recycled-buffer tail). buf seq=0 count=1024
[mono_ns=7257837179492919][T0xec0fda800ca0][WARN] copy_aicore_buffer: [chip_swimlane_collector.cpp:689] Core 21: skipped 1024 AICore record slot(s) with start_time=0 (race-window write or recycled-buffer tail). buf seq=0 count=1024
[mono_ns=7257837179711061][T0xec0fd8d6aca0][WARN] copy_aicore_buffer: [chip_swimlane_collector.cpp:689] Core 68: skipped 1024 AICore record slot(s) with start_time=0 (race-window write or recycled-buffer tail). buf seq=0 count=1024
[mono_ns=7257837179733711][T0xec0fbff0aca0][WARN] copy_aicore_buffer: [chip_swimlane_collector.cpp:689] Core 71: skipped 1024 AICore record slot(s) with start_time=0 (race-window write or recycled-buffer tail). buf seq=0 count=1024
[mono_ns=7257837179844452][T0xec0fda800ca0][WARN] copy_aicore_buffer: [chip_swimlane_collector.cpp:689] Core 66: skipped 1024 AICore record slot(s) with start_time=0 (race-window write or recycled-buffer tail). buf seq=0 count=1024
[mono_ns=7257837180047214][T0xec0fd8d6aca0][WARN] copy_aicore_buffer: [chip_swimlane_collector.cpp:689] Core 69: skipped 1024 AICore record slot(s) with start_time=0 (race-window write or recycled-buffer tail). buf seq=0 count=1024
[mono_ns=7257837180181356][T0xec0fda800ca0][WARN] copy_aicore_buffer: [chip_swimlane_collector.cpp:689] Core 67: skipped 1024 AICore record slot(s) with start_time=0 (race-window write or recycled-buffer tail). buf seq=0 count=1024
[mono_ns=7257837281205793][T0xec111cb9b020][TIMING] emit_host_span: [STRACE] v=1 pid=2792124 tid=2792124 inv=8 hid=2e8e960a9b608ef3 depth=1 name=chip.run.runner_run ts=7257837169988428 dur=111204475 
[mono_ns=7257837281436406][T0xec111cb9b020][TIMING] emit_host_span: [STRACE] v=1 pid=2792124 tid=2792124 inv=8 hid=2e8e960a9b608ef3 depth=1 name=chip.run.validate ts=7257837281220113 dur=211823 
[mono_ns=7257837281443806][T0xec111cb9b020][TIMING] emit_host_span: [STRACE] v=1 pid=2792124 tid=2792124 inv=8 hid=2e8e960a9b608ef3 depth=2 name=chip.run.runner_run.device_wall ts=0 dur=1786459 clk=dev
[mono_ns=7257837281448006][T0xec111cb9b020][TIMING] emit_host_span: [STRACE] v=1 pid=2792124 tid=2792124 inv=8 hid=2e8e960a9b608ef3 depth=3 name=chip.run.runner_run.device_wall.preamble ts=0 dur=103660 clk=dev
[mono_ns=7257837281452546][T0xec111cb9b020][TIMING] emit_host_span: [STRACE] v=1 pid=2792124 tid=2792124 inv=8 hid=2e8e960a9b608ef3 depth=3 name=chip.run.runner_run.device_wall.graph_build ts=99720 dur=1675660 clk=dev
[mono_ns=7257837281456356][T0xec111cb9b020][TIMING] emit_host_span: [STRACE] v=1 pid=2792124 tid=2792124 inv=8 hid=2e8e960a9b608ef3 depth=3 name=chip.run.runner_run.device_wall.config_validate ts=99820 dur=919 clk=dev
[mono_ns=7257837281459946][T0xec111cb9b020][TIMING] emit_host_span: [STRACE] v=1 pid=2792124 tid=2792124 inv=8 hid=2e8e960a9b608ef3 depth=3 name=chip.run.runner_run.device_wall.arena_wire ts=100760 dur=1100 clk=dev
[mono_ns=7257837281494996][T0xec111cb9b020][TIMING] emit_host_span: [STRACE] v=1 pid=2792124 tid=2792124 inv=8 hid=2e8e960a9b608ef3 depth=3 name=chip.run.runner_run.device_wall.sm_reset ts=101880 dur=1859 clk=dev
[mono_ns=7257837281498316][T0xec111cb9b020][TIMING] emit_host_span: [STRACE] v=1 pid=2792124 tid=2792124 inv=8 hid=2e8e960a9b608ef3 depth=3 name=chip.run.runner_run.device_wall.post_orch ts=1775440 dur=10860 clk=dev
[mono_ns=7257837281501166][T0xec111cb9b020][TIMING] emit_host_span: [STRACE] v=1 pid=2792124 tid=2792124 inv=8 hid=2e8e960a9b608ef3 depth=3 name=chip.run.runner_run.device_wall.orch ts=103800 dur=3840 clk=dev
[mono_ns=7257837281504246][T0xec111cb9b020][TIMING] emit_host_span: [STRACE] v=1 pid=2792124 tid=2792124 inv=8 hid=2e8e960a9b608ef3 depth=3 name=chip.run.runner_run.device_wall.sched ts=103900 dur=1647120 clk=dev
[mono_ns=7257837281508326][T0xec111cb9b020][TIMING] emit_host_span: [STRACE] v=1 pid=2792124 tid=2792124 inv=8 hid=2e8e960a9b608ef3 depth=1 name=chip.run.claim_release ts=7257837281506236 dur=350 
[mono_ns=7257837281513306][T0xec111cb9b020][TIMING] emit_host_span: [STRACE] v=1 pid=2792124 tid=2792124 inv=8 hid=2e8e960a9b608ef3 depth=0 name=chip.run ts=7257837169269831 dur=112241135 run_id=8 dispatch_id=8 slot_id=0 generation=8 run_epoch=8
[mono_ns=7257842136200798][T0xec111cb9b020][TIMING] emit_host_span: [STRACE] v=1 pid=2792124 tid=2792124 inv=9 hid=2e8e960a9b608ef3 depth=2 name=chip.run.bind.args ts=7257842135941196 dur=252632 
[mono_ns=7257842136223308][T0xec111cb9b020][TIMING] emit_host_span: [STRACE] v=1 pid=2792124 tid=2792124 inv=9 hid=2e8e960a9b608ef3 depth=2 name=chip.run.bind.prebuilt ts=7257842136217768 dur=2950 
[mono_ns=7257842136270909][T0xec111cb9b020][TIMING] emit_host_span: [STRACE] v=1 pid=2792124 tid=2792124 inv=9 hid=2e8e960a9b608ef3 depth=1 name=chip.run.bind ts=7257842135932745 dur=335144 
[mono_ns=7257842240542574][T0xec111cb9b020][TIMING] emit_host_span: [STRACE] v=1 pid=2792124 tid=2792124 inv=9 hid=2e8e960a9b608ef3 depth=1 name=chip.run.runner_run ts=7257842136476231 dur=104051503 
[mono_ns=7257842240790217][T0xec111cb9b020][TIMING] emit_host_span: [STRACE] v=1 pid=2792124 tid=2792124 inv=9 hid=2e8e960a9b608ef3 depth=1 name=chip.run.validate ts=7257842240559284 dur=226303 
[mono_ns=7257842240798347][T0xec111cb9b020][TIMING] emit_host_span: [STRACE] v=1 pid=2792124 tid=2792124 inv=9 hid=2e8e960a9b608ef3 depth=2 name=chip.run.runner_run.device_wall ts=0 dur=3253400 clk=dev
[mono_ns=7257842240803327][T0xec111cb9b020][TIMING] emit_host_span: [STRACE] v=1 pid=2792124 tid=2792124 inv=9 hid=2e8e960a9b608ef3 depth=3 name=chip.run.runner_run.device_wall.preamble ts=0 dur=5779 clk=dev
[mono_ns=7257842240806817][T0xec111cb9b020][TIMING] emit_host_span: [STRACE] v=1 pid=2792124 tid=2792124 inv=9 hid=2e8e960a9b608ef3 depth=3 name=chip.run.runner_run.device_wall.graph_build ts=1040 dur=3241120 clk=dev
[mono_ns=7257842240810087][T0xec111cb9b020][TIMING] emit_host_span: [STRACE] v=1 pid=2792124 tid=2792124 inv=9 hid=2e8e960a9b608ef3 depth=3 name=chip.run.runner_run.device_wall.config_validate ts=1280 dur=940 clk=dev
[mono_ns=7257842240813467][T0xec111cb9b020][TIMING] emit_host_span: [STRACE] v=1 pid=2792124 tid=2792124 inv=9 hid=2e8e960a9b608ef3 depth=3 name=chip.run.runner_run.device_wall.arena_wire ts=2240 dur=2040 clk=dev
[mono_ns=7257842240873437][T0xec111cb9b020][TIMING] emit_host_span: [STRACE] v=1 pid=2792124 tid=2792124 inv=9 hid=2e8e960a9b608ef3 depth=3 name=chip.run.runner_run.device_wall.sm_reset ts=4500 dur=2600 clk=dev
[mono_ns=7257842240877328][T0xec111cb9b020][TIMING] emit_host_span: [STRACE] v=1 pid=2792124 tid=2792124 inv=9 hid=2e8e960a9b608ef3 depth=3 name=chip.run.runner_run.device_wall.post_orch ts=3242200 dur=11040 clk=dev
[mono_ns=7257842240880468][T0xec111cb9b020][TIMING] emit_host_span: [STRACE] v=1 pid=2792124 tid=2792124 inv=9 hid=2e8e960a9b608ef3 depth=3 name=chip.run.runner_run.device_wall.orch ts=7900 dur=9520 clk=dev
[mono_ns=7257842240883498][T0xec111cb9b020][TIMING] emit_host_span: [STRACE] v=1 pid=2792124 tid=2792124 inv=9 hid=2e8e960a9b608ef3 depth=3 name=chip.run.runner_run.device_wall.sched ts=7460 dur=3226700 clk=dev
[mono_ns=7257842240888008][T0xec111cb9b020][TIMING] emit_host_span: [STRACE] v=1 pid=2792124 tid=2792124 inv=9 hid=2e8e960a9b608ef3 depth=1 name=chip.run.claim_release ts=7257842240885798 dur=450 
[mono_ns=7257842240893538][T0xec111cb9b020][TIMING] emit_host_span: [STRACE] v=1 pid=2792124 tid=2792124 inv=9 hid=2e8e960a9b608ef3 depth=0 name=chip.run ts=7257842135896365 dur=104995143 run_id=9 dispatch_id=9 slot_id=0 generation=9 run_epoch=9
[mono_ns=7257842254349436][T0xec111cb9b020][TIMING] emit_host_span: [STRACE] v=1 pid=2792124 tid=2792124 inv=10 hid=2e8e960a9b608ef3 depth=2 name=chip.run.bind.args ts=7257842254126634 dur=217112 
[mono_ns=7257842254396637][T0xec111cb9b020][TIMING] emit_host_span: [STRACE] v=1 pid=2792124 tid=2792124 inv=10 hid=2e8e960a9b608ef3 depth=2 name=chip.run.bind.prebuilt ts=7257842254390117 dur=3330 
[mono_ns=7257842254401147][T0xec111cb9b020][TIMING] emit_host_span: [STRACE] v=1 pid=2792124 tid=2792124 inv=10 hid=2e8e960a9b608ef3 depth=1 name=chip.run.bind ts=7257842254117384 dur=281533 
[mono_ns=7257842258623877][T0xec0fbff0aca0][WARN] copy_aicore_buffer: [chip_swimlane_collector.cpp:689] Core 2: skipped 1024 AICore record slot(s) with start_time=0 (race-window write or recycled-buffer tail). buf seq=0 count=1024
[mono_ns=7257842258621717][T0xec0fda800ca0][WARN] copy_aicore_buffer: [chip_swimlane_collector.cpp:689] Core 0: skipped 1024 AICore record slot(s) with start_time=0 (race-window write or recycled-buffer tail). buf seq=0 count=1024
[mono_ns=7257842258635787][T0xec0fd8d6aca0][WARN] copy_aicore_buffer: [chip_swimlane_collector.cpp:689] Core 1: skipped 1024 AICore record slot(s) with start_time=0 (race-window write or recycled-buffer tail). buf seq=0 count=1024
[mono_ns=7257842258947090][T0xec0fbff0aca0][WARN] copy_aicore_buffer: [chip_swimlane_collector.cpp:689] Core 28: skipped 1022 AICore record slot(s) with start_time=0 (race-window write or recycled-buffer tail). buf seq=0 count=1024
[mono_ns=7257842258965960][T0xec0fd8d6aca0][WARN] copy_aicore_buffer: [chip_swimlane_collector.cpp:689] Core 26: skipped 1023 AICore record slot(s) with start_time=0 (race-window write or recycled-buffer tail). buf seq=0 count=1024
[mono_ns=7257842258993761][T0xec0fda800ca0][WARN] copy_aicore_buffer: [chip_swimlane_collector.cpp:689] Core 24: skipped 1024 AICore record slot(s) with start_time=0 (race-window write or recycled-buffer tail). buf seq=0 count=1024
[mono_ns=7257842259279433][T0xec0fbff0aca0][WARN] copy_aicore_buffer: [chip_swimlane_collector.cpp:689] Core 29: skipped 1024 AICore record slot(s) with start_time=0 (race-window write or recycled-buffer tail). buf seq=0 count=1024
[mono_ns=7257842259304213][T0xec0fd8d6aca0][WARN] copy_aicore_buffer: [chip_swimlane_collector.cpp:689] Core 27: skipped 1024 AICore record slot(s) with start_time=0 (race-window write or recycled-buffer tail). buf seq=0 count=1024
[mono_ns=7257842259399224][T0xec0fda800ca0][WARN] copy_aicore_buffer: [chip_swimlane_collector.cpp:689] Core 25: skipped 1024 AICore record slot(s) with start_time=0 (race-window write or recycled-buffer tail). buf seq=0 count=1024
[mono_ns=7257842259593676][T0xec0fbff0aca0][WARN] copy_aicore_buffer: [chip_swimlane_collector.cpp:689] Core 5: skipped 1024 AICore record slot(s) with start_time=0 (race-window write or recycled-buffer tail). buf seq=0 count=1024
[mono_ns=7257842259633677][T0xec0fd8d6aca0][WARN] copy_aicore_buffer: [chip_swimlane_collector.cpp:689] Core 4: skipped 1024 AICore record slot(s) with start_time=0 (race-window write or recycled-buffer tail). buf seq=0 count=1024
[mono_ns=7257842259726898][T0xec0fda800ca0][WARN] copy_aicore_buffer: [chip_swimlane_collector.cpp:689] Core 3: skipped 1024 AICore record slot(s) with start_time=0 (race-window write or recycled-buffer tail). buf seq=0 count=1024
[mono_ns=7257842259907809][T0xec0fbff0aca0][WARN] copy_aicore_buffer: [chip_swimlane_collector.cpp:689] Core 34: skipped 1024 AICore record slot(s) with start_time=0 (race-window write or recycled-buffer tail). buf seq=0 count=1024
[mono_ns=7257842259962520][T0xec0fd8d6aca0][WARN] copy_aicore_buffer: [chip_swimlane_collector.cpp:689] Core 32: skipped 1024 AICore record slot(s) with start_time=0 (race-window write or recycled-buffer tail). buf seq=0 count=1024
[mono_ns=7257842260066361][T0xec0fda800ca0][WARN] copy_aicore_buffer: [chip_swimlane_collector.cpp:689] Core 30: skipped 1023 AICore record slot(s) with start_time=0 (race-window write or recycled-buffer tail). buf seq=0 count=1024
[mono_ns=7257842260231052][T0xec0fbff0aca0][WARN] copy_aicore_buffer: [chip_swimlane_collector.cpp:689] Core 35: skipped 1024 AICore record slot(s) with start_time=0 (race-window write or recycled-buffer tail). buf seq=0 count=1024
[mono_ns=7257842260318603][T0xec0fd8d6aca0][WARN] copy_aicore_buffer: [chip_swimlane_collector.cpp:689] Core 33: skipped 1024 AICore record slot(s) with start_time=0 (race-window write or recycled-buffer tail). buf seq=0 count=1024
[mono_ns=7257842260393104][T0xec0fda800ca0][WARN] copy_aicore_buffer: [chip_swimlane_collector.cpp:689] Core 31: skipped 1024 AICore record slot(s) with start_time=0 (race-window write or recycled-buffer tail). buf seq=0 count=1024
[mono_ns=7257842260545135][T0xec0fbff0aca0][WARN] copy_aicore_buffer: [chip_swimlane_collector.cpp:689] Core 8: skipped 1024 AICore record slot(s) with start_time=0 (race-window write or recycled-buffer tail). buf seq=0 count=1024
[mono_ns=7257842260645936][T0xec0fd8d6aca0][WARN] copy_aicore_buffer: [chip_swimlane_collector.cpp:689] Core 7: skipped 1024 AICore record slot(s) with start_time=0 (race-window write or recycled-buffer tail). buf seq=0 count=1024
[mono_ns=7257842260719867][T0xec0fda800ca0][WARN] copy_aicore_buffer: [chip_swimlane_collector.cpp:689] Core 6: skipped 1024 AICore record slot(s) with start_time=0 (race-window write or recycled-buffer tail). buf seq=0 count=1024
[mono_ns=7257842260859118][T0xec0fbff0aca0][WARN] copy_aicore_buffer: [chip_swimlane_collector.cpp:689] Core 40: skipped 1024 AICore record slot(s) with start_time=0 (race-window write or recycled-buffer tail). buf seq=0 count=1024
[mono_ns=7257842260973129][T0xec0fd8d6aca0][WARN] copy_aicore_buffer: [chip_swimlane_collector.cpp:689] Core 38: skipped 1024 AICore record slot(s) with start_time=0 (race-window write or recycled-buffer tail). buf seq=0 count=1024
[mono_ns=7257842261057450][T0xec0fda800ca0][WARN] copy_aicore_buffer: [chip_swimlane_collector.cpp:689] Core 36: skipped 1024 AICore record slot(s) with start_time=0 (race-window write or recycled-buffer tail). buf seq=0 count=1024
[mono_ns=7257842261195892][T0xec0fbff0aca0][WARN] copy_aicore_buffer: [chip_swimlane_collector.cpp:689] Core 41: skipped 1024 AICore record slot(s) with start_time=0 (race-window write or recycled-buffer tail). buf seq=0 count=1024
[mono_ns=7257842261319163][T0xec0fd8d6aca0][WARN] copy_aicore_buffer: [chip_swimlane_collector.cpp:689] Core 39: skipped 1024 AICore record slot(s) with start_time=0 (race-window write or recycled-buffer tail). buf seq=0 count=1024
[mono_ns=7257842261384223][T0xec0fda800ca0][WARN] copy_aicore_buffer: [chip_swimlane_collector.cpp:689] Core 37: skipped 1024 AICore record slot(s) with start_time=0 (race-window write or recycled-buffer tail). buf seq=0 count=1024
[mono_ns=7257842261509715][T0xec0fbff0aca0][WARN] copy_aicore_buffer: [chip_swimlane_collector.cpp:689] Core 11: skipped 1024 AICore record slot(s) with start_time=0 (race-window write or recycled-buffer tail). buf seq=0 count=1024
[mono_ns=7257842261645496][T0xec0fd8d6aca0][WARN] copy_aicore_buffer: [chip_swimlane_collector.cpp:689] Core 10: skipped 1024 AICore record slot(s) with start_time=0 (race-window write or recycled-buffer tail). buf seq=0 count=1024
[mono_ns=7257842261709646][T0xec0fda800ca0][WARN] copy_aicore_buffer: [chip_swimlane_collector.cpp:689] Core 9: skipped 1024 AICore record slot(s) with start_time=0 (race-window write or recycled-buffer tail). buf seq=0 count=1024
[mono_ns=7257842261823158][T0xec0fbff0aca0][WARN] copy_aicore_buffer: [chip_swimlane_collector.cpp:689] Core 46: skipped 1024 AICore record slot(s) with start_time=0 (race-window write or recycled-buffer tail). buf seq=0 count=1024
[mono_ns=7257842262024879][T0xec0fd8d6aca0][WARN] copy_aicore_buffer: [chip_swimlane_collector.cpp:689] Core 44: skipped 1024 AICore record slot(s) with start_time=0 (race-window write or recycled-buffer tail). buf seq=0 count=1024
[mono_ns=7257842262041820][T0xec0fda800ca0][WARN] copy_aicore_buffer: [chip_swimlane_collector.cpp:689] Core 42: skipped 1024 AICore record slot(s) with start_time=0 (race-window write or recycled-buffer tail). buf seq=0 count=1024
[mono_ns=7257842262147301][T0xec0fbff0aca0][WARN] copy_aicore_buffer: [chip_swimlane_collector.cpp:689] Core 47: skipped 1024 AICore record slot(s) with start_time=0 (race-window write or recycled-buffer tail). buf seq=0 count=1024
[mono_ns=7257842262352343][T0xec0fd8d6aca0][WARN] copy_aicore_buffer: [chip_swimlane_collector.cpp:689] Core 45: skipped 1024 AICore record slot(s) with start_time=0 (race-window write or recycled-buffer tail). buf seq=0 count=1024
[mono_ns=7257842262364503][T0xec0fda800ca0][WARN] copy_aicore_buffer: [chip_swimlane_collector.cpp:689] Core 43: skipped 1024 AICore record slot(s) with start_time=0 (race-window write or recycled-buffer tail). buf seq=0 count=1024
[mono_ns=7257842262461664][T0xec0fbff0aca0][WARN] copy_aicore_buffer: [chip_swimlane_collector.cpp:689] Core 14: skipped 1024 AICore record slot(s) with start_time=0 (race-window write or recycled-buffer tail). buf seq=0 count=1024
[mono_ns=7257842262679416][T0xec0fd8d6aca0][WARN] copy_aicore_buffer: [chip_swimlane_collector.cpp:689] Core 13: skipped 1024 AICore record slot(s) with start_time=0 (race-window write or recycled-buffer tail). buf seq=0 count=1024
[mono_ns=7257842262710876][T0xec0fda800ca0][WARN] copy_aicore_buffer: [chip_swimlane_collector.cpp:689] Core 12: skipped 1024 AICore record slot(s) with start_time=0 (race-window write or recycled-buffer tail). buf seq=0 count=1024
[mono_ns=7257842262813957][T0xec0fbff0aca0][WARN] copy_aicore_buffer: [chip_swimlane_collector.cpp:689] Core 52: skipped 1024 AICore record slot(s) with start_time=0 (race-window write or recycled-buffer tail). buf seq=0 count=1024
[mono_ns=7257842263013159][T0xec0fd8d6aca0][WARN] copy_aicore_buffer: [chip_swimlane_collector.cpp:689] Core 50: skipped 1024 AICore record slot(s) with start_time=0 (race-window write or recycled-buffer tail). buf seq=0 count=1024
[mono_ns=7257842263049959][T0xec0fda800ca0][WARN] copy_aicore_buffer: [chip_swimlane_collector.cpp:689] Core 48: skipped 1024 AICore record slot(s) with start_time=0 (race-window write or recycled-buffer tail). buf seq=0 count=1024
[mono_ns=7257842263136530][T0xec0fbff0aca0][WARN] copy_aicore_buffer: [chip_swimlane_collector.cpp:689] Core 53: skipped 1024 AICore record slot(s) with start_time=0 (race-window write or recycled-buffer tail). buf seq=0 count=1024
[mono_ns=7257842263340102][T0xec0fd8d6aca0][WARN] copy_aicore_buffer: [chip_swimlane_collector.cpp:689] Core 51: skipped 1024 AICore record slot(s) with start_time=0 (race-window write or recycled-buffer tail). buf seq=0 count=1024
[mono_ns=7257842263377502][T0xec0fda800ca0][WARN] copy_aicore_buffer: [chip_swimlane_collector.cpp:689] Core 49: skipped 1024 AICore record slot(s) with start_time=0 (race-window write or recycled-buffer tail). buf seq=0 count=1024
[mono_ns=7257842263448653][T0xec0fbff0aca0][WARN] copy_aicore_buffer: [chip_swimlane_collector.cpp:689] Core 17: skipped 1024 AICore record slot(s) with start_time=0 (race-window write or recycled-buffer tail). buf seq=0 count=1024
[mono_ns=7257842263666375][T0xec0fd8d6aca0][WARN] copy_aicore_buffer: [chip_swimlane_collector.cpp:689] Core 16: skipped 1024 AICore record slot(s) with start_time=0 (race-window write or recycled-buffer tail). buf seq=0 count=1024
[mono_ns=7257842263719476][T0xec0fda800ca0][WARN] copy_aicore_buffer: [chip_swimlane_collector.cpp:689] Core 15: skipped 1024 AICore record slot(s) with start_time=0 (race-window write or recycled-buffer tail). buf seq=0 count=1024
[mono_ns=7257842263762086][T0xec0fbff0aca0][WARN] copy_aicore_buffer: [chip_swimlane_collector.cpp:689] Core 58: skipped 1024 AICore record slot(s) with start_time=0 (race-window write or recycled-buffer tail). buf seq=0 count=1024
[mono_ns=7257842263993838][T0xec0fd8d6aca0][WARN] copy_aicore_buffer: [chip_swimlane_collector.cpp:689] Core 56: skipped 1024 AICore record slot(s) with start_time=0 (race-window write or recycled-buffer tail). buf seq=0 count=1024
[mono_ns=7257842264088599][T0xec0fbff0aca0][WARN] copy_aicore_buffer: [chip_swimlane_collector.cpp:689] Core 59: skipped 1024 AICore record slot(s) with start_time=0 (race-window write or recycled-buffer tail). buf seq=0 count=1024
[mono_ns=7257842264159280][T0xec0fda800ca0][WARN] copy_aicore_buffer: [chip_swimlane_collector.cpp:689] Core 54: skipped 1024 AICore record slot(s) with start_time=0 (race-window write or recycled-buffer tail). buf seq=0 count=1024
[mono_ns=7257842264333952][T0xec0fd8d6aca0][WARN] copy_aicore_buffer: [chip_swimlane_collector.cpp:689] Core 57: skipped 1024 AICore record slot(s) with start_time=0 (race-window write or recycled-buffer tail). buf seq=0 count=1024
[mono_ns=7257842264401262][T0xec0fbff0aca0][WARN] copy_aicore_buffer: [chip_swimlane_collector.cpp:689] Core 20: skipped 1024 AICore record slot(s) with start_time=0 (race-window write or recycled-buffer tail). buf seq=0 count=1024
[mono_ns=7257842264485743][T0xec0fda800ca0][WARN] copy_aicore_buffer: [chip_swimlane_collector.cpp:689] Core 55: skipped 1024 AICore record slot(s) with start_time=0 (race-window write or recycled-buffer tail). buf seq=0 count=1024
[mono_ns=7257842264672685][T0xec0fd8d6aca0][WARN] copy_aicore_buffer: [chip_swimlane_collector.cpp:689] Core 19: skipped 1024 AICore record slot(s) with start_time=0 (race-window write or recycled-buffer tail). buf seq=0 count=1024
[mono_ns=7257842264717505][T0xec0fbff0aca0][WARN] copy_aicore_buffer: [chip_swimlane_collector.cpp:689] Core 64: skipped 1022 AICore record slot(s) with start_time=0 (race-window write or recycled-buffer tail). buf seq=0 count=1024
[mono_ns=7257842264812076][T0xec0fda800ca0][WARN] copy_aicore_buffer: [chip_swimlane_collector.cpp:689] Core 18: skipped 1024 AICore record slot(s) with start_time=0 (race-window write or recycled-buffer tail). buf seq=0 count=1024
[mono_ns=7257842265008438][T0xec0fd8d6aca0][WARN] copy_aicore_buffer: [chip_swimlane_collector.cpp:689] Core 62: skipped 1024 AICore record slot(s) with start_time=0 (race-window write or recycled-buffer tail). buf seq=0 count=1024
[mono_ns=7257842265039568][T0xec0fbff0aca0][WARN] copy_aicore_buffer: [chip_swimlane_collector.cpp:689] Core 65: skipped 1024 AICore record slot(s) with start_time=0 (race-window write or recycled-buffer tail). buf seq=0 count=1024
[mono_ns=7257842265146129][T0xec0fda800ca0][WARN] copy_aicore_buffer: [chip_swimlane_collector.cpp:689] Core 60: skipped 1024 AICore record slot(s) with start_time=0 (race-window write or recycled-buffer tail). buf seq=0 count=1024
[mono_ns=7257842265334071][T0xec0fd8d6aca0][WARN] copy_aicore_buffer: [chip_swimlane_collector.cpp:689] Core 63: skipped 1024 AICore record slot(s) with start_time=0 (race-window write or recycled-buffer tail). buf seq=0 count=1024
[mono_ns=7257842265380361][T0xec0fbff0aca0][WARN] copy_aicore_buffer: [chip_swimlane_collector.cpp:689] Core 23: skipped 1024 AICore record slot(s) with start_time=0 (race-window write or recycled-buffer tail). buf seq=0 count=1024
[mono_ns=7257842265473772][T0xec0fda800ca0][WARN] copy_aicore_buffer: [chip_swimlane_collector.cpp:689] Core 61: skipped 1024 AICore record slot(s) with start_time=0 (race-window write or recycled-buffer tail). buf seq=0 count=1024
[mono_ns=7257842265659104][T0xec0fd8d6aca0][WARN] copy_aicore_buffer: [chip_swimlane_collector.cpp:689] Core 22: skipped 1024 AICore record slot(s) with start_time=0 (race-window write or recycled-buffer tail). buf seq=0 count=1024
[mono_ns=7257842265694024][T0xec0fbff0aca0][WARN] copy_aicore_buffer: [chip_swimlane_collector.cpp:689] Core 70: skipped 1024 AICore record slot(s) with start_time=0 (race-window write or recycled-buffer tail). buf seq=0 count=1024
[mono_ns=7257842265800336][T0xec0fda800ca0][WARN] copy_aicore_buffer: [chip_swimlane_collector.cpp:689] Core 21: skipped 1024 AICore record slot(s) with start_time=0 (race-window write or recycled-buffer tail). buf seq=0 count=1024
[mono_ns=7257842265985107][T0xec0fd8d6aca0][WARN] copy_aicore_buffer: [chip_swimlane_collector.cpp:689] Core 68: skipped 1024 AICore record slot(s) with start_time=0 (race-window write or recycled-buffer tail). buf seq=0 count=1024
[mono_ns=7257842266017868][T0xec0fbff0aca0][WARN] copy_aicore_buffer: [chip_swimlane_collector.cpp:689] Core 71: skipped 1024 AICore record slot(s) with start_time=0 (race-window write or recycled-buffer tail). buf seq=0 count=1024
[mono_ns=7257842266140729][T0xec0fda800ca0][WARN] copy_aicore_buffer: [chip_swimlane_collector.cpp:689] Core 66: skipped 1024 AICore record slot(s) with start_time=0 (race-window write or recycled-buffer tail). buf seq=0 count=1024
[mono_ns=7257842266347021][T0xec0fd8d6aca0][WARN] copy_aicore_buffer: [chip_swimlane_collector.cpp:689] Core 69: skipped 1024 AICore record slot(s) with start_time=0 (race-window write or recycled-buffer tail). buf seq=0 count=1024
[mono_ns=7257842266466282][T0xec0fda800ca0][WARN] copy_aicore_buffer: [chip_swimlane_collector.cpp:689] Core 67: skipped 1024 AICore record slot(s) with start_time=0 (race-window write or recycled-buffer tail). buf seq=0 count=1024
[mono_ns=7257842366916561][T0xec111cb9b020][TIMING] emit_host_span: [STRACE] v=1 pid=2792124 tid=2792124 inv=10 hid=2e8e960a9b608ef3 depth=1 name=chip.run.runner_run ts=7257842254711500 dur=112198081 
[mono_ns=7257842367108153][T0xec111cb9b020][TIMING] emit_host_span: [STRACE] v=1 pid=2792124 tid=2792124 inv=10 hid=2e8e960a9b608ef3 depth=1 name=chip.run.validate ts=7257842366925861 dur=177742 
[mono_ns=7257842367116163][T0xec111cb9b020][TIMING] emit_host_span: [STRACE] v=1 pid=2792124 tid=2792124 inv=10 hid=2e8e960a9b608ef3 depth=2 name=chip.run.runner_run.device_wall ts=0 dur=3424440 clk=dev
[mono_ns=7257842367120843][T0xec111cb9b020][TIMING] emit_host_span: [STRACE] v=1 pid=2792124 tid=2792124 inv=10 hid=2e8e960a9b608ef3 depth=3 name=chip.run.runner_run.device_wall.preamble ts=0 dur=705520 clk=dev
[mono_ns=7257842367172843][T0xec111cb9b020][TIMING] emit_host_span: [STRACE] v=1 pid=2792124 tid=2792124 inv=10 hid=2e8e960a9b608ef3 depth=3 name=chip.run.runner_run.device_wall.graph_build ts=700720 dur=2712399 clk=dev
[mono_ns=7257842367177603][T0xec111cb9b020][TIMING] emit_host_span: [STRACE] v=1 pid=2792124 tid=2792124 inv=10 hid=2e8e960a9b608ef3 depth=3 name=chip.run.runner_run.device_wall.config_validate ts=700820 dur=740 clk=dev
[mono_ns=7257842367181254][T0xec111cb9b020][TIMING] emit_host_span: [STRACE] v=1 pid=2792124 tid=2792124 inv=10 hid=2e8e960a9b608ef3 depth=3 name=chip.run.runner_run.device_wall.arena_wire ts=701600 dur=459 clk=dev
[mono_ns=7257842367184334][T0xec111cb9b020][TIMING] emit_host_span: [STRACE] v=1 pid=2792124 tid=2792124 inv=10 hid=2e8e960a9b608ef3 depth=3 name=chip.run.runner_run.device_wall.sm_reset ts=702080 dur=760 clk=dev
[mono_ns=7257842367187254][T0xec111cb9b020][TIMING] emit_host_span: [STRACE] v=1 pid=2792124 tid=2792124 inv=10 hid=2e8e960a9b608ef3 depth=3 name=chip.run.runner_run.device_wall.post_orch ts=3413180 dur=11080 clk=dev
[mono_ns=7257842367190154][T0xec111cb9b020][TIMING] emit_host_span: [STRACE] v=1 pid=2792124 tid=2792124 inv=10 hid=2e8e960a9b608ef3 depth=3 name=chip.run.runner_run.device_wall.orch ts=702900 dur=3780 clk=dev
[mono_ns=7257842367193004][T0xec111cb9b020][TIMING] emit_host_span: [STRACE] v=1 pid=2792124 tid=2792124 inv=10 hid=2e8e960a9b608ef3 depth=3 name=chip.run.runner_run.device_wall.sched ts=705719 dur=2689080 clk=dev
[mono_ns=7257842367196704][T0xec111cb9b020][TIMING] emit_host_span: [STRACE] v=1 pid=2792124 tid=2792124 inv=10 hid=2e8e960a9b608ef3 depth=1 name=chip.run.claim_release ts=7257842367194594 dur=400 
[mono_ns=7257842367217064][T0xec111cb9b020][TIMING] emit_host_span: [STRACE] v=1 pid=2792124 tid=2792124 inv=10 hid=2e8e960a9b608ef3 depth=0 name=chip.run ts=7257842254069963 dur=113144801 run_id=10 dispatch_id=10 slot_id=0 generation=10 run_epoch=10
[mono_ns=7257847216247723][T0xec111cb9b020][TIMING] emit_host_span: [STRACE] v=1 pid=2792124 tid=2792124 inv=11 hid=2e8e960a9b608ef3 depth=2 name=chip.run.bind.args ts=7257847215977560 dur=263093 
[mono_ns=7257847216266103][T0xec111cb9b020][TIMING] emit_host_span: [STRACE] v=1 pid=2792124 tid=2792124 inv=11 hid=2e8e960a9b608ef3 depth=2 name=chip.run.bind.prebuilt ts=7257847216260463 dur=3060 
[mono_ns=7257847216271593][T0xec111cb9b020][TIMING] emit_host_span: [STRACE] v=1 pid=2792124 tid=2792124 inv=11 hid=2e8e960a9b608ef3 depth=1 name=chip.run.bind ts=7257847215969280 dur=299813 
[mono_ns=7257847320406514][T0xec111cb9b020][TIMING] emit_host_span: [STRACE] v=1 pid=2792124 tid=2792124 inv=11 hid=2e8e960a9b608ef3 depth=1 name=chip.run.runner_run ts=7257847216521086 dur=103874248 
[mono_ns=7257847320611526][T0xec111cb9b020][TIMING] emit_host_span: [STRACE] v=1 pid=2792124 tid=2792124 inv=11 hid=2e8e960a9b608ef3 depth=1 name=chip.run.validate ts=7257847320418735 dur=188481 
[mono_ns=7257847320619136][T0xec111cb9b020][TIMING] emit_host_span: [STRACE] v=1 pid=2792124 tid=2792124 inv=11 hid=2e8e960a9b608ef3 depth=2 name=chip.run.runner_run.device_wall ts=0 dur=4664200 clk=dev
[mono_ns=7257847320667167][T0xec111cb9b020][TIMING] emit_host_span: [STRACE] v=1 pid=2792124 tid=2792124 inv=11 hid=2e8e960a9b608ef3 depth=3 name=chip.run.runner_run.device_wall.preamble ts=0 dur=5980 clk=dev
[mono_ns=7257847320670927][T0xec111cb9b020][TIMING] emit_host_span: [STRACE] v=1 pid=2792124 tid=2792124 inv=11 hid=2e8e960a9b608ef3 depth=3 name=chip.run.runner_run.device_wall.graph_build ts=1280 dur=4651900 clk=dev
[mono_ns=7257847320674367][T0xec111cb9b020][TIMING] emit_host_span: [STRACE] v=1 pid=2792124 tid=2792124 inv=11 hid=2e8e960a9b608ef3 depth=3 name=chip.run.runner_run.device_wall.config_validate ts=1400 dur=1000 clk=dev
[mono_ns=7257847320677777][T0xec111cb9b020][TIMING] emit_host_span: [STRACE] v=1 pid=2792124 tid=2792124 inv=11 hid=2e8e960a9b608ef3 depth=3 name=chip.run.runner_run.device_wall.arena_wire ts=2420 dur=919 clk=dev
[mono_ns=7257847320681897][T0xec111cb9b020][TIMING] emit_host_span: [STRACE] v=1 pid=2792124 tid=2792124 inv=11 hid=2e8e960a9b608ef3 depth=3 name=chip.run.runner_run.device_wall.sm_reset ts=3360 dur=3159 clk=dev
[mono_ns=7257847320684937][T0xec111cb9b020][TIMING] emit_host_span: [STRACE] v=1 pid=2792124 tid=2792124 inv=11 hid=2e8e960a9b608ef3 depth=3 name=chip.run.runner_run.device_wall.post_orch ts=4653219 dur=10800 clk=dev
[mono_ns=7257847320687987][T0xec111cb9b020][TIMING] emit_host_span: [STRACE] v=1 pid=2792124 tid=2792124 inv=11 hid=2e8e960a9b608ef3 depth=3 name=chip.run.runner_run.device_wall.orch ts=7040 dur=9220 clk=dev
[mono_ns=7257847320690837][T0xec111cb9b020][TIMING] emit_host_span: [STRACE] v=1 pid=2792124 tid=2792124 inv=11 hid=2e8e960a9b608ef3 depth=3 name=chip.run.runner_run.device_wall.sched ts=7100 dur=4637980 clk=dev
[mono_ns=7257847320707847][T0xec111cb9b020][TIMING] emit_host_span: [STRACE] v=1 pid=2792124 tid=2792124 inv=11 hid=2e8e960a9b608ef3 depth=1 name=chip.run.claim_release ts=7257847320705327 dur=430 
[mono_ns=7257847320712437][T0xec111cb9b020][TIMING] emit_host_span: [STRACE] v=1 pid=2792124 tid=2792124 inv=11 hid=2e8e960a9b608ef3 depth=0 name=chip.run ts=7257847215909480 dur=104800937 run_id=11 dispatch_id=11 slot_id=0 generation=11 run_epoch=11
[mono_ns=7257847372073416][T0xec111cb9b020][TIMING] emit_host_span: [STRACE] v=1 pid=2792124 tid=2792124 inv=12 hid=2e8e960a9b608ef3 depth=2 name=chip.run.bind.args ts=7257847371836754 dur=230802 
[mono_ns=7257847372090376][T0xec111cb9b020][TIMING] emit_host_span: [STRACE] v=1 pid=2792124 tid=2792124 inv=12 hid=2e8e960a9b608ef3 depth=2 name=chip.run.bind.prebuilt ts=7257847372084866 dur=2920 
[mono_ns=7257847372095156][T0xec111cb9b020][TIMING] emit_host_span: [STRACE] v=1 pid=2792124 tid=2792124 inv=12 hid=2e8e960a9b608ef3 depth=1 name=chip.run.bind ts=7257847371829014 dur=263822 
[mono_ns=7257847375405308][T0xec0fda800ca0][WARN] copy_aicore_buffer: [chip_swimlane_collector.cpp:689] Core 0: skipped 1024 AICore record slot(s) with start_time=0 (race-window write or recycled-buffer tail). buf seq=0 count=1024
[mono_ns=7257847375405108][T0xec0fd8d6aca0][WARN] copy_aicore_buffer: [chip_swimlane_collector.cpp:689] Core 1: skipped 1024 AICore record slot(s) with start_time=0 (race-window write or recycled-buffer tail). buf seq=0 count=1024
[mono_ns=7257847375444318][T0xec0fbff0aca0][WARN] copy_aicore_buffer: [chip_swimlane_collector.cpp:689] Core 2: skipped 1024 AICore record slot(s) with start_time=0 (race-window write or recycled-buffer tail). buf seq=0 count=1024
[mono_ns=7257847375748401][T0xec0fda800ca0][WARN] copy_aicore_buffer: [chip_swimlane_collector.cpp:689] Core 24: skipped 1023 AICore record slot(s) with start_time=0 (race-window write or recycled-buffer tail). buf seq=0 count=1024
[mono_ns=7257847375748351][T0xec0fd8d6aca0][WARN] copy_aicore_buffer: [chip_swimlane_collector.cpp:689] Core 26: skipped 1023 AICore record slot(s) with start_time=0 (race-window write or recycled-buffer tail). buf seq=0 count=1024
[mono_ns=7257847375866842][T0xec0fbff0aca0][WARN] copy_aicore_buffer: [chip_swimlane_collector.cpp:689] Core 28: skipped 1023 AICore record slot(s) with start_time=0 (race-window write or recycled-buffer tail). buf seq=0 count=1024
[mono_ns=7257847376101975][T0xec0fd8d6aca0][WARN] copy_aicore_buffer: [chip_swimlane_collector.cpp:689] Core 27: skipped 1024 AICore record slot(s) with start_time=0 (race-window write or recycled-buffer tail). buf seq=0 count=1024
[mono_ns=7257847376104125][T0xec0fda800ca0][WARN] copy_aicore_buffer: [chip_swimlane_collector.cpp:689] Core 25: skipped 1024 AICore record slot(s) with start_time=0 (race-window write or recycled-buffer tail). buf seq=0 count=1024
[mono_ns=7257847376220336][T0xec0fbff0aca0][WARN] copy_aicore_buffer: [chip_swimlane_collector.cpp:689] Core 29: skipped 1024 AICore record slot(s) with start_time=0 (race-window write or recycled-buffer tail). buf seq=0 count=1024
[mono_ns=7257847376428548][T0xec0fda800ca0][WARN] copy_aicore_buffer: [chip_swimlane_collector.cpp:689] Core 3: skipped 1024 AICore record slot(s) with start_time=0 (race-window write or recycled-buffer tail). buf seq=0 count=1024
[mono_ns=7257847376430308][T0xec0fd8d6aca0][WARN] copy_aicore_buffer: [chip_swimlane_collector.cpp:689] Core 4: skipped 1024 AICore record slot(s) with start_time=0 (race-window write or recycled-buffer tail). buf seq=0 count=1024
[mono_ns=7257847376535309][T0xec0fbff0aca0][WARN] copy_aicore_buffer: [chip_swimlane_collector.cpp:689] Core 5: skipped 1024 AICore record slot(s) with start_time=0 (race-window write or recycled-buffer tail). buf seq=0 count=1024
[mono_ns=7257847376754381][T0xec0fda800ca0][WARN] copy_aicore_buffer: [chip_swimlane_collector.cpp:689] Core 30: skipped 1024 AICore record slot(s) with start_time=0 (race-window write or recycled-buffer tail). buf seq=0 count=1024
[mono_ns=7257847376800441][T0xec0fd8d6aca0][WARN] copy_aicore_buffer: [chip_swimlane_collector.cpp:689] Core 32: skipped 1024 AICore record slot(s) with start_time=0 (race-window write or recycled-buffer tail). buf seq=0 count=1024
[mono_ns=7257847376849642][T0xec0fbff0aca0][WARN] copy_aicore_buffer: [chip_swimlane_collector.cpp:689] Core 34: skipped 1024 AICore record slot(s) with start_time=0 (race-window write or recycled-buffer tail). buf seq=0 count=1024
[mono_ns=7257847377092454][T0xec0fda800ca0][WARN] copy_aicore_buffer: [chip_swimlane_collector.cpp:689] Core 31: skipped 1024 AICore record slot(s) with start_time=0 (race-window write or recycled-buffer tail). buf seq=0 count=1024
[mono_ns=7257847377140494][T0xec0fd8d6aca0][WARN] copy_aicore_buffer: [chip_swimlane_collector.cpp:689] Core 33: skipped 1024 AICore record slot(s) with start_time=0 (race-window write or recycled-buffer tail). buf seq=0 count=1024
[mono_ns=7257847377175325][T0xec0fbff0aca0][WARN] copy_aicore_buffer: [chip_swimlane_collector.cpp:689] Core 35: skipped 1024 AICore record slot(s) with start_time=0 (race-window write or recycled-buffer tail). buf seq=0 count=1024
[mono_ns=7257847377419757][T0xec0fda800ca0][WARN] copy_aicore_buffer: [chip_swimlane_collector.cpp:689] Core 6: skipped 1024 AICore record slot(s) with start_time=0 (race-window write or recycled-buffer tail). buf seq=0 count=1024
[mono_ns=7257847377467918][T0xec0fd8d6aca0][WARN] copy_aicore_buffer: [chip_swimlane_collector.cpp:689] Core 7: skipped 1024 AICore record slot(s) with start_time=0 (race-window write or recycled-buffer tail). buf seq=0 count=1024
[mono_ns=7257847377527598][T0xec0fbff0aca0][WARN] copy_aicore_buffer: [chip_swimlane_collector.cpp:689] Core 8: skipped 1024 AICore record slot(s) with start_time=0 (race-window write or recycled-buffer tail). buf seq=0 count=1024
[mono_ns=7257847377747860][T0xec0fda800ca0][WARN] copy_aicore_buffer: [chip_swimlane_collector.cpp:689] Core 36: skipped 1024 AICore record slot(s) with start_time=0 (race-window write or recycled-buffer tail). buf seq=0 count=1024
[mono_ns=7257847377794661][T0xec0fd8d6aca0][WARN] copy_aicore_buffer: [chip_swimlane_collector.cpp:689] Core 38: skipped 1024 AICore record slot(s) with start_time=0 (race-window write or recycled-buffer tail). buf seq=0 count=1024
[mono_ns=7257847377842791][T0xec0fbff0aca0][WARN] copy_aicore_buffer: [chip_swimlane_collector.cpp:689] Core 40: skipped 1024 AICore record slot(s) with start_time=0 (race-window write or recycled-buffer tail). buf seq=0 count=1024
[mono_ns=7257847378082303][T0xec0fda800ca0][WARN] copy_aicore_buffer: [chip_swimlane_collector.cpp:689] Core 37: skipped 1024 AICore record slot(s) with start_time=0 (race-window write or recycled-buffer tail). buf seq=0 count=1024
[mono_ns=7257847378128714][T0xec0fd8d6aca0][WARN] copy_aicore_buffer: [chip_swimlane_collector.cpp:689] Core 39: skipped 1024 AICore record slot(s) with start_time=0 (race-window write or recycled-buffer tail). buf seq=0 count=1024
[mono_ns=7257847378162244][T0xec0fbff0aca0][WARN] copy_aicore_buffer: [chip_swimlane_collector.cpp:689] Core 41: skipped 1024 AICore record slot(s) with start_time=0 (race-window write or recycled-buffer tail). buf seq=0 count=1024
[mono_ns=7257847378408456][T0xec0fda800ca0][WARN] copy_aicore_buffer: [chip_swimlane_collector.cpp:689] Core 9: skipped 1024 AICore record slot(s) with start_time=0 (race-window write or recycled-buffer tail). buf seq=0 count=1024
[mono_ns=7257847378477747][T0xec0fbff0aca0][WARN] copy_aicore_buffer: [chip_swimlane_collector.cpp:689] Core 11: skipped 1024 AICore record slot(s) with start_time=0 (race-window write or recycled-buffer tail). buf seq=0 count=1024
[mono_ns=7257847378480267][T0xec0fd8d6aca0][WARN] copy_aicore_buffer: [chip_swimlane_collector.cpp:689] Core 10: skipped 1024 AICore record slot(s) with start_time=0 (race-window write or recycled-buffer tail). buf seq=0 count=1024
[mono_ns=7257847378735040][T0xec0fda800ca0][WARN] copy_aicore_buffer: [chip_swimlane_collector.cpp:689] Core 42: skipped 1024 AICore record slot(s) with start_time=0 (race-window write or recycled-buffer tail). buf seq=0 count=1024
[mono_ns=7257847378792010][T0xec0fbff0aca0][WARN] copy_aicore_buffer: [chip_swimlane_collector.cpp:689] Core 46: skipped 1024 AICore record slot(s) with start_time=0 (race-window write or recycled-buffer tail). buf seq=0 count=1024
[mono_ns=7257847378805350][T0xec0fd8d6aca0][WARN] copy_aicore_buffer: [chip_swimlane_collector.cpp:689] Core 44: skipped 1024 AICore record slot(s) with start_time=0 (race-window write or recycled-buffer tail). buf seq=0 count=1024
[mono_ns=7257847379073583][T0xec0fda800ca0][WARN] copy_aicore_buffer: [chip_swimlane_collector.cpp:689] Core 43: skipped 1024 AICore record slot(s) with start_time=0 (race-window write or recycled-buffer tail). buf seq=0 count=1024
[mono_ns=7257847379121703][T0xec0fbff0aca0][WARN] copy_aicore_buffer: [chip_swimlane_collector.cpp:689] Core 47: skipped 1024 AICore record slot(s) with start_time=0 (race-window write or recycled-buffer tail). buf seq=0 count=1024
[mono_ns=7257847379143723][T0xec0fd8d6aca0][WARN] copy_aicore_buffer: [chip_swimlane_collector.cpp:689] Core 45: skipped 1024 AICore record slot(s) with start_time=0 (race-window write or recycled-buffer tail). buf seq=0 count=1024
[mono_ns=7257847379419176][T0xec0fda800ca0][WARN] copy_aicore_buffer: [chip_swimlane_collector.cpp:689] Core 12: skipped 1024 AICore record slot(s) with start_time=0 (race-window write or recycled-buffer tail). buf seq=0 count=1024
[mono_ns=7257847379436106][T0xec0fbff0aca0][WARN] copy_aicore_buffer: [chip_swimlane_collector.cpp:689] Core 14: skipped 1024 AICore record slot(s) with start_time=0 (race-window write or recycled-buffer tail). buf seq=0 count=1024
[mono_ns=7257847379470827][T0xec0fd8d6aca0][WARN] copy_aicore_buffer: [chip_swimlane_collector.cpp:689] Core 13: skipped 1024 AICore record slot(s) with start_time=0 (race-window write or recycled-buffer tail). buf seq=0 count=1024
[mono_ns=7257847379746669][T0xec0fda800ca0][WARN] copy_aicore_buffer: [chip_swimlane_collector.cpp:689] Core 48: skipped 1024 AICore record slot(s) with start_time=0 (race-window write or recycled-buffer tail). buf seq=0 count=1024
[mono_ns=7257847379747289][T0xec0fbff0aca0][WARN] copy_aicore_buffer: [chip_swimlane_collector.cpp:689] Core 52: skipped 1024 AICore record slot(s) with start_time=0 (race-window write or recycled-buffer tail). buf seq=0 count=1024
[mono_ns=7257847379796970][T0xec0fd8d6aca0][WARN] copy_aicore_buffer: [chip_swimlane_collector.cpp:689] Core 50: skipped 1024 AICore record slot(s) with start_time=0 (race-window write or recycled-buffer tail). buf seq=0 count=1024
[mono_ns=7257847380076292][T0xec0fbff0aca0][WARN] copy_aicore_buffer: [chip_swimlane_collector.cpp:689] Core 53: skipped 1024 AICore record slot(s) with start_time=0 (race-window write or recycled-buffer tail). buf seq=0 count=1024
[mono_ns=7257847380083902][T0xec0fda800ca0][WARN] copy_aicore_buffer: [chip_swimlane_collector.cpp:689] Core 49: skipped 1024 AICore record slot(s) with start_time=0 (race-window write or recycled-buffer tail). buf seq=0 count=1024
[mono_ns=7257847380156243][T0xec0fd8d6aca0][WARN] copy_aicore_buffer: [chip_swimlane_collector.cpp:689] Core 51: skipped 1024 AICore record slot(s) with start_time=0 (race-window write or recycled-buffer tail). buf seq=0 count=1024
[mono_ns=7257847380391695][T0xec0fbff0aca0][WARN] copy_aicore_buffer: [chip_swimlane_collector.cpp:689] Core 17: skipped 1024 AICore record slot(s) with start_time=0 (race-window write or recycled-buffer tail). buf seq=0 count=1024
[mono_ns=7257847380407386][T0xec0fda800ca0][WARN] copy_aicore_buffer: [chip_swimlane_collector.cpp:689] Core 15: skipped 1024 AICore record slot(s) with start_time=0 (race-window write or recycled-buffer tail). buf seq=0 count=1024
[mono_ns=7257847380482956][T0xec0fd8d6aca0][WARN] copy_aicore_buffer: [chip_swimlane_collector.cpp:689] Core 16: skipped 1024 AICore record slot(s) with start_time=0 (race-window write or recycled-buffer tail). buf seq=0 count=1024
[mono_ns=7257847380705688][T0xec0fbff0aca0][WARN] copy_aicore_buffer: [chip_swimlane_collector.cpp:689] Core 58: skipped 1024 AICore record slot(s) with start_time=0 (race-window write or recycled-buffer tail). buf seq=0 count=1024
[mono_ns=7257847380729399][T0xec0fda800ca0][WARN] copy_aicore_buffer: [chip_swimlane_collector.cpp:689] Core 54: skipped 1024 AICore record slot(s) with start_time=0 (race-window write or recycled-buffer tail). buf seq=0 count=1024
[mono_ns=7257847380810339][T0xec0fd8d6aca0][WARN] copy_aicore_buffer: [chip_swimlane_collector.cpp:689] Core 56: skipped 1024 AICore record slot(s) with start_time=0 (race-window write or recycled-buffer tail). buf seq=0 count=1024
[mono_ns=7257847381052322][T0xec0fbff0aca0][WARN] copy_aicore_buffer: [chip_swimlane_collector.cpp:689] Core 59: skipped 1024 AICore record slot(s) with start_time=0 (race-window write or recycled-buffer tail). buf seq=0 count=1024
[mono_ns=7257847381058512][T0xec0fda800ca0][WARN] copy_aicore_buffer: [chip_swimlane_collector.cpp:689] Core 55: skipped 1024 AICore record slot(s) with start_time=0 (race-window write or recycled-buffer tail). buf seq=0 count=1024
[mono_ns=7257847381142713][T0xec0fd8d6aca0][WARN] copy_aicore_buffer: [chip_swimlane_collector.cpp:689] Core 57: skipped 1024 AICore record slot(s) with start_time=0 (race-window write or recycled-buffer tail). buf seq=0 count=1024
[mono_ns=7257847381367665][T0xec0fbff0aca0][WARN] copy_aicore_buffer: [chip_swimlane_collector.cpp:689] Core 20: skipped 1024 AICore record slot(s) with start_time=0 (race-window write or recycled-buffer tail). buf seq=0 count=1024
[mono_ns=7257847381382165][T0xec0fda800ca0][WARN] copy_aicore_buffer: [chip_swimlane_collector.cpp:689] Core 18: skipped 1024 AICore record slot(s) with start_time=0 (race-window write or recycled-buffer tail). buf seq=0 count=1024
[mono_ns=7257847381469506][T0xec0fd8d6aca0][WARN] copy_aicore_buffer: [chip_swimlane_collector.cpp:689] Core 19: skipped 1024 AICore record slot(s) with start_time=0 (race-window write or recycled-buffer tail). buf seq=0 count=1024
[mono_ns=7257847381681318][T0xec0fbff0aca0][WARN] copy_aicore_buffer: [chip_swimlane_collector.cpp:689] Core 64: skipped 1024 AICore record slot(s) with start_time=0 (race-window write or recycled-buffer tail). buf seq=0 count=1024
[mono_ns=7257847381708308][T0xec0fda800ca0][WARN] copy_aicore_buffer: [chip_swimlane_collector.cpp:689] Core 60: skipped 1024 AICore record slot(s) with start_time=0 (race-window write or recycled-buffer tail). buf seq=0 count=1024
[mono_ns=7257847381821069][T0xec0fd8d6aca0][WARN] copy_aicore_buffer: [chip_swimlane_collector.cpp:689] Core 62: skipped 1024 AICore record slot(s) with start_time=0 (race-window write or recycled-buffer tail). buf seq=0 count=1024
[mono_ns=7257847381996301][T0xec0fbff0aca0][WARN] copy_aicore_buffer: [chip_swimlane_collector.cpp:689] Core 65: skipped 1024 AICore record slot(s) with start_time=0 (race-window write or recycled-buffer tail). buf seq=0 count=1024
[mono_ns=7257847382041901][T0xec0fda800ca0][WARN] copy_aicore_buffer: [chip_swimlane_collector.cpp:689] Core 61: skipped 1024 AICore record slot(s) with start_time=0 (race-window write or recycled-buffer tail). buf seq=0 count=1024
[mono_ns=7257847382154792][T0xec0fd8d6aca0][WARN] copy_aicore_buffer: [chip_swimlane_collector.cpp:689] Core 63: skipped 1024 AICore record slot(s) with start_time=0 (race-window write or recycled-buffer tail). buf seq=0 count=1024
[mono_ns=7257847382321994][T0xec0fbff0aca0][WARN] copy_aicore_buffer: [chip_swimlane_collector.cpp:689] Core 23: skipped 1024 AICore record slot(s) with start_time=0 (race-window write or recycled-buffer tail). buf seq=0 count=1024
[mono_ns=7257847382369614][T0xec0fda800ca0][WARN] copy_aicore_buffer: [chip_swimlane_collector.cpp:689] Core 21: skipped 1024 AICore record slot(s) with start_time=0 (race-window write or recycled-buffer tail). buf seq=0 count=1024
[mono_ns=7257847382481425][T0xec0fd8d6aca0][WARN] copy_aicore_buffer: [chip_swimlane_collector.cpp:689] Core 22: skipped 1024 AICore record slot(s) with start_time=0 (race-window write or recycled-buffer tail). buf seq=0 count=1024
[mono_ns=7257847382635907][T0xec0fbff0aca0][WARN] copy_aicore_buffer: [chip_swimlane_collector.cpp:689] Core 70: skipped 1024 AICore record slot(s) with start_time=0 (race-window write or recycled-buffer tail). buf seq=0 count=1024
[mono_ns=7257847382706807][T0xec0fda800ca0][WARN] copy_aicore_buffer: [chip_swimlane_collector.cpp:689] Core 66: skipped 1024 AICore record slot(s) with start_time=0 (race-window write or recycled-buffer tail). buf seq=0 count=1024
[mono_ns=7257847382808098][T0xec0fd8d6aca0][WARN] copy_aicore_buffer: [chip_swimlane_collector.cpp:689] Core 68: skipped 1024 AICore record slot(s) with start_time=0 (race-window write or recycled-buffer tail). buf seq=0 count=1024
[mono_ns=7257847382950170][T0xec0fbff0aca0][WARN] copy_aicore_buffer: [chip_swimlane_collector.cpp:689] Core 71: skipped 1024 AICore record slot(s) with start_time=0 (race-window write or recycled-buffer tail). buf seq=0 count=1024
[mono_ns=7257847383039711][T0xec0fda800ca0][WARN] copy_aicore_buffer: [chip_swimlane_collector.cpp:689] Core 67: skipped 1024 AICore record slot(s) with start_time=0 (race-window write or recycled-buffer tail). buf seq=0 count=1024
[mono_ns=7257847383139742][T0xec0fd8d6aca0][WARN] copy_aicore_buffer: [chip_swimlane_collector.cpp:689] Core 69: skipped 1024 AICore record slot(s) with start_time=0 (race-window write or recycled-buffer tail). buf seq=0 count=1024
[mono_ns=7257847483612328][T0xec111cb9b020][TIMING] emit_host_span: [STRACE] v=1 pid=2792124 tid=2792124 inv=12 hid=2e8e960a9b608ef3 depth=1 name=chip.run.runner_run ts=7257847372352419 dur=111253249 
[mono_ns=7257847483823340][T0xec111cb9b020][TIMING] emit_host_span: [STRACE] v=1 pid=2792124 tid=2792124 inv=12 hid=2e8e960a9b608ef3 depth=1 name=chip.run.validate ts=7257847483625608 dur=192992 
[mono_ns=7257847483831200][T0xec111cb9b020][TIMING] emit_host_span: [STRACE] v=1 pid=2792124 tid=2792124 inv=12 hid=2e8e960a9b608ef3 depth=2 name=chip.run.runner_run.device_wall ts=0 dur=2576939 clk=dev
[mono_ns=7257847483835880][T0xec111cb9b020][TIMING] emit_host_span: [STRACE] v=1 pid=2792124 tid=2792124 inv=12 hid=2e8e960a9b608ef3 depth=3 name=chip.run.runner_run.device_wall.preamble ts=0 dur=634520 clk=dev
[mono_ns=7257847483839530][T0xec111cb9b020][TIMING] emit_host_span: [STRACE] v=1 pid=2792124 tid=2792124 inv=12 hid=2e8e960a9b608ef3 depth=3 name=chip.run.runner_run.device_wall.graph_build ts=630720 dur=1935440 clk=dev
[mono_ns=7257847483842690][T0xec111cb9b020][TIMING] emit_host_span: [STRACE] v=1 pid=2792124 tid=2792124 inv=12 hid=2e8e960a9b608ef3 depth=3 name=chip.run.runner_run.device_wall.config_validate ts=630820 dur=720 clk=dev
[mono_ns=7257847483845950][T0xec111cb9b020][TIMING] emit_host_span: [STRACE] v=1 pid=2792124 tid=2792124 inv=12 hid=2e8e960a9b608ef3 depth=3 name=chip.run.runner_run.device_wall.arena_wire ts=631560 dur=320 clk=dev
[mono_ns=7257847483848860][T0xec111cb9b020][TIMING] emit_host_span: [STRACE] v=1 pid=2792124 tid=2792124 inv=12 hid=2e8e960a9b608ef3 depth=3 name=chip.run.runner_run.device_wall.sm_reset ts=631900 dur=1280 clk=dev
[mono_ns=7257847483851970][T0xec111cb9b020][TIMING] emit_host_span: [STRACE] v=1 pid=2792124 tid=2792124 inv=12 hid=2e8e960a9b608ef3 depth=3 name=chip.run.runner_run.device_wall.post_orch ts=2566200 dur=10640 clk=dev
[mono_ns=7257847483880360][T0xec111cb9b020][TIMING] emit_host_span: [STRACE] v=1 pid=2792124 tid=2792124 inv=12 hid=2e8e960a9b608ef3 depth=3 name=chip.run.runner_run.device_wall.orch ts=633220 dur=4140 clk=dev
[mono_ns=7257847483884150][T0xec111cb9b020][TIMING] emit_host_span: [STRACE] v=1 pid=2792124 tid=2792124 inv=12 hid=2e8e960a9b608ef3 depth=3 name=chip.run.runner_run.device_wall.sched ts=634660 dur=1912740 clk=dev
[mono_ns=7257847483888380][T0xec111cb9b020][TIMING] emit_host_span: [STRACE] v=1 pid=2792124 tid=2792124 inv=12 hid=2e8e960a9b608ef3 depth=1 name=chip.run.claim_release ts=7257847483886230 dur=320 
[mono_ns=7257847483892631][T0xec111cb9b020][TIMING] emit_host_span: [STRACE] v=1 pid=2792124 tid=2792124 inv=12 hid=2e8e960a9b608ef3 depth=0 name=chip.run ts=7257847371794404 dur=112096076 run_id=12 dispatch_id=12 slot_id=0 generation=12 run_epoch=12
[mono_ns=7257852340898557][T0xec111cb9b020][TIMING] emit_host_span: [STRACE] v=1 pid=2792124 tid=2792124 inv=13 hid=2e8e960a9b608ef3 depth=2 name=chip.run.bind.args ts=7257852340533094 dur=355743 
[mono_ns=7257852340920477][T0xec111cb9b020][TIMING] emit_host_span: [STRACE] v=1 pid=2792124 tid=2792124 inv=13 hid=2e8e960a9b608ef3 depth=2 name=chip.run.bind.prebuilt ts=7257852340912337 dur=5720 
[mono_ns=7257852340926677][T0xec111cb9b020][TIMING] emit_host_span: [STRACE] v=1 pid=2792124 tid=2792124 inv=13 hid=2e8e960a9b608ef3 depth=1 name=chip.run.bind ts=7257852340518564 dur=405593 
[mono_ns=7257852445401539][T0xec111cb9b020][TIMING] emit_host_span: [STRACE] v=1 pid=2792124 tid=2792124 inv=13 hid=2e8e960a9b608ef3 depth=1 name=chip.run.runner_run ts=7257852341475313 dur=103912466 
[mono_ns=7257852445637621][T0xec111cb9b020][TIMING] emit_host_span: [STRACE] v=1 pid=2792124 tid=2792124 inv=13 hid=2e8e960a9b608ef3 depth=1 name=chip.run.validate ts=7257852445414019 dur=219452 
[mono_ns=7257852445646131][T0xec111cb9b020][TIMING] emit_host_span: [STRACE] v=1 pid=2792124 tid=2792124 inv=13 hid=2e8e960a9b608ef3 depth=2 name=chip.run.runner_run.device_wall ts=0 dur=3481759 clk=dev
[mono_ns=7257852445652021][T0xec111cb9b020][TIMING] emit_host_span: [STRACE] v=1 pid=2792124 tid=2792124 inv=13 hid=2e8e960a9b608ef3 depth=3 name=chip.run.runner_run.device_wall.preamble ts=0 dur=6939 clk=dev
[mono_ns=7257852445655981][T0xec111cb9b020][TIMING] emit_host_span: [STRACE] v=1 pid=2792124 tid=2792124 inv=13 hid=2e8e960a9b608ef3 depth=3 name=chip.run.runner_run.device_wall.graph_build ts=1560 dur=3469620 clk=dev
[mono_ns=7257852445659511][T0xec111cb9b020][TIMING] emit_host_span: [STRACE] v=1 pid=2792124 tid=2792124 inv=13 hid=2e8e960a9b608ef3 depth=3 name=chip.run.runner_run.device_wall.config_validate ts=2120 dur=919 clk=dev
[mono_ns=7257852445662871][T0xec111cb9b020][TIMING] emit_host_span: [STRACE] v=1 pid=2792124 tid=2792124 inv=13 hid=2e8e960a9b608ef3 depth=3 name=chip.run.runner_run.device_wall.arena_wire ts=3060 dur=1740 clk=dev
[mono_ns=7257852445666321][T0xec111cb9b020][TIMING] emit_host_span: [STRACE] v=1 pid=2792124 tid=2792124 inv=13 hid=2e8e960a9b608ef3 depth=3 name=chip.run.runner_run.device_wall.sm_reset ts=5080 dur=2820 clk=dev
[mono_ns=7257852445721882][T0xec111cb9b020][TIMING] emit_host_span: [STRACE] v=1 pid=2792124 tid=2792124 inv=13 hid=2e8e960a9b608ef3 depth=3 name=chip.run.runner_run.device_wall.post_orch ts=3471259 dur=10380 clk=dev
[mono_ns=7257852445725582][T0xec111cb9b020][TIMING] emit_host_span: [STRACE] v=1 pid=2792124 tid=2792124 inv=13 hid=2e8e960a9b608ef3 depth=3 name=chip.run.runner_run.device_wall.orch ts=8740 dur=8360 clk=dev
[mono_ns=7257852445728632][T0xec111cb9b020][TIMING] emit_host_span: [STRACE] v=1 pid=2792124 tid=2792124 inv=13 hid=2e8e960a9b608ef3 depth=3 name=chip.run.runner_run.device_wall.sched ts=8620 dur=3454620 clk=dev
[mono_ns=7257852445733902][T0xec111cb9b020][TIMING] emit_host_span: [STRACE] v=1 pid=2792124 tid=2792124 inv=13 hid=2e8e960a9b608ef3 depth=1 name=chip.run.claim_release ts=7257852445731192 dur=860 
[mono_ns=7257852445739162][T0xec111cb9b020][TIMING] emit_host_span: [STRACE] v=1 pid=2792124 tid=2792124 inv=13 hid=2e8e960a9b608ef3 depth=0 name=chip.run ts=7257852340440613 dur=105296479 run_id=13 dispatch_id=13 slot_id=0 generation=13 run_epoch=13
[mono_ns=7257852498120059][T0xec111cb9b020][TIMING] emit_host_span: [STRACE] v=1 pid=2792124 tid=2792124 inv=14 hid=2e8e960a9b608ef3 depth=2 name=chip.run.bind.args ts=7257852497899827 dur=214722 
[mono_ns=7257852498133349][T0xec111cb9b020][TIMING] emit_host_span: [STRACE] v=1 pid=2792124 tid=2792124 inv=14 hid=2e8e960a9b608ef3 depth=2 name=chip.run.bind.prebuilt ts=7257852498127879 dur=2960 
[mono_ns=7257852498139119][T0xec111cb9b020][TIMING] emit_host_span: [STRACE] v=1 pid=2792124 tid=2792124 inv=14 hid=2e8e960a9b608ef3 depth=1 name=chip.run.bind ts=7257852497890847 dur=246192 
[mono_ns=7257852501546552][T0xec0fda800ca0][WARN] copy_aicore_buffer: [chip_swimlane_collector.cpp:689] Core 0: skipped 1024 AICore record slot(s) with start_time=0 (race-window write or recycled-buffer tail). buf seq=0 count=1024
[mono_ns=7257852501555042][T0xec0fd8d6aca0][WARN] copy_aicore_buffer: [chip_swimlane_collector.cpp:689] Core 1: skipped 1024 AICore record slot(s) with start_time=0 (race-window write or recycled-buffer tail). buf seq=0 count=1024
[mono_ns=7257852501592502][T0xec0fbff0aca0][WARN] copy_aicore_buffer: [chip_swimlane_collector.cpp:689] Core 2: skipped 1024 AICore record slot(s) with start_time=0 (race-window write or recycled-buffer tail). buf seq=0 count=1024
[mono_ns=7257852501890335][T0xec0fd8d6aca0][WARN] copy_aicore_buffer: [chip_swimlane_collector.cpp:689] Core 26: skipped 1023 AICore record slot(s) with start_time=0 (race-window write or recycled-buffer tail). buf seq=0 count=1024
[mono_ns=7257852501892825][T0xec0fda800ca0][WARN] copy_aicore_buffer: [chip_swimlane_collector.cpp:689] Core 24: skipped 1024 AICore record slot(s) with start_time=0 (race-window write or recycled-buffer tail). buf seq=0 count=1024
[mono_ns=7257852501911645][T0xec0fbff0aca0][WARN] copy_aicore_buffer: [chip_swimlane_collector.cpp:689] Core 28: skipped 1022 AICore record slot(s) with start_time=0 (race-window write or recycled-buffer tail). buf seq=0 count=1024
[mono_ns=7257852502233298][T0xec0fda800ca0][WARN] copy_aicore_buffer: [chip_swimlane_collector.cpp:689] Core 25: skipped 1024 AICore record slot(s) with start_time=0 (race-window write or recycled-buffer tail). buf seq=0 count=1024
[mono_ns=7257852502234378][T0xec0fd8d6aca0][WARN] copy_aicore_buffer: [chip_swimlane_collector.cpp:689] Core 27: skipped 1024 AICore record slot(s) with start_time=0 (race-window write or recycled-buffer tail). buf seq=0 count=1024
[mono_ns=7257852502236018][T0xec0fbff0aca0][WARN] copy_aicore_buffer: [chip_swimlane_collector.cpp:689] Core 29: skipped 1024 AICore record slot(s) with start_time=0 (race-window write or recycled-buffer tail). buf seq=0 count=1024
[mono_ns=7257852502560991][T0xec0fda800ca0][WARN] copy_aicore_buffer: [chip_swimlane_collector.cpp:689] Core 3: skipped 1024 AICore record slot(s) with start_time=0 (race-window write or recycled-buffer tail). buf seq=0 count=1024
[mono_ns=7257852502573961][T0xec0fd8d6aca0][WARN] copy_aicore_buffer: [chip_swimlane_collector.cpp:689] Core 4: skipped 1024 AICore record slot(s) with start_time=0 (race-window write or recycled-buffer tail). buf seq=0 count=1024
[mono_ns=7257852502586371][T0xec0fbff0aca0][WARN] copy_aicore_buffer: [chip_swimlane_collector.cpp:689] Core 5: skipped 1024 AICore record slot(s) with start_time=0 (race-window write or recycled-buffer tail). buf seq=0 count=1024
[mono_ns=7257852502886874][T0xec0fda800ca0][WARN] copy_aicore_buffer: [chip_swimlane_collector.cpp:689] Core 30: skipped 1024 AICore record slot(s) with start_time=0 (race-window write or recycled-buffer tail). buf seq=0 count=1024
[mono_ns=7257852502898484][T0xec0fd8d6aca0][WARN] copy_aicore_buffer: [chip_swimlane_collector.cpp:689] Core 32: skipped 1024 AICore record slot(s) with start_time=0 (race-window write or recycled-buffer tail). buf seq=0 count=1024
[mono_ns=7257852502898734][T0xec0fbff0aca0][WARN] copy_aicore_buffer: [chip_swimlane_collector.cpp:689] Core 34: skipped 1024 AICore record slot(s) with start_time=0 (race-window write or recycled-buffer tail). buf seq=0 count=1024
[mono_ns=7257852503226397][T0xec0fda800ca0][WARN] copy_aicore_buffer: [chip_swimlane_collector.cpp:689] Core 31: skipped 1024 AICore record slot(s) with start_time=0 (race-window write or recycled-buffer tail). buf seq=0 count=1024
[mono_ns=7257852503238588][T0xec0fd8d6aca0][WARN] copy_aicore_buffer: [chip_swimlane_collector.cpp:689] Core 33: skipped 1021 AICore record slot(s) with start_time=0 (race-window write or recycled-buffer tail). buf seq=0 count=1024
[mono_ns=7257852503252188][T0xec0fbff0aca0][WARN] copy_aicore_buffer: [chip_swimlane_collector.cpp:689] Core 35: skipped 1024 AICore record slot(s) with start_time=0 (race-window write or recycled-buffer tail). buf seq=0 count=1024
[mono_ns=7257852503553261][T0xec0fda800ca0][WARN] copy_aicore_buffer: [chip_swimlane_collector.cpp:689] Core 6: skipped 1024 AICore record slot(s) with start_time=0 (race-window write or recycled-buffer tail). buf seq=0 count=1024
[mono_ns=7257852503559881][T0xec0fd8d6aca0][WARN] copy_aicore_buffer: [chip_swimlane_collector.cpp:689] Core 7: skipped 1024 AICore record slot(s) with start_time=0 (race-window write or recycled-buffer tail). buf seq=0 count=1024
[mono_ns=7257852503565011][T0xec0fbff0aca0][WARN] copy_aicore_buffer: [chip_swimlane_collector.cpp:689] Core 8: skipped 1024 AICore record slot(s) with start_time=0 (race-window write or recycled-buffer tail). buf seq=0 count=1024
[mono_ns=7257852503878544][T0xec0fbff0aca0][WARN] copy_aicore_buffer: [chip_swimlane_collector.cpp:689] Core 40: skipped 1024 AICore record slot(s) with start_time=0 (race-window write or recycled-buffer tail). buf seq=0 count=1024
[mono_ns=7257852503880324][T0xec0fda800ca0][WARN] copy_aicore_buffer: [chip_swimlane_collector.cpp:689] Core 36: skipped 1024 AICore record slot(s) with start_time=0 (race-window write or recycled-buffer tail). buf seq=0 count=1024
[mono_ns=7257852503882674][T0xec0fd8d6aca0][WARN] copy_aicore_buffer: [chip_swimlane_collector.cpp:689] Core 38: skipped 1024 AICore record slot(s) with start_time=0 (race-window write or recycled-buffer tail). buf seq=0 count=1024
[mono_ns=7257852504200817][T0xec0fbff0aca0][WARN] copy_aicore_buffer: [chip_swimlane_collector.cpp:689] Core 41: skipped 1024 AICore record slot(s) with start_time=0 (race-window write or recycled-buffer tail). buf seq=0 count=1024
[mono_ns=7257852504238647][T0xec0fda800ca0][WARN] copy_aicore_buffer: [chip_swimlane_collector.cpp:689] Core 37: skipped 1024 AICore record slot(s) with start_time=0 (race-window write or recycled-buffer tail). buf seq=0 count=1024
[mono_ns=7257852504258057][T0xec0fd8d6aca0][WARN] copy_aicore_buffer: [chip_swimlane_collector.cpp:689] Core 39: skipped 1024 AICore record slot(s) with start_time=0 (race-window write or recycled-buffer tail). buf seq=0 count=1024
[mono_ns=7257852504516150][T0xec0fbff0aca0][WARN] copy_aicore_buffer: [chip_swimlane_collector.cpp:689] Core 11: skipped 1024 AICore record slot(s) with start_time=0 (race-window write or recycled-buffer tail). buf seq=0 count=1024
[mono_ns=7257852504566580][T0xec0fda800ca0][WARN] copy_aicore_buffer: [chip_swimlane_collector.cpp:689] Core 9: skipped 1024 AICore record slot(s) with start_time=0 (race-window write or recycled-buffer tail). buf seq=0 count=1024
[mono_ns=7257852504581310][T0xec0fd8d6aca0][WARN] copy_aicore_buffer: [chip_swimlane_collector.cpp:689] Core 10: skipped 1024 AICore record slot(s) with start_time=0 (race-window write or recycled-buffer tail). buf seq=0 count=1024
[mono_ns=7257852504829843][T0xec0fbff0aca0][WARN] copy_aicore_buffer: [chip_swimlane_collector.cpp:689] Core 46: skipped 1024 AICore record slot(s) with start_time=0 (race-window write or recycled-buffer tail). buf seq=0 count=1024
[mono_ns=7257852504892013][T0xec0fda800ca0][WARN] copy_aicore_buffer: [chip_swimlane_collector.cpp:689] Core 42: skipped 1024 AICore record slot(s) with start_time=0 (race-window write or recycled-buffer tail). buf seq=0 count=1024
[mono_ns=7257852504903463][T0xec0fd8d6aca0][WARN] copy_aicore_buffer: [chip_swimlane_collector.cpp:689] Core 44: skipped 1024 AICore record slot(s) with start_time=0 (race-window write or recycled-buffer tail). buf seq=0 count=1024
[mono_ns=7257852505164546][T0xec0fbff0aca0][WARN] copy_aicore_buffer: [chip_swimlane_collector.cpp:689] Core 47: skipped 1024 AICore record slot(s) with start_time=0 (race-window write or recycled-buffer tail). buf seq=0 count=1024
[mono_ns=7257852505227356][T0xec0fda800ca0][WARN] copy_aicore_buffer: [chip_swimlane_collector.cpp:689] Core 43: skipped 1024 AICore record slot(s) with start_time=0 (race-window write or recycled-buffer tail). buf seq=0 count=1024
[mono_ns=7257852505236027][T0xec0fd8d6aca0][WARN] copy_aicore_buffer: [chip_swimlane_collector.cpp:689] Core 45: skipped 1024 AICore record slot(s) with start_time=0 (race-window write or recycled-buffer tail). buf seq=0 count=1024
[mono_ns=7257852505502439][T0xec0fbff0aca0][WARN] copy_aicore_buffer: [chip_swimlane_collector.cpp:689] Core 14: skipped 1024 AICore record slot(s) with start_time=0 (race-window write or recycled-buffer tail). buf seq=0 count=1024
[mono_ns=7257852505553550][T0xec0fda800ca0][WARN] copy_aicore_buffer: [chip_swimlane_collector.cpp:689] Core 12: skipped 1024 AICore record slot(s) with start_time=0 (race-window write or recycled-buffer tail). buf seq=0 count=1024
[mono_ns=7257852505558650][T0xec0fd8d6aca0][WARN] copy_aicore_buffer: [chip_swimlane_collector.cpp:689] Core 13: skipped 1024 AICore record slot(s) with start_time=0 (race-window write or recycled-buffer tail). buf seq=0 count=1024
[mono_ns=7257852505817492][T0xec0fbff0aca0][WARN] copy_aicore_buffer: [chip_swimlane_collector.cpp:689] Core 52: skipped 1024 AICore record slot(s) with start_time=0 (race-window write or recycled-buffer tail). buf seq=0 count=1024
[mono_ns=7257852505880223][T0xec0fda800ca0][WARN] copy_aicore_buffer: [chip_swimlane_collector.cpp:689] Core 48: skipped 1024 AICore record slot(s) with start_time=0 (race-window write or recycled-buffer tail). buf seq=0 count=1024
[mono_ns=7257852505912353][T0xec0fd8d6aca0][WARN] copy_aicore_buffer: [chip_swimlane_collector.cpp:689] Core 50: skipped 1024 AICore record slot(s) with start_time=0 (race-window write or recycled-buffer tail). buf seq=0 count=1024
[mono_ns=7257852506140965][T0xec0fbff0aca0][WARN] copy_aicore_buffer: [chip_swimlane_collector.cpp:689] Core 53: skipped 1024 AICore record slot(s) with start_time=0 (race-window write or recycled-buffer tail). buf seq=0 count=1024
[mono_ns=7257852506216746][T0xec0fda800ca0][WARN] copy_aicore_buffer: [chip_swimlane_collector.cpp:689] Core 49: skipped 1024 AICore record slot(s) with start_time=0 (race-window write or recycled-buffer tail). buf seq=0 count=1024
[mono_ns=7257852506248316][T0xec0fd8d6aca0][WARN] copy_aicore_buffer: [chip_swimlane_collector.cpp:689] Core 51: skipped 1024 AICore record slot(s) with start_time=0 (race-window write or recycled-buffer tail). buf seq=0 count=1024
[mono_ns=7257852506454898][T0xec0fbff0aca0][WARN] copy_aicore_buffer: [chip_swimlane_collector.cpp:689] Core 17: skipped 1024 AICore record slot(s) with start_time=0 (race-window write or recycled-buffer tail). buf seq=0 count=1024
[mono_ns=7257852506542979][T0xec0fda800ca0][WARN] copy_aicore_buffer: [chip_swimlane_collector.cpp:689] Core 15: skipped 1024 AICore record slot(s) with start_time=0 (race-window write or recycled-buffer tail). buf seq=0 count=1024
[mono_ns=7257852506575679][T0xec0fd8d6aca0][WARN] copy_aicore_buffer: [chip_swimlane_collector.cpp:689] Core 16: skipped 1024 AICore record slot(s) with start_time=0 (race-window write or recycled-buffer tail). buf seq=0 count=1024
[mono_ns=7257852506797701][T0xec0fbff0aca0][WARN] copy_aicore_buffer: [chip_swimlane_collector.cpp:689] Core 58: skipped 1024 AICore record slot(s) with start_time=0 (race-window write or recycled-buffer tail). buf seq=0 count=1024
[mono_ns=7257852506869312][T0xec0fda800ca0][WARN] copy_aicore_buffer: [chip_swimlane_collector.cpp:689] Core 54: skipped 1024 AICore record slot(s) with start_time=0 (race-window write or recycled-buffer tail). buf seq=0 count=1024
[mono_ns=7257852506903022][T0xec0fd8d6aca0][WARN] copy_aicore_buffer: [chip_swimlane_collector.cpp:689] Core 56: skipped 1024 AICore record slot(s) with start_time=0 (race-window write or recycled-buffer tail). buf seq=0 count=1024
[mono_ns=7257852507127485][T0xec0fbff0aca0][WARN] copy_aicore_buffer: [chip_swimlane_collector.cpp:689] Core 59: skipped 1024 AICore record slot(s) with start_time=0 (race-window write or recycled-buffer tail). buf seq=0 count=1024
[mono_ns=7257852507207095][T0xec0fda800ca0][WARN] copy_aicore_buffer: [chip_swimlane_collector.cpp:689] Core 55: skipped 1024 AICore record slot(s) with start_time=0 (race-window write or recycled-buffer tail). buf seq=0 count=1024
[mono_ns=7257852507239606][T0xec0fd8d6aca0][WARN] copy_aicore_buffer: [chip_swimlane_collector.cpp:689] Core 57: skipped 1024 AICore record slot(s) with start_time=0 (race-window write or recycled-buffer tail). buf seq=0 count=1024
[mono_ns=7257852507443428][T0xec0fbff0aca0][WARN] copy_aicore_buffer: [chip_swimlane_collector.cpp:689] Core 20: skipped 1024 AICore record slot(s) with start_time=0 (race-window write or recycled-buffer tail). buf seq=0 count=1024
[mono_ns=7257852507532978][T0xec0fda800ca0][WARN] copy_aicore_buffer: [chip_swimlane_collector.cpp:689] Core 18: skipped 1024 AICore record slot(s) with start_time=0 (race-window write or recycled-buffer tail). buf seq=0 count=1024
[mono_ns=7257852507591229][T0xec0fd8d6aca0][WARN] copy_aicore_buffer: [chip_swimlane_collector.cpp:689] Core 19: skipped 1024 AICore record slot(s) with start_time=0 (race-window write or recycled-buffer tail). buf seq=0 count=1024
[mono_ns=7257852507759071][T0xec0fbff0aca0][WARN] copy_aicore_buffer: [chip_swimlane_collector.cpp:689] Core 64: skipped 1024 AICore record slot(s) with start_time=0 (race-window write or recycled-buffer tail). buf seq=0 count=1024
[mono_ns=7257852507859581][T0xec0fda800ca0][WARN] copy_aicore_buffer: [chip_swimlane_collector.cpp:689] Core 60: skipped 1024 AICore record slot(s) with start_time=0 (race-window write or recycled-buffer tail). buf seq=0 count=1024
[mono_ns=7257852507917602][T0xec0fd8d6aca0][WARN] copy_aicore_buffer: [chip_swimlane_collector.cpp:689] Core 62: skipped 1024 AICore record slot(s) with start_time=0 (race-window write or recycled-buffer tail). buf seq=0 count=1024
[mono_ns=7257852508081234][T0xec0fbff0aca0][WARN] copy_aicore_buffer: [chip_swimlane_collector.cpp:689] Core 65: skipped 1024 AICore record slot(s) with start_time=0 (race-window write or recycled-buffer tail). buf seq=0 count=1024
[mono_ns=7257852508189015][T0xec0fda800ca0][WARN] copy_aicore_buffer: [chip_swimlane_collector.cpp:689] Core 61: skipped 1024 AICore record slot(s) with start_time=0 (race-window write or recycled-buffer tail). buf seq=0 count=1024
[mono_ns=7257852508258815][T0xec0fd8d6aca0][WARN] copy_aicore_buffer: [chip_swimlane_collector.cpp:689] Core 63: skipped 1024 AICore record slot(s) with start_time=0 (race-window write or recycled-buffer tail). buf seq=0 count=1024
[mono_ns=7257852508395867][T0xec0fbff0aca0][WARN] copy_aicore_buffer: [chip_swimlane_collector.cpp:689] Core 23: skipped 1024 AICore record slot(s) with start_time=0 (race-window write or recycled-buffer tail). buf seq=0 count=1024
[mono_ns=7257852508528288][T0xec0fda800ca0][WARN] copy_aicore_buffer: [chip_swimlane_collector.cpp:689] Core 21: skipped 1024 AICore record slot(s) with start_time=0 (race-window write or recycled-buffer tail). buf seq=0 count=1024
[mono_ns=7257852508585258][T0xec0fd8d6aca0][WARN] copy_aicore_buffer: [chip_swimlane_collector.cpp:689] Core 22: skipped 1024 AICore record slot(s) with start_time=0 (race-window write or recycled-buffer tail). buf seq=0 count=1024
[mono_ns=7257852508710200][T0xec0fbff0aca0][WARN] copy_aicore_buffer: [chip_swimlane_collector.cpp:689] Core 70: skipped 1024 AICore record slot(s) with start_time=0 (race-window write or recycled-buffer tail). buf seq=0 count=1024
[mono_ns=7257852508854311][T0xec0fda800ca0][WARN] copy_aicore_buffer: [chip_swimlane_collector.cpp:689] Core 66: skipped 1024 AICore record slot(s) with start_time=0 (race-window write or recycled-buffer tail). buf seq=0 count=1024
[mono_ns=7257852508911951][T0xec0fd8d6aca0][WARN] copy_aicore_buffer: [chip_swimlane_collector.cpp:689] Core 68: skipped 1024 AICore record slot(s) with start_time=0 (race-window write or recycled-buffer tail). buf seq=0 count=1024
[mono_ns=7257852509034323][T0xec0fbff0aca0][WARN] copy_aicore_buffer: [chip_swimlane_collector.cpp:689] Core 71: skipped 1024 AICore record slot(s) with start_time=0 (race-window write or recycled-buffer tail). buf seq=0 count=1024
[mono_ns=7257852509193214][T0xec0fda800ca0][WARN] copy_aicore_buffer: [chip_swimlane_collector.cpp:689] Core 67: skipped 1024 AICore record slot(s) with start_time=0 (race-window write or recycled-buffer tail). buf seq=0 count=1024
[mono_ns=7257852509250355][T0xec0fd8d6aca0][WARN] copy_aicore_buffer: [chip_swimlane_collector.cpp:689] Core 69: skipped 1024 AICore record slot(s) with start_time=0 (race-window write or recycled-buffer tail). buf seq=0 count=1024
[mono_ns=7257852609762788][T0xec111cb9b020][TIMING] emit_host_span: [STRACE] v=1 pid=2792124 tid=2792124 inv=14 hid=2e8e960a9b608ef3 depth=1 name=chip.run.runner_run ts=7257852498472672 dur=111281776 
[mono_ns=7257852609942680][T0xec111cb9b020][TIMING] emit_host_span: [STRACE] v=1 pid=2792124 tid=2792124 inv=14 hid=2e8e960a9b608ef3 depth=1 name=chip.run.validate ts=7257852609772078 dur=166482 
[mono_ns=7257852609950400][T0xec111cb9b020][TIMING] emit_host_span: [STRACE] v=1 pid=2792124 tid=2792124 inv=14 hid=2e8e960a9b608ef3 depth=2 name=chip.run.runner_run.device_wall ts=0 dur=2578920 clk=dev
[mono_ns=7257852609955600][T0xec111cb9b020][TIMING] emit_host_span: [STRACE] v=1 pid=2792124 tid=2792124 inv=14 hid=2e8e960a9b608ef3 depth=3 name=chip.run.runner_run.device_wall.preamble ts=0 dur=610580 clk=dev
[mono_ns=7257852609959300][T0xec111cb9b020][TIMING] emit_host_span: [STRACE] v=1 pid=2792124 tid=2792124 inv=14 hid=2e8e960a9b608ef3 depth=3 name=chip.run.runner_run.device_wall.graph_build ts=606720 dur=1961259 clk=dev
[mono_ns=7257852609988880][T0xec111cb9b020][TIMING] emit_host_span: [STRACE] v=1 pid=2792124 tid=2792124 inv=14 hid=2e8e960a9b608ef3 depth=3 name=chip.run.runner_run.device_wall.config_validate ts=606800 dur=860 clk=dev
[mono_ns=7257852609992650][T0xec111cb9b020][TIMING] emit_host_span: [STRACE] v=1 pid=2792124 tid=2792124 inv=14 hid=2e8e960a9b608ef3 depth=3 name=chip.run.runner_run.device_wall.arena_wire ts=607680 dur=899 clk=dev
[mono_ns=7257852609996110][T0xec111cb9b020][TIMING] emit_host_span: [STRACE] v=1 pid=2792124 tid=2792124 inv=14 hid=2e8e960a9b608ef3 depth=3 name=chip.run.runner_run.device_wall.sm_reset ts=608600 dur=1880 clk=dev
[mono_ns=7257852609999540][T0xec111cb9b020][TIMING] emit_host_span: [STRACE] v=1 pid=2792124 tid=2792124 inv=14 hid=2e8e960a9b608ef3 depth=3 name=chip.run.runner_run.device_wall.post_orch ts=2568060 dur=10740 clk=dev
[mono_ns=7257852610014040][T0xec111cb9b020][TIMING] emit_host_span: [STRACE] v=1 pid=2792124 tid=2792124 inv=14 hid=2e8e960a9b608ef3 depth=3 name=chip.run.runner_run.device_wall.orch ts=610520 dur=3760 clk=dev
[mono_ns=7257852610017440][T0xec111cb9b020][TIMING] emit_host_span: [STRACE] v=1 pid=2792124 tid=2792124 inv=14 hid=2e8e960a9b608ef3 depth=3 name=chip.run.runner_run.device_wall.sched ts=610860 dur=1939420 clk=dev
[mono_ns=7257852610022130][T0xec111cb9b020][TIMING] emit_host_span: [STRACE] v=1 pid=2792124 tid=2792124 inv=14 hid=2e8e960a9b608ef3 depth=1 name=chip.run.claim_release ts=7257852610019890 dur=450 
[mono_ns=7257852610027810][T0xec111cb9b020][TIMING] emit_host_span: [STRACE] v=1 pid=2792124 tid=2792124 inv=14 hid=2e8e960a9b608ef3 depth=0 name=chip.run ts=7257852497848886 dur=112176794 run_id=14 dispatch_id=14 slot_id=0 generation=14 run_epoch=14
[mono_ns=7257857456068947][T0xec111cb9b020][TIMING] emit_host_span: [STRACE] v=1 pid=2792124 tid=2792124 inv=15 hid=2e8e960a9b608ef3 depth=2 name=chip.run.bind.args ts=7257857455730984 dur=330643 
[mono_ns=7257857456085957][T0xec111cb9b020][TIMING] emit_host_span: [STRACE] v=1 pid=2792124 tid=2792124 inv=15 hid=2e8e960a9b608ef3 depth=2 name=chip.run.bind.prebuilt ts=7257857456080457 dur=2980 
[mono_ns=7257857456090627][T0xec111cb9b020][TIMING] emit_host_span: [STRACE] v=1 pid=2792124 tid=2792124 inv=15 hid=2e8e960a9b608ef3 depth=1 name=chip.run.bind ts=7257857455720933 dur=367524 
[mono_ns=7257857560189681][T0xec111cb9b020][TIMING] emit_host_span: [STRACE] v=1 pid=2792124 tid=2792124 inv=15 hid=2e8e960a9b608ef3 depth=1 name=chip.run.runner_run ts=7257857456333099 dur=103848692 
[mono_ns=7257857560413564][T0xec111cb9b020][TIMING] emit_host_span: [STRACE] v=1 pid=2792124 tid=2792124 inv=15 hid=2e8e960a9b608ef3 depth=1 name=chip.run.validate ts=7257857560201082 dur=207752 
[mono_ns=7257857560421744][T0xec111cb9b020][TIMING] emit_host_span: [STRACE] v=1 pid=2792124 tid=2792124 inv=15 hid=2e8e960a9b608ef3 depth=2 name=chip.run.runner_run.device_wall ts=0 dur=3059680 clk=dev
[mono_ns=7257857560426394][T0xec111cb9b020][TIMING] emit_host_span: [STRACE] v=1 pid=2792124 tid=2792124 inv=15 hid=2e8e960a9b608ef3 depth=3 name=chip.run.runner_run.device_wall.preamble ts=0 dur=5720 clk=dev
[mono_ns=7257857560429814][T0xec111cb9b020][TIMING] emit_host_span: [STRACE] v=1 pid=2792124 tid=2792124 inv=15 hid=2e8e960a9b608ef3 depth=3 name=chip.run.runner_run.device_wall.graph_build ts=1500 dur=3046680 clk=dev
[mono_ns=7257857560474804][T0xec111cb9b020][TIMING] emit_host_span: [STRACE] v=1 pid=2792124 tid=2792124 inv=15 hid=2e8e960a9b608ef3 depth=3 name=chip.run.runner_run.device_wall.config_validate ts=1599 dur=880 clk=dev
[mono_ns=7257857560478504][T0xec111cb9b020][TIMING] emit_host_span: [STRACE] v=1 pid=2792124 tid=2792124 inv=15 hid=2e8e960a9b608ef3 depth=3 name=chip.run.runner_run.device_wall.arena_wire ts=2500 dur=1060 clk=dev
[mono_ns=7257857560482034][T0xec111cb9b020][TIMING] emit_host_span: [STRACE] v=1 pid=2792124 tid=2792124 inv=15 hid=2e8e960a9b608ef3 depth=3 name=chip.run.runner_run.device_wall.sm_reset ts=3580 dur=2520 clk=dev
[mono_ns=7257857560485654][T0xec111cb9b020][TIMING] emit_host_span: [STRACE] v=1 pid=2792124 tid=2792124 inv=15 hid=2e8e960a9b608ef3 depth=3 name=chip.run.runner_run.device_wall.post_orch ts=3048260 dur=11219 clk=dev
[mono_ns=7257857560489224][T0xec111cb9b020][TIMING] emit_host_span: [STRACE] v=1 pid=2792124 tid=2792124 inv=15 hid=2e8e960a9b608ef3 depth=3 name=chip.run.runner_run.device_wall.orch ts=6740 dur=8680 clk=dev
[mono_ns=7257857560492644][T0xec111cb9b020][TIMING] emit_host_span: [STRACE] v=1 pid=2792124 tid=2792124 inv=15 hid=2e8e960a9b608ef3 depth=3 name=chip.run.runner_run.device_wall.sched ts=6280 dur=3033900 clk=dev
[mono_ns=7257857560497874][T0xec111cb9b020][TIMING] emit_host_span: [STRACE] v=1 pid=2792124 tid=2792124 inv=15 hid=2e8e960a9b608ef3 depth=1 name=chip.run.claim_release ts=7257857560495434 dur=630 
[mono_ns=7257857560502774][T0xec111cb9b020][TIMING] emit_host_span: [STRACE] v=1 pid=2792124 tid=2792124 inv=15 hid=2e8e960a9b608ef3 depth=0 name=chip.run ts=7257857455674963 dur=104825681 run_id=15 dispatch_id=15 slot_id=0 generation=15 run_epoch=15
[mono_ns=7257857610122984][T0xec111cb9b020][TIMING] emit_host_span: [STRACE] v=1 pid=2792124 tid=2792124 inv=16 hid=2e8e960a9b608ef3 depth=2 name=chip.run.bind.args ts=7257857609917892 dur=199571 
[mono_ns=7257857610136624][T0xec111cb9b020][TIMING] emit_host_span: [STRACE] v=1 pid=2792124 tid=2792124 inv=16 hid=2e8e960a9b608ef3 depth=2 name=chip.run.bind.prebuilt ts=7257857610130864 dur=3170 
[mono_ns=7257857610142304][T0xec111cb9b020][TIMING] emit_host_span: [STRACE] v=1 pid=2792124 tid=2792124 inv=16 hid=2e8e960a9b608ef3 depth=1 name=chip.run.bind ts=7257857609910332 dur=228722 
[mono_ns=7257857613377694][T0xec0fbff0aca0][WARN] copy_aicore_buffer: [chip_swimlane_collector.cpp:689] Core 2: skipped 1024 AICore record slot(s) with start_time=0 (race-window write or recycled-buffer tail). buf seq=0 count=1024
[mono_ns=7257857613391044][T0xec0fd8d6aca0][WARN] copy_aicore_buffer: [chip_swimlane_collector.cpp:689] Core 1: skipped 1024 AICore record slot(s) with start_time=0 (race-window write or recycled-buffer tail). buf seq=0 count=1024
[mono_ns=7257857613410945][T0xec0fda800ca0][WARN] copy_aicore_buffer: [chip_swimlane_collector.cpp:689] Core 0: skipped 1024 AICore record slot(s) with start_time=0 (race-window write or recycled-buffer tail). buf seq=0 count=1024
[mono_ns=7257857613702737][T0xec0fbff0aca0][WARN] copy_aicore_buffer: [chip_swimlane_collector.cpp:689] Core 28: skipped 1023 AICore record slot(s) with start_time=0 (race-window write or recycled-buffer tail). buf seq=0 count=1024
[mono_ns=7257857613729438][T0xec0fd8d6aca0][WARN] copy_aicore_buffer: [chip_swimlane_collector.cpp:689] Core 26: skipped 1024 AICore record slot(s) with start_time=0 (race-window write or recycled-buffer tail). buf seq=0 count=1024
[mono_ns=7257857613741088][T0xec0fda800ca0][WARN] copy_aicore_buffer: [chip_swimlane_collector.cpp:689] Core 24: skipped 1022 AICore record slot(s) with start_time=0 (race-window write or recycled-buffer tail). buf seq=0 count=1024
[mono_ns=7257857614087621][T0xec0fda800ca0][WARN] copy_aicore_buffer: [chip_swimlane_collector.cpp:689] Core 25: skipped 1024 AICore record slot(s) with start_time=0 (race-window write or recycled-buffer tail). buf seq=0 count=1024
[mono_ns=7257857614090221][T0xec0fd8d6aca0][WARN] copy_aicore_buffer: [chip_swimlane_collector.cpp:689] Core 27: skipped 1024 AICore record slot(s) with start_time=0 (race-window write or recycled-buffer tail). buf seq=0 count=1024
[mono_ns=7257857614102171][T0xec0fbff0aca0][WARN] copy_aicore_buffer: [chip_swimlane_collector.cpp:689] Core 29: skipped 1024 AICore record slot(s) with start_time=0 (race-window write or recycled-buffer tail). buf seq=0 count=1024
[mono_ns=7257857614415994][T0xec0fbff0aca0][WARN] copy_aicore_buffer: [chip_swimlane_collector.cpp:689] Core 5: skipped 1024 AICore record slot(s) with start_time=0 (race-window write or recycled-buffer tail). buf seq=0 count=1024
[mono_ns=7257857614415954][T0xec0fd8d6aca0][WARN] copy_aicore_buffer: [chip_swimlane_collector.cpp:689] Core 4: skipped 1024 AICore record slot(s) with start_time=0 (race-window write or recycled-buffer tail). buf seq=0 count=1024
[mono_ns=7257857614416134][T0xec0fda800ca0][WARN] copy_aicore_buffer: [chip_swimlane_collector.cpp:689] Core 3: skipped 1024 AICore record slot(s) with start_time=0 (race-window write or recycled-buffer tail). buf seq=0 count=1024
[mono_ns=7257857614733477][T0xec0fbff0aca0][WARN] copy_aicore_buffer: [chip_swimlane_collector.cpp:689] Core 34: skipped 1024 AICore record slot(s) with start_time=0 (race-window write or recycled-buffer tail). buf seq=0 count=1024
[mono_ns=7257857614741347][T0xec0fd8d6aca0][WARN] copy_aicore_buffer: [chip_swimlane_collector.cpp:689] Core 32: skipped 1024 AICore record slot(s) with start_time=0 (race-window write or recycled-buffer tail). buf seq=0 count=1024
[mono_ns=7257857614805938][T0xec0fda800ca0][WARN] copy_aicore_buffer: [chip_swimlane_collector.cpp:689] Core 30: skipped 1024 AICore record slot(s) with start_time=0 (race-window write or recycled-buffer tail). buf seq=0 count=1024
[mono_ns=7257857615057450][T0xec0fbff0aca0][WARN] copy_aicore_buffer: [chip_swimlane_collector.cpp:689] Core 35: skipped 1024 AICore record slot(s) with start_time=0 (race-window write or recycled-buffer tail). buf seq=0 count=1024
[mono_ns=7257857615076110][T0xec0fd8d6aca0][WARN] copy_aicore_buffer: [chip_swimlane_collector.cpp:689] Core 33: skipped 1021 AICore record slot(s) with start_time=0 (race-window write or recycled-buffer tail). buf seq=0 count=1024
[mono_ns=7257857615142381][T0xec0fda800ca0][WARN] copy_aicore_buffer: [chip_swimlane_collector.cpp:689] Core 31: skipped 1024 AICore record slot(s) with start_time=0 (race-window write or recycled-buffer tail). buf seq=0 count=1024
[mono_ns=7257857615373393][T0xec0fbff0aca0][WARN] copy_aicore_buffer: [chip_swimlane_collector.cpp:689] Core 8: skipped 1024 AICore record slot(s) with start_time=0 (race-window write or recycled-buffer tail). buf seq=0 count=1024
[mono_ns=7257857615398723][T0xec0fd8d6aca0][WARN] copy_aicore_buffer: [chip_swimlane_collector.cpp:689] Core 7: skipped 1024 AICore record slot(s) with start_time=0 (race-window write or recycled-buffer tail). buf seq=0 count=1024
[mono_ns=7257857615468444][T0xec0fda800ca0][WARN] copy_aicore_buffer: [chip_swimlane_collector.cpp:689] Core 6: skipped 1024 AICore record slot(s) with start_time=0 (race-window write or recycled-buffer tail). buf seq=0 count=1024
[mono_ns=7257857615688616][T0xec0fbff0aca0][WARN] copy_aicore_buffer: [chip_swimlane_collector.cpp:689] Core 40: skipped 1024 AICore record slot(s) with start_time=0 (race-window write or recycled-buffer tail). buf seq=0 count=1024
[mono_ns=7257857615756067][T0xec0fd8d6aca0][WARN] copy_aicore_buffer: [chip_swimlane_collector.cpp:689] Core 38: skipped 1024 AICore record slot(s) with start_time=0 (race-window write or recycled-buffer tail). buf seq=0 count=1024
[mono_ns=7257857615793387][T0xec0fda800ca0][WARN] copy_aicore_buffer: [chip_swimlane_collector.cpp:689] Core 36: skipped 1024 AICore record slot(s) with start_time=0 (race-window write or recycled-buffer tail). buf seq=0 count=1024
[mono_ns=7257857616015829][T0xec0fbff0aca0][WARN] copy_aicore_buffer: [chip_swimlane_collector.cpp:689] Core 41: skipped 1024 AICore record slot(s) with start_time=0 (race-window write or recycled-buffer tail). buf seq=0 count=1024
[mono_ns=7257857616097990][T0xec0fd8d6aca0][WARN] copy_aicore_buffer: [chip_swimlane_collector.cpp:689] Core 39: skipped 1024 AICore record slot(s) with start_time=0 (race-window write or recycled-buffer tail). buf seq=0 count=1024
[mono_ns=7257857616133920][T0xec0fda800ca0][WARN] copy_aicore_buffer: [chip_swimlane_collector.cpp:689] Core 37: skipped 1024 AICore record slot(s) with start_time=0 (race-window write or recycled-buffer tail). buf seq=0 count=1024
[mono_ns=7257857616330152][T0xec0fbff0aca0][WARN] copy_aicore_buffer: [chip_swimlane_collector.cpp:689] Core 11: skipped 1024 AICore record slot(s) with start_time=0 (race-window write or recycled-buffer tail). buf seq=0 count=1024
[mono_ns=7257857616442053][T0xec0fd8d6aca0][WARN] copy_aicore_buffer: [chip_swimlane_collector.cpp:689] Core 10: skipped 1024 AICore record slot(s) with start_time=0 (race-window write or recycled-buffer tail). buf seq=0 count=1024
[mono_ns=7257857616459503][T0xec0fda800ca0][WARN] copy_aicore_buffer: [chip_swimlane_collector.cpp:689] Core 9: skipped 1024 AICore record slot(s) with start_time=0 (race-window write or recycled-buffer tail). buf seq=0 count=1024
[mono_ns=7257857616656265][T0xec0fbff0aca0][WARN] copy_aicore_buffer: [chip_swimlane_collector.cpp:689] Core 46: skipped 1024 AICore record slot(s) with start_time=0 (race-window write or recycled-buffer tail). buf seq=0 count=1024
[mono_ns=7257857616771696][T0xec0fd8d6aca0][WARN] copy_aicore_buffer: [chip_swimlane_collector.cpp:689] Core 44: skipped 1024 AICore record slot(s) with start_time=0 (race-window write or recycled-buffer tail). buf seq=0 count=1024
[mono_ns=7257857616784166][T0xec0fda800ca0][WARN] copy_aicore_buffer: [chip_swimlane_collector.cpp:689] Core 42: skipped 1024 AICore record slot(s) with start_time=0 (race-window write or recycled-buffer tail). buf seq=0 count=1024
[mono_ns=7257857616972008][T0xec0fbff0aca0][WARN] copy_aicore_buffer: [chip_swimlane_collector.cpp:689] Core 47: skipped 1024 AICore record slot(s) with start_time=0 (race-window write or recycled-buffer tail). buf seq=0 count=1024
[mono_ns=7257857617108330][T0xec0fd8d6aca0][WARN] copy_aicore_buffer: [chip_swimlane_collector.cpp:689] Core 45: skipped 1024 AICore record slot(s) with start_time=0 (race-window write or recycled-buffer tail). buf seq=0 count=1024
[mono_ns=7257857617115630][T0xec0fda800ca0][WARN] copy_aicore_buffer: [chip_swimlane_collector.cpp:689] Core 43: skipped 1024 AICore record slot(s) with start_time=0 (race-window write or recycled-buffer tail). buf seq=0 count=1024
[mono_ns=7257857617298441][T0xec0fbff0aca0][WARN] copy_aicore_buffer: [chip_swimlane_collector.cpp:689] Core 14: skipped 1024 AICore record slot(s) with start_time=0 (race-window write or recycled-buffer tail). buf seq=0 count=1024
[mono_ns=7257857617445023][T0xec0fda800ca0][WARN] copy_aicore_buffer: [chip_swimlane_collector.cpp:689] Core 12: skipped 1024 AICore record slot(s) with start_time=0 (race-window write or recycled-buffer tail). buf seq=0 count=1024
[mono_ns=7257857617469823][T0xec0fd8d6aca0][WARN] copy_aicore_buffer: [chip_swimlane_collector.cpp:689] Core 13: skipped 1024 AICore record slot(s) with start_time=0 (race-window write or recycled-buffer tail). buf seq=0 count=1024
[mono_ns=7257857617612994][T0xec0fbff0aca0][WARN] copy_aicore_buffer: [chip_swimlane_collector.cpp:689] Core 52: skipped 1024 AICore record slot(s) with start_time=0 (race-window write or recycled-buffer tail). buf seq=0 count=1024
[mono_ns=7257857617771496][T0xec0fda800ca0][WARN] copy_aicore_buffer: [chip_swimlane_collector.cpp:689] Core 48: skipped 1024 AICore record slot(s) with start_time=0 (race-window write or recycled-buffer tail). buf seq=0 count=1024
[mono_ns=7257857617795586][T0xec0fd8d6aca0][WARN] copy_aicore_buffer: [chip_swimlane_collector.cpp:689] Core 50: skipped 1024 AICore record slot(s) with start_time=0 (race-window write or recycled-buffer tail). buf seq=0 count=1024
[mono_ns=7257857617950668][T0xec0fbff0aca0][WARN] copy_aicore_buffer: [chip_swimlane_collector.cpp:689] Core 53: skipped 1024 AICore record slot(s) with start_time=0 (race-window write or recycled-buffer tail). buf seq=0 count=1024
[mono_ns=7257857618107679][T0xec0fda800ca0][WARN] copy_aicore_buffer: [chip_swimlane_collector.cpp:689] Core 49: skipped 1024 AICore record slot(s) with start_time=0 (race-window write or recycled-buffer tail). buf seq=0 count=1024
[mono_ns=7257857618130999][T0xec0fd8d6aca0][WARN] copy_aicore_buffer: [chip_swimlane_collector.cpp:689] Core 51: skipped 1024 AICore record slot(s) with start_time=0 (race-window write or recycled-buffer tail). buf seq=0 count=1024
[mono_ns=7257857618309371][T0xec0fbff0aca0][WARN] copy_aicore_buffer: [chip_swimlane_collector.cpp:689] Core 17: skipped 1024 AICore record slot(s) with start_time=0 (race-window write or recycled-buffer tail). buf seq=0 count=1024
[mono_ns=7257857618433712][T0xec0fda800ca0][WARN] copy_aicore_buffer: [chip_swimlane_collector.cpp:689] Core 15: skipped 1024 AICore record slot(s) with start_time=0 (race-window write or recycled-buffer tail). buf seq=0 count=1024
[mono_ns=7257857618454312][T0xec0fd8d6aca0][WARN] copy_aicore_buffer: [chip_swimlane_collector.cpp:689] Core 16: skipped 1024 AICore record slot(s) with start_time=0 (race-window write or recycled-buffer tail). buf seq=0 count=1024
[mono_ns=7257857618624844][T0xec0fbff0aca0][WARN] copy_aicore_buffer: [chip_swimlane_collector.cpp:689] Core 58: skipped 1024 AICore record slot(s) with start_time=0 (race-window write or recycled-buffer tail). buf seq=0 count=1024
[mono_ns=7257857618761695][T0xec0fda800ca0][WARN] copy_aicore_buffer: [chip_swimlane_collector.cpp:689] Core 54: skipped 1024 AICore record slot(s) with start_time=0 (race-window write or recycled-buffer tail). buf seq=0 count=1024
[mono_ns=7257857618780755][T0xec0fd8d6aca0][WARN] copy_aicore_buffer: [chip_swimlane_collector.cpp:689] Core 56: skipped 1024 AICore record slot(s) with start_time=0 (race-window write or recycled-buffer tail). buf seq=0 count=1024
[mono_ns=7257857618939767][T0xec0fbff0aca0][WARN] copy_aicore_buffer: [chip_swimlane_collector.cpp:689] Core 59: skipped 1024 AICore record slot(s) with start_time=0 (race-window write or recycled-buffer tail). buf seq=0 count=1024
[mono_ns=7257857619101788][T0xec0fda800ca0][WARN] copy_aicore_buffer: [chip_swimlane_collector.cpp:689] Core 55: skipped 1024 AICore record slot(s) with start_time=0 (race-window write or recycled-buffer tail). buf seq=0 count=1024
[mono_ns=7257857619150829][T0xec0fd8d6aca0][WARN] copy_aicore_buffer: [chip_swimlane_collector.cpp:689] Core 57: skipped 1024 AICore record slot(s) with start_time=0 (race-window write or recycled-buffer tail). buf seq=0 count=1024
[mono_ns=7257857619264970][T0xec0fbff0aca0][WARN] copy_aicore_buffer: [chip_swimlane_collector.cpp:689] Core 20: skipped 1024 AICore record slot(s) with start_time=0 (race-window write or recycled-buffer tail). buf seq=0 count=1024
[mono_ns=7257857619428391][T0xec0fda800ca0][WARN] copy_aicore_buffer: [chip_swimlane_collector.cpp:689] Core 18: skipped 1024 AICore record slot(s) with start_time=0 (race-window write or recycled-buffer tail). buf seq=0 count=1024
[mono_ns=7257857619477932][T0xec0fd8d6aca0][WARN] copy_aicore_buffer: [chip_swimlane_collector.cpp:689] Core 19: skipped 1024 AICore record slot(s) with start_time=0 (race-window write or recycled-buffer tail). buf seq=0 count=1024
[mono_ns=7257857619578683][T0xec0fbff0aca0][WARN] copy_aicore_buffer: [chip_swimlane_collector.cpp:689] Core 64: skipped 1024 AICore record slot(s) with start_time=0 (race-window write or recycled-buffer tail). buf seq=0 count=1024
[mono_ns=7257857619755395][T0xec0fda800ca0][WARN] copy_aicore_buffer: [chip_swimlane_collector.cpp:689] Core 60: skipped 1024 AICore record slot(s) with start_time=0 (race-window write or recycled-buffer tail). buf seq=0 count=1024
[mono_ns=7257857619804445][T0xec0fd8d6aca0][WARN] copy_aicore_buffer: [chip_swimlane_collector.cpp:689] Core 62: skipped 1024 AICore record slot(s) with start_time=0 (race-window write or recycled-buffer tail). buf seq=0 count=1024
[mono_ns=7257857619892696][T0xec0fbff0aca0][WARN] copy_aicore_buffer: [chip_swimlane_collector.cpp:689] Core 65: skipped 1024 AICore record slot(s) with start_time=0 (race-window write or recycled-buffer tail). buf seq=0 count=1024
[mono_ns=7257857620105908][T0xec0fda800ca0][WARN] copy_aicore_buffer: [chip_swimlane_collector.cpp:689] Core 61: skipped 1024 AICore record slot(s) with start_time=0 (race-window write or recycled-buffer tail). buf seq=0 count=1024
[mono_ns=7257857620143058][T0xec0fd8d6aca0][WARN] copy_aicore_buffer: [chip_swimlane_collector.cpp:689] Core 63: skipped 1024 AICore record slot(s) with start_time=0 (race-window write or recycled-buffer tail). buf seq=0 count=1024
[mono_ns=7257857620221829][T0xec0fbff0aca0][WARN] copy_aicore_buffer: [chip_swimlane_collector.cpp:689] Core 23: skipped 1024 AICore record slot(s) with start_time=0 (race-window write or recycled-buffer tail). buf seq=0 count=1024
[mono_ns=7257857620431221][T0xec0fda800ca0][WARN] copy_aicore_buffer: [chip_swimlane_collector.cpp:689] Core 21: skipped 1024 AICore record slot(s) with start_time=0 (race-window write or recycled-buffer tail). buf seq=0 count=1024
[mono_ns=7257857620496902][T0xec0fd8d6aca0][WARN] copy_aicore_buffer: [chip_swimlane_collector.cpp:689] Core 22: skipped 1024 AICore record slot(s) with start_time=0 (race-window write or recycled-buffer tail). buf seq=0 count=1024
[mono_ns=7257857620536962][T0xec0fbff0aca0][WARN] copy_aicore_buffer: [chip_swimlane_collector.cpp:689] Core 70: skipped 1024 AICore record slot(s) with start_time=0 (race-window write or recycled-buffer tail). buf seq=0 count=1024
[mono_ns=7257857620759214][T0xec0fda800ca0][WARN] copy_aicore_buffer: [chip_swimlane_collector.cpp:689] Core 66: skipped 1024 AICore record slot(s) with start_time=0 (race-window write or recycled-buffer tail). buf seq=0 count=1024
[mono_ns=7257857620848785][T0xec0fd8d6aca0][WARN] copy_aicore_buffer: [chip_swimlane_collector.cpp:689] Core 68: skipped 1024 AICore record slot(s) with start_time=0 (race-window write or recycled-buffer tail). buf seq=0 count=1024
[mono_ns=7257857620853665][T0xec0fbff0aca0][WARN] copy_aicore_buffer: [chip_swimlane_collector.cpp:689] Core 71: skipped 1024 AICore record slot(s) with start_time=0 (race-window write or recycled-buffer tail). buf seq=0 count=1024
[mono_ns=7257857621096317][T0xec0fda800ca0][WARN] copy_aicore_buffer: [chip_swimlane_collector.cpp:689] Core 67: skipped 1024 AICore record slot(s) with start_time=0 (race-window write or recycled-buffer tail). buf seq=0 count=1024
[mono_ns=7257857621184278][T0xec0fd8d6aca0][WARN] copy_aicore_buffer: [chip_swimlane_collector.cpp:689] Core 69: skipped 1024 AICore record slot(s) with start_time=0 (race-window write or recycled-buffer tail). buf seq=0 count=1024
[mono_ns=7257857721657348][T0xec111cb9b020][TIMING] emit_host_span: [STRACE] v=1 pid=2792124 tid=2792124 inv=16 hid=2e8e960a9b608ef3 depth=1 name=chip.run.runner_run ts=7257857610408876 dur=111241632 
[mono_ns=7257857721822109][T0xec111cb9b020][TIMING] emit_host_span: [STRACE] v=1 pid=2792124 tid=2792124 inv=16 hid=2e8e960a9b608ef3 depth=1 name=chip.run.validate ts=7257857721664468 dur=153211 
[mono_ns=7257857721853690][T0xec111cb9b020][TIMING] emit_host_span: [STRACE] v=1 pid=2792124 tid=2792124 inv=16 hid=2e8e960a9b608ef3 depth=2 name=chip.run.runner_run.device_wall ts=0 dur=2530200 clk=dev
[mono_ns=7257857721857410][T0xec111cb9b020][TIMING] emit_host_span: [STRACE] v=1 pid=2792124 tid=2792124 inv=16 hid=2e8e960a9b608ef3 depth=3 name=chip.run.runner_run.device_wall.preamble ts=0 dur=629580 clk=dev
[mono_ns=7257857721860970][T0xec111cb9b020][TIMING] emit_host_span: [STRACE] v=1 pid=2792124 tid=2792124 inv=16 hid=2e8e960a9b608ef3 depth=3 name=chip.run.runner_run.device_wall.graph_build ts=625319 dur=1893860 clk=dev
[mono_ns=7257857721864510][T0xec111cb9b020][TIMING] emit_host_span: [STRACE] v=1 pid=2792124 tid=2792124 inv=16 hid=2e8e960a9b608ef3 depth=3 name=chip.run.runner_run.device_wall.config_validate ts=625400 dur=760 clk=dev
[mono_ns=7257857721867930][T0xec111cb9b020][TIMING] emit_host_span: [STRACE] v=1 pid=2792124 tid=2792124 inv=16 hid=2e8e960a9b608ef3 depth=3 name=chip.run.runner_run.device_wall.arena_wire ts=626180 dur=919 clk=dev
[mono_ns=7257857721871300][T0xec111cb9b020][TIMING] emit_host_span: [STRACE] v=1 pid=2792124 tid=2792124 inv=16 hid=2e8e960a9b608ef3 depth=3 name=chip.run.runner_run.device_wall.sm_reset ts=627120 dur=2120 clk=dev
[mono_ns=7257857721875130][T0xec111cb9b020][TIMING] emit_host_span: [STRACE] v=1 pid=2792124 tid=2792124 inv=16 hid=2e8e960a9b608ef3 depth=3 name=chip.run.runner_run.device_wall.post_orch ts=2519220 dur=10900 clk=dev
[mono_ns=7257857721878160][T0xec111cb9b020][TIMING] emit_host_span: [STRACE] v=1 pid=2792124 tid=2792124 inv=16 hid=2e8e960a9b608ef3 depth=3 name=chip.run.runner_run.device_wall.orch ts=629280 dur=3880 clk=dev
[mono_ns=7257857721884340][T0xec111cb9b020][TIMING] emit_host_span: [STRACE] v=1 pid=2792124 tid=2792124 inv=16 hid=2e8e960a9b608ef3 depth=3 name=chip.run.runner_run.device_wall.sched ts=629760 dur=1871740 clk=dev
[mono_ns=7257857721888660][T0xec111cb9b020][TIMING] emit_host_span: [STRACE] v=1 pid=2792124 tid=2792124 inv=16 hid=2e8e960a9b608ef3 depth=1 name=chip.run.claim_release ts=7257857721886410 dur=410 
[mono_ns=7257857721895060][T0xec111cb9b020][TIMING] emit_host_span: [STRACE] v=1 pid=2792124 tid=2792124 inv=16 hid=2e8e960a9b608ef3 depth=0 name=chip.run ts=7257857609872731 dur=112020189 run_id=16 dispatch_id=16 slot_id=0 generation=16 run_epoch=16
[mono_ns=7257862567233005][T0xec111cb9b020][TIMING] emit_host_span: [STRACE] v=1 pid=2792124 tid=2792124 inv=17 hid=2e8e960a9b608ef3 depth=2 name=chip.run.bind.args ts=7257862566947733 dur=277892 
[mono_ns=7257862567251196][T0xec111cb9b020][TIMING] emit_host_span: [STRACE] v=1 pid=2792124 tid=2792124 inv=17 hid=2e8e960a9b608ef3 depth=2 name=chip.run.bind.prebuilt ts=7257862567245676 dur=3100 
[mono_ns=7257862567256136][T0xec111cb9b020][TIMING] emit_host_span: [STRACE] v=1 pid=2792124 tid=2792124 inv=17 hid=2e8e960a9b608ef3 depth=1 name=chip.run.bind ts=7257862566937633 dur=316223 
[mono_ns=7257862671398877][T0xec111cb9b020][TIMING] emit_host_span: [STRACE] v=1 pid=2792124 tid=2792124 inv=17 hid=2e8e960a9b608ef3 depth=1 name=chip.run.runner_run ts=7257862567523078 dur=103865119 
[mono_ns=7257862671638939][T0xec111cb9b020][TIMING] emit_host_span: [STRACE] v=1 pid=2792124 tid=2792124 inv=17 hid=2e8e960a9b608ef3 depth=1 name=chip.run.validate ts=7257862671410547 dur=223692 
[mono_ns=7257862671653339][T0xec111cb9b020][TIMING] emit_host_span: [STRACE] v=1 pid=2792124 tid=2792124 inv=17 hid=2e8e960a9b608ef3 depth=2 name=chip.run.runner_run.device_wall ts=0 dur=1904780 clk=dev
[mono_ns=7257862671657100][T0xec111cb9b020][TIMING] emit_host_span: [STRACE] v=1 pid=2792124 tid=2792124 inv=17 hid=2e8e960a9b608ef3 depth=3 name=chip.run.runner_run.device_wall.preamble ts=0 dur=7680 clk=dev
[mono_ns=7257862671660460][T0xec111cb9b020][TIMING] emit_host_span: [STRACE] v=1 pid=2792124 tid=2792124 inv=17 hid=2e8e960a9b608ef3 depth=3 name=chip.run.runner_run.device_wall.graph_build ts=1900 dur=1891880 clk=dev
[mono_ns=7257862671663580][T0xec111cb9b020][TIMING] emit_host_span: [STRACE] v=1 pid=2792124 tid=2792124 inv=17 hid=2e8e960a9b608ef3 depth=3 name=chip.run.runner_run.device_wall.config_validate ts=2340 dur=1120 clk=dev
[mono_ns=7257862671666620][T0xec111cb9b020][TIMING] emit_host_span: [STRACE] v=1 pid=2792124 tid=2792124 inv=17 hid=2e8e960a9b608ef3 depth=3 name=chip.run.runner_run.device_wall.arena_wire ts=3679 dur=1440 clk=dev
[mono_ns=7257862671669610][T0xec111cb9b020][TIMING] emit_host_span: [STRACE] v=1 pid=2792124 tid=2792124 inv=17 hid=2e8e960a9b608ef3 depth=3 name=chip.run.runner_run.device_wall.sm_reset ts=5340 dur=3280 clk=dev
[mono_ns=7257862671672850][T0xec111cb9b020][TIMING] emit_host_span: [STRACE] v=1 pid=2792124 tid=2792124 inv=17 hid=2e8e960a9b608ef3 depth=3 name=chip.run.runner_run.device_wall.post_orch ts=1893820 dur=10840 clk=dev
[mono_ns=7257862671675680][T0xec111cb9b020][TIMING] emit_host_span: [STRACE] v=1 pid=2792124 tid=2792124 inv=17 hid=2e8e960a9b608ef3 depth=3 name=chip.run.runner_run.device_wall.orch ts=9480 dur=9060 clk=dev
[mono_ns=7257862671700830][T0xec111cb9b020][TIMING] emit_host_span: [STRACE] v=1 pid=2792124 tid=2792124 inv=17 hid=2e8e960a9b608ef3 depth=3 name=chip.run.runner_run.device_wall.sched ts=9000 dur=1876260 clk=dev
[mono_ns=7257862671705230][T0xec111cb9b020][TIMING] emit_host_span: [STRACE] v=1 pid=2792124 tid=2792124 inv=17 hid=2e8e960a9b608ef3 depth=1 name=chip.run.claim_release ts=7257862671702930 dur=480 
[mono_ns=7257862671710560][T0xec111cb9b020][TIMING] emit_host_span: [STRACE] v=1 pid=2792124 tid=2792124 inv=17 hid=2e8e960a9b608ef3 depth=0 name=chip.run ts=7257862566865182 dur=104843298 run_id=17 dispatch_id=17 slot_id=0 generation=17 run_epoch=17
[mono_ns=7257862681353841][T0xec111cb9b020][TIMING] emit_host_span: [STRACE] v=1 pid=2792124 tid=2792124 inv=18 hid=2e8e960a9b608ef3 depth=2 name=chip.run.bind.args ts=7257862681146769 dur=201562 
[mono_ns=7257862681367171][T0xec111cb9b020][TIMING] emit_host_span: [STRACE] v=1 pid=2792124 tid=2792124 inv=18 hid=2e8e960a9b608ef3 depth=2 name=chip.run.bind.prebuilt ts=7257862681361731 dur=2940 
[mono_ns=7257862681371251][T0xec111cb9b020][TIMING] emit_host_span: [STRACE] v=1 pid=2792124 tid=2792124 inv=18 hid=2e8e960a9b608ef3 depth=1 name=chip.run.bind ts=7257862681139659 dur=229512 
[mono_ns=7257862684739673][T0xec0fda800ca0][WARN] copy_aicore_buffer: [chip_swimlane_collector.cpp:689] Core 0: skipped 1024 AICore record slot(s) with start_time=0 (race-window write or recycled-buffer tail). buf seq=0 count=1024
[mono_ns=7257862684743333][T0xec0fd8d6aca0][WARN] copy_aicore_buffer: [chip_swimlane_collector.cpp:689] Core 1: skipped 1024 AICore record slot(s) with start_time=0 (race-window write or recycled-buffer tail). buf seq=0 count=1024
[mono_ns=7257862684751043][T0xec0fbff0aca0][WARN] copy_aicore_buffer: [chip_swimlane_collector.cpp:689] Core 2: skipped 1024 AICore record slot(s) with start_time=0 (race-window write or recycled-buffer tail). buf seq=0 count=1024
[mono_ns=7257862685109996][T0xec0fd8d6aca0][WARN] copy_aicore_buffer: [chip_swimlane_collector.cpp:689] Core 26: skipped 1024 AICore record slot(s) with start_time=0 (race-window write or recycled-buffer tail). buf seq=0 count=1024
[mono_ns=7257862685113556][T0xec0fda800ca0][WARN] copy_aicore_buffer: [chip_swimlane_collector.cpp:689] Core 24: skipped 1023 AICore record slot(s) with start_time=0 (race-window write or recycled-buffer tail). buf seq=0 count=1024
[mono_ns=7257862685114716][T0xec0fbff0aca0][WARN] copy_aicore_buffer: [chip_swimlane_collector.cpp:689] Core 28: skipped 1022 AICore record slot(s) with start_time=0 (race-window write or recycled-buffer tail). buf seq=0 count=1024
[mono_ns=7257862685430779][T0xec0fbff0aca0][WARN] copy_aicore_buffer: [chip_swimlane_collector.cpp:689] Core 29: skipped 1024 AICore record slot(s) with start_time=0 (race-window write or recycled-buffer tail). buf seq=0 count=1024
[mono_ns=7257862685439349][T0xec0fda800ca0][WARN] copy_aicore_buffer: [chip_swimlane_collector.cpp:689] Core 25: skipped 1024 AICore record slot(s) with start_time=0 (race-window write or recycled-buffer tail). buf seq=0 count=1024
[mono_ns=7257862685439349][T0xec0fd8d6aca0][WARN] copy_aicore_buffer: [chip_swimlane_collector.cpp:689] Core 27: skipped 1024 AICore record slot(s) with start_time=0 (race-window write or recycled-buffer tail). buf seq=0 count=1024
[mono_ns=7257862685747022][T0xec0fbff0aca0][WARN] copy_aicore_buffer: [chip_swimlane_collector.cpp:689] Core 5: skipped 1024 AICore record slot(s) with start_time=0 (race-window write or recycled-buffer tail). buf seq=0 count=1024
[mono_ns=7257862685763342][T0xec0fda800ca0][WARN] copy_aicore_buffer: [chip_swimlane_collector.cpp:689] Core 3: skipped 1024 AICore record slot(s) with start_time=0 (race-window write or recycled-buffer tail). buf seq=0 count=1024
[mono_ns=7257862685822203][T0xec0fd8d6aca0][WARN] copy_aicore_buffer: [chip_swimlane_collector.cpp:689] Core 4: skipped 1024 AICore record slot(s) with start_time=0 (race-window write or recycled-buffer tail). buf seq=0 count=1024
[mono_ns=7257862686074295][T0xec0fbff0aca0][WARN] copy_aicore_buffer: [chip_swimlane_collector.cpp:689] Core 34: skipped 1024 AICore record slot(s) with start_time=0 (race-window write or recycled-buffer tail). buf seq=0 count=1024
[mono_ns=7257862686103356][T0xec0fda800ca0][WARN] copy_aicore_buffer: [chip_swimlane_collector.cpp:689] Core 30: skipped 1024 AICore record slot(s) with start_time=0 (race-window write or recycled-buffer tail). buf seq=0 count=1024
[mono_ns=7257862686161926][T0xec0fd8d6aca0][WARN] copy_aicore_buffer: [chip_swimlane_collector.cpp:689] Core 32: skipped 1024 AICore record slot(s) with start_time=0 (race-window write or recycled-buffer tail). buf seq=0 count=1024
[mono_ns=7257862686388848][T0xec0fbff0aca0][WARN] copy_aicore_buffer: [chip_swimlane_collector.cpp:689] Core 35: skipped 1024 AICore record slot(s) with start_time=0 (race-window write or recycled-buffer tail). buf seq=0 count=1024
[mono_ns=7257862686432849][T0xec0fda800ca0][WARN] copy_aicore_buffer: [chip_swimlane_collector.cpp:689] Core 31: skipped 1022 AICore record slot(s) with start_time=0 (race-window write or recycled-buffer tail). buf seq=0 count=1024
[mono_ns=7257862686491409][T0xec0fd8d6aca0][WARN] copy_aicore_buffer: [chip_swimlane_collector.cpp:689] Core 33: skipped 1023 AICore record slot(s) with start_time=0 (race-window write or recycled-buffer tail). buf seq=0 count=1024
[mono_ns=7257862686703611][T0xec0fbff0aca0][WARN] copy_aicore_buffer: [chip_swimlane_collector.cpp:689] Core 8: skipped 1024 AICore record slot(s) with start_time=0 (race-window write or recycled-buffer tail). buf seq=0 count=1024
[mono_ns=7257862686779262][T0xec0fda800ca0][WARN] copy_aicore_buffer: [chip_swimlane_collector.cpp:689] Core 6: skipped 1024 AICore record slot(s) with start_time=0 (race-window write or recycled-buffer tail). buf seq=0 count=1024
[mono_ns=7257862686818612][T0xec0fd8d6aca0][WARN] copy_aicore_buffer: [chip_swimlane_collector.cpp:689] Core 7: skipped 1024 AICore record slot(s) with start_time=0 (race-window write or recycled-buffer tail). buf seq=0 count=1024
[mono_ns=7257862687032344][T0xec0fbff0aca0][WARN] copy_aicore_buffer: [chip_swimlane_collector.cpp:689] Core 40: skipped 1024 AICore record slot(s) with start_time=0 (race-window write or recycled-buffer tail). buf seq=0 count=1024
[mono_ns=7257862687116435][T0xec0fda800ca0][WARN] copy_aicore_buffer: [chip_swimlane_collector.cpp:689] Core 36: skipped 1024 AICore record slot(s) with start_time=0 (race-window write or recycled-buffer tail). buf seq=0 count=1024
[mono_ns=7257862687153376][T0xec0fd8d6aca0][WARN] copy_aicore_buffer: [chip_swimlane_collector.cpp:689] Core 38: skipped 1024 AICore record slot(s) with start_time=0 (race-window write or recycled-buffer tail). buf seq=0 count=1024
[mono_ns=7257862687347127][T0xec0fbff0aca0][WARN] copy_aicore_buffer: [chip_swimlane_collector.cpp:689] Core 41: skipped 1024 AICore record slot(s) with start_time=0 (race-window write or recycled-buffer tail). buf seq=0 count=1024
[mono_ns=7257862687442568][T0xec0fda800ca0][WARN] copy_aicore_buffer: [chip_swimlane_collector.cpp:689] Core 37: skipped 1024 AICore record slot(s) with start_time=0 (race-window write or recycled-buffer tail). buf seq=0 count=1024
[mono_ns=7257862687480629][T0xec0fd8d6aca0][WARN] copy_aicore_buffer: [chip_swimlane_collector.cpp:689] Core 39: skipped 1024 AICore record slot(s) with start_time=0 (race-window write or recycled-buffer tail). buf seq=0 count=1024
[mono_ns=7257862687680551][T0xec0fbff0aca0][WARN] copy_aicore_buffer: [chip_swimlane_collector.cpp:689] Core 11: skipped 1024 AICore record slot(s) with start_time=0 (race-window write or recycled-buffer tail). buf seq=0 count=1024
[mono_ns=7257862687769461][T0xec0fda800ca0][WARN] copy_aicore_buffer: [chip_swimlane_collector.cpp:689] Core 9: skipped 1024 AICore record slot(s) with start_time=0 (race-window write or recycled-buffer tail). buf seq=0 count=1024
[mono_ns=7257862687807142][T0xec0fd8d6aca0][WARN] copy_aicore_buffer: [chip_swimlane_collector.cpp:689] Core 10: skipped 1024 AICore record slot(s) with start_time=0 (race-window write or recycled-buffer tail). buf seq=0 count=1024
[mono_ns=7257862687995403][T0xec0fbff0aca0][WARN] copy_aicore_buffer: [chip_swimlane_collector.cpp:689] Core 46: skipped 1024 AICore record slot(s) with start_time=0 (race-window write or recycled-buffer tail). buf seq=0 count=1024
[mono_ns=7257862688107805][T0xec0fda800ca0][WARN] copy_aicore_buffer: [chip_swimlane_collector.cpp:689] Core 42: skipped 1024 AICore record slot(s) with start_time=0 (race-window write or recycled-buffer tail). buf seq=0 count=1024
[mono_ns=7257862688141535][T0xec0fd8d6aca0][WARN] copy_aicore_buffer: [chip_swimlane_collector.cpp:689] Core 44: skipped 1024 AICore record slot(s) with start_time=0 (race-window write or recycled-buffer tail). buf seq=0 count=1024
[mono_ns=7257862688318697][T0xec0fbff0aca0][WARN] copy_aicore_buffer: [chip_swimlane_collector.cpp:689] Core 47: skipped 1024 AICore record slot(s) with start_time=0 (race-window write or recycled-buffer tail). buf seq=0 count=1024
[mono_ns=7257862688465518][T0xec0fda800ca0][WARN] copy_aicore_buffer: [chip_swimlane_collector.cpp:689] Core 43: skipped 1024 AICore record slot(s) with start_time=0 (race-window write or recycled-buffer tail). buf seq=0 count=1024
[mono_ns=7257862688466818][T0xec0fd8d6aca0][WARN] copy_aicore_buffer: [chip_swimlane_collector.cpp:689] Core 45: skipped 1024 AICore record slot(s) with start_time=0 (race-window write or recycled-buffer tail). buf seq=0 count=1024
[mono_ns=7257862688633140][T0xec0fbff0aca0][WARN] copy_aicore_buffer: [chip_swimlane_collector.cpp:689] Core 14: skipped 1024 AICore record slot(s) with start_time=0 (race-window write or recycled-buffer tail). buf seq=0 count=1024
[mono_ns=7257862688790711][T0xec0fd8d6aca0][WARN] copy_aicore_buffer: [chip_swimlane_collector.cpp:689] Core 13: skipped 1024 AICore record slot(s) with start_time=0 (race-window write or recycled-buffer tail). buf seq=0 count=1024
[mono_ns=7257862688791491][T0xec0fda800ca0][WARN] copy_aicore_buffer: [chip_swimlane_collector.cpp:689] Core 12: skipped 1024 AICore record slot(s) with start_time=0 (race-window write or recycled-buffer tail). buf seq=0 count=1024
[mono_ns=7257862688946792][T0xec0fbff0aca0][WARN] copy_aicore_buffer: [chip_swimlane_collector.cpp:689] Core 52: skipped 1024 AICore record slot(s) with start_time=0 (race-window write or recycled-buffer tail). buf seq=0 count=1024
[mono_ns=7257862689124354][T0xec0fda800ca0][WARN] copy_aicore_buffer: [chip_swimlane_collector.cpp:689] Core 48: skipped 1024 AICore record slot(s) with start_time=0 (race-window write or recycled-buffer tail). buf seq=0 count=1024
[mono_ns=7257862689131064][T0xec0fd8d6aca0][WARN] copy_aicore_buffer: [chip_swimlane_collector.cpp:689] Core 50: skipped 1024 AICore record slot(s) with start_time=0 (race-window write or recycled-buffer tail). buf seq=0 count=1024
[mono_ns=7257862689307706][T0xec0fbff0aca0][WARN] copy_aicore_buffer: [chip_swimlane_collector.cpp:689] Core 53: skipped 1024 AICore record slot(s) with start_time=0 (race-window write or recycled-buffer tail). buf seq=0 count=1024
[mono_ns=7257862689453627][T0xec0fda800ca0][WARN] copy_aicore_buffer: [chip_swimlane_collector.cpp:689] Core 49: skipped 1024 AICore record slot(s) with start_time=0 (race-window write or recycled-buffer tail). buf seq=0 count=1024
[mono_ns=7257862689454177][T0xec0fd8d6aca0][WARN] copy_aicore_buffer: [chip_swimlane_collector.cpp:689] Core 51: skipped 1024 AICore record slot(s) with start_time=0 (race-window write or recycled-buffer tail). buf seq=0 count=1024
[mono_ns=7257862689621519][T0xec0fbff0aca0][WARN] copy_aicore_buffer: [chip_swimlane_collector.cpp:689] Core 17: skipped 1024 AICore record slot(s) with start_time=0 (race-window write or recycled-buffer tail). buf seq=0 count=1024
[mono_ns=7257862689779320][T0xec0fda800ca0][WARN] copy_aicore_buffer: [chip_swimlane_collector.cpp:689] Core 15: skipped 1024 AICore record slot(s) with start_time=0 (race-window write or recycled-buffer tail). buf seq=0 count=1024
[mono_ns=7257862689779720][T0xec0fd8d6aca0][WARN] copy_aicore_buffer: [chip_swimlane_collector.cpp:689] Core 16: skipped 1024 AICore record slot(s) with start_time=0 (race-window write or recycled-buffer tail). buf seq=0 count=1024
[mono_ns=7257862689936542][T0xec0fbff0aca0][WARN] copy_aicore_buffer: [chip_swimlane_collector.cpp:689] Core 58: skipped 1024 AICore record slot(s) with start_time=0 (race-window write or recycled-buffer tail). buf seq=0 count=1024
[mono_ns=7257862690115933][T0xec0fda800ca0][WARN] copy_aicore_buffer: [chip_swimlane_collector.cpp:689] Core 54: skipped 1024 AICore record slot(s) with start_time=0 (race-window write or recycled-buffer tail). buf seq=0 count=1024
[mono_ns=7257862690152414][T0xec0fd8d6aca0][WARN] copy_aicore_buffer: [chip_swimlane_collector.cpp:689] Core 56: skipped 1024 AICore record slot(s) with start_time=0 (race-window write or recycled-buffer tail). buf seq=0 count=1024
[mono_ns=7257862690258315][T0xec0fbff0aca0][WARN] copy_aicore_buffer: [chip_swimlane_collector.cpp:689] Core 59: skipped 1024 AICore record slot(s) with start_time=0 (race-window write or recycled-buffer tail). buf seq=0 count=1024
[mono_ns=7257862690444367][T0xec0fda800ca0][WARN] copy_aicore_buffer: [chip_swimlane_collector.cpp:689] Core 55: skipped 1024 AICore record slot(s) with start_time=0 (race-window write or recycled-buffer tail). buf seq=0 count=1024
[mono_ns=7257862690480717][T0xec0fd8d6aca0][WARN] copy_aicore_buffer: [chip_swimlane_collector.cpp:689] Core 57: skipped 1024 AICore record slot(s) with start_time=0 (race-window write or recycled-buffer tail). buf seq=0 count=1024
[mono_ns=7257862690572528][T0xec0fbff0aca0][WARN] copy_aicore_buffer: [chip_swimlane_collector.cpp:689] Core 20: skipped 1024 AICore record slot(s) with start_time=0 (race-window write or recycled-buffer tail). buf seq=0 count=1024
[mono_ns=7257862690770490][T0xec0fda800ca0][WARN] copy_aicore_buffer: [chip_swimlane_collector.cpp:689] Core 18: skipped 1024 AICore record slot(s) with start_time=0 (race-window write or recycled-buffer tail). buf seq=0 count=1024
[mono_ns=7257862690804980][T0xec0fd8d6aca0][WARN] copy_aicore_buffer: [chip_swimlane_collector.cpp:689] Core 19: skipped 1024 AICore record slot(s) with start_time=0 (race-window write or recycled-buffer tail). buf seq=0 count=1024
[mono_ns=7257862690886281][T0xec0fbff0aca0][WARN] copy_aicore_buffer: [chip_swimlane_collector.cpp:689] Core 64: skipped 1024 AICore record slot(s) with start_time=0 (race-window write or recycled-buffer tail). buf seq=0 count=1024
[mono_ns=7257862691121823][T0xec0fda800ca0][WARN] copy_aicore_buffer: [chip_swimlane_collector.cpp:689] Core 60: skipped 1024 AICore record slot(s) with start_time=0 (race-window write or recycled-buffer tail). buf seq=0 count=1024
[mono_ns=7257862691145233][T0xec0fd8d6aca0][WARN] copy_aicore_buffer: [chip_swimlane_collector.cpp:689] Core 62: skipped 1024 AICore record slot(s) with start_time=0 (race-window write or recycled-buffer tail). buf seq=0 count=1024
[mono_ns=7257862691213474][T0xec0fbff0aca0][WARN] copy_aicore_buffer: [chip_swimlane_collector.cpp:689] Core 65: skipped 1024 AICore record slot(s) with start_time=0 (race-window write or recycled-buffer tail). buf seq=0 count=1024
[mono_ns=7257862691448426][T0xec0fda800ca0][WARN] copy_aicore_buffer: [chip_swimlane_collector.cpp:689] Core 61: skipped 1024 AICore record slot(s) with start_time=0 (race-window write or recycled-buffer tail). buf seq=0 count=1024
[mono_ns=7257862691472756][T0xec0fd8d6aca0][WARN] copy_aicore_buffer: [chip_swimlane_collector.cpp:689] Core 63: skipped 1024 AICore record slot(s) with start_time=0 (race-window write or recycled-buffer tail). buf seq=0 count=1024
[mono_ns=7257862691528317][T0xec0fbff0aca0][WARN] copy_aicore_buffer: [chip_swimlane_collector.cpp:689] Core 23: skipped 1024 AICore record slot(s) with start_time=0 (race-window write or recycled-buffer tail). buf seq=0 count=1024
[mono_ns=7257862691775089][T0xec0fda800ca0][WARN] copy_aicore_buffer: [chip_swimlane_collector.cpp:689] Core 21: skipped 1024 AICore record slot(s) with start_time=0 (race-window write or recycled-buffer tail). buf seq=0 count=1024
[mono_ns=7257862691824410][T0xec0fd8d6aca0][WARN] copy_aicore_buffer: [chip_swimlane_collector.cpp:689] Core 22: skipped 1024 AICore record slot(s) with start_time=0 (race-window write or recycled-buffer tail). buf seq=0 count=1024
[mono_ns=7257862691842910][T0xec0fbff0aca0][WARN] copy_aicore_buffer: [chip_swimlane_collector.cpp:689] Core 70: skipped 1024 AICore record slot(s) with start_time=0 (race-window write or recycled-buffer tail). buf seq=0 count=1024
[mono_ns=7257862692116082][T0xec0fda800ca0][WARN] copy_aicore_buffer: [chip_swimlane_collector.cpp:689] Core 66: skipped 1024 AICore record slot(s) with start_time=0 (race-window write or recycled-buffer tail). buf seq=0 count=1024
[mono_ns=7257862692164093][T0xec0fd8d6aca0][WARN] copy_aicore_buffer: [chip_swimlane_collector.cpp:689] Core 68: skipped 1024 AICore record slot(s) with start_time=0 (race-window write or recycled-buffer tail). buf seq=0 count=1024
[mono_ns=7257862692170083][T0xec0fbff0aca0][WARN] copy_aicore_buffer: [chip_swimlane_collector.cpp:689] Core 71: skipped 1024 AICore record slot(s) with start_time=0 (race-window write or recycled-buffer tail). buf seq=0 count=1024
[mono_ns=7257862692461726][T0xec0fda800ca0][WARN] copy_aicore_buffer: [chip_swimlane_collector.cpp:689] Core 67: skipped 1024 AICore record slot(s) with start_time=0 (race-window write or recycled-buffer tail). buf seq=0 count=1024
[mono_ns=7257862692490886][T0xec0fd8d6aca0][WARN] copy_aicore_buffer: [chip_swimlane_collector.cpp:689] Core 69: skipped 1024 AICore record slot(s) with start_time=0 (race-window write or recycled-buffer tail). buf seq=0 count=1024
[mono_ns=7257862792986633][T0xec111cb9b020][TIMING] emit_host_span: [STRACE] v=1 pid=2792124 tid=2792124 inv=18 hid=2e8e960a9b608ef3 depth=1 name=chip.run.runner_run ts=7257862681643834 dur=111332499 
[mono_ns=7257862793204225][T0xec111cb9b020][TIMING] emit_host_span: [STRACE] v=1 pid=2792124 tid=2792124 inv=18 hid=2e8e960a9b608ef3 depth=1 name=chip.run.validate ts=7257862792996693 dur=203052 
[mono_ns=7257862793212345][T0xec111cb9b020][TIMING] emit_host_span: [STRACE] v=1 pid=2792124 tid=2792124 inv=18 hid=2e8e960a9b608ef3 depth=2 name=chip.run.runner_run.device_wall ts=0 dur=2613780 clk=dev
[mono_ns=7257862793217355][T0xec111cb9b020][TIMING] emit_host_span: [STRACE] v=1 pid=2792124 tid=2792124 inv=18 hid=2e8e960a9b608ef3 depth=3 name=chip.run.runner_run.device_wall.preamble ts=0 dur=621699 clk=dev
[mono_ns=7257862793221105][T0xec111cb9b020][TIMING] emit_host_span: [STRACE] v=1 pid=2792124 tid=2792124 inv=18 hid=2e8e960a9b608ef3 depth=3 name=chip.run.runner_run.device_wall.graph_build ts=617959 dur=1984880 clk=dev
[mono_ns=7257862793224405][T0xec111cb9b020][TIMING] emit_host_span: [STRACE] v=1 pid=2792124 tid=2792124 inv=18 hid=2e8e960a9b608ef3 depth=3 name=chip.run.runner_run.device_wall.config_validate ts=618040 dur=740 clk=dev
[mono_ns=7257862793227485][T0xec111cb9b020][TIMING] emit_host_span: [STRACE] v=1 pid=2792124 tid=2792124 inv=18 hid=2e8e960a9b608ef3 depth=3 name=chip.run.runner_run.device_wall.arena_wire ts=618800 dur=1060 clk=dev
[mono_ns=7257862793267446][T0xec111cb9b020][TIMING] emit_host_span: [STRACE] v=1 pid=2792124 tid=2792124 inv=18 hid=2e8e960a9b608ef3 depth=3 name=chip.run.runner_run.device_wall.sm_reset ts=619880 dur=1920 clk=dev
[mono_ns=7257862793271366][T0xec111cb9b020][TIMING] emit_host_span: [STRACE] v=1 pid=2792124 tid=2792124 inv=18 hid=2e8e960a9b608ef3 depth=3 name=chip.run.runner_run.device_wall.post_orch ts=2602900 dur=10760 clk=dev
[mono_ns=7257862793274536][T0xec111cb9b020][TIMING] emit_host_span: [STRACE] v=1 pid=2792124 tid=2792124 inv=18 hid=2e8e960a9b608ef3 depth=3 name=chip.run.runner_run.device_wall.orch ts=621860 dur=3320 clk=dev
[mono_ns=7257862793277486][T0xec111cb9b020][TIMING] emit_host_span: [STRACE] v=1 pid=2792124 tid=2792124 inv=18 hid=2e8e960a9b608ef3 depth=3 name=chip.run.runner_run.device_wall.sched ts=622000 dur=1963840 clk=dev
[mono_ns=7257862793281316][T0xec111cb9b020][TIMING] emit_host_span: [STRACE] v=1 pid=2792124 tid=2792124 inv=18 hid=2e8e960a9b608ef3 depth=1 name=chip.run.claim_release ts=7257862793279206 dur=280 
[mono_ns=7257862793285726][T0xec111cb9b020][TIMING] emit_host_span: [STRACE] v=1 pid=2792124 tid=2792124 inv=18 hid=2e8e960a9b608ef3 depth=0 name=chip.run ts=7257862681106529 dur=112177097 run_id=18 dispatch_id=18 slot_id=0 generation=18 run_epoch=18
[mono_ns=7257867636178976][T0xec111cb9b020][TIMING] emit_host_span: [STRACE] v=1 pid=2792124 tid=2792124 inv=19 hid=2e8e960a9b608ef3 depth=2 name=chip.run.bind.args ts=7257867635864473 dur=307303 
[mono_ns=7257867636196146][T0xec111cb9b020][TIMING] emit_host_span: [STRACE] v=1 pid=2792124 tid=2792124 inv=19 hid=2e8e960a9b608ef3 depth=2 name=chip.run.bind.prebuilt ts=7257867636190646 dur=2920 
[mono_ns=7257867636254916][T0xec111cb9b020][TIMING] emit_host_span: [STRACE] v=1 pid=2792124 tid=2792124 inv=19 hid=2e8e960a9b608ef3 depth=1 name=chip.run.bind ts=7257867635854763 dur=397373 
[mono_ns=7257867740463296][T0xec111cb9b020][TIMING] emit_host_span: [STRACE] v=1 pid=2792124 tid=2792124 inv=19 hid=2e8e960a9b608ef3 depth=1 name=chip.run.runner_run ts=7257867636502479 dur=103950956 
[mono_ns=7257867740775129][T0xec111cb9b020][TIMING] emit_host_span: [STRACE] v=1 pid=2792124 tid=2792124 inv=19 hid=2e8e960a9b608ef3 depth=1 name=chip.run.validate ts=7257867740474436 dur=296002 
[mono_ns=7257867740783189][T0xec111cb9b020][TIMING] emit_host_span: [STRACE] v=1 pid=2792124 tid=2792124 inv=19 hid=2e8e960a9b608ef3 depth=2 name=chip.run.runner_run.device_wall ts=0 dur=1855980 clk=dev
[mono_ns=7257867740787579][T0xec111cb9b020][TIMING] emit_host_span: [STRACE] v=1 pid=2792124 tid=2792124 inv=19 hid=2e8e960a9b608ef3 depth=3 name=chip.run.runner_run.device_wall.preamble ts=0 dur=6680 clk=dev
[mono_ns=7257867740791139][T0xec111cb9b020][TIMING] emit_host_span: [STRACE] v=1 pid=2792124 tid=2792124 inv=19 hid=2e8e960a9b608ef3 depth=3 name=chip.run.runner_run.device_wall.graph_build ts=1880 dur=1843440 clk=dev
[mono_ns=7257867740794299][T0xec111cb9b020][TIMING] emit_host_span: [STRACE] v=1 pid=2792124 tid=2792124 inv=19 hid=2e8e960a9b608ef3 depth=3 name=chip.run.runner_run.device_wall.config_validate ts=2179 dur=1060 clk=dev
[mono_ns=7257867740840399][T0xec111cb9b020][TIMING] emit_host_span: [STRACE] v=1 pid=2792124 tid=2792124 inv=19 hid=2e8e960a9b608ef3 depth=3 name=chip.run.runner_run.device_wall.arena_wire ts=3280 dur=1720 clk=dev
[mono_ns=7257867740843929][T0xec111cb9b020][TIMING] emit_host_span: [STRACE] v=1 pid=2792124 tid=2792124 inv=19 hid=2e8e960a9b608ef3 depth=3 name=chip.run.runner_run.device_wall.sm_reset ts=5040 dur=2860 clk=dev
[mono_ns=7257867740847139][T0xec111cb9b020][TIMING] emit_host_span: [STRACE] v=1 pid=2792124 tid=2792124 inv=19 hid=2e8e960a9b608ef3 depth=3 name=chip.run.runner_run.device_wall.post_orch ts=1845379 dur=10440 clk=dev
[mono_ns=7257867740850769][T0xec111cb9b020][TIMING] emit_host_span: [STRACE] v=1 pid=2792124 tid=2792124 inv=19 hid=2e8e960a9b608ef3 depth=3 name=chip.run.runner_run.device_wall.orch ts=8420 dur=9560 clk=dev
[mono_ns=7257867740853629][T0xec111cb9b020][TIMING] emit_host_span: [STRACE] v=1 pid=2792124 tid=2792124 inv=19 hid=2e8e960a9b608ef3 depth=3 name=chip.run.runner_run.device_wall.sched ts=8120 dur=1829040 clk=dev
[mono_ns=7257867740858519][T0xec111cb9b020][TIMING] emit_host_span: [STRACE] v=1 pid=2792124 tid=2792124 inv=19 hid=2e8e960a9b608ef3 depth=1 name=chip.run.claim_release ts=7257867740856079 dur=590 
[mono_ns=7257867740863519][T0xec111cb9b020][TIMING] emit_host_span: [STRACE] v=1 pid=2792124 tid=2792124 inv=19 hid=2e8e960a9b608ef3 depth=0 name=chip.run ts=7257867635790952 dur=105070457 run_id=19 dispatch_id=19 slot_id=0 generation=19 run_epoch=19
[mono_ns=7257867751236267][T0xec111cb9b020][TIMING] emit_host_span: [STRACE] v=1 pid=2792124 tid=2792124 inv=20 hid=2e8e960a9b608ef3 depth=2 name=chip.run.bind.args ts=7257867751041135 dur=189212 
[mono_ns=7257867751279137][T0xec111cb9b020][TIMING] emit_host_span: [STRACE] v=1 pid=2792124 tid=2792124 inv=20 hid=2e8e960a9b608ef3 depth=2 name=chip.run.bind.prebuilt ts=7257867751271847 dur=2980 
[mono_ns=7257867751283947][T0xec111cb9b020][TIMING] emit_host_span: [STRACE] v=1 pid=2792124 tid=2792124 inv=20 hid=2e8e960a9b608ef3 depth=1 name=chip.run.bind ts=7257867751033795 dur=247672 
[mono_ns=7257867754612599][T0xec0fbff0aca0][WARN] copy_aicore_buffer: [chip_swimlane_collector.cpp:689] Core 2: skipped 1024 AICore record slot(s) with start_time=0 (race-window write or recycled-buffer tail). buf seq=0 count=1024
[mono_ns=7257867754640379][T0xec0fda800ca0][WARN] copy_aicore_buffer: [chip_swimlane_collector.cpp:689] Core 0: skipped 1024 AICore record slot(s) with start_time=0 (race-window write or recycled-buffer tail). buf seq=0 count=1024
[mono_ns=7257867754639459][T0xec0fd8d6aca0][WARN] copy_aicore_buffer: [chip_swimlane_collector.cpp:689] Core 1: skipped 1024 AICore record slot(s) with start_time=0 (race-window write or recycled-buffer tail). buf seq=0 count=1024
[mono_ns=7257867754937412][T0xec0fbff0aca0][WARN] copy_aicore_buffer: [chip_swimlane_collector.cpp:689] Core 28: skipped 1023 AICore record slot(s) with start_time=0 (race-window write or recycled-buffer tail). buf seq=0 count=1024
[mono_ns=7257867754979232][T0xec0fda800ca0][WARN] copy_aicore_buffer: [chip_swimlane_collector.cpp:689] Core 24: skipped 1023 AICore record slot(s) with start_time=0 (race-window write or recycled-buffer tail). buf seq=0 count=1024
[mono_ns=7257867754981882][T0xec0fd8d6aca0][WARN] copy_aicore_buffer: [chip_swimlane_collector.cpp:689] Core 26: skipped 1023 AICore record slot(s) with start_time=0 (race-window write or recycled-buffer tail). buf seq=0 count=1024
[mono_ns=7257867755267075][T0xec0fbff0aca0][WARN] copy_aicore_buffer: [chip_swimlane_collector.cpp:689] Core 29: skipped 1024 AICore record slot(s) with start_time=0 (race-window write or recycled-buffer tail). buf seq=0 count=1024
[mono_ns=7257867755321685][T0xec0fda800ca0][WARN] copy_aicore_buffer: [chip_swimlane_collector.cpp:689] Core 25: skipped 1024 AICore record slot(s) with start_time=0 (race-window write or recycled-buffer tail). buf seq=0 count=1024
[mono_ns=7257867755370756][T0xec0fd8d6aca0][WARN] copy_aicore_buffer: [chip_swimlane_collector.cpp:689] Core 27: skipped 1024 AICore record slot(s) with start_time=0 (race-window write or recycled-buffer tail). buf seq=0 count=1024
[mono_ns=7257867755582838][T0xec0fbff0aca0][WARN] copy_aicore_buffer: [chip_swimlane_collector.cpp:689] Core 5: skipped 1024 AICore record slot(s) with start_time=0 (race-window write or recycled-buffer tail). buf seq=0 count=1024
[mono_ns=7257867755648618][T0xec0fda800ca0][WARN] copy_aicore_buffer: [chip_swimlane_collector.cpp:689] Core 3: skipped 1024 AICore record slot(s) with start_time=0 (race-window write or recycled-buffer tail). buf seq=0 count=1024
[mono_ns=7257867755698689][T0xec0fd8d6aca0][WARN] copy_aicore_buffer: [chip_swimlane_collector.cpp:689] Core 4: skipped 1024 AICore record slot(s) with start_time=0 (race-window write or recycled-buffer tail). buf seq=0 count=1024
[mono_ns=7257867755896571][T0xec0fbff0aca0][WARN] copy_aicore_buffer: [chip_swimlane_collector.cpp:689] Core 34: skipped 1024 AICore record slot(s) with start_time=0 (race-window write or recycled-buffer tail). buf seq=0 count=1024
[mono_ns=7257867755974391][T0xec0fda800ca0][WARN] copy_aicore_buffer: [chip_swimlane_collector.cpp:689] Core 30: skipped 1024 AICore record slot(s) with start_time=0 (race-window write or recycled-buffer tail). buf seq=0 count=1024
[mono_ns=7257867756037722][T0xec0fd8d6aca0][WARN] copy_aicore_buffer: [chip_swimlane_collector.cpp:689] Core 32: skipped 1024 AICore record slot(s) with start_time=0 (race-window write or recycled-buffer tail). buf seq=0 count=1024
[mono_ns=7257867756226284][T0xec0fbff0aca0][WARN] copy_aicore_buffer: [chip_swimlane_collector.cpp:689] Core 35: skipped 1022 AICore record slot(s) with start_time=0 (race-window write or recycled-buffer tail). buf seq=0 count=1024
[mono_ns=7257867756329495][T0xec0fda800ca0][WARN] copy_aicore_buffer: [chip_swimlane_collector.cpp:689] Core 31: skipped 1024 AICore record slot(s) with start_time=0 (race-window write or recycled-buffer tail). buf seq=0 count=1024
[mono_ns=7257867756364665][T0xec0fd8d6aca0][WARN] copy_aicore_buffer: [chip_swimlane_collector.cpp:689] Core 33: skipped 1023 AICore record slot(s) with start_time=0 (race-window write or recycled-buffer tail). buf seq=0 count=1024
[mono_ns=7257867756540657][T0xec0fbff0aca0][WARN] copy_aicore_buffer: [chip_swimlane_collector.cpp:689] Core 8: skipped 1024 AICore record slot(s) with start_time=0 (race-window write or recycled-buffer tail). buf seq=0 count=1024
[mono_ns=7257867756656158][T0xec0fda800ca0][WARN] copy_aicore_buffer: [chip_swimlane_collector.cpp:689] Core 6: skipped 1024 AICore record slot(s) with start_time=0 (race-window write or recycled-buffer tail). buf seq=0 count=1024
[mono_ns=7257867756689838][T0xec0fd8d6aca0][WARN] copy_aicore_buffer: [chip_swimlane_collector.cpp:689] Core 7: skipped 1024 AICore record slot(s) with start_time=0 (race-window write or recycled-buffer tail). buf seq=0 count=1024
[mono_ns=7257867756881260][T0xec0fbff0aca0][WARN] copy_aicore_buffer: [chip_swimlane_collector.cpp:689] Core 40: skipped 1024 AICore record slot(s) with start_time=0 (race-window write or recycled-buffer tail). buf seq=0 count=1024
[mono_ns=7257867757019371][T0xec0fda800ca0][WARN] copy_aicore_buffer: [chip_swimlane_collector.cpp:689] Core 36: skipped 1024 AICore record slot(s) with start_time=0 (race-window write or recycled-buffer tail). buf seq=0 count=1024
[mono_ns=7257867757051891][T0xec0fd8d6aca0][WARN] copy_aicore_buffer: [chip_swimlane_collector.cpp:689] Core 38: skipped 1024 AICore record slot(s) with start_time=0 (race-window write or recycled-buffer tail). buf seq=0 count=1024
[mono_ns=7257867757208613][T0xec0fbff0aca0][WARN] copy_aicore_buffer: [chip_swimlane_collector.cpp:689] Core 41: skipped 1024 AICore record slot(s) with start_time=0 (race-window write or recycled-buffer tail). buf seq=0 count=1024
[mono_ns=7257867757348524][T0xec0fda800ca0][WARN] copy_aicore_buffer: [chip_swimlane_collector.cpp:689] Core 37: skipped 1023 AICore record slot(s) with start_time=0 (race-window write or recycled-buffer tail). buf seq=0 count=1024
[mono_ns=7257867757379355][T0xec0fd8d6aca0][WARN] copy_aicore_buffer: [chip_swimlane_collector.cpp:689] Core 39: skipped 1024 AICore record slot(s) with start_time=0 (race-window write or recycled-buffer tail). buf seq=0 count=1024
[mono_ns=7257867757523246][T0xec0fbff0aca0][WARN] copy_aicore_buffer: [chip_swimlane_collector.cpp:689] Core 11: skipped 1024 AICore record slot(s) with start_time=0 (race-window write or recycled-buffer tail). buf seq=0 count=1024
[mono_ns=7257867757674157][T0xec0fda800ca0][WARN] copy_aicore_buffer: [chip_swimlane_collector.cpp:689] Core 9: skipped 1024 AICore record slot(s) with start_time=0 (race-window write or recycled-buffer tail). buf seq=0 count=1024
[mono_ns=7257867757705698][T0xec0fd8d6aca0][WARN] copy_aicore_buffer: [chip_swimlane_collector.cpp:689] Core 10: skipped 1024 AICore record slot(s) with start_time=0 (race-window write or recycled-buffer tail). buf seq=0 count=1024
[mono_ns=7257867757837169][T0xec0fbff0aca0][WARN] copy_aicore_buffer: [chip_swimlane_collector.cpp:689] Core 46: skipped 1024 AICore record slot(s) with start_time=0 (race-window write or recycled-buffer tail). buf seq=0 count=1024
[mono_ns=7257867758042571][T0xec0fd8d6aca0][WARN] copy_aicore_buffer: [chip_swimlane_collector.cpp:689] Core 44: skipped 1024 AICore record slot(s) with start_time=0 (race-window write or recycled-buffer tail). buf seq=0 count=1024
[mono_ns=7257867758042901][T0xec0fda800ca0][WARN] copy_aicore_buffer: [chip_swimlane_collector.cpp:689] Core 42: skipped 1024 AICore record slot(s) with start_time=0 (race-window write or recycled-buffer tail). buf seq=0 count=1024
[mono_ns=7257867758160882][T0xec0fbff0aca0][WARN] copy_aicore_buffer: [chip_swimlane_collector.cpp:689] Core 47: skipped 1024 AICore record slot(s) with start_time=0 (race-window write or recycled-buffer tail). buf seq=0 count=1024
[mono_ns=7257867758367854][T0xec0fda800ca0][WARN] copy_aicore_buffer: [chip_swimlane_collector.cpp:689] Core 43: skipped 1024 AICore record slot(s) with start_time=0 (race-window write or recycled-buffer tail). buf seq=0 count=1024
[mono_ns=7257867758368504][T0xec0fd8d6aca0][WARN] copy_aicore_buffer: [chip_swimlane_collector.cpp:689] Core 45: skipped 1024 AICore record slot(s) with start_time=0 (race-window write or recycled-buffer tail). buf seq=0 count=1024
[mono_ns=7257867758475195][T0xec0fbff0aca0][WARN] copy_aicore_buffer: [chip_swimlane_collector.cpp:689] Core 14: skipped 1024 AICore record slot(s) with start_time=0 (race-window write or recycled-buffer tail). buf seq=0 count=1024
[mono_ns=7257867758693027][T0xec0fd8d6aca0][WARN] copy_aicore_buffer: [chip_swimlane_collector.cpp:689] Core 13: skipped 1024 AICore record slot(s) with start_time=0 (race-window write or recycled-buffer tail). buf seq=0 count=1024
[mono_ns=7257867758694047][T0xec0fda800ca0][WARN] copy_aicore_buffer: [chip_swimlane_collector.cpp:689] Core 12: skipped 1024 AICore record slot(s) with start_time=0 (race-window write or recycled-buffer tail). buf seq=0 count=1024
[mono_ns=7257867758801388][T0xec0fbff0aca0][WARN] copy_aicore_buffer: [chip_swimlane_collector.cpp:689] Core 52: skipped 1024 AICore record slot(s) with start_time=0 (race-window write or recycled-buffer tail). buf seq=0 count=1024
[mono_ns=7257867759028000][T0xec0fda800ca0][WARN] copy_aicore_buffer: [chip_swimlane_collector.cpp:689] Core 48: skipped 1024 AICore record slot(s) with start_time=0 (race-window write or recycled-buffer tail). buf seq=0 count=1024
[mono_ns=7257867759028670][T0xec0fd8d6aca0][WARN] copy_aicore_buffer: [chip_swimlane_collector.cpp:689] Core 50: skipped 1024 AICore record slot(s) with start_time=0 (race-window write or recycled-buffer tail). buf seq=0 count=1024
[mono_ns=7257867759124981][T0xec0fbff0aca0][WARN] copy_aicore_buffer: [chip_swimlane_collector.cpp:689] Core 53: skipped 1024 AICore record slot(s) with start_time=0 (race-window write or recycled-buffer tail). buf seq=0 count=1024
[mono_ns=7257867759354413][T0xec0fd8d6aca0][WARN] copy_aicore_buffer: [chip_swimlane_collector.cpp:689] Core 51: skipped 1024 AICore record slot(s) with start_time=0 (race-window write or recycled-buffer tail). buf seq=0 count=1024
[mono_ns=7257867759355513][T0xec0fda800ca0][WARN] copy_aicore_buffer: [chip_swimlane_collector.cpp:689] Core 49: skipped 1024 AICore record slot(s) with start_time=0 (race-window write or recycled-buffer tail). buf seq=0 count=1024
[mono_ns=7257867759439384][T0xec0fbff0aca0][WARN] copy_aicore_buffer: [chip_swimlane_collector.cpp:689] Core 17: skipped 1024 AICore record slot(s) with start_time=0 (race-window write or recycled-buffer tail). buf seq=0 count=1024
[mono_ns=7257867759680206][T0xec0fd8d6aca0][WARN] copy_aicore_buffer: [chip_swimlane_collector.cpp:689] Core 16: skipped 1024 AICore record slot(s) with start_time=0 (race-window write or recycled-buffer tail). buf seq=0 count=1024
[mono_ns=7257867759711306][T0xec0fda800ca0][WARN] copy_aicore_buffer: [chip_swimlane_collector.cpp:689] Core 15: skipped 1024 AICore record slot(s) with start_time=0 (race-window write or recycled-buffer tail). buf seq=0 count=1024
[mono_ns=7257867759754337][T0xec0fbff0aca0][WARN] copy_aicore_buffer: [chip_swimlane_collector.cpp:689] Core 58: skipped 1024 AICore record slot(s) with start_time=0 (race-window write or recycled-buffer tail). buf seq=0 count=1024
[mono_ns=7257867760019099][T0xec0fd8d6aca0][WARN] copy_aicore_buffer: [chip_swimlane_collector.cpp:689] Core 56: skipped 1024 AICore record slot(s) with start_time=0 (race-window write or recycled-buffer tail). buf seq=0 count=1024
[mono_ns=7257867760049590][T0xec0fda800ca0][WARN] copy_aicore_buffer: [chip_swimlane_collector.cpp:689] Core 54: skipped 1024 AICore record slot(s) with start_time=0 (race-window write or recycled-buffer tail). buf seq=0 count=1024
[mono_ns=7257867760081170][T0xec0fbff0aca0][WARN] copy_aicore_buffer: [chip_swimlane_collector.cpp:689] Core 59: skipped 1024 AICore record slot(s) with start_time=0 (race-window write or recycled-buffer tail). buf seq=0 count=1024
[mono_ns=7257867760346302][T0xec0fd8d6aca0][WARN] copy_aicore_buffer: [chip_swimlane_collector.cpp:689] Core 57: skipped 1024 AICore record slot(s) with start_time=0 (race-window write or recycled-buffer tail). buf seq=0 count=1024
[mono_ns=7257867760374503][T0xec0fda800ca0][WARN] copy_aicore_buffer: [chip_swimlane_collector.cpp:689] Core 55: skipped 1024 AICore record slot(s) with start_time=0 (race-window write or recycled-buffer tail). buf seq=0 count=1024
[mono_ns=7257867760426763][T0xec0fbff0aca0][WARN] copy_aicore_buffer: [chip_swimlane_collector.cpp:689] Core 20: skipped 1024 AICore record slot(s) with start_time=0 (race-window write or recycled-buffer tail). buf seq=0 count=1024
[mono_ns=7257867760673015][T0xec0fd8d6aca0][WARN] copy_aicore_buffer: [chip_swimlane_collector.cpp:689] Core 19: skipped 1024 AICore record slot(s) with start_time=0 (race-window write or recycled-buffer tail). buf seq=0 count=1024
[mono_ns=7257867760700736][T0xec0fda800ca0][WARN] copy_aicore_buffer: [chip_swimlane_collector.cpp:689] Core 18: skipped 1024 AICore record slot(s) with start_time=0 (race-window write or recycled-buffer tail). buf seq=0 count=1024
[mono_ns=7257867760763676][T0xec0fbff0aca0][WARN] copy_aicore_buffer: [chip_swimlane_collector.cpp:689] Core 64: skipped 1024 AICore record slot(s) with start_time=0 (race-window write or recycled-buffer tail). buf seq=0 count=1024
[mono_ns=7257867760999759][T0xec0fd8d6aca0][WARN] copy_aicore_buffer: [chip_swimlane_collector.cpp:689] Core 62: skipped 1024 AICore record slot(s) with start_time=0 (race-window write or recycled-buffer tail). buf seq=0 count=1024
[mono_ns=7257867761061019][T0xec0fda800ca0][WARN] copy_aicore_buffer: [chip_swimlane_collector.cpp:689] Core 60: skipped 1024 AICore record slot(s) with start_time=0 (race-window write or recycled-buffer tail). buf seq=0 count=1024
[mono_ns=7257867761090169][T0xec0fbff0aca0][WARN] copy_aicore_buffer: [chip_swimlane_collector.cpp:689] Core 65: skipped 1024 AICore record slot(s) with start_time=0 (race-window write or recycled-buffer tail). buf seq=0 count=1024
[mono_ns=7257867761336642][T0xec0fd8d6aca0][WARN] copy_aicore_buffer: [chip_swimlane_collector.cpp:689] Core 63: skipped 1024 AICore record slot(s) with start_time=0 (race-window write or recycled-buffer tail). buf seq=0 count=1024
[mono_ns=7257867761404242][T0xec0fbff0aca0][WARN] copy_aicore_buffer: [chip_swimlane_collector.cpp:689] Core 23: skipped 1024 AICore record slot(s) with start_time=0 (race-window write or recycled-buffer tail). buf seq=0 count=1024
[mono_ns=7257867761410182][T0xec0fda800ca0][WARN] copy_aicore_buffer: [chip_swimlane_collector.cpp:689] Core 61: skipped 1024 AICore record slot(s) with start_time=0 (race-window write or recycled-buffer tail). buf seq=0 count=1024
[mono_ns=7257867761662945][T0xec0fd8d6aca0][WARN] copy_aicore_buffer: [chip_swimlane_collector.cpp:689] Core 22: skipped 1024 AICore record slot(s) with start_time=0 (race-window write or recycled-buffer tail). buf seq=0 count=1024
[mono_ns=7257867761717985][T0xec0fbff0aca0][WARN] copy_aicore_buffer: [chip_swimlane_collector.cpp:689] Core 70: skipped 1024 AICore record slot(s) with start_time=0 (race-window write or recycled-buffer tail). buf seq=0 count=1024
[mono_ns=7257867761731615][T0xec0fda800ca0][WARN] copy_aicore_buffer: [chip_swimlane_collector.cpp:689] Core 21: skipped 1024 AICore record slot(s) with start_time=0 (race-window write or recycled-buffer tail). buf seq=0 count=1024
[mono_ns=7257867761989458][T0xec0fd8d6aca0][WARN] copy_aicore_buffer: [chip_swimlane_collector.cpp:689] Core 68: skipped 1024 AICore record slot(s) with start_time=0 (race-window write or recycled-buffer tail). buf seq=0 count=1024
[mono_ns=7257867762049648][T0xec0fbff0aca0][WARN] copy_aicore_buffer: [chip_swimlane_collector.cpp:689] Core 71: skipped 1022 AICore record slot(s) with start_time=0 (race-window write or recycled-buffer tail). buf seq=0 count=1024
[mono_ns=7257867762072779][T0xec0fda800ca0][WARN] copy_aicore_buffer: [chip_swimlane_collector.cpp:689] Core 66: skipped 1024 AICore record slot(s) with start_time=0 (race-window write or recycled-buffer tail). buf seq=0 count=1024
[mono_ns=7257867762337811][T0xec0fd8d6aca0][WARN] copy_aicore_buffer: [chip_swimlane_collector.cpp:689] Core 69: skipped 1024 AICore record slot(s) with start_time=0 (race-window write or recycled-buffer tail). buf seq=0 count=1024
[mono_ns=7257867762399712][T0xec0fda800ca0][WARN] copy_aicore_buffer: [chip_swimlane_collector.cpp:689] Core 67: skipped 1024 AICore record slot(s) with start_time=0 (race-window write or recycled-buffer tail). buf seq=0 count=1024
[mono_ns=7257867862835025][T0xec111cb9b020][TIMING] emit_host_span: [STRACE] v=1 pid=2792124 tid=2792124 inv=20 hid=2e8e960a9b608ef3 depth=1 name=chip.run.runner_run ts=7257867751548970 dur=111280055 
[mono_ns=7257867863035477][T0xec111cb9b020][TIMING] emit_host_span: [STRACE] v=1 pid=2792124 tid=2792124 inv=20 hid=2e8e960a9b608ef3 depth=1 name=chip.run.validate ts=7257867862843665 dur=187922 
[mono_ns=7257867863043197][T0xec111cb9b020][TIMING] emit_host_span: [STRACE] v=1 pid=2792124 tid=2792124 inv=20 hid=2e8e960a9b608ef3 depth=2 name=chip.run.runner_run.device_wall ts=0 dur=2606920 clk=dev
[mono_ns=7257867863048747][T0xec111cb9b020][TIMING] emit_host_span: [STRACE] v=1 pid=2792124 tid=2792124 inv=20 hid=2e8e960a9b608ef3 depth=3 name=chip.run.runner_run.device_wall.preamble ts=0 dur=638640 clk=dev
[mono_ns=7257867863079618][T0xec111cb9b020][TIMING] emit_host_span: [STRACE] v=1 pid=2792124 tid=2792124 inv=20 hid=2e8e960a9b608ef3 depth=3 name=chip.run.runner_run.device_wall.graph_build ts=634800 dur=1960760 clk=dev
[mono_ns=7257867863083068][T0xec111cb9b020][TIMING] emit_host_span: [STRACE] v=1 pid=2792124 tid=2792124 inv=20 hid=2e8e960a9b608ef3 depth=3 name=chip.run.runner_run.device_wall.config_validate ts=634900 dur=760 clk=dev
[mono_ns=7257867863086138][T0xec111cb9b020][TIMING] emit_host_span: [STRACE] v=1 pid=2792124 tid=2792124 inv=20 hid=2e8e960a9b608ef3 depth=3 name=chip.run.runner_run.device_wall.arena_wire ts=635700 dur=540 clk=dev
[mono_ns=7257867863089258][T0xec111cb9b020][TIMING] emit_host_span: [STRACE] v=1 pid=2792124 tid=2792124 inv=20 hid=2e8e960a9b608ef3 depth=3 name=chip.run.runner_run.device_wall.sm_reset ts=636280 dur=1320 clk=dev
[mono_ns=7257867863092458][T0xec111cb9b020][TIMING] emit_host_span: [STRACE] v=1 pid=2792124 tid=2792124 inv=20 hid=2e8e960a9b608ef3 depth=3 name=chip.run.runner_run.device_wall.post_orch ts=2595600 dur=11180 clk=dev
[mono_ns=7257867863095538][T0xec111cb9b020][TIMING] emit_host_span: [STRACE] v=1 pid=2792124 tid=2792124 inv=20 hid=2e8e960a9b608ef3 depth=3 name=chip.run.runner_run.device_wall.orch ts=637640 dur=4120 clk=dev
[mono_ns=7257867863098378][T0xec111cb9b020][TIMING] emit_host_span: [STRACE] v=1 pid=2792124 tid=2792124 inv=20 hid=2e8e960a9b608ef3 depth=3 name=chip.run.runner_run.device_wall.sched ts=638840 dur=1939680 clk=dev
[mono_ns=7257867863117798][T0xec111cb9b020][TIMING] emit_host_span: [STRACE] v=1 pid=2792124 tid=2792124 inv=20 hid=2e8e960a9b608ef3 depth=1 name=chip.run.claim_release ts=7257867863115108 dur=440 
[mono_ns=7257867863121948][T0xec111cb9b020][TIMING] emit_host_span: [STRACE] v=1 pid=2792124 tid=2792124 inv=20 hid=2e8e960a9b608ef3 depth=0 name=chip.run ts=7257867750990494 dur=112129464 run_id=20 dispatch_id=20 slot_id=0 generation=20 run_epoch=20
[mono_ns=7257872707513711][T0xec111cb9b020][TIMING] emit_host_span: [STRACE] v=1 pid=2792124 tid=2792124 inv=21 hid=2e8e960a9b608ef3 depth=2 name=chip.run.bind.args ts=7257872707278539 dur=228802 
[mono_ns=7257872707530301][T0xec111cb9b020][TIMING] emit_host_span: [STRACE] v=1 pid=2792124 tid=2792124 inv=21 hid=2e8e960a9b608ef3 depth=2 name=chip.run.bind.prebuilt ts=7257872707525301 dur=2510 
[mono_ns=7257872707535561][T0xec111cb9b020][TIMING] emit_host_span: [STRACE] v=1 pid=2792124 tid=2792124 inv=21 hid=2e8e960a9b608ef3 depth=1 name=chip.run.bind ts=7257872707270759 dur=261622 
[mono_ns=7257872811935929][T0xec111cb9b020][TIMING] emit_host_span: [STRACE] v=1 pid=2792124 tid=2792124 inv=21 hid=2e8e960a9b608ef3 depth=1 name=chip.run.runner_run ts=7257872707844164 dur=104078375 
[mono_ns=7257872812208792][T0xec111cb9b020][TIMING] emit_host_span: [STRACE] v=1 pid=2792124 tid=2792124 inv=21 hid=2e8e960a9b608ef3 depth=1 name=chip.run.validate ts=7257872811951650 dur=252532 
[mono_ns=7257872812217082][T0xec111cb9b020][TIMING] emit_host_span: [STRACE] v=1 pid=2792124 tid=2792124 inv=21 hid=2e8e960a9b608ef3 depth=2 name=chip.run.runner_run.device_wall ts=0 dur=2444040 clk=dev
[mono_ns=7257872812275473][T0xec111cb9b020][TIMING] emit_host_span: [STRACE] v=1 pid=2792124 tid=2792124 inv=21 hid=2e8e960a9b608ef3 depth=3 name=chip.run.runner_run.device_wall.preamble ts=0 dur=5900 clk=dev
[mono_ns=7257872812279113][T0xec111cb9b020][TIMING] emit_host_span: [STRACE] v=1 pid=2792124 tid=2792124 inv=21 hid=2e8e960a9b608ef3 depth=3 name=chip.run.runner_run.device_wall.graph_build ts=1480 dur=2431560 clk=dev
[mono_ns=7257872812282303][T0xec111cb9b020][TIMING] emit_host_span: [STRACE] v=1 pid=2792124 tid=2792124 inv=21 hid=2e8e960a9b608ef3 depth=3 name=chip.run.runner_run.device_wall.config_validate ts=1760 dur=1100 clk=dev
[mono_ns=7257872812285433][T0xec111cb9b020][TIMING] emit_host_span: [STRACE] v=1 pid=2792124 tid=2792124 inv=21 hid=2e8e960a9b608ef3 depth=3 name=chip.run.runner_run.device_wall.arena_wire ts=2880 dur=1619 clk=dev
[mono_ns=7257872812289723][T0xec111cb9b020][TIMING] emit_host_span: [STRACE] v=1 pid=2792124 tid=2792124 inv=21 hid=2e8e960a9b608ef3 depth=3 name=chip.run.runner_run.device_wall.sm_reset ts=4520 dur=3080 clk=dev
[mono_ns=7257872812292743][T0xec111cb9b020][TIMING] emit_host_span: [STRACE] v=1 pid=2792124 tid=2792124 inv=21 hid=2e8e960a9b608ef3 depth=3 name=chip.run.runner_run.device_wall.post_orch ts=2433120 dur=10780 clk=dev
[mono_ns=7257872812295733][T0xec111cb9b020][TIMING] emit_host_span: [STRACE] v=1 pid=2792124 tid=2792124 inv=21 hid=2e8e960a9b608ef3 depth=3 name=chip.run.runner_run.device_wall.orch ts=8100 dur=8559 clk=dev
[mono_ns=7257872812298773][T0xec111cb9b020][TIMING] emit_host_span: [STRACE] v=1 pid=2792124 tid=2792124 inv=21 hid=2e8e960a9b608ef3 depth=3 name=chip.run.runner_run.device_wall.sched ts=7760 dur=2417740 clk=dev
[mono_ns=7257872812317383][T0xec111cb9b020][TIMING] emit_host_span: [STRACE] v=1 pid=2792124 tid=2792124 inv=21 hid=2e8e960a9b608ef3 depth=1 name=chip.run.claim_release ts=7257872812314643 dur=490 
[mono_ns=7257872812322733][T0xec111cb9b020][TIMING] emit_host_span: [STRACE] v=1 pid=2792124 tid=2792124 inv=21 hid=2e8e960a9b608ef3 depth=0 name=chip.run ts=7257872707231299 dur=105089424 run_id=21 dispatch_id=21 slot_id=0 generation=21 run_epoch=21
[mono_ns=7257872821293567][T0xec111cb9b020][TIMING] emit_host_span: [STRACE] v=1 pid=2792124 tid=2792124 inv=22 hid=2e8e960a9b608ef3 depth=2 name=chip.run.bind.args ts=7257872821075135 dur=212882 
[mono_ns=7257872821309027][T0xec111cb9b020][TIMING] emit_host_span: [STRACE] v=1 pid=2792124 tid=2792124 inv=22 hid=2e8e960a9b608ef3 depth=2 name=chip.run.bind.prebuilt ts=7257872821303627 dur=3230 
[mono_ns=7257872821312977][T0xec111cb9b020][TIMING] emit_host_span: [STRACE] v=1 pid=2792124 tid=2792124 inv=22 hid=2e8e960a9b608ef3 depth=1 name=chip.run.bind ts=7257872821066565 dur=244332 
[mono_ns=7257872824758170][T0xec0fda800ca0][WARN] copy_aicore_buffer: [chip_swimlane_collector.cpp:689] Core 0: skipped 1024 AICore record slot(s) with start_time=0 (race-window write or recycled-buffer tail). buf seq=0 count=1024
[mono_ns=7257872824762340][T0xec0fbff0aca0][WARN] copy_aicore_buffer: [chip_swimlane_collector.cpp:689] Core 2: skipped 1024 AICore record slot(s) with start_time=0 (race-window write or recycled-buffer tail). buf seq=0 count=1024
[mono_ns=7257872824766790][T0xec0fd8d6aca0][WARN] copy_aicore_buffer: [chip_swimlane_collector.cpp:689] Core 1: skipped 1024 AICore record slot(s) with start_time=0 (race-window write or recycled-buffer tail). buf seq=0 count=1024
[mono_ns=7257872825093123][T0xec0fda800ca0][WARN] copy_aicore_buffer: [chip_swimlane_collector.cpp:689] Core 24: skipped 1023 AICore record slot(s) with start_time=0 (race-window write or recycled-buffer tail). buf seq=0 count=1024
[mono_ns=7257872825096993][T0xec0fbff0aca0][WARN] copy_aicore_buffer: [chip_swimlane_collector.cpp:689] Core 28: skipped 1023 AICore record slot(s) with start_time=0 (race-window write or recycled-buffer tail). buf seq=0 count=1024
[mono_ns=7257872825139533][T0xec0fd8d6aca0][WARN] copy_aicore_buffer: [chip_swimlane_collector.cpp:689] Core 26: skipped 1023 AICore record slot(s) with start_time=0 (race-window write or recycled-buffer tail). buf seq=0 count=1024
[mono_ns=7257872825407416][T0xec0fda800ca0][WARN] copy_aicore_buffer: [chip_swimlane_collector.cpp:689] Core 25: skipped 1024 AICore record slot(s) with start_time=0 (race-window write or recycled-buffer tail). buf seq=0 count=1024
[mono_ns=7257872825411246][T0xec0fbff0aca0][WARN] copy_aicore_buffer: [chip_swimlane_collector.cpp:689] Core 29: skipped 1024 AICore record slot(s) with start_time=0 (race-window write or recycled-buffer tail). buf seq=0 count=1024
[mono_ns=7257872825472986][T0xec0fd8d6aca0][WARN] copy_aicore_buffer: [chip_swimlane_collector.cpp:689] Core 27: skipped 1024 AICore record slot(s) with start_time=0 (race-window write or recycled-buffer tail). buf seq=0 count=1024
[mono_ns=7257872825720089][T0xec0fda800ca0][WARN] copy_aicore_buffer: [chip_swimlane_collector.cpp:689] Core 3: skipped 1024 AICore record slot(s) with start_time=0 (race-window write or recycled-buffer tail). buf seq=0 count=1024
[mono_ns=7257872825725879][T0xec0fbff0aca0][WARN] copy_aicore_buffer: [chip_swimlane_collector.cpp:689] Core 5: skipped 1024 AICore record slot(s) with start_time=0 (race-window write or recycled-buffer tail). buf seq=0 count=1024
[mono_ns=7257872825799719][T0xec0fd8d6aca0][WARN] copy_aicore_buffer: [chip_swimlane_collector.cpp:689] Core 4: skipped 1024 AICore record slot(s) with start_time=0 (race-window write or recycled-buffer tail). buf seq=0 count=1024
[mono_ns=7257872826059512][T0xec0fbff0aca0][WARN] copy_aicore_buffer: [chip_swimlane_collector.cpp:689] Core 34: skipped 1024 AICore record slot(s) with start_time=0 (race-window write or recycled-buffer tail). buf seq=0 count=1024
[mono_ns=7257872826135502][T0xec0fd8d6aca0][WARN] copy_aicore_buffer: [chip_swimlane_collector.cpp:689] Core 32: skipped 1024 AICore record slot(s) with start_time=0 (race-window write or recycled-buffer tail). buf seq=0 count=1024
[mono_ns=7257872826145973][T0xec0fda800ca0][WARN] copy_aicore_buffer: [chip_swimlane_collector.cpp:689] Core 30: skipped 1024 AICore record slot(s) with start_time=0 (race-window write or recycled-buffer tail). buf seq=0 count=1024
[mono_ns=7257872826375235][T0xec0fbff0aca0][WARN] copy_aicore_buffer: [chip_swimlane_collector.cpp:689] Core 35: skipped 1023 AICore record slot(s) with start_time=0 (race-window write or recycled-buffer tail). buf seq=0 count=1024
[mono_ns=7257872826464235][T0xec0fd8d6aca0][WARN] copy_aicore_buffer: [chip_swimlane_collector.cpp:689] Core 33: skipped 1023 AICore record slot(s) with start_time=0 (race-window write or recycled-buffer tail). buf seq=0 count=1024
[mono_ns=7257872826473856][T0xec0fda800ca0][WARN] copy_aicore_buffer: [chip_swimlane_collector.cpp:689] Core 31: skipped 1023 AICore record slot(s) with start_time=0 (race-window write or recycled-buffer tail). buf seq=0 count=1024
[mono_ns=7257872826690218][T0xec0fbff0aca0][WARN] copy_aicore_buffer: [chip_swimlane_collector.cpp:689] Core 8: skipped 1024 AICore record slot(s) with start_time=0 (race-window write or recycled-buffer tail). buf seq=0 count=1024
[mono_ns=7257872826790609][T0xec0fd8d6aca0][WARN] copy_aicore_buffer: [chip_swimlane_collector.cpp:689] Core 7: skipped 1024 AICore record slot(s) with start_time=0 (race-window write or recycled-buffer tail). buf seq=0 count=1024
[mono_ns=7257872826852009][T0xec0fda800ca0][WARN] copy_aicore_buffer: [chip_swimlane_collector.cpp:689] Core 6: skipped 1024 AICore record slot(s) with start_time=0 (race-window write or recycled-buffer tail). buf seq=0 count=1024
[mono_ns=7257872827012631][T0xec0fbff0aca0][WARN] copy_aicore_buffer: [chip_swimlane_collector.cpp:689] Core 40: skipped 1024 AICore record slot(s) with start_time=0 (race-window write or recycled-buffer tail). buf seq=0 count=1024
[mono_ns=7257872827122932][T0xec0fd8d6aca0][WARN] copy_aicore_buffer: [chip_swimlane_collector.cpp:689] Core 38: skipped 1024 AICore record slot(s) with start_time=0 (race-window write or recycled-buffer tail). buf seq=0 count=1024
[mono_ns=7257872827192342][T0xec0fda800ca0][WARN] copy_aicore_buffer: [chip_swimlane_collector.cpp:689] Core 36: skipped 1024 AICore record slot(s) with start_time=0 (race-window write or recycled-buffer tail). buf seq=0 count=1024
[mono_ns=7257872827327144][T0xec0fbff0aca0][WARN] copy_aicore_buffer: [chip_swimlane_collector.cpp:689] Core 41: skipped 1024 AICore record slot(s) with start_time=0 (race-window write or recycled-buffer tail). buf seq=0 count=1024
[mono_ns=7257872827447425][T0xec0fd8d6aca0][WARN] copy_aicore_buffer: [chip_swimlane_collector.cpp:689] Core 39: skipped 1024 AICore record slot(s) with start_time=0 (race-window write or recycled-buffer tail). buf seq=0 count=1024
[mono_ns=7257872827517805][T0xec0fda800ca0][WARN] copy_aicore_buffer: [chip_swimlane_collector.cpp:689] Core 37: skipped 1024 AICore record slot(s) with start_time=0 (race-window write or recycled-buffer tail). buf seq=0 count=1024
[mono_ns=7257872827640356][T0xec0fbff0aca0][WARN] copy_aicore_buffer: [chip_swimlane_collector.cpp:689] Core 11: skipped 1024 AICore record slot(s) with start_time=0 (race-window write or recycled-buffer tail). buf seq=0 count=1024
[mono_ns=7257872827787398][T0xec0fd8d6aca0][WARN] copy_aicore_buffer: [chip_swimlane_collector.cpp:689] Core 10: skipped 1024 AICore record slot(s) with start_time=0 (race-window write or recycled-buffer tail). buf seq=0 count=1024
[mono_ns=7257872827842658][T0xec0fda800ca0][WARN] copy_aicore_buffer: [chip_swimlane_collector.cpp:689] Core 9: skipped 1024 AICore record slot(s) with start_time=0 (race-window write or recycled-buffer tail). buf seq=0 count=1024
[mono_ns=7257872827954469][T0xec0fbff0aca0][WARN] copy_aicore_buffer: [chip_swimlane_collector.cpp:689] Core 46: skipped 1024 AICore record slot(s) with start_time=0 (race-window write or recycled-buffer tail). buf seq=0 count=1024
[mono_ns=7257872828136121][T0xec0fd8d6aca0][WARN] copy_aicore_buffer: [chip_swimlane_collector.cpp:689] Core 44: skipped 1024 AICore record slot(s) with start_time=0 (race-window write or recycled-buffer tail). buf seq=0 count=1024
[mono_ns=7257872828179882][T0xec0fda800ca0][WARN] copy_aicore_buffer: [chip_swimlane_collector.cpp:689] Core 42: skipped 1024 AICore record slot(s) with start_time=0 (race-window write or recycled-buffer tail). buf seq=0 count=1024
[mono_ns=7257872828278152][T0xec0fbff0aca0][WARN] copy_aicore_buffer: [chip_swimlane_collector.cpp:689] Core 47: skipped 1024 AICore record slot(s) with start_time=0 (race-window write or recycled-buffer tail). buf seq=0 count=1024
[mono_ns=7257872828463984][T0xec0fd8d6aca0][WARN] copy_aicore_buffer: [chip_swimlane_collector.cpp:689] Core 45: skipped 1024 AICore record slot(s) with start_time=0 (race-window write or recycled-buffer tail). buf seq=0 count=1024
[mono_ns=7257872828506735][T0xec0fda800ca0][WARN] copy_aicore_buffer: [chip_swimlane_collector.cpp:689] Core 43: skipped 1024 AICore record slot(s) with start_time=0 (race-window write or recycled-buffer tail). buf seq=0 count=1024
[mono_ns=7257872828603406][T0xec0fbff0aca0][WARN] copy_aicore_buffer: [chip_swimlane_collector.cpp:689] Core 14: skipped 1024 AICore record slot(s) with start_time=0 (race-window write or recycled-buffer tail). buf seq=0 count=1024
[mono_ns=7257872828793017][T0xec0fd8d6aca0][WARN] copy_aicore_buffer: [chip_swimlane_collector.cpp:689] Core 13: skipped 1024 AICore record slot(s) with start_time=0 (race-window write or recycled-buffer tail). buf seq=0 count=1024
[mono_ns=7257872828832948][T0xec0fda800ca0][WARN] copy_aicore_buffer: [chip_swimlane_collector.cpp:689] Core 12: skipped 1024 AICore record slot(s) with start_time=0 (race-window write or recycled-buffer tail). buf seq=0 count=1024
[mono_ns=7257872828918008][T0xec0fbff0aca0][WARN] copy_aicore_buffer: [chip_swimlane_collector.cpp:689] Core 52: skipped 1024 AICore record slot(s) with start_time=0 (race-window write or recycled-buffer tail). buf seq=0 count=1024
[mono_ns=7257872829130620][T0xec0fd8d6aca0][WARN] copy_aicore_buffer: [chip_swimlane_collector.cpp:689] Core 50: skipped 1024 AICore record slot(s) with start_time=0 (race-window write or recycled-buffer tail). buf seq=0 count=1024
[mono_ns=7257872829170231][T0xec0fda800ca0][WARN] copy_aicore_buffer: [chip_swimlane_collector.cpp:689] Core 48: skipped 1024 AICore record slot(s) with start_time=0 (race-window write or recycled-buffer tail). buf seq=0 count=1024
[mono_ns=7257872829239581][T0xec0fbff0aca0][WARN] copy_aicore_buffer: [chip_swimlane_collector.cpp:689] Core 53: skipped 1024 AICore record slot(s) with start_time=0 (race-window write or recycled-buffer tail). buf seq=0 count=1024
[mono_ns=7257872829492564][T0xec0fda800ca0][WARN] copy_aicore_buffer: [chip_swimlane_collector.cpp:689] Core 49: skipped 1024 AICore record slot(s) with start_time=0 (race-window write or recycled-buffer tail). buf seq=0 count=1024
[mono_ns=7257872829493594][T0xec0fd8d6aca0][WARN] copy_aicore_buffer: [chip_swimlane_collector.cpp:689] Core 51: skipped 1024 AICore record slot(s) with start_time=0 (race-window write or recycled-buffer tail). buf seq=0 count=1024
[mono_ns=7257872829555024][T0xec0fbff0aca0][WARN] copy_aicore_buffer: [chip_swimlane_collector.cpp:689] Core 17: skipped 1024 AICore record slot(s) with start_time=0 (race-window write or recycled-buffer tail). buf seq=0 count=1024
[mono_ns=7257872829816497][T0xec0fd8d6aca0][WARN] copy_aicore_buffer: [chip_swimlane_collector.cpp:689] Core 16: skipped 1024 AICore record slot(s) with start_time=0 (race-window write or recycled-buffer tail). buf seq=0 count=1024
[mono_ns=7257872829817367][T0xec0fda800ca0][WARN] copy_aicore_buffer: [chip_swimlane_collector.cpp:689] Core 15: skipped 1024 AICore record slot(s) with start_time=0 (race-window write or recycled-buffer tail). buf seq=0 count=1024
[mono_ns=7257872829868457][T0xec0fbff0aca0][WARN] copy_aicore_buffer: [chip_swimlane_collector.cpp:689] Core 58: skipped 1024 AICore record slot(s) with start_time=0 (race-window write or recycled-buffer tail). buf seq=0 count=1024
[mono_ns=7257872830148060][T0xec0fda800ca0][WARN] copy_aicore_buffer: [chip_swimlane_collector.cpp:689] Core 54: skipped 1024 AICore record slot(s) with start_time=0 (race-window write or recycled-buffer tail). buf seq=0 count=1024
[mono_ns=7257872830150620][T0xec0fd8d6aca0][WARN] copy_aicore_buffer: [chip_swimlane_collector.cpp:689] Core 56: skipped 1024 AICore record slot(s) with start_time=0 (race-window write or recycled-buffer tail). buf seq=0 count=1024
[mono_ns=7257872830229181][T0xec0fbff0aca0][WARN] copy_aicore_buffer: [chip_swimlane_collector.cpp:689] Core 59: skipped 1024 AICore record slot(s) with start_time=0 (race-window write or recycled-buffer tail). buf seq=0 count=1024
[mono_ns=7257872830473673][T0xec0fd8d6aca0][WARN] copy_aicore_buffer: [chip_swimlane_collector.cpp:689] Core 57: skipped 1024 AICore record slot(s) with start_time=0 (race-window write or recycled-buffer tail). buf seq=0 count=1024
[mono_ns=7257872830474383][T0xec0fda800ca0][WARN] copy_aicore_buffer: [chip_swimlane_collector.cpp:689] Core 55: skipped 1024 AICore record slot(s) with start_time=0 (race-window write or recycled-buffer tail). buf seq=0 count=1024
[mono_ns=7257872830544484][T0xec0fbff0aca0][WARN] copy_aicore_buffer: [chip_swimlane_collector.cpp:689] Core 20: skipped 1024 AICore record slot(s) with start_time=0 (race-window write or recycled-buffer tail). buf seq=0 count=1024
[mono_ns=7257872830798636][T0xec0fda800ca0][WARN] copy_aicore_buffer: [chip_swimlane_collector.cpp:689] Core 18: skipped 1024 AICore record slot(s) with start_time=0 (race-window write or recycled-buffer tail). buf seq=0 count=1024
[mono_ns=7257872830799996][T0xec0fd8d6aca0][WARN] copy_aicore_buffer: [chip_swimlane_collector.cpp:689] Core 19: skipped 1024 AICore record slot(s) with start_time=0 (race-window write or recycled-buffer tail). buf seq=0 count=1024
[mono_ns=7257872830859267][T0xec0fbff0aca0][WARN] copy_aicore_buffer: [chip_swimlane_collector.cpp:689] Core 64: skipped 1024 AICore record slot(s) with start_time=0 (race-window write or recycled-buffer tail). buf seq=0 count=1024
[mono_ns=7257872831136099][T0xec0fda800ca0][WARN] copy_aicore_buffer: [chip_swimlane_collector.cpp:689] Core 60: skipped 1024 AICore record slot(s) with start_time=0 (race-window write or recycled-buffer tail). buf seq=0 count=1024
[mono_ns=7257872831166810][T0xec0fd8d6aca0][WARN] copy_aicore_buffer: [chip_swimlane_collector.cpp:689] Core 62: skipped 1024 AICore record slot(s) with start_time=0 (race-window write or recycled-buffer tail). buf seq=0 count=1024
[mono_ns=7257872831179690][T0xec0fbff0aca0][WARN] copy_aicore_buffer: [chip_swimlane_collector.cpp:689] Core 65: skipped 1024 AICore record slot(s) with start_time=0 (race-window write or recycled-buffer tail). buf seq=0 count=1024
[mono_ns=7257872831462002][T0xec0fda800ca0][WARN] copy_aicore_buffer: [chip_swimlane_collector.cpp:689] Core 61: skipped 1024 AICore record slot(s) with start_time=0 (race-window write or recycled-buffer tail). buf seq=0 count=1024
[mono_ns=7257872831491933][T0xec0fbff0aca0][WARN] copy_aicore_buffer: [chip_swimlane_collector.cpp:689] Core 23: skipped 1024 AICore record slot(s) with start_time=0 (race-window write or recycled-buffer tail). buf seq=0 count=1024
[mono_ns=7257872831492663][T0xec0fd8d6aca0][WARN] copy_aicore_buffer: [chip_swimlane_collector.cpp:689] Core 63: skipped 1024 AICore record slot(s) with start_time=0 (race-window write or recycled-buffer tail). buf seq=0 count=1024
[mono_ns=7257872831787255][T0xec0fda800ca0][WARN] copy_aicore_buffer: [chip_swimlane_collector.cpp:689] Core 21: skipped 1024 AICore record slot(s) with start_time=0 (race-window write or recycled-buffer tail). buf seq=0 count=1024
[mono_ns=7257872831806086][T0xec0fbff0aca0][WARN] copy_aicore_buffer: [chip_swimlane_collector.cpp:689] Core 70: skipped 1024 AICore record slot(s) with start_time=0 (race-window write or recycled-buffer tail). buf seq=0 count=1024
[mono_ns=7257872831816636][T0xec0fd8d6aca0][WARN] copy_aicore_buffer: [chip_swimlane_collector.cpp:689] Core 22: skipped 1024 AICore record slot(s) with start_time=0 (race-window write or recycled-buffer tail). buf seq=0 count=1024
[mono_ns=7257872832125499][T0xec0fbff0aca0][WARN] copy_aicore_buffer: [chip_swimlane_collector.cpp:689] Core 71: skipped 1024 AICore record slot(s) with start_time=0 (race-window write or recycled-buffer tail). buf seq=0 count=1024
[mono_ns=7257872832131309][T0xec0fda800ca0][WARN] copy_aicore_buffer: [chip_swimlane_collector.cpp:689] Core 66: skipped 1024 AICore record slot(s) with start_time=0 (race-window write or recycled-buffer tail). buf seq=0 count=1024
[mono_ns=7257872832145659][T0xec0fd8d6aca0][WARN] copy_aicore_buffer: [chip_swimlane_collector.cpp:689] Core 68: skipped 1024 AICore record slot(s) with start_time=0 (race-window write or recycled-buffer tail). buf seq=0 count=1024
[mono_ns=7257872832454042][T0xec0fda800ca0][WARN] copy_aicore_buffer: [chip_swimlane_collector.cpp:689] Core 67: skipped 1024 AICore record slot(s) with start_time=0 (race-window write or recycled-buffer tail). buf seq=0 count=1024
[mono_ns=7257872832467512][T0xec0fd8d6aca0][WARN] copy_aicore_buffer: [chip_swimlane_collector.cpp:689] Core 69: skipped 1024 AICore record slot(s) with start_time=0 (race-window write or recycled-buffer tail). buf seq=0 count=1024
[mono_ns=7257872932849112][T0xec111cb9b020][TIMING] emit_host_span: [STRACE] v=1 pid=2792124 tid=2792124 inv=22 hid=2e8e960a9b608ef3 depth=1 name=chip.run.runner_run ts=7257872821562640 dur=111279652 
[mono_ns=7257872933046424][T0xec111cb9b020][TIMING] emit_host_span: [STRACE] v=1 pid=2792124 tid=2792124 inv=22 hid=2e8e960a9b608ef3 depth=1 name=chip.run.validate ts=7257872932862452 dur=179692 
[mono_ns=7257872933054064][T0xec111cb9b020][TIMING] emit_host_span: [STRACE] v=1 pid=2792124 tid=2792124 inv=22 hid=2e8e960a9b608ef3 depth=2 name=chip.run.runner_run.device_wall ts=0 dur=2741500 clk=dev
[mono_ns=7257872933058174][T0xec111cb9b020][TIMING] emit_host_span: [STRACE] v=1 pid=2792124 tid=2792124 inv=22 hid=2e8e960a9b608ef3 depth=3 name=chip.run.runner_run.device_wall.preamble ts=0 dur=621520 clk=dev
[mono_ns=7257872933061584][T0xec111cb9b020][TIMING] emit_host_span: [STRACE] v=1 pid=2792124 tid=2792124 inv=22 hid=2e8e960a9b608ef3 depth=3 name=chip.run.runner_run.device_wall.graph_build ts=617660 dur=2112880 clk=dev
[mono_ns=7257872933065524][T0xec111cb9b020][TIMING] emit_host_span: [STRACE] v=1 pid=2792124 tid=2792124 inv=22 hid=2e8e960a9b608ef3 depth=3 name=chip.run.runner_run.device_wall.config_validate ts=617780 dur=740 clk=dev
[mono_ns=7257872933068534][T0xec111cb9b020][TIMING] emit_host_span: [STRACE] v=1 pid=2792124 tid=2792124 inv=22 hid=2e8e960a9b608ef3 depth=3 name=chip.run.runner_run.device_wall.arena_wire ts=618540 dur=500 clk=dev
[mono_ns=7257872933071424][T0xec111cb9b020][TIMING] emit_host_span: [STRACE] v=1 pid=2792124 tid=2792124 inv=22 hid=2e8e960a9b608ef3 depth=3 name=chip.run.runner_run.device_wall.sm_reset ts=619060 dur=2719 clk=dev
[mono_ns=7257872933103334][T0xec111cb9b020][TIMING] emit_host_span: [STRACE] v=1 pid=2792124 tid=2792124 inv=22 hid=2e8e960a9b608ef3 depth=3 name=chip.run.runner_run.device_wall.post_orch ts=2730600 dur=10760 clk=dev
[mono_ns=7257872933106254][T0xec111cb9b020][TIMING] emit_host_span: [STRACE] v=1 pid=2792124 tid=2792124 inv=22 hid=2e8e960a9b608ef3 depth=3 name=chip.run.runner_run.device_wall.orch ts=621820 dur=3440 clk=dev
[mono_ns=7257872933109304][T0xec111cb9b020][TIMING] emit_host_span: [STRACE] v=1 pid=2792124 tid=2792124 inv=22 hid=2e8e960a9b608ef3 depth=3 name=chip.run.runner_run.device_wall.sched ts=621959 dur=2091100 clk=dev
[mono_ns=7257872933113304][T0xec111cb9b020][TIMING] emit_host_span: [STRACE] v=1 pid=2792124 tid=2792124 inv=22 hid=2e8e960a9b608ef3 depth=1 name=chip.run.claim_release ts=7257872933111204 dur=300 
[mono_ns=7257872933117535][T0xec111cb9b020][TIMING] emit_host_span: [STRACE] v=1 pid=2792124 tid=2792124 inv=22 hid=2e8e960a9b608ef3 depth=0 name=chip.run ts=7257872821036005 dur=112079509 run_id=22 dispatch_id=22 slot_id=0 generation=22 run_epoch=22
