[mono_ns=7317205235833813][T0xe367b203b020][TIMING] emit_host_span: [STRACE] v=1 pid=1247062 tid=1247062 inv=1 hid=616cd77dfbea7d73 depth=2 name=chip.run.bind.args ts=7317205233232027 dur=2594516 
[mono_ns=7317205235856083][T0xe367b203b020][TIMING] emit_host_span: [STRACE] v=1 pid=1247062 tid=1247062 inv=1 hid=616cd77dfbea7d73 depth=2 name=chip.run.bind.prebuilt ts=7317205235848013 dur=5530 
[mono_ns=7317205235861823][T0xe367b203b020][TIMING] emit_host_span: [STRACE] v=1 pid=1247062 tid=1247062 inv=1 hid=616cd77dfbea7d73 depth=1 name=chip.run.bind ts=7317205233120247 dur=2739166 
[mono_ns=7317205352141657][T0xe367b203b020][TIMING] emit_host_span: [STRACE] v=1 pid=1247062 tid=1247062 inv=1 hid=616cd77dfbea7d73 depth=1 name=chip.run.runner_run ts=7317205236944046 dur=115187841 
[mono_ns=7317205355215884][T0xe367b203b020][TIMING] emit_host_span: [STRACE] v=1 pid=1247062 tid=1247062 inv=1 hid=616cd77dfbea7d73 depth=1 name=chip.run.validate ts=7317205352157717 dur=3052407 
[mono_ns=7317205355230564][T0xe367b203b020][TIMING] emit_host_span: [STRACE] v=1 pid=1247062 tid=1247062 inv=1 hid=616cd77dfbea7d73 depth=2 name=chip.run.runner_run.device_wall ts=0 dur=4931920 clk=dev
[mono_ns=7317205355235664][T0xe367b203b020][TIMING] emit_host_span: [STRACE] v=1 pid=1247062 tid=1247062 inv=1 hid=616cd77dfbea7d73 depth=3 name=chip.run.runner_run.device_wall.preamble ts=0 dur=164380 clk=dev
[mono_ns=7317205355241324][T0xe367b203b020][TIMING] emit_host_span: [STRACE] v=1 pid=1247062 tid=1247062 inv=1 hid=616cd77dfbea7d73 depth=3 name=chip.run.runner_run.device_wall.graph_build ts=39580 dur=4873599 clk=dev
[mono_ns=7317205355244994][T0xe367b203b020][TIMING] emit_host_span: [STRACE] v=1 pid=1247062 tid=1247062 inv=1 hid=616cd77dfbea7d73 depth=3 name=chip.run.runner_run.device_wall.config_validate ts=43400 dur=2820 clk=dev
[mono_ns=7317205355248364][T0xe367b203b020][TIMING] emit_host_span: [STRACE] v=1 pid=1247062 tid=1247062 inv=1 hid=616cd77dfbea7d73 depth=3 name=chip.run.runner_run.device_wall.arena_wire ts=46260 dur=11160 clk=dev
[mono_ns=7317205355251604][T0xe367b203b020][TIMING] emit_host_span: [STRACE] v=1 pid=1247062 tid=1247062 inv=1 hid=616cd77dfbea7d73 depth=3 name=chip.run.runner_run.device_wall.sm_reset ts=57440 dur=17920 clk=dev
[mono_ns=7317205355256904][T0xe367b203b020][TIMING] emit_host_span: [STRACE] v=1 pid=1247062 tid=1247062 inv=1 hid=616cd77dfbea7d73 depth=3 name=chip.run.runner_run.device_wall.post_orch ts=4913240 dur=14840 clk=dev
[mono_ns=7317205355261544][T0xe367b203b020][TIMING] emit_host_span: [STRACE] v=1 pid=1247062 tid=1247062 inv=1 hid=616cd77dfbea7d73 depth=3 name=chip.run.runner_run.device_wall.orch ts=80880 dur=46220 clk=dev
[mono_ns=7317205355265024][T0xe367b203b020][TIMING] emit_host_span: [STRACE] v=1 pid=1247062 tid=1247062 inv=1 hid=616cd77dfbea7d73 depth=3 name=chip.run.runner_run.device_wall.sched ts=166140 dur=4725960 clk=dev
[mono_ns=7317205355271744][T0xe367b203b020][TIMING] emit_host_span: [STRACE] v=1 pid=1247062 tid=1247062 inv=1 hid=616cd77dfbea7d73 depth=1 name=chip.run.claim_release ts=7317205355269224 dur=730 
[mono_ns=7317205355278484][T0xe367b203b020][TIMING] emit_host_span: [STRACE] v=1 pid=1247062 tid=1247062 inv=1 hid=616cd77dfbea7d73 depth=0 name=chip.run ts=7317205233075037 dur=122201407 run_id=1 dispatch_id=1 slot_id=0 generation=1 run_epoch=1
[mono_ns=7317205364203316][T0xe367b203b020][TIMING] emit_host_span: [STRACE] v=1 pid=1247062 tid=1247062 inv=2 hid=616cd77dfbea7d73 depth=2 name=chip.run.bind.args ts=7317205361994851 dur=2202915 
[mono_ns=7317205364222556][T0xe367b203b020][TIMING] emit_host_span: [STRACE] v=1 pid=1247062 tid=1247062 inv=2 hid=616cd77dfbea7d73 depth=2 name=chip.run.bind.prebuilt ts=7317205364215856 dur=4290 
[mono_ns=7317205364228186][T0xe367b203b020][TIMING] emit_host_span: [STRACE] v=1 pid=1247062 tid=1247062 inv=2 hid=616cd77dfbea7d73 depth=1 name=chip.run.bind ts=7317205361985381 dur=2240405 
[mono_ns=7317205440954963][T0xe36654fabca0][WARN] copy_aicore_buffer: [chip_swimlane_collector.cpp:689] Core 2: skipped 1024 AICore record slot(s) with start_time=0 (race-window write or recycled-buffer tail). buf seq=0 count=1024
[mono_ns=7317205440973223][T0xe36655fcbca0][WARN] copy_aicore_buffer: [chip_swimlane_collector.cpp:689] Core 0: skipped 1024 AICore record slot(s) with start_time=0 (race-window write or recycled-buffer tail). buf seq=0 count=1024
[mono_ns=7317205440987963][T0xe366557bbca0][WARN] copy_aicore_buffer: [chip_swimlane_collector.cpp:689] Core 1: skipped 1024 AICore record slot(s) with start_time=0 (race-window write or recycled-buffer tail). buf seq=0 count=1024
[mono_ns=7317205441312514][T0xe36655fcbca0][WARN] copy_aicore_buffer: [chip_swimlane_collector.cpp:689] Core 24: skipped 1024 AICore record slot(s) with start_time=0 (race-window write or recycled-buffer tail). buf seq=0 count=1024
[mono_ns=7317205441331934][T0xe366557bbca0][WARN] copy_aicore_buffer: [chip_swimlane_collector.cpp:689] Core 26: skipped 1021 AICore record slot(s) with start_time=0 (race-window write or recycled-buffer tail). buf seq=0 count=1024
[mono_ns=7317205441370124][T0xe36654fabca0][WARN] copy_aicore_buffer: [chip_swimlane_collector.cpp:689] Core 28: skipped 1024 AICore record slot(s) with start_time=0 (race-window write or recycled-buffer tail). buf seq=0 count=1024
[mono_ns=7317205441633975][T0xe36655fcbca0][WARN] copy_aicore_buffer: [chip_swimlane_collector.cpp:689] Core 25: skipped 1024 AICore record slot(s) with start_time=0 (race-window write or recycled-buffer tail). buf seq=0 count=1024
[mono_ns=7317205441648125][T0xe366557bbca0][WARN] copy_aicore_buffer: [chip_swimlane_collector.cpp:689] Core 27: skipped 1024 AICore record slot(s) with start_time=0 (race-window write or recycled-buffer tail). buf seq=0 count=1024
[mono_ns=7317205441692145][T0xe36654fabca0][WARN] copy_aicore_buffer: [chip_swimlane_collector.cpp:689] Core 29: skipped 1024 AICore record slot(s) with start_time=0 (race-window write or recycled-buffer tail). buf seq=0 count=1024
[mono_ns=7317205442062436][T0xe36654fabca0][WARN] copy_aicore_buffer: [chip_swimlane_collector.cpp:689] Core 5: skipped 1024 AICore record slot(s) with start_time=0 (race-window write or recycled-buffer tail). buf seq=0 count=1024
[mono_ns=7317205442062306][T0xe366557bbca0][WARN] copy_aicore_buffer: [chip_swimlane_collector.cpp:689] Core 4: skipped 1024 AICore record slot(s) with start_time=0 (race-window write or recycled-buffer tail). buf seq=0 count=1024
[mono_ns=7317205442071286][T0xe36655fcbca0][WARN] copy_aicore_buffer: [chip_swimlane_collector.cpp:689] Core 3: skipped 1024 AICore record slot(s) with start_time=0 (race-window write or recycled-buffer tail). buf seq=0 count=1024
[mono_ns=7317205442384007][T0xe366557bbca0][WARN] copy_aicore_buffer: [chip_swimlane_collector.cpp:689] Core 32: skipped 1024 AICore record slot(s) with start_time=0 (race-window write or recycled-buffer tail). buf seq=0 count=1024
[mono_ns=7317205442397357][T0xe36654fabca0][WARN] copy_aicore_buffer: [chip_swimlane_collector.cpp:689] Core 34: skipped 1024 AICore record slot(s) with start_time=0 (race-window write or recycled-buffer tail). buf seq=0 count=1024
[mono_ns=7317205442406897][T0xe36655fcbca0][WARN] copy_aicore_buffer: [chip_swimlane_collector.cpp:689] Core 30: skipped 1024 AICore record slot(s) with start_time=0 (race-window write or recycled-buffer tail). buf seq=0 count=1024
[mono_ns=7317205442710048][T0xe366557bbca0][WARN] copy_aicore_buffer: [chip_swimlane_collector.cpp:689] Core 33: skipped 1024 AICore record slot(s) with start_time=0 (race-window write or recycled-buffer tail). buf seq=0 count=1024
[mono_ns=7317205442719568][T0xe36654fabca0][WARN] copy_aicore_buffer: [chip_swimlane_collector.cpp:689] Core 35: skipped 1024 AICore record slot(s) with start_time=0 (race-window write or recycled-buffer tail). buf seq=0 count=1024
[mono_ns=7317205442727778][T0xe36655fcbca0][WARN] copy_aicore_buffer: [chip_swimlane_collector.cpp:689] Core 31: skipped 1024 AICore record slot(s) with start_time=0 (race-window write or recycled-buffer tail). buf seq=0 count=1024
[mono_ns=7317205443042548][T0xe366557bbca0][WARN] copy_aicore_buffer: [chip_swimlane_collector.cpp:689] Core 7: skipped 1024 AICore record slot(s) with start_time=0 (race-window write or recycled-buffer tail). buf seq=0 count=1024
[mono_ns=7317205443050038][T0xe36654fabca0][WARN] copy_aicore_buffer: [chip_swimlane_collector.cpp:689] Core 8: skipped 1024 AICore record slot(s) with start_time=0 (race-window write or recycled-buffer tail). buf seq=0 count=1024
[mono_ns=7317205443057258][T0xe36655fcbca0][WARN] copy_aicore_buffer: [chip_swimlane_collector.cpp:689] Core 6: skipped 1024 AICore record slot(s) with start_time=0 (race-window write or recycled-buffer tail). buf seq=0 count=1024
[mono_ns=7317205443363329][T0xe366557bbca0][WARN] copy_aicore_buffer: [chip_swimlane_collector.cpp:689] Core 38: skipped 1024 AICore record slot(s) with start_time=0 (race-window write or recycled-buffer tail). buf seq=0 count=1024
[mono_ns=7317205443369349][T0xe36654fabca0][WARN] copy_aicore_buffer: [chip_swimlane_collector.cpp:689] Core 40: skipped 1024 AICore record slot(s) with start_time=0 (race-window write or recycled-buffer tail). buf seq=0 count=1024
[mono_ns=7317205443378859][T0xe36655fcbca0][WARN] copy_aicore_buffer: [chip_swimlane_collector.cpp:689] Core 36: skipped 1024 AICore record slot(s) with start_time=0 (race-window write or recycled-buffer tail). buf seq=0 count=1024
[mono_ns=7317205443685060][T0xe366557bbca0][WARN] copy_aicore_buffer: [chip_swimlane_collector.cpp:689] Core 39: skipped 1024 AICore record slot(s) with start_time=0 (race-window write or recycled-buffer tail). buf seq=0 count=1024
[mono_ns=7317205443690450][T0xe36654fabca0][WARN] copy_aicore_buffer: [chip_swimlane_collector.cpp:689] Core 41: skipped 1024 AICore record slot(s) with start_time=0 (race-window write or recycled-buffer tail). buf seq=0 count=1024
[mono_ns=7317205443698240][T0xe36655fcbca0][WARN] copy_aicore_buffer: [chip_swimlane_collector.cpp:689] Core 37: skipped 1024 AICore record slot(s) with start_time=0 (race-window write or recycled-buffer tail). buf seq=0 count=1024
[mono_ns=7317205444014911][T0xe366557bbca0][WARN] copy_aicore_buffer: [chip_swimlane_collector.cpp:689] Core 10: skipped 1024 AICore record slot(s) with start_time=0 (race-window write or recycled-buffer tail). buf seq=0 count=1024
[mono_ns=7317205444027561][T0xe36654fabca0][WARN] copy_aicore_buffer: [chip_swimlane_collector.cpp:689] Core 11: skipped 1024 AICore record slot(s) with start_time=0 (race-window write or recycled-buffer tail). buf seq=0 count=1024
[mono_ns=7317205444029361][T0xe36655fcbca0][WARN] copy_aicore_buffer: [chip_swimlane_collector.cpp:689] Core 9: skipped 1024 AICore record slot(s) with start_time=0 (race-window write or recycled-buffer tail). buf seq=0 count=1024
[mono_ns=7317205444335022][T0xe366557bbca0][WARN] copy_aicore_buffer: [chip_swimlane_collector.cpp:689] Core 44: skipped 1024 AICore record slot(s) with start_time=0 (race-window write or recycled-buffer tail). buf seq=0 count=1024
[mono_ns=7317205444347542][T0xe36654fabca0][WARN] copy_aicore_buffer: [chip_swimlane_collector.cpp:689] Core 46: skipped 1024 AICore record slot(s) with start_time=0 (race-window write or recycled-buffer tail). buf seq=0 count=1024
[mono_ns=7317205444355362][T0xe36655fcbca0][WARN] copy_aicore_buffer: [chip_swimlane_collector.cpp:689] Core 42: skipped 1024 AICore record slot(s) with start_time=0 (race-window write or recycled-buffer tail). buf seq=0 count=1024
[mono_ns=7317205444657112][T0xe366557bbca0][WARN] copy_aicore_buffer: [chip_swimlane_collector.cpp:689] Core 45: skipped 1024 AICore record slot(s) with start_time=0 (race-window write or recycled-buffer tail). buf seq=0 count=1024
[mono_ns=7317205444667312][T0xe36654fabca0][WARN] copy_aicore_buffer: [chip_swimlane_collector.cpp:689] Core 47: skipped 1024 AICore record slot(s) with start_time=0 (race-window write or recycled-buffer tail). buf seq=0 count=1024
[mono_ns=7317205444673822][T0xe36655fcbca0][WARN] copy_aicore_buffer: [chip_swimlane_collector.cpp:689] Core 43: skipped 1024 AICore record slot(s) with start_time=0 (race-window write or recycled-buffer tail). buf seq=0 count=1024
[mono_ns=7317205444976243][T0xe366557bbca0][WARN] copy_aicore_buffer: [chip_swimlane_collector.cpp:689] Core 13: skipped 1024 AICore record slot(s) with start_time=0 (race-window write or recycled-buffer tail). buf seq=0 count=1024
[mono_ns=7317205444987273][T0xe36654fabca0][WARN] copy_aicore_buffer: [chip_swimlane_collector.cpp:689] Core 14: skipped 1024 AICore record slot(s) with start_time=0 (race-window write or recycled-buffer tail). buf seq=0 count=1024
[mono_ns=7317205444993273][T0xe36655fcbca0][WARN] copy_aicore_buffer: [chip_swimlane_collector.cpp:689] Core 12: skipped 1024 AICore record slot(s) with start_time=0 (race-window write or recycled-buffer tail). buf seq=0 count=1024
[mono_ns=7317205445307144][T0xe366557bbca0][WARN] copy_aicore_buffer: [chip_swimlane_collector.cpp:689] Core 50: skipped 1024 AICore record slot(s) with start_time=0 (race-window write or recycled-buffer tail). buf seq=0 count=1024
[mono_ns=7317205445319924][T0xe36654fabca0][WARN] copy_aicore_buffer: [chip_swimlane_collector.cpp:689] Core 52: skipped 1024 AICore record slot(s) with start_time=0 (race-window write or recycled-buffer tail). buf seq=0 count=1024
[mono_ns=7317205445320764][T0xe36655fcbca0][WARN] copy_aicore_buffer: [chip_swimlane_collector.cpp:689] Core 48: skipped 1024 AICore record slot(s) with start_time=0 (race-window write or recycled-buffer tail). buf seq=0 count=1024
[mono_ns=7317205445627785][T0xe366557bbca0][WARN] copy_aicore_buffer: [chip_swimlane_collector.cpp:689] Core 51: skipped 1024 AICore record slot(s) with start_time=0 (race-window write or recycled-buffer tail). buf seq=0 count=1024
[mono_ns=7317205445640245][T0xe36654fabca0][WARN] copy_aicore_buffer: [chip_swimlane_collector.cpp:689] Core 53: skipped 1024 AICore record slot(s) with start_time=0 (race-window write or recycled-buffer tail). buf seq=0 count=1024
[mono_ns=7317205445649245][T0xe36655fcbca0][WARN] copy_aicore_buffer: [chip_swimlane_collector.cpp:689] Core 49: skipped 1024 AICore record slot(s) with start_time=0 (race-window write or recycled-buffer tail). buf seq=0 count=1024
[mono_ns=7317205445949475][T0xe366557bbca0][WARN] copy_aicore_buffer: [chip_swimlane_collector.cpp:689] Core 16: skipped 1024 AICore record slot(s) with start_time=0 (race-window write or recycled-buffer tail). buf seq=0 count=1024
[mono_ns=7317205445962556][T0xe36654fabca0][WARN] copy_aicore_buffer: [chip_swimlane_collector.cpp:689] Core 17: skipped 1024 AICore record slot(s) with start_time=0 (race-window write or recycled-buffer tail). buf seq=0 count=1024
[mono_ns=7317205445969546][T0xe36655fcbca0][WARN] copy_aicore_buffer: [chip_swimlane_collector.cpp:689] Core 15: skipped 1024 AICore record slot(s) with start_time=0 (race-window write or recycled-buffer tail). buf seq=0 count=1024
[mono_ns=7317205446280886][T0xe366557bbca0][WARN] copy_aicore_buffer: [chip_swimlane_collector.cpp:689] Core 56: skipped 1024 AICore record slot(s) with start_time=0 (race-window write or recycled-buffer tail). buf seq=0 count=1024
[mono_ns=7317205446289006][T0xe36654fabca0][WARN] copy_aicore_buffer: [chip_swimlane_collector.cpp:689] Core 58: skipped 1024 AICore record slot(s) with start_time=0 (race-window write or recycled-buffer tail). buf seq=0 count=1024
[mono_ns=7317205446297116][T0xe36655fcbca0][WARN] copy_aicore_buffer: [chip_swimlane_collector.cpp:689] Core 54: skipped 1024 AICore record slot(s) with start_time=0 (race-window write or recycled-buffer tail). buf seq=0 count=1024
[mono_ns=7317205446601197][T0xe366557bbca0][WARN] copy_aicore_buffer: [chip_swimlane_collector.cpp:689] Core 57: skipped 1024 AICore record slot(s) with start_time=0 (race-window write or recycled-buffer tail). buf seq=0 count=1024
[mono_ns=7317205446610057][T0xe36654fabca0][WARN] copy_aicore_buffer: [chip_swimlane_collector.cpp:689] Core 59: skipped 1024 AICore record slot(s) with start_time=0 (race-window write or recycled-buffer tail). buf seq=0 count=1024
[mono_ns=7317205446615697][T0xe36655fcbca0][WARN] copy_aicore_buffer: [chip_swimlane_collector.cpp:689] Core 55: skipped 1024 AICore record slot(s) with start_time=0 (race-window write or recycled-buffer tail). buf seq=0 count=1024
[mono_ns=7317205446922698][T0xe366557bbca0][WARN] copy_aicore_buffer: [chip_swimlane_collector.cpp:689] Core 19: skipped 1024 AICore record slot(s) with start_time=0 (race-window write or recycled-buffer tail). buf seq=0 count=1024
[mono_ns=7317205446929278][T0xe36654fabca0][WARN] copy_aicore_buffer: [chip_swimlane_collector.cpp:689] Core 20: skipped 1024 AICore record slot(s) with start_time=0 (race-window write or recycled-buffer tail). buf seq=0 count=1024
[mono_ns=7317205446935598][T0xe36655fcbca0][WARN] copy_aicore_buffer: [chip_swimlane_collector.cpp:689] Core 18: skipped 1024 AICore record slot(s) with start_time=0 (race-window write or recycled-buffer tail). buf seq=0 count=1024
[mono_ns=7317205447247949][T0xe366557bbca0][WARN] copy_aicore_buffer: [chip_swimlane_collector.cpp:689] Core 62: skipped 1024 AICore record slot(s) with start_time=0 (race-window write or recycled-buffer tail). buf seq=0 count=1024
[mono_ns=7317205447256019][T0xe36654fabca0][WARN] copy_aicore_buffer: [chip_swimlane_collector.cpp:689] Core 64: skipped 1024 AICore record slot(s) with start_time=0 (race-window write or recycled-buffer tail). buf seq=0 count=1024
[mono_ns=7317205447260219][T0xe36655fcbca0][WARN] copy_aicore_buffer: [chip_swimlane_collector.cpp:689] Core 60: skipped 1024 AICore record slot(s) with start_time=0 (race-window write or recycled-buffer tail). buf seq=0 count=1024
[mono_ns=7317205447572439][T0xe366557bbca0][WARN] copy_aicore_buffer: [chip_swimlane_collector.cpp:689] Core 63: skipped 1024 AICore record slot(s) with start_time=0 (race-window write or recycled-buffer tail). buf seq=0 count=1024
[mono_ns=7317205447577339][T0xe36654fabca0][WARN] copy_aicore_buffer: [chip_swimlane_collector.cpp:689] Core 65: skipped 1024 AICore record slot(s) with start_time=0 (race-window write or recycled-buffer tail). buf seq=0 count=1024
[mono_ns=7317205447581939][T0xe36655fcbca0][WARN] copy_aicore_buffer: [chip_swimlane_collector.cpp:689] Core 61: skipped 1024 AICore record slot(s) with start_time=0 (race-window write or recycled-buffer tail). buf seq=0 count=1024
[mono_ns=7317205447895070][T0xe366557bbca0][WARN] copy_aicore_buffer: [chip_swimlane_collector.cpp:689] Core 22: skipped 1024 AICore record slot(s) with start_time=0 (race-window write or recycled-buffer tail). buf seq=0 count=1024
[mono_ns=7317205447902020][T0xe36654fabca0][WARN] copy_aicore_buffer: [chip_swimlane_collector.cpp:689] Core 23: skipped 1024 AICore record slot(s) with start_time=0 (race-window write or recycled-buffer tail). buf seq=0 count=1024
[mono_ns=7317205447907480][T0xe36655fcbca0][WARN] copy_aicore_buffer: [chip_swimlane_collector.cpp:689] Core 21: skipped 1024 AICore record slot(s) with start_time=0 (race-window write or recycled-buffer tail). buf seq=0 count=1024
[mono_ns=7317205448221861][T0xe366557bbca0][WARN] copy_aicore_buffer: [chip_swimlane_collector.cpp:689] Core 68: skipped 1024 AICore record slot(s) with start_time=0 (race-window write or recycled-buffer tail). buf seq=0 count=1024
[mono_ns=7317205448226731][T0xe36654fabca0][WARN] copy_aicore_buffer: [chip_swimlane_collector.cpp:689] Core 70: skipped 1024 AICore record slot(s) with start_time=0 (race-window write or recycled-buffer tail). buf seq=0 count=1024
[mono_ns=7317205448235151][T0xe36655fcbca0][WARN] copy_aicore_buffer: [chip_swimlane_collector.cpp:689] Core 66: skipped 1024 AICore record slot(s) with start_time=0 (race-window write or recycled-buffer tail). buf seq=0 count=1024
[mono_ns=7317205448544042][T0xe366557bbca0][WARN] copy_aicore_buffer: [chip_swimlane_collector.cpp:689] Core 69: skipped 1024 AICore record slot(s) with start_time=0 (race-window write or recycled-buffer tail). buf seq=0 count=1024
[mono_ns=7317205448551522][T0xe36654fabca0][WARN] copy_aicore_buffer: [chip_swimlane_collector.cpp:689] Core 71: skipped 1024 AICore record slot(s) with start_time=0 (race-window write or recycled-buffer tail). buf seq=0 count=1024
[mono_ns=7317205448557872][T0xe36655fcbca0][WARN] copy_aicore_buffer: [chip_swimlane_collector.cpp:689] Core 67: skipped 1024 AICore record slot(s) with start_time=0 (race-window write or recycled-buffer tail). buf seq=0 count=1024
[mono_ns=7317205549126827][T0xe367b203b020][TIMING] emit_host_span: [STRACE] v=1 pid=1247062 tid=1247062 inv=2 hid=616cd77dfbea7d73 depth=1 name=chip.run.runner_run ts=7317205420081522 dur=129037295 
[mono_ns=7317205551491993][T0xe367b203b020][TIMING] emit_host_span: [STRACE] v=1 pid=1247062 tid=1247062 inv=2 hid=616cd77dfbea7d73 depth=1 name=chip.run.validate ts=7317205549137597 dur=2348566 
[mono_ns=7317205551502423][T0xe367b203b020][TIMING] emit_host_span: [STRACE] v=1 pid=1247062 tid=1247062 inv=2 hid=616cd77dfbea7d73 depth=2 name=chip.run.runner_run.device_wall ts=0 dur=18868480 clk=dev
[mono_ns=7317205551507443][T0xe367b203b020][TIMING] emit_host_span: [STRACE] v=1 pid=1247062 tid=1247062 inv=2 hid=616cd77dfbea7d73 depth=3 name=chip.run.runner_run.device_wall.preamble ts=0 dur=137400 clk=dev
[mono_ns=7317205551512153][T0xe367b203b020][TIMING] emit_host_span: [STRACE] v=1 pid=1247062 tid=1247062 inv=2 hid=616cd77dfbea7d73 depth=3 name=chip.run.runner_run.device_wall.graph_build ts=132880 dur=18726040 clk=dev
[mono_ns=7317205551515703][T0xe367b203b020][TIMING] emit_host_span: [STRACE] v=1 pid=1247062 tid=1247062 inv=2 hid=616cd77dfbea7d73 depth=3 name=chip.run.runner_run.device_wall.config_validate ts=132980 dur=1220 clk=dev
[mono_ns=7317205551519033][T0xe367b203b020][TIMING] emit_host_span: [STRACE] v=1 pid=1247062 tid=1247062 inv=2 hid=616cd77dfbea7d73 depth=3 name=chip.run.runner_run.device_wall.arena_wire ts=134239 dur=520 clk=dev
[mono_ns=7317205551522473][T0xe367b203b020][TIMING] emit_host_span: [STRACE] v=1 pid=1247062 tid=1247062 inv=2 hid=616cd77dfbea7d73 depth=3 name=chip.run.runner_run.device_wall.sm_reset ts=134799 dur=980 clk=dev
[mono_ns=7317205551525903][T0xe367b203b020][TIMING] emit_host_span: [STRACE] v=1 pid=1247062 tid=1247062 inv=2 hid=616cd77dfbea7d73 depth=3 name=chip.run.runner_run.device_wall.post_orch ts=18859080 dur=9180 clk=dev
[mono_ns=7317205551529243][T0xe367b203b020][TIMING] emit_host_span: [STRACE] v=1 pid=1247062 tid=1247062 inv=2 hid=616cd77dfbea7d73 depth=3 name=chip.run.runner_run.device_wall.orch ts=135820 dur=5760 clk=dev
[mono_ns=7317205551532493][T0xe367b203b020][TIMING] emit_host_span: [STRACE] v=1 pid=1247062 tid=1247062 inv=2 hid=616cd77dfbea7d73 depth=3 name=chip.run.runner_run.device_wall.sched ts=137579 dur=18695660 clk=dev
[mono_ns=7317205551538073][T0xe367b203b020][TIMING] emit_host_span: [STRACE] v=1 pid=1247062 tid=1247062 inv=2 hid=616cd77dfbea7d73 depth=1 name=chip.run.claim_release ts=7317205551535373 dur=860 
[mono_ns=7317205551543153][T0xe367b203b020][TIMING] emit_host_span: [STRACE] v=1 pid=1247062 tid=1247062 inv=2 hid=616cd77dfbea7d73 depth=0 name=chip.run ts=7317205361944021 dur=189597132 run_id=2 dispatch_id=2 slot_id=0 generation=2 run_epoch=2
[mono_ns=7317210406227117][T0xe367b203b020][TIMING] emit_host_span: [STRACE] v=1 pid=1247062 tid=1247062 inv=3 hid=616cd77dfbea7d73 depth=2 name=chip.run.bind.args ts=7317210403325330 dur=2892797 
[mono_ns=7317210406252868][T0xe367b203b020][TIMING] emit_host_span: [STRACE] v=1 pid=1247062 tid=1247062 inv=3 hid=616cd77dfbea7d73 depth=2 name=chip.run.bind.prebuilt ts=7317210406244687 dur=4351 
[mono_ns=7317210406258098][T0xe367b203b020][TIMING] emit_host_span: [STRACE] v=1 pid=1247062 tid=1247062 inv=3 hid=616cd77dfbea7d73 depth=1 name=chip.run.bind ts=7317210403314890 dur=2940778 
[mono_ns=7317210598684500][T0xe367b203b020][TIMING] emit_host_span: [STRACE] v=1 pid=1247062 tid=1247062 inv=3 hid=616cd77dfbea7d73 depth=1 name=chip.run.runner_run ts=7317210407043309 dur=191632621 
[mono_ns=7317210600644855][T0xe367b203b020][TIMING] emit_host_span: [STRACE] v=1 pid=1247062 tid=1247062 inv=3 hid=616cd77dfbea7d73 depth=1 name=chip.run.validate ts=7317210598697330 dur=1940475 
[mono_ns=7317210600657905][T0xe367b203b020][TIMING] emit_host_span: [STRACE] v=1 pid=1247062 tid=1247062 inv=3 hid=616cd77dfbea7d73 depth=2 name=chip.run.runner_run.device_wall ts=0 dur=10855520 clk=dev
[mono_ns=7317210600662225][T0xe367b203b020][TIMING] emit_host_span: [STRACE] v=1 pid=1247062 tid=1247062 inv=3 hid=616cd77dfbea7d73 depth=3 name=chip.run.runner_run.device_wall.preamble ts=0 dur=7000 clk=dev
[mono_ns=7317210600667545][T0xe367b203b020][TIMING] emit_host_span: [STRACE] v=1 pid=1247062 tid=1247062 inv=3 hid=616cd77dfbea7d73 depth=3 name=chip.run.runner_run.device_wall.graph_build ts=2480 dur=10843200 clk=dev
[mono_ns=7317210600675745][T0xe367b203b020][TIMING] emit_host_span: [STRACE] v=1 pid=1247062 tid=1247062 inv=3 hid=616cd77dfbea7d73 depth=3 name=chip.run.runner_run.device_wall.config_validate ts=2780 dur=960 clk=dev
[mono_ns=7317210600679735][T0xe367b203b020][TIMING] emit_host_span: [STRACE] v=1 pid=1247062 tid=1247062 inv=3 hid=616cd77dfbea7d73 depth=3 name=chip.run.runner_run.device_wall.arena_wire ts=3760 dur=500 clk=dev
[mono_ns=7317210600682915][T0xe367b203b020][TIMING] emit_host_span: [STRACE] v=1 pid=1247062 tid=1247062 inv=3 hid=616cd77dfbea7d73 depth=3 name=chip.run.runner_run.device_wall.sm_reset ts=4359 dur=980 clk=dev
[mono_ns=7317210600686535][T0xe367b203b020][TIMING] emit_host_span: [STRACE] v=1 pid=1247062 tid=1247062 inv=3 hid=616cd77dfbea7d73 depth=3 name=chip.run.runner_run.device_wall.post_orch ts=10845720 dur=9680 clk=dev
[mono_ns=7317210600689485][T0xe367b203b020][TIMING] emit_host_span: [STRACE] v=1 pid=1247062 tid=1247062 inv=3 hid=616cd77dfbea7d73 depth=3 name=chip.run.runner_run.device_wall.orch ts=6240 dur=9860 clk=dev
[mono_ns=7317210600692735][T0xe367b203b020][TIMING] emit_host_span: [STRACE] v=1 pid=1247062 tid=1247062 inv=3 hid=616cd77dfbea7d73 depth=3 name=chip.run.runner_run.device_wall.sched ts=7119 dur=10830640 clk=dev
[mono_ns=7317210600698145][T0xe367b203b020][TIMING] emit_host_span: [STRACE] v=1 pid=1247062 tid=1247062 inv=3 hid=616cd77dfbea7d73 depth=1 name=chip.run.claim_release ts=7317210600695735 dur=680 
[mono_ns=7317210600703795][T0xe367b203b020][TIMING] emit_host_span: [STRACE] v=1 pid=1247062 tid=1247062 inv=3 hid=616cd77dfbea7d73 depth=0 name=chip.run ts=7317210403210910 dur=197490885 run_id=3 dispatch_id=3 slot_id=0 generation=3 run_epoch=3
[mono_ns=7317210625698297][T0xe367b203b020][TIMING] emit_host_span: [STRACE] v=1 pid=1247062 tid=1247062 inv=4 hid=616cd77dfbea7d73 depth=2 name=chip.run.bind.args ts=7317210623484871 dur=2206536 
[mono_ns=7317210625716057][T0xe367b203b020][TIMING] emit_host_span: [STRACE] v=1 pid=1247062 tid=1247062 inv=4 hid=616cd77dfbea7d73 depth=2 name=chip.run.bind.prebuilt ts=7317210625710787 dur=2720 
[mono_ns=7317210625721087][T0xe367b203b020][TIMING] emit_host_span: [STRACE] v=1 pid=1247062 tid=1247062 inv=4 hid=616cd77dfbea7d73 depth=1 name=chip.run.bind ts=7317210623477911 dur=2240906 
[mono_ns=7317210631572181][T0xe36655fcbca0][WARN] copy_aicore_buffer: [chip_swimlane_collector.cpp:689] Core 0: skipped 1024 AICore record slot(s) with start_time=0 (race-window write or recycled-buffer tail). buf seq=0 count=1024
[mono_ns=7317210631695601][T0xe366557bbca0][WARN] copy_aicore_buffer: [chip_swimlane_collector.cpp:689] Core 1: skipped 1024 AICore record slot(s) with start_time=0 (race-window write or recycled-buffer tail). buf seq=0 count=1024
[mono_ns=7317210631842722][T0xe36654fabca0][WARN] copy_aicore_buffer: [chip_swimlane_collector.cpp:689] Core 2: skipped 1024 AICore record slot(s) with start_time=0 (race-window write or recycled-buffer tail). buf seq=0 count=1024
[mono_ns=7317210631897632][T0xe36655fcbca0][WARN] copy_aicore_buffer: [chip_swimlane_collector.cpp:689] Core 24: skipped 1022 AICore record slot(s) with start_time=0 (race-window write or recycled-buffer tail). buf seq=0 count=1024
[mono_ns=7317210632032582][T0xe366557bbca0][WARN] copy_aicore_buffer: [chip_swimlane_collector.cpp:689] Core 26: skipped 1023 AICore record slot(s) with start_time=0 (race-window write or recycled-buffer tail). buf seq=0 count=1024
[mono_ns=7317210632191433][T0xe36654fabca0][WARN] copy_aicore_buffer: [chip_swimlane_collector.cpp:689] Core 28: skipped 1024 AICore record slot(s) with start_time=0 (race-window write or recycled-buffer tail). buf seq=0 count=1024
[mono_ns=7317210632270203][T0xe36655fcbca0][WARN] copy_aicore_buffer: [chip_swimlane_collector.cpp:689] Core 25: skipped 1024 AICore record slot(s) with start_time=0 (race-window write or recycled-buffer tail). buf seq=0 count=1024
[mono_ns=7317210632345273][T0xe366557bbca0][WARN] copy_aicore_buffer: [chip_swimlane_collector.cpp:689] Core 27: skipped 1024 AICore record slot(s) with start_time=0 (race-window write or recycled-buffer tail). buf seq=0 count=1024
[mono_ns=7317210632507773][T0xe36654fabca0][WARN] copy_aicore_buffer: [chip_swimlane_collector.cpp:689] Core 29: skipped 1024 AICore record slot(s) with start_time=0 (race-window write or recycled-buffer tail). buf seq=0 count=1024
[mono_ns=7317210632583824][T0xe36655fcbca0][WARN] copy_aicore_buffer: [chip_swimlane_collector.cpp:689] Core 3: skipped 1024 AICore record slot(s) with start_time=0 (race-window write or recycled-buffer tail). buf seq=0 count=1024
[mono_ns=7317210632657244][T0xe366557bbca0][WARN] copy_aicore_buffer: [chip_swimlane_collector.cpp:689] Core 4: skipped 1024 AICore record slot(s) with start_time=0 (race-window write or recycled-buffer tail). buf seq=0 count=1024
[mono_ns=7317210632819834][T0xe36654fabca0][WARN] copy_aicore_buffer: [chip_swimlane_collector.cpp:689] Core 5: skipped 1024 AICore record slot(s) with start_time=0 (race-window write or recycled-buffer tail). buf seq=0 count=1024
[mono_ns=7317210632897834][T0xe36655fcbca0][WARN] copy_aicore_buffer: [chip_swimlane_collector.cpp:689] Core 30: skipped 1024 AICore record slot(s) with start_time=0 (race-window write or recycled-buffer tail). buf seq=0 count=1024
[mono_ns=7317210632969835][T0xe366557bbca0][WARN] copy_aicore_buffer: [chip_swimlane_collector.cpp:689] Core 32: skipped 1024 AICore record slot(s) with start_time=0 (race-window write or recycled-buffer tail). buf seq=0 count=1024
[mono_ns=7317210633173055][T0xe36654fabca0][WARN] copy_aicore_buffer: [chip_swimlane_collector.cpp:689] Core 34: skipped 1024 AICore record slot(s) with start_time=0 (race-window write or recycled-buffer tail). buf seq=0 count=1024
[mono_ns=7317210633226105][T0xe36655fcbca0][WARN] copy_aicore_buffer: [chip_swimlane_collector.cpp:689] Core 31: skipped 1024 AICore record slot(s) with start_time=0 (race-window write or recycled-buffer tail). buf seq=0 count=1024
[mono_ns=7317210633287525][T0xe366557bbca0][WARN] copy_aicore_buffer: [chip_swimlane_collector.cpp:689] Core 33: skipped 1024 AICore record slot(s) with start_time=0 (race-window write or recycled-buffer tail). buf seq=0 count=1024
[mono_ns=7317210633487206][T0xe36654fabca0][WARN] copy_aicore_buffer: [chip_swimlane_collector.cpp:689] Core 35: skipped 1024 AICore record slot(s) with start_time=0 (race-window write or recycled-buffer tail). buf seq=0 count=1024
[mono_ns=7317210633538316][T0xe36655fcbca0][WARN] copy_aicore_buffer: [chip_swimlane_collector.cpp:689] Core 6: skipped 1024 AICore record slot(s) with start_time=0 (race-window write or recycled-buffer tail). buf seq=0 count=1024
[mono_ns=7317210633598206][T0xe366557bbca0][WARN] copy_aicore_buffer: [chip_swimlane_collector.cpp:689] Core 7: skipped 1024 AICore record slot(s) with start_time=0 (race-window write or recycled-buffer tail). buf seq=0 count=1024
[mono_ns=7317210633798907][T0xe36654fabca0][WARN] copy_aicore_buffer: [chip_swimlane_collector.cpp:689] Core 8: skipped 1024 AICore record slot(s) with start_time=0 (race-window write or recycled-buffer tail). buf seq=0 count=1024
[mono_ns=7317210633851027][T0xe36655fcbca0][WARN] copy_aicore_buffer: [chip_swimlane_collector.cpp:689] Core 36: skipped 1024 AICore record slot(s) with start_time=0 (race-window write or recycled-buffer tail). buf seq=0 count=1024
[mono_ns=7317210633921317][T0xe366557bbca0][WARN] copy_aicore_buffer: [chip_swimlane_collector.cpp:689] Core 38: skipped 1024 AICore record slot(s) with start_time=0 (race-window write or recycled-buffer tail). buf seq=0 count=1024
[mono_ns=7317210634128607][T0xe36654fabca0][WARN] copy_aicore_buffer: [chip_swimlane_collector.cpp:689] Core 40: skipped 1024 AICore record slot(s) with start_time=0 (race-window write or recycled-buffer tail). buf seq=0 count=1024
[mono_ns=7317210634183968][T0xe36655fcbca0][WARN] copy_aicore_buffer: [chip_swimlane_collector.cpp:689] Core 37: skipped 1024 AICore record slot(s) with start_time=0 (race-window write or recycled-buffer tail). buf seq=0 count=1024
[mono_ns=7317210634251038][T0xe366557bbca0][WARN] copy_aicore_buffer: [chip_swimlane_collector.cpp:689] Core 39: skipped 1024 AICore record slot(s) with start_time=0 (race-window write or recycled-buffer tail). buf seq=0 count=1024
[mono_ns=7317210634442808][T0xe36654fabca0][WARN] copy_aicore_buffer: [chip_swimlane_collector.cpp:689] Core 41: skipped 1024 AICore record slot(s) with start_time=0 (race-window write or recycled-buffer tail). buf seq=0 count=1024
[mono_ns=7317210634497158][T0xe36655fcbca0][WARN] copy_aicore_buffer: [chip_swimlane_collector.cpp:689] Core 9: skipped 1024 AICore record slot(s) with start_time=0 (race-window write or recycled-buffer tail). buf seq=0 count=1024
[mono_ns=7317210634562748][T0xe366557bbca0][WARN] copy_aicore_buffer: [chip_swimlane_collector.cpp:689] Core 10: skipped 1024 AICore record slot(s) with start_time=0 (race-window write or recycled-buffer tail). buf seq=0 count=1024
[mono_ns=7317210634754459][T0xe36654fabca0][WARN] copy_aicore_buffer: [chip_swimlane_collector.cpp:689] Core 11: skipped 1024 AICore record slot(s) with start_time=0 (race-window write or recycled-buffer tail). buf seq=0 count=1024
[mono_ns=7317210634834809][T0xe36655fcbca0][WARN] copy_aicore_buffer: [chip_swimlane_collector.cpp:689] Core 42: skipped 1024 AICore record slot(s) with start_time=0 (race-window write or recycled-buffer tail). buf seq=0 count=1024
[mono_ns=7317210634888659][T0xe366557bbca0][WARN] copy_aicore_buffer: [chip_swimlane_collector.cpp:689] Core 44: skipped 1024 AICore record slot(s) with start_time=0 (race-window write or recycled-buffer tail). buf seq=0 count=1024
[mono_ns=7317210635104060][T0xe36654fabca0][WARN] copy_aicore_buffer: [chip_swimlane_collector.cpp:689] Core 46: skipped 1024 AICore record slot(s) with start_time=0 (race-window write or recycled-buffer tail). buf seq=0 count=1024
[mono_ns=7317210635194560][T0xe36655fcbca0][WARN] copy_aicore_buffer: [chip_swimlane_collector.cpp:689] Core 43: skipped 1024 AICore record slot(s) with start_time=0 (race-window write or recycled-buffer tail). buf seq=0 count=1024
[mono_ns=7317210635237780][T0xe366557bbca0][WARN] copy_aicore_buffer: [chip_swimlane_collector.cpp:689] Core 45: skipped 1024 AICore record slot(s) with start_time=0 (race-window write or recycled-buffer tail). buf seq=0 count=1024
[mono_ns=7317210635451071][T0xe36654fabca0][WARN] copy_aicore_buffer: [chip_swimlane_collector.cpp:689] Core 47: skipped 1024 AICore record slot(s) with start_time=0 (race-window write or recycled-buffer tail). buf seq=0 count=1024
[mono_ns=7317210635517731][T0xe36655fcbca0][WARN] copy_aicore_buffer: [chip_swimlane_collector.cpp:689] Core 12: skipped 1024 AICore record slot(s) with start_time=0 (race-window write or recycled-buffer tail). buf seq=0 count=1024
[mono_ns=7317210635592691][T0xe366557bbca0][WARN] copy_aicore_buffer: [chip_swimlane_collector.cpp:689] Core 13: skipped 1024 AICore record slot(s) with start_time=0 (race-window write or recycled-buffer tail). buf seq=0 count=1024
[mono_ns=7317210635775851][T0xe36654fabca0][WARN] copy_aicore_buffer: [chip_swimlane_collector.cpp:689] Core 14: skipped 1024 AICore record slot(s) with start_time=0 (race-window write or recycled-buffer tail). buf seq=0 count=1024
[mono_ns=7317210635841012][T0xe36655fcbca0][WARN] copy_aicore_buffer: [chip_swimlane_collector.cpp:689] Core 48: skipped 1024 AICore record slot(s) with start_time=0 (race-window write or recycled-buffer tail). buf seq=0 count=1024
[mono_ns=7317210635913252][T0xe366557bbca0][WARN] copy_aicore_buffer: [chip_swimlane_collector.cpp:689] Core 50: skipped 1024 AICore record slot(s) with start_time=0 (race-window write or recycled-buffer tail). buf seq=0 count=1024
[mono_ns=7317210636106972][T0xe36654fabca0][WARN] copy_aicore_buffer: [chip_swimlane_collector.cpp:689] Core 52: skipped 1024 AICore record slot(s) with start_time=0 (race-window write or recycled-buffer tail). buf seq=0 count=1024
[mono_ns=7317210636167292][T0xe36655fcbca0][WARN] copy_aicore_buffer: [chip_swimlane_collector.cpp:689] Core 49: skipped 1024 AICore record slot(s) with start_time=0 (race-window write or recycled-buffer tail). buf seq=0 count=1024
[mono_ns=7317210636240483][T0xe366557bbca0][WARN] copy_aicore_buffer: [chip_swimlane_collector.cpp:689] Core 51: skipped 1024 AICore record slot(s) with start_time=0 (race-window write or recycled-buffer tail). buf seq=0 count=1024
[mono_ns=7317210636429393][T0xe36654fabca0][WARN] copy_aicore_buffer: [chip_swimlane_collector.cpp:689] Core 53: skipped 1024 AICore record slot(s) with start_time=0 (race-window write or recycled-buffer tail). buf seq=0 count=1024
[mono_ns=7317210636517973][T0xe36655fcbca0][WARN] copy_aicore_buffer: [chip_swimlane_collector.cpp:689] Core 15: skipped 1024 AICore record slot(s) with start_time=0 (race-window write or recycled-buffer tail). buf seq=0 count=1024
[mono_ns=7317210636561453][T0xe366557bbca0][WARN] copy_aicore_buffer: [chip_swimlane_collector.cpp:689] Core 16: skipped 1024 AICore record slot(s) with start_time=0 (race-window write or recycled-buffer tail). buf seq=0 count=1024
[mono_ns=7317210636750864][T0xe36654fabca0][WARN] copy_aicore_buffer: [chip_swimlane_collector.cpp:689] Core 17: skipped 1024 AICore record slot(s) with start_time=0 (race-window write or recycled-buffer tail). buf seq=0 count=1024
[mono_ns=7317210636840194][T0xe36655fcbca0][WARN] copy_aicore_buffer: [chip_swimlane_collector.cpp:689] Core 54: skipped 1024 AICore record slot(s) with start_time=0 (race-window write or recycled-buffer tail). buf seq=0 count=1024
[mono_ns=7317210636880494][T0xe366557bbca0][WARN] copy_aicore_buffer: [chip_swimlane_collector.cpp:689] Core 56: skipped 1024 AICore record slot(s) with start_time=0 (race-window write or recycled-buffer tail). buf seq=0 count=1024
[mono_ns=7317210637078835][T0xe36654fabca0][WARN] copy_aicore_buffer: [chip_swimlane_collector.cpp:689] Core 58: skipped 1024 AICore record slot(s) with start_time=0 (race-window write or recycled-buffer tail). buf seq=0 count=1024
[mono_ns=7317210637169355][T0xe36655fcbca0][WARN] copy_aicore_buffer: [chip_swimlane_collector.cpp:689] Core 55: skipped 1024 AICore record slot(s) with start_time=0 (race-window write or recycled-buffer tail). buf seq=0 count=1024
[mono_ns=7317210637206305][T0xe366557bbca0][WARN] copy_aicore_buffer: [chip_swimlane_collector.cpp:689] Core 57: skipped 1024 AICore record slot(s) with start_time=0 (race-window write or recycled-buffer tail). buf seq=0 count=1024
[mono_ns=7317210637411105][T0xe36654fabca0][WARN] copy_aicore_buffer: [chip_swimlane_collector.cpp:689] Core 59: skipped 1024 AICore record slot(s) with start_time=0 (race-window write or recycled-buffer tail). buf seq=0 count=1024
[mono_ns=7317210637489586][T0xe36655fcbca0][WARN] copy_aicore_buffer: [chip_swimlane_collector.cpp:689] Core 18: skipped 1024 AICore record slot(s) with start_time=0 (race-window write or recycled-buffer tail). buf seq=0 count=1024
[mono_ns=7317210637526706][T0xe366557bbca0][WARN] copy_aicore_buffer: [chip_swimlane_collector.cpp:689] Core 19: skipped 1024 AICore record slot(s) with start_time=0 (race-window write or recycled-buffer tail). buf seq=0 count=1024
[mono_ns=7317210637733976][T0xe36654fabca0][WARN] copy_aicore_buffer: [chip_swimlane_collector.cpp:689] Core 20: skipped 1024 AICore record slot(s) with start_time=0 (race-window write or recycled-buffer tail). buf seq=0 count=1024
[mono_ns=7317210637812276][T0xe36655fcbca0][WARN] copy_aicore_buffer: [chip_swimlane_collector.cpp:689] Core 60: skipped 1024 AICore record slot(s) with start_time=0 (race-window write or recycled-buffer tail). buf seq=0 count=1024
[mono_ns=7317210637847487][T0xe366557bbca0][WARN] copy_aicore_buffer: [chip_swimlane_collector.cpp:689] Core 62: skipped 1024 AICore record slot(s) with start_time=0 (race-window write or recycled-buffer tail). buf seq=0 count=1024
[mono_ns=7317210638064597][T0xe36654fabca0][WARN] copy_aicore_buffer: [chip_swimlane_collector.cpp:689] Core 64: skipped 1024 AICore record slot(s) with start_time=0 (race-window write or recycled-buffer tail). buf seq=0 count=1024
[mono_ns=7317210638144887][T0xe36655fcbca0][WARN] copy_aicore_buffer: [chip_swimlane_collector.cpp:689] Core 61: skipped 1024 AICore record slot(s) with start_time=0 (race-window write or recycled-buffer tail). buf seq=0 count=1024
[mono_ns=7317210638188347][T0xe366557bbca0][WARN] copy_aicore_buffer: [chip_swimlane_collector.cpp:689] Core 63: skipped 1024 AICore record slot(s) with start_time=0 (race-window write or recycled-buffer tail). buf seq=0 count=1024
[mono_ns=7317210638385218][T0xe36654fabca0][WARN] copy_aicore_buffer: [chip_swimlane_collector.cpp:689] Core 65: skipped 1024 AICore record slot(s) with start_time=0 (race-window write or recycled-buffer tail). buf seq=0 count=1024
[mono_ns=7317210638466928][T0xe36655fcbca0][WARN] copy_aicore_buffer: [chip_swimlane_collector.cpp:689] Core 21: skipped 1024 AICore record slot(s) with start_time=0 (race-window write or recycled-buffer tail). buf seq=0 count=1024
[mono_ns=7317210638508658][T0xe366557bbca0][WARN] copy_aicore_buffer: [chip_swimlane_collector.cpp:689] Core 22: skipped 1024 AICore record slot(s) with start_time=0 (race-window write or recycled-buffer tail). buf seq=0 count=1024
[mono_ns=7317210638706519][T0xe36654fabca0][WARN] copy_aicore_buffer: [chip_swimlane_collector.cpp:689] Core 23: skipped 1024 AICore record slot(s) with start_time=0 (race-window write or recycled-buffer tail). buf seq=0 count=1024
[mono_ns=7317210638788439][T0xe36655fcbca0][WARN] copy_aicore_buffer: [chip_swimlane_collector.cpp:689] Core 66: skipped 1024 AICore record slot(s) with start_time=0 (race-window write or recycled-buffer tail). buf seq=0 count=1024
[mono_ns=7317210638831149][T0xe366557bbca0][WARN] copy_aicore_buffer: [chip_swimlane_collector.cpp:689] Core 68: skipped 1024 AICore record slot(s) with start_time=0 (race-window write or recycled-buffer tail). buf seq=0 count=1024
[mono_ns=7317210639067530][T0xe36654fabca0][WARN] copy_aicore_buffer: [chip_swimlane_collector.cpp:689] Core 70: skipped 1024 AICore record slot(s) with start_time=0 (race-window write or recycled-buffer tail). buf seq=0 count=1024
[mono_ns=7317210639119090][T0xe36655fcbca0][WARN] copy_aicore_buffer: [chip_swimlane_collector.cpp:689] Core 67: skipped 1024 AICore record slot(s) with start_time=0 (race-window write or recycled-buffer tail). buf seq=0 count=1024
[mono_ns=7317210639164250][T0xe366557bbca0][WARN] copy_aicore_buffer: [chip_swimlane_collector.cpp:689] Core 69: skipped 1024 AICore record slot(s) with start_time=0 (race-window write or recycled-buffer tail). buf seq=0 count=1024
[mono_ns=7317210639393090][T0xe36654fabca0][WARN] copy_aicore_buffer: [chip_swimlane_collector.cpp:689] Core 71: skipped 1024 AICore record slot(s) with start_time=0 (race-window write or recycled-buffer tail). buf seq=0 count=1024
[mono_ns=7317210740118628][T0xe367b203b020][TIMING] emit_host_span: [STRACE] v=1 pid=1247062 tid=1247062 inv=4 hid=616cd77dfbea7d73 depth=1 name=chip.run.runner_run ts=7317210626970610 dur=113141408 
[mono_ns=7317210742244783][T0xe367b203b020][TIMING] emit_host_span: [STRACE] v=1 pid=1247062 tid=1247062 inv=4 hid=616cd77dfbea7d73 depth=1 name=chip.run.validate ts=7317210740130548 dur=2107165 
[mono_ns=7317210742263563][T0xe367b203b020][TIMING] emit_host_span: [STRACE] v=1 pid=1247062 tid=1247062 inv=4 hid=616cd77dfbea7d73 depth=2 name=chip.run.runner_run.device_wall ts=0 dur=4086920 clk=dev
[mono_ns=7317210742267913][T0xe367b203b020][TIMING] emit_host_span: [STRACE] v=1 pid=1247062 tid=1247062 inv=4 hid=616cd77dfbea7d73 depth=3 name=chip.run.runner_run.device_wall.preamble ts=0 dur=113120 clk=dev
[mono_ns=7317210742271993][T0xe367b203b020][TIMING] emit_host_span: [STRACE] v=1 pid=1247062 tid=1247062 inv=4 hid=616cd77dfbea7d73 depth=3 name=chip.run.runner_run.device_wall.graph_build ts=108919 dur=3968920 clk=dev
[mono_ns=7317210742275433][T0xe367b203b020][TIMING] emit_host_span: [STRACE] v=1 pid=1247062 tid=1247062 inv=4 hid=616cd77dfbea7d73 depth=3 name=chip.run.runner_run.device_wall.config_validate ts=109020 dur=679 clk=dev
[mono_ns=7317210742278493][T0xe367b203b020][TIMING] emit_host_span: [STRACE] v=1 pid=1247062 tid=1247062 inv=4 hid=616cd77dfbea7d73 depth=3 name=chip.run.runner_run.device_wall.arena_wire ts=109720 dur=339 clk=dev
[mono_ns=7317210742281373][T0xe367b203b020][TIMING] emit_host_span: [STRACE] v=1 pid=1247062 tid=1247062 inv=4 hid=616cd77dfbea7d73 depth=3 name=chip.run.runner_run.device_wall.sm_reset ts=110080 dur=580 clk=dev
[mono_ns=7317210742284323][T0xe367b203b020][TIMING] emit_host_span: [STRACE] v=1 pid=1247062 tid=1247062 inv=4 hid=616cd77dfbea7d73 depth=3 name=chip.run.runner_run.device_wall.post_orch ts=4077879 dur=8940 clk=dev
[mono_ns=7317210742287223][T0xe367b203b020][TIMING] emit_host_span: [STRACE] v=1 pid=1247062 tid=1247062 inv=4 hid=616cd77dfbea7d73 depth=3 name=chip.run.runner_run.device_wall.orch ts=110720 dur=3520 clk=dev
[mono_ns=7317210742293203][T0xe367b203b020][TIMING] emit_host_span: [STRACE] v=1 pid=1247062 tid=1247062 inv=4 hid=616cd77dfbea7d73 depth=3 name=chip.run.runner_run.device_wall.sched ts=113220 dur=3940180 clk=dev
[mono_ns=7317210742298583][T0xe367b203b020][TIMING] emit_host_span: [STRACE] v=1 pid=1247062 tid=1247062 inv=4 hid=616cd77dfbea7d73 depth=1 name=chip.run.claim_release ts=7317210742296373 dur=470 
[mono_ns=7317210742304413][T0xe367b203b020][TIMING] emit_host_span: [STRACE] v=1 pid=1247062 tid=1247062 inv=4 hid=616cd77dfbea7d73 depth=0 name=chip.run ts=7317210623452981 dur=118849452 run_id=4 dispatch_id=4 slot_id=0 generation=4 run_epoch=4
[mono_ns=7317215588698966][T0xe367b203b020][TIMING] emit_host_span: [STRACE] v=1 pid=1247062 tid=1247062 inv=5 hid=616cd77dfbea7d73 depth=2 name=chip.run.bind.args ts=7317215586697611 dur=1992825 
[mono_ns=7317215588723296][T0xe367b203b020][TIMING] emit_host_span: [STRACE] v=1 pid=1247062 tid=1247062 inv=5 hid=616cd77dfbea7d73 depth=2 name=chip.run.bind.prebuilt ts=7317215588716466 dur=4290 
[mono_ns=7317215588729486][T0xe367b203b020][TIMING] emit_host_span: [STRACE] v=1 pid=1247062 tid=1247062 inv=5 hid=616cd77dfbea7d73 depth=1 name=chip.run.bind ts=7317215586688091 dur=2038955 
[mono_ns=7317215697809536][T0xe367b203b020][TIMING] emit_host_span: [STRACE] v=1 pid=1247062 tid=1247062 inv=5 hid=616cd77dfbea7d73 depth=1 name=chip.run.runner_run ts=7317215589058287 dur=108742169 
[mono_ns=7317215699775011][T0xe367b203b020][TIMING] emit_host_span: [STRACE] v=1 pid=1247062 tid=1247062 inv=5 hid=616cd77dfbea7d73 depth=1 name=chip.run.validate ts=7317215697833446 dur=1934445 
[mono_ns=7317215699798281][T0xe367b203b020][TIMING] emit_host_span: [STRACE] v=1 pid=1247062 tid=1247062 inv=5 hid=616cd77dfbea7d73 depth=2 name=chip.run.runner_run.device_wall ts=0 dur=4894500 clk=dev
[mono_ns=7317215699803131][T0xe367b203b020][TIMING] emit_host_span: [STRACE] v=1 pid=1247062 tid=1247062 inv=5 hid=616cd77dfbea7d73 depth=3 name=chip.run.runner_run.device_wall.preamble ts=0 dur=6560 clk=dev
[mono_ns=7317215699807481][T0xe367b203b020][TIMING] emit_host_span: [STRACE] v=1 pid=1247062 tid=1247062 inv=5 hid=616cd77dfbea7d73 depth=3 name=chip.run.runner_run.device_wall.graph_build ts=1420 dur=4883760 clk=dev
[mono_ns=7317215699811501][T0xe367b203b020][TIMING] emit_host_span: [STRACE] v=1 pid=1247062 tid=1247062 inv=5 hid=616cd77dfbea7d73 depth=3 name=chip.run.runner_run.device_wall.config_validate ts=1560 dur=1240 clk=dev
[mono_ns=7317215699814781][T0xe367b203b020][TIMING] emit_host_span: [STRACE] v=1 pid=1247062 tid=1247062 inv=5 hid=616cd77dfbea7d73 depth=3 name=chip.run.runner_run.device_wall.arena_wire ts=2840 dur=320 clk=dev
[mono_ns=7317215699818051][T0xe367b203b020][TIMING] emit_host_span: [STRACE] v=1 pid=1247062 tid=1247062 inv=5 hid=616cd77dfbea7d73 depth=3 name=chip.run.runner_run.device_wall.sm_reset ts=3199 dur=740 clk=dev
[mono_ns=7317215699822061][T0xe367b203b020][TIMING] emit_host_span: [STRACE] v=1 pid=1247062 tid=1247062 inv=5 hid=616cd77dfbea7d73 depth=3 name=chip.run.runner_run.device_wall.post_orch ts=4885220 dur=9100 clk=dev
[mono_ns=7317215699828921][T0xe367b203b020][TIMING] emit_host_span: [STRACE] v=1 pid=1247062 tid=1247062 inv=5 hid=616cd77dfbea7d73 depth=3 name=chip.run.runner_run.device_wall.orch ts=4660 dur=9560 clk=dev
[mono_ns=7317215699831891][T0xe367b203b020][TIMING] emit_host_span: [STRACE] v=1 pid=1247062 tid=1247062 inv=5 hid=616cd77dfbea7d73 depth=3 name=chip.run.runner_run.device_wall.sched ts=6700 dur=4871060 clk=dev
[mono_ns=7317215699837651][T0xe367b203b020][TIMING] emit_host_span: [STRACE] v=1 pid=1247062 tid=1247062 inv=5 hid=616cd77dfbea7d73 depth=1 name=chip.run.claim_release ts=7317215699835141 dur=760 
[mono_ns=7317215699843531][T0xe367b203b020][TIMING] emit_host_span: [STRACE] v=1 pid=1247062 tid=1247062 inv=5 hid=616cd77dfbea7d73 depth=0 name=chip.run ts=7317215586613541 dur=113227800 run_id=5 dispatch_id=5 slot_id=0 generation=5 run_epoch=5
[mono_ns=7317215709833006][T0xe367b203b020][TIMING] emit_host_span: [STRACE] v=1 pid=1247062 tid=1247062 inv=6 hid=616cd77dfbea7d73 depth=2 name=chip.run.bind.args ts=7317215707835991 dur=1990805 
[mono_ns=7317215709850936][T0xe367b203b020][TIMING] emit_host_span: [STRACE] v=1 pid=1247062 tid=1247062 inv=6 hid=616cd77dfbea7d73 depth=2 name=chip.run.bind.prebuilt ts=7317215709845226 dur=3450 
[mono_ns=7317215709855566][T0xe367b203b020][TIMING] emit_host_span: [STRACE] v=1 pid=1247062 tid=1247062 inv=6 hid=616cd77dfbea7d73 depth=1 name=chip.run.bind ts=7317215707828451 dur=2025065 
[mono_ns=7317215715579430][T0xe36655fcbca0][WARN] copy_aicore_buffer: [chip_swimlane_collector.cpp:689] Core 0: skipped 1024 AICore record slot(s) with start_time=0 (race-window write or recycled-buffer tail). buf seq=0 count=1024
[mono_ns=7317215715606940][T0xe366557bbca0][WARN] copy_aicore_buffer: [chip_swimlane_collector.cpp:689] Core 1: skipped 1024 AICore record slot(s) with start_time=0 (race-window write or recycled-buffer tail). buf seq=0 count=1024
[mono_ns=7317215715643781][T0xe36654fabca0][WARN] copy_aicore_buffer: [chip_swimlane_collector.cpp:689] Core 2: skipped 1024 AICore record slot(s) with start_time=0 (race-window write or recycled-buffer tail). buf seq=0 count=1024
[mono_ns=7317215715934211][T0xe366557bbca0][WARN] copy_aicore_buffer: [chip_swimlane_collector.cpp:689] Core 26: skipped 1022 AICore record slot(s) with start_time=0 (race-window write or recycled-buffer tail). buf seq=0 count=1024
[mono_ns=7317215715959041][T0xe36655fcbca0][WARN] copy_aicore_buffer: [chip_swimlane_collector.cpp:689] Core 24: skipped 1023 AICore record slot(s) with start_time=0 (race-window write or recycled-buffer tail). buf seq=0 count=1024
[mono_ns=7317215715963731][T0xe36654fabca0][WARN] copy_aicore_buffer: [chip_swimlane_collector.cpp:689] Core 28: skipped 1024 AICore record slot(s) with start_time=0 (race-window write or recycled-buffer tail). buf seq=0 count=1024
[mono_ns=7317215716269942][T0xe366557bbca0][WARN] copy_aicore_buffer: [chip_swimlane_collector.cpp:689] Core 27: skipped 1024 AICore record slot(s) with start_time=0 (race-window write or recycled-buffer tail). buf seq=0 count=1024
[mono_ns=7317215716291562][T0xe36654fabca0][WARN] copy_aicore_buffer: [chip_swimlane_collector.cpp:689] Core 29: skipped 1024 AICore record slot(s) with start_time=0 (race-window write or recycled-buffer tail). buf seq=0 count=1024
[mono_ns=7317215716297842][T0xe36655fcbca0][WARN] copy_aicore_buffer: [chip_swimlane_collector.cpp:689] Core 25: skipped 1024 AICore record slot(s) with start_time=0 (race-window write or recycled-buffer tail). buf seq=0 count=1024
[mono_ns=7317215716585073][T0xe366557bbca0][WARN] copy_aicore_buffer: [chip_swimlane_collector.cpp:689] Core 4: skipped 1024 AICore record slot(s) with start_time=0 (race-window write or recycled-buffer tail). buf seq=0 count=1024
[mono_ns=7317215716602583][T0xe36654fabca0][WARN] copy_aicore_buffer: [chip_swimlane_collector.cpp:689] Core 5: skipped 1024 AICore record slot(s) with start_time=0 (race-window write or recycled-buffer tail). buf seq=0 count=1024
[mono_ns=7317215716638693][T0xe36655fcbca0][WARN] copy_aicore_buffer: [chip_swimlane_collector.cpp:689] Core 3: skipped 1024 AICore record slot(s) with start_time=0 (race-window write or recycled-buffer tail). buf seq=0 count=1024
[mono_ns=7317215716896634][T0xe366557bbca0][WARN] copy_aicore_buffer: [chip_swimlane_collector.cpp:689] Core 32: skipped 1024 AICore record slot(s) with start_time=0 (race-window write or recycled-buffer tail). buf seq=0 count=1024
[mono_ns=7317215716914644][T0xe36654fabca0][WARN] copy_aicore_buffer: [chip_swimlane_collector.cpp:689] Core 34: skipped 1024 AICore record slot(s) with start_time=0 (race-window write or recycled-buffer tail). buf seq=0 count=1024
[mono_ns=7317215716951454][T0xe36655fcbca0][WARN] copy_aicore_buffer: [chip_swimlane_collector.cpp:689] Core 30: skipped 1024 AICore record slot(s) with start_time=0 (race-window write or recycled-buffer tail). buf seq=0 count=1024
[mono_ns=7317215717219784][T0xe366557bbca0][WARN] copy_aicore_buffer: [chip_swimlane_collector.cpp:689] Core 33: skipped 1024 AICore record slot(s) with start_time=0 (race-window write or recycled-buffer tail). buf seq=0 count=1024
[mono_ns=7317215717241015][T0xe36654fabca0][WARN] copy_aicore_buffer: [chip_swimlane_collector.cpp:689] Core 35: skipped 1024 AICore record slot(s) with start_time=0 (race-window write or recycled-buffer tail). buf seq=0 count=1024
[mono_ns=7317215717276825][T0xe36655fcbca0][WARN] copy_aicore_buffer: [chip_swimlane_collector.cpp:689] Core 31: skipped 1024 AICore record slot(s) with start_time=0 (race-window write or recycled-buffer tail). buf seq=0 count=1024
[mono_ns=7317215717531775][T0xe366557bbca0][WARN] copy_aicore_buffer: [chip_swimlane_collector.cpp:689] Core 7: skipped 1024 AICore record slot(s) with start_time=0 (race-window write or recycled-buffer tail). buf seq=0 count=1024
[mono_ns=7317215717590225][T0xe36655fcbca0][WARN] copy_aicore_buffer: [chip_swimlane_collector.cpp:689] Core 6: skipped 1024 AICore record slot(s) with start_time=0 (race-window write or recycled-buffer tail). buf seq=0 count=1024
[mono_ns=7317215717592005][T0xe36654fabca0][WARN] copy_aicore_buffer: [chip_swimlane_collector.cpp:689] Core 8: skipped 1024 AICore record slot(s) with start_time=0 (race-window write or recycled-buffer tail). buf seq=0 count=1024
[mono_ns=7317215717843116][T0xe366557bbca0][WARN] copy_aicore_buffer: [chip_swimlane_collector.cpp:689] Core 38: skipped 1024 AICore record slot(s) with start_time=0 (race-window write or recycled-buffer tail). buf seq=0 count=1024
[mono_ns=7317215717904586][T0xe36655fcbca0][WARN] copy_aicore_buffer: [chip_swimlane_collector.cpp:689] Core 36: skipped 1024 AICore record slot(s) with start_time=0 (race-window write or recycled-buffer tail). buf seq=0 count=1024
[mono_ns=7317215717907186][T0xe36654fabca0][WARN] copy_aicore_buffer: [chip_swimlane_collector.cpp:689] Core 40: skipped 1024 AICore record slot(s) with start_time=0 (race-window write or recycled-buffer tail). buf seq=0 count=1024
[mono_ns=7317215718167297][T0xe366557bbca0][WARN] copy_aicore_buffer: [chip_swimlane_collector.cpp:689] Core 39: skipped 1024 AICore record slot(s) with start_time=0 (race-window write or recycled-buffer tail). buf seq=0 count=1024
[mono_ns=7317215718225527][T0xe36655fcbca0][WARN] copy_aicore_buffer: [chip_swimlane_collector.cpp:689] Core 37: skipped 1024 AICore record slot(s) with start_time=0 (race-window write or recycled-buffer tail). buf seq=0 count=1024
[mono_ns=7317215718255307][T0xe36654fabca0][WARN] copy_aicore_buffer: [chip_swimlane_collector.cpp:689] Core 41: skipped 1024 AICore record slot(s) with start_time=0 (race-window write or recycled-buffer tail). buf seq=0 count=1024
[mono_ns=7317215718477778][T0xe366557bbca0][WARN] copy_aicore_buffer: [chip_swimlane_collector.cpp:689] Core 10: skipped 1024 AICore record slot(s) with start_time=0 (race-window write or recycled-buffer tail). buf seq=0 count=1024
[mono_ns=7317215718538658][T0xe36655fcbca0][WARN] copy_aicore_buffer: [chip_swimlane_collector.cpp:689] Core 9: skipped 1024 AICore record slot(s) with start_time=0 (race-window write or recycled-buffer tail). buf seq=0 count=1024
[mono_ns=7317215718567818][T0xe36654fabca0][WARN] copy_aicore_buffer: [chip_swimlane_collector.cpp:689] Core 11: skipped 1024 AICore record slot(s) with start_time=0 (race-window write or recycled-buffer tail). buf seq=0 count=1024
[mono_ns=7317215718787458][T0xe366557bbca0][WARN] copy_aicore_buffer: [chip_swimlane_collector.cpp:689] Core 44: skipped 1024 AICore record slot(s) with start_time=0 (race-window write or recycled-buffer tail). buf seq=0 count=1024
[mono_ns=7317215718852218][T0xe36655fcbca0][WARN] copy_aicore_buffer: [chip_swimlane_collector.cpp:689] Core 42: skipped 1024 AICore record slot(s) with start_time=0 (race-window write or recycled-buffer tail). buf seq=0 count=1024
[mono_ns=7317215718879589][T0xe36654fabca0][WARN] copy_aicore_buffer: [chip_swimlane_collector.cpp:689] Core 46: skipped 1024 AICore record slot(s) with start_time=0 (race-window write or recycled-buffer tail). buf seq=0 count=1024
[mono_ns=7317215719101379][T0xe366557bbca0][WARN] copy_aicore_buffer: [chip_swimlane_collector.cpp:689] Core 45: skipped 1024 AICore record slot(s) with start_time=0 (race-window write or recycled-buffer tail). buf seq=0 count=1024
[mono_ns=7317215719196449][T0xe36654fabca0][WARN] copy_aicore_buffer: [chip_swimlane_collector.cpp:689] Core 47: skipped 1024 AICore record slot(s) with start_time=0 (race-window write or recycled-buffer tail). buf seq=0 count=1024
[mono_ns=7317215719200569][T0xe36655fcbca0][WARN] copy_aicore_buffer: [chip_swimlane_collector.cpp:689] Core 43: skipped 1024 AICore record slot(s) with start_time=0 (race-window write or recycled-buffer tail). buf seq=0 count=1024
[mono_ns=7317215719414130][T0xe366557bbca0][WARN] copy_aicore_buffer: [chip_swimlane_collector.cpp:689] Core 13: skipped 1024 AICore record slot(s) with start_time=0 (race-window write or recycled-buffer tail). buf seq=0 count=1024
[mono_ns=7317215719509550][T0xe36654fabca0][WARN] copy_aicore_buffer: [chip_swimlane_collector.cpp:689] Core 14: skipped 1024 AICore record slot(s) with start_time=0 (race-window write or recycled-buffer tail). buf seq=0 count=1024
[mono_ns=7317215719514470][T0xe36655fcbca0][WARN] copy_aicore_buffer: [chip_swimlane_collector.cpp:689] Core 12: skipped 1024 AICore record slot(s) with start_time=0 (race-window write or recycled-buffer tail). buf seq=0 count=1024
[mono_ns=7317215719755141][T0xe366557bbca0][WARN] copy_aicore_buffer: [chip_swimlane_collector.cpp:689] Core 50: skipped 1024 AICore record slot(s) with start_time=0 (race-window write or recycled-buffer tail). buf seq=0 count=1024
[mono_ns=7317215719821411][T0xe36654fabca0][WARN] copy_aicore_buffer: [chip_swimlane_collector.cpp:689] Core 52: skipped 1024 AICore record slot(s) with start_time=0 (race-window write or recycled-buffer tail). buf seq=0 count=1024
[mono_ns=7317215719827341][T0xe36655fcbca0][WARN] copy_aicore_buffer: [chip_swimlane_collector.cpp:689] Core 48: skipped 1024 AICore record slot(s) with start_time=0 (race-window write or recycled-buffer tail). buf seq=0 count=1024
[mono_ns=7317215720088642][T0xe366557bbca0][WARN] copy_aicore_buffer: [chip_swimlane_collector.cpp:689] Core 51: skipped 1024 AICore record slot(s) with start_time=0 (race-window write or recycled-buffer tail). buf seq=0 count=1024
[mono_ns=7317215720145982][T0xe36654fabca0][WARN] copy_aicore_buffer: [chip_swimlane_collector.cpp:689] Core 53: skipped 1024 AICore record slot(s) with start_time=0 (race-window write or recycled-buffer tail). buf seq=0 count=1024
[mono_ns=7317215720152552][T0xe36655fcbca0][WARN] copy_aicore_buffer: [chip_swimlane_collector.cpp:689] Core 49: skipped 1024 AICore record slot(s) with start_time=0 (race-window write or recycled-buffer tail). buf seq=0 count=1024
[mono_ns=7317215720399792][T0xe366557bbca0][WARN] copy_aicore_buffer: [chip_swimlane_collector.cpp:689] Core 16: skipped 1024 AICore record slot(s) with start_time=0 (race-window write or recycled-buffer tail). buf seq=0 count=1024
[mono_ns=7317215720459212][T0xe36654fabca0][WARN] copy_aicore_buffer: [chip_swimlane_collector.cpp:689] Core 17: skipped 1024 AICore record slot(s) with start_time=0 (race-window write or recycled-buffer tail). buf seq=0 count=1024
[mono_ns=7317215720465932][T0xe36655fcbca0][WARN] copy_aicore_buffer: [chip_swimlane_collector.cpp:689] Core 15: skipped 1024 AICore record slot(s) with start_time=0 (race-window write or recycled-buffer tail). buf seq=0 count=1024
[mono_ns=7317215720710303][T0xe366557bbca0][WARN] copy_aicore_buffer: [chip_swimlane_collector.cpp:689] Core 56: skipped 1024 AICore record slot(s) with start_time=0 (race-window write or recycled-buffer tail). buf seq=0 count=1024
[mono_ns=7317215720771543][T0xe36654fabca0][WARN] copy_aicore_buffer: [chip_swimlane_collector.cpp:689] Core 58: skipped 1024 AICore record slot(s) with start_time=0 (race-window write or recycled-buffer tail). buf seq=0 count=1024
[mono_ns=7317215720800623][T0xe36655fcbca0][WARN] copy_aicore_buffer: [chip_swimlane_collector.cpp:689] Core 54: skipped 1024 AICore record slot(s) with start_time=0 (race-window write or recycled-buffer tail). buf seq=0 count=1024
[mono_ns=7317215721028494][T0xe366557bbca0][WARN] copy_aicore_buffer: [chip_swimlane_collector.cpp:689] Core 57: skipped 1024 AICore record slot(s) with start_time=0 (race-window write or recycled-buffer tail). buf seq=0 count=1024
[mono_ns=7317215721100834][T0xe36654fabca0][WARN] copy_aicore_buffer: [chip_swimlane_collector.cpp:689] Core 59: skipped 1024 AICore record slot(s) with start_time=0 (race-window write or recycled-buffer tail). buf seq=0 count=1024
[mono_ns=7317215721124044][T0xe36655fcbca0][WARN] copy_aicore_buffer: [chip_swimlane_collector.cpp:689] Core 55: skipped 1024 AICore record slot(s) with start_time=0 (race-window write or recycled-buffer tail). buf seq=0 count=1024
[mono_ns=7317215721339595][T0xe366557bbca0][WARN] copy_aicore_buffer: [chip_swimlane_collector.cpp:689] Core 19: skipped 1024 AICore record slot(s) with start_time=0 (race-window write or recycled-buffer tail). buf seq=0 count=1024
[mono_ns=7317215721413995][T0xe36654fabca0][WARN] copy_aicore_buffer: [chip_swimlane_collector.cpp:689] Core 20: skipped 1024 AICore record slot(s) with start_time=0 (race-window write or recycled-buffer tail). buf seq=0 count=1024
[mono_ns=7317215721437345][T0xe36655fcbca0][WARN] copy_aicore_buffer: [chip_swimlane_collector.cpp:689] Core 18: skipped 1024 AICore record slot(s) with start_time=0 (race-window write or recycled-buffer tail). buf seq=0 count=1024
[mono_ns=7317215721649395][T0xe366557bbca0][WARN] copy_aicore_buffer: [chip_swimlane_collector.cpp:689] Core 62: skipped 1024 AICore record slot(s) with start_time=0 (race-window write or recycled-buffer tail). buf seq=0 count=1024
[mono_ns=7317215721743876][T0xe36654fabca0][WARN] copy_aicore_buffer: [chip_swimlane_collector.cpp:689] Core 64: skipped 1024 AICore record slot(s) with start_time=0 (race-window write or recycled-buffer tail). buf seq=0 count=1024
[mono_ns=7317215721750666][T0xe36655fcbca0][WARN] copy_aicore_buffer: [chip_swimlane_collector.cpp:689] Core 60: skipped 1024 AICore record slot(s) with start_time=0 (race-window write or recycled-buffer tail). buf seq=0 count=1024
[mono_ns=7317215721960296][T0xe366557bbca0][WARN] copy_aicore_buffer: [chip_swimlane_collector.cpp:689] Core 63: skipped 1024 AICore record slot(s) with start_time=0 (race-window write or recycled-buffer tail). buf seq=0 count=1024
[mono_ns=7317215722063106][T0xe36654fabca0][WARN] copy_aicore_buffer: [chip_swimlane_collector.cpp:689] Core 65: skipped 1024 AICore record slot(s) with start_time=0 (race-window write or recycled-buffer tail). buf seq=0 count=1024
[mono_ns=7317215722066616][T0xe36655fcbca0][WARN] copy_aicore_buffer: [chip_swimlane_collector.cpp:689] Core 61: skipped 1024 AICore record slot(s) with start_time=0 (race-window write or recycled-buffer tail). buf seq=0 count=1024
[mono_ns=7317215722276757][T0xe366557bbca0][WARN] copy_aicore_buffer: [chip_swimlane_collector.cpp:689] Core 22: skipped 1024 AICore record slot(s) with start_time=0 (race-window write or recycled-buffer tail). buf seq=0 count=1024
[mono_ns=7317215722375937][T0xe36654fabca0][WARN] copy_aicore_buffer: [chip_swimlane_collector.cpp:689] Core 23: skipped 1024 AICore record slot(s) with start_time=0 (race-window write or recycled-buffer tail). buf seq=0 count=1024
[mono_ns=7317215722405217][T0xe36655fcbca0][WARN] copy_aicore_buffer: [chip_swimlane_collector.cpp:689] Core 21: skipped 1024 AICore record slot(s) with start_time=0 (race-window write or recycled-buffer tail). buf seq=0 count=1024
[mono_ns=7317215722588228][T0xe366557bbca0][WARN] copy_aicore_buffer: [chip_swimlane_collector.cpp:689] Core 68: skipped 1024 AICore record slot(s) with start_time=0 (race-window write or recycled-buffer tail). buf seq=0 count=1024
[mono_ns=7317215722689098][T0xe36654fabca0][WARN] copy_aicore_buffer: [chip_swimlane_collector.cpp:689] Core 70: skipped 1024 AICore record slot(s) with start_time=0 (race-window write or recycled-buffer tail). buf seq=0 count=1024
[mono_ns=7317215722717308][T0xe36655fcbca0][WARN] copy_aicore_buffer: [chip_swimlane_collector.cpp:689] Core 66: skipped 1024 AICore record slot(s) with start_time=0 (race-window write or recycled-buffer tail). buf seq=0 count=1024
[mono_ns=7317215722909129][T0xe366557bbca0][WARN] copy_aicore_buffer: [chip_swimlane_collector.cpp:689] Core 69: skipped 1024 AICore record slot(s) with start_time=0 (race-window write or recycled-buffer tail). buf seq=0 count=1024
[mono_ns=7317215723019929][T0xe36654fabca0][WARN] copy_aicore_buffer: [chip_swimlane_collector.cpp:689] Core 71: skipped 1024 AICore record slot(s) with start_time=0 (race-window write or recycled-buffer tail). buf seq=0 count=1024
[mono_ns=7317215723053349][T0xe36655fcbca0][WARN] copy_aicore_buffer: [chip_swimlane_collector.cpp:689] Core 67: skipped 1024 AICore record slot(s) with start_time=0 (race-window write or recycled-buffer tail). buf seq=0 count=1024
[mono_ns=7317215823671528][T0xe367b203b020][TIMING] emit_host_span: [STRACE] v=1 pid=1247062 tid=1247062 inv=6 hid=616cd77dfbea7d73 depth=1 name=chip.run.runner_run ts=7317215710588278 dur=113076730 
[mono_ns=7317215825803123][T0xe367b203b020][TIMING] emit_host_span: [STRACE] v=1 pid=1247062 tid=1247062 inv=6 hid=616cd77dfbea7d73 depth=1 name=chip.run.validate ts=7317215823682928 dur=2112355 
[mono_ns=7317215825815903][T0xe367b203b020][TIMING] emit_host_span: [STRACE] v=1 pid=1247062 tid=1247062 inv=6 hid=616cd77dfbea7d73 depth=2 name=chip.run.runner_run.device_wall ts=0 dur=4412900 clk=dev
[mono_ns=7317215825820363][T0xe367b203b020][TIMING] emit_host_span: [STRACE] v=1 pid=1247062 tid=1247062 inv=6 hid=616cd77dfbea7d73 depth=3 name=chip.run.runner_run.device_wall.preamble ts=0 dur=114140 clk=dev
[mono_ns=7317215825824443][T0xe367b203b020][TIMING] emit_host_span: [STRACE] v=1 pid=1247062 tid=1247062 inv=6 hid=616cd77dfbea7d73 depth=3 name=chip.run.runner_run.device_wall.graph_build ts=110100 dur=4293840 clk=dev
[mono_ns=7317215825828483][T0xe367b203b020][TIMING] emit_host_span: [STRACE] v=1 pid=1247062 tid=1247062 inv=6 hid=616cd77dfbea7d73 depth=3 name=chip.run.runner_run.device_wall.config_validate ts=110220 dur=679 clk=dev
[mono_ns=7317215825832313][T0xe367b203b020][TIMING] emit_host_span: [STRACE] v=1 pid=1247062 tid=1247062 inv=6 hid=616cd77dfbea7d73 depth=3 name=chip.run.runner_run.device_wall.arena_wire ts=110940 dur=260 clk=dev
[mono_ns=7317215825842303][T0xe367b203b020][TIMING] emit_host_span: [STRACE] v=1 pid=1247062 tid=1247062 inv=6 hid=616cd77dfbea7d73 depth=3 name=chip.run.runner_run.device_wall.sm_reset ts=111220 dur=500 clk=dev
[mono_ns=7317215825846073][T0xe367b203b020][TIMING] emit_host_span: [STRACE] v=1 pid=1247062 tid=1247062 inv=6 hid=616cd77dfbea7d73 depth=3 name=chip.run.runner_run.device_wall.post_orch ts=4403980 dur=8800 clk=dev
[mono_ns=7317215825849753][T0xe367b203b020][TIMING] emit_host_span: [STRACE] v=1 pid=1247062 tid=1247062 inv=6 hid=616cd77dfbea7d73 depth=3 name=chip.run.runner_run.device_wall.orch ts=111780 dur=3940 clk=dev
[mono_ns=7317215825852633][T0xe367b203b020][TIMING] emit_host_span: [STRACE] v=1 pid=1247062 tid=1247062 inv=6 hid=616cd77dfbea7d73 depth=3 name=chip.run.runner_run.device_wall.sched ts=114280 dur=4266599 clk=dev
[mono_ns=7317215825858653][T0xe367b203b020][TIMING] emit_host_span: [STRACE] v=1 pid=1247062 tid=1247062 inv=6 hid=616cd77dfbea7d73 depth=1 name=chip.run.claim_release ts=7317215825855843 dur=1050 
[mono_ns=7317215825864414][T0xe367b203b020][TIMING] emit_host_span: [STRACE] v=1 pid=1247062 tid=1247062 inv=6 hid=616cd77dfbea7d73 depth=0 name=chip.run ts=7317215707800121 dur=118062262 run_id=6 dispatch_id=6 slot_id=0 generation=6 run_epoch=6
[mono_ns=7317220672293633][T0xe367b203b020][TIMING] emit_host_span: [STRACE] v=1 pid=1247062 tid=1247062 inv=7 hid=616cd77dfbea7d73 depth=2 name=chip.run.bind.args ts=7317220670221838 dur=2063305 
[mono_ns=7317220672315913][T0xe367b203b020][TIMING] emit_host_span: [STRACE] v=1 pid=1247062 tid=1247062 inv=7 hid=616cd77dfbea7d73 depth=2 name=chip.run.bind.prebuilt ts=7317220672309093 dur=4200 
[mono_ns=7317220672322453][T0xe367b203b020][TIMING] emit_host_span: [STRACE] v=1 pid=1247062 tid=1247062 inv=7 hid=616cd77dfbea7d73 depth=1 name=chip.run.bind ts=7317220670213318 dur=2106905 
[mono_ns=7317220781406065][T0xe367b203b020][TIMING] emit_host_span: [STRACE] v=1 pid=1247062 tid=1247062 inv=7 hid=616cd77dfbea7d73 depth=1 name=chip.run.runner_run ts=7317220672788654 dur=108599101 
[mono_ns=7317220783471170][T0xe367b203b020][TIMING] emit_host_span: [STRACE] v=1 pid=1247062 tid=1247062 inv=7 hid=616cd77dfbea7d73 depth=1 name=chip.run.validate ts=7317220781426865 dur=2037585 
[mono_ns=7317220783485190][T0xe367b203b020][TIMING] emit_host_span: [STRACE] v=1 pid=1247062 tid=1247062 inv=7 hid=616cd77dfbea7d73 depth=2 name=chip.run.runner_run.device_wall ts=0 dur=6780320 clk=dev
[mono_ns=7317220783489630][T0xe367b203b020][TIMING] emit_host_span: [STRACE] v=1 pid=1247062 tid=1247062 inv=7 hid=616cd77dfbea7d73 depth=3 name=chip.run.runner_run.device_wall.preamble ts=0 dur=6840 clk=dev
[mono_ns=7317220783494070][T0xe367b203b020][TIMING] emit_host_span: [STRACE] v=1 pid=1247062 tid=1247062 inv=7 hid=616cd77dfbea7d73 depth=3 name=chip.run.runner_run.device_wall.graph_build ts=1720 dur=6769060 clk=dev
[mono_ns=7317220783498480][T0xe367b203b020][TIMING] emit_host_span: [STRACE] v=1 pid=1247062 tid=1247062 inv=7 hid=616cd77dfbea7d73 depth=3 name=chip.run.runner_run.device_wall.config_validate ts=1819 dur=780 clk=dev
[mono_ns=7317220783506660][T0xe367b203b020][TIMING] emit_host_span: [STRACE] v=1 pid=1247062 tid=1247062 inv=7 hid=616cd77dfbea7d73 depth=3 name=chip.run.runner_run.device_wall.arena_wire ts=2640 dur=380 clk=dev
[mono_ns=7317220783509690][T0xe367b203b020][TIMING] emit_host_span: [STRACE] v=1 pid=1247062 tid=1247062 inv=7 hid=616cd77dfbea7d73 depth=3 name=chip.run.runner_run.device_wall.sm_reset ts=3040 dur=799 clk=dev
[mono_ns=7317220783513630][T0xe367b203b020][TIMING] emit_host_span: [STRACE] v=1 pid=1247062 tid=1247062 inv=7 hid=616cd77dfbea7d73 depth=3 name=chip.run.runner_run.device_wall.post_orch ts=6770840 dur=9140 clk=dev
[mono_ns=7317220783516560][T0xe367b203b020][TIMING] emit_host_span: [STRACE] v=1 pid=1247062 tid=1247062 inv=7 hid=616cd77dfbea7d73 depth=3 name=chip.run.runner_run.device_wall.orch ts=4540 dur=7800 clk=dev
[mono_ns=7317220783520430][T0xe367b203b020][TIMING] emit_host_span: [STRACE] v=1 pid=1247062 tid=1247062 inv=7 hid=616cd77dfbea7d73 depth=3 name=chip.run.runner_run.device_wall.sched ts=6920 dur=6756660 clk=dev
[mono_ns=7317220783526700][T0xe367b203b020][TIMING] emit_host_span: [STRACE] v=1 pid=1247062 tid=1247062 inv=7 hid=616cd77dfbea7d73 depth=1 name=chip.run.claim_release ts=7317220783524320 dur=590 
[mono_ns=7317220783532000][T0xe367b203b020][TIMING] emit_host_span: [STRACE] v=1 pid=1247062 tid=1247062 inv=7 hid=616cd77dfbea7d73 depth=0 name=chip.run ts=7317220670131547 dur=113398453 run_id=7 dispatch_id=7 slot_id=0 generation=7 run_epoch=7
[mono_ns=7317220794752938][T0xe367b203b020][TIMING] emit_host_span: [STRACE] v=1 pid=1247062 tid=1247062 inv=8 hid=616cd77dfbea7d73 depth=2 name=chip.run.bind.args ts=7317220792673973 dur=2073155 
[mono_ns=7317220794775638][T0xe367b203b020][TIMING] emit_host_span: [STRACE] v=1 pid=1247062 tid=1247062 inv=8 hid=616cd77dfbea7d73 depth=2 name=chip.run.bind.prebuilt ts=7317220794770088 dur=3020 
[mono_ns=7317220794781038][T0xe367b203b020][TIMING] emit_host_span: [STRACE] v=1 pid=1247062 tid=1247062 inv=8 hid=616cd77dfbea7d73 depth=1 name=chip.run.bind ts=7317220792666003 dur=2112925 
[mono_ns=7317220799103519][T0xe36655fcbca0][WARN] copy_aicore_buffer: [chip_swimlane_collector.cpp:689] Core 0: skipped 1024 AICore record slot(s) with start_time=0 (race-window write or recycled-buffer tail). buf seq=0 count=1024
[mono_ns=7317220799173119][T0xe36654fabca0][WARN] copy_aicore_buffer: [chip_swimlane_collector.cpp:689] Core 2: skipped 1024 AICore record slot(s) with start_time=0 (race-window write or recycled-buffer tail). buf seq=0 count=1024
[mono_ns=7317220799383610][T0xe366557bbca0][WARN] copy_aicore_buffer: [chip_swimlane_collector.cpp:689] Core 1: skipped 1024 AICore record slot(s) with start_time=0 (race-window write or recycled-buffer tail). buf seq=0 count=1024
[mono_ns=7317220799429420][T0xe36655fcbca0][WARN] copy_aicore_buffer: [chip_swimlane_collector.cpp:689] Core 24: skipped 1024 AICore record slot(s) with start_time=0 (race-window write or recycled-buffer tail). buf seq=0 count=1024
[mono_ns=7317220799502760][T0xe36654fabca0][WARN] copy_aicore_buffer: [chip_swimlane_collector.cpp:689] Core 28: skipped 1023 AICore record slot(s) with start_time=0 (race-window write or recycled-buffer tail). buf seq=0 count=1024
[mono_ns=7317220799713511][T0xe366557bbca0][WARN] copy_aicore_buffer: [chip_swimlane_collector.cpp:689] Core 26: skipped 1022 AICore record slot(s) with start_time=0 (race-window write or recycled-buffer tail). buf seq=0 count=1024
[mono_ns=7317220799743801][T0xe36655fcbca0][WARN] copy_aicore_buffer: [chip_swimlane_collector.cpp:689] Core 25: skipped 1024 AICore record slot(s) with start_time=0 (race-window write or recycled-buffer tail). buf seq=0 count=1024
[mono_ns=7317220799816361][T0xe36654fabca0][WARN] copy_aicore_buffer: [chip_swimlane_collector.cpp:689] Core 29: skipped 1024 AICore record slot(s) with start_time=0 (race-window write or recycled-buffer tail). buf seq=0 count=1024
[mono_ns=7317220800054711][T0xe366557bbca0][WARN] copy_aicore_buffer: [chip_swimlane_collector.cpp:689] Core 27: skipped 1024 AICore record slot(s) with start_time=0 (race-window write or recycled-buffer tail). buf seq=0 count=1024
[mono_ns=7317220800065971][T0xe36655fcbca0][WARN] copy_aicore_buffer: [chip_swimlane_collector.cpp:689] Core 3: skipped 1024 AICore record slot(s) with start_time=0 (race-window write or recycled-buffer tail). buf seq=0 count=1024
[mono_ns=7317220800141932][T0xe36654fabca0][WARN] copy_aicore_buffer: [chip_swimlane_collector.cpp:689] Core 5: skipped 1024 AICore record slot(s) with start_time=0 (race-window write or recycled-buffer tail). buf seq=0 count=1024
[mono_ns=7317220800367132][T0xe366557bbca0][WARN] copy_aicore_buffer: [chip_swimlane_collector.cpp:689] Core 4: skipped 1024 AICore record slot(s) with start_time=0 (race-window write or recycled-buffer tail). buf seq=0 count=1024
[mono_ns=7317220800378372][T0xe36655fcbca0][WARN] copy_aicore_buffer: [chip_swimlane_collector.cpp:689] Core 30: skipped 1024 AICore record slot(s) with start_time=0 (race-window write or recycled-buffer tail). buf seq=0 count=1024
[mono_ns=7317220800455642][T0xe36654fabca0][WARN] copy_aicore_buffer: [chip_swimlane_collector.cpp:689] Core 34: skipped 1024 AICore record slot(s) with start_time=0 (race-window write or recycled-buffer tail). buf seq=0 count=1024
[mono_ns=7317220800678263][T0xe366557bbca0][WARN] copy_aicore_buffer: [chip_swimlane_collector.cpp:689] Core 32: skipped 1024 AICore record slot(s) with start_time=0 (race-window write or recycled-buffer tail). buf seq=0 count=1024
[mono_ns=7317220800689123][T0xe36655fcbca0][WARN] copy_aicore_buffer: [chip_swimlane_collector.cpp:689] Core 31: skipped 1024 AICore record slot(s) with start_time=0 (race-window write or recycled-buffer tail). buf seq=0 count=1024
[mono_ns=7317220800786603][T0xe36654fabca0][WARN] copy_aicore_buffer: [chip_swimlane_collector.cpp:689] Core 35: skipped 1024 AICore record slot(s) with start_time=0 (race-window write or recycled-buffer tail). buf seq=0 count=1024
[mono_ns=7317220800987184][T0xe366557bbca0][WARN] copy_aicore_buffer: [chip_swimlane_collector.cpp:689] Core 33: skipped 1024 AICore record slot(s) with start_time=0 (race-window write or recycled-buffer tail). buf seq=0 count=1024
[mono_ns=7317220801013914][T0xe36655fcbca0][WARN] copy_aicore_buffer: [chip_swimlane_collector.cpp:689] Core 6: skipped 1024 AICore record slot(s) with start_time=0 (race-window write or recycled-buffer tail). buf seq=0 count=1024
[mono_ns=7317220801113584][T0xe36654fabca0][WARN] copy_aicore_buffer: [chip_swimlane_collector.cpp:689] Core 8: skipped 1024 AICore record slot(s) with start_time=0 (race-window write or recycled-buffer tail). buf seq=0 count=1024
[mono_ns=7317220801306634][T0xe366557bbca0][WARN] copy_aicore_buffer: [chip_swimlane_collector.cpp:689] Core 7: skipped 1024 AICore record slot(s) with start_time=0 (race-window write or recycled-buffer tail). buf seq=0 count=1024
[mono_ns=7317220801325805][T0xe36655fcbca0][WARN] copy_aicore_buffer: [chip_swimlane_collector.cpp:689] Core 36: skipped 1024 AICore record slot(s) with start_time=0 (race-window write or recycled-buffer tail). buf seq=0 count=1024
[mono_ns=7317220801426545][T0xe36654fabca0][WARN] copy_aicore_buffer: [chip_swimlane_collector.cpp:689] Core 40: skipped 1024 AICore record slot(s) with start_time=0 (race-window write or recycled-buffer tail). buf seq=0 count=1024
[mono_ns=7317220801648305][T0xe366557bbca0][WARN] copy_aicore_buffer: [chip_swimlane_collector.cpp:689] Core 38: skipped 1024 AICore record slot(s) with start_time=0 (race-window write or recycled-buffer tail). buf seq=0 count=1024
[mono_ns=7317220801650215][T0xe36655fcbca0][WARN] copy_aicore_buffer: [chip_swimlane_collector.cpp:689] Core 37: skipped 1024 AICore record slot(s) with start_time=0 (race-window write or recycled-buffer tail). buf seq=0 count=1024
[mono_ns=7317220801744286][T0xe36654fabca0][WARN] copy_aicore_buffer: [chip_swimlane_collector.cpp:689] Core 41: skipped 1024 AICore record slot(s) with start_time=0 (race-window write or recycled-buffer tail). buf seq=0 count=1024
[mono_ns=7317220801959836][T0xe366557bbca0][WARN] copy_aicore_buffer: [chip_swimlane_collector.cpp:689] Core 39: skipped 1024 AICore record slot(s) with start_time=0 (race-window write or recycled-buffer tail). buf seq=0 count=1024
[mono_ns=7317220801961476][T0xe36655fcbca0][WARN] copy_aicore_buffer: [chip_swimlane_collector.cpp:689] Core 9: skipped 1024 AICore record slot(s) with start_time=0 (race-window write or recycled-buffer tail). buf seq=0 count=1024
[mono_ns=7317220802070856][T0xe36654fabca0][WARN] copy_aicore_buffer: [chip_swimlane_collector.cpp:689] Core 11: skipped 1024 AICore record slot(s) with start_time=0 (race-window write or recycled-buffer tail). buf seq=0 count=1024
[mono_ns=7317220802283027][T0xe366557bbca0][WARN] copy_aicore_buffer: [chip_swimlane_collector.cpp:689] Core 10: skipped 1024 AICore record slot(s) with start_time=0 (race-window write or recycled-buffer tail). buf seq=0 count=1024
[mono_ns=7317220802286717][T0xe36655fcbca0][WARN] copy_aicore_buffer: [chip_swimlane_collector.cpp:689] Core 42: skipped 1024 AICore record slot(s) with start_time=0 (race-window write or recycled-buffer tail). buf seq=0 count=1024
[mono_ns=7317220802417077][T0xe36654fabca0][WARN] copy_aicore_buffer: [chip_swimlane_collector.cpp:689] Core 46: skipped 1024 AICore record slot(s) with start_time=0 (race-window write or recycled-buffer tail). buf seq=0 count=1024
[mono_ns=7317220802593328][T0xe366557bbca0][WARN] copy_aicore_buffer: [chip_swimlane_collector.cpp:689] Core 44: skipped 1024 AICore record slot(s) with start_time=0 (race-window write or recycled-buffer tail). buf seq=0 count=1024
[mono_ns=7317220802598888][T0xe36655fcbca0][WARN] copy_aicore_buffer: [chip_swimlane_collector.cpp:689] Core 43: skipped 1024 AICore record slot(s) with start_time=0 (race-window write or recycled-buffer tail). buf seq=0 count=1024
[mono_ns=7317220802730598][T0xe36654fabca0][WARN] copy_aicore_buffer: [chip_swimlane_collector.cpp:689] Core 47: skipped 1024 AICore record slot(s) with start_time=0 (race-window write or recycled-buffer tail). buf seq=0 count=1024
[mono_ns=7317220802903978][T0xe366557bbca0][WARN] copy_aicore_buffer: [chip_swimlane_collector.cpp:689] Core 45: skipped 1024 AICore record slot(s) with start_time=0 (race-window write or recycled-buffer tail). buf seq=0 count=1024
[mono_ns=7317220802910168][T0xe36655fcbca0][WARN] copy_aicore_buffer: [chip_swimlane_collector.cpp:689] Core 12: skipped 1024 AICore record slot(s) with start_time=0 (race-window write or recycled-buffer tail). buf seq=0 count=1024
[mono_ns=7317220803055449][T0xe36654fabca0][WARN] copy_aicore_buffer: [chip_swimlane_collector.cpp:689] Core 14: skipped 1024 AICore record slot(s) with start_time=0 (race-window write or recycled-buffer tail). buf seq=0 count=1024
[mono_ns=7317220803220649][T0xe366557bbca0][WARN] copy_aicore_buffer: [chip_swimlane_collector.cpp:689] Core 13: skipped 1024 AICore record slot(s) with start_time=0 (race-window write or recycled-buffer tail). buf seq=0 count=1024
[mono_ns=7317220803238059][T0xe36655fcbca0][WARN] copy_aicore_buffer: [chip_swimlane_collector.cpp:689] Core 48: skipped 1024 AICore record slot(s) with start_time=0 (race-window write or recycled-buffer tail). buf seq=0 count=1024
[mono_ns=7317220803368450][T0xe36654fabca0][WARN] copy_aicore_buffer: [chip_swimlane_collector.cpp:689] Core 52: skipped 1024 AICore record slot(s) with start_time=0 (race-window write or recycled-buffer tail). buf seq=0 count=1024
[mono_ns=7317220803532290][T0xe366557bbca0][WARN] copy_aicore_buffer: [chip_swimlane_collector.cpp:689] Core 50: skipped 1024 AICore record slot(s) with start_time=0 (race-window write or recycled-buffer tail). buf seq=0 count=1024
[mono_ns=7317220803550910][T0xe36655fcbca0][WARN] copy_aicore_buffer: [chip_swimlane_collector.cpp:689] Core 49: skipped 1024 AICore record slot(s) with start_time=0 (race-window write or recycled-buffer tail). buf seq=0 count=1024
[mono_ns=7317220803681610][T0xe36654fabca0][WARN] copy_aicore_buffer: [chip_swimlane_collector.cpp:689] Core 53: skipped 1024 AICore record slot(s) with start_time=0 (race-window write or recycled-buffer tail). buf seq=0 count=1024
[mono_ns=7317220803842631][T0xe366557bbca0][WARN] copy_aicore_buffer: [chip_swimlane_collector.cpp:689] Core 51: skipped 1024 AICore record slot(s) with start_time=0 (race-window write or recycled-buffer tail). buf seq=0 count=1024
[mono_ns=7317220803863061][T0xe36655fcbca0][WARN] copy_aicore_buffer: [chip_swimlane_collector.cpp:689] Core 15: skipped 1024 AICore record slot(s) with start_time=0 (race-window write or recycled-buffer tail). buf seq=0 count=1024
[mono_ns=7317220803993581][T0xe36654fabca0][WARN] copy_aicore_buffer: [chip_swimlane_collector.cpp:689] Core 17: skipped 1024 AICore record slot(s) with start_time=0 (race-window write or recycled-buffer tail). buf seq=0 count=1024
[mono_ns=7317220804172212][T0xe366557bbca0][WARN] copy_aicore_buffer: [chip_swimlane_collector.cpp:689] Core 16: skipped 1024 AICore record slot(s) with start_time=0 (race-window write or recycled-buffer tail). buf seq=0 count=1024
[mono_ns=7317220804183032][T0xe36655fcbca0][WARN] copy_aicore_buffer: [chip_swimlane_collector.cpp:689] Core 54: skipped 1024 AICore record slot(s) with start_time=0 (race-window write or recycled-buffer tail). buf seq=0 count=1024
[mono_ns=7317220804323962][T0xe36654fabca0][WARN] copy_aicore_buffer: [chip_swimlane_collector.cpp:689] Core 58: skipped 1024 AICore record slot(s) with start_time=0 (race-window write or recycled-buffer tail). buf seq=0 count=1024
[mono_ns=7317220804483622][T0xe366557bbca0][WARN] copy_aicore_buffer: [chip_swimlane_collector.cpp:689] Core 56: skipped 1024 AICore record slot(s) with start_time=0 (race-window write or recycled-buffer tail). buf seq=0 count=1024
[mono_ns=7317220804493032][T0xe36655fcbca0][WARN] copy_aicore_buffer: [chip_swimlane_collector.cpp:689] Core 55: skipped 1024 AICore record slot(s) with start_time=0 (race-window write or recycled-buffer tail). buf seq=0 count=1024
[mono_ns=7317220804636533][T0xe36654fabca0][WARN] copy_aicore_buffer: [chip_swimlane_collector.cpp:689] Core 59: skipped 1024 AICore record slot(s) with start_time=0 (race-window write or recycled-buffer tail). buf seq=0 count=1024
[mono_ns=7317220804793513][T0xe366557bbca0][WARN] copy_aicore_buffer: [chip_swimlane_collector.cpp:689] Core 57: skipped 1024 AICore record slot(s) with start_time=0 (race-window write or recycled-buffer tail). buf seq=0 count=1024
[mono_ns=7317220804835223][T0xe36655fcbca0][WARN] copy_aicore_buffer: [chip_swimlane_collector.cpp:689] Core 18: skipped 1024 AICore record slot(s) with start_time=0 (race-window write or recycled-buffer tail). buf seq=0 count=1024
[mono_ns=7317220804949804][T0xe36654fabca0][WARN] copy_aicore_buffer: [chip_swimlane_collector.cpp:689] Core 20: skipped 1024 AICore record slot(s) with start_time=0 (race-window write or recycled-buffer tail). buf seq=0 count=1024
[mono_ns=7317220805125794][T0xe366557bbca0][WARN] copy_aicore_buffer: [chip_swimlane_collector.cpp:689] Core 19: skipped 1024 AICore record slot(s) with start_time=0 (race-window write or recycled-buffer tail). buf seq=0 count=1024
[mono_ns=7317220805161434][T0xe36655fcbca0][WARN] copy_aicore_buffer: [chip_swimlane_collector.cpp:689] Core 60: skipped 1024 AICore record slot(s) with start_time=0 (race-window write or recycled-buffer tail). buf seq=0 count=1024
[mono_ns=7317220805268774][T0xe36654fabca0][WARN] copy_aicore_buffer: [chip_swimlane_collector.cpp:689] Core 64: skipped 1024 AICore record slot(s) with start_time=0 (race-window write or recycled-buffer tail). buf seq=0 count=1024
[mono_ns=7317220805436605][T0xe366557bbca0][WARN] copy_aicore_buffer: [chip_swimlane_collector.cpp:689] Core 62: skipped 1024 AICore record slot(s) with start_time=0 (race-window write or recycled-buffer tail). buf seq=0 count=1024
[mono_ns=7317220805474175][T0xe36655fcbca0][WARN] copy_aicore_buffer: [chip_swimlane_collector.cpp:689] Core 61: skipped 1024 AICore record slot(s) with start_time=0 (race-window write or recycled-buffer tail). buf seq=0 count=1024
[mono_ns=7317220805582175][T0xe36654fabca0][WARN] copy_aicore_buffer: [chip_swimlane_collector.cpp:689] Core 65: skipped 1024 AICore record slot(s) with start_time=0 (race-window write or recycled-buffer tail). buf seq=0 count=1024
[mono_ns=7317220805769746][T0xe366557bbca0][WARN] copy_aicore_buffer: [chip_swimlane_collector.cpp:689] Core 63: skipped 1024 AICore record slot(s) with start_time=0 (race-window write or recycled-buffer tail). buf seq=0 count=1024
[mono_ns=7317220805788556][T0xe36655fcbca0][WARN] copy_aicore_buffer: [chip_swimlane_collector.cpp:689] Core 21: skipped 1024 AICore record slot(s) with start_time=0 (race-window write or recycled-buffer tail). buf seq=0 count=1024
[mono_ns=7317220805895176][T0xe36654fabca0][WARN] copy_aicore_buffer: [chip_swimlane_collector.cpp:689] Core 23: skipped 1024 AICore record slot(s) with start_time=0 (race-window write or recycled-buffer tail). buf seq=0 count=1024
[mono_ns=7317220806089926][T0xe366557bbca0][WARN] copy_aicore_buffer: [chip_swimlane_collector.cpp:689] Core 22: skipped 1024 AICore record slot(s) with start_time=0 (race-window write or recycled-buffer tail). buf seq=0 count=1024
[mono_ns=7317220806114646][T0xe36655fcbca0][WARN] copy_aicore_buffer: [chip_swimlane_collector.cpp:689] Core 66: skipped 1024 AICore record slot(s) with start_time=0 (race-window write or recycled-buffer tail). buf seq=0 count=1024
[mono_ns=7317220806214047][T0xe36654fabca0][WARN] copy_aicore_buffer: [chip_swimlane_collector.cpp:689] Core 70: skipped 1024 AICore record slot(s) with start_time=0 (race-window write or recycled-buffer tail). buf seq=0 count=1024
[mono_ns=7317220806401497][T0xe366557bbca0][WARN] copy_aicore_buffer: [chip_swimlane_collector.cpp:689] Core 68: skipped 1024 AICore record slot(s) with start_time=0 (race-window write or recycled-buffer tail). buf seq=0 count=1024
[mono_ns=7317220806428717][T0xe36655fcbca0][WARN] copy_aicore_buffer: [chip_swimlane_collector.cpp:689] Core 67: skipped 1024 AICore record slot(s) with start_time=0 (race-window write or recycled-buffer tail). buf seq=0 count=1024
[mono_ns=7317220806537848][T0xe36654fabca0][WARN] copy_aicore_buffer: [chip_swimlane_collector.cpp:689] Core 71: skipped 1024 AICore record slot(s) with start_time=0 (race-window write or recycled-buffer tail). buf seq=0 count=1024
[mono_ns=7317220806711678][T0xe366557bbca0][WARN] copy_aicore_buffer: [chip_swimlane_collector.cpp:689] Core 69: skipped 1024 AICore record slot(s) with start_time=0 (race-window write or recycled-buffer tail). buf seq=0 count=1024
[mono_ns=7317220907420339][T0xe367b203b020][TIMING] emit_host_span: [STRACE] v=1 pid=1247062 tid=1247062 inv=8 hid=616cd77dfbea7d73 depth=1 name=chip.run.runner_run ts=7317220795088739 dur=112325430 
[mono_ns=7317220910453087][T0xe367b203b020][TIMING] emit_host_span: [STRACE] v=1 pid=1247062 tid=1247062 inv=8 hid=616cd77dfbea7d73 depth=1 name=chip.run.validate ts=7317220907434649 dur=3010708 
[mono_ns=7317220910466407][T0xe367b203b020][TIMING] emit_host_span: [STRACE] v=1 pid=1247062 tid=1247062 inv=8 hid=616cd77dfbea7d73 depth=2 name=chip.run.runner_run.device_wall ts=0 dur=3524480 clk=dev
[mono_ns=7317220910471097][T0xe367b203b020][TIMING] emit_host_span: [STRACE] v=1 pid=1247062 tid=1247062 inv=8 hid=616cd77dfbea7d73 depth=3 name=chip.run.runner_run.device_wall.preamble ts=0 dur=109820 clk=dev
[mono_ns=7317220910480217][T0xe367b203b020][TIMING] emit_host_span: [STRACE] v=1 pid=1247062 tid=1247062 inv=8 hid=616cd77dfbea7d73 depth=3 name=chip.run.runner_run.device_wall.graph_build ts=104780 dur=3410680 clk=dev
[mono_ns=7317220910484367][T0xe367b203b020][TIMING] emit_host_span: [STRACE] v=1 pid=1247062 tid=1247062 inv=8 hid=616cd77dfbea7d73 depth=3 name=chip.run.runner_run.device_wall.config_validate ts=104880 dur=679 clk=dev
[mono_ns=7317220910488327][T0xe367b203b020][TIMING] emit_host_span: [STRACE] v=1 pid=1247062 tid=1247062 inv=8 hid=616cd77dfbea7d73 depth=3 name=chip.run.runner_run.device_wall.arena_wire ts=105600 dur=280 clk=dev
[mono_ns=7317220910492197][T0xe367b203b020][TIMING] emit_host_span: [STRACE] v=1 pid=1247062 tid=1247062 inv=8 hid=616cd77dfbea7d73 depth=3 name=chip.run.runner_run.device_wall.sm_reset ts=105900 dur=480 clk=dev
[mono_ns=7317220910496077][T0xe367b203b020][TIMING] emit_host_span: [STRACE] v=1 pid=1247062 tid=1247062 inv=8 hid=616cd77dfbea7d73 depth=3 name=chip.run.runner_run.device_wall.post_orch ts=3515520 dur=8840 clk=dev
[mono_ns=7317220910500047][T0xe367b203b020][TIMING] emit_host_span: [STRACE] v=1 pid=1247062 tid=1247062 inv=8 hid=616cd77dfbea7d73 depth=3 name=chip.run.runner_run.device_wall.orch ts=106420 dur=3540 clk=dev
[mono_ns=7317220910503857][T0xe367b203b020][TIMING] emit_host_span: [STRACE] v=1 pid=1247062 tid=1247062 inv=8 hid=616cd77dfbea7d73 depth=3 name=chip.run.runner_run.device_wall.sched ts=109960 dur=3381740 clk=dev
[mono_ns=7317220910510747][T0xe367b203b020][TIMING] emit_host_span: [STRACE] v=1 pid=1247062 tid=1247062 inv=8 hid=616cd77dfbea7d73 depth=1 name=chip.run.claim_release ts=7317220910508487 dur=480 
[mono_ns=7317220910516427][T0xe367b203b020][TIMING] emit_host_span: [STRACE] v=1 pid=1247062 tid=1247062 inv=8 hid=616cd77dfbea7d73 depth=0 name=chip.run ts=7317220792636643 dur=117877634 run_id=8 dispatch_id=8 slot_id=0 generation=8 run_epoch=8
[mono_ns=7317225761197292][T0xe367b203b020][TIMING] emit_host_span: [STRACE] v=1 pid=1247062 tid=1247062 inv=9 hid=616cd77dfbea7d73 depth=2 name=chip.run.bind.args ts=7317225759044287 dur=2143305 
[mono_ns=7317225761220192][T0xe367b203b020][TIMING] emit_host_span: [STRACE] v=1 pid=1247062 tid=1247062 inv=9 hid=616cd77dfbea7d73 depth=2 name=chip.run.bind.prebuilt ts=7317225761212812 dur=4890 
[mono_ns=7317225761225952][T0xe367b203b020][TIMING] emit_host_span: [STRACE] v=1 pid=1247062 tid=1247062 inv=9 hid=616cd77dfbea7d73 depth=1 name=chip.run.bind ts=7317225759030347 dur=2192995 
[mono_ns=7317225868711712][T0xe367b203b020][TIMING] emit_host_span: [STRACE] v=1 pid=1247062 tid=1247062 inv=9 hid=616cd77dfbea7d73 depth=1 name=chip.run.runner_run ts=7317225761528993 dur=107166899 
[mono_ns=7317225870855958][T0xe367b203b020][TIMING] emit_host_span: [STRACE] v=1 pid=1247062 tid=1247062 inv=9 hid=616cd77dfbea7d73 depth=1 name=chip.run.validate ts=7317225868734522 dur=2113716 
[mono_ns=7317225870872118][T0xe367b203b020][TIMING] emit_host_span: [STRACE] v=1 pid=1247062 tid=1247062 inv=9 hid=616cd77dfbea7d73 depth=2 name=chip.run.runner_run.device_wall ts=0 dur=5053900 clk=dev
[mono_ns=7317225871037158][T0xe367b203b020][TIMING] emit_host_span: [STRACE] v=1 pid=1247062 tid=1247062 inv=9 hid=616cd77dfbea7d73 depth=3 name=chip.run.runner_run.device_wall.preamble ts=0 dur=10459 clk=dev
[mono_ns=7317225871046488][T0xe367b203b020][TIMING] emit_host_span: [STRACE] v=1 pid=1247062 tid=1247062 inv=9 hid=616cd77dfbea7d73 depth=3 name=chip.run.runner_run.device_wall.graph_build ts=1779 dur=5042380 clk=dev
[mono_ns=7317225871051378][T0xe367b203b020][TIMING] emit_host_span: [STRACE] v=1 pid=1247062 tid=1247062 inv=9 hid=616cd77dfbea7d73 depth=3 name=chip.run.runner_run.device_wall.config_validate ts=2219 dur=1120 clk=dev
[mono_ns=7317225871055048][T0xe367b203b020][TIMING] emit_host_span: [STRACE] v=1 pid=1247062 tid=1247062 inv=9 hid=616cd77dfbea7d73 depth=3 name=chip.run.runner_run.device_wall.arena_wire ts=3360 dur=480 clk=dev
[mono_ns=7317225871058658][T0xe367b203b020][TIMING] emit_host_span: [STRACE] v=1 pid=1247062 tid=1247062 inv=9 hid=616cd77dfbea7d73 depth=3 name=chip.run.runner_run.device_wall.sm_reset ts=3860 dur=1359 clk=dev
[mono_ns=7317225871062168][T0xe367b203b020][TIMING] emit_host_span: [STRACE] v=1 pid=1247062 tid=1247062 inv=9 hid=616cd77dfbea7d73 depth=3 name=chip.run.runner_run.device_wall.post_orch ts=5044220 dur=9100 clk=dev
[mono_ns=7317225871066468][T0xe367b203b020][TIMING] emit_host_span: [STRACE] v=1 pid=1247062 tid=1247062 inv=9 hid=616cd77dfbea7d73 depth=3 name=chip.run.runner_run.device_wall.orch ts=6180 dur=10320 clk=dev
[mono_ns=7317225871069898][T0xe367b203b020][TIMING] emit_host_span: [STRACE] v=1 pid=1247062 tid=1247062 inv=9 hid=616cd77dfbea7d73 depth=3 name=chip.run.runner_run.device_wall.sched ts=10700 dur=5025740 clk=dev
[mono_ns=7317225871106288][T0xe367b203b020][TIMING] emit_host_span: [STRACE] v=1 pid=1247062 tid=1247062 inv=9 hid=616cd77dfbea7d73 depth=1 name=chip.run.claim_release ts=7317225871102208 dur=1350 
[mono_ns=7317225871115278][T0xe367b203b020][TIMING] emit_host_span: [STRACE] v=1 pid=1247062 tid=1247062 inv=9 hid=616cd77dfbea7d73 depth=0 name=chip.run ts=7317225758946627 dur=112166621 run_id=9 dispatch_id=9 slot_id=0 generation=9 run_epoch=9
[mono_ns=7317225882834188][T0xe367b203b020][TIMING] emit_host_span: [STRACE] v=1 pid=1247062 tid=1247062 inv=10 hid=616cd77dfbea7d73 depth=2 name=chip.run.bind.args ts=7317225880456512 dur=2371936 
[mono_ns=7317225882850598][T0xe367b203b020][TIMING] emit_host_span: [STRACE] v=1 pid=1247062 tid=1247062 inv=10 hid=616cd77dfbea7d73 depth=2 name=chip.run.bind.prebuilt ts=7317225882843778 dur=4440 
[mono_ns=7317225882856078][T0xe367b203b020][TIMING] emit_host_span: [STRACE] v=1 pid=1247062 tid=1247062 inv=10 hid=616cd77dfbea7d73 depth=1 name=chip.run.bind ts=7317225880446112 dur=2407486 
[mono_ns=7317225887891290][T0xe36655fcbca0][WARN] copy_aicore_buffer: [chip_swimlane_collector.cpp:689] Core 0: skipped 1024 AICore record slot(s) with start_time=0 (race-window write or recycled-buffer tail). buf seq=0 count=1024
[mono_ns=7317225887896800][T0xe366557bbca0][WARN] copy_aicore_buffer: [chip_swimlane_collector.cpp:689] Core 1: skipped 1024 AICore record slot(s) with start_time=0 (race-window write or recycled-buffer tail). buf seq=0 count=1024
[mono_ns=7317225887953491][T0xe36654fabca0][WARN] copy_aicore_buffer: [chip_swimlane_collector.cpp:689] Core 2: skipped 1024 AICore record slot(s) with start_time=0 (race-window write or recycled-buffer tail). buf seq=0 count=1024
[mono_ns=7317225888231121][T0xe366557bbca0][WARN] copy_aicore_buffer: [chip_swimlane_collector.cpp:689] Core 26: skipped 1024 AICore record slot(s) with start_time=0 (race-window write or recycled-buffer tail). buf seq=0 count=1024
[mono_ns=7317225888233901][T0xe36655fcbca0][WARN] copy_aicore_buffer: [chip_swimlane_collector.cpp:689] Core 24: skipped 1022 AICore record slot(s) with start_time=0 (race-window write or recycled-buffer tail). buf seq=0 count=1024
[mono_ns=7317225888314321][T0xe36654fabca0][WARN] copy_aicore_buffer: [chip_swimlane_collector.cpp:689] Core 28: skipped 1023 AICore record slot(s) with start_time=0 (race-window write or recycled-buffer tail). buf seq=0 count=1024
[mono_ns=7317225888548202][T0xe366557bbca0][WARN] copy_aicore_buffer: [chip_swimlane_collector.cpp:689] Core 27: skipped 1024 AICore record slot(s) with start_time=0 (race-window write or recycled-buffer tail). buf seq=0 count=1024
[mono_ns=7317225888550472][T0xe36655fcbca0][WARN] copy_aicore_buffer: [chip_swimlane_collector.cpp:689] Core 25: skipped 1024 AICore record slot(s) with start_time=0 (race-window write or recycled-buffer tail). buf seq=0 count=1024
[mono_ns=7317225888632172][T0xe36654fabca0][WARN] copy_aicore_buffer: [chip_swimlane_collector.cpp:689] Core 29: skipped 1024 AICore record slot(s) with start_time=0 (race-window write or recycled-buffer tail). buf seq=0 count=1024
[mono_ns=7317225888860063][T0xe366557bbca0][WARN] copy_aicore_buffer: [chip_swimlane_collector.cpp:689] Core 4: skipped 1024 AICore record slot(s) with start_time=0 (race-window write or recycled-buffer tail). buf seq=0 count=1024
[mono_ns=7317225888862293][T0xe36655fcbca0][WARN] copy_aicore_buffer: [chip_swimlane_collector.cpp:689] Core 3: skipped 1024 AICore record slot(s) with start_time=0 (race-window write or recycled-buffer tail). buf seq=0 count=1024
[mono_ns=7317225888943973][T0xe36654fabca0][WARN] copy_aicore_buffer: [chip_swimlane_collector.cpp:689] Core 5: skipped 1024 AICore record slot(s) with start_time=0 (race-window write or recycled-buffer tail). buf seq=0 count=1024
[mono_ns=7317225889193954][T0xe36655fcbca0][WARN] copy_aicore_buffer: [chip_swimlane_collector.cpp:689] Core 30: skipped 1024 AICore record slot(s) with start_time=0 (race-window write or recycled-buffer tail). buf seq=0 count=1024
[mono_ns=7317225889220334][T0xe366557bbca0][WARN] copy_aicore_buffer: [chip_swimlane_collector.cpp:689] Core 32: skipped 1024 AICore record slot(s) with start_time=0 (race-window write or recycled-buffer tail). buf seq=0 count=1024
[mono_ns=7317225889275764][T0xe36654fabca0][WARN] copy_aicore_buffer: [chip_swimlane_collector.cpp:689] Core 34: skipped 1024 AICore record slot(s) with start_time=0 (race-window write or recycled-buffer tail). buf seq=0 count=1024
[mono_ns=7317225889507844][T0xe36655fcbca0][WARN] copy_aicore_buffer: [chip_swimlane_collector.cpp:689] Core 31: skipped 1024 AICore record slot(s) with start_time=0 (race-window write or recycled-buffer tail). buf seq=0 count=1024
[mono_ns=7317225889531685][T0xe366557bbca0][WARN] copy_aicore_buffer: [chip_swimlane_collector.cpp:689] Core 33: skipped 1024 AICore record slot(s) with start_time=0 (race-window write or recycled-buffer tail). buf seq=0 count=1024
[mono_ns=7317225889587735][T0xe36654fabca0][WARN] copy_aicore_buffer: [chip_swimlane_collector.cpp:689] Core 35: skipped 1024 AICore record slot(s) with start_time=0 (race-window write or recycled-buffer tail). buf seq=0 count=1024
[mono_ns=7317225889819315][T0xe36655fcbca0][WARN] copy_aicore_buffer: [chip_swimlane_collector.cpp:689] Core 6: skipped 1024 AICore record slot(s) with start_time=0 (race-window write or recycled-buffer tail). buf seq=0 count=1024
[mono_ns=7317225889842635][T0xe366557bbca0][WARN] copy_aicore_buffer: [chip_swimlane_collector.cpp:689] Core 7: skipped 1024 AICore record slot(s) with start_time=0 (race-window write or recycled-buffer tail). buf seq=0 count=1024
[mono_ns=7317225889950996][T0xe36654fabca0][WARN] copy_aicore_buffer: [chip_swimlane_collector.cpp:689] Core 8: skipped 1024 AICore record slot(s) with start_time=0 (race-window write or recycled-buffer tail). buf seq=0 count=1024
[mono_ns=7317225890142986][T0xe36655fcbca0][WARN] copy_aicore_buffer: [chip_swimlane_collector.cpp:689] Core 36: skipped 1024 AICore record slot(s) with start_time=0 (race-window write or recycled-buffer tail). buf seq=0 count=1024
[mono_ns=7317225890159806][T0xe366557bbca0][WARN] copy_aicore_buffer: [chip_swimlane_collector.cpp:689] Core 38: skipped 1024 AICore record slot(s) with start_time=0 (race-window write or recycled-buffer tail). buf seq=0 count=1024
[mono_ns=7317225890271306][T0xe36654fabca0][WARN] copy_aicore_buffer: [chip_swimlane_collector.cpp:689] Core 40: skipped 1024 AICore record slot(s) with start_time=0 (race-window write or recycled-buffer tail). buf seq=0 count=1024
[mono_ns=7317225890456417][T0xe36655fcbca0][WARN] copy_aicore_buffer: [chip_swimlane_collector.cpp:689] Core 37: skipped 1024 AICore record slot(s) with start_time=0 (race-window write or recycled-buffer tail). buf seq=0 count=1024
[mono_ns=7317225890468957][T0xe366557bbca0][WARN] copy_aicore_buffer: [chip_swimlane_collector.cpp:689] Core 39: skipped 1024 AICore record slot(s) with start_time=0 (race-window write or recycled-buffer tail). buf seq=0 count=1024
[mono_ns=7317225890583747][T0xe36654fabca0][WARN] copy_aicore_buffer: [chip_swimlane_collector.cpp:689] Core 41: skipped 1024 AICore record slot(s) with start_time=0 (race-window write or recycled-buffer tail). buf seq=0 count=1024
[mono_ns=7317225890770068][T0xe36655fcbca0][WARN] copy_aicore_buffer: [chip_swimlane_collector.cpp:689] Core 9: skipped 1024 AICore record slot(s) with start_time=0 (race-window write or recycled-buffer tail). buf seq=0 count=1024
[mono_ns=7317225890802128][T0xe366557bbca0][WARN] copy_aicore_buffer: [chip_swimlane_collector.cpp:689] Core 10: skipped 1024 AICore record slot(s) with start_time=0 (race-window write or recycled-buffer tail). buf seq=0 count=1024
[mono_ns=7317225890897408][T0xe36654fabca0][WARN] copy_aicore_buffer: [chip_swimlane_collector.cpp:689] Core 11: skipped 1024 AICore record slot(s) with start_time=0 (race-window write or recycled-buffer tail). buf seq=0 count=1024
[mono_ns=7317225891093848][T0xe36655fcbca0][WARN] copy_aicore_buffer: [chip_swimlane_collector.cpp:689] Core 42: skipped 1024 AICore record slot(s) with start_time=0 (race-window write or recycled-buffer tail). buf seq=0 count=1024
[mono_ns=7317225891123259][T0xe366557bbca0][WARN] copy_aicore_buffer: [chip_swimlane_collector.cpp:689] Core 44: skipped 1024 AICore record slot(s) with start_time=0 (race-window write or recycled-buffer tail). buf seq=0 count=1024
[mono_ns=7317225891216639][T0xe36654fabca0][WARN] copy_aicore_buffer: [chip_swimlane_collector.cpp:689] Core 46: skipped 1024 AICore record slot(s) with start_time=0 (race-window write or recycled-buffer tail). buf seq=0 count=1024
[mono_ns=7317225891406369][T0xe36655fcbca0][WARN] copy_aicore_buffer: [chip_swimlane_collector.cpp:689] Core 43: skipped 1024 AICore record slot(s) with start_time=0 (race-window write or recycled-buffer tail). buf seq=0 count=1024
[mono_ns=7317225891433819][T0xe366557bbca0][WARN] copy_aicore_buffer: [chip_swimlane_collector.cpp:689] Core 45: skipped 1024 AICore record slot(s) with start_time=0 (race-window write or recycled-buffer tail). buf seq=0 count=1024
[mono_ns=7317225891532860][T0xe36654fabca0][WARN] copy_aicore_buffer: [chip_swimlane_collector.cpp:689] Core 47: skipped 1024 AICore record slot(s) with start_time=0 (race-window write or recycled-buffer tail). buf seq=0 count=1024
[mono_ns=7317225891728620][T0xe36655fcbca0][WARN] copy_aicore_buffer: [chip_swimlane_collector.cpp:689] Core 12: skipped 1024 AICore record slot(s) with start_time=0 (race-window write or recycled-buffer tail). buf seq=0 count=1024
[mono_ns=7317225891745010][T0xe366557bbca0][WARN] copy_aicore_buffer: [chip_swimlane_collector.cpp:689] Core 13: skipped 1024 AICore record slot(s) with start_time=0 (race-window write or recycled-buffer tail). buf seq=0 count=1024
[mono_ns=7317225891844760][T0xe36654fabca0][WARN] copy_aicore_buffer: [chip_swimlane_collector.cpp:689] Core 14: skipped 1024 AICore record slot(s) with start_time=0 (race-window write or recycled-buffer tail). buf seq=0 count=1024
[mono_ns=7317225892055041][T0xe36655fcbca0][WARN] copy_aicore_buffer: [chip_swimlane_collector.cpp:689] Core 48: skipped 1024 AICore record slot(s) with start_time=0 (race-window write or recycled-buffer tail). buf seq=0 count=1024
[mono_ns=7317225892059201][T0xe366557bbca0][WARN] copy_aicore_buffer: [chip_swimlane_collector.cpp:689] Core 50: skipped 1024 AICore record slot(s) with start_time=0 (race-window write or recycled-buffer tail). buf seq=0 count=1024
[mono_ns=7317225892160901][T0xe36654fabca0][WARN] copy_aicore_buffer: [chip_swimlane_collector.cpp:689] Core 52: skipped 1024 AICore record slot(s) with start_time=0 (race-window write or recycled-buffer tail). buf seq=0 count=1024
[mono_ns=7317225892366602][T0xe36655fcbca0][WARN] copy_aicore_buffer: [chip_swimlane_collector.cpp:689] Core 49: skipped 1024 AICore record slot(s) with start_time=0 (race-window write or recycled-buffer tail). buf seq=0 count=1024
[mono_ns=7317225892388982][T0xe366557bbca0][WARN] copy_aicore_buffer: [chip_swimlane_collector.cpp:689] Core 51: skipped 1021 AICore record slot(s) with start_time=0 (race-window write or recycled-buffer tail). buf seq=0 count=1024
[mono_ns=7317225892471332][T0xe36654fabca0][WARN] copy_aicore_buffer: [chip_swimlane_collector.cpp:689] Core 53: skipped 1024 AICore record slot(s) with start_time=0 (race-window write or recycled-buffer tail). buf seq=0 count=1024
[mono_ns=7317225892678972][T0xe36655fcbca0][WARN] copy_aicore_buffer: [chip_swimlane_collector.cpp:689] Core 15: skipped 1024 AICore record slot(s) with start_time=0 (race-window write or recycled-buffer tail). buf seq=0 count=1024
[mono_ns=7317225892699402][T0xe366557bbca0][WARN] copy_aicore_buffer: [chip_swimlane_collector.cpp:689] Core 16: skipped 1024 AICore record slot(s) with start_time=0 (race-window write or recycled-buffer tail). buf seq=0 count=1024
[mono_ns=7317225892782793][T0xe36654fabca0][WARN] copy_aicore_buffer: [chip_swimlane_collector.cpp:689] Core 17: skipped 1024 AICore record slot(s) with start_time=0 (race-window write or recycled-buffer tail). buf seq=0 count=1024
[mono_ns=7317225892990833][T0xe36655fcbca0][WARN] copy_aicore_buffer: [chip_swimlane_collector.cpp:689] Core 54: skipped 1024 AICore record slot(s) with start_time=0 (race-window write or recycled-buffer tail). buf seq=0 count=1024
[mono_ns=7317225893017253][T0xe366557bbca0][WARN] copy_aicore_buffer: [chip_swimlane_collector.cpp:689] Core 56: skipped 1024 AICore record slot(s) with start_time=0 (race-window write or recycled-buffer tail). buf seq=0 count=1024
[mono_ns=7317225893104024][T0xe36654fabca0][WARN] copy_aicore_buffer: [chip_swimlane_collector.cpp:689] Core 58: skipped 1024 AICore record slot(s) with start_time=0 (race-window write or recycled-buffer tail). buf seq=0 count=1024
[mono_ns=7317225893339984][T0xe366557bbca0][WARN] copy_aicore_buffer: [chip_swimlane_collector.cpp:689] Core 57: skipped 1024 AICore record slot(s) with start_time=0 (race-window write or recycled-buffer tail). buf seq=0 count=1024
[mono_ns=7317225893344494][T0xe36655fcbca0][WARN] copy_aicore_buffer: [chip_swimlane_collector.cpp:689] Core 55: skipped 1024 AICore record slot(s) with start_time=0 (race-window write or recycled-buffer tail). buf seq=0 count=1024
[mono_ns=7317225893417074][T0xe36654fabca0][WARN] copy_aicore_buffer: [chip_swimlane_collector.cpp:689] Core 59: skipped 1024 AICore record slot(s) with start_time=0 (race-window write or recycled-buffer tail). buf seq=0 count=1024
[mono_ns=7317225893651755][T0xe366557bbca0][WARN] copy_aicore_buffer: [chip_swimlane_collector.cpp:689] Core 19: skipped 1024 AICore record slot(s) with start_time=0 (race-window write or recycled-buffer tail). buf seq=0 count=1024
[mono_ns=7317225893656955][T0xe36655fcbca0][WARN] copy_aicore_buffer: [chip_swimlane_collector.cpp:689] Core 18: skipped 1024 AICore record slot(s) with start_time=0 (race-window write or recycled-buffer tail). buf seq=0 count=1024
[mono_ns=7317225893728865][T0xe36654fabca0][WARN] copy_aicore_buffer: [chip_swimlane_collector.cpp:689] Core 20: skipped 1024 AICore record slot(s) with start_time=0 (race-window write or recycled-buffer tail). buf seq=0 count=1024
[mono_ns=7317225893963676][T0xe366557bbca0][WARN] copy_aicore_buffer: [chip_swimlane_collector.cpp:689] Core 62: skipped 1024 AICore record slot(s) with start_time=0 (race-window write or recycled-buffer tail). buf seq=0 count=1024
[mono_ns=7317225893967746][T0xe36655fcbca0][WARN] copy_aicore_buffer: [chip_swimlane_collector.cpp:689] Core 60: skipped 1024 AICore record slot(s) with start_time=0 (race-window write or recycled-buffer tail). buf seq=0 count=1024
[mono_ns=7317225894056256][T0xe36654fabca0][WARN] copy_aicore_buffer: [chip_swimlane_collector.cpp:689] Core 64: skipped 1024 AICore record slot(s) with start_time=0 (race-window write or recycled-buffer tail). buf seq=0 count=1024
[mono_ns=7317225894282786][T0xe366557bbca0][WARN] copy_aicore_buffer: [chip_swimlane_collector.cpp:689] Core 63: skipped 1024 AICore record slot(s) with start_time=0 (race-window write or recycled-buffer tail). buf seq=0 count=1024
[mono_ns=7317225894283906][T0xe36655fcbca0][WARN] copy_aicore_buffer: [chip_swimlane_collector.cpp:689] Core 61: skipped 1024 AICore record slot(s) with start_time=0 (race-window write or recycled-buffer tail). buf seq=0 count=1024
[mono_ns=7317225894369377][T0xe36654fabca0][WARN] copy_aicore_buffer: [chip_swimlane_collector.cpp:689] Core 65: skipped 1024 AICore record slot(s) with start_time=0 (race-window write or recycled-buffer tail). buf seq=0 count=1024
[mono_ns=7317225894593757][T0xe366557bbca0][WARN] copy_aicore_buffer: [chip_swimlane_collector.cpp:689] Core 22: skipped 1024 AICore record slot(s) with start_time=0 (race-window write or recycled-buffer tail). buf seq=0 count=1024
[mono_ns=7317225894597097][T0xe36655fcbca0][WARN] copy_aicore_buffer: [chip_swimlane_collector.cpp:689] Core 21: skipped 1024 AICore record slot(s) with start_time=0 (race-window write or recycled-buffer tail). buf seq=0 count=1024
[mono_ns=7317225894680927][T0xe36654fabca0][WARN] copy_aicore_buffer: [chip_swimlane_collector.cpp:689] Core 23: skipped 1024 AICore record slot(s) with start_time=0 (race-window write or recycled-buffer tail). buf seq=0 count=1024
[mono_ns=7317225894906528][T0xe366557bbca0][WARN] copy_aicore_buffer: [chip_swimlane_collector.cpp:689] Core 68: skipped 1024 AICore record slot(s) with start_time=0 (race-window write or recycled-buffer tail). buf seq=0 count=1024
[mono_ns=7317225894932508][T0xe36655fcbca0][WARN] copy_aicore_buffer: [chip_swimlane_collector.cpp:689] Core 66: skipped 1024 AICore record slot(s) with start_time=0 (race-window write or recycled-buffer tail). buf seq=0 count=1024
[mono_ns=7317225894994708][T0xe36654fabca0][WARN] copy_aicore_buffer: [chip_swimlane_collector.cpp:689] Core 70: skipped 1024 AICore record slot(s) with start_time=0 (race-window write or recycled-buffer tail). buf seq=0 count=1024
[mono_ns=7317225895224589][T0xe366557bbca0][WARN] copy_aicore_buffer: [chip_swimlane_collector.cpp:689] Core 69: skipped 1024 AICore record slot(s) with start_time=0 (race-window write or recycled-buffer tail). buf seq=0 count=1024
[mono_ns=7317225895253429][T0xe36655fcbca0][WARN] copy_aicore_buffer: [chip_swimlane_collector.cpp:689] Core 67: skipped 1024 AICore record slot(s) with start_time=0 (race-window write or recycled-buffer tail). buf seq=0 count=1024
[mono_ns=7317225895313219][T0xe36654fabca0][WARN] copy_aicore_buffer: [chip_swimlane_collector.cpp:689] Core 71: skipped 1024 AICore record slot(s) with start_time=0 (race-window write or recycled-buffer tail). buf seq=0 count=1024
[mono_ns=7317225995846772][T0xe367b203b020][TIMING] emit_host_span: [STRACE] v=1 pid=1247062 tid=1247062 inv=10 hid=616cd77dfbea7d73 depth=1 name=chip.run.runner_run ts=7317225883263999 dur=112575152 
[mono_ns=7317225998341208][T0xe367b203b020][TIMING] emit_host_span: [STRACE] v=1 pid=1247062 tid=1247062 inv=10 hid=616cd77dfbea7d73 depth=1 name=chip.run.validate ts=7317225995858442 dur=2477136 
[mono_ns=7317225998351168][T0xe367b203b020][TIMING] emit_host_span: [STRACE] v=1 pid=1247062 tid=1247062 inv=10 hid=616cd77dfbea7d73 depth=2 name=chip.run.runner_run.device_wall ts=0 dur=4168220 clk=dev
[mono_ns=7317225998355498][T0xe367b203b020][TIMING] emit_host_span: [STRACE] v=1 pid=1247062 tid=1247062 inv=10 hid=616cd77dfbea7d73 depth=3 name=chip.run.runner_run.device_wall.preamble ts=0 dur=681340 clk=dev
[mono_ns=7317225998359358][T0xe367b203b020][TIMING] emit_host_span: [STRACE] v=1 pid=1247062 tid=1247062 inv=10 hid=616cd77dfbea7d73 depth=3 name=chip.run.runner_run.device_wall.graph_build ts=677540 dur=3481600 clk=dev
[mono_ns=7317225998362648][T0xe367b203b020][TIMING] emit_host_span: [STRACE] v=1 pid=1247062 tid=1247062 inv=10 hid=616cd77dfbea7d73 depth=3 name=chip.run.runner_run.device_wall.config_validate ts=677620 dur=740 clk=dev
[mono_ns=7317225998365768][T0xe367b203b020][TIMING] emit_host_span: [STRACE] v=1 pid=1247062 tid=1247062 inv=10 hid=616cd77dfbea7d73 depth=3 name=chip.run.runner_run.device_wall.arena_wire ts=678380 dur=260 clk=dev
[mono_ns=7317225998368658][T0xe367b203b020][TIMING] emit_host_span: [STRACE] v=1 pid=1247062 tid=1247062 inv=10 hid=616cd77dfbea7d73 depth=3 name=chip.run.runner_run.device_wall.sm_reset ts=678660 dur=620 clk=dev
[mono_ns=7317225998404108][T0xe367b203b020][TIMING] emit_host_span: [STRACE] v=1 pid=1247062 tid=1247062 inv=10 hid=616cd77dfbea7d73 depth=3 name=chip.run.runner_run.device_wall.post_orch ts=4159160 dur=8940 clk=dev
[mono_ns=7317225998408138][T0xe367b203b020][TIMING] emit_host_span: [STRACE] v=1 pid=1247062 tid=1247062 inv=10 hid=616cd77dfbea7d73 depth=3 name=chip.run.runner_run.device_wall.orch ts=679339 dur=3920 clk=dev
[mono_ns=7317225998411428][T0xe367b203b020][TIMING] emit_host_span: [STRACE] v=1 pid=1247062 tid=1247062 inv=10 hid=616cd77dfbea7d73 depth=3 name=chip.run.runner_run.device_wall.sched ts=681460 dur=3459320 clk=dev
[mono_ns=7317225998416058][T0xe367b203b020][TIMING] emit_host_span: [STRACE] v=1 pid=1247062 tid=1247062 inv=10 hid=616cd77dfbea7d73 depth=1 name=chip.run.claim_release ts=7317225998413758 dur=490 
[mono_ns=7317225998421298][T0xe367b203b020][TIMING] emit_host_span: [STRACE] v=1 pid=1247062 tid=1247062 inv=10 hid=616cd77dfbea7d73 depth=0 name=chip.run ts=7317225880396432 dur=118022746 run_id=10 dispatch_id=10 slot_id=0 generation=10 run_epoch=10
[mono_ns=7317230852183706][T0xe367b203b020][TIMING] emit_host_span: [STRACE] v=1 pid=1247062 tid=1247062 inv=11 hid=616cd77dfbea7d73 depth=2 name=chip.run.bind.args ts=7317230847586564 dur=4589022 
[mono_ns=7317230852208846][T0xe367b203b020][TIMING] emit_host_span: [STRACE] v=1 pid=1247062 tid=1247062 inv=11 hid=616cd77dfbea7d73 depth=2 name=chip.run.bind.prebuilt ts=7317230852202236 dur=3800 
[mono_ns=7317230852214596][T0xe367b203b020][TIMING] emit_host_span: [STRACE] v=1 pid=1247062 tid=1247062 inv=11 hid=616cd77dfbea7d73 depth=1 name=chip.run.bind ts=7317230847578544 dur=4633422 
[mono_ns=7317230961632673][T0xe367b203b020][TIMING] emit_host_span: [STRACE] v=1 pid=1247062 tid=1247062 inv=11 hid=616cd77dfbea7d73 depth=1 name=chip.run.runner_run ts=7317230852487847 dur=109137686 
[mono_ns=7317230963813538][T0xe367b203b020][TIMING] emit_host_span: [STRACE] v=1 pid=1247062 tid=1247062 inv=11 hid=616cd77dfbea7d73 depth=1 name=chip.run.validate ts=7317230961644793 dur=2161415 
[mono_ns=7317230963824268][T0xe367b203b020][TIMING] emit_host_span: [STRACE] v=1 pid=1247062 tid=1247062 inv=11 hid=616cd77dfbea7d73 depth=2 name=chip.run.runner_run.device_wall ts=0 dur=1832420 clk=dev
[mono_ns=7317230963828698][T0xe367b203b020][TIMING] emit_host_span: [STRACE] v=1 pid=1247062 tid=1247062 inv=11 hid=616cd77dfbea7d73 depth=3 name=chip.run.runner_run.device_wall.preamble ts=0 dur=5779 clk=dev
[mono_ns=7317230963832618][T0xe367b203b020][TIMING] emit_host_span: [STRACE] v=1 pid=1247062 tid=1247062 inv=11 hid=616cd77dfbea7d73 depth=3 name=chip.run.runner_run.device_wall.graph_build ts=1779 dur=1821280 clk=dev
[mono_ns=7317230963837068][T0xe367b203b020][TIMING] emit_host_span: [STRACE] v=1 pid=1247062 tid=1247062 inv=11 hid=616cd77dfbea7d73 depth=3 name=chip.run.runner_run.device_wall.config_validate ts=2080 dur=740 clk=dev
[mono_ns=7317230963840478][T0xe367b203b020][TIMING] emit_host_span: [STRACE] v=1 pid=1247062 tid=1247062 inv=11 hid=616cd77dfbea7d73 depth=3 name=chip.run.runner_run.device_wall.arena_wire ts=2840 dur=560 clk=dev
[mono_ns=7317230963843548][T0xe367b203b020][TIMING] emit_host_span: [STRACE] v=1 pid=1247062 tid=1247062 inv=11 hid=616cd77dfbea7d73 depth=3 name=chip.run.runner_run.device_wall.sm_reset ts=3420 dur=620 clk=dev
[mono_ns=7317230963879678][T0xe367b203b020][TIMING] emit_host_span: [STRACE] v=1 pid=1247062 tid=1247062 inv=11 hid=616cd77dfbea7d73 depth=3 name=chip.run.runner_run.device_wall.post_orch ts=1823120 dur=9140 clk=dev
[mono_ns=7317230963882878][T0xe367b203b020][TIMING] emit_host_span: [STRACE] v=1 pid=1247062 tid=1247062 inv=11 hid=616cd77dfbea7d73 depth=3 name=chip.run.runner_run.device_wall.orch ts=4760 dur=7740 clk=dev
[mono_ns=7317230963885768][T0xe367b203b020][TIMING] emit_host_span: [STRACE] v=1 pid=1247062 tid=1247062 inv=11 hid=616cd77dfbea7d73 depth=3 name=chip.run.runner_run.device_wall.sched ts=5900 dur=1809600 clk=dev
[mono_ns=7317230963890298][T0xe367b203b020][TIMING] emit_host_span: [STRACE] v=1 pid=1247062 tid=1247062 inv=11 hid=616cd77dfbea7d73 depth=1 name=chip.run.claim_release ts=7317230963887918 dur=620 
[mono_ns=7317230963895268][T0xe367b203b020][TIMING] emit_host_span: [STRACE] v=1 pid=1247062 tid=1247062 inv=11 hid=616cd77dfbea7d73 depth=0 name=chip.run ts=7317230847498944 dur=116394274 run_id=11 dispatch_id=11 slot_id=0 generation=11 run_epoch=11
[mono_ns=7317230970979576][T0xe367b203b020][TIMING] emit_host_span: [STRACE] v=1 pid=1247062 tid=1247062 inv=12 hid=616cd77dfbea7d73 depth=2 name=chip.run.bind.args ts=7317230968782761 dur=2189625 
[mono_ns=7317230970999676][T0xe367b203b020][TIMING] emit_host_span: [STRACE] v=1 pid=1247062 tid=1247062 inv=12 hid=616cd77dfbea7d73 depth=2 name=chip.run.bind.prebuilt ts=7317230970991606 dur=5700 
[mono_ns=7317230971021946][T0xe367b203b020][TIMING] emit_host_span: [STRACE] v=1 pid=1247062 tid=1247062 inv=12 hid=616cd77dfbea7d73 depth=1 name=chip.run.bind ts=7317230968771571 dur=2247495 
[mono_ns=7317230976190950][T0xe36655fcbca0][WARN] copy_aicore_buffer: [chip_swimlane_collector.cpp:689] Core 0: skipped 1024 AICore record slot(s) with start_time=0 (race-window write or recycled-buffer tail). buf seq=0 count=1024
[mono_ns=7317230976216300][T0xe36654fabca0][WARN] copy_aicore_buffer: [chip_swimlane_collector.cpp:689] Core 2: skipped 1024 AICore record slot(s) with start_time=0 (race-window write or recycled-buffer tail). buf seq=0 count=1024
[mono_ns=7317230976242670][T0xe366557bbca0][WARN] copy_aicore_buffer: [chip_swimlane_collector.cpp:689] Core 1: skipped 1024 AICore record slot(s) with start_time=0 (race-window write or recycled-buffer tail). buf seq=0 count=1024
[mono_ns=7317230976512400][T0xe36655fcbca0][WARN] copy_aicore_buffer: [chip_swimlane_collector.cpp:689] Core 24: skipped 1023 AICore record slot(s) with start_time=0 (race-window write or recycled-buffer tail). buf seq=0 count=1024
[mono_ns=7317230976533540][T0xe36654fabca0][WARN] copy_aicore_buffer: [chip_swimlane_collector.cpp:689] Core 28: skipped 1023 AICore record slot(s) with start_time=0 (race-window write or recycled-buffer tail). buf seq=0 count=1024
[mono_ns=7317230976589391][T0xe366557bbca0][WARN] copy_aicore_buffer: [chip_swimlane_collector.cpp:689] Core 26: skipped 1023 AICore record slot(s) with start_time=0 (race-window write or recycled-buffer tail). buf seq=0 count=1024
[mono_ns=7317230976826681][T0xe36655fcbca0][WARN] copy_aicore_buffer: [chip_swimlane_collector.cpp:689] Core 25: skipped 1024 AICore record slot(s) with start_time=0 (race-window write or recycled-buffer tail). buf seq=0 count=1024
[mono_ns=7317230976849191][T0xe36654fabca0][WARN] copy_aicore_buffer: [chip_swimlane_collector.cpp:689] Core 29: skipped 1024 AICore record slot(s) with start_time=0 (race-window write or recycled-buffer tail). buf seq=0 count=1024
[mono_ns=7317230976958961][T0xe366557bbca0][WARN] copy_aicore_buffer: [chip_swimlane_collector.cpp:689] Core 27: skipped 1024 AICore record slot(s) with start_time=0 (race-window write or recycled-buffer tail). buf seq=0 count=1024
[mono_ns=7317230977192252][T0xe36654fabca0][WARN] copy_aicore_buffer: [chip_swimlane_collector.cpp:689] Core 5: skipped 1024 AICore record slot(s) with start_time=0 (race-window write or recycled-buffer tail). buf seq=0 count=1024
[mono_ns=7317230977200072][T0xe36655fcbca0][WARN] copy_aicore_buffer: [chip_swimlane_collector.cpp:689] Core 3: skipped 1024 AICore record slot(s) with start_time=0 (race-window write or recycled-buffer tail). buf seq=0 count=1024
[mono_ns=7317230977307422][T0xe366557bbca0][WARN] copy_aicore_buffer: [chip_swimlane_collector.cpp:689] Core 4: skipped 1024 AICore record slot(s) with start_time=0 (race-window write or recycled-buffer tail). buf seq=0 count=1024
[mono_ns=7317230977506353][T0xe36654fabca0][WARN] copy_aicore_buffer: [chip_swimlane_collector.cpp:689] Core 34: skipped 1024 AICore record slot(s) with start_time=0 (race-window write or recycled-buffer tail). buf seq=0 count=1024
[mono_ns=7317230977512343][T0xe36655fcbca0][WARN] copy_aicore_buffer: [chip_swimlane_collector.cpp:689] Core 30: skipped 1024 AICore record slot(s) with start_time=0 (race-window write or recycled-buffer tail). buf seq=0 count=1024
[mono_ns=7317230977628383][T0xe366557bbca0][WARN] copy_aicore_buffer: [chip_swimlane_collector.cpp:689] Core 32: skipped 1024 AICore record slot(s) with start_time=0 (race-window write or recycled-buffer tail). buf seq=0 count=1024
[mono_ns=7317230977819994][T0xe36654fabca0][WARN] copy_aicore_buffer: [chip_swimlane_collector.cpp:689] Core 35: skipped 1024 AICore record slot(s) with start_time=0 (race-window write or recycled-buffer tail). buf seq=0 count=1024
[mono_ns=7317230977824534][T0xe36655fcbca0][WARN] copy_aicore_buffer: [chip_swimlane_collector.cpp:689] Core 31: skipped 1024 AICore record slot(s) with start_time=0 (race-window write or recycled-buffer tail). buf seq=0 count=1024
[mono_ns=7317230978087984][T0xe366557bbca0][WARN] copy_aicore_buffer: [chip_swimlane_collector.cpp:689] Core 33: skipped 1024 AICore record slot(s) with start_time=0 (race-window write or recycled-buffer tail). buf seq=0 count=1024
[mono_ns=7317230978143684][T0xe36654fabca0][WARN] copy_aicore_buffer: [chip_swimlane_collector.cpp:689] Core 8: skipped 1024 AICore record slot(s) with start_time=0 (race-window write or recycled-buffer tail). buf seq=0 count=1024
[mono_ns=7317230978149944][T0xe36655fcbca0][WARN] copy_aicore_buffer: [chip_swimlane_collector.cpp:689] Core 6: skipped 1024 AICore record slot(s) with start_time=0 (race-window write or recycled-buffer tail). buf seq=0 count=1024
[mono_ns=7317230978423385][T0xe366557bbca0][WARN] copy_aicore_buffer: [chip_swimlane_collector.cpp:689] Core 7: skipped 1024 AICore record slot(s) with start_time=0 (race-window write or recycled-buffer tail). buf seq=0 count=1024
[mono_ns=7317230978455835][T0xe36654fabca0][WARN] copy_aicore_buffer: [chip_swimlane_collector.cpp:689] Core 40: skipped 1024 AICore record slot(s) with start_time=0 (race-window write or recycled-buffer tail). buf seq=0 count=1024
[mono_ns=7317230978462675][T0xe36655fcbca0][WARN] copy_aicore_buffer: [chip_swimlane_collector.cpp:689] Core 36: skipped 1024 AICore record slot(s) with start_time=0 (race-window write or recycled-buffer tail). buf seq=0 count=1024
[mono_ns=7317230978753896][T0xe366557bbca0][WARN] copy_aicore_buffer: [chip_swimlane_collector.cpp:689] Core 38: skipped 1024 AICore record slot(s) with start_time=0 (race-window write or recycled-buffer tail). buf seq=0 count=1024
[mono_ns=7317230978770366][T0xe36654fabca0][WARN] copy_aicore_buffer: [chip_swimlane_collector.cpp:689] Core 41: skipped 1024 AICore record slot(s) with start_time=0 (race-window write or recycled-buffer tail). buf seq=0 count=1024
[mono_ns=7317230978780866][T0xe36655fcbca0][WARN] copy_aicore_buffer: [chip_swimlane_collector.cpp:689] Core 37: skipped 1024 AICore record slot(s) with start_time=0 (race-window write or recycled-buffer tail). buf seq=0 count=1024
[mono_ns=7317230979090237][T0xe36654fabca0][WARN] copy_aicore_buffer: [chip_swimlane_collector.cpp:689] Core 11: skipped 1024 AICore record slot(s) with start_time=0 (race-window write or recycled-buffer tail). buf seq=0 count=1024
[mono_ns=7317230979095467][T0xe366557bbca0][WARN] copy_aicore_buffer: [chip_swimlane_collector.cpp:689] Core 39: skipped 1024 AICore record slot(s) with start_time=0 (race-window write or recycled-buffer tail). buf seq=0 count=1024
[mono_ns=7317230979105077][T0xe36655fcbca0][WARN] copy_aicore_buffer: [chip_swimlane_collector.cpp:689] Core 9: skipped 1024 AICore record slot(s) with start_time=0 (race-window write or recycled-buffer tail). buf seq=0 count=1024
[mono_ns=7317230979402118][T0xe36654fabca0][WARN] copy_aicore_buffer: [chip_swimlane_collector.cpp:689] Core 46: skipped 1024 AICore record slot(s) with start_time=0 (race-window write or recycled-buffer tail). buf seq=0 count=1024
[mono_ns=7317230979417418][T0xe36655fcbca0][WARN] copy_aicore_buffer: [chip_swimlane_collector.cpp:689] Core 42: skipped 1024 AICore record slot(s) with start_time=0 (race-window write or recycled-buffer tail). buf seq=0 count=1024
[mono_ns=7317230979418628][T0xe366557bbca0][WARN] copy_aicore_buffer: [chip_swimlane_collector.cpp:689] Core 10: skipped 1024 AICore record slot(s) with start_time=0 (race-window write or recycled-buffer tail). buf seq=0 count=1024
[mono_ns=7317230979716378][T0xe36654fabca0][WARN] copy_aicore_buffer: [chip_swimlane_collector.cpp:689] Core 47: skipped 1024 AICore record slot(s) with start_time=0 (race-window write or recycled-buffer tail). buf seq=0 count=1024
[mono_ns=7317230979752849][T0xe36655fcbca0][WARN] copy_aicore_buffer: [chip_swimlane_collector.cpp:689] Core 43: skipped 1024 AICore record slot(s) with start_time=0 (race-window write or recycled-buffer tail). buf seq=0 count=1024
[mono_ns=7317230979769609][T0xe366557bbca0][WARN] copy_aicore_buffer: [chip_swimlane_collector.cpp:689] Core 44: skipped 1024 AICore record slot(s) with start_time=0 (race-window write or recycled-buffer tail). buf seq=0 count=1024
[mono_ns=7317230980049639][T0xe36654fabca0][WARN] copy_aicore_buffer: [chip_swimlane_collector.cpp:689] Core 14: skipped 1024 AICore record slot(s) with start_time=0 (race-window write or recycled-buffer tail). buf seq=0 count=1024
[mono_ns=7317230980078429][T0xe36655fcbca0][WARN] copy_aicore_buffer: [chip_swimlane_collector.cpp:689] Core 12: skipped 1024 AICore record slot(s) with start_time=0 (race-window write or recycled-buffer tail). buf seq=0 count=1024
[mono_ns=7317230980111789][T0xe366557bbca0][WARN] copy_aicore_buffer: [chip_swimlane_collector.cpp:689] Core 45: skipped 1024 AICore record slot(s) with start_time=0 (race-window write or recycled-buffer tail). buf seq=0 count=1024
[mono_ns=7317230980364190][T0xe36654fabca0][WARN] copy_aicore_buffer: [chip_swimlane_collector.cpp:689] Core 52: skipped 1024 AICore record slot(s) with start_time=0 (race-window write or recycled-buffer tail). buf seq=0 count=1024
[mono_ns=7317230980390430][T0xe36655fcbca0][WARN] copy_aicore_buffer: [chip_swimlane_collector.cpp:689] Core 48: skipped 1024 AICore record slot(s) with start_time=0 (race-window write or recycled-buffer tail). buf seq=0 count=1024
[mono_ns=7317230980486250][T0xe366557bbca0][WARN] copy_aicore_buffer: [chip_swimlane_collector.cpp:689] Core 13: skipped 1024 AICore record slot(s) with start_time=0 (race-window write or recycled-buffer tail). buf seq=0 count=1024
[mono_ns=7317230980679251][T0xe36654fabca0][WARN] copy_aicore_buffer: [chip_swimlane_collector.cpp:689] Core 53: skipped 1024 AICore record slot(s) with start_time=0 (race-window write or recycled-buffer tail). buf seq=0 count=1024
[mono_ns=7317230980702791][T0xe36655fcbca0][WARN] copy_aicore_buffer: [chip_swimlane_collector.cpp:689] Core 49: skipped 1024 AICore record slot(s) with start_time=0 (race-window write or recycled-buffer tail). buf seq=0 count=1024
[mono_ns=7317230980813751][T0xe366557bbca0][WARN] copy_aicore_buffer: [chip_swimlane_collector.cpp:689] Core 50: skipped 1024 AICore record slot(s) with start_time=0 (race-window write or recycled-buffer tail). buf seq=0 count=1024
[mono_ns=7317230980991782][T0xe36654fabca0][WARN] copy_aicore_buffer: [chip_swimlane_collector.cpp:689] Core 17: skipped 1024 AICore record slot(s) with start_time=0 (race-window write or recycled-buffer tail). buf seq=0 count=1024
[mono_ns=7317230981029962][T0xe36655fcbca0][WARN] copy_aicore_buffer: [chip_swimlane_collector.cpp:689] Core 15: skipped 1024 AICore record slot(s) with start_time=0 (race-window write or recycled-buffer tail). buf seq=0 count=1024
[mono_ns=7317230981155142][T0xe366557bbca0][WARN] copy_aicore_buffer: [chip_swimlane_collector.cpp:689] Core 51: skipped 1024 AICore record slot(s) with start_time=0 (race-window write or recycled-buffer tail). buf seq=0 count=1024
[mono_ns=7317230981317832][T0xe36654fabca0][WARN] copy_aicore_buffer: [chip_swimlane_collector.cpp:689] Core 58: skipped 1024 AICore record slot(s) with start_time=0 (race-window write or recycled-buffer tail). buf seq=0 count=1024
[mono_ns=7317230981374813][T0xe36655fcbca0][WARN] copy_aicore_buffer: [chip_swimlane_collector.cpp:689] Core 54: skipped 1024 AICore record slot(s) with start_time=0 (race-window write or recycled-buffer tail). buf seq=0 count=1024
[mono_ns=7317230981483943][T0xe366557bbca0][WARN] copy_aicore_buffer: [chip_swimlane_collector.cpp:689] Core 16: skipped 1024 AICore record slot(s) with start_time=0 (race-window write or recycled-buffer tail). buf seq=0 count=1024
[mono_ns=7317230981630933][T0xe36654fabca0][WARN] copy_aicore_buffer: [chip_swimlane_collector.cpp:689] Core 59: skipped 1024 AICore record slot(s) with start_time=0 (race-window write or recycled-buffer tail). buf seq=0 count=1024
[mono_ns=7317230981689143][T0xe36655fcbca0][WARN] copy_aicore_buffer: [chip_swimlane_collector.cpp:689] Core 55: skipped 1024 AICore record slot(s) with start_time=0 (race-window write or recycled-buffer tail). buf seq=0 count=1024
[mono_ns=7317230981812944][T0xe366557bbca0][WARN] copy_aicore_buffer: [chip_swimlane_collector.cpp:689] Core 56: skipped 1024 AICore record slot(s) with start_time=0 (race-window write or recycled-buffer tail). buf seq=0 count=1024
[mono_ns=7317230981943734][T0xe36654fabca0][WARN] copy_aicore_buffer: [chip_swimlane_collector.cpp:689] Core 20: skipped 1024 AICore record slot(s) with start_time=0 (race-window write or recycled-buffer tail). buf seq=0 count=1024
[mono_ns=7317230982011794][T0xe36655fcbca0][WARN] copy_aicore_buffer: [chip_swimlane_collector.cpp:689] Core 18: skipped 1024 AICore record slot(s) with start_time=0 (race-window write or recycled-buffer tail). buf seq=0 count=1024
[mono_ns=7317230982152915][T0xe366557bbca0][WARN] copy_aicore_buffer: [chip_swimlane_collector.cpp:689] Core 57: skipped 1024 AICore record slot(s) with start_time=0 (race-window write or recycled-buffer tail). buf seq=0 count=1024
[mono_ns=7317230982279185][T0xe36654fabca0][WARN] copy_aicore_buffer: [chip_swimlane_collector.cpp:689] Core 64: skipped 1024 AICore record slot(s) with start_time=0 (race-window write or recycled-buffer tail). buf seq=0 count=1024
[mono_ns=7317230982323555][T0xe36655fcbca0][WARN] copy_aicore_buffer: [chip_swimlane_collector.cpp:689] Core 60: skipped 1024 AICore record slot(s) with start_time=0 (race-window write or recycled-buffer tail). buf seq=0 count=1024
[mono_ns=7317230982482475][T0xe366557bbca0][WARN] copy_aicore_buffer: [chip_swimlane_collector.cpp:689] Core 19: skipped 1024 AICore record slot(s) with start_time=0 (race-window write or recycled-buffer tail). buf seq=0 count=1024
[mono_ns=7317230982592356][T0xe36654fabca0][WARN] copy_aicore_buffer: [chip_swimlane_collector.cpp:689] Core 65: skipped 1024 AICore record slot(s) with start_time=0 (race-window write or recycled-buffer tail). buf seq=0 count=1024
[mono_ns=7317230982635366][T0xe36655fcbca0][WARN] copy_aicore_buffer: [chip_swimlane_collector.cpp:689] Core 61: skipped 1024 AICore record slot(s) with start_time=0 (race-window write or recycled-buffer tail). buf seq=0 count=1024
[mono_ns=7317230982809426][T0xe366557bbca0][WARN] copy_aicore_buffer: [chip_swimlane_collector.cpp:689] Core 62: skipped 1024 AICore record slot(s) with start_time=0 (race-window write or recycled-buffer tail). buf seq=0 count=1024
[mono_ns=7317230982905466][T0xe36654fabca0][WARN] copy_aicore_buffer: [chip_swimlane_collector.cpp:689] Core 23: skipped 1024 AICore record slot(s) with start_time=0 (race-window write or recycled-buffer tail). buf seq=0 count=1024
[mono_ns=7317230982947047][T0xe36655fcbca0][WARN] copy_aicore_buffer: [chip_swimlane_collector.cpp:689] Core 21: skipped 1024 AICore record slot(s) with start_time=0 (race-window write or recycled-buffer tail). buf seq=0 count=1024
[mono_ns=7317230983161347][T0xe366557bbca0][WARN] copy_aicore_buffer: [chip_swimlane_collector.cpp:689] Core 63: skipped 1024 AICore record slot(s) with start_time=0 (race-window write or recycled-buffer tail). buf seq=0 count=1024
[mono_ns=7317230983230247][T0xe36654fabca0][WARN] copy_aicore_buffer: [chip_swimlane_collector.cpp:689] Core 70: skipped 1024 AICore record slot(s) with start_time=0 (race-window write or recycled-buffer tail). buf seq=0 count=1024
[mono_ns=7317230983274207][T0xe36655fcbca0][WARN] copy_aicore_buffer: [chip_swimlane_collector.cpp:689] Core 66: skipped 1024 AICore record slot(s) with start_time=0 (race-window write or recycled-buffer tail). buf seq=0 count=1024
[mono_ns=7317230983489678][T0xe366557bbca0][WARN] copy_aicore_buffer: [chip_swimlane_collector.cpp:689] Core 22: skipped 1024 AICore record slot(s) with start_time=0 (race-window write or recycled-buffer tail). buf seq=0 count=1024
[mono_ns=7317230983544588][T0xe36654fabca0][WARN] copy_aicore_buffer: [chip_swimlane_collector.cpp:689] Core 71: skipped 1024 AICore record slot(s) with start_time=0 (race-window write or recycled-buffer tail). buf seq=0 count=1024
[mono_ns=7317230983586018][T0xe36655fcbca0][WARN] copy_aicore_buffer: [chip_swimlane_collector.cpp:689] Core 67: skipped 1024 AICore record slot(s) with start_time=0 (race-window write or recycled-buffer tail). buf seq=0 count=1024
[mono_ns=7317230983818179][T0xe366557bbca0][WARN] copy_aicore_buffer: [chip_swimlane_collector.cpp:689] Core 68: skipped 1024 AICore record slot(s) with start_time=0 (race-window write or recycled-buffer tail). buf seq=0 count=1024
[mono_ns=7317230984154900][T0xe366557bbca0][WARN] copy_aicore_buffer: [chip_swimlane_collector.cpp:689] Core 69: skipped 1024 AICore record slot(s) with start_time=0 (race-window write or recycled-buffer tail). buf seq=0 count=1024
[mono_ns=7317231084716944][T0xe367b203b020][TIMING] emit_host_span: [STRACE] v=1 pid=1247062 tid=1247062 inv=12 hid=616cd77dfbea7d73 depth=1 name=chip.run.runner_run ts=7317230971388897 dur=113320167 
[mono_ns=7317231087175060][T0xe367b203b020][TIMING] emit_host_span: [STRACE] v=1 pid=1247062 tid=1247062 inv=12 hid=616cd77dfbea7d73 depth=1 name=chip.run.validate ts=7317231084733034 dur=2436776 
[mono_ns=7317231087185310][T0xe367b203b020][TIMING] emit_host_span: [STRACE] v=1 pid=1247062 tid=1247062 inv=12 hid=616cd77dfbea7d73 depth=2 name=chip.run.runner_run.device_wall ts=0 dur=4306080 clk=dev
[mono_ns=7317231087189850][T0xe367b203b020][TIMING] emit_host_span: [STRACE] v=1 pid=1247062 tid=1247062 inv=12 hid=616cd77dfbea7d73 depth=3 name=chip.run.runner_run.device_wall.preamble ts=0 dur=575420 clk=dev
[mono_ns=7317231087194440][T0xe367b203b020][TIMING] emit_host_span: [STRACE] v=1 pid=1247062 tid=1247062 inv=12 hid=616cd77dfbea7d73 depth=3 name=chip.run.runner_run.device_wall.graph_build ts=571320 dur=3725720 clk=dev
[mono_ns=7317231087227580][T0xe367b203b020][TIMING] emit_host_span: [STRACE] v=1 pid=1247062 tid=1247062 inv=12 hid=616cd77dfbea7d73 depth=3 name=chip.run.runner_run.device_wall.config_validate ts=571420 dur=740 clk=dev
[mono_ns=7317231087231220][T0xe367b203b020][TIMING] emit_host_span: [STRACE] v=1 pid=1247062 tid=1247062 inv=12 hid=616cd77dfbea7d73 depth=3 name=chip.run.runner_run.device_wall.arena_wire ts=572200 dur=260 clk=dev
[mono_ns=7317231087234370][T0xe367b203b020][TIMING] emit_host_span: [STRACE] v=1 pid=1247062 tid=1247062 inv=12 hid=616cd77dfbea7d73 depth=3 name=chip.run.runner_run.device_wall.sm_reset ts=572480 dur=520 clk=dev
[mono_ns=7317231087237660][T0xe367b203b020][TIMING] emit_host_span: [STRACE] v=1 pid=1247062 tid=1247062 inv=12 hid=616cd77dfbea7d73 depth=3 name=chip.run.runner_run.device_wall.post_orch ts=4297099 dur=8840 clk=dev
[mono_ns=7317231087240830][T0xe367b203b020][TIMING] emit_host_span: [STRACE] v=1 pid=1247062 tid=1247062 inv=12 hid=616cd77dfbea7d73 depth=3 name=chip.run.runner_run.device_wall.orch ts=573060 dur=4320 clk=dev
[mono_ns=7317231087243900][T0xe367b203b020][TIMING] emit_host_span: [STRACE] v=1 pid=1247062 tid=1247062 inv=12 hid=616cd77dfbea7d73 depth=3 name=chip.run.runner_run.device_wall.sched ts=575479 dur=3703800 clk=dev
[mono_ns=7317231087248550][T0xe367b203b020][TIMING] emit_host_span: [STRACE] v=1 pid=1247062 tid=1247062 inv=12 hid=616cd77dfbea7d73 depth=1 name=chip.run.claim_release ts=7317231087246170 dur=580 
[mono_ns=7317231087253240][T0xe367b203b020][TIMING] emit_host_span: [STRACE] v=1 pid=1247062 tid=1247062 inv=12 hid=616cd77dfbea7d73 depth=0 name=chip.run ts=7317230968718431 dur=118532839 run_id=12 dispatch_id=12 slot_id=0 generation=12 run_epoch=12
[mono_ns=7317235949639904][T0xe367b203b020][TIMING] emit_host_span: [STRACE] v=1 pid=1247062 tid=1247062 inv=13 hid=616cd77dfbea7d73 depth=2 name=chip.run.bind.args ts=7317235947609029 dur=2022185 
[mono_ns=7317235949700394][T0xe367b203b020][TIMING] emit_host_span: [STRACE] v=1 pid=1247062 tid=1247062 inv=13 hid=616cd77dfbea7d73 depth=2 name=chip.run.bind.prebuilt ts=7317235949691464 dur=4430 
[mono_ns=7317235949705164][T0xe367b203b020][TIMING] emit_host_span: [STRACE] v=1 pid=1247062 tid=1247062 inv=13 hid=616cd77dfbea7d73 depth=1 name=chip.run.bind ts=7317235947598629 dur=2104295 
[mono_ns=7317236058545401][T0xe367b203b020][TIMING] emit_host_span: [STRACE] v=1 pid=1247062 tid=1247062 inv=13 hid=616cd77dfbea7d73 depth=1 name=chip.run.runner_run ts=7317235949966245 dur=108570396 
[mono_ns=7317236060444716][T0xe367b203b020][TIMING] emit_host_span: [STRACE] v=1 pid=1247062 tid=1247062 inv=13 hid=616cd77dfbea7d73 depth=1 name=chip.run.validate ts=7317236058560732 dur=1877524 
[mono_ns=7317236060457986][T0xe367b203b020][TIMING] emit_host_span: [STRACE] v=1 pid=1247062 tid=1247062 inv=13 hid=616cd77dfbea7d73 depth=2 name=chip.run.runner_run.device_wall ts=0 dur=2117560 clk=dev
[mono_ns=7317236060462346][T0xe367b203b020][TIMING] emit_host_span: [STRACE] v=1 pid=1247062 tid=1247062 inv=13 hid=616cd77dfbea7d73 depth=3 name=chip.run.runner_run.device_wall.preamble ts=0 dur=6160 clk=dev
[mono_ns=7317236060466906][T0xe367b203b020][TIMING] emit_host_span: [STRACE] v=1 pid=1247062 tid=1247062 inv=13 hid=616cd77dfbea7d73 depth=3 name=chip.run.runner_run.device_wall.graph_build ts=1779 dur=2106439 clk=dev
[mono_ns=7317236060474986][T0xe367b203b020][TIMING] emit_host_span: [STRACE] v=1 pid=1247062 tid=1247062 inv=13 hid=616cd77dfbea7d73 depth=3 name=chip.run.runner_run.device_wall.config_validate ts=1900 dur=1080 clk=dev
[mono_ns=7317236060480166][T0xe367b203b020][TIMING] emit_host_span: [STRACE] v=1 pid=1247062 tid=1247062 inv=13 hid=616cd77dfbea7d73 depth=3 name=chip.run.runner_run.device_wall.arena_wire ts=3000 dur=380 clk=dev
[mono_ns=7317236060483426][T0xe367b203b020][TIMING] emit_host_span: [STRACE] v=1 pid=1247062 tid=1247062 inv=13 hid=616cd77dfbea7d73 depth=3 name=chip.run.runner_run.device_wall.sm_reset ts=3400 dur=700 clk=dev
[mono_ns=7317236060487006][T0xe367b203b020][TIMING] emit_host_span: [STRACE] v=1 pid=1247062 tid=1247062 inv=13 hid=616cd77dfbea7d73 depth=3 name=chip.run.runner_run.device_wall.post_orch ts=2108319 dur=9040 clk=dev
[mono_ns=7317236060490516][T0xe367b203b020][TIMING] emit_host_span: [STRACE] v=1 pid=1247062 tid=1247062 inv=13 hid=616cd77dfbea7d73 depth=3 name=chip.run.runner_run.device_wall.orch ts=4660 dur=8000 clk=dev
[mono_ns=7317236060493446][T0xe367b203b020][TIMING] emit_host_span: [STRACE] v=1 pid=1247062 tid=1247062 inv=13 hid=616cd77dfbea7d73 depth=3 name=chip.run.runner_run.device_wall.sched ts=6240 dur=2094299 clk=dev
[mono_ns=7317236060498816][T0xe367b203b020][TIMING] emit_host_span: [STRACE] v=1 pid=1247062 tid=1247062 inv=13 hid=616cd77dfbea7d73 depth=1 name=chip.run.claim_release ts=7317236060496556 dur=530 
[mono_ns=7317236060505796][T0xe367b203b020][TIMING] emit_host_span: [STRACE] v=1 pid=1247062 tid=1247062 inv=13 hid=616cd77dfbea7d73 depth=0 name=chip.run ts=7317235947545659 dur=112958117 run_id=13 dispatch_id=13 slot_id=0 generation=13 run_epoch=13
[mono_ns=7317236067037293][T0xe367b203b020][TIMING] emit_host_span: [STRACE] v=1 pid=1247062 tid=1247062 inv=14 hid=616cd77dfbea7d73 depth=2 name=chip.run.bind.args ts=7317236064901598 dur=2129465 
[mono_ns=7317236067053143][T0xe367b203b020][TIMING] emit_host_span: [STRACE] v=1 pid=1247062 tid=1247062 inv=14 hid=616cd77dfbea7d73 depth=2 name=chip.run.bind.prebuilt ts=7317236067047883 dur=2700 
[mono_ns=7317236067058103][T0xe367b203b020][TIMING] emit_host_span: [STRACE] v=1 pid=1247062 tid=1247062 inv=14 hid=616cd77dfbea7d73 depth=1 name=chip.run.bind ts=7317236064893778 dur=2162085 
[mono_ns=7317236072741968][T0xe36654fabca0][WARN] copy_aicore_buffer: [chip_swimlane_collector.cpp:689] Core 2: skipped 1023 AICore record slot(s) with start_time=0 (race-window write or recycled-buffer tail). buf seq=0 count=1024
[mono_ns=7317236072766228][T0xe36655fcbca0][WARN] copy_aicore_buffer: [chip_swimlane_collector.cpp:689] Core 0: skipped 1024 AICore record slot(s) with start_time=0 (race-window write or recycled-buffer tail). buf seq=0 count=1024
[mono_ns=7317236072764938][T0xe366557bbca0][WARN] copy_aicore_buffer: [chip_swimlane_collector.cpp:689] Core 1: skipped 1024 AICore record slot(s) with start_time=0 (race-window write or recycled-buffer tail). buf seq=0 count=1024
[mono_ns=7317236073084498][T0xe36654fabca0][WARN] copy_aicore_buffer: [chip_swimlane_collector.cpp:689] Core 28: skipped 1024 AICore record slot(s) with start_time=0 (race-window write or recycled-buffer tail). buf seq=0 count=1024
[mono_ns=7317236073135099][T0xe36655fcbca0][WARN] copy_aicore_buffer: [chip_swimlane_collector.cpp:689] Core 24: skipped 1024 AICore record slot(s) with start_time=0 (race-window write or recycled-buffer tail). buf seq=0 count=1024
[mono_ns=7317236073234989][T0xe366557bbca0][WARN] copy_aicore_buffer: [chip_swimlane_collector.cpp:689] Core 26: skipped 1021 AICore record slot(s) with start_time=0 (race-window write or recycled-buffer tail). buf seq=0 count=1024
[mono_ns=7317236073438759][T0xe36654fabca0][WARN] copy_aicore_buffer: [chip_swimlane_collector.cpp:689] Core 29: skipped 1024 AICore record slot(s) with start_time=0 (race-window write or recycled-buffer tail). buf seq=0 count=1024
[mono_ns=7317236073466129][T0xe36655fcbca0][WARN] copy_aicore_buffer: [chip_swimlane_collector.cpp:689] Core 25: skipped 1024 AICore record slot(s) with start_time=0 (race-window write or recycled-buffer tail). buf seq=0 count=1024
[mono_ns=7317236073551950][T0xe366557bbca0][WARN] copy_aicore_buffer: [chip_swimlane_collector.cpp:689] Core 27: skipped 1024 AICore record slot(s) with start_time=0 (race-window write or recycled-buffer tail). buf seq=0 count=1024
[mono_ns=7317236073752160][T0xe36654fabca0][WARN] copy_aicore_buffer: [chip_swimlane_collector.cpp:689] Core 5: skipped 1024 AICore record slot(s) with start_time=0 (race-window write or recycled-buffer tail). buf seq=0 count=1024
[mono_ns=7317236073799180][T0xe36655fcbca0][WARN] copy_aicore_buffer: [chip_swimlane_collector.cpp:689] Core 3: skipped 1024 AICore record slot(s) with start_time=0 (race-window write or recycled-buffer tail). buf seq=0 count=1024
[mono_ns=7317236073864000][T0xe366557bbca0][WARN] copy_aicore_buffer: [chip_swimlane_collector.cpp:689] Core 4: skipped 1024 AICore record slot(s) with start_time=0 (race-window write or recycled-buffer tail). buf seq=0 count=1024
[mono_ns=7317236074074331][T0xe36654fabca0][WARN] copy_aicore_buffer: [chip_swimlane_collector.cpp:689] Core 34: skipped 1024 AICore record slot(s) with start_time=0 (race-window write or recycled-buffer tail). buf seq=0 count=1024
[mono_ns=7317236074142031][T0xe36655fcbca0][WARN] copy_aicore_buffer: [chip_swimlane_collector.cpp:689] Core 30: skipped 1022 AICore record slot(s) with start_time=0 (race-window write or recycled-buffer tail). buf seq=0 count=1024
[mono_ns=7317236074196351][T0xe366557bbca0][WARN] copy_aicore_buffer: [chip_swimlane_collector.cpp:689] Core 32: skipped 1024 AICore record slot(s) with start_time=0 (race-window write or recycled-buffer tail). buf seq=0 count=1024
[mono_ns=7317236074387002][T0xe36654fabca0][WARN] copy_aicore_buffer: [chip_swimlane_collector.cpp:689] Core 35: skipped 1024 AICore record slot(s) with start_time=0 (race-window write or recycled-buffer tail). buf seq=0 count=1024
[mono_ns=7317236074468802][T0xe36655fcbca0][WARN] copy_aicore_buffer: [chip_swimlane_collector.cpp:689] Core 31: skipped 1024 AICore record slot(s) with start_time=0 (race-window write or recycled-buffer tail). buf seq=0 count=1024
[mono_ns=7317236074508422][T0xe366557bbca0][WARN] copy_aicore_buffer: [chip_swimlane_collector.cpp:689] Core 33: skipped 1024 AICore record slot(s) with start_time=0 (race-window write or recycled-buffer tail). buf seq=0 count=1024
[mono_ns=7317236074700613][T0xe36654fabca0][WARN] copy_aicore_buffer: [chip_swimlane_collector.cpp:689] Core 8: skipped 1024 AICore record slot(s) with start_time=0 (race-window write or recycled-buffer tail). buf seq=0 count=1024
[mono_ns=7317236074796283][T0xe36655fcbca0][WARN] copy_aicore_buffer: [chip_swimlane_collector.cpp:689] Core 6: skipped 1024 AICore record slot(s) with start_time=0 (race-window write or recycled-buffer tail). buf seq=0 count=1024
[mono_ns=7317236074821493][T0xe366557bbca0][WARN] copy_aicore_buffer: [chip_swimlane_collector.cpp:689] Core 7: skipped 1024 AICore record slot(s) with start_time=0 (race-window write or recycled-buffer tail). buf seq=0 count=1024
[mono_ns=7317236075024353][T0xe36654fabca0][WARN] copy_aicore_buffer: [chip_swimlane_collector.cpp:689] Core 40: skipped 1024 AICore record slot(s) with start_time=0 (race-window write or recycled-buffer tail). buf seq=0 count=1024
[mono_ns=7317236075140164][T0xe366557bbca0][WARN] copy_aicore_buffer: [chip_swimlane_collector.cpp:689] Core 38: skipped 1024 AICore record slot(s) with start_time=0 (race-window write or recycled-buffer tail). buf seq=0 count=1024
[mono_ns=7317236075150144][T0xe36655fcbca0][WARN] copy_aicore_buffer: [chip_swimlane_collector.cpp:689] Core 36: skipped 1024 AICore record slot(s) with start_time=0 (race-window write or recycled-buffer tail). buf seq=0 count=1024
[mono_ns=7317236075337484][T0xe36654fabca0][WARN] copy_aicore_buffer: [chip_swimlane_collector.cpp:689] Core 41: skipped 1024 AICore record slot(s) with start_time=0 (race-window write or recycled-buffer tail). buf seq=0 count=1024
[mono_ns=7317236075453245][T0xe366557bbca0][WARN] copy_aicore_buffer: [chip_swimlane_collector.cpp:689] Core 39: skipped 1024 AICore record slot(s) with start_time=0 (race-window write or recycled-buffer tail). buf seq=0 count=1024
[mono_ns=7317236075472905][T0xe36655fcbca0][WARN] copy_aicore_buffer: [chip_swimlane_collector.cpp:689] Core 37: skipped 1024 AICore record slot(s) with start_time=0 (race-window write or recycled-buffer tail). buf seq=0 count=1024
[mono_ns=7317236075649685][T0xe36654fabca0][WARN] copy_aicore_buffer: [chip_swimlane_collector.cpp:689] Core 11: skipped 1024 AICore record slot(s) with start_time=0 (race-window write or recycled-buffer tail). buf seq=0 count=1024
[mono_ns=7317236075765705][T0xe366557bbca0][WARN] copy_aicore_buffer: [chip_swimlane_collector.cpp:689] Core 10: skipped 1024 AICore record slot(s) with start_time=0 (race-window write or recycled-buffer tail). buf seq=0 count=1024
[mono_ns=7317236075824835][T0xe36655fcbca0][WARN] copy_aicore_buffer: [chip_swimlane_collector.cpp:689] Core 9: skipped 1024 AICore record slot(s) with start_time=0 (race-window write or recycled-buffer tail). buf seq=0 count=1024
[mono_ns=7317236075962966][T0xe36654fabca0][WARN] copy_aicore_buffer: [chip_swimlane_collector.cpp:689] Core 46: skipped 1024 AICore record slot(s) with start_time=0 (race-window write or recycled-buffer tail). buf seq=0 count=1024
[mono_ns=7317236076085056][T0xe366557bbca0][WARN] copy_aicore_buffer: [chip_swimlane_collector.cpp:689] Core 44: skipped 1024 AICore record slot(s) with start_time=0 (race-window write or recycled-buffer tail). buf seq=0 count=1024
[mono_ns=7317236076160426][T0xe36655fcbca0][WARN] copy_aicore_buffer: [chip_swimlane_collector.cpp:689] Core 42: skipped 1024 AICore record slot(s) with start_time=0 (race-window write or recycled-buffer tail). buf seq=0 count=1024
[mono_ns=7317236076292627][T0xe36654fabca0][WARN] copy_aicore_buffer: [chip_swimlane_collector.cpp:689] Core 47: skipped 1024 AICore record slot(s) with start_time=0 (race-window write or recycled-buffer tail). buf seq=0 count=1024
[mono_ns=7317236076396457][T0xe366557bbca0][WARN] copy_aicore_buffer: [chip_swimlane_collector.cpp:689] Core 45: skipped 1024 AICore record slot(s) with start_time=0 (race-window write or recycled-buffer tail). buf seq=0 count=1024
[mono_ns=7317236076514017][T0xe36655fcbca0][WARN] copy_aicore_buffer: [chip_swimlane_collector.cpp:689] Core 43: skipped 1024 AICore record slot(s) with start_time=0 (race-window write or recycled-buffer tail). buf seq=0 count=1024
[mono_ns=7317236076607047][T0xe36654fabca0][WARN] copy_aicore_buffer: [chip_swimlane_collector.cpp:689] Core 14: skipped 1024 AICore record slot(s) with start_time=0 (race-window write or recycled-buffer tail). buf seq=0 count=1024
[mono_ns=7317236076746148][T0xe366557bbca0][WARN] copy_aicore_buffer: [chip_swimlane_collector.cpp:689] Core 13: skipped 1024 AICore record slot(s) with start_time=0 (race-window write or recycled-buffer tail). buf seq=0 count=1024
[mono_ns=7317236076842788][T0xe36655fcbca0][WARN] copy_aicore_buffer: [chip_swimlane_collector.cpp:689] Core 12: skipped 1024 AICore record slot(s) with start_time=0 (race-window write or recycled-buffer tail). buf seq=0 count=1024
[mono_ns=7317236076942538][T0xe36654fabca0][WARN] copy_aicore_buffer: [chip_swimlane_collector.cpp:689] Core 52: skipped 1024 AICore record slot(s) with start_time=0 (race-window write or recycled-buffer tail). buf seq=0 count=1024
[mono_ns=7317236077072259][T0xe366557bbca0][WARN] copy_aicore_buffer: [chip_swimlane_collector.cpp:689] Core 50: skipped 1024 AICore record slot(s) with start_time=0 (race-window write or recycled-buffer tail). buf seq=0 count=1024
[mono_ns=7317236077181769][T0xe36655fcbca0][WARN] copy_aicore_buffer: [chip_swimlane_collector.cpp:689] Core 48: skipped 1024 AICore record slot(s) with start_time=0 (race-window write or recycled-buffer tail). buf seq=0 count=1024
[mono_ns=7317236077270239][T0xe36654fabca0][WARN] copy_aicore_buffer: [chip_swimlane_collector.cpp:689] Core 53: skipped 1024 AICore record slot(s) with start_time=0 (race-window write or recycled-buffer tail). buf seq=0 count=1024
[mono_ns=7317236077385289][T0xe366557bbca0][WARN] copy_aicore_buffer: [chip_swimlane_collector.cpp:689] Core 51: skipped 1024 AICore record slot(s) with start_time=0 (race-window write or recycled-buffer tail). buf seq=0 count=1024
[mono_ns=7317236077509210][T0xe36655fcbca0][WARN] copy_aicore_buffer: [chip_swimlane_collector.cpp:689] Core 49: skipped 1024 AICore record slot(s) with start_time=0 (race-window write or recycled-buffer tail). buf seq=0 count=1024
[mono_ns=7317236077592400][T0xe36654fabca0][WARN] copy_aicore_buffer: [chip_swimlane_collector.cpp:689] Core 17: skipped 1024 AICore record slot(s) with start_time=0 (race-window write or recycled-buffer tail). buf seq=0 count=1024
[mono_ns=7317236077698030][T0xe366557bbca0][WARN] copy_aicore_buffer: [chip_swimlane_collector.cpp:689] Core 16: skipped 1024 AICore record slot(s) with start_time=0 (race-window write or recycled-buffer tail). buf seq=0 count=1024
[mono_ns=7317236077836091][T0xe36655fcbca0][WARN] copy_aicore_buffer: [chip_swimlane_collector.cpp:689] Core 15: skipped 1024 AICore record slot(s) with start_time=0 (race-window write or recycled-buffer tail). buf seq=0 count=1024
[mono_ns=7317236077904521][T0xe36654fabca0][WARN] copy_aicore_buffer: [chip_swimlane_collector.cpp:689] Core 58: skipped 1024 AICore record slot(s) with start_time=0 (race-window write or recycled-buffer tail). buf seq=0 count=1024
[mono_ns=7317236078024181][T0xe366557bbca0][WARN] copy_aicore_buffer: [chip_swimlane_collector.cpp:689] Core 56: skipped 1024 AICore record slot(s) with start_time=0 (race-window write or recycled-buffer tail). buf seq=0 count=1024
[mono_ns=7317236078175861][T0xe36655fcbca0][WARN] copy_aicore_buffer: [chip_swimlane_collector.cpp:689] Core 54: skipped 1024 AICore record slot(s) with start_time=0 (race-window write or recycled-buffer tail). buf seq=0 count=1024
[mono_ns=7317236078232302][T0xe36654fabca0][WARN] copy_aicore_buffer: [chip_swimlane_collector.cpp:689] Core 59: skipped 1024 AICore record slot(s) with start_time=0 (race-window write or recycled-buffer tail). buf seq=0 count=1024
[mono_ns=7317236078336442][T0xe366557bbca0][WARN] copy_aicore_buffer: [chip_swimlane_collector.cpp:689] Core 57: skipped 1024 AICore record slot(s) with start_time=0 (race-window write or recycled-buffer tail). buf seq=0 count=1024
[mono_ns=7317236078516032][T0xe36655fcbca0][WARN] copy_aicore_buffer: [chip_swimlane_collector.cpp:689] Core 55: skipped 1024 AICore record slot(s) with start_time=0 (race-window write or recycled-buffer tail). buf seq=0 count=1024
[mono_ns=7317236078547462][T0xe36654fabca0][WARN] copy_aicore_buffer: [chip_swimlane_collector.cpp:689] Core 20: skipped 1024 AICore record slot(s) with start_time=0 (race-window write or recycled-buffer tail). buf seq=0 count=1024
[mono_ns=7317236078650743][T0xe366557bbca0][WARN] copy_aicore_buffer: [chip_swimlane_collector.cpp:689] Core 19: skipped 1024 AICore record slot(s) with start_time=0 (race-window write or recycled-buffer tail). buf seq=0 count=1024
[mono_ns=7317236078844553][T0xe36655fcbca0][WARN] copy_aicore_buffer: [chip_swimlane_collector.cpp:689] Core 18: skipped 1024 AICore record slot(s) with start_time=0 (race-window write or recycled-buffer tail). buf seq=0 count=1024
[mono_ns=7317236078860183][T0xe36654fabca0][WARN] copy_aicore_buffer: [chip_swimlane_collector.cpp:689] Core 64: skipped 1024 AICore record slot(s) with start_time=0 (race-window write or recycled-buffer tail). buf seq=0 count=1024
[mono_ns=7317236078963903][T0xe366557bbca0][WARN] copy_aicore_buffer: [chip_swimlane_collector.cpp:689] Core 62: skipped 1024 AICore record slot(s) with start_time=0 (race-window write or recycled-buffer tail). buf seq=0 count=1024
[mono_ns=7317236079192034][T0xe36655fcbca0][WARN] copy_aicore_buffer: [chip_swimlane_collector.cpp:689] Core 60: skipped 1024 AICore record slot(s) with start_time=0 (race-window write or recycled-buffer tail). buf seq=0 count=1024
[mono_ns=7317236079204144][T0xe36654fabca0][WARN] copy_aicore_buffer: [chip_swimlane_collector.cpp:689] Core 65: skipped 1024 AICore record slot(s) with start_time=0 (race-window write or recycled-buffer tail). buf seq=0 count=1024
[mono_ns=7317236079285314][T0xe366557bbca0][WARN] copy_aicore_buffer: [chip_swimlane_collector.cpp:689] Core 63: skipped 1024 AICore record slot(s) with start_time=0 (race-window write or recycled-buffer tail). buf seq=0 count=1024
[mono_ns=7317236079518235][T0xe36654fabca0][WARN] copy_aicore_buffer: [chip_swimlane_collector.cpp:689] Core 23: skipped 1024 AICore record slot(s) with start_time=0 (race-window write or recycled-buffer tail). buf seq=0 count=1024
[mono_ns=7317236079519455][T0xe36655fcbca0][WARN] copy_aicore_buffer: [chip_swimlane_collector.cpp:689] Core 61: skipped 1024 AICore record slot(s) with start_time=0 (race-window write or recycled-buffer tail). buf seq=0 count=1024
[mono_ns=7317236079598895][T0xe366557bbca0][WARN] copy_aicore_buffer: [chip_swimlane_collector.cpp:689] Core 22: skipped 1024 AICore record slot(s) with start_time=0 (race-window write or recycled-buffer tail). buf seq=0 count=1024
[mono_ns=7317236079831576][T0xe36654fabca0][WARN] copy_aicore_buffer: [chip_swimlane_collector.cpp:689] Core 70: skipped 1024 AICore record slot(s) with start_time=0 (race-window write or recycled-buffer tail). buf seq=0 count=1024
[mono_ns=7317236079844046][T0xe36655fcbca0][WARN] copy_aicore_buffer: [chip_swimlane_collector.cpp:689] Core 21: skipped 1024 AICore record slot(s) with start_time=0 (race-window write or recycled-buffer tail). buf seq=0 count=1024
[mono_ns=7317236079911416][T0xe366557bbca0][WARN] copy_aicore_buffer: [chip_swimlane_collector.cpp:689] Core 68: skipped 1024 AICore record slot(s) with start_time=0 (race-window write or recycled-buffer tail). buf seq=0 count=1024
[mono_ns=7317236080181007][T0xe36654fabca0][WARN] copy_aicore_buffer: [chip_swimlane_collector.cpp:689] Core 71: skipped 1024 AICore record slot(s) with start_time=0 (race-window write or recycled-buffer tail). buf seq=0 count=1024
[mono_ns=7317236080192177][T0xe36655fcbca0][WARN] copy_aicore_buffer: [chip_swimlane_collector.cpp:689] Core 66: skipped 1024 AICore record slot(s) with start_time=0 (race-window write or recycled-buffer tail). buf seq=0 count=1024
[mono_ns=7317236080230357][T0xe366557bbca0][WARN] copy_aicore_buffer: [chip_swimlane_collector.cpp:689] Core 69: skipped 1024 AICore record slot(s) with start_time=0 (race-window write or recycled-buffer tail). buf seq=0 count=1024
[mono_ns=7317236080536727][T0xe36655fcbca0][WARN] copy_aicore_buffer: [chip_swimlane_collector.cpp:689] Core 67: skipped 1024 AICore record slot(s) with start_time=0 (race-window write or recycled-buffer tail). buf seq=0 count=1024
[mono_ns=7317236181038083][T0xe367b203b020][TIMING] emit_host_span: [STRACE] v=1 pid=1247062 tid=1247062 inv=14 hid=616cd77dfbea7d73 depth=1 name=chip.run.runner_run ts=7317236067323424 dur=113708039 
[mono_ns=7317236183236429][T0xe367b203b020][TIMING] emit_host_span: [STRACE] v=1 pid=1247062 tid=1247062 inv=14 hid=616cd77dfbea7d73 depth=1 name=chip.run.validate ts=7317236181049003 dur=2181306 
[mono_ns=7317236183253559][T0xe367b203b020][TIMING] emit_host_span: [STRACE] v=1 pid=1247062 tid=1247062 inv=14 hid=616cd77dfbea7d73 depth=2 name=chip.run.runner_run.device_wall ts=0 dur=4908480 clk=dev
[mono_ns=7317236183259169][T0xe367b203b020][TIMING] emit_host_span: [STRACE] v=1 pid=1247062 tid=1247062 inv=14 hid=616cd77dfbea7d73 depth=3 name=chip.run.runner_run.device_wall.preamble ts=0 dur=637819 clk=dev
[mono_ns=7317236183263209][T0xe367b203b020][TIMING] emit_host_span: [STRACE] v=1 pid=1247062 tid=1247062 inv=14 hid=616cd77dfbea7d73 depth=3 name=chip.run.runner_run.device_wall.graph_build ts=633800 dur=4265559 clk=dev
[mono_ns=7317236183266749][T0xe367b203b020][TIMING] emit_host_span: [STRACE] v=1 pid=1247062 tid=1247062 inv=14 hid=616cd77dfbea7d73 depth=3 name=chip.run.runner_run.device_wall.config_validate ts=633900 dur=600 clk=dev
[mono_ns=7317236183269989][T0xe367b203b020][TIMING] emit_host_span: [STRACE] v=1 pid=1247062 tid=1247062 inv=14 hid=616cd77dfbea7d73 depth=3 name=chip.run.runner_run.device_wall.arena_wire ts=634520 dur=280 clk=dev
[mono_ns=7317236183273129][T0xe367b203b020][TIMING] emit_host_span: [STRACE] v=1 pid=1247062 tid=1247062 inv=14 hid=616cd77dfbea7d73 depth=3 name=chip.run.runner_run.device_wall.sm_reset ts=634820 dur=520 clk=dev
[mono_ns=7317236183277179][T0xe367b203b020][TIMING] emit_host_span: [STRACE] v=1 pid=1247062 tid=1247062 inv=14 hid=616cd77dfbea7d73 depth=3 name=chip.run.runner_run.device_wall.post_orch ts=4899420 dur=8940 clk=dev
[mono_ns=7317236183280399][T0xe367b203b020][TIMING] emit_host_span: [STRACE] v=1 pid=1247062 tid=1247062 inv=14 hid=616cd77dfbea7d73 depth=3 name=chip.run.runner_run.device_wall.orch ts=635400 dur=3740 clk=dev
[mono_ns=7317236183286379][T0xe367b203b020][TIMING] emit_host_span: [STRACE] v=1 pid=1247062 tid=1247062 inv=14 hid=616cd77dfbea7d73 depth=3 name=chip.run.runner_run.device_wall.sched ts=637980 dur=4242900 clk=dev
[mono_ns=7317236183291639][T0xe367b203b020][TIMING] emit_host_span: [STRACE] v=1 pid=1247062 tid=1247062 inv=14 hid=616cd77dfbea7d73 depth=1 name=chip.run.claim_release ts=7317236183289399 dur=450 
[mono_ns=7317236183297719][T0xe367b203b020][TIMING] emit_host_span: [STRACE] v=1 pid=1247062 tid=1247062 inv=14 hid=616cd77dfbea7d73 depth=0 name=chip.run ts=7317236064866038 dur=118429631 run_id=14 dispatch_id=14 slot_id=0 generation=14 run_epoch=14
[mono_ns=7317241041491336][T0xe367b203b020][TIMING] emit_host_span: [STRACE] v=1 pid=1247062 tid=1247062 inv=15 hid=616cd77dfbea7d73 depth=2 name=chip.run.bind.args ts=7317241039563291 dur=1921485 
[mono_ns=7317241041508516][T0xe367b203b020][TIMING] emit_host_span: [STRACE] v=1 pid=1247062 tid=1247062 inv=15 hid=616cd77dfbea7d73 depth=2 name=chip.run.bind.prebuilt ts=7317241041502826 dur=3090 
[mono_ns=7317241041513516][T0xe367b203b020][TIMING] emit_host_span: [STRACE] v=1 pid=1247062 tid=1247062 inv=15 hid=616cd77dfbea7d73 depth=1 name=chip.run.bind ts=7317241039555291 dur=1956005 
[mono_ns=7317241146275294][T0xe367b203b020][TIMING] emit_host_span: [STRACE] v=1 pid=1247062 tid=1247062 inv=15 hid=616cd77dfbea7d73 depth=1 name=chip.run.runner_run ts=7317241041708986 dur=104556908 
[mono_ns=7317241148412070][T0xe367b203b020][TIMING] emit_host_span: [STRACE] v=1 pid=1247062 tid=1247062 inv=15 hid=616cd77dfbea7d73 depth=1 name=chip.run.validate ts=7317241146290424 dur=2113416 
[mono_ns=7317241148437320][T0xe367b203b020][TIMING] emit_host_span: [STRACE] v=1 pid=1247062 tid=1247062 inv=15 hid=616cd77dfbea7d73 depth=2 name=chip.run.runner_run.device_wall ts=0 dur=5234220 clk=dev
[mono_ns=7317241148442210][T0xe367b203b020][TIMING] emit_host_span: [STRACE] v=1 pid=1247062 tid=1247062 inv=15 hid=616cd77dfbea7d73 depth=3 name=chip.run.runner_run.device_wall.preamble ts=0 dur=6340 clk=dev
[mono_ns=7317241148447670][T0xe367b203b020][TIMING] emit_host_span: [STRACE] v=1 pid=1247062 tid=1247062 inv=15 hid=616cd77dfbea7d73 depth=3 name=chip.run.runner_run.device_wall.graph_build ts=2160 dur=5222519 clk=dev
[mono_ns=7317241148452160][T0xe367b203b020][TIMING] emit_host_span: [STRACE] v=1 pid=1247062 tid=1247062 inv=15 hid=616cd77dfbea7d73 depth=3 name=chip.run.runner_run.device_wall.config_validate ts=2260 dur=980 clk=dev
[mono_ns=7317241148455710][T0xe367b203b020][TIMING] emit_host_span: [STRACE] v=1 pid=1247062 tid=1247062 inv=15 hid=616cd77dfbea7d73 depth=3 name=chip.run.runner_run.device_wall.arena_wire ts=3280 dur=339 clk=dev
[mono_ns=7317241148458870][T0xe367b203b020][TIMING] emit_host_span: [STRACE] v=1 pid=1247062 tid=1247062 inv=15 hid=616cd77dfbea7d73 depth=3 name=chip.run.runner_run.device_wall.sm_reset ts=3660 dur=600 clk=dev
[mono_ns=7317241148462080][T0xe367b203b020][TIMING] emit_host_span: [STRACE] v=1 pid=1247062 tid=1247062 inv=15 hid=616cd77dfbea7d73 depth=3 name=chip.run.runner_run.device_wall.post_orch ts=5224700 dur=9120 clk=dev
[mono_ns=7317241148469520][T0xe367b203b020][TIMING] emit_host_span: [STRACE] v=1 pid=1247062 tid=1247062 inv=15 hid=616cd77dfbea7d73 depth=3 name=chip.run.runner_run.device_wall.orch ts=4780 dur=7640 clk=dev
[mono_ns=7317241148473800][T0xe367b203b020][TIMING] emit_host_span: [STRACE] v=1 pid=1247062 tid=1247062 inv=15 hid=616cd77dfbea7d73 depth=3 name=chip.run.runner_run.device_wall.sched ts=6440 dur=5210740 clk=dev
[mono_ns=7317241148479390][T0xe367b203b020][TIMING] emit_host_span: [STRACE] v=1 pid=1247062 tid=1247062 inv=15 hid=616cd77dfbea7d73 depth=1 name=chip.run.claim_release ts=7317241148476860 dur=670 
[mono_ns=7317241148485650][T0xe367b203b020][TIMING] emit_host_span: [STRACE] v=1 pid=1247062 tid=1247062 inv=15 hid=616cd77dfbea7d73 depth=0 name=chip.run ts=7317241039520601 dur=108962989 run_id=15 dispatch_id=15 slot_id=0 generation=15 run_epoch=15
[mono_ns=7317241158682996][T0xe367b203b020][TIMING] emit_host_span: [STRACE] v=1 pid=1247062 tid=1247062 inv=16 hid=616cd77dfbea7d73 depth=2 name=chip.run.bind.args ts=7317241156450600 dur=2225416 
[mono_ns=7317241158699656][T0xe367b203b020][TIMING] emit_host_span: [STRACE] v=1 pid=1247062 tid=1247062 inv=16 hid=616cd77dfbea7d73 depth=2 name=chip.run.bind.prebuilt ts=7317241158694526 dur=2790 
[mono_ns=7317241158704306][T0xe367b203b020][TIMING] emit_host_span: [STRACE] v=1 pid=1247062 tid=1247062 inv=16 hid=616cd77dfbea7d73 depth=1 name=chip.run.bind ts=7317241156443990 dur=2258166 
[mono_ns=7317241164108340][T0xe366557bbca0][WARN] copy_aicore_buffer: [chip_swimlane_collector.cpp:689] Core 1: skipped 1024 AICore record slot(s) with start_time=0 (race-window write or recycled-buffer tail). buf seq=0 count=1024
[mono_ns=7317241164138610][T0xe36654fabca0][WARN] copy_aicore_buffer: [chip_swimlane_collector.cpp:689] Core 2: skipped 1024 AICore record slot(s) with start_time=0 (race-window write or recycled-buffer tail). buf seq=0 count=1024
[mono_ns=7317241164160700][T0xe36655fcbca0][WARN] copy_aicore_buffer: [chip_swimlane_collector.cpp:689] Core 0: skipped 1024 AICore record slot(s) with start_time=0 (race-window write or recycled-buffer tail). buf seq=0 count=1024
[mono_ns=7317241164457161][T0xe36654fabca0][WARN] copy_aicore_buffer: [chip_swimlane_collector.cpp:689] Core 28: skipped 1023 AICore record slot(s) with start_time=0 (race-window write or recycled-buffer tail). buf seq=0 count=1024
[mono_ns=7317241164457191][T0xe366557bbca0][WARN] copy_aicore_buffer: [chip_swimlane_collector.cpp:689] Core 26: skipped 1023 AICore record slot(s) with start_time=0 (race-window write or recycled-buffer tail). buf seq=0 count=1024
[mono_ns=7317241164496341][T0xe36655fcbca0][WARN] copy_aicore_buffer: [chip_swimlane_collector.cpp:689] Core 24: skipped 1023 AICore record slot(s) with start_time=0 (race-window write or recycled-buffer tail). buf seq=0 count=1024
[mono_ns=7317241164771402][T0xe36654fabca0][WARN] copy_aicore_buffer: [chip_swimlane_collector.cpp:689] Core 29: skipped 1024 AICore record slot(s) with start_time=0 (race-window write or recycled-buffer tail). buf seq=0 count=1024
[mono_ns=7317241164772922][T0xe366557bbca0][WARN] copy_aicore_buffer: [chip_swimlane_collector.cpp:689] Core 27: skipped 1022 AICore record slot(s) with start_time=0 (race-window write or recycled-buffer tail). buf seq=0 count=1024
[mono_ns=7317241164829342][T0xe36655fcbca0][WARN] copy_aicore_buffer: [chip_swimlane_collector.cpp:689] Core 25: skipped 1024 AICore record slot(s) with start_time=0 (race-window write or recycled-buffer tail). buf seq=0 count=1024
[mono_ns=7317241165099392][T0xe366557bbca0][WARN] copy_aicore_buffer: [chip_swimlane_collector.cpp:689] Core 4: skipped 1024 AICore record slot(s) with start_time=0 (race-window write or recycled-buffer tail). buf seq=0 count=1024
[mono_ns=7317241165178803][T0xe36654fabca0][WARN] copy_aicore_buffer: [chip_swimlane_collector.cpp:689] Core 5: skipped 1024 AICore record slot(s) with start_time=0 (race-window write or recycled-buffer tail). buf seq=0 count=1024
[mono_ns=7317241165190583][T0xe36655fcbca0][WARN] copy_aicore_buffer: [chip_swimlane_collector.cpp:689] Core 3: skipped 1024 AICore record slot(s) with start_time=0 (race-window write or recycled-buffer tail). buf seq=0 count=1024
[mono_ns=7317241165414333][T0xe366557bbca0][WARN] copy_aicore_buffer: [chip_swimlane_collector.cpp:689] Core 32: skipped 1024 AICore record slot(s) with start_time=0 (race-window write or recycled-buffer tail). buf seq=0 count=1024
[mono_ns=7317241165492113][T0xe36654fabca0][WARN] copy_aicore_buffer: [chip_swimlane_collector.cpp:689] Core 34: skipped 1024 AICore record slot(s) with start_time=0 (race-window write or recycled-buffer tail). buf seq=0 count=1024
[mono_ns=7317241165516803][T0xe36655fcbca0][WARN] copy_aicore_buffer: [chip_swimlane_collector.cpp:689] Core 30: skipped 1023 AICore record slot(s) with start_time=0 (race-window write or recycled-buffer tail). buf seq=0 count=1024
[mono_ns=7317241165728544][T0xe366557bbca0][WARN] copy_aicore_buffer: [chip_swimlane_collector.cpp:689] Core 33: skipped 1024 AICore record slot(s) with start_time=0 (race-window write or recycled-buffer tail). buf seq=0 count=1024
[mono_ns=7317241165804714][T0xe36654fabca0][WARN] copy_aicore_buffer: [chip_swimlane_collector.cpp:689] Core 35: skipped 1024 AICore record slot(s) with start_time=0 (race-window write or recycled-buffer tail). buf seq=0 count=1024
[mono_ns=7317241165844334][T0xe36655fcbca0][WARN] copy_aicore_buffer: [chip_swimlane_collector.cpp:689] Core 31: skipped 1024 AICore record slot(s) with start_time=0 (race-window write or recycled-buffer tail). buf seq=0 count=1024
[mono_ns=7317241166092495][T0xe366557bbca0][WARN] copy_aicore_buffer: [chip_swimlane_collector.cpp:689] Core 7: skipped 1024 AICore record slot(s) with start_time=0 (race-window write or recycled-buffer tail). buf seq=0 count=1024
[mono_ns=7317241166132635][T0xe36654fabca0][WARN] copy_aicore_buffer: [chip_swimlane_collector.cpp:689] Core 8: skipped 1024 AICore record slot(s) with start_time=0 (race-window write or recycled-buffer tail). buf seq=0 count=1024
[mono_ns=7317241166176195][T0xe36655fcbca0][WARN] copy_aicore_buffer: [chip_swimlane_collector.cpp:689] Core 6: skipped 1024 AICore record slot(s) with start_time=0 (race-window write or recycled-buffer tail). buf seq=0 count=1024
[mono_ns=7317241166406746][T0xe366557bbca0][WARN] copy_aicore_buffer: [chip_swimlane_collector.cpp:689] Core 38: skipped 1024 AICore record slot(s) with start_time=0 (race-window write or recycled-buffer tail). buf seq=0 count=1024
[mono_ns=7317241166444996][T0xe36654fabca0][WARN] copy_aicore_buffer: [chip_swimlane_collector.cpp:689] Core 40: skipped 1024 AICore record slot(s) with start_time=0 (race-window write or recycled-buffer tail). buf seq=0 count=1024
[mono_ns=7317241166504586][T0xe36655fcbca0][WARN] copy_aicore_buffer: [chip_swimlane_collector.cpp:689] Core 36: skipped 1024 AICore record slot(s) with start_time=0 (race-window write or recycled-buffer tail). buf seq=0 count=1024
[mono_ns=7317241166718727][T0xe366557bbca0][WARN] copy_aicore_buffer: [chip_swimlane_collector.cpp:689] Core 39: skipped 1024 AICore record slot(s) with start_time=0 (race-window write or recycled-buffer tail). buf seq=0 count=1024
[mono_ns=7317241166757197][T0xe36654fabca0][WARN] copy_aicore_buffer: [chip_swimlane_collector.cpp:689] Core 41: skipped 1024 AICore record slot(s) with start_time=0 (race-window write or recycled-buffer tail). buf seq=0 count=1024
[mono_ns=7317241166837917][T0xe36655fcbca0][WARN] copy_aicore_buffer: [chip_swimlane_collector.cpp:689] Core 37: skipped 1024 AICore record slot(s) with start_time=0 (race-window write or recycled-buffer tail). buf seq=0 count=1024
[mono_ns=7317241167049247][T0xe366557bbca0][WARN] copy_aicore_buffer: [chip_swimlane_collector.cpp:689] Core 10: skipped 1024 AICore record slot(s) with start_time=0 (race-window write or recycled-buffer tail). buf seq=0 count=1024
[mono_ns=7317241167089297][T0xe36654fabca0][WARN] copy_aicore_buffer: [chip_swimlane_collector.cpp:689] Core 11: skipped 1024 AICore record slot(s) with start_time=0 (race-window write or recycled-buffer tail). buf seq=0 count=1024
[mono_ns=7317241167177798][T0xe36655fcbca0][WARN] copy_aicore_buffer: [chip_swimlane_collector.cpp:689] Core 9: skipped 1024 AICore record slot(s) with start_time=0 (race-window write or recycled-buffer tail). buf seq=0 count=1024
[mono_ns=7317241167364678][T0xe366557bbca0][WARN] copy_aicore_buffer: [chip_swimlane_collector.cpp:689] Core 44: skipped 1024 AICore record slot(s) with start_time=0 (race-window write or recycled-buffer tail). buf seq=0 count=1024
[mono_ns=7317241167401498][T0xe36654fabca0][WARN] copy_aicore_buffer: [chip_swimlane_collector.cpp:689] Core 46: skipped 1024 AICore record slot(s) with start_time=0 (race-window write or recycled-buffer tail). buf seq=0 count=1024
[mono_ns=7317241167505139][T0xe36655fcbca0][WARN] copy_aicore_buffer: [chip_swimlane_collector.cpp:689] Core 42: skipped 1024 AICore record slot(s) with start_time=0 (race-window write or recycled-buffer tail). buf seq=0 count=1024
[mono_ns=7317241167678169][T0xe366557bbca0][WARN] copy_aicore_buffer: [chip_swimlane_collector.cpp:689] Core 45: skipped 1024 AICore record slot(s) with start_time=0 (race-window write or recycled-buffer tail). buf seq=0 count=1024
[mono_ns=7317241167729179][T0xe36654fabca0][WARN] copy_aicore_buffer: [chip_swimlane_collector.cpp:689] Core 47: skipped 1024 AICore record slot(s) with start_time=0 (race-window write or recycled-buffer tail). buf seq=0 count=1024
[mono_ns=7317241167830969][T0xe36655fcbca0][WARN] copy_aicore_buffer: [chip_swimlane_collector.cpp:689] Core 43: skipped 1024 AICore record slot(s) with start_time=0 (race-window write or recycled-buffer tail). buf seq=0 count=1024
[mono_ns=7317241167990960][T0xe366557bbca0][WARN] copy_aicore_buffer: [chip_swimlane_collector.cpp:689] Core 13: skipped 1024 AICore record slot(s) with start_time=0 (race-window write or recycled-buffer tail). buf seq=0 count=1024
[mono_ns=7317241168055310][T0xe36654fabca0][WARN] copy_aicore_buffer: [chip_swimlane_collector.cpp:689] Core 14: skipped 1024 AICore record slot(s) with start_time=0 (race-window write or recycled-buffer tail). buf seq=0 count=1024
[mono_ns=7317241168169760][T0xe36655fcbca0][WARN] copy_aicore_buffer: [chip_swimlane_collector.cpp:689] Core 12: skipped 1024 AICore record slot(s) with start_time=0 (race-window write or recycled-buffer tail). buf seq=0 count=1024
[mono_ns=7317241168315721][T0xe366557bbca0][WARN] copy_aicore_buffer: [chip_swimlane_collector.cpp:689] Core 50: skipped 1024 AICore record slot(s) with start_time=0 (race-window write or recycled-buffer tail). buf seq=0 count=1024
[mono_ns=7317241168367191][T0xe36654fabca0][WARN] copy_aicore_buffer: [chip_swimlane_collector.cpp:689] Core 52: skipped 1024 AICore record slot(s) with start_time=0 (race-window write or recycled-buffer tail). buf seq=0 count=1024
[mono_ns=7317241168496861][T0xe36655fcbca0][WARN] copy_aicore_buffer: [chip_swimlane_collector.cpp:689] Core 48: skipped 1024 AICore record slot(s) with start_time=0 (race-window write or recycled-buffer tail). buf seq=0 count=1024
[mono_ns=7317241168648651][T0xe366557bbca0][WARN] copy_aicore_buffer: [chip_swimlane_collector.cpp:689] Core 51: skipped 1024 AICore record slot(s) with start_time=0 (race-window write or recycled-buffer tail). buf seq=0 count=1024
[mono_ns=7317241168680392][T0xe36654fabca0][WARN] copy_aicore_buffer: [chip_swimlane_collector.cpp:689] Core 53: skipped 1024 AICore record slot(s) with start_time=0 (race-window write or recycled-buffer tail). buf seq=0 count=1024
[mono_ns=7317241168824962][T0xe36655fcbca0][WARN] copy_aicore_buffer: [chip_swimlane_collector.cpp:689] Core 49: skipped 1024 AICore record slot(s) with start_time=0 (race-window write or recycled-buffer tail). buf seq=0 count=1024
[mono_ns=7317241168961832][T0xe366557bbca0][WARN] copy_aicore_buffer: [chip_swimlane_collector.cpp:689] Core 16: skipped 1024 AICore record slot(s) with start_time=0 (race-window write or recycled-buffer tail). buf seq=0 count=1024
[mono_ns=7317241168992582][T0xe36654fabca0][WARN] copy_aicore_buffer: [chip_swimlane_collector.cpp:689] Core 17: skipped 1024 AICore record slot(s) with start_time=0 (race-window write or recycled-buffer tail). buf seq=0 count=1024
[mono_ns=7317241169170293][T0xe36655fcbca0][WARN] copy_aicore_buffer: [chip_swimlane_collector.cpp:689] Core 15: skipped 1024 AICore record slot(s) with start_time=0 (race-window write or recycled-buffer tail). buf seq=0 count=1024
[mono_ns=7317241169279843][T0xe366557bbca0][WARN] copy_aicore_buffer: [chip_swimlane_collector.cpp:689] Core 56: skipped 1024 AICore record slot(s) with start_time=0 (race-window write or recycled-buffer tail). buf seq=0 count=1024
[mono_ns=7317241169308023][T0xe36654fabca0][WARN] copy_aicore_buffer: [chip_swimlane_collector.cpp:689] Core 58: skipped 1024 AICore record slot(s) with start_time=0 (race-window write or recycled-buffer tail). buf seq=0 count=1024
[mono_ns=7317241169516694][T0xe36655fcbca0][WARN] copy_aicore_buffer: [chip_swimlane_collector.cpp:689] Core 54: skipped 1024 AICore record slot(s) with start_time=0 (race-window write or recycled-buffer tail). buf seq=0 count=1024
[mono_ns=7317241169594184][T0xe366557bbca0][WARN] copy_aicore_buffer: [chip_swimlane_collector.cpp:689] Core 57: skipped 1024 AICore record slot(s) with start_time=0 (race-window write or recycled-buffer tail). buf seq=0 count=1024
[mono_ns=7317241169619894][T0xe36654fabca0][WARN] copy_aicore_buffer: [chip_swimlane_collector.cpp:689] Core 59: skipped 1024 AICore record slot(s) with start_time=0 (race-window write or recycled-buffer tail). buf seq=0 count=1024
[mono_ns=7317241169844575][T0xe36655fcbca0][WARN] copy_aicore_buffer: [chip_swimlane_collector.cpp:689] Core 55: skipped 1024 AICore record slot(s) with start_time=0 (race-window write or recycled-buffer tail). buf seq=0 count=1024
[mono_ns=7317241169908205][T0xe366557bbca0][WARN] copy_aicore_buffer: [chip_swimlane_collector.cpp:689] Core 19: skipped 1024 AICore record slot(s) with start_time=0 (race-window write or recycled-buffer tail). buf seq=0 count=1024
[mono_ns=7317241169933215][T0xe36654fabca0][WARN] copy_aicore_buffer: [chip_swimlane_collector.cpp:689] Core 20: skipped 1024 AICore record slot(s) with start_time=0 (race-window write or recycled-buffer tail). buf seq=0 count=1024
[mono_ns=7317241170184865][T0xe36655fcbca0][WARN] copy_aicore_buffer: [chip_swimlane_collector.cpp:689] Core 18: skipped 1024 AICore record slot(s) with start_time=0 (race-window write or recycled-buffer tail). buf seq=0 count=1024
[mono_ns=7317241170254916][T0xe36654fabca0][WARN] copy_aicore_buffer: [chip_swimlane_collector.cpp:689] Core 64: skipped 1024 AICore record slot(s) with start_time=0 (race-window write or recycled-buffer tail). buf seq=0 count=1024
[mono_ns=7317241170259916][T0xe366557bbca0][WARN] copy_aicore_buffer: [chip_swimlane_collector.cpp:689] Core 62: skipped 1024 AICore record slot(s) with start_time=0 (race-window write or recycled-buffer tail). buf seq=0 count=1024
[mono_ns=7317241170512926][T0xe36655fcbca0][WARN] copy_aicore_buffer: [chip_swimlane_collector.cpp:689] Core 60: skipped 1024 AICore record slot(s) with start_time=0 (race-window write or recycled-buffer tail). buf seq=0 count=1024
[mono_ns=7317241170568336][T0xe36654fabca0][WARN] copy_aicore_buffer: [chip_swimlane_collector.cpp:689] Core 65: skipped 1024 AICore record slot(s) with start_time=0 (race-window write or recycled-buffer tail). buf seq=0 count=1024
[mono_ns=7317241170571296][T0xe366557bbca0][WARN] copy_aicore_buffer: [chip_swimlane_collector.cpp:689] Core 63: skipped 1024 AICore record slot(s) with start_time=0 (race-window write or recycled-buffer tail). buf seq=0 count=1024
[mono_ns=7317241170839827][T0xe36655fcbca0][WARN] copy_aicore_buffer: [chip_swimlane_collector.cpp:689] Core 61: skipped 1024 AICore record slot(s) with start_time=0 (race-window write or recycled-buffer tail). buf seq=0 count=1024
[mono_ns=7317241170882027][T0xe36654fabca0][WARN] copy_aicore_buffer: [chip_swimlane_collector.cpp:689] Core 23: skipped 1024 AICore record slot(s) with start_time=0 (race-window write or recycled-buffer tail). buf seq=0 count=1024
[mono_ns=7317241170884097][T0xe366557bbca0][WARN] copy_aicore_buffer: [chip_swimlane_collector.cpp:689] Core 22: skipped 1024 AICore record slot(s) with start_time=0 (race-window write or recycled-buffer tail). buf seq=0 count=1024
[mono_ns=7317241171179328][T0xe36655fcbca0][WARN] copy_aicore_buffer: [chip_swimlane_collector.cpp:689] Core 21: skipped 1024 AICore record slot(s) with start_time=0 (race-window write or recycled-buffer tail). buf seq=0 count=1024
[mono_ns=7317241171203798][T0xe36654fabca0][WARN] copy_aicore_buffer: [chip_swimlane_collector.cpp:689] Core 70: skipped 1024 AICore record slot(s) with start_time=0 (race-window write or recycled-buffer tail). buf seq=0 count=1024
[mono_ns=7317241171205318][T0xe366557bbca0][WARN] copy_aicore_buffer: [chip_swimlane_collector.cpp:689] Core 68: skipped 1024 AICore record slot(s) with start_time=0 (race-window write or recycled-buffer tail). buf seq=0 count=1024
[mono_ns=7317241171506819][T0xe36655fcbca0][WARN] copy_aicore_buffer: [chip_swimlane_collector.cpp:689] Core 66: skipped 1024 AICore record slot(s) with start_time=0 (race-window write or recycled-buffer tail). buf seq=0 count=1024
[mono_ns=7317241171515919][T0xe36654fabca0][WARN] copy_aicore_buffer: [chip_swimlane_collector.cpp:689] Core 71: skipped 1024 AICore record slot(s) with start_time=0 (race-window write or recycled-buffer tail). buf seq=0 count=1024
[mono_ns=7317241171517749][T0xe366557bbca0][WARN] copy_aicore_buffer: [chip_swimlane_collector.cpp:689] Core 69: skipped 1024 AICore record slot(s) with start_time=0 (race-window write or recycled-buffer tail). buf seq=0 count=1024
[mono_ns=7317241171834940][T0xe36655fcbca0][WARN] copy_aicore_buffer: [chip_swimlane_collector.cpp:689] Core 67: skipped 1024 AICore record slot(s) with start_time=0 (race-window write or recycled-buffer tail). buf seq=0 count=1024
[mono_ns=7317241272347437][T0xe367b203b020][TIMING] emit_host_span: [STRACE] v=1 pid=1247062 tid=1247062 inv=16 hid=616cd77dfbea7d73 depth=1 name=chip.run.runner_run ts=7317241159099847 dur=113241290 
[mono_ns=7317241274515723][T0xe367b203b020][TIMING] emit_host_span: [STRACE] v=1 pid=1247062 tid=1247062 inv=16 hid=616cd77dfbea7d73 depth=1 name=chip.run.validate ts=7317241272358457 dur=2152176 
[mono_ns=7317241274528433][T0xe367b203b020][TIMING] emit_host_span: [STRACE] v=1 pid=1247062 tid=1247062 inv=16 hid=616cd77dfbea7d73 depth=2 name=chip.run.runner_run.device_wall ts=0 dur=4486360 clk=dev
[mono_ns=7317241274533343][T0xe367b203b020][TIMING] emit_host_span: [STRACE] v=1 pid=1247062 tid=1247062 inv=16 hid=616cd77dfbea7d73 depth=3 name=chip.run.runner_run.device_wall.preamble ts=0 dur=630120 clk=dev
[mono_ns=7317241274538803][T0xe367b203b020][TIMING] emit_host_span: [STRACE] v=1 pid=1247062 tid=1247062 inv=16 hid=616cd77dfbea7d73 depth=3 name=chip.run.runner_run.device_wall.graph_build ts=625959 dur=3851380 clk=dev
[mono_ns=7317241274542463][T0xe367b203b020][TIMING] emit_host_span: [STRACE] v=1 pid=1247062 tid=1247062 inv=16 hid=616cd77dfbea7d73 depth=3 name=chip.run.runner_run.device_wall.config_validate ts=626040 dur=740 clk=dev
[mono_ns=7317241274545943][T0xe367b203b020][TIMING] emit_host_span: [STRACE] v=1 pid=1247062 tid=1247062 inv=16 hid=616cd77dfbea7d73 depth=3 name=chip.run.runner_run.device_wall.arena_wire ts=626800 dur=280 clk=dev
[mono_ns=7317241274557263][T0xe367b203b020][TIMING] emit_host_span: [STRACE] v=1 pid=1247062 tid=1247062 inv=16 hid=616cd77dfbea7d73 depth=3 name=chip.run.runner_run.device_wall.sm_reset ts=627100 dur=480 clk=dev
[mono_ns=7317241274561393][T0xe367b203b020][TIMING] emit_host_span: [STRACE] v=1 pid=1247062 tid=1247062 inv=16 hid=616cd77dfbea7d73 depth=3 name=chip.run.runner_run.device_wall.post_orch ts=4477380 dur=8820 clk=dev
[mono_ns=7317241274564983][T0xe367b203b020][TIMING] emit_host_span: [STRACE] v=1 pid=1247062 tid=1247062 inv=16 hid=616cd77dfbea7d73 depth=3 name=chip.run.runner_run.device_wall.orch ts=627620 dur=3860 clk=dev
[mono_ns=7317241274568763][T0xe367b203b020][TIMING] emit_host_span: [STRACE] v=1 pid=1247062 tid=1247062 inv=16 hid=616cd77dfbea7d73 depth=3 name=chip.run.runner_run.device_wall.sched ts=630280 dur=3829379 clk=dev
[mono_ns=7317241274574033][T0xe367b203b020][TIMING] emit_host_span: [STRACE] v=1 pid=1247062 tid=1247062 inv=16 hid=616cd77dfbea7d73 depth=1 name=chip.run.claim_release ts=7317241274571603 dur=550 
[mono_ns=7317241274580023][T0xe367b203b020][TIMING] emit_host_span: [STRACE] v=1 pid=1247062 tid=1247062 inv=16 hid=616cd77dfbea7d73 depth=0 name=chip.run ts=7317241156416640 dur=118161373 run_id=16 dispatch_id=16 slot_id=0 generation=16 run_epoch=16
[mono_ns=7317246116263870][T0xe367b203b020][TIMING] emit_host_span: [STRACE] v=1 pid=1247062 tid=1247062 inv=17 hid=616cd77dfbea7d73 depth=2 name=chip.run.bind.args ts=7317246113703163 dur=2548007 
[mono_ns=7317246116417630][T0xe367b203b020][TIMING] emit_host_span: [STRACE] v=1 pid=1247062 tid=1247062 inv=17 hid=616cd77dfbea7d73 depth=2 name=chip.run.bind.prebuilt ts=7317246116407270 dur=3720 
[mono_ns=7317246116424710][T0xe367b203b020][TIMING] emit_host_span: [STRACE] v=1 pid=1247062 tid=1247062 inv=17 hid=616cd77dfbea7d73 depth=1 name=chip.run.bind ts=7317246113694833 dur=2727257 
[mono_ns=7317246221496761][T0xe367b203b020][TIMING] emit_host_span: [STRACE] v=1 pid=1247062 tid=1247062 inv=17 hid=616cd77dfbea7d73 depth=1 name=chip.run.runner_run ts=7317246116658061 dur=104829710 
[mono_ns=7317246223586296][T0xe367b203b020][TIMING] emit_host_span: [STRACE] v=1 pid=1247062 tid=1247062 inv=17 hid=616cd77dfbea7d73 depth=1 name=chip.run.validate ts=7317246221510381 dur=2068975 
[mono_ns=7317246223599856][T0xe367b203b020][TIMING] emit_host_span: [STRACE] v=1 pid=1247062 tid=1247062 inv=17 hid=616cd77dfbea7d73 depth=2 name=chip.run.runner_run.device_wall ts=0 dur=4484740 clk=dev
[mono_ns=7317246223604436][T0xe367b203b020][TIMING] emit_host_span: [STRACE] v=1 pid=1247062 tid=1247062 inv=17 hid=616cd77dfbea7d73 depth=3 name=chip.run.runner_run.device_wall.preamble ts=0 dur=6420 clk=dev
[mono_ns=7317246223608576][T0xe367b203b020][TIMING] emit_host_span: [STRACE] v=1 pid=1247062 tid=1247062 inv=17 hid=616cd77dfbea7d73 depth=3 name=chip.run.runner_run.device_wall.graph_build ts=1700 dur=4473380 clk=dev
[mono_ns=7317246223613346][T0xe367b203b020][TIMING] emit_host_span: [STRACE] v=1 pid=1247062 tid=1247062 inv=17 hid=616cd77dfbea7d73 depth=3 name=chip.run.runner_run.device_wall.config_validate ts=2040 dur=919 clk=dev
[mono_ns=7317246223624316][T0xe367b203b020][TIMING] emit_host_span: [STRACE] v=1 pid=1247062 tid=1247062 inv=17 hid=616cd77dfbea7d73 depth=3 name=chip.run.runner_run.device_wall.arena_wire ts=2980 dur=380 clk=dev
[mono_ns=7317246223627236][T0xe367b203b020][TIMING] emit_host_span: [STRACE] v=1 pid=1247062 tid=1247062 inv=17 hid=616cd77dfbea7d73 depth=3 name=chip.run.runner_run.device_wall.sm_reset ts=3380 dur=760 clk=dev
[mono_ns=7317246223630616][T0xe367b203b020][TIMING] emit_host_span: [STRACE] v=1 pid=1247062 tid=1247062 inv=17 hid=616cd77dfbea7d73 depth=3 name=chip.run.runner_run.device_wall.post_orch ts=4475120 dur=9220 clk=dev
[mono_ns=7317246223634536][T0xe367b203b020][TIMING] emit_host_span: [STRACE] v=1 pid=1247062 tid=1247062 inv=17 hid=616cd77dfbea7d73 depth=3 name=chip.run.runner_run.device_wall.orch ts=4860 dur=8140 clk=dev
[mono_ns=7317246223637376][T0xe367b203b020][TIMING] emit_host_span: [STRACE] v=1 pid=1247062 tid=1247062 inv=17 hid=616cd77dfbea7d73 depth=3 name=chip.run.runner_run.device_wall.sched ts=6939 dur=4460680 clk=dev
[mono_ns=7317246223642966][T0xe367b203b020][TIMING] emit_host_span: [STRACE] v=1 pid=1247062 tid=1247062 inv=17 hid=616cd77dfbea7d73 depth=1 name=chip.run.claim_release ts=7317246223640516 dur=710 
[mono_ns=7317246223647236][T0xe367b203b020][TIMING] emit_host_span: [STRACE] v=1 pid=1247062 tid=1247062 inv=17 hid=616cd77dfbea7d73 depth=0 name=chip.run ts=7317246113663713 dur=109981543 run_id=17 dispatch_id=17 slot_id=0 generation=17 run_epoch=17
[mono_ns=7317246232054308][T0xe367b203b020][TIMING] emit_host_span: [STRACE] v=1 pid=1247062 tid=1247062 inv=18 hid=616cd77dfbea7d73 depth=2 name=chip.run.bind.args ts=7317246230179043 dur=1869435 
[mono_ns=7317246232077158][T0xe367b203b020][TIMING] emit_host_span: [STRACE] v=1 pid=1247062 tid=1247062 inv=18 hid=616cd77dfbea7d73 depth=2 name=chip.run.bind.prebuilt ts=7317246232072288 dur=2280 
[mono_ns=7317246232081908][T0xe367b203b020][TIMING] emit_host_span: [STRACE] v=1 pid=1247062 tid=1247062 inv=18 hid=616cd77dfbea7d73 depth=1 name=chip.run.bind ts=7317246230173093 dur=1906755 
[mono_ns=7317246237631212][T0xe366557bbca0][WARN] copy_aicore_buffer: [chip_swimlane_collector.cpp:689] Core 1: skipped 1024 AICore record slot(s) with start_time=0 (race-window write or recycled-buffer tail). buf seq=0 count=1024
[mono_ns=7317246237649013][T0xe36654fabca0][WARN] copy_aicore_buffer: [chip_swimlane_collector.cpp:689] Core 2: skipped 1024 AICore record slot(s) with start_time=0 (race-window write or recycled-buffer tail). buf seq=0 count=1024
[mono_ns=7317246237649293][T0xe36655fcbca0][WARN] copy_aicore_buffer: [chip_swimlane_collector.cpp:689] Core 0: skipped 1024 AICore record slot(s) with start_time=0 (race-window write or recycled-buffer tail). buf seq=0 count=1024
[mono_ns=7317246237952343][T0xe366557bbca0][WARN] copy_aicore_buffer: [chip_swimlane_collector.cpp:689] Core 26: skipped 1023 AICore record slot(s) with start_time=0 (race-window write or recycled-buffer tail). buf seq=0 count=1024
[mono_ns=7317246237966193][T0xe36654fabca0][WARN] copy_aicore_buffer: [chip_swimlane_collector.cpp:689] Core 28: skipped 1022 AICore record slot(s) with start_time=0 (race-window write or recycled-buffer tail). buf seq=0 count=1024
[mono_ns=7317246237982073][T0xe36655fcbca0][WARN] copy_aicore_buffer: [chip_swimlane_collector.cpp:689] Core 24: skipped 1024 AICore record slot(s) with start_time=0 (race-window write or recycled-buffer tail). buf seq=0 count=1024
[mono_ns=7317246238282504][T0xe366557bbca0][WARN] copy_aicore_buffer: [chip_swimlane_collector.cpp:689] Core 27: skipped 1022 AICore record slot(s) with start_time=0 (race-window write or recycled-buffer tail). buf seq=0 count=1024
[mono_ns=7317246238288504][T0xe36654fabca0][WARN] copy_aicore_buffer: [chip_swimlane_collector.cpp:689] Core 29: skipped 1024 AICore record slot(s) with start_time=0 (race-window write or recycled-buffer tail). buf seq=0 count=1024
[mono_ns=7317246238363414][T0xe36655fcbca0][WARN] copy_aicore_buffer: [chip_swimlane_collector.cpp:689] Core 25: skipped 1024 AICore record slot(s) with start_time=0 (race-window write or recycled-buffer tail). buf seq=0 count=1024
[mono_ns=7317246238597255][T0xe366557bbca0][WARN] copy_aicore_buffer: [chip_swimlane_collector.cpp:689] Core 4: skipped 1024 AICore record slot(s) with start_time=0 (race-window write or recycled-buffer tail). buf seq=0 count=1024
[mono_ns=7317246238602565][T0xe36654fabca0][WARN] copy_aicore_buffer: [chip_swimlane_collector.cpp:689] Core 5: skipped 1024 AICore record slot(s) with start_time=0 (race-window write or recycled-buffer tail). buf seq=0 count=1024
[mono_ns=7317246238693515][T0xe36655fcbca0][WARN] copy_aicore_buffer: [chip_swimlane_collector.cpp:689] Core 3: skipped 1024 AICore record slot(s) with start_time=0 (race-window write or recycled-buffer tail). buf seq=0 count=1024
[mono_ns=7317246238913016][T0xe366557bbca0][WARN] copy_aicore_buffer: [chip_swimlane_collector.cpp:689] Core 32: skipped 1024 AICore record slot(s) with start_time=0 (race-window write or recycled-buffer tail). buf seq=0 count=1024
[mono_ns=7317246238914036][T0xe36654fabca0][WARN] copy_aicore_buffer: [chip_swimlane_collector.cpp:689] Core 34: skipped 1024 AICore record slot(s) with start_time=0 (race-window write or recycled-buffer tail). buf seq=0 count=1024
[mono_ns=7317246239038106][T0xe36655fcbca0][WARN] copy_aicore_buffer: [chip_swimlane_collector.cpp:689] Core 30: skipped 1024 AICore record slot(s) with start_time=0 (race-window write or recycled-buffer tail). buf seq=0 count=1024
[mono_ns=7317246239253067][T0xe36654fabca0][WARN] copy_aicore_buffer: [chip_swimlane_collector.cpp:689] Core 35: skipped 1023 AICore record slot(s) with start_time=0 (race-window write or recycled-buffer tail). buf seq=0 count=1024
[mono_ns=7317246239267957][T0xe366557bbca0][WARN] copy_aicore_buffer: [chip_swimlane_collector.cpp:689] Core 33: skipped 1024 AICore record slot(s) with start_time=0 (race-window write or recycled-buffer tail). buf seq=0 count=1024
[mono_ns=7317246239367217][T0xe36655fcbca0][WARN] copy_aicore_buffer: [chip_swimlane_collector.cpp:689] Core 31: skipped 1024 AICore record slot(s) with start_time=0 (race-window write or recycled-buffer tail). buf seq=0 count=1024
[mono_ns=7317246239567597][T0xe36654fabca0][WARN] copy_aicore_buffer: [chip_swimlane_collector.cpp:689] Core 8: skipped 1024 AICore record slot(s) with start_time=0 (race-window write or recycled-buffer tail). buf seq=0 count=1024
[mono_ns=7317246239579937][T0xe366557bbca0][WARN] copy_aicore_buffer: [chip_swimlane_collector.cpp:689] Core 7: skipped 1024 AICore record slot(s) with start_time=0 (race-window write or recycled-buffer tail). buf seq=0 count=1024
[mono_ns=7317246239694968][T0xe36655fcbca0][WARN] copy_aicore_buffer: [chip_swimlane_collector.cpp:689] Core 6: skipped 1024 AICore record slot(s) with start_time=0 (race-window write or recycled-buffer tail). buf seq=0 count=1024
[mono_ns=7317246239879878][T0xe36654fabca0][WARN] copy_aicore_buffer: [chip_swimlane_collector.cpp:689] Core 40: skipped 1024 AICore record slot(s) with start_time=0 (race-window write or recycled-buffer tail). buf seq=0 count=1024
[mono_ns=7317246239890238][T0xe366557bbca0][WARN] copy_aicore_buffer: [chip_swimlane_collector.cpp:689] Core 38: skipped 1024 AICore record slot(s) with start_time=0 (race-window write or recycled-buffer tail). buf seq=0 count=1024
[mono_ns=7317246240078839][T0xe36655fcbca0][WARN] copy_aicore_buffer: [chip_swimlane_collector.cpp:689] Core 36: skipped 1024 AICore record slot(s) with start_time=0 (race-window write or recycled-buffer tail). buf seq=0 count=1024
[mono_ns=7317246240216319][T0xe36654fabca0][WARN] copy_aicore_buffer: [chip_swimlane_collector.cpp:689] Core 41: skipped 1024 AICore record slot(s) with start_time=0 (race-window write or recycled-buffer tail). buf seq=0 count=1024
[mono_ns=7317246240226899][T0xe366557bbca0][WARN] copy_aicore_buffer: [chip_swimlane_collector.cpp:689] Core 39: skipped 1024 AICore record slot(s) with start_time=0 (race-window write or recycled-buffer tail). buf seq=0 count=1024
[mono_ns=7317246240409650][T0xe36655fcbca0][WARN] copy_aicore_buffer: [chip_swimlane_collector.cpp:689] Core 37: skipped 1024 AICore record slot(s) with start_time=0 (race-window write or recycled-buffer tail). buf seq=0 count=1024
[mono_ns=7317246240530190][T0xe36654fabca0][WARN] copy_aicore_buffer: [chip_swimlane_collector.cpp:689] Core 11: skipped 1024 AICore record slot(s) with start_time=0 (race-window write or recycled-buffer tail). buf seq=0 count=1024
[mono_ns=7317246240538850][T0xe366557bbca0][WARN] copy_aicore_buffer: [chip_swimlane_collector.cpp:689] Core 10: skipped 1024 AICore record slot(s) with start_time=0 (race-window write or recycled-buffer tail). buf seq=0 count=1024
[mono_ns=7317246240737080][T0xe36655fcbca0][WARN] copy_aicore_buffer: [chip_swimlane_collector.cpp:689] Core 9: skipped 1024 AICore record slot(s) with start_time=0 (race-window write or recycled-buffer tail). buf seq=0 count=1024
[mono_ns=7317246240843971][T0xe36654fabca0][WARN] copy_aicore_buffer: [chip_swimlane_collector.cpp:689] Core 46: skipped 1024 AICore record slot(s) with start_time=0 (race-window write or recycled-buffer tail). buf seq=0 count=1024
[mono_ns=7317246240875431][T0xe366557bbca0][WARN] copy_aicore_buffer: [chip_swimlane_collector.cpp:689] Core 44: skipped 1024 AICore record slot(s) with start_time=0 (race-window write or recycled-buffer tail). buf seq=0 count=1024
[mono_ns=7317246241077101][T0xe36655fcbca0][WARN] copy_aicore_buffer: [chip_swimlane_collector.cpp:689] Core 42: skipped 1024 AICore record slot(s) with start_time=0 (race-window write or recycled-buffer tail). buf seq=0 count=1024
[mono_ns=7317246241163192][T0xe36654fabca0][WARN] copy_aicore_buffer: [chip_swimlane_collector.cpp:689] Core 47: skipped 1024 AICore record slot(s) with start_time=0 (race-window write or recycled-buffer tail). buf seq=0 count=1024
[mono_ns=7317246241278472][T0xe366557bbca0][WARN] copy_aicore_buffer: [chip_swimlane_collector.cpp:689] Core 45: skipped 1024 AICore record slot(s) with start_time=0 (race-window write or recycled-buffer tail). buf seq=0 count=1024
[mono_ns=7317246241406742][T0xe36655fcbca0][WARN] copy_aicore_buffer: [chip_swimlane_collector.cpp:689] Core 43: skipped 1024 AICore record slot(s) with start_time=0 (race-window write or recycled-buffer tail). buf seq=0 count=1024
[mono_ns=7317246241476242][T0xe36654fabca0][WARN] copy_aicore_buffer: [chip_swimlane_collector.cpp:689] Core 14: skipped 1024 AICore record slot(s) with start_time=0 (race-window write or recycled-buffer tail). buf seq=0 count=1024
[mono_ns=7317246241593643][T0xe366557bbca0][WARN] copy_aicore_buffer: [chip_swimlane_collector.cpp:689] Core 13: skipped 1024 AICore record slot(s) with start_time=0 (race-window write or recycled-buffer tail). buf seq=0 count=1024
[mono_ns=7317246241735753][T0xe36655fcbca0][WARN] copy_aicore_buffer: [chip_swimlane_collector.cpp:689] Core 12: skipped 1024 AICore record slot(s) with start_time=0 (race-window write or recycled-buffer tail). buf seq=0 count=1024
[mono_ns=7317246241800693][T0xe36654fabca0][WARN] copy_aicore_buffer: [chip_swimlane_collector.cpp:689] Core 52: skipped 1024 AICore record slot(s) with start_time=0 (race-window write or recycled-buffer tail). buf seq=0 count=1024
[mono_ns=7317246241906393][T0xe366557bbca0][WARN] copy_aicore_buffer: [chip_swimlane_collector.cpp:689] Core 50: skipped 1024 AICore record slot(s) with start_time=0 (race-window write or recycled-buffer tail). buf seq=0 count=1024
[mono_ns=7317246242072954][T0xe36655fcbca0][WARN] copy_aicore_buffer: [chip_swimlane_collector.cpp:689] Core 48: skipped 1024 AICore record slot(s) with start_time=0 (race-window write or recycled-buffer tail). buf seq=0 count=1024
[mono_ns=7317246242122104][T0xe36654fabca0][WARN] copy_aicore_buffer: [chip_swimlane_collector.cpp:689] Core 53: skipped 1024 AICore record slot(s) with start_time=0 (race-window write or recycled-buffer tail). buf seq=0 count=1024
[mono_ns=7317246242227734][T0xe366557bbca0][WARN] copy_aicore_buffer: [chip_swimlane_collector.cpp:689] Core 51: skipped 1024 AICore record slot(s) with start_time=0 (race-window write or recycled-buffer tail). buf seq=0 count=1024
[mono_ns=7317246242400495][T0xe36655fcbca0][WARN] copy_aicore_buffer: [chip_swimlane_collector.cpp:689] Core 49: skipped 1024 AICore record slot(s) with start_time=0 (race-window write or recycled-buffer tail). buf seq=0 count=1024
[mono_ns=7317246242435495][T0xe36654fabca0][WARN] copy_aicore_buffer: [chip_swimlane_collector.cpp:689] Core 17: skipped 1024 AICore record slot(s) with start_time=0 (race-window write or recycled-buffer tail). buf seq=0 count=1024
[mono_ns=7317246242564135][T0xe366557bbca0][WARN] copy_aicore_buffer: [chip_swimlane_collector.cpp:689] Core 16: skipped 1024 AICore record slot(s) with start_time=0 (race-window write or recycled-buffer tail). buf seq=0 count=1024
[mono_ns=7317246242730006][T0xe36655fcbca0][WARN] copy_aicore_buffer: [chip_swimlane_collector.cpp:689] Core 15: skipped 1024 AICore record slot(s) with start_time=0 (race-window write or recycled-buffer tail). buf seq=0 count=1024
[mono_ns=7317246242750066][T0xe36654fabca0][WARN] copy_aicore_buffer: [chip_swimlane_collector.cpp:689] Core 58: skipped 1024 AICore record slot(s) with start_time=0 (race-window write or recycled-buffer tail). buf seq=0 count=1024
[mono_ns=7317246242877056][T0xe366557bbca0][WARN] copy_aicore_buffer: [chip_swimlane_collector.cpp:689] Core 56: skipped 1024 AICore record slot(s) with start_time=0 (race-window write or recycled-buffer tail). buf seq=0 count=1024
[mono_ns=7317246243066856][T0xe36655fcbca0][WARN] copy_aicore_buffer: [chip_swimlane_collector.cpp:689] Core 54: skipped 1024 AICore record slot(s) with start_time=0 (race-window write or recycled-buffer tail). buf seq=0 count=1024
[mono_ns=7317246243073967][T0xe36654fabca0][WARN] copy_aicore_buffer: [chip_swimlane_collector.cpp:689] Core 59: skipped 1024 AICore record slot(s) with start_time=0 (race-window write or recycled-buffer tail). buf seq=0 count=1024
[mono_ns=7317246243202467][T0xe366557bbca0][WARN] copy_aicore_buffer: [chip_swimlane_collector.cpp:689] Core 57: skipped 1024 AICore record slot(s) with start_time=0 (race-window write or recycled-buffer tail). buf seq=0 count=1024
[mono_ns=7317246243394757][T0xe36655fcbca0][WARN] copy_aicore_buffer: [chip_swimlane_collector.cpp:689] Core 55: skipped 1024 AICore record slot(s) with start_time=0 (race-window write or recycled-buffer tail). buf seq=0 count=1024
[mono_ns=7317246243418077][T0xe36654fabca0][WARN] copy_aicore_buffer: [chip_swimlane_collector.cpp:689] Core 20: skipped 1024 AICore record slot(s) with start_time=0 (race-window write or recycled-buffer tail). buf seq=0 count=1024
[mono_ns=7317246243515058][T0xe366557bbca0][WARN] copy_aicore_buffer: [chip_swimlane_collector.cpp:689] Core 19: skipped 1024 AICore record slot(s) with start_time=0 (race-window write or recycled-buffer tail). buf seq=0 count=1024
[mono_ns=7317246243722228][T0xe36655fcbca0][WARN] copy_aicore_buffer: [chip_swimlane_collector.cpp:689] Core 18: skipped 1024 AICore record slot(s) with start_time=0 (race-window write or recycled-buffer tail). buf seq=0 count=1024
[mono_ns=7317246243731788][T0xe36654fabca0][WARN] copy_aicore_buffer: [chip_swimlane_collector.cpp:689] Core 64: skipped 1024 AICore record slot(s) with start_time=0 (race-window write or recycled-buffer tail). buf seq=0 count=1024
[mono_ns=7317246243826628][T0xe366557bbca0][WARN] copy_aicore_buffer: [chip_swimlane_collector.cpp:689] Core 62: skipped 1024 AICore record slot(s) with start_time=0 (race-window write or recycled-buffer tail). buf seq=0 count=1024
[mono_ns=7317246244051949][T0xe36654fabca0][WARN] copy_aicore_buffer: [chip_swimlane_collector.cpp:689] Core 65: skipped 1024 AICore record slot(s) with start_time=0 (race-window write or recycled-buffer tail). buf seq=0 count=1024
[mono_ns=7317246244055119][T0xe36655fcbca0][WARN] copy_aicore_buffer: [chip_swimlane_collector.cpp:689] Core 60: skipped 1024 AICore record slot(s) with start_time=0 (race-window write or recycled-buffer tail). buf seq=0 count=1024
[mono_ns=7317246244150469][T0xe366557bbca0][WARN] copy_aicore_buffer: [chip_swimlane_collector.cpp:689] Core 63: skipped 1024 AICore record slot(s) with start_time=0 (race-window write or recycled-buffer tail). buf seq=0 count=1024
[mono_ns=7317246244375830][T0xe36654fabca0][WARN] copy_aicore_buffer: [chip_swimlane_collector.cpp:689] Core 23: skipped 1024 AICore record slot(s) with start_time=0 (race-window write or recycled-buffer tail). buf seq=0 count=1024
[mono_ns=7317246244383700][T0xe36655fcbca0][WARN] copy_aicore_buffer: [chip_swimlane_collector.cpp:689] Core 61: skipped 1024 AICore record slot(s) with start_time=0 (race-window write or recycled-buffer tail). buf seq=0 count=1024
[mono_ns=7317246244464140][T0xe366557bbca0][WARN] copy_aicore_buffer: [chip_swimlane_collector.cpp:689] Core 22: skipped 1024 AICore record slot(s) with start_time=0 (race-window write or recycled-buffer tail). buf seq=0 count=1024
[mono_ns=7317246244688261][T0xe36654fabca0][WARN] copy_aicore_buffer: [chip_swimlane_collector.cpp:689] Core 70: skipped 1024 AICore record slot(s) with start_time=0 (race-window write or recycled-buffer tail). buf seq=0 count=1024
[mono_ns=7317246244706421][T0xe36655fcbca0][WARN] copy_aicore_buffer: [chip_swimlane_collector.cpp:689] Core 21: skipped 1024 AICore record slot(s) with start_time=0 (race-window write or recycled-buffer tail). buf seq=0 count=1024
[mono_ns=7317246244778221][T0xe366557bbca0][WARN] copy_aicore_buffer: [chip_swimlane_collector.cpp:689] Core 68: skipped 1024 AICore record slot(s) with start_time=0 (race-window write or recycled-buffer tail). buf seq=0 count=1024
[mono_ns=7317246245009631][T0xe36654fabca0][WARN] copy_aicore_buffer: [chip_swimlane_collector.cpp:689] Core 71: skipped 1024 AICore record slot(s) with start_time=0 (race-window write or recycled-buffer tail). buf seq=0 count=1024
[mono_ns=7317246245041672][T0xe36655fcbca0][WARN] copy_aicore_buffer: [chip_swimlane_collector.cpp:689] Core 66: skipped 1024 AICore record slot(s) with start_time=0 (race-window write or recycled-buffer tail). buf seq=0 count=1024
[mono_ns=7317246245112352][T0xe366557bbca0][WARN] copy_aicore_buffer: [chip_swimlane_collector.cpp:689] Core 69: skipped 1024 AICore record slot(s) with start_time=0 (race-window write or recycled-buffer tail). buf seq=0 count=1024
[mono_ns=7317246245369942][T0xe36655fcbca0][WARN] copy_aicore_buffer: [chip_swimlane_collector.cpp:689] Core 67: skipped 1024 AICore record slot(s) with start_time=0 (race-window write or recycled-buffer tail). buf seq=0 count=1024
[mono_ns=7317246345844301][T0xe367b203b020][TIMING] emit_host_span: [STRACE] v=1 pid=1247062 tid=1247062 inv=18 hid=616cd77dfbea7d73 depth=1 name=chip.run.runner_run ts=7317246232295969 dur=113541332 
[mono_ns=7317246347724456][T0xe367b203b020][TIMING] emit_host_span: [STRACE] v=1 pid=1247062 tid=1247062 inv=18 hid=616cd77dfbea7d73 depth=1 name=chip.run.validate ts=7317246345855672 dur=1863354 
[mono_ns=7317246347736436][T0xe367b203b020][TIMING] emit_host_span: [STRACE] v=1 pid=1247062 tid=1247062 inv=18 hid=616cd77dfbea7d73 depth=2 name=chip.run.runner_run.device_wall ts=0 dur=4877500 clk=dev
[mono_ns=7317246347747786][T0xe367b203b020][TIMING] emit_host_span: [STRACE] v=1 pid=1247062 tid=1247062 inv=18 hid=616cd77dfbea7d73 depth=3 name=chip.run.runner_run.device_wall.preamble ts=0 dur=638980 clk=dev
[mono_ns=7317246347751376][T0xe367b203b020][TIMING] emit_host_span: [STRACE] v=1 pid=1247062 tid=1247062 inv=18 hid=616cd77dfbea7d73 depth=3 name=chip.run.runner_run.device_wall.graph_build ts=634959 dur=4233540 clk=dev
[mono_ns=7317246347754536][T0xe367b203b020][TIMING] emit_host_span: [STRACE] v=1 pid=1247062 tid=1247062 inv=18 hid=616cd77dfbea7d73 depth=3 name=chip.run.runner_run.device_wall.config_validate ts=635060 dur=780 clk=dev
[mono_ns=7317246347757636][T0xe367b203b020][TIMING] emit_host_span: [STRACE] v=1 pid=1247062 tid=1247062 inv=18 hid=616cd77dfbea7d73 depth=3 name=chip.run.runner_run.device_wall.arena_wire ts=635860 dur=339 clk=dev
[mono_ns=7317246347761526][T0xe367b203b020][TIMING] emit_host_span: [STRACE] v=1 pid=1247062 tid=1247062 inv=18 hid=616cd77dfbea7d73 depth=3 name=chip.run.runner_run.device_wall.sm_reset ts=636240 dur=500 clk=dev
[mono_ns=7317246347764566][T0xe367b203b020][TIMING] emit_host_span: [STRACE] v=1 pid=1247062 tid=1247062 inv=18 hid=616cd77dfbea7d73 depth=3 name=chip.run.runner_run.device_wall.post_orch ts=4868560 dur=8820 clk=dev
[mono_ns=7317246347768406][T0xe367b203b020][TIMING] emit_host_span: [STRACE] v=1 pid=1247062 tid=1247062 inv=18 hid=616cd77dfbea7d73 depth=3 name=chip.run.runner_run.device_wall.orch ts=636800 dur=3760 clk=dev
[mono_ns=7317246347772056][T0xe367b203b020][TIMING] emit_host_span: [STRACE] v=1 pid=1247062 tid=1247062 inv=18 hid=616cd77dfbea7d73 depth=3 name=chip.run.runner_run.device_wall.sched ts=639100 dur=4211740 clk=dev
[mono_ns=7317246347777856][T0xe367b203b020][TIMING] emit_host_span: [STRACE] v=1 pid=1247062 tid=1247062 inv=18 hid=616cd77dfbea7d73 depth=1 name=chip.run.claim_release ts=7317246347775596 dur=440 
[mono_ns=7317246347782666][T0xe367b203b020][TIMING] emit_host_span: [STRACE] v=1 pid=1247062 tid=1247062 inv=18 hid=616cd77dfbea7d73 depth=0 name=chip.run ts=7317246230148933 dur=117631713 run_id=18 dispatch_id=18 slot_id=0 generation=18 run_epoch=18
[mono_ns=7317251200655733][T0xe367b203b020][TIMING] emit_host_span: [STRACE] v=1 pid=1247062 tid=1247062 inv=19 hid=616cd77dfbea7d73 depth=2 name=chip.run.bind.args ts=7317251198774118 dur=1875705 
[mono_ns=7317251200674983][T0xe367b203b020][TIMING] emit_host_span: [STRACE] v=1 pid=1247062 tid=1247062 inv=19 hid=616cd77dfbea7d73 depth=2 name=chip.run.bind.prebuilt ts=7317251200670573 dur=1910 
[mono_ns=7317251200679913][T0xe367b203b020][TIMING] emit_host_span: [STRACE] v=1 pid=1247062 tid=1247062 inv=19 hid=616cd77dfbea7d73 depth=1 name=chip.run.bind ts=7317251198767998 dur=1909735 
[mono_ns=7317251305332275][T0xe367b203b020][TIMING] emit_host_span: [STRACE] v=1 pid=1247062 tid=1247062 inv=19 hid=616cd77dfbea7d73 depth=1 name=chip.run.runner_run ts=7317251200908104 dur=104409631 
[mono_ns=7317251307352460][T0xe367b203b020][TIMING] emit_host_span: [STRACE] v=1 pid=1247062 tid=1247062 inv=19 hid=616cd77dfbea7d73 depth=1 name=chip.run.validate ts=7317251305348945 dur=1996595 
[mono_ns=7317251307366080][T0xe367b203b020][TIMING] emit_host_span: [STRACE] v=1 pid=1247062 tid=1247062 inv=19 hid=616cd77dfbea7d73 depth=2 name=chip.run.runner_run.device_wall ts=0 dur=7699020 clk=dev
[mono_ns=7317251307377120][T0xe367b203b020][TIMING] emit_host_span: [STRACE] v=1 pid=1247062 tid=1247062 inv=19 hid=616cd77dfbea7d73 depth=3 name=chip.run.runner_run.device_wall.preamble ts=0 dur=6500 clk=dev
[mono_ns=7317251307381650][T0xe367b203b020][TIMING] emit_host_span: [STRACE] v=1 pid=1247062 tid=1247062 inv=19 hid=616cd77dfbea7d73 depth=3 name=chip.run.runner_run.device_wall.graph_build ts=2300 dur=7687180 clk=dev
[mono_ns=7317251307385640][T0xe367b203b020][TIMING] emit_host_span: [STRACE] v=1 pid=1247062 tid=1247062 inv=19 hid=616cd77dfbea7d73 depth=3 name=chip.run.runner_run.device_wall.config_validate ts=2420 dur=1100 clk=dev
[mono_ns=7317251307388820][T0xe367b203b020][TIMING] emit_host_span: [STRACE] v=1 pid=1247062 tid=1247062 inv=19 hid=616cd77dfbea7d73 depth=3 name=chip.run.runner_run.device_wall.arena_wire ts=3559 dur=980 clk=dev
[mono_ns=7317251307391860][T0xe367b203b020][TIMING] emit_host_span: [STRACE] v=1 pid=1247062 tid=1247062 inv=19 hid=616cd77dfbea7d73 depth=3 name=chip.run.runner_run.device_wall.sm_reset ts=4560 dur=1060 clk=dev
[mono_ns=7317251307394740][T0xe367b203b020][TIMING] emit_host_span: [STRACE] v=1 pid=1247062 tid=1247062 inv=19 hid=616cd77dfbea7d73 depth=3 name=chip.run.runner_run.device_wall.post_orch ts=7689520 dur=9100 clk=dev
[mono_ns=7317251307397790][T0xe367b203b020][TIMING] emit_host_span: [STRACE] v=1 pid=1247062 tid=1247062 inv=19 hid=616cd77dfbea7d73 depth=3 name=chip.run.runner_run.device_wall.orch ts=6160 dur=8039 clk=dev
[mono_ns=7317251307401600][T0xe367b203b020][TIMING] emit_host_span: [STRACE] v=1 pid=1247062 tid=1247062 inv=19 hid=616cd77dfbea7d73 depth=3 name=chip.run.runner_run.device_wall.sched ts=6660 dur=7675640 clk=dev
[mono_ns=7317251307409760][T0xe367b203b020][TIMING] emit_host_span: [STRACE] v=1 pid=1247062 tid=1247062 inv=19 hid=616cd77dfbea7d73 depth=1 name=chip.run.claim_release ts=7317251307406990 dur=830 
[mono_ns=7317251307415890][T0xe367b203b020][TIMING] emit_host_span: [STRACE] v=1 pid=1247062 tid=1247062 inv=19 hid=616cd77dfbea7d73 depth=0 name=chip.run ts=7317251198740768 dur=108673032 run_id=19 dispatch_id=19 slot_id=0 generation=19 run_epoch=19
[mono_ns=7317251321935498][T0xe367b203b020][TIMING] emit_host_span: [STRACE] v=1 pid=1247062 tid=1247062 inv=20 hid=616cd77dfbea7d73 depth=2 name=chip.run.bind.args ts=7317251319942853 dur=1986915 
[mono_ns=7317251321952418][T0xe367b203b020][TIMING] emit_host_span: [STRACE] v=1 pid=1247062 tid=1247062 inv=20 hid=616cd77dfbea7d73 depth=2 name=chip.run.bind.prebuilt ts=7317251321948038 dur=1990 
[mono_ns=7317251321957248][T0xe367b203b020][TIMING] emit_host_span: [STRACE] v=1 pid=1247062 tid=1247062 inv=20 hid=616cd77dfbea7d73 depth=1 name=chip.run.bind ts=7317251319936833 dur=2018245 
[mono_ns=7317251327753023][T0xe36655fcbca0][WARN] copy_aicore_buffer: [chip_swimlane_collector.cpp:689] Core 0: skipped 1024 AICore record slot(s) with start_time=0 (race-window write or recycled-buffer tail). buf seq=0 count=1024
[mono_ns=7317251327772993][T0xe366557bbca0][WARN] copy_aicore_buffer: [chip_swimlane_collector.cpp:689] Core 1: skipped 1024 AICore record slot(s) with start_time=0 (race-window write or recycled-buffer tail). buf seq=0 count=1024
[mono_ns=7317251327782533][T0xe36654fabca0][WARN] copy_aicore_buffer: [chip_swimlane_collector.cpp:689] Core 2: skipped 1024 AICore record slot(s) with start_time=0 (race-window write or recycled-buffer tail). buf seq=0 count=1024
[mono_ns=7317251328110674][T0xe36655fcbca0][WARN] copy_aicore_buffer: [chip_swimlane_collector.cpp:689] Core 24: skipped 1024 AICore record slot(s) with start_time=0 (race-window write or recycled-buffer tail). buf seq=0 count=1024
[mono_ns=7317251328146074][T0xe366557bbca0][WARN] copy_aicore_buffer: [chip_swimlane_collector.cpp:689] Core 26: skipped 1023 AICore record slot(s) with start_time=0 (race-window write or recycled-buffer tail). buf seq=0 count=1024
[mono_ns=7317251328150644][T0xe36654fabca0][WARN] copy_aicore_buffer: [chip_swimlane_collector.cpp:689] Core 28: skipped 1022 AICore record slot(s) with start_time=0 (race-window write or recycled-buffer tail). buf seq=0 count=1024
[mono_ns=7317251328440615][T0xe36655fcbca0][WARN] copy_aicore_buffer: [chip_swimlane_collector.cpp:689] Core 25: skipped 1024 AICore record slot(s) with start_time=0 (race-window write or recycled-buffer tail). buf seq=0 count=1024
[mono_ns=7317251328461655][T0xe366557bbca0][WARN] copy_aicore_buffer: [chip_swimlane_collector.cpp:689] Core 27: skipped 1024 AICore record slot(s) with start_time=0 (race-window write or recycled-buffer tail). buf seq=0 count=1024
[mono_ns=7317251328466795][T0xe36654fabca0][WARN] copy_aicore_buffer: [chip_swimlane_collector.cpp:689] Core 29: skipped 1024 AICore record slot(s) with start_time=0 (race-window write or recycled-buffer tail). buf seq=0 count=1024
[mono_ns=7317251328767236][T0xe36655fcbca0][WARN] copy_aicore_buffer: [chip_swimlane_collector.cpp:689] Core 3: skipped 1024 AICore record slot(s) with start_time=0 (race-window write or recycled-buffer tail). buf seq=0 count=1024
[mono_ns=7317251328774116][T0xe366557bbca0][WARN] copy_aicore_buffer: [chip_swimlane_collector.cpp:689] Core 4: skipped 1024 AICore record slot(s) with start_time=0 (race-window write or recycled-buffer tail). buf seq=0 count=1024
[mono_ns=7317251328778986][T0xe36654fabca0][WARN] copy_aicore_buffer: [chip_swimlane_collector.cpp:689] Core 5: skipped 1024 AICore record slot(s) with start_time=0 (race-window write or recycled-buffer tail). buf seq=0 count=1024
[mono_ns=7317251329108967][T0xe36654fabca0][WARN] copy_aicore_buffer: [chip_swimlane_collector.cpp:689] Core 34: skipped 1024 AICore record slot(s) with start_time=0 (race-window write or recycled-buffer tail). buf seq=0 count=1024
[mono_ns=7317251329108177][T0xe366557bbca0][WARN] copy_aicore_buffer: [chip_swimlane_collector.cpp:689] Core 32: skipped 1024 AICore record slot(s) with start_time=0 (race-window write or recycled-buffer tail). buf seq=0 count=1024
[mono_ns=7317251329122497][T0xe36655fcbca0][WARN] copy_aicore_buffer: [chip_swimlane_collector.cpp:689] Core 30: skipped 1022 AICore record slot(s) with start_time=0 (race-window write or recycled-buffer tail). buf seq=0 count=1024
[mono_ns=7317251329421847][T0xe366557bbca0][WARN] copy_aicore_buffer: [chip_swimlane_collector.cpp:689] Core 33: skipped 1024 AICore record slot(s) with start_time=0 (race-window write or recycled-buffer tail). buf seq=0 count=1024
[mono_ns=7317251329423737][T0xe36654fabca0][WARN] copy_aicore_buffer: [chip_swimlane_collector.cpp:689] Core 35: skipped 1023 AICore record slot(s) with start_time=0 (race-window write or recycled-buffer tail). buf seq=0 count=1024
[mono_ns=7317251329449407][T0xe36655fcbca0][WARN] copy_aicore_buffer: [chip_swimlane_collector.cpp:689] Core 31: skipped 1024 AICore record slot(s) with start_time=0 (race-window write or recycled-buffer tail). buf seq=0 count=1024
[mono_ns=7317251329734728][T0xe366557bbca0][WARN] copy_aicore_buffer: [chip_swimlane_collector.cpp:689] Core 7: skipped 1024 AICore record slot(s) with start_time=0 (race-window write or recycled-buffer tail). buf seq=0 count=1024
[mono_ns=7317251329736598][T0xe36654fabca0][WARN] copy_aicore_buffer: [chip_swimlane_collector.cpp:689] Core 8: skipped 1024 AICore record slot(s) with start_time=0 (race-window write or recycled-buffer tail). buf seq=0 count=1024
[mono_ns=7317251329793348][T0xe36655fcbca0][WARN] copy_aicore_buffer: [chip_swimlane_collector.cpp:689] Core 6: skipped 1024 AICore record slot(s) with start_time=0 (race-window write or recycled-buffer tail). buf seq=0 count=1024
[mono_ns=7317251330056519][T0xe36654fabca0][WARN] copy_aicore_buffer: [chip_swimlane_collector.cpp:689] Core 40: skipped 1024 AICore record slot(s) with start_time=0 (race-window write or recycled-buffer tail). buf seq=0 count=1024
[mono_ns=7317251330059789][T0xe366557bbca0][WARN] copy_aicore_buffer: [chip_swimlane_collector.cpp:689] Core 38: skipped 1024 AICore record slot(s) with start_time=0 (race-window write or recycled-buffer tail). buf seq=0 count=1024
[mono_ns=7317251330132719][T0xe36655fcbca0][WARN] copy_aicore_buffer: [chip_swimlane_collector.cpp:689] Core 36: skipped 1024 AICore record slot(s) with start_time=0 (race-window write or recycled-buffer tail). buf seq=0 count=1024
[mono_ns=7317251330369130][T0xe36654fabca0][WARN] copy_aicore_buffer: [chip_swimlane_collector.cpp:689] Core 41: skipped 1024 AICore record slot(s) with start_time=0 (race-window write or recycled-buffer tail). buf seq=0 count=1024
[mono_ns=7317251330372090][T0xe366557bbca0][WARN] copy_aicore_buffer: [chip_swimlane_collector.cpp:689] Core 39: skipped 1024 AICore record slot(s) with start_time=0 (race-window write or recycled-buffer tail). buf seq=0 count=1024
[mono_ns=7317251330461840][T0xe36655fcbca0][WARN] copy_aicore_buffer: [chip_swimlane_collector.cpp:689] Core 37: skipped 1024 AICore record slot(s) with start_time=0 (race-window write or recycled-buffer tail). buf seq=0 count=1024
[mono_ns=7317251330680741][T0xe36654fabca0][WARN] copy_aicore_buffer: [chip_swimlane_collector.cpp:689] Core 11: skipped 1024 AICore record slot(s) with start_time=0 (race-window write or recycled-buffer tail). buf seq=0 count=1024
[mono_ns=7317251330708591][T0xe366557bbca0][WARN] copy_aicore_buffer: [chip_swimlane_collector.cpp:689] Core 10: skipped 1024 AICore record slot(s) with start_time=0 (race-window write or recycled-buffer tail). buf seq=0 count=1024
[mono_ns=7317251330790641][T0xe36655fcbca0][WARN] copy_aicore_buffer: [chip_swimlane_collector.cpp:689] Core 9: skipped 1024 AICore record slot(s) with start_time=0 (race-window write or recycled-buffer tail). buf seq=0 count=1024
[mono_ns=7317251330991961][T0xe36654fabca0][WARN] copy_aicore_buffer: [chip_swimlane_collector.cpp:689] Core 46: skipped 1024 AICore record slot(s) with start_time=0 (race-window write or recycled-buffer tail). buf seq=0 count=1024
[mono_ns=7317251331026592][T0xe366557bbca0][WARN] copy_aicore_buffer: [chip_swimlane_collector.cpp:689] Core 44: skipped 1024 AICore record slot(s) with start_time=0 (race-window write or recycled-buffer tail). buf seq=0 count=1024
[mono_ns=7317251331125672][T0xe36655fcbca0][WARN] copy_aicore_buffer: [chip_swimlane_collector.cpp:689] Core 42: skipped 1024 AICore record slot(s) with start_time=0 (race-window write or recycled-buffer tail). buf seq=0 count=1024
[mono_ns=7317251331315882][T0xe36654fabca0][WARN] copy_aicore_buffer: [chip_swimlane_collector.cpp:689] Core 47: skipped 1024 AICore record slot(s) with start_time=0 (race-window write or recycled-buffer tail). buf seq=0 count=1024
[mono_ns=7317251331337982][T0xe366557bbca0][WARN] copy_aicore_buffer: [chip_swimlane_collector.cpp:689] Core 45: skipped 1024 AICore record slot(s) with start_time=0 (race-window write or recycled-buffer tail). buf seq=0 count=1024
[mono_ns=7317251331455853][T0xe36655fcbca0][WARN] copy_aicore_buffer: [chip_swimlane_collector.cpp:689] Core 43: skipped 1024 AICore record slot(s) with start_time=0 (race-window write or recycled-buffer tail). buf seq=0 count=1024
[mono_ns=7317251331629443][T0xe36654fabca0][WARN] copy_aicore_buffer: [chip_swimlane_collector.cpp:689] Core 14: skipped 1024 AICore record slot(s) with start_time=0 (race-window write or recycled-buffer tail). buf seq=0 count=1024
[mono_ns=7317251331651153][T0xe366557bbca0][WARN] copy_aicore_buffer: [chip_swimlane_collector.cpp:689] Core 13: skipped 1024 AICore record slot(s) with start_time=0 (race-window write or recycled-buffer tail). buf seq=0 count=1024
[mono_ns=7317251331784304][T0xe36655fcbca0][WARN] copy_aicore_buffer: [chip_swimlane_collector.cpp:689] Core 12: skipped 1024 AICore record slot(s) with start_time=0 (race-window write or recycled-buffer tail). buf seq=0 count=1024
[mono_ns=7317251331942774][T0xe36654fabca0][WARN] copy_aicore_buffer: [chip_swimlane_collector.cpp:689] Core 52: skipped 1024 AICore record slot(s) with start_time=0 (race-window write or recycled-buffer tail). buf seq=0 count=1024
[mono_ns=7317251331963964][T0xe366557bbca0][WARN] copy_aicore_buffer: [chip_swimlane_collector.cpp:689] Core 50: skipped 1024 AICore record slot(s) with start_time=0 (race-window write or recycled-buffer tail). buf seq=0 count=1024
[mono_ns=7317251332127084][T0xe36655fcbca0][WARN] copy_aicore_buffer: [chip_swimlane_collector.cpp:689] Core 48: skipped 1024 AICore record slot(s) with start_time=0 (race-window write or recycled-buffer tail). buf seq=0 count=1024
[mono_ns=7317251332262095][T0xe36654fabca0][WARN] copy_aicore_buffer: [chip_swimlane_collector.cpp:689] Core 53: skipped 1024 AICore record slot(s) with start_time=0 (race-window write or recycled-buffer tail). buf seq=0 count=1024
[mono_ns=7317251332310575][T0xe366557bbca0][WARN] copy_aicore_buffer: [chip_swimlane_collector.cpp:689] Core 51: skipped 1024 AICore record slot(s) with start_time=0 (race-window write or recycled-buffer tail). buf seq=0 count=1024
[mono_ns=7317251332454165][T0xe36655fcbca0][WARN] copy_aicore_buffer: [chip_swimlane_collector.cpp:689] Core 49: skipped 1024 AICore record slot(s) with start_time=0 (race-window write or recycled-buffer tail). buf seq=0 count=1024
[mono_ns=7317251332575576][T0xe36654fabca0][WARN] copy_aicore_buffer: [chip_swimlane_collector.cpp:689] Core 17: skipped 1024 AICore record slot(s) with start_time=0 (race-window write or recycled-buffer tail). buf seq=0 count=1024
[mono_ns=7317251332625366][T0xe366557bbca0][WARN] copy_aicore_buffer: [chip_swimlane_collector.cpp:689] Core 16: skipped 1021 AICore record slot(s) with start_time=0 (race-window write or recycled-buffer tail). buf seq=0 count=1024
[mono_ns=7317251332781576][T0xe36655fcbca0][WARN] copy_aicore_buffer: [chip_swimlane_collector.cpp:689] Core 15: skipped 1024 AICore record slot(s) with start_time=0 (race-window write or recycled-buffer tail). buf seq=0 count=1024
[mono_ns=7317251332888256][T0xe36654fabca0][WARN] copy_aicore_buffer: [chip_swimlane_collector.cpp:689] Core 58: skipped 1024 AICore record slot(s) with start_time=0 (race-window write or recycled-buffer tail). buf seq=0 count=1024
[mono_ns=7317251332937387][T0xe366557bbca0][WARN] copy_aicore_buffer: [chip_swimlane_collector.cpp:689] Core 56: skipped 1024 AICore record slot(s) with start_time=0 (race-window write or recycled-buffer tail). buf seq=0 count=1024
[mono_ns=7317251333124277][T0xe36655fcbca0][WARN] copy_aicore_buffer: [chip_swimlane_collector.cpp:689] Core 54: skipped 1024 AICore record slot(s) with start_time=0 (race-window write or recycled-buffer tail). buf seq=0 count=1024
[mono_ns=7317251333226297][T0xe36654fabca0][WARN] copy_aicore_buffer: [chip_swimlane_collector.cpp:689] Core 59: skipped 1024 AICore record slot(s) with start_time=0 (race-window write or recycled-buffer tail). buf seq=0 count=1024
[mono_ns=7317251333264347][T0xe366557bbca0][WARN] copy_aicore_buffer: [chip_swimlane_collector.cpp:689] Core 57: skipped 1024 AICore record slot(s) with start_time=0 (race-window write or recycled-buffer tail). buf seq=0 count=1024
[mono_ns=7317251333453388][T0xe36655fcbca0][WARN] copy_aicore_buffer: [chip_swimlane_collector.cpp:689] Core 55: skipped 1024 AICore record slot(s) with start_time=0 (race-window write or recycled-buffer tail). buf seq=0 count=1024
[mono_ns=7317251333539588][T0xe36654fabca0][WARN] copy_aicore_buffer: [chip_swimlane_collector.cpp:689] Core 20: skipped 1024 AICore record slot(s) with start_time=0 (race-window write or recycled-buffer tail). buf seq=0 count=1024
[mono_ns=7317251333577258][T0xe366557bbca0][WARN] copy_aicore_buffer: [chip_swimlane_collector.cpp:689] Core 19: skipped 1024 AICore record slot(s) with start_time=0 (race-window write or recycled-buffer tail). buf seq=0 count=1024
[mono_ns=7317251333782069][T0xe36655fcbca0][WARN] copy_aicore_buffer: [chip_swimlane_collector.cpp:689] Core 18: skipped 1024 AICore record slot(s) with start_time=0 (race-window write or recycled-buffer tail). buf seq=0 count=1024
[mono_ns=7317251333852809][T0xe36654fabca0][WARN] copy_aicore_buffer: [chip_swimlane_collector.cpp:689] Core 64: skipped 1024 AICore record slot(s) with start_time=0 (race-window write or recycled-buffer tail). buf seq=0 count=1024
[mono_ns=7317251333891899][T0xe366557bbca0][WARN] copy_aicore_buffer: [chip_swimlane_collector.cpp:689] Core 62: skipped 1024 AICore record slot(s) with start_time=0 (race-window write or recycled-buffer tail). buf seq=0 count=1024
[mono_ns=7317251334136920][T0xe36655fcbca0][WARN] copy_aicore_buffer: [chip_swimlane_collector.cpp:689] Core 60: skipped 1024 AICore record slot(s) with start_time=0 (race-window write or recycled-buffer tail). buf seq=0 count=1024
[mono_ns=7317251334186230][T0xe36654fabca0][WARN] copy_aicore_buffer: [chip_swimlane_collector.cpp:689] Core 65: skipped 1024 AICore record slot(s) with start_time=0 (race-window write or recycled-buffer tail). buf seq=0 count=1024
[mono_ns=7317251334211360][T0xe366557bbca0][WARN] copy_aicore_buffer: [chip_swimlane_collector.cpp:689] Core 63: skipped 1024 AICore record slot(s) with start_time=0 (race-window write or recycled-buffer tail). buf seq=0 count=1024
[mono_ns=7317251334465011][T0xe36655fcbca0][WARN] copy_aicore_buffer: [chip_swimlane_collector.cpp:689] Core 61: skipped 1024 AICore record slot(s) with start_time=0 (race-window write or recycled-buffer tail). buf seq=0 count=1024
[mono_ns=7317251334499641][T0xe36654fabca0][WARN] copy_aicore_buffer: [chip_swimlane_collector.cpp:689] Core 23: skipped 1024 AICore record slot(s) with start_time=0 (race-window write or recycled-buffer tail). buf seq=0 count=1024
[mono_ns=7317251334523451][T0xe366557bbca0][WARN] copy_aicore_buffer: [chip_swimlane_collector.cpp:689] Core 22: skipped 1024 AICore record slot(s) with start_time=0 (race-window write or recycled-buffer tail). buf seq=0 count=1024
[mono_ns=7317251334792571][T0xe36655fcbca0][WARN] copy_aicore_buffer: [chip_swimlane_collector.cpp:689] Core 21: skipped 1024 AICore record slot(s) with start_time=0 (race-window write or recycled-buffer tail). buf seq=0 count=1024
[mono_ns=7317251334846381][T0xe366557bbca0][WARN] copy_aicore_buffer: [chip_swimlane_collector.cpp:689] Core 68: skipped 1024 AICore record slot(s) with start_time=0 (race-window write or recycled-buffer tail). buf seq=0 count=1024
[mono_ns=7317251334845991][T0xe36654fabca0][WARN] copy_aicore_buffer: [chip_swimlane_collector.cpp:689] Core 70: skipped 1024 AICore record slot(s) with start_time=0 (race-window write or recycled-buffer tail). buf seq=0 count=1024
[mono_ns=7317251335130482][T0xe36655fcbca0][WARN] copy_aicore_buffer: [chip_swimlane_collector.cpp:689] Core 66: skipped 1024 AICore record slot(s) with start_time=0 (race-window write or recycled-buffer tail). buf seq=0 count=1024
[mono_ns=7317251335166682][T0xe36654fabca0][WARN] copy_aicore_buffer: [chip_swimlane_collector.cpp:689] Core 71: skipped 1024 AICore record slot(s) with start_time=0 (race-window write or recycled-buffer tail). buf seq=0 count=1024
[mono_ns=7317251335170562][T0xe366557bbca0][WARN] copy_aicore_buffer: [chip_swimlane_collector.cpp:689] Core 69: skipped 1024 AICore record slot(s) with start_time=0 (race-window write or recycled-buffer tail). buf seq=0 count=1024
[mono_ns=7317251335458283][T0xe36655fcbca0][WARN] copy_aicore_buffer: [chip_swimlane_collector.cpp:689] Core 67: skipped 1024 AICore record slot(s) with start_time=0 (race-window write or recycled-buffer tail). buf seq=0 count=1024
[mono_ns=7317251435958664][T0xe367b203b020][TIMING] emit_host_span: [STRACE] v=1 pid=1247062 tid=1247062 inv=20 hid=616cd77dfbea7d73 depth=1 name=chip.run.runner_run ts=7317251322187529 dur=113762975 
[mono_ns=7317251438149330][T0xe367b203b020][TIMING] emit_host_span: [STRACE] v=1 pid=1247062 tid=1247062 inv=20 hid=616cd77dfbea7d73 depth=1 name=chip.run.validate ts=7317251435970314 dur=2172326 
[mono_ns=7317251438162960][T0xe367b203b020][TIMING] emit_host_span: [STRACE] v=1 pid=1247062 tid=1247062 inv=20 hid=616cd77dfbea7d73 depth=2 name=chip.run.runner_run.device_wall ts=0 dur=5111200 clk=dev
[mono_ns=7317251438167440][T0xe367b203b020][TIMING] emit_host_span: [STRACE] v=1 pid=1247062 tid=1247062 inv=20 hid=616cd77dfbea7d73 depth=3 name=chip.run.runner_run.device_wall.preamble ts=0 dur=608260 clk=dev
[mono_ns=7317251438171760][T0xe367b203b020][TIMING] emit_host_span: [STRACE] v=1 pid=1247062 tid=1247062 inv=20 hid=616cd77dfbea7d73 depth=3 name=chip.run.runner_run.device_wall.graph_build ts=604140 dur=4498000 clk=dev
[mono_ns=7317251438175650][T0xe367b203b020][TIMING] emit_host_span: [STRACE] v=1 pid=1247062 tid=1247062 inv=20 hid=616cd77dfbea7d73 depth=3 name=chip.run.runner_run.device_wall.config_validate ts=604240 dur=720 clk=dev
[mono_ns=7317251438178930][T0xe367b203b020][TIMING] emit_host_span: [STRACE] v=1 pid=1247062 tid=1247062 inv=20 hid=616cd77dfbea7d73 depth=3 name=chip.run.runner_run.device_wall.arena_wire ts=605000 dur=280 clk=dev
[mono_ns=7317251438182980][T0xe367b203b020][TIMING] emit_host_span: [STRACE] v=1 pid=1247062 tid=1247062 inv=20 hid=616cd77dfbea7d73 depth=3 name=chip.run.runner_run.device_wall.sm_reset ts=605300 dur=560 clk=dev
[mono_ns=7317251438195470][T0xe367b203b020][TIMING] emit_host_span: [STRACE] v=1 pid=1247062 tid=1247062 inv=20 hid=616cd77dfbea7d73 depth=3 name=chip.run.runner_run.device_wall.post_orch ts=5102180 dur=8920 clk=dev
[mono_ns=7317251438199230][T0xe367b203b020][TIMING] emit_host_span: [STRACE] v=1 pid=1247062 tid=1247062 inv=20 hid=616cd77dfbea7d73 depth=3 name=chip.run.runner_run.device_wall.orch ts=605920 dur=3940 clk=dev
[mono_ns=7317251438202750][T0xe367b203b020][TIMING] emit_host_span: [STRACE] v=1 pid=1247062 tid=1247062 inv=20 hid=616cd77dfbea7d73 depth=3 name=chip.run.runner_run.device_wall.sched ts=608420 dur=4477160 clk=dev
[mono_ns=7317251438208360][T0xe367b203b020][TIMING] emit_host_span: [STRACE] v=1 pid=1247062 tid=1247062 inv=20 hid=616cd77dfbea7d73 depth=1 name=chip.run.claim_release ts=7317251438205390 dur=1110 
[mono_ns=7317251438214150][T0xe367b203b020][TIMING] emit_host_span: [STRACE] v=1 pid=1247062 tid=1247062 inv=20 hid=616cd77dfbea7d73 depth=0 name=chip.run ts=7317251319912193 dur=118299887 run_id=20 dispatch_id=20 slot_id=0 generation=20 run_epoch=20
[mono_ns=7317256284515500][T0xe367b203b020][TIMING] emit_host_span: [STRACE] v=1 pid=1247062 tid=1247062 inv=21 hid=616cd77dfbea7d73 depth=2 name=chip.run.bind.args ts=7317256282505005 dur=2004055 
[mono_ns=7317256284531830][T0xe367b203b020][TIMING] emit_host_span: [STRACE] v=1 pid=1247062 tid=1247062 inv=21 hid=616cd77dfbea7d73 depth=2 name=chip.run.bind.prebuilt ts=7317256284527350 dur=1900 
[mono_ns=7317256284536470][T0xe367b203b020][TIMING] emit_host_span: [STRACE] v=1 pid=1247062 tid=1247062 inv=21 hid=616cd77dfbea7d73 depth=1 name=chip.run.bind ts=7317256282499095 dur=2035265 
[mono_ns=7317256389556624][T0xe367b203b020][TIMING] emit_host_span: [STRACE] v=1 pid=1247062 tid=1247062 inv=21 hid=616cd77dfbea7d73 depth=1 name=chip.run.runner_run ts=7317256284719291 dur=104822153 
[mono_ns=7317256391537710][T0xe367b203b020][TIMING] emit_host_span: [STRACE] v=1 pid=1247062 tid=1247062 inv=21 hid=616cd77dfbea7d73 depth=1 name=chip.run.validate ts=7317256389572964 dur=1958516 
[mono_ns=7317256391550200][T0xe367b203b020][TIMING] emit_host_span: [STRACE] v=1 pid=1247062 tid=1247062 inv=21 hid=616cd77dfbea7d73 depth=2 name=chip.run.runner_run.device_wall ts=0 dur=4707340 clk=dev
[mono_ns=7317256391554640][T0xe367b203b020][TIMING] emit_host_span: [STRACE] v=1 pid=1247062 tid=1247062 inv=21 hid=616cd77dfbea7d73 depth=3 name=chip.run.runner_run.device_wall.preamble ts=0 dur=5960 clk=dev
[mono_ns=7317256391558690][T0xe367b203b020][TIMING] emit_host_span: [STRACE] v=1 pid=1247062 tid=1247062 inv=21 hid=616cd77dfbea7d73 depth=3 name=chip.run.runner_run.device_wall.graph_build ts=1540 dur=4696000 clk=dev
[mono_ns=7317256391563950][T0xe367b203b020][TIMING] emit_host_span: [STRACE] v=1 pid=1247062 tid=1247062 inv=21 hid=616cd77dfbea7d73 depth=3 name=chip.run.runner_run.device_wall.config_validate ts=1680 dur=980 clk=dev
[mono_ns=7317256391567080][T0xe367b203b020][TIMING] emit_host_span: [STRACE] v=1 pid=1247062 tid=1247062 inv=21 hid=616cd77dfbea7d73 depth=3 name=chip.run.runner_run.device_wall.arena_wire ts=2680 dur=380 clk=dev
[mono_ns=7317256391569970][T0xe367b203b020][TIMING] emit_host_span: [STRACE] v=1 pid=1247062 tid=1247062 inv=21 hid=616cd77dfbea7d73 depth=3 name=chip.run.runner_run.device_wall.sm_reset ts=3080 dur=780 clk=dev
[mono_ns=7317256391582450][T0xe367b203b020][TIMING] emit_host_span: [STRACE] v=1 pid=1247062 tid=1247062 inv=21 hid=616cd77dfbea7d73 depth=3 name=chip.run.runner_run.device_wall.post_orch ts=4697620 dur=9500 clk=dev
[mono_ns=7317256391585360][T0xe367b203b020][TIMING] emit_host_span: [STRACE] v=1 pid=1247062 tid=1247062 inv=21 hid=616cd77dfbea7d73 depth=3 name=chip.run.runner_run.device_wall.orch ts=4420 dur=8360 clk=dev
[mono_ns=7317256391589160][T0xe367b203b020][TIMING] emit_host_span: [STRACE] v=1 pid=1247062 tid=1247062 inv=21 hid=616cd77dfbea7d73 depth=3 name=chip.run.runner_run.device_wall.sched ts=6060 dur=4683980 clk=dev
[mono_ns=7317256391594210][T0xe367b203b020][TIMING] emit_host_span: [STRACE] v=1 pid=1247062 tid=1247062 inv=21 hid=616cd77dfbea7d73 depth=1 name=chip.run.claim_release ts=7317256391591660 dur=800 
[mono_ns=7317256391599670][T0xe367b203b020][TIMING] emit_host_span: [STRACE] v=1 pid=1247062 tid=1247062 inv=21 hid=616cd77dfbea7d73 depth=0 name=chip.run ts=7317256282468775 dur=109128915 run_id=21 dispatch_id=21 slot_id=0 generation=21 run_epoch=21
[mono_ns=7317256400503383][T0xe367b203b020][TIMING] emit_host_span: [STRACE] v=1 pid=1247062 tid=1247062 inv=22 hid=616cd77dfbea7d73 depth=2 name=chip.run.bind.args ts=7317256398597458 dur=1900185 
[mono_ns=7317256400517953][T0xe367b203b020][TIMING] emit_host_span: [STRACE] v=1 pid=1247062 tid=1247062 inv=22 hid=616cd77dfbea7d73 depth=2 name=chip.run.bind.prebuilt ts=7317256400513513 dur=2170 
[mono_ns=7317256400527683][T0xe367b203b020][TIMING] emit_host_span: [STRACE] v=1 pid=1247062 tid=1247062 inv=22 hid=616cd77dfbea7d73 depth=1 name=chip.run.bind ts=7317256398591488 dur=1934045 
[mono_ns=7317256406236368][T0xe366557bbca0][WARN] copy_aicore_buffer: [chip_swimlane_collector.cpp:689] Core 1: skipped 1024 AICore record slot(s) with start_time=0 (race-window write or recycled-buffer tail). buf seq=0 count=1024
[mono_ns=7317256406300748][T0xe36655fcbca0][WARN] copy_aicore_buffer: [chip_swimlane_collector.cpp:689] Core 0: skipped 1024 AICore record slot(s) with start_time=0 (race-window write or recycled-buffer tail). buf seq=0 count=1024
[mono_ns=7317256406311938][T0xe36654fabca0][WARN] copy_aicore_buffer: [chip_swimlane_collector.cpp:689] Core 2: skipped 1024 AICore record slot(s) with start_time=0 (race-window write or recycled-buffer tail). buf seq=0 count=1024
[mono_ns=7317256406561889][T0xe366557bbca0][WARN] copy_aicore_buffer: [chip_swimlane_collector.cpp:689] Core 26: skipped 1022 AICore record slot(s) with start_time=0 (race-window write or recycled-buffer tail). buf seq=0 count=1024
[mono_ns=7317256406635309][T0xe36654fabca0][WARN] copy_aicore_buffer: [chip_swimlane_collector.cpp:689] Core 28: skipped 1023 AICore record slot(s) with start_time=0 (race-window write or recycled-buffer tail). buf seq=0 count=1024
[mono_ns=7317256406647549][T0xe36655fcbca0][WARN] copy_aicore_buffer: [chip_swimlane_collector.cpp:689] Core 24: skipped 1024 AICore record slot(s) with start_time=0 (race-window write or recycled-buffer tail). buf seq=0 count=1024
[mono_ns=7317256406877010][T0xe366557bbca0][WARN] copy_aicore_buffer: [chip_swimlane_collector.cpp:689] Core 27: skipped 1023 AICore record slot(s) with start_time=0 (race-window write or recycled-buffer tail). buf seq=0 count=1024
[mono_ns=7317256406949710][T0xe36654fabca0][WARN] copy_aicore_buffer: [chip_swimlane_collector.cpp:689] Core 29: skipped 1024 AICore record slot(s) with start_time=0 (race-window write or recycled-buffer tail). buf seq=0 count=1024
[mono_ns=7317256406977140][T0xe36655fcbca0][WARN] copy_aicore_buffer: [chip_swimlane_collector.cpp:689] Core 25: skipped 1024 AICore record slot(s) with start_time=0 (race-window write or recycled-buffer tail). buf seq=0 count=1024
[mono_ns=7317256407245821][T0xe366557bbca0][WARN] copy_aicore_buffer: [chip_swimlane_collector.cpp:689] Core 4: skipped 1024 AICore record slot(s) with start_time=0 (race-window write or recycled-buffer tail). buf seq=0 count=1024
[mono_ns=7317256407277421][T0xe36654fabca0][WARN] copy_aicore_buffer: [chip_swimlane_collector.cpp:689] Core 5: skipped 1024 AICore record slot(s) with start_time=0 (race-window write or recycled-buffer tail). buf seq=0 count=1024
[mono_ns=7317256407315821][T0xe36655fcbca0][WARN] copy_aicore_buffer: [chip_swimlane_collector.cpp:689] Core 3: skipped 1024 AICore record slot(s) with start_time=0 (race-window write or recycled-buffer tail). buf seq=0 count=1024
[mono_ns=7317256407559951][T0xe366557bbca0][WARN] copy_aicore_buffer: [chip_swimlane_collector.cpp:689] Core 32: skipped 1024 AICore record slot(s) with start_time=0 (race-window write or recycled-buffer tail). buf seq=0 count=1024
[mono_ns=7317256407589101][T0xe36654fabca0][WARN] copy_aicore_buffer: [chip_swimlane_collector.cpp:689] Core 34: skipped 1024 AICore record slot(s) with start_time=0 (race-window write or recycled-buffer tail). buf seq=0 count=1024
[mono_ns=7317256407644072][T0xe36655fcbca0][WARN] copy_aicore_buffer: [chip_swimlane_collector.cpp:689] Core 30: skipped 1023 AICore record slot(s) with start_time=0 (race-window write or recycled-buffer tail). buf seq=0 count=1024
[mono_ns=7317256407872672][T0xe366557bbca0][WARN] copy_aicore_buffer: [chip_swimlane_collector.cpp:689] Core 33: skipped 1024 AICore record slot(s) with start_time=0 (race-window write or recycled-buffer tail). buf seq=0 count=1024
[mono_ns=7317256407903052][T0xe36654fabca0][WARN] copy_aicore_buffer: [chip_swimlane_collector.cpp:689] Core 35: skipped 1023 AICore record slot(s) with start_time=0 (race-window write or recycled-buffer tail). buf seq=0 count=1024
[mono_ns=7317256407989263][T0xe36655fcbca0][WARN] copy_aicore_buffer: [chip_swimlane_collector.cpp:689] Core 31: skipped 1024 AICore record slot(s) with start_time=0 (race-window write or recycled-buffer tail). buf seq=0 count=1024
[mono_ns=7317256408191233][T0xe366557bbca0][WARN] copy_aicore_buffer: [chip_swimlane_collector.cpp:689] Core 7: skipped 1024 AICore record slot(s) with start_time=0 (race-window write or recycled-buffer tail). buf seq=0 count=1024
[mono_ns=7317256408220383][T0xe36654fabca0][WARN] copy_aicore_buffer: [chip_swimlane_collector.cpp:689] Core 8: skipped 1024 AICore record slot(s) with start_time=0 (race-window write or recycled-buffer tail). buf seq=0 count=1024
[mono_ns=7317256408321923][T0xe36655fcbca0][WARN] copy_aicore_buffer: [chip_swimlane_collector.cpp:689] Core 6: skipped 1024 AICore record slot(s) with start_time=0 (race-window write or recycled-buffer tail). buf seq=0 count=1024
[mono_ns=7317256408505334][T0xe366557bbca0][WARN] copy_aicore_buffer: [chip_swimlane_collector.cpp:689] Core 38: skipped 1024 AICore record slot(s) with start_time=0 (race-window write or recycled-buffer tail). buf seq=0 count=1024
[mono_ns=7317256408532944][T0xe36654fabca0][WARN] copy_aicore_buffer: [chip_swimlane_collector.cpp:689] Core 40: skipped 1024 AICore record slot(s) with start_time=0 (race-window write or recycled-buffer tail). buf seq=0 count=1024
[mono_ns=7317256408649814][T0xe36655fcbca0][WARN] copy_aicore_buffer: [chip_swimlane_collector.cpp:689] Core 36: skipped 1024 AICore record slot(s) with start_time=0 (race-window write or recycled-buffer tail). buf seq=0 count=1024
[mono_ns=7317256408818645][T0xe366557bbca0][WARN] copy_aicore_buffer: [chip_swimlane_collector.cpp:689] Core 39: skipped 1024 AICore record slot(s) with start_time=0 (race-window write or recycled-buffer tail). buf seq=0 count=1024
[mono_ns=7317256408862105][T0xe36654fabca0][WARN] copy_aicore_buffer: [chip_swimlane_collector.cpp:689] Core 41: skipped 1024 AICore record slot(s) with start_time=0 (race-window write or recycled-buffer tail). buf seq=0 count=1024
[mono_ns=7317256408978705][T0xe36655fcbca0][WARN] copy_aicore_buffer: [chip_swimlane_collector.cpp:689] Core 37: skipped 1024 AICore record slot(s) with start_time=0 (race-window write or recycled-buffer tail). buf seq=0 count=1024
[mono_ns=7317256409143306][T0xe366557bbca0][WARN] copy_aicore_buffer: [chip_swimlane_collector.cpp:689] Core 10: skipped 1024 AICore record slot(s) with start_time=0 (race-window write or recycled-buffer tail). buf seq=0 count=1024
[mono_ns=7317256409184106][T0xe36654fabca0][WARN] copy_aicore_buffer: [chip_swimlane_collector.cpp:689] Core 11: skipped 1024 AICore record slot(s) with start_time=0 (race-window write or recycled-buffer tail). buf seq=0 count=1024
[mono_ns=7317256409321476][T0xe36655fcbca0][WARN] copy_aicore_buffer: [chip_swimlane_collector.cpp:689] Core 9: skipped 1024 AICore record slot(s) with start_time=0 (race-window write or recycled-buffer tail). buf seq=0 count=1024
[mono_ns=7317256409458336][T0xe366557bbca0][WARN] copy_aicore_buffer: [chip_swimlane_collector.cpp:689] Core 44: skipped 1024 AICore record slot(s) with start_time=0 (race-window write or recycled-buffer tail). buf seq=0 count=1024
[mono_ns=7317256409495456][T0xe36654fabca0][WARN] copy_aicore_buffer: [chip_swimlane_collector.cpp:689] Core 46: skipped 1024 AICore record slot(s) with start_time=0 (race-window write or recycled-buffer tail). buf seq=0 count=1024
[mono_ns=7317256409652937][T0xe36655fcbca0][WARN] copy_aicore_buffer: [chip_swimlane_collector.cpp:689] Core 42: skipped 1024 AICore record slot(s) with start_time=0 (race-window write or recycled-buffer tail). buf seq=0 count=1024
[mono_ns=7317256409771027][T0xe366557bbca0][WARN] copy_aicore_buffer: [chip_swimlane_collector.cpp:689] Core 45: skipped 1024 AICore record slot(s) with start_time=0 (race-window write or recycled-buffer tail). buf seq=0 count=1024
[mono_ns=7317256409807737][T0xe36654fabca0][WARN] copy_aicore_buffer: [chip_swimlane_collector.cpp:689] Core 47: skipped 1024 AICore record slot(s) with start_time=0 (race-window write or recycled-buffer tail). buf seq=0 count=1024
[mono_ns=7317256409980648][T0xe36655fcbca0][WARN] copy_aicore_buffer: [chip_swimlane_collector.cpp:689] Core 43: skipped 1024 AICore record slot(s) with start_time=0 (race-window write or recycled-buffer tail). buf seq=0 count=1024
[mono_ns=7317256410099048][T0xe366557bbca0][WARN] copy_aicore_buffer: [chip_swimlane_collector.cpp:689] Core 13: skipped 1024 AICore record slot(s) with start_time=0 (race-window write or recycled-buffer tail). buf seq=0 count=1024
[mono_ns=7317256410127438][T0xe36654fabca0][WARN] copy_aicore_buffer: [chip_swimlane_collector.cpp:689] Core 14: skipped 1024 AICore record slot(s) with start_time=0 (race-window write or recycled-buffer tail). buf seq=0 count=1024
[mono_ns=7317256410322539][T0xe36655fcbca0][WARN] copy_aicore_buffer: [chip_swimlane_collector.cpp:689] Core 12: skipped 1024 AICore record slot(s) with start_time=0 (race-window write or recycled-buffer tail). buf seq=0 count=1024
[mono_ns=7317256410412519][T0xe366557bbca0][WARN] copy_aicore_buffer: [chip_swimlane_collector.cpp:689] Core 50: skipped 1024 AICore record slot(s) with start_time=0 (race-window write or recycled-buffer tail). buf seq=0 count=1024
[mono_ns=7317256410479339][T0xe36654fabca0][WARN] copy_aicore_buffer: [chip_swimlane_collector.cpp:689] Core 52: skipped 1024 AICore record slot(s) with start_time=0 (race-window write or recycled-buffer tail). buf seq=0 count=1024
[mono_ns=7317256410649209][T0xe36655fcbca0][WARN] copy_aicore_buffer: [chip_swimlane_collector.cpp:689] Core 48: skipped 1024 AICore record slot(s) with start_time=0 (race-window write or recycled-buffer tail). buf seq=0 count=1024
[mono_ns=7317256410726460][T0xe366557bbca0][WARN] copy_aicore_buffer: [chip_swimlane_collector.cpp:689] Core 51: skipped 1024 AICore record slot(s) with start_time=0 (race-window write or recycled-buffer tail). buf seq=0 count=1024
[mono_ns=7317256410791990][T0xe36654fabca0][WARN] copy_aicore_buffer: [chip_swimlane_collector.cpp:689] Core 53: skipped 1024 AICore record slot(s) with start_time=0 (race-window write or recycled-buffer tail). buf seq=0 count=1024
[mono_ns=7317256410976870][T0xe36655fcbca0][WARN] copy_aicore_buffer: [chip_swimlane_collector.cpp:689] Core 49: skipped 1024 AICore record slot(s) with start_time=0 (race-window write or recycled-buffer tail). buf seq=0 count=1024
[mono_ns=7317256411044031][T0xe366557bbca0][WARN] copy_aicore_buffer: [chip_swimlane_collector.cpp:689] Core 16: skipped 1024 AICore record slot(s) with start_time=0 (race-window write or recycled-buffer tail). buf seq=0 count=1024
[mono_ns=7317256411115861][T0xe36654fabca0][WARN] copy_aicore_buffer: [chip_swimlane_collector.cpp:689] Core 17: skipped 1024 AICore record slot(s) with start_time=0 (race-window write or recycled-buffer tail). buf seq=0 count=1024
[mono_ns=7317256411315111][T0xe36655fcbca0][WARN] copy_aicore_buffer: [chip_swimlane_collector.cpp:689] Core 15: skipped 1024 AICore record slot(s) with start_time=0 (race-window write or recycled-buffer tail). buf seq=0 count=1024
[mono_ns=7317256411367541][T0xe366557bbca0][WARN] copy_aicore_buffer: [chip_swimlane_collector.cpp:689] Core 56: skipped 1024 AICore record slot(s) with start_time=0 (race-window write or recycled-buffer tail). buf seq=0 count=1024
[mono_ns=7317256411427962][T0xe36654fabca0][WARN] copy_aicore_buffer: [chip_swimlane_collector.cpp:689] Core 58: skipped 1024 AICore record slot(s) with start_time=0 (race-window write or recycled-buffer tail). buf seq=0 count=1024
[mono_ns=7317256411643682][T0xe36655fcbca0][WARN] copy_aicore_buffer: [chip_swimlane_collector.cpp:689] Core 54: skipped 1024 AICore record slot(s) with start_time=0 (race-window write or recycled-buffer tail). buf seq=0 count=1024
[mono_ns=7317256411680732][T0xe366557bbca0][WARN] copy_aicore_buffer: [chip_swimlane_collector.cpp:689] Core 57: skipped 1024 AICore record slot(s) with start_time=0 (race-window write or recycled-buffer tail). buf seq=0 count=1024
[mono_ns=7317256411742532][T0xe36654fabca0][WARN] copy_aicore_buffer: [chip_swimlane_collector.cpp:689] Core 59: skipped 1024 AICore record slot(s) with start_time=0 (race-window write or recycled-buffer tail). buf seq=0 count=1024
[mono_ns=7317256411972133][T0xe36655fcbca0][WARN] copy_aicore_buffer: [chip_swimlane_collector.cpp:689] Core 55: skipped 1024 AICore record slot(s) with start_time=0 (race-window write or recycled-buffer tail). buf seq=0 count=1024
[mono_ns=7317256411993923][T0xe366557bbca0][WARN] copy_aicore_buffer: [chip_swimlane_collector.cpp:689] Core 19: skipped 1024 AICore record slot(s) with start_time=0 (race-window write or recycled-buffer tail). buf seq=0 count=1024
[mono_ns=7317256412070353][T0xe36654fabca0][WARN] copy_aicore_buffer: [chip_swimlane_collector.cpp:689] Core 20: skipped 1024 AICore record slot(s) with start_time=0 (race-window write or recycled-buffer tail). buf seq=0 count=1024
[mono_ns=7317256412319944][T0xe366557bbca0][WARN] copy_aicore_buffer: [chip_swimlane_collector.cpp:689] Core 62: skipped 1024 AICore record slot(s) with start_time=0 (race-window write or recycled-buffer tail). buf seq=0 count=1024
[mono_ns=7317256412320394][T0xe36655fcbca0][WARN] copy_aicore_buffer: [chip_swimlane_collector.cpp:689] Core 18: skipped 1024 AICore record slot(s) with start_time=0 (race-window write or recycled-buffer tail). buf seq=0 count=1024
[mono_ns=7317256412382774][T0xe36654fabca0][WARN] copy_aicore_buffer: [chip_swimlane_collector.cpp:689] Core 64: skipped 1024 AICore record slot(s) with start_time=0 (race-window write or recycled-buffer tail). buf seq=0 count=1024
[mono_ns=7317256412633795][T0xe366557bbca0][WARN] copy_aicore_buffer: [chip_swimlane_collector.cpp:689] Core 63: skipped 1024 AICore record slot(s) with start_time=0 (race-window write or recycled-buffer tail). buf seq=0 count=1024
[mono_ns=7317256412646135][T0xe36655fcbca0][WARN] copy_aicore_buffer: [chip_swimlane_collector.cpp:689] Core 60: skipped 1024 AICore record slot(s) with start_time=0 (race-window write or recycled-buffer tail). buf seq=0 count=1024
[mono_ns=7317256412695735][T0xe36654fabca0][WARN] copy_aicore_buffer: [chip_swimlane_collector.cpp:689] Core 65: skipped 1024 AICore record slot(s) with start_time=0 (race-window write or recycled-buffer tail). buf seq=0 count=1024
[mono_ns=7317256412945335][T0xe366557bbca0][WARN] copy_aicore_buffer: [chip_swimlane_collector.cpp:689] Core 22: skipped 1024 AICore record slot(s) with start_time=0 (race-window write or recycled-buffer tail). buf seq=0 count=1024
[mono_ns=7317256412975656][T0xe36655fcbca0][WARN] copy_aicore_buffer: [chip_swimlane_collector.cpp:689] Core 61: skipped 1024 AICore record slot(s) with start_time=0 (race-window write or recycled-buffer tail). buf seq=0 count=1024
[mono_ns=7317256413018806][T0xe36654fabca0][WARN] copy_aicore_buffer: [chip_swimlane_collector.cpp:689] Core 23: skipped 1024 AICore record slot(s) with start_time=0 (race-window write or recycled-buffer tail). buf seq=0 count=1024
[mono_ns=7317256413269306][T0xe366557bbca0][WARN] copy_aicore_buffer: [chip_swimlane_collector.cpp:689] Core 68: skipped 1024 AICore record slot(s) with start_time=0 (race-window write or recycled-buffer tail). buf seq=0 count=1024
[mono_ns=7317256413314276][T0xe36655fcbca0][WARN] copy_aicore_buffer: [chip_swimlane_collector.cpp:689] Core 21: skipped 1024 AICore record slot(s) with start_time=0 (race-window write or recycled-buffer tail). buf seq=0 count=1024
[mono_ns=7317256413331836][T0xe36654fabca0][WARN] copy_aicore_buffer: [chip_swimlane_collector.cpp:689] Core 70: skipped 1024 AICore record slot(s) with start_time=0 (race-window write or recycled-buffer tail). buf seq=0 count=1024
[mono_ns=7317256413581737][T0xe366557bbca0][WARN] copy_aicore_buffer: [chip_swimlane_collector.cpp:689] Core 69: skipped 1024 AICore record slot(s) with start_time=0 (race-window write or recycled-buffer tail). buf seq=0 count=1024
[mono_ns=7317256413643667][T0xe36654fabca0][WARN] copy_aicore_buffer: [chip_swimlane_collector.cpp:689] Core 71: skipped 1024 AICore record slot(s) with start_time=0 (race-window write or recycled-buffer tail). buf seq=0 count=1024
[mono_ns=7317256413643677][T0xe36655fcbca0][WARN] copy_aicore_buffer: [chip_swimlane_collector.cpp:689] Core 66: skipped 1024 AICore record slot(s) with start_time=0 (race-window write or recycled-buffer tail). buf seq=0 count=1024
[mono_ns=7317256413967678][T0xe36655fcbca0][WARN] copy_aicore_buffer: [chip_swimlane_collector.cpp:689] Core 67: skipped 1024 AICore record slot(s) with start_time=0 (race-window write or recycled-buffer tail). buf seq=0 count=1024
[mono_ns=7317256514409780][T0xe367b203b020][TIMING] emit_host_span: [STRACE] v=1 pid=1247062 tid=1247062 inv=22 hid=616cd77dfbea7d73 depth=1 name=chip.run.runner_run ts=7317256400746024 dur=113658456 
[mono_ns=7317256516528046][T0xe367b203b020][TIMING] emit_host_span: [STRACE] v=1 pid=1247062 tid=1247062 inv=22 hid=616cd77dfbea7d73 depth=1 name=chip.run.validate ts=7317256514419870 dur=2102716 
[mono_ns=7317256516540776][T0xe367b203b020][TIMING] emit_host_span: [STRACE] v=1 pid=1247062 tid=1247062 inv=22 hid=616cd77dfbea7d73 depth=2 name=chip.run.runner_run.device_wall ts=0 dur=5037080 clk=dev
[mono_ns=7317256516545046][T0xe367b203b020][TIMING] emit_host_span: [STRACE] v=1 pid=1247062 tid=1247062 inv=22 hid=616cd77dfbea7d73 depth=3 name=chip.run.runner_run.device_wall.preamble ts=0 dur=618400 clk=dev
[mono_ns=7317256516550006][T0xe367b203b020][TIMING] emit_host_span: [STRACE] v=1 pid=1247062 tid=1247062 inv=22 hid=616cd77dfbea7d73 depth=3 name=chip.run.runner_run.device_wall.graph_build ts=614280 dur=4413720 clk=dev
[mono_ns=7317256516557786][T0xe367b203b020][TIMING] emit_host_span: [STRACE] v=1 pid=1247062 tid=1247062 inv=22 hid=616cd77dfbea7d73 depth=3 name=chip.run.runner_run.device_wall.config_validate ts=614380 dur=740 clk=dev
[mono_ns=7317256516560776][T0xe367b203b020][TIMING] emit_host_span: [STRACE] v=1 pid=1247062 tid=1247062 inv=22 hid=616cd77dfbea7d73 depth=3 name=chip.run.runner_run.device_wall.arena_wire ts=615140 dur=260 clk=dev
[mono_ns=7317256516563646][T0xe367b203b020][TIMING] emit_host_span: [STRACE] v=1 pid=1247062 tid=1247062 inv=22 hid=616cd77dfbea7d73 depth=3 name=chip.run.runner_run.device_wall.sm_reset ts=615439 dur=520 clk=dev
[mono_ns=7317256516566636][T0xe367b203b020][TIMING] emit_host_span: [STRACE] v=1 pid=1247062 tid=1247062 inv=22 hid=616cd77dfbea7d73 depth=3 name=chip.run.runner_run.device_wall.post_orch ts=5028060 dur=8900 clk=dev
[mono_ns=7317256516570496][T0xe367b203b020][TIMING] emit_host_span: [STRACE] v=1 pid=1247062 tid=1247062 inv=22 hid=616cd77dfbea7d73 depth=3 name=chip.run.runner_run.device_wall.orch ts=616000 dur=3520 clk=dev
[mono_ns=7317256516574126][T0xe367b203b020][TIMING] emit_host_span: [STRACE] v=1 pid=1247062 tid=1247062 inv=22 hid=616cd77dfbea7d73 depth=3 name=chip.run.runner_run.device_wall.sched ts=618520 dur=4393040 clk=dev
[mono_ns=7317256516578456][T0xe367b203b020][TIMING] emit_host_span: [STRACE] v=1 pid=1247062 tid=1247062 inv=22 hid=616cd77dfbea7d73 depth=1 name=chip.run.claim_release ts=7317256516576256 dur=430 
[mono_ns=7317256516583546][T0xe367b203b020][TIMING] emit_host_span: [STRACE] v=1 pid=1247062 tid=1247062 inv=22 hid=616cd77dfbea7d73 depth=0 name=chip.run ts=7317256398567388 dur=118014188 run_id=22 dispatch_id=22 slot_id=0 generation=22 run_epoch=22
