[mono_ns=7319550153283669][T0xf36e4a0b7020][TIMING] emit_host_span: [STRACE] v=1 pid=2155045 tid=2155045 inv=1 hid=7330127d2e7be9ea depth=2 name=chip.run.bind.args ts=7319550152709056 dur=567543 
[mono_ns=7319550153303769][T0xf36e4a0b7020][TIMING] emit_host_span: [STRACE] v=1 pid=2155045 tid=2155045 inv=1 hid=7330127d2e7be9ea depth=2 name=chip.run.bind.prebuilt ts=7319550153296739 dur=4300 
[mono_ns=7319550153309079][T0xf36e4a0b7020][TIMING] emit_host_span: [STRACE] v=1 pid=2155045 tid=2155045 inv=1 hid=7330127d2e7be9ea depth=1 name=chip.run.bind ts=7319550152606526 dur=699953 
[mono_ns=7319550269306192][T0xf36e4a0b7020][TIMING] emit_host_span: [STRACE] v=1 pid=2155045 tid=2155045 inv=1 hid=7330127d2e7be9ea depth=1 name=chip.run.runner_run ts=7319550154028002 dur=115268519 
[mono_ns=7319550269359992][T0xf36e4a0b7020][TIMING] emit_host_span: [STRACE] v=1 pid=2155045 tid=2155045 inv=1 hid=7330127d2e7be9ea depth=1 name=chip.run.validate ts=7319550269320532 dur=35820 
[mono_ns=7319550269366382][T0xf36e4a0b7020][TIMING] emit_host_span: [STRACE] v=1 pid=2155045 tid=2155045 inv=1 hid=7330127d2e7be9ea depth=2 name=chip.run.runner_run.device_wall ts=0 dur=311299 clk=dev
[mono_ns=7319550269370532][T0xf36e4a0b7020][TIMING] emit_host_span: [STRACE] v=1 pid=2155045 tid=2155045 inv=1 hid=7330127d2e7be9ea depth=3 name=chip.run.runner_run.device_wall.preamble ts=0 dur=149700 clk=dev
[mono_ns=7319550269374622][T0xf36e4a0b7020][TIMING] emit_host_span: [STRACE] v=1 pid=2155045 tid=2155045 inv=1 hid=7330127d2e7be9ea depth=3 name=chip.run.runner_run.device_wall.graph_build ts=36660 dur=254540 clk=dev
[mono_ns=7319550269377962][T0xf36e4a0b7020][TIMING] emit_host_span: [STRACE] v=1 pid=2155045 tid=2155045 inv=1 hid=7330127d2e7be9ea depth=3 name=chip.run.runner_run.device_wall.config_validate ts=40500 dur=3400 clk=dev
[mono_ns=7319550269381312][T0xf36e4a0b7020][TIMING] emit_host_span: [STRACE] v=1 pid=2155045 tid=2155045 inv=1 hid=7330127d2e7be9ea depth=3 name=chip.run.runner_run.device_wall.arena_wire ts=44040 dur=13340 clk=dev
[mono_ns=7319550269384482][T0xf36e4a0b7020][TIMING] emit_host_span: [STRACE] v=1 pid=2155045 tid=2155045 inv=1 hid=7330127d2e7be9ea depth=3 name=chip.run.runner_run.device_wall.sm_reset ts=57420 dur=19560 clk=dev
[mono_ns=7319550269387422][T0xf36e4a0b7020][TIMING] emit_host_span: [STRACE] v=1 pid=2155045 tid=2155045 inv=1 hid=7330127d2e7be9ea depth=3 name=chip.run.runner_run.device_wall.post_orch ts=291280 dur=16340 clk=dev
[mono_ns=7319550269390212][T0xf36e4a0b7020][TIMING] emit_host_span: [STRACE] v=1 pid=2155045 tid=2155045 inv=1 hid=7330127d2e7be9ea depth=3 name=chip.run.runner_run.device_wall.orch ts=81699 dur=32879 clk=dev
[mono_ns=7319550269393292][T0xf36e4a0b7020][TIMING] emit_host_span: [STRACE] v=1 pid=2155045 tid=2155045 inv=1 hid=7330127d2e7be9ea depth=3 name=chip.run.runner_run.device_wall.sched ts=151260 dur=118000 clk=dev
[mono_ns=7319550269399002][T0xf36e4a0b7020][TIMING] emit_host_span: [STRACE] v=1 pid=2155045 tid=2155045 inv=1 hid=7330127d2e7be9ea depth=1 name=chip.run.claim_release ts=7319550269396162 dur=540 
[mono_ns=7319550269403772][T0xf36e4a0b7020][TIMING] emit_host_span: [STRACE] v=1 pid=2155045 tid=2155045 inv=1 hid=7330127d2e7be9ea depth=0 name=chip.run ts=7319550152548135 dur=116853697 run_id=1 dispatch_id=1 slot_id=0 generation=1 run_epoch=1
[mono_ns=7319550270516017][T0xf36e4a0b7020][TIMING] emit_host_span: [STRACE] v=1 pid=2155045 tid=2155045 inv=2 hid=9a0ce7c17a38dab depth=2 name=chip.run.bind.args ts=7319550270429326 dur=81791 
[mono_ns=7319550270531597][T0xf36e4a0b7020][TIMING] emit_host_span: [STRACE] v=1 pid=2155045 tid=2155045 inv=2 hid=9a0ce7c17a38dab depth=2 name=chip.run.bind.prebuilt ts=7319550270525047 dur=4250 
[mono_ns=7319550270535847][T0xf36e4a0b7020][TIMING] emit_host_span: [STRACE] v=1 pid=2155045 tid=2155045 inv=2 hid=9a0ce7c17a38dab depth=1 name=chip.run.bind ts=7319550270417786 dur=115871 
[mono_ns=7319550375179441][T0xf36e4a0b7020][TIMING] emit_host_span: [STRACE] v=1 pid=2155045 tid=2155045 inv=2 hid=9a0ce7c17a38dab depth=1 name=chip.run.runner_run ts=7319550270749218 dur=104421073 
[mono_ns=7319550375225562][T0xf36e4a0b7020][TIMING] emit_host_span: [STRACE] v=1 pid=2155045 tid=2155045 inv=2 hid=9a0ce7c17a38dab depth=1 name=chip.run.validate ts=7319550375189201 dur=33211 
[mono_ns=7319550375231042][T0xf36e4a0b7020][TIMING] emit_host_span: [STRACE] v=1 pid=2155045 tid=2155045 inv=2 hid=9a0ce7c17a38dab depth=2 name=chip.run.runner_run.device_wall ts=0 dur=38699 clk=dev
[mono_ns=7319550375234772][T0xf36e4a0b7020][TIMING] emit_host_span: [STRACE] v=1 pid=2155045 tid=2155045 inv=2 hid=9a0ce7c17a38dab depth=3 name=chip.run.runner_run.device_wall.preamble ts=0 dur=6620 clk=dev
[mono_ns=7319550375238662][T0xf36e4a0b7020][TIMING] emit_host_span: [STRACE] v=1 pid=2155045 tid=2155045 inv=2 hid=9a0ce7c17a38dab depth=3 name=chip.run.runner_run.device_wall.graph_build ts=1340 dur=26400 clk=dev
[mono_ns=7319550375241932][T0xf36e4a0b7020][TIMING] emit_host_span: [STRACE] v=1 pid=2155045 tid=2155045 inv=2 hid=9a0ce7c17a38dab depth=3 name=chip.run.runner_run.device_wall.config_validate ts=1520 dur=1320 clk=dev
[mono_ns=7319550375245122][T0xf36e4a0b7020][TIMING] emit_host_span: [STRACE] v=1 pid=2155045 tid=2155045 inv=2 hid=9a0ce7c17a38dab depth=3 name=chip.run.runner_run.device_wall.arena_wire ts=2860 dur=720 clk=dev
[mono_ns=7319550375248082][T0xf36e4a0b7020][TIMING] emit_host_span: [STRACE] v=1 pid=2155045 tid=2155045 inv=2 hid=9a0ce7c17a38dab depth=3 name=chip.run.runner_run.device_wall.sm_reset ts=3620 dur=1480 clk=dev
[mono_ns=7319550375251152][T0xf36e4a0b7020][TIMING] emit_host_span: [STRACE] v=1 pid=2155045 tid=2155045 inv=2 hid=9a0ce7c17a38dab depth=3 name=chip.run.runner_run.device_wall.post_orch ts=27840 dur=10720 clk=dev
[mono_ns=7319550375254082][T0xf36e4a0b7020][TIMING] emit_host_span: [STRACE] v=1 pid=2155045 tid=2155045 inv=2 hid=9a0ce7c17a38dab depth=3 name=chip.run.runner_run.device_wall.orch ts=6080 dur=6640 clk=dev
[mono_ns=7319550375256992][T0xf36e4a0b7020][TIMING] emit_host_span: [STRACE] v=1 pid=2155045 tid=2155045 inv=2 hid=9a0ce7c17a38dab depth=3 name=chip.run.runner_run.device_wall.sched ts=7000 dur=13080 clk=dev
[mono_ns=7319550375261582][T0xf36e4a0b7020][TIMING] emit_host_span: [STRACE] v=1 pid=2155045 tid=2155045 inv=2 hid=9a0ce7c17a38dab depth=1 name=chip.run.claim_release ts=7319550375259482 dur=350 
[mono_ns=7319550375266722][T0xf36e4a0b7020][TIMING] emit_host_span: [STRACE] v=1 pid=2155045 tid=2155045 inv=2 hid=9a0ce7c17a38dab depth=0 name=chip.run ts=7319550270376636 dur=104887986 run_id=1 dispatch_id=2 slot_id=0 generation=1 run_epoch=2
[mono_ns=7319550375849344][T0xf36e4a0b7020][TIMING] emit_host_span: [STRACE] v=1 pid=2155045 tid=2155045 inv=3 hid=aa636548c65ca6a1 depth=2 name=chip.run.bind.args ts=7319550375800664 dur=44110 
[mono_ns=7319550375861964][T0xf36e4a0b7020][TIMING] emit_host_span: [STRACE] v=1 pid=2155045 tid=2155045 inv=3 hid=aa636548c65ca6a1 depth=2 name=chip.run.bind.prebuilt ts=7319550375856264 dur=3050 
[mono_ns=7319550375865984][T0xf36e4a0b7020][TIMING] emit_host_span: [STRACE] v=1 pid=2155045 tid=2155045 inv=3 hid=aa636548c65ca6a1 depth=1 name=chip.run.bind ts=7319550375791384 dur=72450 
[mono_ns=7319550386083348][T0xf36e4a0b7020][TIMING] emit_host_span: [STRACE] v=1 pid=2155045 tid=2155045 inv=3 hid=aa636548c65ca6a1 depth=1 name=chip.run.runner_run ts=7319550376074585 dur=10003163 
[mono_ns=7319550386114228][T0xf36e4a0b7020][TIMING] emit_host_span: [STRACE] v=1 pid=2155045 tid=2155045 inv=3 hid=aa636548c65ca6a1 depth=1 name=chip.run.validate ts=7319550386089608 dur=21830 
[mono_ns=7319550386121108][T0xf36e4a0b7020][TIMING] emit_host_span: [STRACE] v=1 pid=2155045 tid=2155045 inv=3 hid=aa636548c65ca6a1 depth=2 name=chip.run.runner_run.device_wall ts=0 dur=9780720 clk=dev
[mono_ns=7319550386125308][T0xf36e4a0b7020][TIMING] emit_host_span: [STRACE] v=1 pid=2155045 tid=2155045 inv=3 hid=aa636548c65ca6a1 depth=3 name=chip.run.runner_run.device_wall.preamble ts=0 dur=4819 clk=dev
[mono_ns=7319550386128738][T0xf36e4a0b7020][TIMING] emit_host_span: [STRACE] v=1 pid=2155045 tid=2155045 inv=3 hid=aa636548c65ca6a1 depth=3 name=chip.run.runner_run.device_wall.graph_build ts=1340 dur=9768600 clk=dev
[mono_ns=7319550386131978][T0xf36e4a0b7020][TIMING] emit_host_span: [STRACE] v=1 pid=2155045 tid=2155045 inv=3 hid=aa636548c65ca6a1 depth=3 name=chip.run.runner_run.device_wall.config_validate ts=1440 dur=980 clk=dev
[mono_ns=7319550386135258][T0xf36e4a0b7020][TIMING] emit_host_span: [STRACE] v=1 pid=2155045 tid=2155045 inv=3 hid=aa636548c65ca6a1 depth=3 name=chip.run.runner_run.device_wall.arena_wire ts=2460 dur=260 clk=dev
[mono_ns=7319550386138268][T0xf36e4a0b7020][TIMING] emit_host_span: [STRACE] v=1 pid=2155045 tid=2155045 inv=3 hid=aa636548c65ca6a1 depth=3 name=chip.run.runner_run.device_wall.sm_reset ts=2740 dur=600 clk=dev
[mono_ns=7319550386141488][T0xf36e4a0b7020][TIMING] emit_host_span: [STRACE] v=1 pid=2155045 tid=2155045 inv=3 hid=aa636548c65ca6a1 depth=3 name=chip.run.runner_run.device_wall.post_orch ts=9770000 dur=10360 clk=dev
[mono_ns=7319550386144418][T0xf36e4a0b7020][TIMING] emit_host_span: [STRACE] v=1 pid=2155045 tid=2155045 inv=3 hid=aa636548c65ca6a1 depth=3 name=chip.run.runner_run.device_wall.orch ts=3400 dur=2660 clk=dev
[mono_ns=7319550386147238][T0xf36e4a0b7020][TIMING] emit_host_span: [STRACE] v=1 pid=2155045 tid=2155045 inv=3 hid=aa636548c65ca6a1 depth=3 name=chip.run.runner_run.device_wall.sched ts=4899 dur=9757640 clk=dev
[mono_ns=7319550386151438][T0xf36e4a0b7020][TIMING] emit_host_span: [STRACE] v=1 pid=2155045 tid=2155045 inv=3 hid=aa636548c65ca6a1 depth=1 name=chip.run.claim_release ts=7319550386148878 dur=280 
[mono_ns=7319550386155618][T0xf36e4a0b7020][TIMING] emit_host_span: [STRACE] v=1 pid=2155045 tid=2155045 inv=3 hid=aa636548c65ca6a1 depth=0 name=chip.run ts=7319550375762514 dur=10391064 run_id=1 dispatch_id=3 slot_id=0 generation=1 run_epoch=3
[mono_ns=7319550387148252][T0xf36e4a0b7020][TIMING] emit_host_span: [STRACE] v=1 pid=2155045 tid=2155045 inv=4 hid=e3bcbf8fce8ee77f depth=2 name=chip.run.bind.args ts=7319550387099122 dur=44410 
[mono_ns=7319550387158842][T0xf36e4a0b7020][TIMING] emit_host_span: [STRACE] v=1 pid=2155045 tid=2155045 inv=4 hid=e3bcbf8fce8ee77f depth=2 name=chip.run.bind.prebuilt ts=7319550387154812 dur=1830 
[mono_ns=7319550387162832][T0xf36e4a0b7020][TIMING] emit_host_span: [STRACE] v=1 pid=2155045 tid=2155045 inv=4 hid=e3bcbf8fce8ee77f depth=1 name=chip.run.bind ts=7319550387074942 dur=85700 
[mono_ns=7319550491733096][T0xf36e4a0b7020][TIMING] emit_host_span: [STRACE] v=1 pid=2155045 tid=2155045 inv=4 hid=e3bcbf8fce8ee77f depth=1 name=chip.run.runner_run ts=7319550387318703 dur=104404933 
[mono_ns=7319550492471530][T0xf36e4a0b7020][TIMING] emit_host_span: [STRACE] v=1 pid=2155045 tid=2155045 inv=4 hid=e3bcbf8fce8ee77f depth=1 name=chip.run.validate ts=7319550491741027 dur=725663 
[mono_ns=7319550492479610][T0xf36e4a0b7020][TIMING] emit_host_span: [STRACE] v=1 pid=2155045 tid=2155045 inv=4 hid=e3bcbf8fce8ee77f depth=2 name=chip.run.runner_run.device_wall ts=0 dur=104900 clk=dev
[mono_ns=7319550492483300][T0xf36e4a0b7020][TIMING] emit_host_span: [STRACE] v=1 pid=2155045 tid=2155045 inv=4 hid=e3bcbf8fce8ee77f depth=3 name=chip.run.runner_run.device_wall.preamble ts=0 dur=5880 clk=dev
[mono_ns=7319550492486770][T0xf36e4a0b7020][TIMING] emit_host_span: [STRACE] v=1 pid=2155045 tid=2155045 inv=4 hid=e3bcbf8fce8ee77f depth=3 name=chip.run.runner_run.device_wall.graph_build ts=1120 dur=92760 clk=dev
[mono_ns=7319550492489930][T0xf36e4a0b7020][TIMING] emit_host_span: [STRACE] v=1 pid=2155045 tid=2155045 inv=4 hid=e3bcbf8fce8ee77f depth=3 name=chip.run.runner_run.device_wall.config_validate ts=1220 dur=899 clk=dev
[mono_ns=7319550492494260][T0xf36e4a0b7020][TIMING] emit_host_span: [STRACE] v=1 pid=2155045 tid=2155045 inv=4 hid=e3bcbf8fce8ee77f depth=3 name=chip.run.runner_run.device_wall.arena_wire ts=2139 dur=260 clk=dev
[mono_ns=7319550492497190][T0xf36e4a0b7020][TIMING] emit_host_span: [STRACE] v=1 pid=2155045 tid=2155045 inv=4 hid=e3bcbf8fce8ee77f depth=3 name=chip.run.runner_run.device_wall.sm_reset ts=2420 dur=540 clk=dev
[mono_ns=7319550492500100][T0xf36e4a0b7020][TIMING] emit_host_span: [STRACE] v=1 pid=2155045 tid=2155045 inv=4 hid=e3bcbf8fce8ee77f depth=3 name=chip.run.runner_run.device_wall.post_orch ts=93920 dur=10320 clk=dev
[mono_ns=7319550492503000][T0xf36e4a0b7020][TIMING] emit_host_span: [STRACE] v=1 pid=2155045 tid=2155045 inv=4 hid=e3bcbf8fce8ee77f depth=3 name=chip.run.runner_run.device_wall.orch ts=3639 dur=6880 clk=dev
[mono_ns=7319550492506030][T0xf36e4a0b7020][TIMING] emit_host_span: [STRACE] v=1 pid=2155045 tid=2155045 inv=4 hid=e3bcbf8fce8ee77f depth=3 name=chip.run.runner_run.device_wall.sched ts=5920 dur=80480 clk=dev
[mono_ns=7319550492510630][T0xf36e4a0b7020][TIMING] emit_host_span: [STRACE] v=1 pid=2155045 tid=2155045 inv=4 hid=e3bcbf8fce8ee77f depth=1 name=chip.run.claim_release ts=7319550492508320 dur=430 
[mono_ns=7319550492515210][T0xf36e4a0b7020][TIMING] emit_host_span: [STRACE] v=1 pid=2155045 tid=2155045 inv=4 hid=e3bcbf8fce8ee77f depth=0 name=chip.run ts=7319550387054482 dur=105458728 run_id=1 dispatch_id=4 slot_id=0 generation=1 run_epoch=4
[mono_ns=7319550503562257][T0xf36e4a0b7020][TIMING] emit_host_span: [STRACE] v=1 pid=2155045 tid=2155045 inv=5 hid=7330127d2e7be9ea depth=2 name=chip.run.bind.args ts=7319550503023684 dur=533033 
[mono_ns=7319550503575727][T0xf36e4a0b7020][TIMING] emit_host_span: [STRACE] v=1 pid=2155045 tid=2155045 inv=5 hid=7330127d2e7be9ea depth=2 name=chip.run.bind.prebuilt ts=7319550503570107 dur=3330 
[mono_ns=7319550503580157][T0xf36e4a0b7020][TIMING] emit_host_span: [STRACE] v=1 pid=2155045 tid=2155045 inv=5 hid=7330127d2e7be9ea depth=1 name=chip.run.bind ts=7319550503012564 dur=565343 
[mono_ns=7319550559257763][T0xf36ceceddca0][WARN] copy_aicore_buffer: [chip_swimlane_collector.cpp:689] Core 1: skipped 1024 AICore record slot(s) with start_time=0 (race-window write or recycled-buffer tail). buf seq=0 count=1024
[mono_ns=7319550559265833][T0xf36cec6cdca0][WARN] copy_aicore_buffer: [chip_swimlane_collector.cpp:689] Core 2: skipped 1024 AICore record slot(s) with start_time=0 (race-window write or recycled-buffer tail). buf seq=0 count=1024
[mono_ns=7319550559297484][T0xf36ced6edca0][WARN] copy_aicore_buffer: [chip_swimlane_collector.cpp:689] Core 0: skipped 1024 AICore record slot(s) with start_time=0 (race-window write or recycled-buffer tail). buf seq=0 count=1024
[mono_ns=7319550559551625][T0xf36ceceddca0][WARN] copy_aicore_buffer: [chip_swimlane_collector.cpp:689] Core 26: skipped 1024 AICore record slot(s) with start_time=0 (race-window write or recycled-buffer tail). buf seq=0 count=1024
[mono_ns=7319550559559485][T0xf36cec6cdca0][WARN] copy_aicore_buffer: [chip_swimlane_collector.cpp:689] Core 28: skipped 1024 AICore record slot(s) with start_time=0 (race-window write or recycled-buffer tail). buf seq=0 count=1024
[mono_ns=7319550559588025][T0xf36ced6edca0][WARN] copy_aicore_buffer: [chip_swimlane_collector.cpp:689] Core 24: skipped 1023 AICore record slot(s) with start_time=0 (race-window write or recycled-buffer tail). buf seq=0 count=1024
[mono_ns=7319550559838986][T0xf36ceceddca0][WARN] copy_aicore_buffer: [chip_swimlane_collector.cpp:689] Core 27: skipped 1024 AICore record slot(s) with start_time=0 (race-window write or recycled-buffer tail). buf seq=0 count=1024
[mono_ns=7319550559845486][T0xf36cec6cdca0][WARN] copy_aicore_buffer: [chip_swimlane_collector.cpp:689] Core 29: skipped 1024 AICore record slot(s) with start_time=0 (race-window write or recycled-buffer tail). buf seq=0 count=1024
[mono_ns=7319550559875116][T0xf36ced6edca0][WARN] copy_aicore_buffer: [chip_swimlane_collector.cpp:689] Core 25: skipped 1024 AICore record slot(s) with start_time=0 (race-window write or recycled-buffer tail). buf seq=0 count=1024
[mono_ns=7319550560203357][T0xf36ced6edca0][WARN] copy_aicore_buffer: [chip_swimlane_collector.cpp:689] Core 3: skipped 1024 AICore record slot(s) with start_time=0 (race-window write or recycled-buffer tail). buf seq=0 count=1024
[mono_ns=7319550560203477][T0xf36ceceddca0][WARN] copy_aicore_buffer: [chip_swimlane_collector.cpp:689] Core 4: skipped 1024 AICore record slot(s) with start_time=0 (race-window write or recycled-buffer tail). buf seq=0 count=1024
[mono_ns=7319550560223737][T0xf36cec6cdca0][WARN] copy_aicore_buffer: [chip_swimlane_collector.cpp:689] Core 5: skipped 1024 AICore record slot(s) with start_time=0 (race-window write or recycled-buffer tail). buf seq=0 count=1024
[mono_ns=7319550560498669][T0xf36ceceddca0][WARN] copy_aicore_buffer: [chip_swimlane_collector.cpp:689] Core 32: skipped 1024 AICore record slot(s) with start_time=0 (race-window write or recycled-buffer tail). buf seq=0 count=1024
[mono_ns=7319550560507599][T0xf36ced6edca0][WARN] copy_aicore_buffer: [chip_swimlane_collector.cpp:689] Core 30: skipped 1024 AICore record slot(s) with start_time=0 (race-window write or recycled-buffer tail). buf seq=0 count=1024
[mono_ns=7319550560513349][T0xf36cec6cdca0][WARN] copy_aicore_buffer: [chip_swimlane_collector.cpp:689] Core 34: skipped 1024 AICore record slot(s) with start_time=0 (race-window write or recycled-buffer tail). buf seq=0 count=1024
[mono_ns=7319550560789100][T0xf36ceceddca0][WARN] copy_aicore_buffer: [chip_swimlane_collector.cpp:689] Core 33: skipped 1024 AICore record slot(s) with start_time=0 (race-window write or recycled-buffer tail). buf seq=0 count=1024
[mono_ns=7319550560797180][T0xf36ced6edca0][WARN] copy_aicore_buffer: [chip_swimlane_collector.cpp:689] Core 31: skipped 1024 AICore record slot(s) with start_time=0 (race-window write or recycled-buffer tail). buf seq=0 count=1024
[mono_ns=7319550560802360][T0xf36cec6cdca0][WARN] copy_aicore_buffer: [chip_swimlane_collector.cpp:689] Core 35: skipped 1024 AICore record slot(s) with start_time=0 (race-window write or recycled-buffer tail). buf seq=0 count=1024
[mono_ns=7319550561091541][T0xf36ceceddca0][WARN] copy_aicore_buffer: [chip_swimlane_collector.cpp:689] Core 7: skipped 1024 AICore record slot(s) with start_time=0 (race-window write or recycled-buffer tail). buf seq=0 count=1024
[mono_ns=7319550561095131][T0xf36ced6edca0][WARN] copy_aicore_buffer: [chip_swimlane_collector.cpp:689] Core 6: skipped 1024 AICore record slot(s) with start_time=0 (race-window write or recycled-buffer tail). buf seq=0 count=1024
[mono_ns=7319550561097851][T0xf36cec6cdca0][WARN] copy_aicore_buffer: [chip_swimlane_collector.cpp:689] Core 8: skipped 1024 AICore record slot(s) with start_time=0 (race-window write or recycled-buffer tail). buf seq=0 count=1024
[mono_ns=7319550561384622][T0xf36ceceddca0][WARN] copy_aicore_buffer: [chip_swimlane_collector.cpp:689] Core 38: skipped 1024 AICore record slot(s) with start_time=0 (race-window write or recycled-buffer tail). buf seq=0 count=1024
[mono_ns=7319550561391242][T0xf36ced6edca0][WARN] copy_aicore_buffer: [chip_swimlane_collector.cpp:689] Core 36: skipped 1024 AICore record slot(s) with start_time=0 (race-window write or recycled-buffer tail). buf seq=0 count=1024
[mono_ns=7319550561401562][T0xf36cec6cdca0][WARN] copy_aicore_buffer: [chip_swimlane_collector.cpp:689] Core 40: skipped 1024 AICore record slot(s) with start_time=0 (race-window write or recycled-buffer tail). buf seq=0 count=1024
[mono_ns=7319550561677424][T0xf36ceceddca0][WARN] copy_aicore_buffer: [chip_swimlane_collector.cpp:689] Core 39: skipped 1024 AICore record slot(s) with start_time=0 (race-window write or recycled-buffer tail). buf seq=0 count=1024
[mono_ns=7319550561682794][T0xf36ced6edca0][WARN] copy_aicore_buffer: [chip_swimlane_collector.cpp:689] Core 37: skipped 1024 AICore record slot(s) with start_time=0 (race-window write or recycled-buffer tail). buf seq=0 count=1024
[mono_ns=7319550561692004][T0xf36cec6cdca0][WARN] copy_aicore_buffer: [chip_swimlane_collector.cpp:689] Core 41: skipped 1024 AICore record slot(s) with start_time=0 (race-window write or recycled-buffer tail). buf seq=0 count=1024
[mono_ns=7319550561969835][T0xf36ceceddca0][WARN] copy_aicore_buffer: [chip_swimlane_collector.cpp:689] Core 10: skipped 1024 AICore record slot(s) with start_time=0 (race-window write or recycled-buffer tail). buf seq=0 count=1024
[mono_ns=7319550561974595][T0xf36ced6edca0][WARN] copy_aicore_buffer: [chip_swimlane_collector.cpp:689] Core 9: skipped 1024 AICore record slot(s) with start_time=0 (race-window write or recycled-buffer tail). buf seq=0 count=1024
[mono_ns=7319550561987045][T0xf36cec6cdca0][WARN] copy_aicore_buffer: [chip_swimlane_collector.cpp:689] Core 11: skipped 1024 AICore record slot(s) with start_time=0 (race-window write or recycled-buffer tail). buf seq=0 count=1024
[mono_ns=7319550562271046][T0xf36ceceddca0][WARN] copy_aicore_buffer: [chip_swimlane_collector.cpp:689] Core 44: skipped 1024 AICore record slot(s) with start_time=0 (race-window write or recycled-buffer tail). buf seq=0 count=1024
[mono_ns=7319550562273946][T0xf36ced6edca0][WARN] copy_aicore_buffer: [chip_swimlane_collector.cpp:689] Core 42: skipped 1024 AICore record slot(s) with start_time=0 (race-window write or recycled-buffer tail). buf seq=0 count=1024
[mono_ns=7319550562285386][T0xf36cec6cdca0][WARN] copy_aicore_buffer: [chip_swimlane_collector.cpp:689] Core 46: skipped 1024 AICore record slot(s) with start_time=0 (race-window write or recycled-buffer tail). buf seq=0 count=1024
[mono_ns=7319550562562627][T0xf36ceceddca0][WARN] copy_aicore_buffer: [chip_swimlane_collector.cpp:689] Core 45: skipped 1024 AICore record slot(s) with start_time=0 (race-window write or recycled-buffer tail). buf seq=0 count=1024
[mono_ns=7319550562565147][T0xf36ced6edca0][WARN] copy_aicore_buffer: [chip_swimlane_collector.cpp:689] Core 43: skipped 1024 AICore record slot(s) with start_time=0 (race-window write or recycled-buffer tail). buf seq=0 count=1024
[mono_ns=7319550562575167][T0xf36cec6cdca0][WARN] copy_aicore_buffer: [chip_swimlane_collector.cpp:689] Core 47: skipped 1024 AICore record slot(s) with start_time=0 (race-window write or recycled-buffer tail). buf seq=0 count=1024
[mono_ns=7319550562855389][T0xf36ceceddca0][WARN] copy_aicore_buffer: [chip_swimlane_collector.cpp:689] Core 13: skipped 1024 AICore record slot(s) with start_time=0 (race-window write or recycled-buffer tail). buf seq=0 count=1024
[mono_ns=7319550562858279][T0xf36ced6edca0][WARN] copy_aicore_buffer: [chip_swimlane_collector.cpp:689] Core 12: skipped 1024 AICore record slot(s) with start_time=0 (race-window write or recycled-buffer tail). buf seq=0 count=1024
[mono_ns=7319550562866379][T0xf36cec6cdca0][WARN] copy_aicore_buffer: [chip_swimlane_collector.cpp:689] Core 14: skipped 1024 AICore record slot(s) with start_time=0 (race-window write or recycled-buffer tail). buf seq=0 count=1024
[mono_ns=7319550563153370][T0xf36ceceddca0][WARN] copy_aicore_buffer: [chip_swimlane_collector.cpp:689] Core 50: skipped 1024 AICore record slot(s) with start_time=0 (race-window write or recycled-buffer tail). buf seq=0 count=1024
[mono_ns=7319550563156740][T0xf36ced6edca0][WARN] copy_aicore_buffer: [chip_swimlane_collector.cpp:689] Core 48: skipped 1024 AICore record slot(s) with start_time=0 (race-window write or recycled-buffer tail). buf seq=0 count=1024
[mono_ns=7319550563167130][T0xf36cec6cdca0][WARN] copy_aicore_buffer: [chip_swimlane_collector.cpp:689] Core 52: skipped 1024 AICore record slot(s) with start_time=0 (race-window write or recycled-buffer tail). buf seq=0 count=1024
[mono_ns=7319550563448111][T0xf36ceceddca0][WARN] copy_aicore_buffer: [chip_swimlane_collector.cpp:689] Core 51: skipped 1024 AICore record slot(s) with start_time=0 (race-window write or recycled-buffer tail). buf seq=0 count=1024
[mono_ns=7319550563451471][T0xf36ced6edca0][WARN] copy_aicore_buffer: [chip_swimlane_collector.cpp:689] Core 49: skipped 1024 AICore record slot(s) with start_time=0 (race-window write or recycled-buffer tail). buf seq=0 count=1024
[mono_ns=7319550563458811][T0xf36cec6cdca0][WARN] copy_aicore_buffer: [chip_swimlane_collector.cpp:689] Core 53: skipped 1024 AICore record slot(s) with start_time=0 (race-window write or recycled-buffer tail). buf seq=0 count=1024
[mono_ns=7319550563739092][T0xf36ceceddca0][WARN] copy_aicore_buffer: [chip_swimlane_collector.cpp:689] Core 16: skipped 1024 AICore record slot(s) with start_time=0 (race-window write or recycled-buffer tail). buf seq=0 count=1024
[mono_ns=7319550563745642][T0xf36ced6edca0][WARN] copy_aicore_buffer: [chip_swimlane_collector.cpp:689] Core 15: skipped 1024 AICore record slot(s) with start_time=0 (race-window write or recycled-buffer tail). buf seq=0 count=1024
[mono_ns=7319550563750432][T0xf36cec6cdca0][WARN] copy_aicore_buffer: [chip_swimlane_collector.cpp:689] Core 17: skipped 1024 AICore record slot(s) with start_time=0 (race-window write or recycled-buffer tail). buf seq=0 count=1024
[mono_ns=7319550564038204][T0xf36ceceddca0][WARN] copy_aicore_buffer: [chip_swimlane_collector.cpp:689] Core 56: skipped 1024 AICore record slot(s) with start_time=0 (race-window write or recycled-buffer tail). buf seq=0 count=1024
[mono_ns=7319550564045024][T0xf36cec6cdca0][WARN] copy_aicore_buffer: [chip_swimlane_collector.cpp:689] Core 58: skipped 1024 AICore record slot(s) with start_time=0 (race-window write or recycled-buffer tail). buf seq=0 count=1024
[mono_ns=7319550564051954][T0xf36ced6edca0][WARN] copy_aicore_buffer: [chip_swimlane_collector.cpp:689] Core 54: skipped 1024 AICore record slot(s) with start_time=0 (race-window write or recycled-buffer tail). buf seq=0 count=1024
[mono_ns=7319550564328055][T0xf36ceceddca0][WARN] copy_aicore_buffer: [chip_swimlane_collector.cpp:689] Core 57: skipped 1024 AICore record slot(s) with start_time=0 (race-window write or recycled-buffer tail). buf seq=0 count=1024
[mono_ns=7319550564332105][T0xf36cec6cdca0][WARN] copy_aicore_buffer: [chip_swimlane_collector.cpp:689] Core 59: skipped 1024 AICore record slot(s) with start_time=0 (race-window write or recycled-buffer tail). buf seq=0 count=1024
[mono_ns=7319550564340235][T0xf36ced6edca0][WARN] copy_aicore_buffer: [chip_swimlane_collector.cpp:689] Core 55: skipped 1024 AICore record slot(s) with start_time=0 (race-window write or recycled-buffer tail). buf seq=0 count=1024
[mono_ns=7319550564619036][T0xf36ceceddca0][WARN] copy_aicore_buffer: [chip_swimlane_collector.cpp:689] Core 19: skipped 1024 AICore record slot(s) with start_time=0 (race-window write or recycled-buffer tail). buf seq=0 count=1024
[mono_ns=7319550564623316][T0xf36cec6cdca0][WARN] copy_aicore_buffer: [chip_swimlane_collector.cpp:689] Core 20: skipped 1024 AICore record slot(s) with start_time=0 (race-window write or recycled-buffer tail). buf seq=0 count=1024
[mono_ns=7319550564629366][T0xf36ced6edca0][WARN] copy_aicore_buffer: [chip_swimlane_collector.cpp:689] Core 18: skipped 1024 AICore record slot(s) with start_time=0 (race-window write or recycled-buffer tail). buf seq=0 count=1024
[mono_ns=7319550564908027][T0xf36ceceddca0][WARN] copy_aicore_buffer: [chip_swimlane_collector.cpp:689] Core 62: skipped 1024 AICore record slot(s) with start_time=0 (race-window write or recycled-buffer tail). buf seq=0 count=1024
[mono_ns=7319550564913447][T0xf36cec6cdca0][WARN] copy_aicore_buffer: [chip_swimlane_collector.cpp:689] Core 64: skipped 1024 AICore record slot(s) with start_time=0 (race-window write or recycled-buffer tail). buf seq=0 count=1024
[mono_ns=7319550564923587][T0xf36ced6edca0][WARN] copy_aicore_buffer: [chip_swimlane_collector.cpp:689] Core 60: skipped 1024 AICore record slot(s) with start_time=0 (race-window write or recycled-buffer tail). buf seq=0 count=1024
[mono_ns=7319550565207099][T0xf36cec6cdca0][WARN] copy_aicore_buffer: [chip_swimlane_collector.cpp:689] Core 65: skipped 1024 AICore record slot(s) with start_time=0 (race-window write or recycled-buffer tail). buf seq=0 count=1024
[mono_ns=7319550565208099][T0xf36ceceddca0][WARN] copy_aicore_buffer: [chip_swimlane_collector.cpp:689] Core 63: skipped 1024 AICore record slot(s) with start_time=0 (race-window write or recycled-buffer tail). buf seq=0 count=1024
[mono_ns=7319550565221689][T0xf36ced6edca0][WARN] copy_aicore_buffer: [chip_swimlane_collector.cpp:689] Core 61: skipped 1024 AICore record slot(s) with start_time=0 (race-window write or recycled-buffer tail). buf seq=0 count=1024
[mono_ns=7319550565498490][T0xf36ceceddca0][WARN] copy_aicore_buffer: [chip_swimlane_collector.cpp:689] Core 22: skipped 1024 AICore record slot(s) with start_time=0 (race-window write or recycled-buffer tail). buf seq=0 count=1024
[mono_ns=7319550565507450][T0xf36cec6cdca0][WARN] copy_aicore_buffer: [chip_swimlane_collector.cpp:689] Core 23: skipped 1024 AICore record slot(s) with start_time=0 (race-window write or recycled-buffer tail). buf seq=0 count=1024
[mono_ns=7319550565510690][T0xf36ced6edca0][WARN] copy_aicore_buffer: [chip_swimlane_collector.cpp:689] Core 21: skipped 1024 AICore record slot(s) with start_time=0 (race-window write or recycled-buffer tail). buf seq=0 count=1024
[mono_ns=7319550565790041][T0xf36ceceddca0][WARN] copy_aicore_buffer: [chip_swimlane_collector.cpp:689] Core 68: skipped 1024 AICore record slot(s) with start_time=0 (race-window write or recycled-buffer tail). buf seq=0 count=1024
[mono_ns=7319550565797491][T0xf36cec6cdca0][WARN] copy_aicore_buffer: [chip_swimlane_collector.cpp:689] Core 70: skipped 1024 AICore record slot(s) with start_time=0 (race-window write or recycled-buffer tail). buf seq=0 count=1024
[mono_ns=7319550565800751][T0xf36ced6edca0][WARN] copy_aicore_buffer: [chip_swimlane_collector.cpp:689] Core 66: skipped 1024 AICore record slot(s) with start_time=0 (race-window write or recycled-buffer tail). buf seq=0 count=1024
[mono_ns=7319550566092382][T0xf36ceceddca0][WARN] copy_aicore_buffer: [chip_swimlane_collector.cpp:689] Core 69: skipped 1024 AICore record slot(s) with start_time=0 (race-window write or recycled-buffer tail). buf seq=0 count=1024
[mono_ns=7319550566103642][T0xf36ced6edca0][WARN] copy_aicore_buffer: [chip_swimlane_collector.cpp:689] Core 67: skipped 1024 AICore record slot(s) with start_time=0 (race-window write or recycled-buffer tail). buf seq=0 count=1024
[mono_ns=7319550566107042][T0xf36cec6cdca0][WARN] copy_aicore_buffer: [chip_swimlane_collector.cpp:689] Core 71: skipped 1024 AICore record slot(s) with start_time=0 (race-window write or recycled-buffer tail). buf seq=0 count=1024
[mono_ns=7319550666556089][T0xf36e4a0b7020][TIMING] emit_host_span: [STRACE] v=1 pid=2155045 tid=2155045 inv=5 hid=7330127d2e7be9ea depth=1 name=chip.run.runner_run ts=7319550557008684 dur=109541405 
[mono_ns=7319550666589049][T0xf36e4a0b7020][TIMING] emit_host_span: [STRACE] v=1 pid=2155045 tid=2155045 inv=5 hid=7330127d2e7be9ea depth=1 name=chip.run.validate ts=7319550666562349 dur=23770 
[mono_ns=7319550666595099][T0xf36e4a0b7020][TIMING] emit_host_span: [STRACE] v=1 pid=2155045 tid=2155045 inv=5 hid=7330127d2e7be9ea depth=2 name=chip.run.runner_run.device_wall ts=0 dur=262619 clk=dev
[mono_ns=7319550666599279][T0xf36e4a0b7020][TIMING] emit_host_span: [STRACE] v=1 pid=2155045 tid=2155045 inv=5 hid=7330127d2e7be9ea depth=3 name=chip.run.runner_run.device_wall.preamble ts=0 dur=141220 clk=dev
[mono_ns=7319550666602969][T0xf36e4a0b7020][TIMING] emit_host_span: [STRACE] v=1 pid=2155045 tid=2155045 inv=5 hid=7330127d2e7be9ea depth=3 name=chip.run.runner_run.device_wall.graph_build ts=136200 dur=115940 clk=dev
[mono_ns=7319550666606919][T0xf36e4a0b7020][TIMING] emit_host_span: [STRACE] v=1 pid=2155045 tid=2155045 inv=5 hid=7330127d2e7be9ea depth=3 name=chip.run.runner_run.device_wall.config_validate ts=136820 dur=320 clk=dev
[mono_ns=7319550666610609][T0xf36e4a0b7020][TIMING] emit_host_span: [STRACE] v=1 pid=2155045 tid=2155045 inv=5 hid=7330127d2e7be9ea depth=3 name=chip.run.runner_run.device_wall.arena_wire ts=137180 dur=980 clk=dev
[mono_ns=7319550666613579][T0xf36e4a0b7020][TIMING] emit_host_span: [STRACE] v=1 pid=2155045 tid=2155045 inv=5 hid=7330127d2e7be9ea depth=3 name=chip.run.runner_run.device_wall.sm_reset ts=138180 dur=880 clk=dev
[mono_ns=7319550666616520][T0xf36e4a0b7020][TIMING] emit_host_span: [STRACE] v=1 pid=2155045 tid=2155045 inv=5 hid=7330127d2e7be9ea depth=3 name=chip.run.runner_run.device_wall.post_orch ts=252180 dur=10299 clk=dev
[mono_ns=7319550666619490][T0xf36e4a0b7020][TIMING] emit_host_span: [STRACE] v=1 pid=2155045 tid=2155045 inv=5 hid=7330127d2e7be9ea depth=3 name=chip.run.runner_run.device_wall.orch ts=139120 dur=1819 clk=dev
[mono_ns=7319550666622390][T0xf36e4a0b7020][TIMING] emit_host_span: [STRACE] v=1 pid=2155045 tid=2155045 inv=5 hid=7330127d2e7be9ea depth=3 name=chip.run.runner_run.device_wall.sched ts=141400 dur=84120 clk=dev
[mono_ns=7319550666626750][T0xf36e4a0b7020][TIMING] emit_host_span: [STRACE] v=1 pid=2155045 tid=2155045 inv=5 hid=7330127d2e7be9ea depth=1 name=chip.run.claim_release ts=7319550666624710 dur=290 
[mono_ns=7319550666631130][T0xf36e4a0b7020][TIMING] emit_host_span: [STRACE] v=1 pid=2155045 tid=2155045 inv=5 hid=7330127d2e7be9ea depth=0 name=chip.run ts=7319550502965344 dur=163663796 run_id=2 dispatch_id=5 slot_id=0 generation=2 run_epoch=5
[mono_ns=7319550668494957][T0xf36e4a0b7020][TIMING] emit_host_span: [STRACE] v=1 pid=2155045 tid=2155045 inv=6 hid=9a0ce7c17a38dab depth=2 name=chip.run.bind.args ts=7319550668424817 dur=65620 
[mono_ns=7319550668506498][T0xf36e4a0b7020][TIMING] emit_host_span: [STRACE] v=1 pid=2155045 tid=2155045 inv=6 hid=9a0ce7c17a38dab depth=2 name=chip.run.bind.prebuilt ts=7319550668501648 dur=2320 
[mono_ns=7319550668510578][T0xf36e4a0b7020][TIMING] emit_host_span: [STRACE] v=1 pid=2155045 tid=2155045 inv=6 hid=9a0ce7c17a38dab depth=1 name=chip.run.bind ts=7319550668417707 dur=90741 
[mono_ns=7319550669249171][T0xf36ced6edca0][WARN] copy_aicore_buffer: [chip_swimlane_collector.cpp:689] Core 0: skipped 1024 AICore record slot(s) with start_time=0 (race-window write or recycled-buffer tail). buf seq=0 count=1024
[mono_ns=7319550669258931][T0xf36cec6cdca0][WARN] copy_aicore_buffer: [chip_swimlane_collector.cpp:689] Core 2: skipped 1024 AICore record slot(s) with start_time=0 (race-window write or recycled-buffer tail). buf seq=0 count=1024
[mono_ns=7319550669262271][T0xf36ceceddca0][WARN] copy_aicore_buffer: [chip_swimlane_collector.cpp:689] Core 1: skipped 1024 AICore record slot(s) with start_time=0 (race-window write or recycled-buffer tail). buf seq=0 count=1024
[mono_ns=7319550669534652][T0xf36ced6edca0][WARN] copy_aicore_buffer: [chip_swimlane_collector.cpp:689] Core 24: skipped 1023 AICore record slot(s) with start_time=0 (race-window write or recycled-buffer tail). buf seq=0 count=1024
[mono_ns=7319550669541622][T0xf36cec6cdca0][WARN] copy_aicore_buffer: [chip_swimlane_collector.cpp:689] Core 28: skipped 1024 AICore record slot(s) with start_time=0 (race-window write or recycled-buffer tail). buf seq=0 count=1024
[mono_ns=7319550669542222][T0xf36ceceddca0][WARN] copy_aicore_buffer: [chip_swimlane_collector.cpp:689] Core 26: skipped 1024 AICore record slot(s) with start_time=0 (race-window write or recycled-buffer tail). buf seq=0 count=1024
[mono_ns=7319550669813473][T0xf36ced6edca0][WARN] copy_aicore_buffer: [chip_swimlane_collector.cpp:689] Core 25: skipped 1024 AICore record slot(s) with start_time=0 (race-window write or recycled-buffer tail). buf seq=0 count=1024
[mono_ns=7319550669819793][T0xf36cec6cdca0][WARN] copy_aicore_buffer: [chip_swimlane_collector.cpp:689] Core 29: skipped 1024 AICore record slot(s) with start_time=0 (race-window write or recycled-buffer tail). buf seq=0 count=1024
[mono_ns=7319550669820513][T0xf36ceceddca0][WARN] copy_aicore_buffer: [chip_swimlane_collector.cpp:689] Core 27: skipped 1024 AICore record slot(s) with start_time=0 (race-window write or recycled-buffer tail). buf seq=0 count=1024
[mono_ns=7319550670098584][T0xf36ced6edca0][WARN] copy_aicore_buffer: [chip_swimlane_collector.cpp:689] Core 3: skipped 1024 AICore record slot(s) with start_time=0 (race-window write or recycled-buffer tail). buf seq=0 count=1024
[mono_ns=7319550670106634][T0xf36ceceddca0][WARN] copy_aicore_buffer: [chip_swimlane_collector.cpp:689] Core 4: skipped 1024 AICore record slot(s) with start_time=0 (race-window write or recycled-buffer tail). buf seq=0 count=1024
[mono_ns=7319550670107244][T0xf36cec6cdca0][WARN] copy_aicore_buffer: [chip_swimlane_collector.cpp:689] Core 5: skipped 1024 AICore record slot(s) with start_time=0 (race-window write or recycled-buffer tail). buf seq=0 count=1024
[mono_ns=7319550670377795][T0xf36ced6edca0][WARN] copy_aicore_buffer: [chip_swimlane_collector.cpp:689] Core 30: skipped 1024 AICore record slot(s) with start_time=0 (race-window write or recycled-buffer tail). buf seq=0 count=1024
[mono_ns=7319550670385886][T0xf36ceceddca0][WARN] copy_aicore_buffer: [chip_swimlane_collector.cpp:689] Core 32: skipped 1024 AICore record slot(s) with start_time=0 (race-window write or recycled-buffer tail). buf seq=0 count=1024
[mono_ns=7319550670385956][T0xf36cec6cdca0][WARN] copy_aicore_buffer: [chip_swimlane_collector.cpp:689] Core 34: skipped 1024 AICore record slot(s) with start_time=0 (race-window write or recycled-buffer tail). buf seq=0 count=1024
[mono_ns=7319550670657367][T0xf36ced6edca0][WARN] copy_aicore_buffer: [chip_swimlane_collector.cpp:689] Core 31: skipped 1024 AICore record slot(s) with start_time=0 (race-window write or recycled-buffer tail). buf seq=0 count=1024
[mono_ns=7319550670664607][T0xf36ceceddca0][WARN] copy_aicore_buffer: [chip_swimlane_collector.cpp:689] Core 33: skipped 1024 AICore record slot(s) with start_time=0 (race-window write or recycled-buffer tail). buf seq=0 count=1024
[mono_ns=7319550670664647][T0xf36cec6cdca0][WARN] copy_aicore_buffer: [chip_swimlane_collector.cpp:689] Core 35: skipped 1024 AICore record slot(s) with start_time=0 (race-window write or recycled-buffer tail). buf seq=0 count=1024
[mono_ns=7319550670936008][T0xf36ced6edca0][WARN] copy_aicore_buffer: [chip_swimlane_collector.cpp:689] Core 6: skipped 1024 AICore record slot(s) with start_time=0 (race-window write or recycled-buffer tail). buf seq=0 count=1024
[mono_ns=7319550670941958][T0xf36ceceddca0][WARN] copy_aicore_buffer: [chip_swimlane_collector.cpp:689] Core 7: skipped 1024 AICore record slot(s) with start_time=0 (race-window write or recycled-buffer tail). buf seq=0 count=1024
[mono_ns=7319550670943198][T0xf36cec6cdca0][WARN] copy_aicore_buffer: [chip_swimlane_collector.cpp:689] Core 8: skipped 1024 AICore record slot(s) with start_time=0 (race-window write or recycled-buffer tail). buf seq=0 count=1024
[mono_ns=7319550671221569][T0xf36ced6edca0][WARN] copy_aicore_buffer: [chip_swimlane_collector.cpp:689] Core 36: skipped 1024 AICore record slot(s) with start_time=0 (race-window write or recycled-buffer tail). buf seq=0 count=1024
[mono_ns=7319550671226379][T0xf36ceceddca0][WARN] copy_aicore_buffer: [chip_swimlane_collector.cpp:689] Core 38: skipped 1024 AICore record slot(s) with start_time=0 (race-window write or recycled-buffer tail). buf seq=0 count=1024
[mono_ns=7319550671228059][T0xf36cec6cdca0][WARN] copy_aicore_buffer: [chip_swimlane_collector.cpp:689] Core 40: skipped 1024 AICore record slot(s) with start_time=0 (race-window write or recycled-buffer tail). buf seq=0 count=1024
[mono_ns=7319550671499510][T0xf36ced6edca0][WARN] copy_aicore_buffer: [chip_swimlane_collector.cpp:689] Core 37: skipped 1024 AICore record slot(s) with start_time=0 (race-window write or recycled-buffer tail). buf seq=0 count=1024
[mono_ns=7319550671505890][T0xf36cec6cdca0][WARN] copy_aicore_buffer: [chip_swimlane_collector.cpp:689] Core 41: skipped 1024 AICore record slot(s) with start_time=0 (race-window write or recycled-buffer tail). buf seq=0 count=1024
[mono_ns=7319550671506460][T0xf36ceceddca0][WARN] copy_aicore_buffer: [chip_swimlane_collector.cpp:689] Core 39: skipped 1024 AICore record slot(s) with start_time=0 (race-window write or recycled-buffer tail). buf seq=0 count=1024
[mono_ns=7319550671778421][T0xf36ced6edca0][WARN] copy_aicore_buffer: [chip_swimlane_collector.cpp:689] Core 9: skipped 1024 AICore record slot(s) with start_time=0 (race-window write or recycled-buffer tail). buf seq=0 count=1024
[mono_ns=7319550671784741][T0xf36cec6cdca0][WARN] copy_aicore_buffer: [chip_swimlane_collector.cpp:689] Core 11: skipped 1024 AICore record slot(s) with start_time=0 (race-window write or recycled-buffer tail). buf seq=0 count=1024
[mono_ns=7319550671785441][T0xf36ceceddca0][WARN] copy_aicore_buffer: [chip_swimlane_collector.cpp:689] Core 10: skipped 1024 AICore record slot(s) with start_time=0 (race-window write or recycled-buffer tail). buf seq=0 count=1024
[mono_ns=7319550672068263][T0xf36cec6cdca0][WARN] copy_aicore_buffer: [chip_swimlane_collector.cpp:689] Core 46: skipped 1024 AICore record slot(s) with start_time=0 (race-window write or recycled-buffer tail). buf seq=0 count=1024
[mono_ns=7319550672068903][T0xf36ced6edca0][WARN] copy_aicore_buffer: [chip_swimlane_collector.cpp:689] Core 42: skipped 1024 AICore record slot(s) with start_time=0 (race-window write or recycled-buffer tail). buf seq=0 count=1024
[mono_ns=7319550672070523][T0xf36ceceddca0][WARN] copy_aicore_buffer: [chip_swimlane_collector.cpp:689] Core 44: skipped 1024 AICore record slot(s) with start_time=0 (race-window write or recycled-buffer tail). buf seq=0 count=1024
[mono_ns=7319550672366604][T0xf36ceceddca0][WARN] copy_aicore_buffer: [chip_swimlane_collector.cpp:689] Core 45: skipped 1024 AICore record slot(s) with start_time=0 (race-window write or recycled-buffer tail). buf seq=0 count=1024
[mono_ns=7319550672381444][T0xf36ced6edca0][WARN] copy_aicore_buffer: [chip_swimlane_collector.cpp:689] Core 43: skipped 1024 AICore record slot(s) with start_time=0 (race-window write or recycled-buffer tail). buf seq=0 count=1024
[mono_ns=7319550672399884][T0xf36cec6cdca0][WARN] copy_aicore_buffer: [chip_swimlane_collector.cpp:689] Core 47: skipped 1024 AICore record slot(s) with start_time=0 (race-window write or recycled-buffer tail). buf seq=0 count=1024
[mono_ns=7319550672660295][T0xf36ceceddca0][WARN] copy_aicore_buffer: [chip_swimlane_collector.cpp:689] Core 13: skipped 1024 AICore record slot(s) with start_time=0 (race-window write or recycled-buffer tail). buf seq=0 count=1024
[mono_ns=7319550672673055][T0xf36ced6edca0][WARN] copy_aicore_buffer: [chip_swimlane_collector.cpp:689] Core 12: skipped 1024 AICore record slot(s) with start_time=0 (race-window write or recycled-buffer tail). buf seq=0 count=1024
[mono_ns=7319550672694555][T0xf36cec6cdca0][WARN] copy_aicore_buffer: [chip_swimlane_collector.cpp:689] Core 14: skipped 1024 AICore record slot(s) with start_time=0 (race-window write or recycled-buffer tail). buf seq=0 count=1024
[mono_ns=7319550672955256][T0xf36ceceddca0][WARN] copy_aicore_buffer: [chip_swimlane_collector.cpp:689] Core 50: skipped 1024 AICore record slot(s) with start_time=0 (race-window write or recycled-buffer tail). buf seq=0 count=1024
[mono_ns=7319550672961486][T0xf36ced6edca0][WARN] copy_aicore_buffer: [chip_swimlane_collector.cpp:689] Core 48: skipped 1024 AICore record slot(s) with start_time=0 (race-window write or recycled-buffer tail). buf seq=0 count=1024
[mono_ns=7319550672988147][T0xf36cec6cdca0][WARN] copy_aicore_buffer: [chip_swimlane_collector.cpp:689] Core 52: skipped 1024 AICore record slot(s) with start_time=0 (race-window write or recycled-buffer tail). buf seq=0 count=1024
[mono_ns=7319550673252218][T0xf36ceceddca0][WARN] copy_aicore_buffer: [chip_swimlane_collector.cpp:689] Core 51: skipped 1024 AICore record slot(s) with start_time=0 (race-window write or recycled-buffer tail). buf seq=0 count=1024
[mono_ns=7319550673259828][T0xf36ced6edca0][WARN] copy_aicore_buffer: [chip_swimlane_collector.cpp:689] Core 49: skipped 1024 AICore record slot(s) with start_time=0 (race-window write or recycled-buffer tail). buf seq=0 count=1024
[mono_ns=7319550673285458][T0xf36cec6cdca0][WARN] copy_aicore_buffer: [chip_swimlane_collector.cpp:689] Core 53: skipped 1024 AICore record slot(s) with start_time=0 (race-window write or recycled-buffer tail). buf seq=0 count=1024
[mono_ns=7319550673543069][T0xf36ceceddca0][WARN] copy_aicore_buffer: [chip_swimlane_collector.cpp:689] Core 16: skipped 1024 AICore record slot(s) with start_time=0 (race-window write or recycled-buffer tail). buf seq=0 count=1024
[mono_ns=7319550673548099][T0xf36ced6edca0][WARN] copy_aicore_buffer: [chip_swimlane_collector.cpp:689] Core 15: skipped 1024 AICore record slot(s) with start_time=0 (race-window write or recycled-buffer tail). buf seq=0 count=1024
[mono_ns=7319550673576699][T0xf36cec6cdca0][WARN] copy_aicore_buffer: [chip_swimlane_collector.cpp:689] Core 17: skipped 1024 AICore record slot(s) with start_time=0 (race-window write or recycled-buffer tail). buf seq=0 count=1024
[mono_ns=7319550673830830][T0xf36ceceddca0][WARN] copy_aicore_buffer: [chip_swimlane_collector.cpp:689] Core 56: skipped 1024 AICore record slot(s) with start_time=0 (race-window write or recycled-buffer tail). buf seq=0 count=1024
[mono_ns=7319550673837850][T0xf36ced6edca0][WARN] copy_aicore_buffer: [chip_swimlane_collector.cpp:689] Core 54: skipped 1024 AICore record slot(s) with start_time=0 (race-window write or recycled-buffer tail). buf seq=0 count=1024
[mono_ns=7319550673864440][T0xf36cec6cdca0][WARN] copy_aicore_buffer: [chip_swimlane_collector.cpp:689] Core 58: skipped 1024 AICore record slot(s) with start_time=0 (race-window write or recycled-buffer tail). buf seq=0 count=1024
[mono_ns=7319550674127901][T0xf36ceceddca0][WARN] copy_aicore_buffer: [chip_swimlane_collector.cpp:689] Core 57: skipped 1024 AICore record slot(s) with start_time=0 (race-window write or recycled-buffer tail). buf seq=0 count=1024
[mono_ns=7319550674139531][T0xf36ced6edca0][WARN] copy_aicore_buffer: [chip_swimlane_collector.cpp:689] Core 55: skipped 1024 AICore record slot(s) with start_time=0 (race-window write or recycled-buffer tail). buf seq=0 count=1024
[mono_ns=7319550674174022][T0xf36cec6cdca0][WARN] copy_aicore_buffer: [chip_swimlane_collector.cpp:689] Core 59: skipped 1024 AICore record slot(s) with start_time=0 (race-window write or recycled-buffer tail). buf seq=0 count=1024
[mono_ns=7319550674422593][T0xf36ceceddca0][WARN] copy_aicore_buffer: [chip_swimlane_collector.cpp:689] Core 19: skipped 1024 AICore record slot(s) with start_time=0 (race-window write or recycled-buffer tail). buf seq=0 count=1024
[mono_ns=7319550674431263][T0xf36ced6edca0][WARN] copy_aicore_buffer: [chip_swimlane_collector.cpp:689] Core 18: skipped 1024 AICore record slot(s) with start_time=0 (race-window write or recycled-buffer tail). buf seq=0 count=1024
[mono_ns=7319550674468323][T0xf36cec6cdca0][WARN] copy_aicore_buffer: [chip_swimlane_collector.cpp:689] Core 20: skipped 1024 AICore record slot(s) with start_time=0 (race-window write or recycled-buffer tail). buf seq=0 count=1024
[mono_ns=7319550674720114][T0xf36ceceddca0][WARN] copy_aicore_buffer: [chip_swimlane_collector.cpp:689] Core 62: skipped 1024 AICore record slot(s) with start_time=0 (race-window write or recycled-buffer tail). buf seq=0 count=1024
[mono_ns=7319550674722904][T0xf36ced6edca0][WARN] copy_aicore_buffer: [chip_swimlane_collector.cpp:689] Core 60: skipped 1024 AICore record slot(s) with start_time=0 (race-window write or recycled-buffer tail). buf seq=0 count=1024
[mono_ns=7319550674761214][T0xf36cec6cdca0][WARN] copy_aicore_buffer: [chip_swimlane_collector.cpp:689] Core 64: skipped 1024 AICore record slot(s) with start_time=0 (race-window write or recycled-buffer tail). buf seq=0 count=1024
[mono_ns=7319550675020305][T0xf36ceceddca0][WARN] copy_aicore_buffer: [chip_swimlane_collector.cpp:689] Core 63: skipped 1024 AICore record slot(s) with start_time=0 (race-window write or recycled-buffer tail). buf seq=0 count=1024
[mono_ns=7319550675034585][T0xf36ced6edca0][WARN] copy_aicore_buffer: [chip_swimlane_collector.cpp:689] Core 61: skipped 1024 AICore record slot(s) with start_time=0 (race-window write or recycled-buffer tail). buf seq=0 count=1024
[mono_ns=7319550675063105][T0xf36cec6cdca0][WARN] copy_aicore_buffer: [chip_swimlane_collector.cpp:689] Core 65: skipped 1024 AICore record slot(s) with start_time=0 (race-window write or recycled-buffer tail). buf seq=0 count=1024
[mono_ns=7319550675311136][T0xf36ceceddca0][WARN] copy_aicore_buffer: [chip_swimlane_collector.cpp:689] Core 22: skipped 1024 AICore record slot(s) with start_time=0 (race-window write or recycled-buffer tail). buf seq=0 count=1024
[mono_ns=7319550675321746][T0xf36ced6edca0][WARN] copy_aicore_buffer: [chip_swimlane_collector.cpp:689] Core 21: skipped 1024 AICore record slot(s) with start_time=0 (race-window write or recycled-buffer tail). buf seq=0 count=1024
[mono_ns=7319550675353527][T0xf36cec6cdca0][WARN] copy_aicore_buffer: [chip_swimlane_collector.cpp:689] Core 23: skipped 1024 AICore record slot(s) with start_time=0 (race-window write or recycled-buffer tail). buf seq=0 count=1024
[mono_ns=7319550675606378][T0xf36ceceddca0][WARN] copy_aicore_buffer: [chip_swimlane_collector.cpp:689] Core 68: skipped 1024 AICore record slot(s) with start_time=0 (race-window write or recycled-buffer tail). buf seq=0 count=1024
[mono_ns=7319550675619608][T0xf36ced6edca0][WARN] copy_aicore_buffer: [chip_swimlane_collector.cpp:689] Core 66: skipped 1024 AICore record slot(s) with start_time=0 (race-window write or recycled-buffer tail). buf seq=0 count=1024
[mono_ns=7319550675644638][T0xf36cec6cdca0][WARN] copy_aicore_buffer: [chip_swimlane_collector.cpp:689] Core 70: skipped 1024 AICore record slot(s) with start_time=0 (race-window write or recycled-buffer tail). buf seq=0 count=1024
[mono_ns=7319550675900989][T0xf36ceceddca0][WARN] copy_aicore_buffer: [chip_swimlane_collector.cpp:689] Core 69: skipped 1024 AICore record slot(s) with start_time=0 (race-window write or recycled-buffer tail). buf seq=0 count=1024
[mono_ns=7319550675909079][T0xf36ced6edca0][WARN] copy_aicore_buffer: [chip_swimlane_collector.cpp:689] Core 67: skipped 1024 AICore record slot(s) with start_time=0 (race-window write or recycled-buffer tail). buf seq=0 count=1024
[mono_ns=7319550675940559][T0xf36cec6cdca0][WARN] copy_aicore_buffer: [chip_swimlane_collector.cpp:689] Core 71: skipped 1024 AICore record slot(s) with start_time=0 (race-window write or recycled-buffer tail). buf seq=0 count=1024
[mono_ns=7319550776391086][T0xf36e4a0b7020][TIMING] emit_host_span: [STRACE] v=1 pid=2155045 tid=2155045 inv=6 hid=9a0ce7c17a38dab depth=1 name=chip.run.runner_run ts=7319550668711528 dur=107673708 
[mono_ns=7319550776424176][T0xf36e4a0b7020][TIMING] emit_host_span: [STRACE] v=1 pid=2155045 tid=2155045 inv=6 hid=9a0ce7c17a38dab depth=1 name=chip.run.validate ts=7319550776397606 dur=23330 
[mono_ns=7319550776430456][T0xf36e4a0b7020][TIMING] emit_host_span: [STRACE] v=1 pid=2155045 tid=2155045 inv=6 hid=9a0ce7c17a38dab depth=2 name=chip.run.runner_run.device_wall ts=0 dur=146060 clk=dev
[mono_ns=7319550776434456][T0xf36e4a0b7020][TIMING] emit_host_span: [STRACE] v=1 pid=2155045 tid=2155045 inv=6 hid=9a0ce7c17a38dab depth=3 name=chip.run.runner_run.device_wall.preamble ts=0 dur=105520 clk=dev
[mono_ns=7319550776438286][T0xf36e4a0b7020][TIMING] emit_host_span: [STRACE] v=1 pid=2155045 tid=2155045 inv=6 hid=9a0ce7c17a38dab depth=3 name=chip.run.runner_run.device_wall.graph_build ts=100580 dur=35020 clk=dev
[mono_ns=7319550776442206][T0xf36e4a0b7020][TIMING] emit_host_span: [STRACE] v=1 pid=2155045 tid=2155045 inv=6 hid=9a0ce7c17a38dab depth=3 name=chip.run.runner_run.device_wall.config_validate ts=100920 dur=280 clk=dev
[mono_ns=7319550776445236][T0xf36e4a0b7020][TIMING] emit_host_span: [STRACE] v=1 pid=2155045 tid=2155045 inv=6 hid=9a0ce7c17a38dab depth=3 name=chip.run.runner_run.device_wall.arena_wire ts=101220 dur=280 clk=dev
[mono_ns=7319550776448206][T0xf36e4a0b7020][TIMING] emit_host_span: [STRACE] v=1 pid=2155045 tid=2155045 inv=6 hid=9a0ce7c17a38dab depth=3 name=chip.run.runner_run.device_wall.sm_reset ts=101539 dur=620 clk=dev
[mono_ns=7319550776451226][T0xf36e4a0b7020][TIMING] emit_host_span: [STRACE] v=1 pid=2155045 tid=2155045 inv=6 hid=9a0ce7c17a38dab depth=3 name=chip.run.runner_run.device_wall.post_orch ts=135640 dur=10320 clk=dev
[mono_ns=7319550776454246][T0xf36e4a0b7020][TIMING] emit_host_span: [STRACE] v=1 pid=2155045 tid=2155045 inv=6 hid=9a0ce7c17a38dab depth=3 name=chip.run.runner_run.device_wall.orch ts=102220 dur=1599 clk=dev
[mono_ns=7319550776457356][T0xf36e4a0b7020][TIMING] emit_host_span: [STRACE] v=1 pid=2155045 tid=2155045 inv=6 hid=9a0ce7c17a38dab depth=3 name=chip.run.runner_run.device_wall.sched ts=105460 dur=6900 clk=dev
[mono_ns=7319550776461486][T0xf36e4a0b7020][TIMING] emit_host_span: [STRACE] v=1 pid=2155045 tid=2155045 inv=6 hid=9a0ce7c17a38dab depth=1 name=chip.run.claim_release ts=7319550776459326 dur=440 
[mono_ns=7319550776465896][T0xf36e4a0b7020][TIMING] emit_host_span: [STRACE] v=1 pid=2155045 tid=2155045 inv=6 hid=9a0ce7c17a38dab depth=0 name=chip.run ts=7319550668397617 dur=108066309 run_id=2 dispatch_id=6 slot_id=0 generation=2 run_epoch=6
[mono_ns=7319550776773708][T0xf36e4a0b7020][TIMING] emit_host_span: [STRACE] v=1 pid=2155045 tid=2155045 inv=7 hid=aa636548c65ca6a1 depth=2 name=chip.run.bind.args ts=7319550776735827 dur=33850 
[mono_ns=7319550776784808][T0xf36e4a0b7020][TIMING] emit_host_span: [STRACE] v=1 pid=2155045 tid=2155045 inv=7 hid=aa636548c65ca6a1 depth=2 name=chip.run.bind.prebuilt ts=7319550776779648 dur=2220 
[mono_ns=7319550776789018][T0xf36e4a0b7020][TIMING] emit_host_span: [STRACE] v=1 pid=2155045 tid=2155045 inv=7 hid=aa636548c65ca6a1 depth=1 name=chip.run.bind ts=7319550776728647 dur=58101 
[mono_ns=7319550792817766][T0xf36e4a0b7020][TIMING] emit_host_span: [STRACE] v=1 pid=2155045 tid=2155045 inv=7 hid=aa636548c65ca6a1 depth=1 name=chip.run.runner_run ts=7319550776947388 dur=15865698 
[mono_ns=7319550792845756][T0xf36e4a0b7020][TIMING] emit_host_span: [STRACE] v=1 pid=2155045 tid=2155045 inv=7 hid=aa636548c65ca6a1 depth=1 name=chip.run.validate ts=7319550792823316 dur=19450 
[mono_ns=7319550792851536][T0xf36e4a0b7020][TIMING] emit_host_span: [STRACE] v=1 pid=2155045 tid=2155045 inv=7 hid=aa636548c65ca6a1 depth=2 name=chip.run.runner_run.device_wall ts=0 dur=15658340 clk=dev
[mono_ns=7319550792855536][T0xf36e4a0b7020][TIMING] emit_host_span: [STRACE] v=1 pid=2155045 tid=2155045 inv=7 hid=aa636548c65ca6a1 depth=3 name=chip.run.runner_run.device_wall.preamble ts=0 dur=6060 clk=dev
[mono_ns=7319550792858766][T0xf36e4a0b7020][TIMING] emit_host_span: [STRACE] v=1 pid=2155045 tid=2155045 inv=7 hid=aa636548c65ca6a1 depth=3 name=chip.run.runner_run.device_wall.graph_build ts=1660 dur=15646319 clk=dev
[mono_ns=7319550792862616][T0xf36e4a0b7020][TIMING] emit_host_span: [STRACE] v=1 pid=2155045 tid=2155045 inv=7 hid=aa636548c65ca6a1 depth=3 name=chip.run.runner_run.device_wall.config_validate ts=1740 dur=600 clk=dev
[mono_ns=7319550792865696][T0xf36e4a0b7020][TIMING] emit_host_span: [STRACE] v=1 pid=2155045 tid=2155045 inv=7 hid=aa636548c65ca6a1 depth=3 name=chip.run.runner_run.device_wall.arena_wire ts=2360 dur=660 clk=dev
[mono_ns=7319550792868636][T0xf36e4a0b7020][TIMING] emit_host_span: [STRACE] v=1 pid=2155045 tid=2155045 inv=7 hid=aa636548c65ca6a1 depth=3 name=chip.run.runner_run.device_wall.sm_reset ts=3060 dur=500 clk=dev
[mono_ns=7319550792871646][T0xf36e4a0b7020][TIMING] emit_host_span: [STRACE] v=1 pid=2155045 tid=2155045 inv=7 hid=aa636548c65ca6a1 depth=3 name=chip.run.runner_run.device_wall.post_orch ts=15648039 dur=10200 clk=dev
[mono_ns=7319550792874866][T0xf36e4a0b7020][TIMING] emit_host_span: [STRACE] v=1 pid=2155045 tid=2155045 inv=7 hid=aa636548c65ca6a1 depth=3 name=chip.run.runner_run.device_wall.orch ts=3599 dur=1859 clk=dev
[mono_ns=7319550792877766][T0xf36e4a0b7020][TIMING] emit_host_span: [STRACE] v=1 pid=2155045 tid=2155045 inv=7 hid=aa636548c65ca6a1 depth=3 name=chip.run.runner_run.device_wall.sched ts=6040 dur=15634480 clk=dev
[mono_ns=7319550792881446][T0xf36e4a0b7020][TIMING] emit_host_span: [STRACE] v=1 pid=2155045 tid=2155045 inv=7 hid=aa636548c65ca6a1 depth=1 name=chip.run.claim_release ts=7319550792879326 dur=340 
[mono_ns=7319550792885496][T0xf36e4a0b7020][TIMING] emit_host_span: [STRACE] v=1 pid=2155045 tid=2155045 inv=7 hid=aa636548c65ca6a1 depth=0 name=chip.run ts=7319550776708437 dur=16174979 run_id=2 dispatch_id=7 slot_id=0 generation=2 run_epoch=7
[mono_ns=7319550793620449][T0xf36e4a0b7020][TIMING] emit_host_span: [STRACE] v=1 pid=2155045 tid=2155045 inv=8 hid=e3bcbf8fce8ee77f depth=2 name=chip.run.bind.args ts=7319550793573869 dur=42380 
[mono_ns=7319550793630749][T0xf36e4a0b7020][TIMING] emit_host_span: [STRACE] v=1 pid=2155045 tid=2155045 inv=8 hid=e3bcbf8fce8ee77f depth=2 name=chip.run.bind.prebuilt ts=7319550793626779 dur=1660 
[mono_ns=7319550793634619][T0xf36e4a0b7020][TIMING] emit_host_span: [STRACE] v=1 pid=2155045 tid=2155045 inv=8 hid=e3bcbf8fce8ee77f depth=1 name=chip.run.bind ts=7319550793567879 dur=64600 
[mono_ns=7319550794403642][T0xf36ceceddca0][WARN] copy_aicore_buffer: [chip_swimlane_collector.cpp:689] Core 1: skipped 1024 AICore record slot(s) with start_time=0 (race-window write or recycled-buffer tail). buf seq=0 count=1024
[mono_ns=7319550794411062][T0xf36ced6edca0][WARN] copy_aicore_buffer: [chip_swimlane_collector.cpp:689] Core 0: skipped 1024 AICore record slot(s) with start_time=0 (race-window write or recycled-buffer tail). buf seq=0 count=1024
[mono_ns=7319550794424513][T0xf36cec6cdca0][WARN] copy_aicore_buffer: [chip_swimlane_collector.cpp:689] Core 2: skipped 1024 AICore record slot(s) with start_time=0 (race-window write or recycled-buffer tail). buf seq=0 count=1024
[mono_ns=7319550794690154][T0xf36ceceddca0][WARN] copy_aicore_buffer: [chip_swimlane_collector.cpp:689] Core 26: skipped 1023 AICore record slot(s) with start_time=0 (race-window write or recycled-buffer tail). buf seq=0 count=1024
[mono_ns=7319550794693884][T0xf36ced6edca0][WARN] copy_aicore_buffer: [chip_swimlane_collector.cpp:689] Core 24: skipped 1024 AICore record slot(s) with start_time=0 (race-window write or recycled-buffer tail). buf seq=0 count=1024
[mono_ns=7319550794706604][T0xf36cec6cdca0][WARN] copy_aicore_buffer: [chip_swimlane_collector.cpp:689] Core 28: skipped 1024 AICore record slot(s) with start_time=0 (race-window write or recycled-buffer tail). buf seq=0 count=1024
[mono_ns=7319550794969675][T0xf36ceceddca0][WARN] copy_aicore_buffer: [chip_swimlane_collector.cpp:689] Core 27: skipped 1024 AICore record slot(s) with start_time=0 (race-window write or recycled-buffer tail). buf seq=0 count=1024
[mono_ns=7319550794972555][T0xf36ced6edca0][WARN] copy_aicore_buffer: [chip_swimlane_collector.cpp:689] Core 25: skipped 1024 AICore record slot(s) with start_time=0 (race-window write or recycled-buffer tail). buf seq=0 count=1024
[mono_ns=7319550794985025][T0xf36cec6cdca0][WARN] copy_aicore_buffer: [chip_swimlane_collector.cpp:689] Core 29: skipped 1024 AICore record slot(s) with start_time=0 (race-window write or recycled-buffer tail). buf seq=0 count=1024
[mono_ns=7319550795259416][T0xf36ceceddca0][WARN] copy_aicore_buffer: [chip_swimlane_collector.cpp:689] Core 4: skipped 1024 AICore record slot(s) with start_time=0 (race-window write or recycled-buffer tail). buf seq=0 count=1024
[mono_ns=7319550795263226][T0xf36ced6edca0][WARN] copy_aicore_buffer: [chip_swimlane_collector.cpp:689] Core 3: skipped 1024 AICore record slot(s) with start_time=0 (race-window write or recycled-buffer tail). buf seq=0 count=1024
[mono_ns=7319550795275916][T0xf36cec6cdca0][WARN] copy_aicore_buffer: [chip_swimlane_collector.cpp:689] Core 5: skipped 1024 AICore record slot(s) with start_time=0 (race-window write or recycled-buffer tail). buf seq=0 count=1024
[mono_ns=7319550795539257][T0xf36ceceddca0][WARN] copy_aicore_buffer: [chip_swimlane_collector.cpp:689] Core 32: skipped 1024 AICore record slot(s) with start_time=0 (race-window write or recycled-buffer tail). buf seq=0 count=1024
[mono_ns=7319550795541327][T0xf36ced6edca0][WARN] copy_aicore_buffer: [chip_swimlane_collector.cpp:689] Core 30: skipped 1024 AICore record slot(s) with start_time=0 (race-window write or recycled-buffer tail). buf seq=0 count=1024
[mono_ns=7319550795554557][T0xf36cec6cdca0][WARN] copy_aicore_buffer: [chip_swimlane_collector.cpp:689] Core 34: skipped 1024 AICore record slot(s) with start_time=0 (race-window write or recycled-buffer tail). buf seq=0 count=1024
[mono_ns=7319550795819648][T0xf36ced6edca0][WARN] copy_aicore_buffer: [chip_swimlane_collector.cpp:689] Core 31: skipped 1024 AICore record slot(s) with start_time=0 (race-window write or recycled-buffer tail). buf seq=0 count=1024
[mono_ns=7319550795823718][T0xf36ceceddca0][WARN] copy_aicore_buffer: [chip_swimlane_collector.cpp:689] Core 33: skipped 1024 AICore record slot(s) with start_time=0 (race-window write or recycled-buffer tail). buf seq=0 count=1024
[mono_ns=7319550795833138][T0xf36cec6cdca0][WARN] copy_aicore_buffer: [chip_swimlane_collector.cpp:689] Core 35: skipped 1024 AICore record slot(s) with start_time=0 (race-window write or recycled-buffer tail). buf seq=0 count=1024
[mono_ns=7319550796108660][T0xf36ceceddca0][WARN] copy_aicore_buffer: [chip_swimlane_collector.cpp:689] Core 7: skipped 1024 AICore record slot(s) with start_time=0 (race-window write or recycled-buffer tail). buf seq=0 count=1024
[mono_ns=7319550796109500][T0xf36ced6edca0][WARN] copy_aicore_buffer: [chip_swimlane_collector.cpp:689] Core 6: skipped 1024 AICore record slot(s) with start_time=0 (race-window write or recycled-buffer tail). buf seq=0 count=1024
[mono_ns=7319550796117770][T0xf36cec6cdca0][WARN] copy_aicore_buffer: [chip_swimlane_collector.cpp:689] Core 8: skipped 1024 AICore record slot(s) with start_time=0 (race-window write or recycled-buffer tail). buf seq=0 count=1024
[mono_ns=7319550796387501][T0xf36ced6edca0][WARN] copy_aicore_buffer: [chip_swimlane_collector.cpp:689] Core 36: skipped 1024 AICore record slot(s) with start_time=0 (race-window write or recycled-buffer tail). buf seq=0 count=1024
[mono_ns=7319550796388671][T0xf36ceceddca0][WARN] copy_aicore_buffer: [chip_swimlane_collector.cpp:689] Core 38: skipped 1024 AICore record slot(s) with start_time=0 (race-window write or recycled-buffer tail). buf seq=0 count=1024
[mono_ns=7319550796395611][T0xf36cec6cdca0][WARN] copy_aicore_buffer: [chip_swimlane_collector.cpp:689] Core 40: skipped 1024 AICore record slot(s) with start_time=0 (race-window write or recycled-buffer tail). buf seq=0 count=1024
[mono_ns=7319550796667062][T0xf36ced6edca0][WARN] copy_aicore_buffer: [chip_swimlane_collector.cpp:689] Core 37: skipped 1024 AICore record slot(s) with start_time=0 (race-window write or recycled-buffer tail). buf seq=0 count=1024
[mono_ns=7319550796669132][T0xf36ceceddca0][WARN] copy_aicore_buffer: [chip_swimlane_collector.cpp:689] Core 39: skipped 1024 AICore record slot(s) with start_time=0 (race-window write or recycled-buffer tail). buf seq=0 count=1024
[mono_ns=7319550796673632][T0xf36cec6cdca0][WARN] copy_aicore_buffer: [chip_swimlane_collector.cpp:689] Core 41: skipped 1024 AICore record slot(s) with start_time=0 (race-window write or recycled-buffer tail). buf seq=0 count=1024
[mono_ns=7319550796945053][T0xf36ced6edca0][WARN] copy_aicore_buffer: [chip_swimlane_collector.cpp:689] Core 9: skipped 1024 AICore record slot(s) with start_time=0 (race-window write or recycled-buffer tail). buf seq=0 count=1024
[mono_ns=7319550796948243][T0xf36ceceddca0][WARN] copy_aicore_buffer: [chip_swimlane_collector.cpp:689] Core 10: skipped 1024 AICore record slot(s) with start_time=0 (race-window write or recycled-buffer tail). buf seq=0 count=1024
[mono_ns=7319550796951323][T0xf36cec6cdca0][WARN] copy_aicore_buffer: [chip_swimlane_collector.cpp:689] Core 11: skipped 1024 AICore record slot(s) with start_time=0 (race-window write or recycled-buffer tail). buf seq=0 count=1024
[mono_ns=7319550797237344][T0xf36ced6edca0][WARN] copy_aicore_buffer: [chip_swimlane_collector.cpp:689] Core 42: skipped 1024 AICore record slot(s) with start_time=0 (race-window write or recycled-buffer tail). buf seq=0 count=1024
[mono_ns=7319550797237874][T0xf36ceceddca0][WARN] copy_aicore_buffer: [chip_swimlane_collector.cpp:689] Core 44: skipped 1024 AICore record slot(s) with start_time=0 (race-window write or recycled-buffer tail). buf seq=0 count=1024
[mono_ns=7319550797242124][T0xf36cec6cdca0][WARN] copy_aicore_buffer: [chip_swimlane_collector.cpp:689] Core 46: skipped 1024 AICore record slot(s) with start_time=0 (race-window write or recycled-buffer tail). buf seq=0 count=1024
[mono_ns=7319550797516786][T0xf36ced6edca0][WARN] copy_aicore_buffer: [chip_swimlane_collector.cpp:689] Core 43: skipped 1024 AICore record slot(s) with start_time=0 (race-window write or recycled-buffer tail). buf seq=0 count=1024
[mono_ns=7319550797517416][T0xf36ceceddca0][WARN] copy_aicore_buffer: [chip_swimlane_collector.cpp:689] Core 45: skipped 1024 AICore record slot(s) with start_time=0 (race-window write or recycled-buffer tail). buf seq=0 count=1024
[mono_ns=7319550797522896][T0xf36cec6cdca0][WARN] copy_aicore_buffer: [chip_swimlane_collector.cpp:689] Core 47: skipped 1024 AICore record slot(s) with start_time=0 (race-window write or recycled-buffer tail). buf seq=0 count=1024
[mono_ns=7319550797793577][T0xf36ced6edca0][WARN] copy_aicore_buffer: [chip_swimlane_collector.cpp:689] Core 12: skipped 1024 AICore record slot(s) with start_time=0 (race-window write or recycled-buffer tail). buf seq=0 count=1024
[mono_ns=7319550797795847][T0xf36ceceddca0][WARN] copy_aicore_buffer: [chip_swimlane_collector.cpp:689] Core 13: skipped 1024 AICore record slot(s) with start_time=0 (race-window write or recycled-buffer tail). buf seq=0 count=1024
[mono_ns=7319550797801987][T0xf36cec6cdca0][WARN] copy_aicore_buffer: [chip_swimlane_collector.cpp:689] Core 14: skipped 1024 AICore record slot(s) with start_time=0 (race-window write or recycled-buffer tail). buf seq=0 count=1024
[mono_ns=7319550798077068][T0xf36ced6edca0][WARN] copy_aicore_buffer: [chip_swimlane_collector.cpp:689] Core 48: skipped 1024 AICore record slot(s) with start_time=0 (race-window write or recycled-buffer tail). buf seq=0 count=1024
[mono_ns=7319550798081768][T0xf36ceceddca0][WARN] copy_aicore_buffer: [chip_swimlane_collector.cpp:689] Core 50: skipped 1024 AICore record slot(s) with start_time=0 (race-window write or recycled-buffer tail). buf seq=0 count=1024
[mono_ns=7319550798084978][T0xf36cec6cdca0][WARN] copy_aicore_buffer: [chip_swimlane_collector.cpp:689] Core 52: skipped 1024 AICore record slot(s) with start_time=0 (race-window write or recycled-buffer tail). buf seq=0 count=1024
[mono_ns=7319550798354899][T0xf36ced6edca0][WARN] copy_aicore_buffer: [chip_swimlane_collector.cpp:689] Core 49: skipped 1024 AICore record slot(s) with start_time=0 (race-window write or recycled-buffer tail). buf seq=0 count=1024
[mono_ns=7319550798360259][T0xf36ceceddca0][WARN] copy_aicore_buffer: [chip_swimlane_collector.cpp:689] Core 51: skipped 1024 AICore record slot(s) with start_time=0 (race-window write or recycled-buffer tail). buf seq=0 count=1024
[mono_ns=7319550798363219][T0xf36cec6cdca0][WARN] copy_aicore_buffer: [chip_swimlane_collector.cpp:689] Core 53: skipped 1024 AICore record slot(s) with start_time=0 (race-window write or recycled-buffer tail). buf seq=0 count=1024
[mono_ns=7319550798631390][T0xf36ced6edca0][WARN] copy_aicore_buffer: [chip_swimlane_collector.cpp:689] Core 15: skipped 1024 AICore record slot(s) with start_time=0 (race-window write or recycled-buffer tail). buf seq=0 count=1024
[mono_ns=7319550798638200][T0xf36ceceddca0][WARN] copy_aicore_buffer: [chip_swimlane_collector.cpp:689] Core 16: skipped 1024 AICore record slot(s) with start_time=0 (race-window write or recycled-buffer tail). buf seq=0 count=1024
[mono_ns=7319550798640040][T0xf36cec6cdca0][WARN] copy_aicore_buffer: [chip_swimlane_collector.cpp:689] Core 17: skipped 1024 AICore record slot(s) with start_time=0 (race-window write or recycled-buffer tail). buf seq=0 count=1024
[mono_ns=7319550798921692][T0xf36ced6edca0][WARN] copy_aicore_buffer: [chip_swimlane_collector.cpp:689] Core 54: skipped 1024 AICore record slot(s) with start_time=0 (race-window write or recycled-buffer tail). buf seq=0 count=1024
[mono_ns=7319550798927942][T0xf36ceceddca0][WARN] copy_aicore_buffer: [chip_swimlane_collector.cpp:689] Core 56: skipped 1024 AICore record slot(s) with start_time=0 (race-window write or recycled-buffer tail). buf seq=0 count=1024
[mono_ns=7319550798929502][T0xf36cec6cdca0][WARN] copy_aicore_buffer: [chip_swimlane_collector.cpp:689] Core 58: skipped 1024 AICore record slot(s) with start_time=0 (race-window write or recycled-buffer tail). buf seq=0 count=1024
[mono_ns=7319550799211233][T0xf36ced6edca0][WARN] copy_aicore_buffer: [chip_swimlane_collector.cpp:689] Core 55: skipped 1024 AICore record slot(s) with start_time=0 (race-window write or recycled-buffer tail). buf seq=0 count=1024
[mono_ns=7319550799211383][T0xf36cec6cdca0][WARN] copy_aicore_buffer: [chip_swimlane_collector.cpp:689] Core 59: skipped 1024 AICore record slot(s) with start_time=0 (race-window write or recycled-buffer tail). buf seq=0 count=1024
[mono_ns=7319550799215953][T0xf36ceceddca0][WARN] copy_aicore_buffer: [chip_swimlane_collector.cpp:689] Core 57: skipped 1024 AICore record slot(s) with start_time=0 (race-window write or recycled-buffer tail). buf seq=0 count=1024
[mono_ns=7319550799490804][T0xf36ced6edca0][WARN] copy_aicore_buffer: [chip_swimlane_collector.cpp:689] Core 18: skipped 1024 AICore record slot(s) with start_time=0 (race-window write or recycled-buffer tail). buf seq=0 count=1024
[mono_ns=7319550799490944][T0xf36cec6cdca0][WARN] copy_aicore_buffer: [chip_swimlane_collector.cpp:689] Core 20: skipped 1024 AICore record slot(s) with start_time=0 (race-window write or recycled-buffer tail). buf seq=0 count=1024
[mono_ns=7319550799495414][T0xf36ceceddca0][WARN] copy_aicore_buffer: [chip_swimlane_collector.cpp:689] Core 19: skipped 1024 AICore record slot(s) with start_time=0 (race-window write or recycled-buffer tail). buf seq=0 count=1024
[mono_ns=7319550799769835][T0xf36ced6edca0][WARN] copy_aicore_buffer: [chip_swimlane_collector.cpp:689] Core 60: skipped 1024 AICore record slot(s) with start_time=0 (race-window write or recycled-buffer tail). buf seq=0 count=1024
[mono_ns=7319550799770965][T0xf36cec6cdca0][WARN] copy_aicore_buffer: [chip_swimlane_collector.cpp:689] Core 64: skipped 1024 AICore record slot(s) with start_time=0 (race-window write or recycled-buffer tail). buf seq=0 count=1024
[mono_ns=7319550799775795][T0xf36ceceddca0][WARN] copy_aicore_buffer: [chip_swimlane_collector.cpp:689] Core 62: skipped 1024 AICore record slot(s) with start_time=0 (race-window write or recycled-buffer tail). buf seq=0 count=1024
[mono_ns=7319550800058976][T0xf36ced6edca0][WARN] copy_aicore_buffer: [chip_swimlane_collector.cpp:689] Core 61: skipped 1024 AICore record slot(s) with start_time=0 (race-window write or recycled-buffer tail). buf seq=0 count=1024
[mono_ns=7319550800062176][T0xf36cec6cdca0][WARN] copy_aicore_buffer: [chip_swimlane_collector.cpp:689] Core 65: skipped 1024 AICore record slot(s) with start_time=0 (race-window write or recycled-buffer tail). buf seq=0 count=1024
[mono_ns=7319550800065326][T0xf36ceceddca0][WARN] copy_aicore_buffer: [chip_swimlane_collector.cpp:689] Core 63: skipped 1024 AICore record slot(s) with start_time=0 (race-window write or recycled-buffer tail). buf seq=0 count=1024
[mono_ns=7319550800336728][T0xf36ced6edca0][WARN] copy_aicore_buffer: [chip_swimlane_collector.cpp:689] Core 21: skipped 1024 AICore record slot(s) with start_time=0 (race-window write or recycled-buffer tail). buf seq=0 count=1024
[mono_ns=7319550800340618][T0xf36cec6cdca0][WARN] copy_aicore_buffer: [chip_swimlane_collector.cpp:689] Core 23: skipped 1024 AICore record slot(s) with start_time=0 (race-window write or recycled-buffer tail). buf seq=0 count=1024
[mono_ns=7319550800344458][T0xf36ceceddca0][WARN] copy_aicore_buffer: [chip_swimlane_collector.cpp:689] Core 22: skipped 1024 AICore record slot(s) with start_time=0 (race-window write or recycled-buffer tail). buf seq=0 count=1024
[mono_ns=7319550800615679][T0xf36ced6edca0][WARN] copy_aicore_buffer: [chip_swimlane_collector.cpp:689] Core 66: skipped 1024 AICore record slot(s) with start_time=0 (race-window write or recycled-buffer tail). buf seq=0 count=1024
[mono_ns=7319550800619799][T0xf36cec6cdca0][WARN] copy_aicore_buffer: [chip_swimlane_collector.cpp:689] Core 70: skipped 1024 AICore record slot(s) with start_time=0 (race-window write or recycled-buffer tail). buf seq=0 count=1024
[mono_ns=7319550800622269][T0xf36ceceddca0][WARN] copy_aicore_buffer: [chip_swimlane_collector.cpp:689] Core 68: skipped 1024 AICore record slot(s) with start_time=0 (race-window write or recycled-buffer tail). buf seq=0 count=1024
[mono_ns=7319550800893280][T0xf36ced6edca0][WARN] copy_aicore_buffer: [chip_swimlane_collector.cpp:689] Core 67: skipped 1024 AICore record slot(s) with start_time=0 (race-window write or recycled-buffer tail). buf seq=0 count=1024
[mono_ns=7319550800898670][T0xf36cec6cdca0][WARN] copy_aicore_buffer: [chip_swimlane_collector.cpp:689] Core 71: skipped 1024 AICore record slot(s) with start_time=0 (race-window write or recycled-buffer tail). buf seq=0 count=1024
[mono_ns=7319550800900840][T0xf36ceceddca0][WARN] copy_aicore_buffer: [chip_swimlane_collector.cpp:689] Core 69: skipped 1024 AICore record slot(s) with start_time=0 (race-window write or recycled-buffer tail). buf seq=0 count=1024
[mono_ns=7319550901424957][T0xf36e4a0b7020][TIMING] emit_host_span: [STRACE] v=1 pid=2155045 tid=2155045 inv=8 hid=e3bcbf8fce8ee77f depth=1 name=chip.run.runner_run ts=7319550793815890 dur=107602907 
[mono_ns=7319550901959229][T0xf36e4a0b7020][TIMING] emit_host_span: [STRACE] v=1 pid=2155045 tid=2155045 inv=8 hid=e3bcbf8fce8ee77f depth=1 name=chip.run.validate ts=7319550901433827 dur=520272 
[mono_ns=7319550901968299][T0xf36e4a0b7020][TIMING] emit_host_span: [STRACE] v=1 pid=2155045 tid=2155045 inv=8 hid=e3bcbf8fce8ee77f depth=2 name=chip.run.runner_run.device_wall ts=0 dur=195080 clk=dev
[mono_ns=7319550901972059][T0xf36e4a0b7020][TIMING] emit_host_span: [STRACE] v=1 pid=2155045 tid=2155045 inv=8 hid=e3bcbf8fce8ee77f depth=3 name=chip.run.runner_run.device_wall.preamble ts=0 dur=106140 clk=dev
[mono_ns=7319550901975749][T0xf36e4a0b7020][TIMING] emit_host_span: [STRACE] v=1 pid=2155045 tid=2155045 inv=8 hid=e3bcbf8fce8ee77f depth=3 name=chip.run.runner_run.device_wall.graph_build ts=102380 dur=81619 clk=dev
[mono_ns=7319550901979259][T0xf36e4a0b7020][TIMING] emit_host_span: [STRACE] v=1 pid=2155045 tid=2155045 inv=8 hid=e3bcbf8fce8ee77f depth=3 name=chip.run.runner_run.device_wall.config_validate ts=102460 dur=520 clk=dev
[mono_ns=7319550901982739][T0xf36e4a0b7020][TIMING] emit_host_span: [STRACE] v=1 pid=2155045 tid=2155045 inv=8 hid=e3bcbf8fce8ee77f depth=3 name=chip.run.runner_run.device_wall.arena_wire ts=103000 dur=260 clk=dev
[mono_ns=7319550901987039][T0xf36e4a0b7020][TIMING] emit_host_span: [STRACE] v=1 pid=2155045 tid=2155045 inv=8 hid=e3bcbf8fce8ee77f depth=3 name=chip.run.runner_run.device_wall.sm_reset ts=103280 dur=480 clk=dev
[mono_ns=7319550901990100][T0xf36e4a0b7020][TIMING] emit_host_span: [STRACE] v=1 pid=2155045 tid=2155045 inv=8 hid=e3bcbf8fce8ee77f depth=3 name=chip.run.runner_run.device_wall.post_orch ts=184060 dur=10580 clk=dev
[mono_ns=7319550901993140][T0xf36e4a0b7020][TIMING] emit_host_span: [STRACE] v=1 pid=2155045 tid=2155045 inv=8 hid=e3bcbf8fce8ee77f depth=3 name=chip.run.runner_run.device_wall.orch ts=103820 dur=2020 clk=dev
[mono_ns=7319550901996130][T0xf36e4a0b7020][TIMING] emit_host_span: [STRACE] v=1 pid=2155045 tid=2155045 inv=8 hid=e3bcbf8fce8ee77f depth=3 name=chip.run.runner_run.device_wall.sched ts=106240 dur=53560 clk=dev
[mono_ns=7319550902009640][T0xf36e4a0b7020][TIMING] emit_host_span: [STRACE] v=1 pid=2155045 tid=2155045 inv=8 hid=e3bcbf8fce8ee77f depth=1 name=chip.run.claim_release ts=7319550901998530 dur=510 
[mono_ns=7319550902014720][T0xf36e4a0b7020][TIMING] emit_host_span: [STRACE] v=1 pid=2155045 tid=2155045 inv=8 hid=e3bcbf8fce8ee77f depth=0 name=chip.run ts=7319550793550449 dur=108462101 run_id=2 dispatch_id=8 slot_id=0 generation=2 run_epoch=8
[mono_ns=7319565241261075][T0xf36e4a0b7020][TIMING] emit_host_span: [STRACE] v=1 pid=2155045 tid=2155045 inv=9 hid=7330127d2e7be9ea depth=2 name=chip.run.bind.args ts=7319565240691162 dur=558563 
[mono_ns=7319565241311525][T0xf36e4a0b7020][TIMING] emit_host_span: [STRACE] v=1 pid=2155045 tid=2155045 inv=9 hid=7330127d2e7be9ea depth=2 name=chip.run.bind.prebuilt ts=7319565241303265 dur=5450 
[mono_ns=7319565241316425][T0xf36e4a0b7020][TIMING] emit_host_span: [STRACE] v=1 pid=2155045 tid=2155045 inv=9 hid=7330127d2e7be9ea depth=1 name=chip.run.bind ts=7319565240649132 dur=665163 
[mono_ns=7319565349862496][T0xf36e4a0b7020][TIMING] emit_host_span: [STRACE] v=1 pid=2155045 tid=2155045 inv=9 hid=7330127d2e7be9ea depth=1 name=chip.run.runner_run ts=7319565241714017 dur=108136979 
[mono_ns=7319565349919116][T0xf36e4a0b7020][TIMING] emit_host_span: [STRACE] v=1 pid=2155045 tid=2155045 inv=9 hid=7330127d2e7be9ea depth=1 name=chip.run.validate ts=7319565349877476 dur=37470 
[mono_ns=7319565349924726][T0xf36e4a0b7020][TIMING] emit_host_span: [STRACE] v=1 pid=2155045 tid=2155045 inv=9 hid=7330127d2e7be9ea depth=2 name=chip.run.runner_run.device_wall ts=0 dur=141840 clk=dev
[mono_ns=7319565349928686][T0xf36e4a0b7020][TIMING] emit_host_span: [STRACE] v=1 pid=2155045 tid=2155045 inv=9 hid=7330127d2e7be9ea depth=3 name=chip.run.runner_run.device_wall.preamble ts=0 dur=7620 clk=dev
[mono_ns=7319565349934476][T0xf36e4a0b7020][TIMING] emit_host_span: [STRACE] v=1 pid=2155045 tid=2155045 inv=9 hid=7330127d2e7be9ea depth=3 name=chip.run.runner_run.device_wall.graph_build ts=1900 dur=128600 clk=dev
[mono_ns=7319565349938027][T0xf36e4a0b7020][TIMING] emit_host_span: [STRACE] v=1 pid=2155045 tid=2155045 inv=9 hid=7330127d2e7be9ea depth=3 name=chip.run.runner_run.device_wall.config_validate ts=2020 dur=799 clk=dev
[mono_ns=7319565349942487][T0xf36e4a0b7020][TIMING] emit_host_span: [STRACE] v=1 pid=2155045 tid=2155045 inv=9 hid=7330127d2e7be9ea depth=3 name=chip.run.runner_run.device_wall.arena_wire ts=2840 dur=740 clk=dev
[mono_ns=7319565349945717][T0xf36e4a0b7020][TIMING] emit_host_span: [STRACE] v=1 pid=2155045 tid=2155045 inv=9 hid=7330127d2e7be9ea depth=3 name=chip.run.runner_run.device_wall.sm_reset ts=3599 dur=2040 clk=dev
[mono_ns=7319565349948757][T0xf36e4a0b7020][TIMING] emit_host_span: [STRACE] v=1 pid=2155045 tid=2155045 inv=9 hid=7330127d2e7be9ea depth=3 name=chip.run.runner_run.device_wall.post_orch ts=130640 dur=10820 clk=dev
[mono_ns=7319565349951597][T0xf36e4a0b7020][TIMING] emit_host_span: [STRACE] v=1 pid=2155045 tid=2155045 inv=9 hid=7330127d2e7be9ea depth=3 name=chip.run.runner_run.device_wall.orch ts=6660 dur=7220 clk=dev
[mono_ns=7319565349954417][T0xf36e4a0b7020][TIMING] emit_host_span: [STRACE] v=1 pid=2155045 tid=2155045 inv=9 hid=7330127d2e7be9ea depth=3 name=chip.run.runner_run.device_wall.sched ts=7819 dur=113360 clk=dev
[mono_ns=7319565349959537][T0xf36e4a0b7020][TIMING] emit_host_span: [STRACE] v=1 pid=2155045 tid=2155045 inv=9 hid=7330127d2e7be9ea depth=1 name=chip.run.claim_release ts=7319565349956997 dur=610 
[mono_ns=7319565349965797][T0xf36e4a0b7020][TIMING] emit_host_span: [STRACE] v=1 pid=2155045 tid=2155045 inv=9 hid=7330127d2e7be9ea depth=0 name=chip.run ts=7319565240469881 dur=109493886 run_id=3 dispatch_id=9 slot_id=0 generation=3 run_epoch=9
[mono_ns=7319565350858330][T0xf36e4a0b7020][TIMING] emit_host_span: [STRACE] v=1 pid=2155045 tid=2155045 inv=10 hid=9a0ce7c17a38dab depth=2 name=chip.run.bind.args ts=7319565350789160 dur=63300 
[mono_ns=7319565350872340][T0xf36e4a0b7020][TIMING] emit_host_span: [STRACE] v=1 pid=2155045 tid=2155045 inv=10 hid=9a0ce7c17a38dab depth=2 name=chip.run.bind.prebuilt ts=7319565350866300 dur=3470 
[mono_ns=7319565350876470][T0xf36e4a0b7020][TIMING] emit_host_span: [STRACE] v=1 pid=2155045 tid=2155045 inv=10 hid=9a0ce7c17a38dab depth=1 name=chip.run.bind ts=7319565350777320 dur=96950 
[mono_ns=7319565455499125][T0xf36e4a0b7020][TIMING] emit_host_span: [STRACE] v=1 pid=2155045 tid=2155045 inv=10 hid=9a0ce7c17a38dab depth=1 name=chip.run.runner_run ts=7319565351107371 dur=104380984 
[mono_ns=7319565455555555][T0xf36e4a0b7020][TIMING] emit_host_span: [STRACE] v=1 pid=2155045 tid=2155045 inv=10 hid=9a0ce7c17a38dab depth=1 name=chip.run.validate ts=7319565455514805 dur=37350 
[mono_ns=7319565455561125][T0xf36e4a0b7020][TIMING] emit_host_span: [STRACE] v=1 pid=2155045 tid=2155045 inv=10 hid=9a0ce7c17a38dab depth=2 name=chip.run.runner_run.device_wall ts=0 dur=30620 clk=dev
[mono_ns=7319565455564955][T0xf36e4a0b7020][TIMING] emit_host_span: [STRACE] v=1 pid=2155045 tid=2155045 inv=10 hid=9a0ce7c17a38dab depth=3 name=chip.run.runner_run.device_wall.preamble ts=0 dur=5939 clk=dev
[mono_ns=7319565455575295][T0xf36e4a0b7020][TIMING] emit_host_span: [STRACE] v=1 pid=2155045 tid=2155045 inv=10 hid=9a0ce7c17a38dab depth=3 name=chip.run.runner_run.device_wall.graph_build ts=1500 dur=17720 clk=dev
[mono_ns=7319565455578935][T0xf36e4a0b7020][TIMING] emit_host_span: [STRACE] v=1 pid=2155045 tid=2155045 inv=10 hid=9a0ce7c17a38dab depth=3 name=chip.run.runner_run.device_wall.config_validate ts=1599 dur=580 clk=dev
[mono_ns=7319565455582125][T0xf36e4a0b7020][TIMING] emit_host_span: [STRACE] v=1 pid=2155045 tid=2155045 inv=10 hid=9a0ce7c17a38dab depth=3 name=chip.run.runner_run.device_wall.arena_wire ts=2280 dur=300 clk=dev
[mono_ns=7319565455585065][T0xf36e4a0b7020][TIMING] emit_host_span: [STRACE] v=1 pid=2155045 tid=2155045 inv=10 hid=9a0ce7c17a38dab depth=3 name=chip.run.runner_run.device_wall.sm_reset ts=2600 dur=540 clk=dev
[mono_ns=7319565455588155][T0xf36e4a0b7020][TIMING] emit_host_span: [STRACE] v=1 pid=2155045 tid=2155045 inv=10 hid=9a0ce7c17a38dab depth=3 name=chip.run.runner_run.device_wall.post_orch ts=19259 dur=11160 clk=dev
[mono_ns=7319565455591175][T0xf36e4a0b7020][TIMING] emit_host_span: [STRACE] v=1 pid=2155045 tid=2155045 inv=10 hid=9a0ce7c17a38dab depth=3 name=chip.run.runner_run.device_wall.orch ts=3679 dur=3020 clk=dev
[mono_ns=7319565455594115][T0xf36e4a0b7020][TIMING] emit_host_span: [STRACE] v=1 pid=2155045 tid=2155045 inv=10 hid=9a0ce7c17a38dab depth=3 name=chip.run.runner_run.device_wall.sched ts=6040 dur=5820 clk=dev
[mono_ns=7319565455600305][T0xf36e4a0b7020][TIMING] emit_host_span: [STRACE] v=1 pid=2155045 tid=2155045 inv=10 hid=9a0ce7c17a38dab depth=1 name=chip.run.claim_release ts=7319565455597965 dur=510 
[mono_ns=7319565455606075][T0xf36e4a0b7020][TIMING] emit_host_span: [STRACE] v=1 pid=2155045 tid=2155045 inv=10 hid=9a0ce7c17a38dab depth=0 name=chip.run ts=7319565350733160 dur=104870355 run_id=3 dispatch_id=10 slot_id=0 generation=3 run_epoch=10
[mono_ns=7319565456079528][T0xf36e4a0b7020][TIMING] emit_host_span: [STRACE] v=1 pid=2155045 tid=2155045 inv=11 hid=aa636548c65ca6a1 depth=2 name=chip.run.bind.args ts=7319565456032057 dur=43420 
[mono_ns=7319565456093158][T0xf36e4a0b7020][TIMING] emit_host_span: [STRACE] v=1 pid=2155045 tid=2155045 inv=11 hid=aa636548c65ca6a1 depth=2 name=chip.run.bind.prebuilt ts=7319565456087198 dur=3580 
[mono_ns=7319565456097138][T0xf36e4a0b7020][TIMING] emit_host_span: [STRACE] v=1 pid=2155045 tid=2155045 inv=11 hid=aa636548c65ca6a1 depth=1 name=chip.run.bind ts=7319565456018537 dur=76531 
[mono_ns=7319565541332000][T0xf36e4a0b7020][TIMING] emit_host_span: [STRACE] v=1 pid=2155045 tid=2155045 inv=11 hid=aa636548c65ca6a1 depth=1 name=chip.run.runner_run ts=7319565456314609 dur=85011871 
[mono_ns=7319565541363880][T0xf36e4a0b7020][TIMING] emit_host_span: [STRACE] v=1 pid=2155045 tid=2155045 inv=11 hid=aa636548c65ca6a1 depth=1 name=chip.run.validate ts=7319565541339500 dur=21450 
[mono_ns=7319565541368170][T0xf36e4a0b7020][TIMING] emit_host_span: [STRACE] v=1 pid=2155045 tid=2155045 inv=11 hid=aa636548c65ca6a1 depth=2 name=chip.run.runner_run.device_wall ts=0 dur=84758580 clk=dev
[mono_ns=7319565541376700][T0xf36e4a0b7020][TIMING] emit_host_span: [STRACE] v=1 pid=2155045 tid=2155045 inv=11 hid=aa636548c65ca6a1 depth=3 name=chip.run.runner_run.device_wall.preamble ts=0 dur=6540 clk=dev
[mono_ns=7319565541380450][T0xf36e4a0b7020][TIMING] emit_host_span: [STRACE] v=1 pid=2155045 tid=2155045 inv=11 hid=aa636548c65ca6a1 depth=3 name=chip.run.runner_run.device_wall.graph_build ts=1599 dur=84746680 clk=dev
[mono_ns=7319565541383790][T0xf36e4a0b7020][TIMING] emit_host_span: [STRACE] v=1 pid=2155045 tid=2155045 inv=11 hid=aa636548c65ca6a1 depth=3 name=chip.run.runner_run.device_wall.config_validate ts=1680 dur=500 clk=dev
[mono_ns=7319565541387200][T0xf36e4a0b7020][TIMING] emit_host_span: [STRACE] v=1 pid=2155045 tid=2155045 inv=11 hid=aa636548c65ca6a1 depth=3 name=chip.run.runner_run.device_wall.arena_wire ts=2219 dur=420 clk=dev
[mono_ns=7319565541390420][T0xf36e4a0b7020][TIMING] emit_host_span: [STRACE] v=1 pid=2155045 tid=2155045 inv=11 hid=aa636548c65ca6a1 depth=3 name=chip.run.runner_run.device_wall.sm_reset ts=2660 dur=500 clk=dev
[mono_ns=7319565541393530][T0xf36e4a0b7020][TIMING] emit_host_span: [STRACE] v=1 pid=2155045 tid=2155045 inv=11 hid=aa636548c65ca6a1 depth=3 name=chip.run.runner_run.device_wall.post_orch ts=84748320 dur=10080 clk=dev
[mono_ns=7319565541396450][T0xf36e4a0b7020][TIMING] emit_host_span: [STRACE] v=1 pid=2155045 tid=2155045 inv=11 hid=aa636548c65ca6a1 depth=3 name=chip.run.runner_run.device_wall.orch ts=3199 dur=2260 clk=dev
[mono_ns=7319565541399830][T0xf36e4a0b7020][TIMING] emit_host_span: [STRACE] v=1 pid=2155045 tid=2155045 inv=11 hid=aa636548c65ca6a1 depth=3 name=chip.run.runner_run.device_wall.sched ts=6560 dur=84734519 clk=dev
[mono_ns=7319565541404990][T0xf36e4a0b7020][TIMING] emit_host_span: [STRACE] v=1 pid=2155045 tid=2155045 inv=11 hid=aa636548c65ca6a1 depth=1 name=chip.run.claim_release ts=7319565541402710 dur=310 
[mono_ns=7319565541409700][T0xf36e4a0b7020][TIMING] emit_host_span: [STRACE] v=1 pid=2155045 tid=2155045 inv=11 hid=aa636548c65ca6a1 depth=0 name=chip.run ts=7319565455945897 dur=85461673 run_id=3 dispatch_id=11 slot_id=0 generation=3 run_epoch=11
[mono_ns=7319565542246004][T0xf36e4a0b7020][TIMING] emit_host_span: [STRACE] v=1 pid=2155045 tid=2155045 inv=12 hid=e3bcbf8fce8ee77f depth=2 name=chip.run.bind.args ts=7319565542194013 dur=46931 
[mono_ns=7319565542256754][T0xf36e4a0b7020][TIMING] emit_host_span: [STRACE] v=1 pid=2155045 tid=2155045 inv=12 hid=e3bcbf8fce8ee77f depth=2 name=chip.run.bind.prebuilt ts=7319565542252444 dur=2100 
[mono_ns=7319565542260904][T0xf36e4a0b7020][TIMING] emit_host_span: [STRACE] v=1 pid=2155045 tid=2155045 inv=12 hid=e3bcbf8fce8ee77f depth=1 name=chip.run.bind ts=7319565542186043 dur=72661 
[mono_ns=7319565646879028][T0xf36e4a0b7020][TIMING] emit_host_span: [STRACE] v=1 pid=2155045 tid=2155045 inv=12 hid=e3bcbf8fce8ee77f depth=1 name=chip.run.runner_run ts=7319565542437974 dur=104429594 
[mono_ns=7319565647710602][T0xf36e4a0b7020][TIMING] emit_host_span: [STRACE] v=1 pid=2155045 tid=2155045 inv=12 hid=e3bcbf8fce8ee77f depth=1 name=chip.run.validate ts=7319565646891928 dur=813084 
[mono_ns=7319565647720022][T0xf36e4a0b7020][TIMING] emit_host_span: [STRACE] v=1 pid=2155045 tid=2155045 inv=12 hid=e3bcbf8fce8ee77f depth=2 name=chip.run.runner_run.device_wall ts=0 dur=78040 clk=dev
[mono_ns=7319565647733512][T0xf36e4a0b7020][TIMING] emit_host_span: [STRACE] v=1 pid=2155045 tid=2155045 inv=12 hid=e3bcbf8fce8ee77f depth=3 name=chip.run.runner_run.device_wall.preamble ts=0 dur=6260 clk=dev
[mono_ns=7319565647737032][T0xf36e4a0b7020][TIMING] emit_host_span: [STRACE] v=1 pid=2155045 tid=2155045 inv=12 hid=e3bcbf8fce8ee77f depth=3 name=chip.run.runner_run.device_wall.graph_build ts=1420 dur=65280 clk=dev
[mono_ns=7319565647740582][T0xf36e4a0b7020][TIMING] emit_host_span: [STRACE] v=1 pid=2155045 tid=2155045 inv=12 hid=e3bcbf8fce8ee77f depth=3 name=chip.run.runner_run.device_wall.config_validate ts=1500 dur=480 clk=dev
[mono_ns=7319565647743742][T0xf36e4a0b7020][TIMING] emit_host_span: [STRACE] v=1 pid=2155045 tid=2155045 inv=12 hid=e3bcbf8fce8ee77f depth=3 name=chip.run.runner_run.device_wall.arena_wire ts=2020 dur=240 clk=dev
[mono_ns=7319565647746682][T0xf36e4a0b7020][TIMING] emit_host_span: [STRACE] v=1 pid=2155045 tid=2155045 inv=12 hid=e3bcbf8fce8ee77f depth=3 name=chip.run.runner_run.device_wall.sm_reset ts=2300 dur=459 clk=dev
[mono_ns=7319565647749682][T0xf36e4a0b7020][TIMING] emit_host_span: [STRACE] v=1 pid=2155045 tid=2155045 inv=12 hid=e3bcbf8fce8ee77f depth=3 name=chip.run.runner_run.device_wall.post_orch ts=66740 dur=11180 clk=dev
[mono_ns=7319565647752622][T0xf36e4a0b7020][TIMING] emit_host_span: [STRACE] v=1 pid=2155045 tid=2155045 inv=12 hid=e3bcbf8fce8ee77f depth=3 name=chip.run.runner_run.device_wall.orch ts=3420 dur=3280 clk=dev
[mono_ns=7319565647757542][T0xf36e4a0b7020][TIMING] emit_host_span: [STRACE] v=1 pid=2155045 tid=2155045 inv=12 hid=e3bcbf8fce8ee77f depth=3 name=chip.run.runner_run.device_wall.sched ts=6280 dur=53560 clk=dev
[mono_ns=7319565647763682][T0xf36e4a0b7020][TIMING] emit_host_span: [STRACE] v=1 pid=2155045 tid=2155045 inv=12 hid=e3bcbf8fce8ee77f depth=1 name=chip.run.claim_release ts=7319565647761122 dur=600 
[mono_ns=7319565647769072][T0xf36e4a0b7020][TIMING] emit_host_span: [STRACE] v=1 pid=2155045 tid=2155045 inv=12 hid=e3bcbf8fce8ee77f depth=0 name=chip.run ts=7319565542165903 dur=105601039 run_id=3 dispatch_id=12 slot_id=0 generation=3 run_epoch=12
[mono_ns=7319565651497358][T0xf36e4a0b7020][TIMING] emit_host_span: [STRACE] v=1 pid=2155045 tid=2155045 inv=13 hid=7330127d2e7be9ea depth=2 name=chip.run.bind.args ts=7319565650959746 dur=532452 
[mono_ns=7319565651509168][T0xf36e4a0b7020][TIMING] emit_host_span: [STRACE] v=1 pid=2155045 tid=2155045 inv=13 hid=7330127d2e7be9ea depth=2 name=chip.run.bind.prebuilt ts=7319565651504978 dur=1890 
[mono_ns=7319565651513928][T0xf36e4a0b7020][TIMING] emit_host_span: [STRACE] v=1 pid=2155045 tid=2155045 inv=13 hid=7330127d2e7be9ea depth=1 name=chip.run.bind ts=7319565650953106 dur=558782 
[mono_ns=7319565652546132][T0xf36ced6edca0][WARN] copy_aicore_buffer: [chip_swimlane_collector.cpp:689] Core 0: skipped 1024 AICore record slot(s) with start_time=0 (race-window write or recycled-buffer tail). buf seq=0 count=1024
[mono_ns=7319565652602773][T0xf36cec6cdca0][WARN] copy_aicore_buffer: [chip_swimlane_collector.cpp:689] Core 2: skipped 1024 AICore record slot(s) with start_time=0 (race-window write or recycled-buffer tail). buf seq=0 count=1024
[mono_ns=7319565652616603][T0xf36ceceddca0][WARN] copy_aicore_buffer: [chip_swimlane_collector.cpp:689] Core 1: skipped 1024 AICore record slot(s) with start_time=0 (race-window write or recycled-buffer tail). buf seq=0 count=1024
[mono_ns=7319565652837964][T0xf36ced6edca0][WARN] copy_aicore_buffer: [chip_swimlane_collector.cpp:689] Core 24: skipped 1024 AICore record slot(s) with start_time=0 (race-window write or recycled-buffer tail). buf seq=0 count=1024
[mono_ns=7319565652903704][T0xf36cec6cdca0][WARN] copy_aicore_buffer: [chip_swimlane_collector.cpp:689] Core 28: skipped 1023 AICore record slot(s) with start_time=0 (race-window write or recycled-buffer tail). buf seq=0 count=1024
[mono_ns=7319565652906624][T0xf36ceceddca0][WARN] copy_aicore_buffer: [chip_swimlane_collector.cpp:689] Core 26: skipped 1024 AICore record slot(s) with start_time=0 (race-window write or recycled-buffer tail). buf seq=0 count=1024
[mono_ns=7319565653128095][T0xf36ced6edca0][WARN] copy_aicore_buffer: [chip_swimlane_collector.cpp:689] Core 25: skipped 1024 AICore record slot(s) with start_time=0 (race-window write or recycled-buffer tail). buf seq=0 count=1024
[mono_ns=7319565653195745][T0xf36cec6cdca0][WARN] copy_aicore_buffer: [chip_swimlane_collector.cpp:689] Core 29: skipped 1024 AICore record slot(s) with start_time=0 (race-window write or recycled-buffer tail). buf seq=0 count=1024
[mono_ns=7319565653200215][T0xf36ceceddca0][WARN] copy_aicore_buffer: [chip_swimlane_collector.cpp:689] Core 27: skipped 1024 AICore record slot(s) with start_time=0 (race-window write or recycled-buffer tail). buf seq=0 count=1024
[mono_ns=7319565653406846][T0xf36ced6edca0][WARN] copy_aicore_buffer: [chip_swimlane_collector.cpp:689] Core 3: skipped 1024 AICore record slot(s) with start_time=0 (race-window write or recycled-buffer tail). buf seq=0 count=1024
[mono_ns=7319565653480956][T0xf36ceceddca0][WARN] copy_aicore_buffer: [chip_swimlane_collector.cpp:689] Core 4: skipped 1024 AICore record slot(s) with start_time=0 (race-window write or recycled-buffer tail). buf seq=0 count=1024
[mono_ns=7319565653484066][T0xf36cec6cdca0][WARN] copy_aicore_buffer: [chip_swimlane_collector.cpp:689] Core 5: skipped 1024 AICore record slot(s) with start_time=0 (race-window write or recycled-buffer tail). buf seq=0 count=1024
[mono_ns=7319565653686017][T0xf36ced6edca0][WARN] copy_aicore_buffer: [chip_swimlane_collector.cpp:689] Core 30: skipped 1024 AICore record slot(s) with start_time=0 (race-window write or recycled-buffer tail). buf seq=0 count=1024
[mono_ns=7319565653761907][T0xf36ceceddca0][WARN] copy_aicore_buffer: [chip_swimlane_collector.cpp:689] Core 32: skipped 1024 AICore record slot(s) with start_time=0 (race-window write or recycled-buffer tail). buf seq=0 count=1024
[mono_ns=7319565653770508][T0xf36cec6cdca0][WARN] copy_aicore_buffer: [chip_swimlane_collector.cpp:689] Core 34: skipped 1024 AICore record slot(s) with start_time=0 (race-window write or recycled-buffer tail). buf seq=0 count=1024
[mono_ns=7319565653965738][T0xf36ced6edca0][WARN] copy_aicore_buffer: [chip_swimlane_collector.cpp:689] Core 31: skipped 1024 AICore record slot(s) with start_time=0 (race-window write or recycled-buffer tail). buf seq=0 count=1024
[mono_ns=7319565654065179][T0xf36ceceddca0][WARN] copy_aicore_buffer: [chip_swimlane_collector.cpp:689] Core 33: skipped 1024 AICore record slot(s) with start_time=0 (race-window write or recycled-buffer tail). buf seq=0 count=1024
[mono_ns=7319565654065819][T0xf36cec6cdca0][WARN] copy_aicore_buffer: [chip_swimlane_collector.cpp:689] Core 35: skipped 1024 AICore record slot(s) with start_time=0 (race-window write or recycled-buffer tail). buf seq=0 count=1024
[mono_ns=7319565654265260][T0xf36ced6edca0][WARN] copy_aicore_buffer: [chip_swimlane_collector.cpp:689] Core 6: skipped 1024 AICore record slot(s) with start_time=0 (race-window write or recycled-buffer tail). buf seq=0 count=1024
[mono_ns=7319565654348330][T0xf36ceceddca0][WARN] copy_aicore_buffer: [chip_swimlane_collector.cpp:689] Core 7: skipped 1024 AICore record slot(s) with start_time=0 (race-window write or recycled-buffer tail). buf seq=0 count=1024
[mono_ns=7319565654354740][T0xf36cec6cdca0][WARN] copy_aicore_buffer: [chip_swimlane_collector.cpp:689] Core 8: skipped 1024 AICore record slot(s) with start_time=0 (race-window write or recycled-buffer tail). buf seq=0 count=1024
[mono_ns=7319565654544971][T0xf36ced6edca0][WARN] copy_aicore_buffer: [chip_swimlane_collector.cpp:689] Core 36: skipped 1024 AICore record slot(s) with start_time=0 (race-window write or recycled-buffer tail). buf seq=0 count=1024
[mono_ns=7319565654629261][T0xf36ceceddca0][WARN] copy_aicore_buffer: [chip_swimlane_collector.cpp:689] Core 38: skipped 1024 AICore record slot(s) with start_time=0 (race-window write or recycled-buffer tail). buf seq=0 count=1024
[mono_ns=7319565654638191][T0xf36cec6cdca0][WARN] copy_aicore_buffer: [chip_swimlane_collector.cpp:689] Core 40: skipped 1024 AICore record slot(s) with start_time=0 (race-window write or recycled-buffer tail). buf seq=0 count=1024
[mono_ns=7319565654824462][T0xf36ced6edca0][WARN] copy_aicore_buffer: [chip_swimlane_collector.cpp:689] Core 37: skipped 1024 AICore record slot(s) with start_time=0 (race-window write or recycled-buffer tail). buf seq=0 count=1024
[mono_ns=7319565654909532][T0xf36ceceddca0][WARN] copy_aicore_buffer: [chip_swimlane_collector.cpp:689] Core 39: skipped 1024 AICore record slot(s) with start_time=0 (race-window write or recycled-buffer tail). buf seq=0 count=1024
[mono_ns=7319565654917912][T0xf36cec6cdca0][WARN] copy_aicore_buffer: [chip_swimlane_collector.cpp:689] Core 41: skipped 1024 AICore record slot(s) with start_time=0 (race-window write or recycled-buffer tail). buf seq=0 count=1024
[mono_ns=7319565655110703][T0xf36ced6edca0][WARN] copy_aicore_buffer: [chip_swimlane_collector.cpp:689] Core 9: skipped 1024 AICore record slot(s) with start_time=0 (race-window write or recycled-buffer tail). buf seq=0 count=1024
[mono_ns=7319565655193564][T0xf36ceceddca0][WARN] copy_aicore_buffer: [chip_swimlane_collector.cpp:689] Core 10: skipped 1024 AICore record slot(s) with start_time=0 (race-window write or recycled-buffer tail). buf seq=0 count=1024
[mono_ns=7319565655211334][T0xf36cec6cdca0][WARN] copy_aicore_buffer: [chip_swimlane_collector.cpp:689] Core 11: skipped 1024 AICore record slot(s) with start_time=0 (race-window write or recycled-buffer tail). buf seq=0 count=1024
[mono_ns=7319565655390984][T0xf36ced6edca0][WARN] copy_aicore_buffer: [chip_swimlane_collector.cpp:689] Core 42: skipped 1024 AICore record slot(s) with start_time=0 (race-window write or recycled-buffer tail). buf seq=0 count=1024
[mono_ns=7319565655474105][T0xf36ceceddca0][WARN] copy_aicore_buffer: [chip_swimlane_collector.cpp:689] Core 44: skipped 1024 AICore record slot(s) with start_time=0 (race-window write or recycled-buffer tail). buf seq=0 count=1024
[mono_ns=7319565655499435][T0xf36cec6cdca0][WARN] copy_aicore_buffer: [chip_swimlane_collector.cpp:689] Core 46: skipped 1024 AICore record slot(s) with start_time=0 (race-window write or recycled-buffer tail). buf seq=0 count=1024
[mono_ns=7319565655669516][T0xf36ced6edca0][WARN] copy_aicore_buffer: [chip_swimlane_collector.cpp:689] Core 43: skipped 1024 AICore record slot(s) with start_time=0 (race-window write or recycled-buffer tail). buf seq=0 count=1024
[mono_ns=7319565655755076][T0xf36ceceddca0][WARN] copy_aicore_buffer: [chip_swimlane_collector.cpp:689] Core 45: skipped 1024 AICore record slot(s) with start_time=0 (race-window write or recycled-buffer tail). buf seq=0 count=1024
[mono_ns=7319565655788886][T0xf36cec6cdca0][WARN] copy_aicore_buffer: [chip_swimlane_collector.cpp:689] Core 47: skipped 1024 AICore record slot(s) with start_time=0 (race-window write or recycled-buffer tail). buf seq=0 count=1024
[mono_ns=7319565655947797][T0xf36ced6edca0][WARN] copy_aicore_buffer: [chip_swimlane_collector.cpp:689] Core 12: skipped 1024 AICore record slot(s) with start_time=0 (race-window write or recycled-buffer tail). buf seq=0 count=1024
[mono_ns=7319565656046557][T0xf36ceceddca0][WARN] copy_aicore_buffer: [chip_swimlane_collector.cpp:689] Core 13: skipped 1024 AICore record slot(s) with start_time=0 (race-window write or recycled-buffer tail). buf seq=0 count=1024
[mono_ns=7319565656079597][T0xf36cec6cdca0][WARN] copy_aicore_buffer: [chip_swimlane_collector.cpp:689] Core 14: skipped 1024 AICore record slot(s) with start_time=0 (race-window write or recycled-buffer tail). buf seq=0 count=1024
[mono_ns=7319565656236938][T0xf36ced6edca0][WARN] copy_aicore_buffer: [chip_swimlane_collector.cpp:689] Core 48: skipped 1024 AICore record slot(s) with start_time=0 (race-window write or recycled-buffer tail). buf seq=0 count=1024
[mono_ns=7319565656326548][T0xf36ceceddca0][WARN] copy_aicore_buffer: [chip_swimlane_collector.cpp:689] Core 50: skipped 1024 AICore record slot(s) with start_time=0 (race-window write or recycled-buffer tail). buf seq=0 count=1024
[mono_ns=7319565656366789][T0xf36cec6cdca0][WARN] copy_aicore_buffer: [chip_swimlane_collector.cpp:689] Core 52: skipped 1024 AICore record slot(s) with start_time=0 (race-window write or recycled-buffer tail). buf seq=0 count=1024
[mono_ns=7319565656515509][T0xf36ced6edca0][WARN] copy_aicore_buffer: [chip_swimlane_collector.cpp:689] Core 49: skipped 1024 AICore record slot(s) with start_time=0 (race-window write or recycled-buffer tail). buf seq=0 count=1024
[mono_ns=7319565656606090][T0xf36ceceddca0][WARN] copy_aicore_buffer: [chip_swimlane_collector.cpp:689] Core 51: skipped 1024 AICore record slot(s) with start_time=0 (race-window write or recycled-buffer tail). buf seq=0 count=1024
[mono_ns=7319565656646980][T0xf36cec6cdca0][WARN] copy_aicore_buffer: [chip_swimlane_collector.cpp:689] Core 53: skipped 1024 AICore record slot(s) with start_time=0 (race-window write or recycled-buffer tail). buf seq=0 count=1024
[mono_ns=7319565656793950][T0xf36ced6edca0][WARN] copy_aicore_buffer: [chip_swimlane_collector.cpp:689] Core 15: skipped 1024 AICore record slot(s) with start_time=0 (race-window write or recycled-buffer tail). buf seq=0 count=1024
[mono_ns=7319565656887671][T0xf36ceceddca0][WARN] copy_aicore_buffer: [chip_swimlane_collector.cpp:689] Core 16: skipped 1024 AICore record slot(s) with start_time=0 (race-window write or recycled-buffer tail). buf seq=0 count=1024
[mono_ns=7319565656927731][T0xf36cec6cdca0][WARN] copy_aicore_buffer: [chip_swimlane_collector.cpp:689] Core 17: skipped 1024 AICore record slot(s) with start_time=0 (race-window write or recycled-buffer tail). buf seq=0 count=1024
[mono_ns=7319565657078392][T0xf36ced6edca0][WARN] copy_aicore_buffer: [chip_swimlane_collector.cpp:689] Core 54: skipped 1024 AICore record slot(s) with start_time=0 (race-window write or recycled-buffer tail). buf seq=0 count=1024
[mono_ns=7319565657175502][T0xf36ceceddca0][WARN] copy_aicore_buffer: [chip_swimlane_collector.cpp:689] Core 56: skipped 1024 AICore record slot(s) with start_time=0 (race-window write or recycled-buffer tail). buf seq=0 count=1024
[mono_ns=7319565657213532][T0xf36cec6cdca0][WARN] copy_aicore_buffer: [chip_swimlane_collector.cpp:689] Core 58: skipped 1024 AICore record slot(s) with start_time=0 (race-window write or recycled-buffer tail). buf seq=0 count=1024
[mono_ns=7319565657358163][T0xf36ced6edca0][WARN] copy_aicore_buffer: [chip_swimlane_collector.cpp:689] Core 55: skipped 1024 AICore record slot(s) with start_time=0 (race-window write or recycled-buffer tail). buf seq=0 count=1024
[mono_ns=7319565657455883][T0xf36ceceddca0][WARN] copy_aicore_buffer: [chip_swimlane_collector.cpp:689] Core 57: skipped 1024 AICore record slot(s) with start_time=0 (race-window write or recycled-buffer tail). buf seq=0 count=1024
[mono_ns=7319565657492263][T0xf36cec6cdca0][WARN] copy_aicore_buffer: [chip_swimlane_collector.cpp:689] Core 59: skipped 1024 AICore record slot(s) with start_time=0 (race-window write or recycled-buffer tail). buf seq=0 count=1024
[mono_ns=7319565657636774][T0xf36ced6edca0][WARN] copy_aicore_buffer: [chip_swimlane_collector.cpp:689] Core 18: skipped 1024 AICore record slot(s) with start_time=0 (race-window write or recycled-buffer tail). buf seq=0 count=1024
[mono_ns=7319565657736404][T0xf36ceceddca0][WARN] copy_aicore_buffer: [chip_swimlane_collector.cpp:689] Core 19: skipped 1024 AICore record slot(s) with start_time=0 (race-window write or recycled-buffer tail). buf seq=0 count=1024
[mono_ns=7319565657773455][T0xf36cec6cdca0][WARN] copy_aicore_buffer: [chip_swimlane_collector.cpp:689] Core 20: skipped 1024 AICore record slot(s) with start_time=0 (race-window write or recycled-buffer tail). buf seq=0 count=1024
[mono_ns=7319565657916015][T0xf36ced6edca0][WARN] copy_aicore_buffer: [chip_swimlane_collector.cpp:689] Core 60: skipped 1024 AICore record slot(s) with start_time=0 (race-window write or recycled-buffer tail). buf seq=0 count=1024
[mono_ns=7319565658031436][T0xf36ceceddca0][WARN] copy_aicore_buffer: [chip_swimlane_collector.cpp:689] Core 62: skipped 1024 AICore record slot(s) with start_time=0 (race-window write or recycled-buffer tail). buf seq=0 count=1024
[mono_ns=7319565658064426][T0xf36cec6cdca0][WARN] copy_aicore_buffer: [chip_swimlane_collector.cpp:689] Core 64: skipped 1024 AICore record slot(s) with start_time=0 (race-window write or recycled-buffer tail). buf seq=0 count=1024
[mono_ns=7319565658205366][T0xf36ced6edca0][WARN] copy_aicore_buffer: [chip_swimlane_collector.cpp:689] Core 61: skipped 1024 AICore record slot(s) with start_time=0 (race-window write or recycled-buffer tail). buf seq=0 count=1024
[mono_ns=7319565658311857][T0xf36ceceddca0][WARN] copy_aicore_buffer: [chip_swimlane_collector.cpp:689] Core 63: skipped 1024 AICore record slot(s) with start_time=0 (race-window write or recycled-buffer tail). buf seq=0 count=1024
[mono_ns=7319565658350617][T0xf36cec6cdca0][WARN] copy_aicore_buffer: [chip_swimlane_collector.cpp:689] Core 65: skipped 1024 AICore record slot(s) with start_time=0 (race-window write or recycled-buffer tail). buf seq=0 count=1024
[mono_ns=7319565658487278][T0xf36ced6edca0][WARN] copy_aicore_buffer: [chip_swimlane_collector.cpp:689] Core 21: skipped 1024 AICore record slot(s) with start_time=0 (race-window write or recycled-buffer tail). buf seq=0 count=1024
[mono_ns=7319565658596898][T0xf36ceceddca0][WARN] copy_aicore_buffer: [chip_swimlane_collector.cpp:689] Core 22: skipped 1024 AICore record slot(s) with start_time=0 (race-window write or recycled-buffer tail). buf seq=0 count=1024
[mono_ns=7319565658629548][T0xf36cec6cdca0][WARN] copy_aicore_buffer: [chip_swimlane_collector.cpp:689] Core 23: skipped 1024 AICore record slot(s) with start_time=0 (race-window write or recycled-buffer tail). buf seq=0 count=1024
[mono_ns=7319565658768289][T0xf36ced6edca0][WARN] copy_aicore_buffer: [chip_swimlane_collector.cpp:689] Core 66: skipped 1024 AICore record slot(s) with start_time=0 (race-window write or recycled-buffer tail). buf seq=0 count=1024
[mono_ns=7319565658877799][T0xf36ceceddca0][WARN] copy_aicore_buffer: [chip_swimlane_collector.cpp:689] Core 68: skipped 1024 AICore record slot(s) with start_time=0 (race-window write or recycled-buffer tail). buf seq=0 count=1024
[mono_ns=7319565658909829][T0xf36cec6cdca0][WARN] copy_aicore_buffer: [chip_swimlane_collector.cpp:689] Core 70: skipped 1024 AICore record slot(s) with start_time=0 (race-window write or recycled-buffer tail). buf seq=0 count=1024
[mono_ns=7319565659059350][T0xf36ced6edca0][WARN] copy_aicore_buffer: [chip_swimlane_collector.cpp:689] Core 67: skipped 1024 AICore record slot(s) with start_time=0 (race-window write or recycled-buffer tail). buf seq=0 count=1024
[mono_ns=7319565659168570][T0xf36ceceddca0][WARN] copy_aicore_buffer: [chip_swimlane_collector.cpp:689] Core 69: skipped 1024 AICore record slot(s) with start_time=0 (race-window write or recycled-buffer tail). buf seq=0 count=1024
[mono_ns=7319565659197181][T0xf36cec6cdca0][WARN] copy_aicore_buffer: [chip_swimlane_collector.cpp:689] Core 71: skipped 1024 AICore record slot(s) with start_time=0 (race-window write or recycled-buffer tail). buf seq=0 count=1024
[mono_ns=7319565759786428][T0xf36e4a0b7020][TIMING] emit_host_span: [STRACE] v=1 pid=2155045 tid=2155045 inv=13 hid=7330127d2e7be9ea depth=1 name=chip.run.runner_run ts=7319565651845829 dur=107931009 
[mono_ns=7319565759833058][T0xf36e4a0b7020][TIMING] emit_host_span: [STRACE] v=1 pid=2155045 tid=2155045 inv=13 hid=7330127d2e7be9ea depth=1 name=chip.run.validate ts=7319565759796418 dur=33220 
[mono_ns=7319565759838378][T0xf36e4a0b7020][TIMING] emit_host_span: [STRACE] v=1 pid=2155045 tid=2155045 inv=13 hid=7330127d2e7be9ea depth=2 name=chip.run.runner_run.device_wall ts=0 dur=229900 clk=dev
[mono_ns=7319565759842078][T0xf36e4a0b7020][TIMING] emit_host_span: [STRACE] v=1 pid=2155045 tid=2155045 inv=13 hid=7330127d2e7be9ea depth=3 name=chip.run.runner_run.device_wall.preamble ts=0 dur=114080 clk=dev
[mono_ns=7319565759845648][T0xf36e4a0b7020][TIMING] emit_host_span: [STRACE] v=1 pid=2155045 tid=2155045 inv=13 hid=7330127d2e7be9ea depth=3 name=chip.run.runner_run.device_wall.graph_build ts=108600 dur=109660 clk=dev
[mono_ns=7319565759849098][T0xf36e4a0b7020][TIMING] emit_host_span: [STRACE] v=1 pid=2155045 tid=2155045 inv=13 hid=7330127d2e7be9ea depth=3 name=chip.run.runner_run.device_wall.config_validate ts=108679 dur=560 clk=dev
[mono_ns=7319565759852328][T0xf36e4a0b7020][TIMING] emit_host_span: [STRACE] v=1 pid=2155045 tid=2155045 inv=13 hid=7330127d2e7be9ea depth=3 name=chip.run.runner_run.device_wall.arena_wire ts=109259 dur=240 clk=dev
[mono_ns=7319565759855438][T0xf36e4a0b7020][TIMING] emit_host_span: [STRACE] v=1 pid=2155045 tid=2155045 inv=13 hid=7330127d2e7be9ea depth=3 name=chip.run.runner_run.device_wall.sm_reset ts=109539 dur=600 clk=dev
[mono_ns=7319565759861698][T0xf36e4a0b7020][TIMING] emit_host_span: [STRACE] v=1 pid=2155045 tid=2155045 inv=13 hid=7330127d2e7be9ea depth=3 name=chip.run.runner_run.device_wall.post_orch ts=218320 dur=11480 clk=dev
[mono_ns=7319565759865468][T0xf36e4a0b7020][TIMING] emit_host_span: [STRACE] v=1 pid=2155045 tid=2155045 inv=13 hid=7330127d2e7be9ea depth=3 name=chip.run.runner_run.device_wall.orch ts=110180 dur=1599 clk=dev
[mono_ns=7319565759868638][T0xf36e4a0b7020][TIMING] emit_host_span: [STRACE] v=1 pid=2155045 tid=2155045 inv=13 hid=7330127d2e7be9ea depth=3 name=chip.run.runner_run.device_wall.sched ts=114179 dur=79820 clk=dev
[mono_ns=7319565759873598][T0xf36e4a0b7020][TIMING] emit_host_span: [STRACE] v=1 pid=2155045 tid=2155045 inv=13 hid=7330127d2e7be9ea depth=1 name=chip.run.claim_release ts=7319565759871208 dur=620 
[mono_ns=7319565759878388][T0xf36e4a0b7020][TIMING] emit_host_span: [STRACE] v=1 pid=2155045 tid=2155045 inv=13 hid=7330127d2e7be9ea depth=0 name=chip.run ts=7319565650929585 dur=108946753 run_id=4 dispatch_id=13 slot_id=0 generation=4 run_epoch=13
[mono_ns=7319565760732352][T0xf36e4a0b7020][TIMING] emit_host_span: [STRACE] v=1 pid=2155045 tid=2155045 inv=14 hid=9a0ce7c17a38dab depth=2 name=chip.run.bind.args ts=7319565760660262 dur=67560 
[mono_ns=7319565760745132][T0xf36e4a0b7020][TIMING] emit_host_span: [STRACE] v=1 pid=2155045 tid=2155045 inv=14 hid=9a0ce7c17a38dab depth=2 name=chip.run.bind.prebuilt ts=7319565760739642 dur=2800 
[mono_ns=7319565760754452][T0xf36e4a0b7020][TIMING] emit_host_span: [STRACE] v=1 pid=2155045 tid=2155045 inv=14 hid=9a0ce7c17a38dab depth=1 name=chip.run.bind ts=7319565760652112 dur=99370 
[mono_ns=7319565762165678][T0xf36ced6edca0][WARN] copy_aicore_buffer: [chip_swimlane_collector.cpp:689] Core 0: skipped 1024 AICore record slot(s) with start_time=0 (race-window write or recycled-buffer tail). buf seq=0 count=1024
[mono_ns=7319565762188248][T0xf36cec6cdca0][WARN] copy_aicore_buffer: [chip_swimlane_collector.cpp:689] Core 2: skipped 1024 AICore record slot(s) with start_time=0 (race-window write or recycled-buffer tail). buf seq=0 count=1024
[mono_ns=7319565762197388][T0xf36ceceddca0][WARN] copy_aicore_buffer: [chip_swimlane_collector.cpp:689] Core 1: skipped 1024 AICore record slot(s) with start_time=0 (race-window write or recycled-buffer tail). buf seq=0 count=1024
[mono_ns=7319565762450399][T0xf36ced6edca0][WARN] copy_aicore_buffer: [chip_swimlane_collector.cpp:689] Core 24: skipped 1024 AICore record slot(s) with start_time=0 (race-window write or recycled-buffer tail). buf seq=0 count=1024
[mono_ns=7319565762473279][T0xf36cec6cdca0][WARN] copy_aicore_buffer: [chip_swimlane_collector.cpp:689] Core 28: skipped 1023 AICore record slot(s) with start_time=0 (race-window write or recycled-buffer tail). buf seq=0 count=1024
[mono_ns=7319565762480299][T0xf36ceceddca0][WARN] copy_aicore_buffer: [chip_swimlane_collector.cpp:689] Core 26: skipped 1024 AICore record slot(s) with start_time=0 (race-window write or recycled-buffer tail). buf seq=0 count=1024
[mono_ns=7319565762729251][T0xf36ced6edca0][WARN] copy_aicore_buffer: [chip_swimlane_collector.cpp:689] Core 25: skipped 1024 AICore record slot(s) with start_time=0 (race-window write or recycled-buffer tail). buf seq=0 count=1024
[mono_ns=7319565762758211][T0xf36cec6cdca0][WARN] copy_aicore_buffer: [chip_swimlane_collector.cpp:689] Core 29: skipped 1024 AICore record slot(s) with start_time=0 (race-window write or recycled-buffer tail). buf seq=0 count=1024
[mono_ns=7319565762761681][T0xf36ceceddca0][WARN] copy_aicore_buffer: [chip_swimlane_collector.cpp:689] Core 27: skipped 1024 AICore record slot(s) with start_time=0 (race-window write or recycled-buffer tail). buf seq=0 count=1024
[mono_ns=7319565763019632][T0xf36ced6edca0][WARN] copy_aicore_buffer: [chip_swimlane_collector.cpp:689] Core 3: skipped 1024 AICore record slot(s) with start_time=0 (race-window write or recycled-buffer tail). buf seq=0 count=1024
[mono_ns=7319565763047742][T0xf36cec6cdca0][WARN] copy_aicore_buffer: [chip_swimlane_collector.cpp:689] Core 5: skipped 1024 AICore record slot(s) with start_time=0 (race-window write or recycled-buffer tail). buf seq=0 count=1024
[mono_ns=7319565763063342][T0xf36ceceddca0][WARN] copy_aicore_buffer: [chip_swimlane_collector.cpp:689] Core 4: skipped 1024 AICore record slot(s) with start_time=0 (race-window write or recycled-buffer tail). buf seq=0 count=1024
[mono_ns=7319565763297343][T0xf36ced6edca0][WARN] copy_aicore_buffer: [chip_swimlane_collector.cpp:689] Core 30: skipped 1024 AICore record slot(s) with start_time=0 (race-window write or recycled-buffer tail). buf seq=0 count=1024
[mono_ns=7319565763328433][T0xf36cec6cdca0][WARN] copy_aicore_buffer: [chip_swimlane_collector.cpp:689] Core 34: skipped 1024 AICore record slot(s) with start_time=0 (race-window write or recycled-buffer tail). buf seq=0 count=1024
[mono_ns=7319565763345923][T0xf36ceceddca0][WARN] copy_aicore_buffer: [chip_swimlane_collector.cpp:689] Core 32: skipped 1024 AICore record slot(s) with start_time=0 (race-window write or recycled-buffer tail). buf seq=0 count=1024
[mono_ns=7319565763577094][T0xf36ced6edca0][WARN] copy_aicore_buffer: [chip_swimlane_collector.cpp:689] Core 31: skipped 1024 AICore record slot(s) with start_time=0 (race-window write or recycled-buffer tail). buf seq=0 count=1024
[mono_ns=7319565763608784][T0xf36cec6cdca0][WARN] copy_aicore_buffer: [chip_swimlane_collector.cpp:689] Core 35: skipped 1024 AICore record slot(s) with start_time=0 (race-window write or recycled-buffer tail). buf seq=0 count=1024
[mono_ns=7319565763626804][T0xf36ceceddca0][WARN] copy_aicore_buffer: [chip_swimlane_collector.cpp:689] Core 33: skipped 1024 AICore record slot(s) with start_time=0 (race-window write or recycled-buffer tail). buf seq=0 count=1024
[mono_ns=7319565763855445][T0xf36ced6edca0][WARN] copy_aicore_buffer: [chip_swimlane_collector.cpp:689] Core 6: skipped 1024 AICore record slot(s) with start_time=0 (race-window write or recycled-buffer tail). buf seq=0 count=1024
[mono_ns=7319565763889755][T0xf36cec6cdca0][WARN] copy_aicore_buffer: [chip_swimlane_collector.cpp:689] Core 8: skipped 1024 AICore record slot(s) with start_time=0 (race-window write or recycled-buffer tail). buf seq=0 count=1024
[mono_ns=7319565763907116][T0xf36ceceddca0][WARN] copy_aicore_buffer: [chip_swimlane_collector.cpp:689] Core 7: skipped 1024 AICore record slot(s) with start_time=0 (race-window write or recycled-buffer tail). buf seq=0 count=1024
[mono_ns=7319565764145917][T0xf36ced6edca0][WARN] copy_aicore_buffer: [chip_swimlane_collector.cpp:689] Core 36: skipped 1024 AICore record slot(s) with start_time=0 (race-window write or recycled-buffer tail). buf seq=0 count=1024
[mono_ns=7319565764173907][T0xf36cec6cdca0][WARN] copy_aicore_buffer: [chip_swimlane_collector.cpp:689] Core 40: skipped 1024 AICore record slot(s) with start_time=0 (race-window write or recycled-buffer tail). buf seq=0 count=1024
[mono_ns=7319565764199597][T0xf36ceceddca0][WARN] copy_aicore_buffer: [chip_swimlane_collector.cpp:689] Core 38: skipped 1024 AICore record slot(s) with start_time=0 (race-window write or recycled-buffer tail). buf seq=0 count=1024
[mono_ns=7319565764424658][T0xf36ced6edca0][WARN] copy_aicore_buffer: [chip_swimlane_collector.cpp:689] Core 37: skipped 1024 AICore record slot(s) with start_time=0 (race-window write or recycled-buffer tail). buf seq=0 count=1024
[mono_ns=7319565764453748][T0xf36cec6cdca0][WARN] copy_aicore_buffer: [chip_swimlane_collector.cpp:689] Core 41: skipped 1024 AICore record slot(s) with start_time=0 (race-window write or recycled-buffer tail). buf seq=0 count=1024
[mono_ns=7319565764481538][T0xf36ceceddca0][WARN] copy_aicore_buffer: [chip_swimlane_collector.cpp:689] Core 39: skipped 1024 AICore record slot(s) with start_time=0 (race-window write or recycled-buffer tail). buf seq=0 count=1024
[mono_ns=7319565764701939][T0xf36ced6edca0][WARN] copy_aicore_buffer: [chip_swimlane_collector.cpp:689] Core 9: skipped 1024 AICore record slot(s) with start_time=0 (race-window write or recycled-buffer tail). buf seq=0 count=1024
[mono_ns=7319565764732079][T0xf36cec6cdca0][WARN] copy_aicore_buffer: [chip_swimlane_collector.cpp:689] Core 11: skipped 1024 AICore record slot(s) with start_time=0 (race-window write or recycled-buffer tail). buf seq=0 count=1024
[mono_ns=7319565764762659][T0xf36ceceddca0][WARN] copy_aicore_buffer: [chip_swimlane_collector.cpp:689] Core 10: skipped 1024 AICore record slot(s) with start_time=0 (race-window write or recycled-buffer tail). buf seq=0 count=1024
[mono_ns=7319565764979260][T0xf36ced6edca0][WARN] copy_aicore_buffer: [chip_swimlane_collector.cpp:689] Core 42: skipped 1024 AICore record slot(s) with start_time=0 (race-window write or recycled-buffer tail). buf seq=0 count=1024
[mono_ns=7319565765022010][T0xf36cec6cdca0][WARN] copy_aicore_buffer: [chip_swimlane_collector.cpp:689] Core 46: skipped 1024 AICore record slot(s) with start_time=0 (race-window write or recycled-buffer tail). buf seq=0 count=1024
[mono_ns=7319565765055600][T0xf36ceceddca0][WARN] copy_aicore_buffer: [chip_swimlane_collector.cpp:689] Core 44: skipped 1024 AICore record slot(s) with start_time=0 (race-window write or recycled-buffer tail). buf seq=0 count=1024
[mono_ns=7319565765266231][T0xf36ced6edca0][WARN] copy_aicore_buffer: [chip_swimlane_collector.cpp:689] Core 43: skipped 1024 AICore record slot(s) with start_time=0 (race-window write or recycled-buffer tail). buf seq=0 count=1024
[mono_ns=7319565765300921][T0xf36cec6cdca0][WARN] copy_aicore_buffer: [chip_swimlane_collector.cpp:689] Core 47: skipped 1024 AICore record slot(s) with start_time=0 (race-window write or recycled-buffer tail). buf seq=0 count=1024
[mono_ns=7319565765336382][T0xf36ceceddca0][WARN] copy_aicore_buffer: [chip_swimlane_collector.cpp:689] Core 45: skipped 1024 AICore record slot(s) with start_time=0 (race-window write or recycled-buffer tail). buf seq=0 count=1024
[mono_ns=7319565765544202][T0xf36ced6edca0][WARN] copy_aicore_buffer: [chip_swimlane_collector.cpp:689] Core 12: skipped 1024 AICore record slot(s) with start_time=0 (race-window write or recycled-buffer tail). buf seq=0 count=1024
[mono_ns=7319565765579873][T0xf36cec6cdca0][WARN] copy_aicore_buffer: [chip_swimlane_collector.cpp:689] Core 14: skipped 1024 AICore record slot(s) with start_time=0 (race-window write or recycled-buffer tail). buf seq=0 count=1024
[mono_ns=7319565765617213][T0xf36ceceddca0][WARN] copy_aicore_buffer: [chip_swimlane_collector.cpp:689] Core 13: skipped 1024 AICore record slot(s) with start_time=0 (race-window write or recycled-buffer tail). buf seq=0 count=1024
[mono_ns=7319565765822644][T0xf36ced6edca0][WARN] copy_aicore_buffer: [chip_swimlane_collector.cpp:689] Core 48: skipped 1024 AICore record slot(s) with start_time=0 (race-window write or recycled-buffer tail). buf seq=0 count=1024
[mono_ns=7319565765865974][T0xf36cec6cdca0][WARN] copy_aicore_buffer: [chip_swimlane_collector.cpp:689] Core 52: skipped 1024 AICore record slot(s) with start_time=0 (race-window write or recycled-buffer tail). buf seq=0 count=1024
[mono_ns=7319565765898124][T0xf36ceceddca0][WARN] copy_aicore_buffer: [chip_swimlane_collector.cpp:689] Core 50: skipped 1024 AICore record slot(s) with start_time=0 (race-window write or recycled-buffer tail). buf seq=0 count=1024
[mono_ns=7319565766113325][T0xf36ced6edca0][WARN] copy_aicore_buffer: [chip_swimlane_collector.cpp:689] Core 49: skipped 1024 AICore record slot(s) with start_time=0 (race-window write or recycled-buffer tail). buf seq=0 count=1024
[mono_ns=7319565766158065][T0xf36cec6cdca0][WARN] copy_aicore_buffer: [chip_swimlane_collector.cpp:689] Core 53: skipped 1024 AICore record slot(s) with start_time=0 (race-window write or recycled-buffer tail). buf seq=0 count=1024
[mono_ns=7319565766191135][T0xf36ceceddca0][WARN] copy_aicore_buffer: [chip_swimlane_collector.cpp:689] Core 51: skipped 1024 AICore record slot(s) with start_time=0 (race-window write or recycled-buffer tail). buf seq=0 count=1024
[mono_ns=7319565766391616][T0xf36ced6edca0][WARN] copy_aicore_buffer: [chip_swimlane_collector.cpp:689] Core 15: skipped 1023 AICore record slot(s) with start_time=0 (race-window write or recycled-buffer tail). buf seq=0 count=1024
[mono_ns=7319565766438096][T0xf36cec6cdca0][WARN] copy_aicore_buffer: [chip_swimlane_collector.cpp:689] Core 17: skipped 1024 AICore record slot(s) with start_time=0 (race-window write or recycled-buffer tail). buf seq=0 count=1024
[mono_ns=7319565766471746][T0xf36ceceddca0][WARN] copy_aicore_buffer: [chip_swimlane_collector.cpp:689] Core 16: skipped 1024 AICore record slot(s) with start_time=0 (race-window write or recycled-buffer tail). buf seq=0 count=1024
[mono_ns=7319565766670007][T0xf36ced6edca0][WARN] copy_aicore_buffer: [chip_swimlane_collector.cpp:689] Core 54: skipped 1024 AICore record slot(s) with start_time=0 (race-window write or recycled-buffer tail). buf seq=0 count=1024
[mono_ns=7319565766716837][T0xf36cec6cdca0][WARN] copy_aicore_buffer: [chip_swimlane_collector.cpp:689] Core 58: skipped 1024 AICore record slot(s) with start_time=0 (race-window write or recycled-buffer tail). buf seq=0 count=1024
[mono_ns=7319565766751488][T0xf36ceceddca0][WARN] copy_aicore_buffer: [chip_swimlane_collector.cpp:689] Core 56: skipped 1024 AICore record slot(s) with start_time=0 (race-window write or recycled-buffer tail). buf seq=0 count=1024
[mono_ns=7319565766949068][T0xf36ced6edca0][WARN] copy_aicore_buffer: [chip_swimlane_collector.cpp:689] Core 55: skipped 1024 AICore record slot(s) with start_time=0 (race-window write or recycled-buffer tail). buf seq=0 count=1024
[mono_ns=7319565766997199][T0xf36cec6cdca0][WARN] copy_aicore_buffer: [chip_swimlane_collector.cpp:689] Core 59: skipped 1024 AICore record slot(s) with start_time=0 (race-window write or recycled-buffer tail). buf seq=0 count=1024
[mono_ns=7319565767044079][T0xf36ceceddca0][WARN] copy_aicore_buffer: [chip_swimlane_collector.cpp:689] Core 57: skipped 1024 AICore record slot(s) with start_time=0 (race-window write or recycled-buffer tail). buf seq=0 count=1024
[mono_ns=7319565767233360][T0xf36ced6edca0][WARN] copy_aicore_buffer: [chip_swimlane_collector.cpp:689] Core 18: skipped 1024 AICore record slot(s) with start_time=0 (race-window write or recycled-buffer tail). buf seq=0 count=1024
[mono_ns=7319565767289180][T0xf36cec6cdca0][WARN] copy_aicore_buffer: [chip_swimlane_collector.cpp:689] Core 20: skipped 1024 AICore record slot(s) with start_time=0 (race-window write or recycled-buffer tail). buf seq=0 count=1024
[mono_ns=7319565767323210][T0xf36ceceddca0][WARN] copy_aicore_buffer: [chip_swimlane_collector.cpp:689] Core 19: skipped 1024 AICore record slot(s) with start_time=0 (race-window write or recycled-buffer tail). buf seq=0 count=1024
[mono_ns=7319565767514111][T0xf36ced6edca0][WARN] copy_aicore_buffer: [chip_swimlane_collector.cpp:689] Core 60: skipped 1024 AICore record slot(s) with start_time=0 (race-window write or recycled-buffer tail). buf seq=0 count=1024
[mono_ns=7319565767567851][T0xf36cec6cdca0][WARN] copy_aicore_buffer: [chip_swimlane_collector.cpp:689] Core 64: skipped 1024 AICore record slot(s) with start_time=0 (race-window write or recycled-buffer tail). buf seq=0 count=1024
[mono_ns=7319565767603701][T0xf36ceceddca0][WARN] copy_aicore_buffer: [chip_swimlane_collector.cpp:689] Core 62: skipped 1024 AICore record slot(s) with start_time=0 (race-window write or recycled-buffer tail). buf seq=0 count=1024
[mono_ns=7319565767792332][T0xf36ced6edca0][WARN] copy_aicore_buffer: [chip_swimlane_collector.cpp:689] Core 61: skipped 1024 AICore record slot(s) with start_time=0 (race-window write or recycled-buffer tail). buf seq=0 count=1024
[mono_ns=7319565767846992][T0xf36cec6cdca0][WARN] copy_aicore_buffer: [chip_swimlane_collector.cpp:689] Core 65: skipped 1024 AICore record slot(s) with start_time=0 (race-window write or recycled-buffer tail). buf seq=0 count=1024
[mono_ns=7319565767884212][T0xf36ceceddca0][WARN] copy_aicore_buffer: [chip_swimlane_collector.cpp:689] Core 63: skipped 1024 AICore record slot(s) with start_time=0 (race-window write or recycled-buffer tail). buf seq=0 count=1024
[mono_ns=7319565768081323][T0xf36ced6edca0][WARN] copy_aicore_buffer: [chip_swimlane_collector.cpp:689] Core 21: skipped 1024 AICore record slot(s) with start_time=0 (race-window write or recycled-buffer tail). buf seq=0 count=1024
[mono_ns=7319565768130833][T0xf36cec6cdca0][WARN] copy_aicore_buffer: [chip_swimlane_collector.cpp:689] Core 23: skipped 1024 AICore record slot(s) with start_time=0 (race-window write or recycled-buffer tail). buf seq=0 count=1024
[mono_ns=7319565768171694][T0xf36ceceddca0][WARN] copy_aicore_buffer: [chip_swimlane_collector.cpp:689] Core 22: skipped 1024 AICore record slot(s) with start_time=0 (race-window write or recycled-buffer tail). buf seq=0 count=1024
[mono_ns=7319565768359844][T0xf36ced6edca0][WARN] copy_aicore_buffer: [chip_swimlane_collector.cpp:689] Core 66: skipped 1024 AICore record slot(s) with start_time=0 (race-window write or recycled-buffer tail). buf seq=0 count=1024
[mono_ns=7319565768410155][T0xf36cec6cdca0][WARN] copy_aicore_buffer: [chip_swimlane_collector.cpp:689] Core 70: skipped 1024 AICore record slot(s) with start_time=0 (race-window write or recycled-buffer tail). buf seq=0 count=1024
[mono_ns=7319565768451505][T0xf36ceceddca0][WARN] copy_aicore_buffer: [chip_swimlane_collector.cpp:689] Core 68: skipped 1024 AICore record slot(s) with start_time=0 (race-window write or recycled-buffer tail). buf seq=0 count=1024
[mono_ns=7319565768637106][T0xf36ced6edca0][WARN] copy_aicore_buffer: [chip_swimlane_collector.cpp:689] Core 67: skipped 1024 AICore record slot(s) with start_time=0 (race-window write or recycled-buffer tail). buf seq=0 count=1024
[mono_ns=7319565768690166][T0xf36cec6cdca0][WARN] copy_aicore_buffer: [chip_swimlane_collector.cpp:689] Core 71: skipped 1024 AICore record slot(s) with start_time=0 (race-window write or recycled-buffer tail). buf seq=0 count=1024
[mono_ns=7319565768737066][T0xf36ceceddca0][WARN] copy_aicore_buffer: [chip_swimlane_collector.cpp:689] Core 69: skipped 1024 AICore record slot(s) with start_time=0 (race-window write or recycled-buffer tail). buf seq=0 count=1024
[mono_ns=7319565869269573][T0xf36e4a0b7020][TIMING] emit_host_span: [STRACE] v=1 pid=2155045 tid=2155045 inv=14 hid=9a0ce7c17a38dab depth=1 name=chip.run.runner_run ts=7319565760990993 dur=108269390 
[mono_ns=7319565869311573][T0xf36e4a0b7020][TIMING] emit_host_span: [STRACE] v=1 pid=2155045 tid=2155045 inv=14 hid=9a0ce7c17a38dab depth=1 name=chip.run.validate ts=7319565869281783 dur=26310 
[mono_ns=7319565869316763][T0xf36e4a0b7020][TIMING] emit_host_span: [STRACE] v=1 pid=2155045 tid=2155045 inv=14 hid=9a0ce7c17a38dab depth=2 name=chip.run.runner_run.device_wall ts=0 dur=718760 clk=dev
[mono_ns=7319565869320913][T0xf36e4a0b7020][TIMING] emit_host_span: [STRACE] v=1 pid=2155045 tid=2155045 inv=14 hid=9a0ce7c17a38dab depth=3 name=chip.run.runner_run.device_wall.preamble ts=0 dur=682520 clk=dev
[mono_ns=7319565869324273][T0xf36e4a0b7020][TIMING] emit_host_span: [STRACE] v=1 pid=2155045 tid=2155045 inv=14 hid=9a0ce7c17a38dab depth=3 name=chip.run.runner_run.device_wall.graph_build ts=678320 dur=29160 clk=dev
[mono_ns=7319565869334983][T0xf36e4a0b7020][TIMING] emit_host_span: [STRACE] v=1 pid=2155045 tid=2155045 inv=14 hid=9a0ce7c17a38dab depth=3 name=chip.run.runner_run.device_wall.config_validate ts=678400 dur=660 clk=dev
[mono_ns=7319565869338093][T0xf36e4a0b7020][TIMING] emit_host_span: [STRACE] v=1 pid=2155045 tid=2155045 inv=14 hid=9a0ce7c17a38dab depth=3 name=chip.run.runner_run.device_wall.arena_wire ts=679079 dur=260 clk=dev
[mono_ns=7319565869342104][T0xf36e4a0b7020][TIMING] emit_host_span: [STRACE] v=1 pid=2155045 tid=2155045 inv=14 hid=9a0ce7c17a38dab depth=3 name=chip.run.runner_run.device_wall.sm_reset ts=679359 dur=660 clk=dev
[mono_ns=7319565869345434][T0xf36e4a0b7020][TIMING] emit_host_span: [STRACE] v=1 pid=2155045 tid=2155045 inv=14 hid=9a0ce7c17a38dab depth=3 name=chip.run.runner_run.device_wall.post_orch ts=707520 dur=10760 clk=dev
[mono_ns=7319565869348524][T0xf36e4a0b7020][TIMING] emit_host_span: [STRACE] v=1 pid=2155045 tid=2155045 inv=14 hid=9a0ce7c17a38dab depth=3 name=chip.run.runner_run.device_wall.orch ts=680060 dur=1640 clk=dev
[mono_ns=7319565869351704][T0xf36e4a0b7020][TIMING] emit_host_span: [STRACE] v=1 pid=2155045 tid=2155045 inv=14 hid=9a0ce7c17a38dab depth=3 name=chip.run.runner_run.device_wall.sched ts=682660 dur=6520 clk=dev
[mono_ns=7319565869356964][T0xf36e4a0b7020][TIMING] emit_host_span: [STRACE] v=1 pid=2155045 tid=2155045 inv=14 hid=9a0ce7c17a38dab depth=1 name=chip.run.claim_release ts=7319565869354724 dur=470 
[mono_ns=7319565869362004][T0xf36e4a0b7020][TIMING] emit_host_span: [STRACE] v=1 pid=2155045 tid=2155045 inv=14 hid=9a0ce7c17a38dab depth=0 name=chip.run ts=7319565760619562 dur=108740422 run_id=4 dispatch_id=14 slot_id=0 generation=4 run_epoch=14
[mono_ns=7319565869756865][T0xf36e4a0b7020][TIMING] emit_host_span: [STRACE] v=1 pid=2155045 tid=2155045 inv=15 hid=aa636548c65ca6a1 depth=2 name=chip.run.bind.args ts=7319565869713815 dur=38810 
[mono_ns=7319565869770215][T0xf36e4a0b7020][TIMING] emit_host_span: [STRACE] v=1 pid=2155045 tid=2155045 inv=15 hid=aa636548c65ca6a1 depth=2 name=chip.run.bind.prebuilt ts=7319565869763875 dur=4110 
[mono_ns=7319565869774655][T0xf36e4a0b7020][TIMING] emit_host_span: [STRACE] v=1 pid=2155045 tid=2155045 inv=15 hid=aa636548c65ca6a1 depth=1 name=chip.run.bind ts=7319565869703555 dur=68990 
[mono_ns=7319565882201668][T0xf36e4a0b7020][TIMING] emit_host_span: [STRACE] v=1 pid=2155045 tid=2155045 inv=15 hid=aa636548c65ca6a1 depth=1 name=chip.run.runner_run ts=7319565869976366 dur=12220202 
[mono_ns=7319565882230328][T0xf36e4a0b7020][TIMING] emit_host_span: [STRACE] v=1 pid=2155045 tid=2155045 inv=15 hid=aa636548c65ca6a1 depth=1 name=chip.run.validate ts=7319565882207608 dur=19620 
[mono_ns=7319565882234558][T0xf36e4a0b7020][TIMING] emit_host_span: [STRACE] v=1 pid=2155045 tid=2155045 inv=15 hid=aa636548c65ca6a1 depth=2 name=chip.run.runner_run.device_wall ts=0 dur=11975859 clk=dev
[mono_ns=7319565882238188][T0xf36e4a0b7020][TIMING] emit_host_span: [STRACE] v=1 pid=2155045 tid=2155045 inv=15 hid=aa636548c65ca6a1 depth=3 name=chip.run.runner_run.device_wall.preamble ts=0 dur=6120 clk=dev
[mono_ns=7319565882245868][T0xf36e4a0b7020][TIMING] emit_host_span: [STRACE] v=1 pid=2155045 tid=2155045 inv=15 hid=aa636548c65ca6a1 depth=3 name=chip.run.runner_run.device_wall.graph_build ts=1240 dur=11963820 clk=dev
[mono_ns=7319565882249028][T0xf36e4a0b7020][TIMING] emit_host_span: [STRACE] v=1 pid=2155045 tid=2155045 inv=15 hid=aa636548c65ca6a1 depth=3 name=chip.run.runner_run.device_wall.config_validate ts=1340 dur=480 clk=dev
[mono_ns=7319565882252138][T0xf36e4a0b7020][TIMING] emit_host_span: [STRACE] v=1 pid=2155045 tid=2155045 inv=15 hid=aa636548c65ca6a1 depth=3 name=chip.run.runner_run.device_wall.arena_wire ts=1880 dur=260 clk=dev
[mono_ns=7319565882255878][T0xf36e4a0b7020][TIMING] emit_host_span: [STRACE] v=1 pid=2155045 tid=2155045 inv=15 hid=aa636548c65ca6a1 depth=3 name=chip.run.runner_run.device_wall.sm_reset ts=2160 dur=440 clk=dev
[mono_ns=7319565882258878][T0xf36e4a0b7020][TIMING] emit_host_span: [STRACE] v=1 pid=2155045 tid=2155045 inv=15 hid=aa636548c65ca6a1 depth=3 name=chip.run.runner_run.device_wall.post_orch ts=11965099 dur=10620 clk=dev
[mono_ns=7319565882262168][T0xf36e4a0b7020][TIMING] emit_host_span: [STRACE] v=1 pid=2155045 tid=2155045 inv=15 hid=aa636548c65ca6a1 depth=3 name=chip.run.runner_run.device_wall.orch ts=2620 dur=1420 clk=dev
[mono_ns=7319565882265118][T0xf36e4a0b7020][TIMING] emit_host_span: [STRACE] v=1 pid=2155045 tid=2155045 inv=15 hid=aa636548c65ca6a1 depth=3 name=chip.run.runner_run.device_wall.sched ts=6160 dur=11951480 clk=dev
[mono_ns=7319565882269098][T0xf36e4a0b7020][TIMING] emit_host_span: [STRACE] v=1 pid=2155045 tid=2155045 inv=15 hid=aa636548c65ca6a1 depth=1 name=chip.run.claim_release ts=7319565882266938 dur=390 
[mono_ns=7319565882274748][T0xf36e4a0b7020][TIMING] emit_host_span: [STRACE] v=1 pid=2155045 tid=2155045 inv=15 hid=aa636548c65ca6a1 depth=0 name=chip.run ts=7319565869666905 dur=12605843 run_id=4 dispatch_id=15 slot_id=0 generation=4 run_epoch=15
[mono_ns=7319565883058252][T0xf36e4a0b7020][TIMING] emit_host_span: [STRACE] v=1 pid=2155045 tid=2155045 inv=16 hid=e3bcbf8fce8ee77f depth=2 name=chip.run.bind.args ts=7319565882994822 dur=58580 
[mono_ns=7319565883070422][T0xf36e4a0b7020][TIMING] emit_host_span: [STRACE] v=1 pid=2155045 tid=2155045 inv=16 hid=e3bcbf8fce8ee77f depth=2 name=chip.run.bind.prebuilt ts=7319565883066222 dur=1850 
[mono_ns=7319565883074352][T0xf36e4a0b7020][TIMING] emit_host_span: [STRACE] v=1 pid=2155045 tid=2155045 inv=16 hid=e3bcbf8fce8ee77f depth=1 name=chip.run.bind ts=7319565882988782 dur=83560 
[mono_ns=7319565884387817][T0xf36ced6edca0][WARN] copy_aicore_buffer: [chip_swimlane_collector.cpp:689] Core 0: skipped 1024 AICore record slot(s) with start_time=0 (race-window write or recycled-buffer tail). buf seq=0 count=1024
[mono_ns=7319565884387357][T0xf36cec6cdca0][WARN] copy_aicore_buffer: [chip_swimlane_collector.cpp:689] Core 2: skipped 1024 AICore record slot(s) with start_time=0 (race-window write or recycled-buffer tail). buf seq=0 count=1024
[mono_ns=7319565884392937][T0xf36ceceddca0][WARN] copy_aicore_buffer: [chip_swimlane_collector.cpp:689] Core 1: skipped 1024 AICore record slot(s) with start_time=0 (race-window write or recycled-buffer tail). buf seq=0 count=1024
[mono_ns=7319565884671099][T0xf36ced6edca0][WARN] copy_aicore_buffer: [chip_swimlane_collector.cpp:689] Core 24: skipped 1024 AICore record slot(s) with start_time=0 (race-window write or recycled-buffer tail). buf seq=0 count=1024
[mono_ns=7319565884674279][T0xf36cec6cdca0][WARN] copy_aicore_buffer: [chip_swimlane_collector.cpp:689] Core 28: skipped 1024 AICore record slot(s) with start_time=0 (race-window write or recycled-buffer tail). buf seq=0 count=1024
[mono_ns=7319565884678139][T0xf36ceceddca0][WARN] copy_aicore_buffer: [chip_swimlane_collector.cpp:689] Core 26: skipped 1023 AICore record slot(s) with start_time=0 (race-window write or recycled-buffer tail). buf seq=0 count=1024
[mono_ns=7319565884948720][T0xf36ced6edca0][WARN] copy_aicore_buffer: [chip_swimlane_collector.cpp:689] Core 25: skipped 1024 AICore record slot(s) with start_time=0 (race-window write or recycled-buffer tail). buf seq=0 count=1024
[mono_ns=7319565884953330][T0xf36cec6cdca0][WARN] copy_aicore_buffer: [chip_swimlane_collector.cpp:689] Core 29: skipped 1024 AICore record slot(s) with start_time=0 (race-window write or recycled-buffer tail). buf seq=0 count=1024
[mono_ns=7319565884958410][T0xf36ceceddca0][WARN] copy_aicore_buffer: [chip_swimlane_collector.cpp:689] Core 27: skipped 1024 AICore record slot(s) with start_time=0 (race-window write or recycled-buffer tail). buf seq=0 count=1024
[mono_ns=7319565885241191][T0xf36ced6edca0][WARN] copy_aicore_buffer: [chip_swimlane_collector.cpp:689] Core 3: skipped 1024 AICore record slot(s) with start_time=0 (race-window write or recycled-buffer tail). buf seq=0 count=1024
[mono_ns=7319565885246241][T0xf36cec6cdca0][WARN] copy_aicore_buffer: [chip_swimlane_collector.cpp:689] Core 5: skipped 1024 AICore record slot(s) with start_time=0 (race-window write or recycled-buffer tail). buf seq=0 count=1024
[mono_ns=7319565885261771][T0xf36ceceddca0][WARN] copy_aicore_buffer: [chip_swimlane_collector.cpp:689] Core 4: skipped 1024 AICore record slot(s) with start_time=0 (race-window write or recycled-buffer tail). buf seq=0 count=1024
[mono_ns=7319565885521992][T0xf36ced6edca0][WARN] copy_aicore_buffer: [chip_swimlane_collector.cpp:689] Core 30: skipped 1024 AICore record slot(s) with start_time=0 (race-window write or recycled-buffer tail). buf seq=0 count=1024
[mono_ns=7319565885526282][T0xf36cec6cdca0][WARN] copy_aicore_buffer: [chip_swimlane_collector.cpp:689] Core 34: skipped 1024 AICore record slot(s) with start_time=0 (race-window write or recycled-buffer tail). buf seq=0 count=1024
[mono_ns=7319565885545372][T0xf36ceceddca0][WARN] copy_aicore_buffer: [chip_swimlane_collector.cpp:689] Core 32: skipped 1024 AICore record slot(s) with start_time=0 (race-window write or recycled-buffer tail). buf seq=0 count=1024
[mono_ns=7319565885801233][T0xf36ced6edca0][WARN] copy_aicore_buffer: [chip_swimlane_collector.cpp:689] Core 31: skipped 1024 AICore record slot(s) with start_time=0 (race-window write or recycled-buffer tail). buf seq=0 count=1024
[mono_ns=7319565885804303][T0xf36cec6cdca0][WARN] copy_aicore_buffer: [chip_swimlane_collector.cpp:689] Core 35: skipped 1024 AICore record slot(s) with start_time=0 (race-window write or recycled-buffer tail). buf seq=0 count=1024
[mono_ns=7319565885826324][T0xf36ceceddca0][WARN] copy_aicore_buffer: [chip_swimlane_collector.cpp:689] Core 33: skipped 1024 AICore record slot(s) with start_time=0 (race-window write or recycled-buffer tail). buf seq=0 count=1024
[mono_ns=7319565886094065][T0xf36cec6cdca0][WARN] copy_aicore_buffer: [chip_swimlane_collector.cpp:689] Core 8: skipped 1024 AICore record slot(s) with start_time=0 (race-window write or recycled-buffer tail). buf seq=0 count=1024
[mono_ns=7319565886097695][T0xf36ced6edca0][WARN] copy_aicore_buffer: [chip_swimlane_collector.cpp:689] Core 6: skipped 1024 AICore record slot(s) with start_time=0 (race-window write or recycled-buffer tail). buf seq=0 count=1024
[mono_ns=7319565886122995][T0xf36ceceddca0][WARN] copy_aicore_buffer: [chip_swimlane_collector.cpp:689] Core 7: skipped 1024 AICore record slot(s) with start_time=0 (race-window write or recycled-buffer tail). buf seq=0 count=1024
[mono_ns=7319565886380086][T0xf36ced6edca0][WARN] copy_aicore_buffer: [chip_swimlane_collector.cpp:689] Core 36: skipped 1024 AICore record slot(s) with start_time=0 (race-window write or recycled-buffer tail). buf seq=0 count=1024
[mono_ns=7319565886381706][T0xf36cec6cdca0][WARN] copy_aicore_buffer: [chip_swimlane_collector.cpp:689] Core 40: skipped 1024 AICore record slot(s) with start_time=0 (race-window write or recycled-buffer tail). buf seq=0 count=1024
[mono_ns=7319565886403856][T0xf36ceceddca0][WARN] copy_aicore_buffer: [chip_swimlane_collector.cpp:689] Core 38: skipped 1024 AICore record slot(s) with start_time=0 (race-window write or recycled-buffer tail). buf seq=0 count=1024
[mono_ns=7319565886658737][T0xf36ced6edca0][WARN] copy_aicore_buffer: [chip_swimlane_collector.cpp:689] Core 37: skipped 1024 AICore record slot(s) with start_time=0 (race-window write or recycled-buffer tail). buf seq=0 count=1024
[mono_ns=7319565886662127][T0xf36cec6cdca0][WARN] copy_aicore_buffer: [chip_swimlane_collector.cpp:689] Core 41: skipped 1024 AICore record slot(s) with start_time=0 (race-window write or recycled-buffer tail). buf seq=0 count=1024
[mono_ns=7319565886683677][T0xf36ceceddca0][WARN] copy_aicore_buffer: [chip_swimlane_collector.cpp:689] Core 39: skipped 1024 AICore record slot(s) with start_time=0 (race-window write or recycled-buffer tail). buf seq=0 count=1024
[mono_ns=7319565886938038][T0xf36ced6edca0][WARN] copy_aicore_buffer: [chip_swimlane_collector.cpp:689] Core 9: skipped 1024 AICore record slot(s) with start_time=0 (race-window write or recycled-buffer tail). buf seq=0 count=1024
[mono_ns=7319565886941368][T0xf36cec6cdca0][WARN] copy_aicore_buffer: [chip_swimlane_collector.cpp:689] Core 11: skipped 1024 AICore record slot(s) with start_time=0 (race-window write or recycled-buffer tail). buf seq=0 count=1024
[mono_ns=7319565886965388][T0xf36ceceddca0][WARN] copy_aicore_buffer: [chip_swimlane_collector.cpp:689] Core 10: skipped 1024 AICore record slot(s) with start_time=0 (race-window write or recycled-buffer tail). buf seq=0 count=1024
[mono_ns=7319565887231020][T0xf36ced6edca0][WARN] copy_aicore_buffer: [chip_swimlane_collector.cpp:689] Core 42: skipped 1024 AICore record slot(s) with start_time=0 (race-window write or recycled-buffer tail). buf seq=0 count=1024
[mono_ns=7319565887234900][T0xf36cec6cdca0][WARN] copy_aicore_buffer: [chip_swimlane_collector.cpp:689] Core 46: skipped 1024 AICore record slot(s) with start_time=0 (race-window write or recycled-buffer tail). buf seq=0 count=1024
[mono_ns=7319565887257200][T0xf36ceceddca0][WARN] copy_aicore_buffer: [chip_swimlane_collector.cpp:689] Core 44: skipped 1024 AICore record slot(s) with start_time=0 (race-window write or recycled-buffer tail). buf seq=0 count=1024
[mono_ns=7319565887510941][T0xf36ced6edca0][WARN] copy_aicore_buffer: [chip_swimlane_collector.cpp:689] Core 43: skipped 1024 AICore record slot(s) with start_time=0 (race-window write or recycled-buffer tail). buf seq=0 count=1024
[mono_ns=7319565887514071][T0xf36cec6cdca0][WARN] copy_aicore_buffer: [chip_swimlane_collector.cpp:689] Core 47: skipped 1024 AICore record slot(s) with start_time=0 (race-window write or recycled-buffer tail). buf seq=0 count=1024
[mono_ns=7319565887537791][T0xf36ceceddca0][WARN] copy_aicore_buffer: [chip_swimlane_collector.cpp:689] Core 45: skipped 1024 AICore record slot(s) with start_time=0 (race-window write or recycled-buffer tail). buf seq=0 count=1024
[mono_ns=7319565887788712][T0xf36ced6edca0][WARN] copy_aicore_buffer: [chip_swimlane_collector.cpp:689] Core 12: skipped 1024 AICore record slot(s) with start_time=0 (race-window write or recycled-buffer tail). buf seq=0 count=1024
[mono_ns=7319565887795112][T0xf36cec6cdca0][WARN] copy_aicore_buffer: [chip_swimlane_collector.cpp:689] Core 14: skipped 1024 AICore record slot(s) with start_time=0 (race-window write or recycled-buffer tail). buf seq=0 count=1024
[mono_ns=7319565887818122][T0xf36ceceddca0][WARN] copy_aicore_buffer: [chip_swimlane_collector.cpp:689] Core 13: skipped 1024 AICore record slot(s) with start_time=0 (race-window write or recycled-buffer tail). buf seq=0 count=1024
[mono_ns=7319565888075843][T0xf36ced6edca0][WARN] copy_aicore_buffer: [chip_swimlane_collector.cpp:689] Core 48: skipped 1024 AICore record slot(s) with start_time=0 (race-window write or recycled-buffer tail). buf seq=0 count=1024
[mono_ns=7319565888082323][T0xf36cec6cdca0][WARN] copy_aicore_buffer: [chip_swimlane_collector.cpp:689] Core 52: skipped 1024 AICore record slot(s) with start_time=0 (race-window write or recycled-buffer tail). buf seq=0 count=1024
[mono_ns=7319565888103643][T0xf36ceceddca0][WARN] copy_aicore_buffer: [chip_swimlane_collector.cpp:689] Core 50: skipped 1024 AICore record slot(s) with start_time=0 (race-window write or recycled-buffer tail). buf seq=0 count=1024
[mono_ns=7319565888354874][T0xf36ced6edca0][WARN] copy_aicore_buffer: [chip_swimlane_collector.cpp:689] Core 49: skipped 1024 AICore record slot(s) with start_time=0 (race-window write or recycled-buffer tail). buf seq=0 count=1024
[mono_ns=7319565888359234][T0xf36cec6cdca0][WARN] copy_aicore_buffer: [chip_swimlane_collector.cpp:689] Core 53: skipped 1024 AICore record slot(s) with start_time=0 (race-window write or recycled-buffer tail). buf seq=0 count=1024
[mono_ns=7319565888384124][T0xf36ceceddca0][WARN] copy_aicore_buffer: [chip_swimlane_collector.cpp:689] Core 51: skipped 1024 AICore record slot(s) with start_time=0 (race-window write or recycled-buffer tail). buf seq=0 count=1024
[mono_ns=7319565888634935][T0xf36ced6edca0][WARN] copy_aicore_buffer: [chip_swimlane_collector.cpp:689] Core 15: skipped 1024 AICore record slot(s) with start_time=0 (race-window write or recycled-buffer tail). buf seq=0 count=1024
[mono_ns=7319565888638506][T0xf36cec6cdca0][WARN] copy_aicore_buffer: [chip_swimlane_collector.cpp:689] Core 17: skipped 1024 AICore record slot(s) with start_time=0 (race-window write or recycled-buffer tail). buf seq=0 count=1024
[mono_ns=7319565888664766][T0xf36ceceddca0][WARN] copy_aicore_buffer: [chip_swimlane_collector.cpp:689] Core 16: skipped 1024 AICore record slot(s) with start_time=0 (race-window write or recycled-buffer tail). buf seq=0 count=1024
[mono_ns=7319565888914057][T0xf36ced6edca0][WARN] copy_aicore_buffer: [chip_swimlane_collector.cpp:689] Core 54: skipped 1024 AICore record slot(s) with start_time=0 (race-window write or recycled-buffer tail). buf seq=0 count=1024
[mono_ns=7319565888917367][T0xf36cec6cdca0][WARN] copy_aicore_buffer: [chip_swimlane_collector.cpp:689] Core 58: skipped 1024 AICore record slot(s) with start_time=0 (race-window write or recycled-buffer tail). buf seq=0 count=1024
[mono_ns=7319565888944647][T0xf36ceceddca0][WARN] copy_aicore_buffer: [chip_swimlane_collector.cpp:689] Core 56: skipped 1024 AICore record slot(s) with start_time=0 (race-window write or recycled-buffer tail). buf seq=0 count=1024
[mono_ns=7319565889202428][T0xf36ced6edca0][WARN] copy_aicore_buffer: [chip_swimlane_collector.cpp:689] Core 55: skipped 1024 AICore record slot(s) with start_time=0 (race-window write or recycled-buffer tail). buf seq=0 count=1024
[mono_ns=7319565889210128][T0xf36cec6cdca0][WARN] copy_aicore_buffer: [chip_swimlane_collector.cpp:689] Core 59: skipped 1024 AICore record slot(s) with start_time=0 (race-window write or recycled-buffer tail). buf seq=0 count=1024
[mono_ns=7319565889232848][T0xf36ceceddca0][WARN] copy_aicore_buffer: [chip_swimlane_collector.cpp:689] Core 57: skipped 1024 AICore record slot(s) with start_time=0 (race-window write or recycled-buffer tail). buf seq=0 count=1024
[mono_ns=7319565889481999][T0xf36ced6edca0][WARN] copy_aicore_buffer: [chip_swimlane_collector.cpp:689] Core 18: skipped 1024 AICore record slot(s) with start_time=0 (race-window write or recycled-buffer tail). buf seq=0 count=1024
[mono_ns=7319565889487519][T0xf36cec6cdca0][WARN] copy_aicore_buffer: [chip_swimlane_collector.cpp:689] Core 20: skipped 1024 AICore record slot(s) with start_time=0 (race-window write or recycled-buffer tail). buf seq=0 count=1024
[mono_ns=7319565889512269][T0xf36ceceddca0][WARN] copy_aicore_buffer: [chip_swimlane_collector.cpp:689] Core 19: skipped 1024 AICore record slot(s) with start_time=0 (race-window write or recycled-buffer tail). buf seq=0 count=1024
[mono_ns=7319565889760390][T0xf36ced6edca0][WARN] copy_aicore_buffer: [chip_swimlane_collector.cpp:689] Core 60: skipped 1024 AICore record slot(s) with start_time=0 (race-window write or recycled-buffer tail). buf seq=0 count=1024
[mono_ns=7319565889765510][T0xf36cec6cdca0][WARN] copy_aicore_buffer: [chip_swimlane_collector.cpp:689] Core 64: skipped 1024 AICore record slot(s) with start_time=0 (race-window write or recycled-buffer tail). buf seq=0 count=1024
[mono_ns=7319565889792070][T0xf36ceceddca0][WARN] copy_aicore_buffer: [chip_swimlane_collector.cpp:689] Core 62: skipped 1024 AICore record slot(s) with start_time=0 (race-window write or recycled-buffer tail). buf seq=0 count=1024
[mono_ns=7319565890050522][T0xf36cec6cdca0][WARN] copy_aicore_buffer: [chip_swimlane_collector.cpp:689] Core 65: skipped 1024 AICore record slot(s) with start_time=0 (race-window write or recycled-buffer tail). buf seq=0 count=1024
[mono_ns=7319565890053522][T0xf36ced6edca0][WARN] copy_aicore_buffer: [chip_swimlane_collector.cpp:689] Core 61: skipped 1024 AICore record slot(s) with start_time=0 (race-window write or recycled-buffer tail). buf seq=0 count=1024
[mono_ns=7319565890078632][T0xf36ceceddca0][WARN] copy_aicore_buffer: [chip_swimlane_collector.cpp:689] Core 63: skipped 1024 AICore record slot(s) with start_time=0 (race-window write or recycled-buffer tail). buf seq=0 count=1024
[mono_ns=7319565890332153][T0xf36ced6edca0][WARN] copy_aicore_buffer: [chip_swimlane_collector.cpp:689] Core 21: skipped 1024 AICore record slot(s) with start_time=0 (race-window write or recycled-buffer tail). buf seq=0 count=1024
[mono_ns=7319565890332363][T0xf36cec6cdca0][WARN] copy_aicore_buffer: [chip_swimlane_collector.cpp:689] Core 23: skipped 1024 AICore record slot(s) with start_time=0 (race-window write or recycled-buffer tail). buf seq=0 count=1024
[mono_ns=7319565890359433][T0xf36ceceddca0][WARN] copy_aicore_buffer: [chip_swimlane_collector.cpp:689] Core 22: skipped 1024 AICore record slot(s) with start_time=0 (race-window write or recycled-buffer tail). buf seq=0 count=1024
[mono_ns=7319565890610534][T0xf36ced6edca0][WARN] copy_aicore_buffer: [chip_swimlane_collector.cpp:689] Core 66: skipped 1024 AICore record slot(s) with start_time=0 (race-window write or recycled-buffer tail). buf seq=0 count=1024
[mono_ns=7319565890610554][T0xf36cec6cdca0][WARN] copy_aicore_buffer: [chip_swimlane_collector.cpp:689] Core 70: skipped 1024 AICore record slot(s) with start_time=0 (race-window write or recycled-buffer tail). buf seq=0 count=1024
[mono_ns=7319565890640024][T0xf36ceceddca0][WARN] copy_aicore_buffer: [chip_swimlane_collector.cpp:689] Core 68: skipped 1024 AICore record slot(s) with start_time=0 (race-window write or recycled-buffer tail). buf seq=0 count=1024
[mono_ns=7319565890889425][T0xf36cec6cdca0][WARN] copy_aicore_buffer: [chip_swimlane_collector.cpp:689] Core 71: skipped 1024 AICore record slot(s) with start_time=0 (race-window write or recycled-buffer tail). buf seq=0 count=1024
[mono_ns=7319565890889605][T0xf36ced6edca0][WARN] copy_aicore_buffer: [chip_swimlane_collector.cpp:689] Core 67: skipped 1024 AICore record slot(s) with start_time=0 (race-window write or recycled-buffer tail). buf seq=0 count=1024
[mono_ns=7319565890920105][T0xf36ceceddca0][WARN] copy_aicore_buffer: [chip_swimlane_collector.cpp:689] Core 69: skipped 1024 AICore record slot(s) with start_time=0 (race-window write or recycled-buffer tail). buf seq=0 count=1024
[mono_ns=7319565991329602][T0xf36e4a0b7020][TIMING] emit_host_span: [STRACE] v=1 pid=2155045 tid=2155045 inv=16 hid=e3bcbf8fce8ee77f depth=1 name=chip.run.runner_run ts=7319565883272683 dur=108050849 
[mono_ns=7319565991892684][T0xf36e4a0b7020][TIMING] emit_host_span: [STRACE] v=1 pid=2155045 tid=2155045 inv=16 hid=e3bcbf8fce8ee77f depth=1 name=chip.run.validate ts=7319565991336962 dur=551162 
[mono_ns=7319565991900594][T0xf36e4a0b7020][TIMING] emit_host_span: [STRACE] v=1 pid=2155045 tid=2155045 inv=16 hid=e3bcbf8fce8ee77f depth=2 name=chip.run.runner_run.device_wall ts=0 dur=716720 clk=dev
[mono_ns=7319565991904564][T0xf36e4a0b7020][TIMING] emit_host_span: [STRACE] v=1 pid=2155045 tid=2155045 inv=16 hid=e3bcbf8fce8ee77f depth=3 name=chip.run.runner_run.device_wall.preamble ts=0 dur=637620 clk=dev
[mono_ns=7319565991907934][T0xf36e4a0b7020][TIMING] emit_host_span: [STRACE] v=1 pid=2155045 tid=2155045 inv=16 hid=e3bcbf8fce8ee77f depth=3 name=chip.run.runner_run.device_wall.graph_build ts=633400 dur=72740 clk=dev
[mono_ns=7319565991911034][T0xf36e4a0b7020][TIMING] emit_host_span: [STRACE] v=1 pid=2155045 tid=2155045 inv=16 hid=e3bcbf8fce8ee77f depth=3 name=chip.run.runner_run.device_wall.config_validate ts=633479 dur=520 clk=dev
[mono_ns=7319565991914324][T0xf36e4a0b7020][TIMING] emit_host_span: [STRACE] v=1 pid=2155045 tid=2155045 inv=16 hid=e3bcbf8fce8ee77f depth=3 name=chip.run.runner_run.device_wall.arena_wire ts=634020 dur=260 clk=dev
[mono_ns=7319565991917534][T0xf36e4a0b7020][TIMING] emit_host_span: [STRACE] v=1 pid=2155045 tid=2155045 inv=16 hid=e3bcbf8fce8ee77f depth=3 name=chip.run.runner_run.device_wall.sm_reset ts=634319 dur=620 clk=dev
[mono_ns=7319565991920634][T0xf36e4a0b7020][TIMING] emit_host_span: [STRACE] v=1 pid=2155045 tid=2155045 inv=16 hid=e3bcbf8fce8ee77f depth=3 name=chip.run.runner_run.device_wall.post_orch ts=706200 dur=10380 clk=dev
[mono_ns=7319565991924354][T0xf36e4a0b7020][TIMING] emit_host_span: [STRACE] v=1 pid=2155045 tid=2155045 inv=16 hid=e3bcbf8fce8ee77f depth=3 name=chip.run.runner_run.device_wall.orch ts=635000 dur=2040 clk=dev
[mono_ns=7319565991931864][T0xf36e4a0b7020][TIMING] emit_host_span: [STRACE] v=1 pid=2155045 tid=2155045 inv=16 hid=e3bcbf8fce8ee77f depth=3 name=chip.run.runner_run.device_wall.sched ts=637780 dur=51959 clk=dev
[mono_ns=7319565991936924][T0xf36e4a0b7020][TIMING] emit_host_span: [STRACE] v=1 pid=2155045 tid=2155045 inv=16 hid=e3bcbf8fce8ee77f depth=1 name=chip.run.claim_release ts=7319565991934654 dur=520 
[mono_ns=7319565991941834][T0xf36e4a0b7020][TIMING] emit_host_span: [STRACE] v=1 pid=2155045 tid=2155045 inv=16 hid=e3bcbf8fce8ee77f depth=0 name=chip.run ts=7319565882968661 dur=108971123 run_id=4 dispatch_id=16 slot_id=0 generation=4 run_epoch=16
[mono_ns=7319580449655341][T0xf36e4a0b7020][TIMING] emit_host_span: [STRACE] v=1 pid=2155045 tid=2155045 inv=17 hid=7330127d2e7be9ea depth=2 name=chip.run.bind.args ts=7319580449118778 dur=528253 
[mono_ns=7319580449674131][T0xf36e4a0b7020][TIMING] emit_host_span: [STRACE] v=1 pid=2155045 tid=2155045 inv=17 hid=7330127d2e7be9ea depth=2 name=chip.run.bind.prebuilt ts=7319580449669291 dur=2540 
[mono_ns=7319580449679001][T0xf36e4a0b7020][TIMING] emit_host_span: [STRACE] v=1 pid=2155045 tid=2155045 inv=17 hid=7330127d2e7be9ea depth=1 name=chip.run.bind ts=7319580449110478 dur=566273 
[mono_ns=7319580558036471][T0xf36e4a0b7020][TIMING] emit_host_span: [STRACE] v=1 pid=2155045 tid=2155045 inv=17 hid=7330127d2e7be9ea depth=1 name=chip.run.runner_run ts=7319580450060562 dur=107969149 
[mono_ns=7319580558080201][T0xf36e4a0b7020][TIMING] emit_host_span: [STRACE] v=1 pid=2155045 tid=2155045 inv=17 hid=7330127d2e7be9ea depth=1 name=chip.run.validate ts=7319580558048901 dur=27980 
[mono_ns=7319580558084921][T0xf36e4a0b7020][TIMING] emit_host_span: [STRACE] v=1 pid=2155045 tid=2155045 inv=17 hid=7330127d2e7be9ea depth=2 name=chip.run.runner_run.device_wall ts=0 dur=139519 clk=dev
[mono_ns=7319580558088761][T0xf36e4a0b7020][TIMING] emit_host_span: [STRACE] v=1 pid=2155045 tid=2155045 inv=17 hid=7330127d2e7be9ea depth=3 name=chip.run.runner_run.device_wall.preamble ts=0 dur=10400 clk=dev
[mono_ns=7319580558092321][T0xf36e4a0b7020][TIMING] emit_host_span: [STRACE] v=1 pid=2155045 tid=2155045 inv=17 hid=7330127d2e7be9ea depth=3 name=chip.run.runner_run.device_wall.graph_build ts=1799 dur=125740 clk=dev
[mono_ns=7319580558095702][T0xf36e4a0b7020][TIMING] emit_host_span: [STRACE] v=1 pid=2155045 tid=2155045 inv=17 hid=7330127d2e7be9ea depth=3 name=chip.run.runner_run.device_wall.config_validate ts=1940 dur=1060 clk=dev
[mono_ns=7319580558099052][T0xf36e4a0b7020][TIMING] emit_host_span: [STRACE] v=1 pid=2155045 tid=2155045 inv=17 hid=7330127d2e7be9ea depth=3 name=chip.run.runner_run.device_wall.arena_wire ts=3020 dur=899 clk=dev
[mono_ns=7319580558102552][T0xf36e4a0b7020][TIMING] emit_host_span: [STRACE] v=1 pid=2155045 tid=2155045 inv=17 hid=7330127d2e7be9ea depth=3 name=chip.run.runner_run.device_wall.sm_reset ts=3960 dur=1579 clk=dev
[mono_ns=7319580558105692][T0xf36e4a0b7020][TIMING] emit_host_span: [STRACE] v=1 pid=2155045 tid=2155045 inv=17 hid=7330127d2e7be9ea depth=3 name=chip.run.runner_run.device_wall.post_orch ts=127660 dur=11280 clk=dev
[mono_ns=7319580558110662][T0xf36e4a0b7020][TIMING] emit_host_span: [STRACE] v=1 pid=2155045 tid=2155045 inv=17 hid=7330127d2e7be9ea depth=3 name=chip.run.runner_run.device_wall.orch ts=6319 dur=6300 clk=dev
[mono_ns=7319580558114372][T0xf36e4a0b7020][TIMING] emit_host_span: [STRACE] v=1 pid=2155045 tid=2155045 inv=17 hid=7330127d2e7be9ea depth=3 name=chip.run.runner_run.device_wall.sched ts=10660 dur=107380 clk=dev
[mono_ns=7319580558119212][T0xf36e4a0b7020][TIMING] emit_host_span: [STRACE] v=1 pid=2155045 tid=2155045 inv=17 hid=7330127d2e7be9ea depth=1 name=chip.run.claim_release ts=7319580558116822 dur=570 
[mono_ns=7319580558123812][T0xf36e4a0b7020][TIMING] emit_host_span: [STRACE] v=1 pid=2155045 tid=2155045 inv=17 hid=7330127d2e7be9ea depth=0 name=chip.run ts=7319580448998948 dur=109122844 run_id=5 dispatch_id=17 slot_id=0 generation=5 run_epoch=17
[mono_ns=7319580558788664][T0xf36e4a0b7020][TIMING] emit_host_span: [STRACE] v=1 pid=2155045 tid=2155045 inv=18 hid=9a0ce7c17a38dab depth=2 name=chip.run.bind.args ts=7319580558723444 dur=60700 
[mono_ns=7319580558800124][T0xf36e4a0b7020][TIMING] emit_host_span: [STRACE] v=1 pid=2155045 tid=2155045 inv=18 hid=9a0ce7c17a38dab depth=2 name=chip.run.bind.prebuilt ts=7319580558795764 dur=2090 
[mono_ns=7319580558804795][T0xf36e4a0b7020][TIMING] emit_host_span: [STRACE] v=1 pid=2155045 tid=2155045 inv=18 hid=9a0ce7c17a38dab depth=1 name=chip.run.bind ts=7319580558717074 dur=85601 
[mono_ns=7319580663324779][T0xf36e4a0b7020][TIMING] emit_host_span: [STRACE] v=1 pid=2155045 tid=2155045 inv=18 hid=9a0ce7c17a38dab depth=1 name=chip.run.runner_run ts=7319580558968295 dur=104350764 
[mono_ns=7319580663363339][T0xf36e4a0b7020][TIMING] emit_host_span: [STRACE] v=1 pid=2155045 tid=2155045 inv=18 hid=9a0ce7c17a38dab depth=1 name=chip.run.validate ts=7319580663335199 dur=24850 
[mono_ns=7319580663367439][T0xf36e4a0b7020][TIMING] emit_host_span: [STRACE] v=1 pid=2155045 tid=2155045 inv=18 hid=9a0ce7c17a38dab depth=2 name=chip.run.runner_run.device_wall ts=0 dur=31460 clk=dev
[mono_ns=7319580663371089][T0xf36e4a0b7020][TIMING] emit_host_span: [STRACE] v=1 pid=2155045 tid=2155045 inv=18 hid=9a0ce7c17a38dab depth=3 name=chip.run.runner_run.device_wall.preamble ts=0 dur=6700 clk=dev
[mono_ns=7319580663374739][T0xf36e4a0b7020][TIMING] emit_host_span: [STRACE] v=1 pid=2155045 tid=2155045 inv=18 hid=9a0ce7c17a38dab depth=3 name=chip.run.runner_run.device_wall.graph_build ts=1400 dur=19279 clk=dev
[mono_ns=7319580663379019][T0xf36e4a0b7020][TIMING] emit_host_span: [STRACE] v=1 pid=2155045 tid=2155045 inv=18 hid=9a0ce7c17a38dab depth=3 name=chip.run.runner_run.device_wall.config_validate ts=1540 dur=600 clk=dev
[mono_ns=7319580663382479][T0xf36e4a0b7020][TIMING] emit_host_span: [STRACE] v=1 pid=2155045 tid=2155045 inv=18 hid=9a0ce7c17a38dab depth=3 name=chip.run.runner_run.device_wall.arena_wire ts=2179 dur=240 clk=dev
[mono_ns=7319580663385659][T0xf36e4a0b7020][TIMING] emit_host_span: [STRACE] v=1 pid=2155045 tid=2155045 inv=18 hid=9a0ce7c17a38dab depth=3 name=chip.run.runner_run.device_wall.sm_reset ts=2440 dur=679 clk=dev
[mono_ns=7319580663388839][T0xf36e4a0b7020][TIMING] emit_host_span: [STRACE] v=1 pid=2155045 tid=2155045 inv=18 hid=9a0ce7c17a38dab depth=3 name=chip.run.runner_run.device_wall.post_orch ts=20740 dur=10600 clk=dev
[mono_ns=7319580663395169][T0xf36e4a0b7020][TIMING] emit_host_span: [STRACE] v=1 pid=2155045 tid=2155045 inv=18 hid=9a0ce7c17a38dab depth=3 name=chip.run.runner_run.device_wall.orch ts=3580 dur=2480 clk=dev
[mono_ns=7319580663398809][T0xf36e4a0b7020][TIMING] emit_host_span: [STRACE] v=1 pid=2155045 tid=2155045 inv=18 hid=9a0ce7c17a38dab depth=3 name=chip.run.runner_run.device_wall.sched ts=6820 dur=6260 clk=dev
[mono_ns=7319580663403719][T0xf36e4a0b7020][TIMING] emit_host_span: [STRACE] v=1 pid=2155045 tid=2155045 inv=18 hid=9a0ce7c17a38dab depth=1 name=chip.run.claim_release ts=7319580663401129 dur=790 
[mono_ns=7319580663408909][T0xf36e4a0b7020][TIMING] emit_host_span: [STRACE] v=1 pid=2155045 tid=2155045 inv=18 hid=9a0ce7c17a38dab depth=0 name=chip.run ts=7319580558696504 dur=104710355 run_id=5 dispatch_id=18 slot_id=0 generation=5 run_epoch=18
[mono_ns=7319580663682120][T0xf36e4a0b7020][TIMING] emit_host_span: [STRACE] v=1 pid=2155045 tid=2155045 inv=19 hid=aa636548c65ca6a1 depth=2 name=chip.run.bind.args ts=7319580663644220 dur=34180 
[mono_ns=7319580663693450][T0xf36e4a0b7020][TIMING] emit_host_span: [STRACE] v=1 pid=2155045 tid=2155045 inv=19 hid=aa636548c65ca6a1 depth=2 name=chip.run.bind.prebuilt ts=7319580663688830 dur=1670 
[mono_ns=7319580663697280][T0xf36e4a0b7020][TIMING] emit_host_span: [STRACE] v=1 pid=2155045 tid=2155045 inv=19 hid=aa636548c65ca6a1 depth=1 name=chip.run.bind ts=7319580663636850 dur=58540 
[mono_ns=7319580681289145][T0xf36e4a0b7020][TIMING] emit_host_span: [STRACE] v=1 pid=2155045 tid=2155045 inv=19 hid=aa636548c65ca6a1 depth=1 name=chip.run.runner_run ts=7319580663857871 dur=17425774 
[mono_ns=7319580681321565][T0xf36e4a0b7020][TIMING] emit_host_span: [STRACE] v=1 pid=2155045 tid=2155045 inv=19 hid=aa636548c65ca6a1 depth=1 name=chip.run.validate ts=7319580681297645 dur=20800 
[mono_ns=7319580681325695][T0xf36e4a0b7020][TIMING] emit_host_span: [STRACE] v=1 pid=2155045 tid=2155045 inv=19 hid=aa636548c65ca6a1 depth=2 name=chip.run.runner_run.device_wall ts=0 dur=17225800 clk=dev
[mono_ns=7319580681329185][T0xf36e4a0b7020][TIMING] emit_host_span: [STRACE] v=1 pid=2155045 tid=2155045 inv=19 hid=aa636548c65ca6a1 depth=3 name=chip.run.runner_run.device_wall.preamble ts=0 dur=5120 clk=dev
[mono_ns=7319580681332405][T0xf36e4a0b7020][TIMING] emit_host_span: [STRACE] v=1 pid=2155045 tid=2155045 inv=19 hid=aa636548c65ca6a1 depth=3 name=chip.run.runner_run.device_wall.graph_build ts=840 dur=17214600 clk=dev
[mono_ns=7319580681336315][T0xf36e4a0b7020][TIMING] emit_host_span: [STRACE] v=1 pid=2155045 tid=2155045 inv=19 hid=aa636548c65ca6a1 depth=3 name=chip.run.runner_run.device_wall.config_validate ts=980 dur=580 clk=dev
[mono_ns=7319580681339745][T0xf36e4a0b7020][TIMING] emit_host_span: [STRACE] v=1 pid=2155045 tid=2155045 inv=19 hid=aa636548c65ca6a1 depth=3 name=chip.run.runner_run.device_wall.arena_wire ts=1720 dur=260 clk=dev
[mono_ns=7319580681342685][T0xf36e4a0b7020][TIMING] emit_host_span: [STRACE] v=1 pid=2155045 tid=2155045 inv=19 hid=aa636548c65ca6a1 depth=3 name=chip.run.runner_run.device_wall.sm_reset ts=2000 dur=540 clk=dev
[mono_ns=7319580681349915][T0xf36e4a0b7020][TIMING] emit_host_span: [STRACE] v=1 pid=2155045 tid=2155045 inv=19 hid=aa636548c65ca6a1 depth=3 name=chip.run.runner_run.device_wall.post_orch ts=17215480 dur=10139 clk=dev
[mono_ns=7319580681353225][T0xf36e4a0b7020][TIMING] emit_host_span: [STRACE] v=1 pid=2155045 tid=2155045 inv=19 hid=aa636548c65ca6a1 depth=3 name=chip.run.runner_run.device_wall.orch ts=2580 dur=2200 clk=dev
[mono_ns=7319580681356325][T0xf36e4a0b7020][TIMING] emit_host_span: [STRACE] v=1 pid=2155045 tid=2155045 inv=19 hid=aa636548c65ca6a1 depth=3 name=chip.run.runner_run.device_wall.sched ts=5180 dur=17203120 clk=dev
[mono_ns=7319580681359915][T0xf36e4a0b7020][TIMING] emit_host_span: [STRACE] v=1 pid=2155045 tid=2155045 inv=19 hid=aa636548c65ca6a1 depth=1 name=chip.run.claim_release ts=7319580681357905 dur=220 
[mono_ns=7319580681363885][T0xf36e4a0b7020][TIMING] emit_host_span: [STRACE] v=1 pid=2155045 tid=2155045 inv=19 hid=aa636548c65ca6a1 depth=0 name=chip.run ts=7319580663616540 dur=17745345 run_id=5 dispatch_id=19 slot_id=0 generation=5 run_epoch=19
[mono_ns=7319580682215439][T0xf36e4a0b7020][TIMING] emit_host_span: [STRACE] v=1 pid=2155045 tid=2155045 inv=20 hid=e3bcbf8fce8ee77f depth=2 name=chip.run.bind.args ts=7319580682161629 dur=49090 
[mono_ns=7319580682228659][T0xf36e4a0b7020][TIMING] emit_host_span: [STRACE] v=1 pid=2155045 tid=2155045 inv=20 hid=e3bcbf8fce8ee77f depth=2 name=chip.run.bind.prebuilt ts=7319580682224559 dur=1780 
[mono_ns=7319580682232519][T0xf36e4a0b7020][TIMING] emit_host_span: [STRACE] v=1 pid=2155045 tid=2155045 inv=20 hid=e3bcbf8fce8ee77f depth=1 name=chip.run.bind ts=7319580682155909 dur=74570 
[mono_ns=7319580787028914][T0xf36e4a0b7020][TIMING] emit_host_span: [STRACE] v=1 pid=2155045 tid=2155045 inv=20 hid=e3bcbf8fce8ee77f depth=1 name=chip.run.runner_run ts=7319580682389420 dur=104627464 
[mono_ns=7319580787602527][T0xf36e4a0b7020][TIMING] emit_host_span: [STRACE] v=1 pid=2155045 tid=2155045 inv=20 hid=e3bcbf8fce8ee77f depth=1 name=chip.run.validate ts=7319580787042354 dur=555513 
[mono_ns=7319580787611027][T0xf36e4a0b7020][TIMING] emit_host_span: [STRACE] v=1 pid=2155045 tid=2155045 inv=20 hid=e3bcbf8fce8ee77f depth=2 name=chip.run.runner_run.device_wall ts=0 dur=74919 clk=dev
[mono_ns=7319580787615347][T0xf36e4a0b7020][TIMING] emit_host_span: [STRACE] v=1 pid=2155045 tid=2155045 inv=20 hid=e3bcbf8fce8ee77f depth=3 name=chip.run.runner_run.device_wall.preamble ts=0 dur=4819 clk=dev
[mono_ns=7319580787619137][T0xf36e4a0b7020][TIMING] emit_host_span: [STRACE] v=1 pid=2155045 tid=2155045 inv=20 hid=e3bcbf8fce8ee77f depth=3 name=chip.run.runner_run.device_wall.graph_build ts=799 dur=63040 clk=dev
[mono_ns=7319580787622717][T0xf36e4a0b7020][TIMING] emit_host_span: [STRACE] v=1 pid=2155045 tid=2155045 inv=20 hid=e3bcbf8fce8ee77f depth=3 name=chip.run.runner_run.device_wall.config_validate ts=899 dur=600 clk=dev
[mono_ns=7319580787625797][T0xf36e4a0b7020][TIMING] emit_host_span: [STRACE] v=1 pid=2155045 tid=2155045 inv=20 hid=e3bcbf8fce8ee77f depth=3 name=chip.run.runner_run.device_wall.arena_wire ts=1619 dur=280 clk=dev
[mono_ns=7319580787628927][T0xf36e4a0b7020][TIMING] emit_host_span: [STRACE] v=1 pid=2155045 tid=2155045 inv=20 hid=e3bcbf8fce8ee77f depth=3 name=chip.run.runner_run.device_wall.sm_reset ts=1920 dur=459 clk=dev
[mono_ns=7319580787637087][T0xf36e4a0b7020][TIMING] emit_host_span: [STRACE] v=1 pid=2155045 tid=2155045 inv=20 hid=e3bcbf8fce8ee77f depth=3 name=chip.run.runner_run.device_wall.post_orch ts=63899 dur=10960 clk=dev
[mono_ns=7319580787640307][T0xf36e4a0b7020][TIMING] emit_host_span: [STRACE] v=1 pid=2155045 tid=2155045 inv=20 hid=e3bcbf8fce8ee77f depth=3 name=chip.run.runner_run.device_wall.orch ts=2900 dur=2900 clk=dev
[mono_ns=7319580787643477][T0xf36e4a0b7020][TIMING] emit_host_span: [STRACE] v=1 pid=2155045 tid=2155045 inv=20 hid=e3bcbf8fce8ee77f depth=3 name=chip.run.runner_run.device_wall.sched ts=4880 dur=51839 clk=dev
[mono_ns=7319580787648227][T0xf36e4a0b7020][TIMING] emit_host_span: [STRACE] v=1 pid=2155045 tid=2155045 inv=20 hid=e3bcbf8fce8ee77f depth=1 name=chip.run.claim_release ts=7319580787645867 dur=610 
[mono_ns=7319580787653177][T0xf36e4a0b7020][TIMING] emit_host_span: [STRACE] v=1 pid=2155045 tid=2155045 inv=20 hid=e3bcbf8fce8ee77f depth=0 name=chip.run ts=7319580682135909 dur=105515228 run_id=5 dispatch_id=20 slot_id=0 generation=5 run_epoch=20
[mono_ns=7319580792461207][T0xf36e4a0b7020][TIMING] emit_host_span: [STRACE] v=1 pid=2155045 tid=2155045 inv=21 hid=7330127d2e7be9ea depth=2 name=chip.run.bind.args ts=7319580791929985 dur=526262 
[mono_ns=7319580792476368][T0xf36e4a0b7020][TIMING] emit_host_span: [STRACE] v=1 pid=2155045 tid=2155045 inv=21 hid=7330127d2e7be9ea depth=2 name=chip.run.bind.prebuilt ts=7319580792471298 dur=1860 
[mono_ns=7319580792484598][T0xf36e4a0b7020][TIMING] emit_host_span: [STRACE] v=1 pid=2155045 tid=2155045 inv=21 hid=7330127d2e7be9ea depth=1 name=chip.run.bind ts=7319580791924505 dur=557913 
[mono_ns=7319580793980804][T0xf36ced6edca0][WARN] copy_aicore_buffer: [chip_swimlane_collector.cpp:689] Core 0: skipped 1024 AICore record slot(s) with start_time=0 (race-window write or recycled-buffer tail). buf seq=0 count=1024
[mono_ns=7319580793983364][T0xf36cec6cdca0][WARN] copy_aicore_buffer: [chip_swimlane_collector.cpp:689] Core 2: skipped 1024 AICore record slot(s) with start_time=0 (race-window write or recycled-buffer tail). buf seq=0 count=1024
[mono_ns=7319580793980564][T0xf36ceceddca0][WARN] copy_aicore_buffer: [chip_swimlane_collector.cpp:689] Core 1: skipped 1024 AICore record slot(s) with start_time=0 (race-window write or recycled-buffer tail). buf seq=0 count=1024
[mono_ns=7319580794279955][T0xf36ced6edca0][WARN] copy_aicore_buffer: [chip_swimlane_collector.cpp:689] Core 24: skipped 1024 AICore record slot(s) with start_time=0 (race-window write or recycled-buffer tail). buf seq=0 count=1024
[mono_ns=7319580794284095][T0xf36cec6cdca0][WARN] copy_aicore_buffer: [chip_swimlane_collector.cpp:689] Core 28: skipped 1023 AICore record slot(s) with start_time=0 (race-window write or recycled-buffer tail). buf seq=0 count=1024
[mono_ns=7319580794285655][T0xf36ceceddca0][WARN] copy_aicore_buffer: [chip_swimlane_collector.cpp:689] Core 26: skipped 1024 AICore record slot(s) with start_time=0 (race-window write or recycled-buffer tail). buf seq=0 count=1024
[mono_ns=7319580794562116][T0xf36ced6edca0][WARN] copy_aicore_buffer: [chip_swimlane_collector.cpp:689] Core 25: skipped 1023 AICore record slot(s) with start_time=0 (race-window write or recycled-buffer tail). buf seq=0 count=1024
[mono_ns=7319580794565196][T0xf36cec6cdca0][WARN] copy_aicore_buffer: [chip_swimlane_collector.cpp:689] Core 29: skipped 1024 AICore record slot(s) with start_time=0 (race-window write or recycled-buffer tail). buf seq=0 count=1024
[mono_ns=7319580794566746][T0xf36ceceddca0][WARN] copy_aicore_buffer: [chip_swimlane_collector.cpp:689] Core 27: skipped 1024 AICore record slot(s) with start_time=0 (race-window write or recycled-buffer tail). buf seq=0 count=1024
[mono_ns=7319580794843898][T0xf36ced6edca0][WARN] copy_aicore_buffer: [chip_swimlane_collector.cpp:689] Core 3: skipped 1024 AICore record slot(s) with start_time=0 (race-window write or recycled-buffer tail). buf seq=0 count=1024
[mono_ns=7319580794845798][T0xf36ceceddca0][WARN] copy_aicore_buffer: [chip_swimlane_collector.cpp:689] Core 4: skipped 1024 AICore record slot(s) with start_time=0 (race-window write or recycled-buffer tail). buf seq=0 count=1024
[mono_ns=7319580794845998][T0xf36cec6cdca0][WARN] copy_aicore_buffer: [chip_swimlane_collector.cpp:689] Core 5: skipped 1024 AICore record slot(s) with start_time=0 (race-window write or recycled-buffer tail). buf seq=0 count=1024
[mono_ns=7319580795133739][T0xf36ceceddca0][WARN] copy_aicore_buffer: [chip_swimlane_collector.cpp:689] Core 32: skipped 1024 AICore record slot(s) with start_time=0 (race-window write or recycled-buffer tail). buf seq=0 count=1024
[mono_ns=7319580795136029][T0xf36cec6cdca0][WARN] copy_aicore_buffer: [chip_swimlane_collector.cpp:689] Core 34: skipped 1024 AICore record slot(s) with start_time=0 (race-window write or recycled-buffer tail). buf seq=0 count=1024
[mono_ns=7319580795136309][T0xf36ced6edca0][WARN] copy_aicore_buffer: [chip_swimlane_collector.cpp:689] Core 30: skipped 1024 AICore record slot(s) with start_time=0 (race-window write or recycled-buffer tail). buf seq=0 count=1024
[mono_ns=7319580795414020][T0xf36ceceddca0][WARN] copy_aicore_buffer: [chip_swimlane_collector.cpp:689] Core 33: skipped 1024 AICore record slot(s) with start_time=0 (race-window write or recycled-buffer tail). buf seq=0 count=1024
[mono_ns=7319580795415300][T0xf36cec6cdca0][WARN] copy_aicore_buffer: [chip_swimlane_collector.cpp:689] Core 35: skipped 1024 AICore record slot(s) with start_time=0 (race-window write or recycled-buffer tail). buf seq=0 count=1024
[mono_ns=7319580795416510][T0xf36ced6edca0][WARN] copy_aicore_buffer: [chip_swimlane_collector.cpp:689] Core 31: skipped 1024 AICore record slot(s) with start_time=0 (race-window write or recycled-buffer tail). buf seq=0 count=1024
[mono_ns=7319580795693281][T0xf36ced6edca0][WARN] copy_aicore_buffer: [chip_swimlane_collector.cpp:689] Core 6: skipped 1024 AICore record slot(s) with start_time=0 (race-window write or recycled-buffer tail). buf seq=0 count=1024
[mono_ns=7319580795694821][T0xf36cec6cdca0][WARN] copy_aicore_buffer: [chip_swimlane_collector.cpp:689] Core 8: skipped 1024 AICore record slot(s) with start_time=0 (race-window write or recycled-buffer tail). buf seq=0 count=1024
[mono_ns=7319580795695351][T0xf36ceceddca0][WARN] copy_aicore_buffer: [chip_swimlane_collector.cpp:689] Core 7: skipped 1024 AICore record slot(s) with start_time=0 (race-window write or recycled-buffer tail). buf seq=0 count=1024
[mono_ns=7319580795975202][T0xf36ced6edca0][WARN] copy_aicore_buffer: [chip_swimlane_collector.cpp:689] Core 36: skipped 1024 AICore record slot(s) with start_time=0 (race-window write or recycled-buffer tail). buf seq=0 count=1024
[mono_ns=7319580795975952][T0xf36ceceddca0][WARN] copy_aicore_buffer: [chip_swimlane_collector.cpp:689] Core 38: skipped 1024 AICore record slot(s) with start_time=0 (race-window write or recycled-buffer tail). buf seq=0 count=1024
[mono_ns=7319580795975662][T0xf36cec6cdca0][WARN] copy_aicore_buffer: [chip_swimlane_collector.cpp:689] Core 40: skipped 1024 AICore record slot(s) with start_time=0 (race-window write or recycled-buffer tail). buf seq=0 count=1024
[mono_ns=7319580796261524][T0xf36ced6edca0][WARN] copy_aicore_buffer: [chip_swimlane_collector.cpp:689] Core 37: skipped 1024 AICore record slot(s) with start_time=0 (race-window write or recycled-buffer tail). buf seq=0 count=1024
[mono_ns=7319580796267664][T0xf36cec6cdca0][WARN] copy_aicore_buffer: [chip_swimlane_collector.cpp:689] Core 41: skipped 1024 AICore record slot(s) with start_time=0 (race-window write or recycled-buffer tail). buf seq=0 count=1024
[mono_ns=7319580796268364][T0xf36ceceddca0][WARN] copy_aicore_buffer: [chip_swimlane_collector.cpp:689] Core 39: skipped 1024 AICore record slot(s) with start_time=0 (race-window write or recycled-buffer tail). buf seq=0 count=1024
[mono_ns=7319580796541355][T0xf36ced6edca0][WARN] copy_aicore_buffer: [chip_swimlane_collector.cpp:689] Core 9: skipped 1024 AICore record slot(s) with start_time=0 (race-window write or recycled-buffer tail). buf seq=0 count=1024
[mono_ns=7319580796546405][T0xf36cec6cdca0][WARN] copy_aicore_buffer: [chip_swimlane_collector.cpp:689] Core 11: skipped 1024 AICore record slot(s) with start_time=0 (race-window write or recycled-buffer tail). buf seq=0 count=1024
[mono_ns=7319580796547915][T0xf36ceceddca0][WARN] copy_aicore_buffer: [chip_swimlane_collector.cpp:689] Core 10: skipped 1024 AICore record slot(s) with start_time=0 (race-window write or recycled-buffer tail). buf seq=0 count=1024
[mono_ns=7319580796820506][T0xf36ced6edca0][WARN] copy_aicore_buffer: [chip_swimlane_collector.cpp:689] Core 42: skipped 1024 AICore record slot(s) with start_time=0 (race-window write or recycled-buffer tail). buf seq=0 count=1024
[mono_ns=7319580796825426][T0xf36cec6cdca0][WARN] copy_aicore_buffer: [chip_swimlane_collector.cpp:689] Core 46: skipped 1024 AICore record slot(s) with start_time=0 (race-window write or recycled-buffer tail). buf seq=0 count=1024
[mono_ns=7319580796828346][T0xf36ceceddca0][WARN] copy_aicore_buffer: [chip_swimlane_collector.cpp:689] Core 44: skipped 1024 AICore record slot(s) with start_time=0 (race-window write or recycled-buffer tail). buf seq=0 count=1024
[mono_ns=7319580797109397][T0xf36ced6edca0][WARN] copy_aicore_buffer: [chip_swimlane_collector.cpp:689] Core 43: skipped 1024 AICore record slot(s) with start_time=0 (race-window write or recycled-buffer tail). buf seq=0 count=1024
[mono_ns=7319580797117667][T0xf36cec6cdca0][WARN] copy_aicore_buffer: [chip_swimlane_collector.cpp:689] Core 47: skipped 1024 AICore record slot(s) with start_time=0 (race-window write or recycled-buffer tail). buf seq=0 count=1024
[mono_ns=7319580797119287][T0xf36ceceddca0][WARN] copy_aicore_buffer: [chip_swimlane_collector.cpp:689] Core 45: skipped 1024 AICore record slot(s) with start_time=0 (race-window write or recycled-buffer tail). buf seq=0 count=1024
[mono_ns=7319580797388068][T0xf36ced6edca0][WARN] copy_aicore_buffer: [chip_swimlane_collector.cpp:689] Core 12: skipped 1024 AICore record slot(s) with start_time=0 (race-window write or recycled-buffer tail). buf seq=0 count=1024
[mono_ns=7319580797396788][T0xf36cec6cdca0][WARN] copy_aicore_buffer: [chip_swimlane_collector.cpp:689] Core 14: skipped 1024 AICore record slot(s) with start_time=0 (race-window write or recycled-buffer tail). buf seq=0 count=1024
[mono_ns=7319580797398498][T0xf36ceceddca0][WARN] copy_aicore_buffer: [chip_swimlane_collector.cpp:689] Core 13: skipped 1024 AICore record slot(s) with start_time=0 (race-window write or recycled-buffer tail). buf seq=0 count=1024
[mono_ns=7319580797668250][T0xf36ced6edca0][WARN] copy_aicore_buffer: [chip_swimlane_collector.cpp:689] Core 48: skipped 1024 AICore record slot(s) with start_time=0 (race-window write or recycled-buffer tail). buf seq=0 count=1024
[mono_ns=7319580797676870][T0xf36ceceddca0][WARN] copy_aicore_buffer: [chip_swimlane_collector.cpp:689] Core 50: skipped 1024 AICore record slot(s) with start_time=0 (race-window write or recycled-buffer tail). buf seq=0 count=1024
[mono_ns=7319580797678450][T0xf36cec6cdca0][WARN] copy_aicore_buffer: [chip_swimlane_collector.cpp:689] Core 52: skipped 1024 AICore record slot(s) with start_time=0 (race-window write or recycled-buffer tail). buf seq=0 count=1024
[mono_ns=7319580797947231][T0xf36ced6edca0][WARN] copy_aicore_buffer: [chip_swimlane_collector.cpp:689] Core 49: skipped 1024 AICore record slot(s) with start_time=0 (race-window write or recycled-buffer tail). buf seq=0 count=1024
[mono_ns=7319580797954551][T0xf36ceceddca0][WARN] copy_aicore_buffer: [chip_swimlane_collector.cpp:689] Core 51: skipped 1024 AICore record slot(s) with start_time=0 (race-window write or recycled-buffer tail). buf seq=0 count=1024
[mono_ns=7319580797957511][T0xf36cec6cdca0][WARN] copy_aicore_buffer: [chip_swimlane_collector.cpp:689] Core 53: skipped 1024 AICore record slot(s) with start_time=0 (race-window write or recycled-buffer tail). buf seq=0 count=1024
[mono_ns=7319580798229782][T0xf36ced6edca0][WARN] copy_aicore_buffer: [chip_swimlane_collector.cpp:689] Core 15: skipped 1024 AICore record slot(s) with start_time=0 (race-window write or recycled-buffer tail). buf seq=0 count=1024
[mono_ns=7319580798238392][T0xf36ceceddca0][WARN] copy_aicore_buffer: [chip_swimlane_collector.cpp:689] Core 16: skipped 1024 AICore record slot(s) with start_time=0 (race-window write or recycled-buffer tail). buf seq=0 count=1024
[mono_ns=7319580798246412][T0xf36cec6cdca0][WARN] copy_aicore_buffer: [chip_swimlane_collector.cpp:689] Core 17: skipped 1024 AICore record slot(s) with start_time=0 (race-window write or recycled-buffer tail). buf seq=0 count=1024
[mono_ns=7319580798507993][T0xf36ced6edca0][WARN] copy_aicore_buffer: [chip_swimlane_collector.cpp:689] Core 54: skipped 1024 AICore record slot(s) with start_time=0 (race-window write or recycled-buffer tail). buf seq=0 count=1024
[mono_ns=7319580798518013][T0xf36ceceddca0][WARN] copy_aicore_buffer: [chip_swimlane_collector.cpp:689] Core 56: skipped 1024 AICore record slot(s) with start_time=0 (race-window write or recycled-buffer tail). buf seq=0 count=1024
[mono_ns=7319580798525383][T0xf36cec6cdca0][WARN] copy_aicore_buffer: [chip_swimlane_collector.cpp:689] Core 58: skipped 1024 AICore record slot(s) with start_time=0 (race-window write or recycled-buffer tail). buf seq=0 count=1024
[mono_ns=7319580798786634][T0xf36ced6edca0][WARN] copy_aicore_buffer: [chip_swimlane_collector.cpp:689] Core 55: skipped 1024 AICore record slot(s) with start_time=0 (race-window write or recycled-buffer tail). buf seq=0 count=1024
[mono_ns=7319580798796444][T0xf36ceceddca0][WARN] copy_aicore_buffer: [chip_swimlane_collector.cpp:689] Core 57: skipped 1024 AICore record slot(s) with start_time=0 (race-window write or recycled-buffer tail). buf seq=0 count=1024
[mono_ns=7319580798804444][T0xf36cec6cdca0][WARN] copy_aicore_buffer: [chip_swimlane_collector.cpp:689] Core 59: skipped 1024 AICore record slot(s) with start_time=0 (race-window write or recycled-buffer tail). buf seq=0 count=1024
[mono_ns=7319580799074486][T0xf36ced6edca0][WARN] copy_aicore_buffer: [chip_swimlane_collector.cpp:689] Core 18: skipped 1024 AICore record slot(s) with start_time=0 (race-window write or recycled-buffer tail). buf seq=0 count=1024
[mono_ns=7319580799084306][T0xf36ceceddca0][WARN] copy_aicore_buffer: [chip_swimlane_collector.cpp:689] Core 19: skipped 1024 AICore record slot(s) with start_time=0 (race-window write or recycled-buffer tail). buf seq=0 count=1024
[mono_ns=7319580799092356][T0xf36cec6cdca0][WARN] copy_aicore_buffer: [chip_swimlane_collector.cpp:689] Core 20: skipped 1024 AICore record slot(s) with start_time=0 (race-window write or recycled-buffer tail). buf seq=0 count=1024
[mono_ns=7319580799352877][T0xf36ced6edca0][WARN] copy_aicore_buffer: [chip_swimlane_collector.cpp:689] Core 60: skipped 1024 AICore record slot(s) with start_time=0 (race-window write or recycled-buffer tail). buf seq=0 count=1024
[mono_ns=7319580799362367][T0xf36ceceddca0][WARN] copy_aicore_buffer: [chip_swimlane_collector.cpp:689] Core 62: skipped 1024 AICore record slot(s) with start_time=0 (race-window write or recycled-buffer tail). buf seq=0 count=1024
[mono_ns=7319580799371947][T0xf36cec6cdca0][WARN] copy_aicore_buffer: [chip_swimlane_collector.cpp:689] Core 64: skipped 1024 AICore record slot(s) with start_time=0 (race-window write or recycled-buffer tail). buf seq=0 count=1024
[mono_ns=7319580799631088][T0xf36ced6edca0][WARN] copy_aicore_buffer: [chip_swimlane_collector.cpp:689] Core 61: skipped 1024 AICore record slot(s) with start_time=0 (race-window write or recycled-buffer tail). buf seq=0 count=1024
[mono_ns=7319580799641728][T0xf36ceceddca0][WARN] copy_aicore_buffer: [chip_swimlane_collector.cpp:689] Core 63: skipped 1024 AICore record slot(s) with start_time=0 (race-window write or recycled-buffer tail). buf seq=0 count=1024
[mono_ns=7319580799653028][T0xf36cec6cdca0][WARN] copy_aicore_buffer: [chip_swimlane_collector.cpp:689] Core 65: skipped 1024 AICore record slot(s) with start_time=0 (race-window write or recycled-buffer tail). buf seq=0 count=1024
[mono_ns=7319580799910979][T0xf36ced6edca0][WARN] copy_aicore_buffer: [chip_swimlane_collector.cpp:689] Core 21: skipped 1024 AICore record slot(s) with start_time=0 (race-window write or recycled-buffer tail). buf seq=0 count=1024
[mono_ns=7319580799920149][T0xf36ceceddca0][WARN] copy_aicore_buffer: [chip_swimlane_collector.cpp:689] Core 22: skipped 1024 AICore record slot(s) with start_time=0 (race-window write or recycled-buffer tail). buf seq=0 count=1024
[mono_ns=7319580799933869][T0xf36cec6cdca0][WARN] copy_aicore_buffer: [chip_swimlane_collector.cpp:689] Core 23: skipped 1024 AICore record slot(s) with start_time=0 (race-window write or recycled-buffer tail). buf seq=0 count=1024
[mono_ns=7319580800196560][T0xf36ced6edca0][WARN] copy_aicore_buffer: [chip_swimlane_collector.cpp:689] Core 66: skipped 1024 AICore record slot(s) with start_time=0 (race-window write or recycled-buffer tail). buf seq=0 count=1024
[mono_ns=7319580800204000][T0xf36ceceddca0][WARN] copy_aicore_buffer: [chip_swimlane_collector.cpp:689] Core 68: skipped 1024 AICore record slot(s) with start_time=0 (race-window write or recycled-buffer tail). buf seq=0 count=1024
[mono_ns=7319580800228030][T0xf36cec6cdca0][WARN] copy_aicore_buffer: [chip_swimlane_collector.cpp:689] Core 70: skipped 1024 AICore record slot(s) with start_time=0 (race-window write or recycled-buffer tail). buf seq=0 count=1024
[mono_ns=7319580800475622][T0xf36ced6edca0][WARN] copy_aicore_buffer: [chip_swimlane_collector.cpp:689] Core 67: skipped 1024 AICore record slot(s) with start_time=0 (race-window write or recycled-buffer tail). buf seq=0 count=1024
[mono_ns=7319580800483082][T0xf36ceceddca0][WARN] copy_aicore_buffer: [chip_swimlane_collector.cpp:689] Core 69: skipped 1024 AICore record slot(s) with start_time=0 (race-window write or recycled-buffer tail). buf seq=0 count=1024
[mono_ns=7319580800512012][T0xf36cec6cdca0][WARN] copy_aicore_buffer: [chip_swimlane_collector.cpp:689] Core 71: skipped 1024 AICore record slot(s) with start_time=0 (race-window write or recycled-buffer tail). buf seq=0 count=1024
[mono_ns=7319580900990539][T0xf36e4a0b7020][TIMING] emit_host_span: [STRACE] v=1 pid=2155045 tid=2155045 inv=21 hid=7330127d2e7be9ea depth=1 name=chip.run.runner_run ts=7319580792769289 dur=108214080 
[mono_ns=7319580901040559][T0xf36e4a0b7020][TIMING] emit_host_span: [STRACE] v=1 pid=2155045 tid=2155045 inv=21 hid=7330127d2e7be9ea depth=1 name=chip.run.validate ts=7319580900998129 dur=39200 
[mono_ns=7319580901047379][T0xf36e4a0b7020][TIMING] emit_host_span: [STRACE] v=1 pid=2155045 tid=2155045 inv=21 hid=7330127d2e7be9ea depth=2 name=chip.run.runner_run.device_wall ts=0 dur=764040 clk=dev
[mono_ns=7319580901051669][T0xf36e4a0b7020][TIMING] emit_host_span: [STRACE] v=1 pid=2155045 tid=2155045 inv=21 hid=7330127d2e7be9ea depth=3 name=chip.run.runner_run.device_wall.preamble ts=0 dur=654859 clk=dev
[mono_ns=7319580901055219][T0xf36e4a0b7020][TIMING] emit_host_span: [STRACE] v=1 pid=2155045 tid=2155045 inv=21 hid=7330127d2e7be9ea depth=3 name=chip.run.runner_run.device_wall.graph_build ts=650660 dur=102479 clk=dev
[mono_ns=7319580901065509][T0xf36e4a0b7020][TIMING] emit_host_span: [STRACE] v=1 pid=2155045 tid=2155045 inv=21 hid=7330127d2e7be9ea depth=3 name=chip.run.runner_run.device_wall.config_validate ts=650740 dur=520 clk=dev
[mono_ns=7319580901068619][T0xf36e4a0b7020][TIMING] emit_host_span: [STRACE] v=1 pid=2155045 tid=2155045 inv=21 hid=7330127d2e7be9ea depth=3 name=chip.run.runner_run.device_wall.arena_wire ts=651280 dur=260 clk=dev
[mono_ns=7319580901071749][T0xf36e4a0b7020][TIMING] emit_host_span: [STRACE] v=1 pid=2155045 tid=2155045 inv=21 hid=7330127d2e7be9ea depth=3 name=chip.run.runner_run.device_wall.sm_reset ts=651580 dur=820 clk=dev
[mono_ns=7319580901074899][T0xf36e4a0b7020][TIMING] emit_host_span: [STRACE] v=1 pid=2155045 tid=2155045 inv=21 hid=7330127d2e7be9ea depth=3 name=chip.run.runner_run.device_wall.post_orch ts=753199 dur=10680 clk=dev
[mono_ns=7319580901078069][T0xf36e4a0b7020][TIMING] emit_host_span: [STRACE] v=1 pid=2155045 tid=2155045 inv=21 hid=7330127d2e7be9ea depth=3 name=chip.run.runner_run.device_wall.orch ts=652440 dur=2219 clk=dev
[mono_ns=7319580901081239][T0xf36e4a0b7020][TIMING] emit_host_span: [STRACE] v=1 pid=2155045 tid=2155045 inv=21 hid=7330127d2e7be9ea depth=3 name=chip.run.runner_run.device_wall.sched ts=655020 dur=79780 clk=dev
[mono_ns=7319580901085389][T0xf36e4a0b7020][TIMING] emit_host_span: [STRACE] v=1 pid=2155045 tid=2155045 inv=21 hid=7330127d2e7be9ea depth=1 name=chip.run.claim_release ts=7319580901083199 dur=470 
[mono_ns=7319580901089559][T0xf36e4a0b7020][TIMING] emit_host_span: [STRACE] v=1 pid=2155045 tid=2155045 inv=21 hid=7330127d2e7be9ea depth=0 name=chip.run ts=7319580791900395 dur=109187214 run_id=6 dispatch_id=21 slot_id=0 generation=6 run_epoch=21
[mono_ns=7319580901858672][T0xf36e4a0b7020][TIMING] emit_host_span: [STRACE] v=1 pid=2155045 tid=2155045 inv=22 hid=9a0ce7c17a38dab depth=2 name=chip.run.bind.args ts=7319580901790882 dur=62990 
[mono_ns=7319580901869992][T0xf36e4a0b7020][TIMING] emit_host_span: [STRACE] v=1 pid=2155045 tid=2155045 inv=22 hid=9a0ce7c17a38dab depth=2 name=chip.run.bind.prebuilt ts=7319580901865162 dur=2490 
[mono_ns=7319580901873882][T0xf36e4a0b7020][TIMING] emit_host_span: [STRACE] v=1 pid=2155045 tid=2155045 inv=22 hid=9a0ce7c17a38dab depth=1 name=chip.run.bind ts=7319580901784272 dur=87660 
[mono_ns=7319580903180588][T0xf36ced6edca0][WARN] copy_aicore_buffer: [chip_swimlane_collector.cpp:689] Core 0: skipped 1024 AICore record slot(s) with start_time=0 (race-window write or recycled-buffer tail). buf seq=0 count=1024
[mono_ns=7319580903182328][T0xf36ceceddca0][WARN] copy_aicore_buffer: [chip_swimlane_collector.cpp:689] Core 1: skipped 1024 AICore record slot(s) with start_time=0 (race-window write or recycled-buffer tail). buf seq=0 count=1024
[mono_ns=7319580903183248][T0xf36cec6cdca0][WARN] copy_aicore_buffer: [chip_swimlane_collector.cpp:689] Core 2: skipped 1024 AICore record slot(s) with start_time=0 (race-window write or recycled-buffer tail). buf seq=0 count=1024
[mono_ns=7319580903461149][T0xf36ced6edca0][WARN] copy_aicore_buffer: [chip_swimlane_collector.cpp:689] Core 24: skipped 1024 AICore record slot(s) with start_time=0 (race-window write or recycled-buffer tail). buf seq=0 count=1024
[mono_ns=7319580903467199][T0xf36ceceddca0][WARN] copy_aicore_buffer: [chip_swimlane_collector.cpp:689] Core 26: skipped 1023 AICore record slot(s) with start_time=0 (race-window write or recycled-buffer tail). buf seq=0 count=1024
[mono_ns=7319580903470729][T0xf36cec6cdca0][WARN] copy_aicore_buffer: [chip_swimlane_collector.cpp:689] Core 28: skipped 1024 AICore record slot(s) with start_time=0 (race-window write or recycled-buffer tail). buf seq=0 count=1024
[mono_ns=7319580903741860][T0xf36ced6edca0][WARN] copy_aicore_buffer: [chip_swimlane_collector.cpp:689] Core 25: skipped 1024 AICore record slot(s) with start_time=0 (race-window write or recycled-buffer tail). buf seq=0 count=1024
[mono_ns=7319580903747130][T0xf36ceceddca0][WARN] copy_aicore_buffer: [chip_swimlane_collector.cpp:689] Core 27: skipped 1024 AICore record slot(s) with start_time=0 (race-window write or recycled-buffer tail). buf seq=0 count=1024
[mono_ns=7319580903751060][T0xf36cec6cdca0][WARN] copy_aicore_buffer: [chip_swimlane_collector.cpp:689] Core 29: skipped 1024 AICore record slot(s) with start_time=0 (race-window write or recycled-buffer tail). buf seq=0 count=1024
[mono_ns=7319580904026992][T0xf36ced6edca0][WARN] copy_aicore_buffer: [chip_swimlane_collector.cpp:689] Core 3: skipped 1024 AICore record slot(s) with start_time=0 (race-window write or recycled-buffer tail). buf seq=0 count=1024
[mono_ns=7319580904033292][T0xf36ceceddca0][WARN] copy_aicore_buffer: [chip_swimlane_collector.cpp:689] Core 4: skipped 1024 AICore record slot(s) with start_time=0 (race-window write or recycled-buffer tail). buf seq=0 count=1024
[mono_ns=7319580904038432][T0xf36cec6cdca0][WARN] copy_aicore_buffer: [chip_swimlane_collector.cpp:689] Core 5: skipped 1024 AICore record slot(s) with start_time=0 (race-window write or recycled-buffer tail). buf seq=0 count=1024
[mono_ns=7319580904307803][T0xf36ced6edca0][WARN] copy_aicore_buffer: [chip_swimlane_collector.cpp:689] Core 30: skipped 1024 AICore record slot(s) with start_time=0 (race-window write or recycled-buffer tail). buf seq=0 count=1024
[mono_ns=7319580904314973][T0xf36ceceddca0][WARN] copy_aicore_buffer: [chip_swimlane_collector.cpp:689] Core 32: skipped 1023 AICore record slot(s) with start_time=0 (race-window write or recycled-buffer tail). buf seq=0 count=1024
[mono_ns=7319580904323803][T0xf36cec6cdca0][WARN] copy_aicore_buffer: [chip_swimlane_collector.cpp:689] Core 34: skipped 1024 AICore record slot(s) with start_time=0 (race-window write or recycled-buffer tail). buf seq=0 count=1024
[mono_ns=7319580904586834][T0xf36ced6edca0][WARN] copy_aicore_buffer: [chip_swimlane_collector.cpp:689] Core 31: skipped 1024 AICore record slot(s) with start_time=0 (race-window write or recycled-buffer tail). buf seq=0 count=1024
[mono_ns=7319580904593054][T0xf36ceceddca0][WARN] copy_aicore_buffer: [chip_swimlane_collector.cpp:689] Core 33: skipped 1024 AICore record slot(s) with start_time=0 (race-window write or recycled-buffer tail). buf seq=0 count=1024
[mono_ns=7319580904602174][T0xf36cec6cdca0][WARN] copy_aicore_buffer: [chip_swimlane_collector.cpp:689] Core 35: skipped 1024 AICore record slot(s) with start_time=0 (race-window write or recycled-buffer tail). buf seq=0 count=1024
[mono_ns=7319580904865045][T0xf36ced6edca0][WARN] copy_aicore_buffer: [chip_swimlane_collector.cpp:689] Core 6: skipped 1024 AICore record slot(s) with start_time=0 (race-window write or recycled-buffer tail). buf seq=0 count=1024
[mono_ns=7319580904871275][T0xf36ceceddca0][WARN] copy_aicore_buffer: [chip_swimlane_collector.cpp:689] Core 7: skipped 1024 AICore record slot(s) with start_time=0 (race-window write or recycled-buffer tail). buf seq=0 count=1024
[mono_ns=7319580904882625][T0xf36cec6cdca0][WARN] copy_aicore_buffer: [chip_swimlane_collector.cpp:689] Core 8: skipped 1024 AICore record slot(s) with start_time=0 (race-window write or recycled-buffer tail). buf seq=0 count=1024
[mono_ns=7319580905156046][T0xf36ced6edca0][WARN] copy_aicore_buffer: [chip_swimlane_collector.cpp:689] Core 36: skipped 1024 AICore record slot(s) with start_time=0 (race-window write or recycled-buffer tail). buf seq=0 count=1024
[mono_ns=7319580905159796][T0xf36ceceddca0][WARN] copy_aicore_buffer: [chip_swimlane_collector.cpp:689] Core 38: skipped 1024 AICore record slot(s) with start_time=0 (race-window write or recycled-buffer tail). buf seq=0 count=1024
[mono_ns=7319580905175966][T0xf36cec6cdca0][WARN] copy_aicore_buffer: [chip_swimlane_collector.cpp:689] Core 40: skipped 1024 AICore record slot(s) with start_time=0 (race-window write or recycled-buffer tail). buf seq=0 count=1024
[mono_ns=7319580905434218][T0xf36ced6edca0][WARN] copy_aicore_buffer: [chip_swimlane_collector.cpp:689] Core 37: skipped 1024 AICore record slot(s) with start_time=0 (race-window write or recycled-buffer tail). buf seq=0 count=1024
[mono_ns=7319580905438358][T0xf36ceceddca0][WARN] copy_aicore_buffer: [chip_swimlane_collector.cpp:689] Core 39: skipped 1024 AICore record slot(s) with start_time=0 (race-window write or recycled-buffer tail). buf seq=0 count=1024
[mono_ns=7319580905454358][T0xf36cec6cdca0][WARN] copy_aicore_buffer: [chip_swimlane_collector.cpp:689] Core 41: skipped 1024 AICore record slot(s) with start_time=0 (race-window write or recycled-buffer tail). buf seq=0 count=1024
[mono_ns=7319580905713139][T0xf36ced6edca0][WARN] copy_aicore_buffer: [chip_swimlane_collector.cpp:689] Core 9: skipped 1024 AICore record slot(s) with start_time=0 (race-window write or recycled-buffer tail). buf seq=0 count=1024
[mono_ns=7319580905717059][T0xf36ceceddca0][WARN] copy_aicore_buffer: [chip_swimlane_collector.cpp:689] Core 10: skipped 1024 AICore record slot(s) with start_time=0 (race-window write or recycled-buffer tail). buf seq=0 count=1024
[mono_ns=7319580905736039][T0xf36cec6cdca0][WARN] copy_aicore_buffer: [chip_swimlane_collector.cpp:689] Core 11: skipped 1024 AICore record slot(s) with start_time=0 (race-window write or recycled-buffer tail). buf seq=0 count=1024
[mono_ns=7319580905991580][T0xf36ced6edca0][WARN] copy_aicore_buffer: [chip_swimlane_collector.cpp:689] Core 42: skipped 1024 AICore record slot(s) with start_time=0 (race-window write or recycled-buffer tail). buf seq=0 count=1024
[mono_ns=7319580905995670][T0xf36ceceddca0][WARN] copy_aicore_buffer: [chip_swimlane_collector.cpp:689] Core 44: skipped 1024 AICore record slot(s) with start_time=0 (race-window write or recycled-buffer tail). buf seq=0 count=1024
[mono_ns=7319580906109890][T0xf36cec6cdca0][WARN] copy_aicore_buffer: [chip_swimlane_collector.cpp:689] Core 46: skipped 1024 AICore record slot(s) with start_time=0 (race-window write or recycled-buffer tail). buf seq=0 count=1024
[mono_ns=7319580906274411][T0xf36ced6edca0][WARN] copy_aicore_buffer: [chip_swimlane_collector.cpp:689] Core 43: skipped 1024 AICore record slot(s) with start_time=0 (race-window write or recycled-buffer tail). buf seq=0 count=1024
[mono_ns=7319580906287891][T0xf36ceceddca0][WARN] copy_aicore_buffer: [chip_swimlane_collector.cpp:689] Core 45: skipped 1024 AICore record slot(s) with start_time=0 (race-window write or recycled-buffer tail). buf seq=0 count=1024
[mono_ns=7319580906452732][T0xf36cec6cdca0][WARN] copy_aicore_buffer: [chip_swimlane_collector.cpp:689] Core 47: skipped 1024 AICore record slot(s) with start_time=0 (race-window write or recycled-buffer tail). buf seq=0 count=1024
[mono_ns=7319580906554602][T0xf36ced6edca0][WARN] copy_aicore_buffer: [chip_swimlane_collector.cpp:689] Core 12: skipped 1024 AICore record slot(s) with start_time=0 (race-window write or recycled-buffer tail). buf seq=0 count=1024
[mono_ns=7319580906569232][T0xf36ceceddca0][WARN] copy_aicore_buffer: [chip_swimlane_collector.cpp:689] Core 13: skipped 1024 AICore record slot(s) with start_time=0 (race-window write or recycled-buffer tail). buf seq=0 count=1024
[mono_ns=7319580906780493][T0xf36cec6cdca0][WARN] copy_aicore_buffer: [chip_swimlane_collector.cpp:689] Core 14: skipped 1024 AICore record slot(s) with start_time=0 (race-window write or recycled-buffer tail). buf seq=0 count=1024
[mono_ns=7319580906833074][T0xf36ced6edca0][WARN] copy_aicore_buffer: [chip_swimlane_collector.cpp:689] Core 48: skipped 1024 AICore record slot(s) with start_time=0 (race-window write or recycled-buffer tail). buf seq=0 count=1024
[mono_ns=7319580906851544][T0xf36ceceddca0][WARN] copy_aicore_buffer: [chip_swimlane_collector.cpp:689] Core 50: skipped 1024 AICore record slot(s) with start_time=0 (race-window write or recycled-buffer tail). buf seq=0 count=1024
[mono_ns=7319580907119105][T0xf36cec6cdca0][WARN] copy_aicore_buffer: [chip_swimlane_collector.cpp:689] Core 52: skipped 1024 AICore record slot(s) with start_time=0 (race-window write or recycled-buffer tail). buf seq=0 count=1024
[mono_ns=7319580907120375][T0xf36ced6edca0][WARN] copy_aicore_buffer: [chip_swimlane_collector.cpp:689] Core 49: skipped 1024 AICore record slot(s) with start_time=0 (race-window write or recycled-buffer tail). buf seq=0 count=1024
[mono_ns=7319580907139525][T0xf36ceceddca0][WARN] copy_aicore_buffer: [chip_swimlane_collector.cpp:689] Core 51: skipped 1024 AICore record slot(s) with start_time=0 (race-window write or recycled-buffer tail). buf seq=0 count=1024
[mono_ns=7319580907401556][T0xf36ced6edca0][WARN] copy_aicore_buffer: [chip_swimlane_collector.cpp:689] Core 15: skipped 1024 AICore record slot(s) with start_time=0 (race-window write or recycled-buffer tail). buf seq=0 count=1024
[mono_ns=7319580907417956][T0xf36ceceddca0][WARN] copy_aicore_buffer: [chip_swimlane_collector.cpp:689] Core 16: skipped 1024 AICore record slot(s) with start_time=0 (race-window write or recycled-buffer tail). buf seq=0 count=1024
[mono_ns=7319580907447586][T0xf36cec6cdca0][WARN] copy_aicore_buffer: [chip_swimlane_collector.cpp:689] Core 53: skipped 1024 AICore record slot(s) with start_time=0 (race-window write or recycled-buffer tail). buf seq=0 count=1024
[mono_ns=7319580907680897][T0xf36ced6edca0][WARN] copy_aicore_buffer: [chip_swimlane_collector.cpp:689] Core 54: skipped 1024 AICore record slot(s) with start_time=0 (race-window write or recycled-buffer tail). buf seq=0 count=1024
[mono_ns=7319580907698337][T0xf36ceceddca0][WARN] copy_aicore_buffer: [chip_swimlane_collector.cpp:689] Core 56: skipped 1024 AICore record slot(s) with start_time=0 (race-window write or recycled-buffer tail). buf seq=0 count=1024
[mono_ns=7319580907775438][T0xf36cec6cdca0][WARN] copy_aicore_buffer: [chip_swimlane_collector.cpp:689] Core 17: skipped 1024 AICore record slot(s) with start_time=0 (race-window write or recycled-buffer tail). buf seq=0 count=1024
[mono_ns=7319580907958848][T0xf36ced6edca0][WARN] copy_aicore_buffer: [chip_swimlane_collector.cpp:689] Core 55: skipped 1024 AICore record slot(s) with start_time=0 (race-window write or recycled-buffer tail). buf seq=0 count=1024
[mono_ns=7319580907977338][T0xf36ceceddca0][WARN] copy_aicore_buffer: [chip_swimlane_collector.cpp:689] Core 57: skipped 1024 AICore record slot(s) with start_time=0 (race-window write or recycled-buffer tail). buf seq=0 count=1024
[mono_ns=7319580908112169][T0xf36cec6cdca0][WARN] copy_aicore_buffer: [chip_swimlane_collector.cpp:689] Core 58: skipped 1024 AICore record slot(s) with start_time=0 (race-window write or recycled-buffer tail). buf seq=0 count=1024
[mono_ns=7319580908246170][T0xf36ced6edca0][WARN] copy_aicore_buffer: [chip_swimlane_collector.cpp:689] Core 18: skipped 1024 AICore record slot(s) with start_time=0 (race-window write or recycled-buffer tail). buf seq=0 count=1024
[mono_ns=7319580908266480][T0xf36ceceddca0][WARN] copy_aicore_buffer: [chip_swimlane_collector.cpp:689] Core 19: skipped 1024 AICore record slot(s) with start_time=0 (race-window write or recycled-buffer tail). buf seq=0 count=1024
[mono_ns=7319580908440860][T0xf36cec6cdca0][WARN] copy_aicore_buffer: [chip_swimlane_collector.cpp:689] Core 59: skipped 1024 AICore record slot(s) with start_time=0 (race-window write or recycled-buffer tail). buf seq=0 count=1024
[mono_ns=7319580908526711][T0xf36ced6edca0][WARN] copy_aicore_buffer: [chip_swimlane_collector.cpp:689] Core 60: skipped 1024 AICore record slot(s) with start_time=0 (race-window write or recycled-buffer tail). buf seq=0 count=1024
[mono_ns=7319580908548071][T0xf36ceceddca0][WARN] copy_aicore_buffer: [chip_swimlane_collector.cpp:689] Core 62: skipped 1024 AICore record slot(s) with start_time=0 (race-window write or recycled-buffer tail). buf seq=0 count=1024
[mono_ns=7319580908768552][T0xf36cec6cdca0][WARN] copy_aicore_buffer: [chip_swimlane_collector.cpp:689] Core 20: skipped 1024 AICore record slot(s) with start_time=0 (race-window write or recycled-buffer tail). buf seq=0 count=1024
[mono_ns=7319580908806792][T0xf36ced6edca0][WARN] copy_aicore_buffer: [chip_swimlane_collector.cpp:689] Core 61: skipped 1024 AICore record slot(s) with start_time=0 (race-window write or recycled-buffer tail). buf seq=0 count=1024
[mono_ns=7319580908828212][T0xf36ceceddca0][WARN] copy_aicore_buffer: [chip_swimlane_collector.cpp:689] Core 63: skipped 1024 AICore record slot(s) with start_time=0 (race-window write or recycled-buffer tail). buf seq=0 count=1024
[mono_ns=7319580909093523][T0xf36ced6edca0][WARN] copy_aicore_buffer: [chip_swimlane_collector.cpp:689] Core 21: skipped 1024 AICore record slot(s) with start_time=0 (race-window write or recycled-buffer tail). buf seq=0 count=1024
[mono_ns=7319580909105343][T0xf36cec6cdca0][WARN] copy_aicore_buffer: [chip_swimlane_collector.cpp:689] Core 64: skipped 1024 AICore record slot(s) with start_time=0 (race-window write or recycled-buffer tail). buf seq=0 count=1024
[mono_ns=7319580909116003][T0xf36ceceddca0][WARN] copy_aicore_buffer: [chip_swimlane_collector.cpp:689] Core 22: skipped 1024 AICore record slot(s) with start_time=0 (race-window write or recycled-buffer tail). buf seq=0 count=1024
[mono_ns=7319580909372764][T0xf36ced6edca0][WARN] copy_aicore_buffer: [chip_swimlane_collector.cpp:689] Core 66: skipped 1024 AICore record slot(s) with start_time=0 (race-window write or recycled-buffer tail). buf seq=0 count=1024
[mono_ns=7319580909397244][T0xf36ceceddca0][WARN] copy_aicore_buffer: [chip_swimlane_collector.cpp:689] Core 68: skipped 1024 AICore record slot(s) with start_time=0 (race-window write or recycled-buffer tail). buf seq=0 count=1024
[mono_ns=7319580909427795][T0xf36cec6cdca0][WARN] copy_aicore_buffer: [chip_swimlane_collector.cpp:689] Core 65: skipped 1024 AICore record slot(s) with start_time=0 (race-window write or recycled-buffer tail). buf seq=0 count=1024
[mono_ns=7319580909651965][T0xf36ced6edca0][WARN] copy_aicore_buffer: [chip_swimlane_collector.cpp:689] Core 67: skipped 1024 AICore record slot(s) with start_time=0 (race-window write or recycled-buffer tail). buf seq=0 count=1024
[mono_ns=7319580909677846][T0xf36ceceddca0][WARN] copy_aicore_buffer: [chip_swimlane_collector.cpp:689] Core 69: skipped 1024 AICore record slot(s) with start_time=0 (race-window write or recycled-buffer tail). buf seq=0 count=1024
[mono_ns=7319580909755076][T0xf36cec6cdca0][WARN] copy_aicore_buffer: [chip_swimlane_collector.cpp:689] Core 23: skipped 1024 AICore record slot(s) with start_time=0 (race-window write or recycled-buffer tail). buf seq=0 count=1024
[mono_ns=7319580910092847][T0xf36cec6cdca0][WARN] copy_aicore_buffer: [chip_swimlane_collector.cpp:689] Core 70: skipped 1024 AICore record slot(s) with start_time=0 (race-window write or recycled-buffer tail). buf seq=0 count=1024
[mono_ns=7319580910420559][T0xf36cec6cdca0][WARN] copy_aicore_buffer: [chip_swimlane_collector.cpp:689] Core 71: skipped 1024 AICore record slot(s) with start_time=0 (race-window write or recycled-buffer tail). buf seq=0 count=1024
[mono_ns=7319581010846806][T0xf36e4a0b7020][TIMING] emit_host_span: [STRACE] v=1 pid=2155045 tid=2155045 inv=22 hid=9a0ce7c17a38dab depth=1 name=chip.run.runner_run ts=7319580902086723 dur=108753133 
[mono_ns=7319581010882346][T0xf36e4a0b7020][TIMING] emit_host_span: [STRACE] v=1 pid=2155045 tid=2155045 inv=22 hid=9a0ce7c17a38dab depth=1 name=chip.run.validate ts=7319581010856126 dur=23160 
[mono_ns=7319581010893986][T0xf36e4a0b7020][TIMING] emit_host_span: [STRACE] v=1 pid=2155045 tid=2155045 inv=22 hid=9a0ce7c17a38dab depth=2 name=chip.run.runner_run.device_wall ts=0 dur=657680 clk=dev
[mono_ns=7319581010897656][T0xf36e4a0b7020][TIMING] emit_host_span: [STRACE] v=1 pid=2155045 tid=2155045 inv=22 hid=9a0ce7c17a38dab depth=3 name=chip.run.runner_run.device_wall.preamble ts=0 dur=622800 clk=dev
[mono_ns=7319581010901206][T0xf36e4a0b7020][TIMING] emit_host_span: [STRACE] v=1 pid=2155045 tid=2155045 inv=22 hid=9a0ce7c17a38dab depth=3 name=chip.run.runner_run.device_wall.graph_build ts=618839 dur=28099 clk=dev
[mono_ns=7319581010905176][T0xf36e4a0b7020][TIMING] emit_host_span: [STRACE] v=1 pid=2155045 tid=2155045 inv=22 hid=9a0ce7c17a38dab depth=3 name=chip.run.runner_run.device_wall.config_validate ts=618940 dur=520 clk=dev
[mono_ns=7319581010908166][T0xf36e4a0b7020][TIMING] emit_host_span: [STRACE] v=1 pid=2155045 tid=2155045 inv=22 hid=9a0ce7c17a38dab depth=3 name=chip.run.runner_run.device_wall.arena_wire ts=619480 dur=240 clk=dev
[mono_ns=7319581010911086][T0xf36e4a0b7020][TIMING] emit_host_span: [STRACE] v=1 pid=2155045 tid=2155045 inv=22 hid=9a0ce7c17a38dab depth=3 name=chip.run.runner_run.device_wall.sm_reset ts=619740 dur=480 clk=dev
[mono_ns=7319581010914066][T0xf36e4a0b7020][TIMING] emit_host_span: [STRACE] v=1 pid=2155045 tid=2155045 inv=22 hid=9a0ce7c17a38dab depth=3 name=chip.run.runner_run.device_wall.post_orch ts=646980 dur=10600 clk=dev
[mono_ns=7319581010917436][T0xf36e4a0b7020][TIMING] emit_host_span: [STRACE] v=1 pid=2155045 tid=2155045 inv=22 hid=9a0ce7c17a38dab depth=3 name=chip.run.runner_run.device_wall.orch ts=620260 dur=1359 clk=dev
[mono_ns=7319581010922366][T0xf36e4a0b7020][TIMING] emit_host_span: [STRACE] v=1 pid=2155045 tid=2155045 inv=22 hid=9a0ce7c17a38dab depth=3 name=chip.run.runner_run.device_wall.sched ts=622980 dur=6319 clk=dev
[mono_ns=7319581010926366][T0xf36e4a0b7020][TIMING] emit_host_span: [STRACE] v=1 pid=2155045 tid=2155045 inv=22 hid=9a0ce7c17a38dab depth=1 name=chip.run.claim_release ts=7319581010924326 dur=300 
[mono_ns=7319581010931026][T0xf36e4a0b7020][TIMING] emit_host_span: [STRACE] v=1 pid=2155045 tid=2155045 inv=22 hid=9a0ce7c17a38dab depth=0 name=chip.run ts=7319580901759702 dur=109169114 run_id=6 dispatch_id=22 slot_id=0 generation=6 run_epoch=22
[mono_ns=7319581011206727][T0xf36e4a0b7020][TIMING] emit_host_span: [STRACE] v=1 pid=2155045 tid=2155045 inv=23 hid=aa636548c65ca6a1 depth=2 name=chip.run.bind.args ts=7319581011169397 dur=33610 
[mono_ns=7319581011218117][T0xf36e4a0b7020][TIMING] emit_host_span: [STRACE] v=1 pid=2155045 tid=2155045 inv=23 hid=aa636548c65ca6a1 depth=2 name=chip.run.bind.prebuilt ts=7319581011213377 dur=1850 
[mono_ns=7319581011222047][T0xf36e4a0b7020][TIMING] emit_host_span: [STRACE] v=1 pid=2155045 tid=2155045 inv=23 hid=aa636548c65ca6a1 depth=1 name=chip.run.bind ts=7319581011163207 dur=56810 
[mono_ns=7319581021220770][T0xf36e4a0b7020][TIMING] emit_host_span: [STRACE] v=1 pid=2155045 tid=2155045 inv=23 hid=aa636548c65ca6a1 depth=1 name=chip.run.runner_run ts=7319581011381528 dur=9834412 
[mono_ns=7319581021250370][T0xf36e4a0b7020][TIMING] emit_host_span: [STRACE] v=1 pid=2155045 tid=2155045 inv=23 hid=aa636548c65ca6a1 depth=1 name=chip.run.validate ts=7319581021227620 dur=19560 
[mono_ns=7319581021254540][T0xf36e4a0b7020][TIMING] emit_host_span: [STRACE] v=1 pid=2155045 tid=2155045 inv=23 hid=aa636548c65ca6a1 depth=2 name=chip.run.runner_run.device_wall ts=0 dur=9646000 clk=dev
[mono_ns=7319581021257870][T0xf36e4a0b7020][TIMING] emit_host_span: [STRACE] v=1 pid=2155045 tid=2155045 inv=23 hid=aa636548c65ca6a1 depth=3 name=chip.run.runner_run.device_wall.preamble ts=0 dur=5779 clk=dev
[mono_ns=7319581021261280][T0xf36e4a0b7020][TIMING] emit_host_span: [STRACE] v=1 pid=2155045 tid=2155045 inv=23 hid=aa636548c65ca6a1 depth=3 name=chip.run.runner_run.device_wall.graph_build ts=1060 dur=9634280 clk=dev
[mono_ns=7319581021265400][T0xf36e4a0b7020][TIMING] emit_host_span: [STRACE] v=1 pid=2155045 tid=2155045 inv=23 hid=aa636548c65ca6a1 depth=3 name=chip.run.runner_run.device_wall.config_validate ts=1160 dur=520 clk=dev
[mono_ns=7319581021268680][T0xf36e4a0b7020][TIMING] emit_host_span: [STRACE] v=1 pid=2155045 tid=2155045 inv=23 hid=aa636548c65ca6a1 depth=3 name=chip.run.runner_run.device_wall.arena_wire ts=1819 dur=260 clk=dev
[mono_ns=7319581021271560][T0xf36e4a0b7020][TIMING] emit_host_span: [STRACE] v=1 pid=2155045 tid=2155045 inv=23 hid=aa636548c65ca6a1 depth=3 name=chip.run.runner_run.device_wall.sm_reset ts=2120 dur=459 clk=dev
[mono_ns=7319581021274800][T0xf36e4a0b7020][TIMING] emit_host_span: [STRACE] v=1 pid=2155045 tid=2155045 inv=23 hid=aa636548c65ca6a1 depth=3 name=chip.run.runner_run.device_wall.post_orch ts=9635380 dur=10520 clk=dev
[mono_ns=7319581021277810][T0xf36e4a0b7020][TIMING] emit_host_span: [STRACE] v=1 pid=2155045 tid=2155045 inv=23 hid=aa636548c65ca6a1 depth=3 name=chip.run.runner_run.device_wall.orch ts=2620 dur=1700 clk=dev
[mono_ns=7319581021284800][T0xf36e4a0b7020][TIMING] emit_host_span: [STRACE] v=1 pid=2155045 tid=2155045 inv=23 hid=aa636548c65ca6a1 depth=3 name=chip.run.runner_run.device_wall.sched ts=5840 dur=9622480 clk=dev
[mono_ns=7319581021288850][T0xf36e4a0b7020][TIMING] emit_host_span: [STRACE] v=1 pid=2155045 tid=2155045 inv=23 hid=aa636548c65ca6a1 depth=1 name=chip.run.claim_release ts=7319581021286600 dur=440 
[mono_ns=7319581021293060][T0xf36e4a0b7020][TIMING] emit_host_span: [STRACE] v=1 pid=2155045 tid=2155045 inv=23 hid=aa636548c65ca6a1 depth=0 name=chip.run ts=7319581011142787 dur=10148283 run_id=6 dispatch_id=23 slot_id=0 generation=6 run_epoch=23
[mono_ns=7319581022096363][T0xf36e4a0b7020][TIMING] emit_host_span: [STRACE] v=1 pid=2155045 tid=2155045 inv=24 hid=e3bcbf8fce8ee77f depth=2 name=chip.run.bind.args ts=7319581022050713 dur=41460 
[mono_ns=7319581022107233][T0xf36e4a0b7020][TIMING] emit_host_span: [STRACE] v=1 pid=2155045 tid=2155045 inv=24 hid=e3bcbf8fce8ee77f depth=2 name=chip.run.bind.prebuilt ts=7319581022103213 dur=1880 
[mono_ns=7319581022110983][T0xf36e4a0b7020][TIMING] emit_host_span: [STRACE] v=1 pid=2155045 tid=2155045 inv=24 hid=e3bcbf8fce8ee77f depth=1 name=chip.run.bind ts=7319581022044583 dur=64550 
[mono_ns=7319581023387189][T0xf36ceceddca0][WARN] copy_aicore_buffer: [chip_swimlane_collector.cpp:689] Core 1: skipped 1024 AICore record slot(s) with start_time=0 (race-window write or recycled-buffer tail). buf seq=0 count=1024
[mono_ns=7319581023392939][T0xf36ced6edca0][WARN] copy_aicore_buffer: [chip_swimlane_collector.cpp:689] Core 0: skipped 1024 AICore record slot(s) with start_time=0 (race-window write or recycled-buffer tail). buf seq=0 count=1024
[mono_ns=7319581023425369][T0xf36cec6cdca0][WARN] copy_aicore_buffer: [chip_swimlane_collector.cpp:689] Core 2: skipped 1024 AICore record slot(s) with start_time=0 (race-window write or recycled-buffer tail). buf seq=0 count=1024
[mono_ns=7319581023673330][T0xf36ced6edca0][WARN] copy_aicore_buffer: [chip_swimlane_collector.cpp:689] Core 24: skipped 1024 AICore record slot(s) with start_time=0 (race-window write or recycled-buffer tail). buf seq=0 count=1024
[mono_ns=7319581023676380][T0xf36ceceddca0][WARN] copy_aicore_buffer: [chip_swimlane_collector.cpp:689] Core 26: skipped 1024 AICore record slot(s) with start_time=0 (race-window write or recycled-buffer tail). buf seq=0 count=1024
[mono_ns=7319581023755630][T0xf36cec6cdca0][WARN] copy_aicore_buffer: [chip_swimlane_collector.cpp:689] Core 28: skipped 1023 AICore record slot(s) with start_time=0 (race-window write or recycled-buffer tail). buf seq=0 count=1024
[mono_ns=7319581023953761][T0xf36ced6edca0][WARN] copy_aicore_buffer: [chip_swimlane_collector.cpp:689] Core 25: skipped 1024 AICore record slot(s) with start_time=0 (race-window write or recycled-buffer tail). buf seq=0 count=1024
[mono_ns=7319581023956761][T0xf36ceceddca0][WARN] copy_aicore_buffer: [chip_swimlane_collector.cpp:689] Core 27: skipped 1024 AICore record slot(s) with start_time=0 (race-window write or recycled-buffer tail). buf seq=0 count=1024
[mono_ns=7319581024092192][T0xf36cec6cdca0][WARN] copy_aicore_buffer: [chip_swimlane_collector.cpp:689] Core 29: skipped 1024 AICore record slot(s) with start_time=0 (race-window write or recycled-buffer tail). buf seq=0 count=1024
[mono_ns=7319581024247872][T0xf36ced6edca0][WARN] copy_aicore_buffer: [chip_swimlane_collector.cpp:689] Core 3: skipped 1024 AICore record slot(s) with start_time=0 (race-window write or recycled-buffer tail). buf seq=0 count=1024
[mono_ns=7319581024254993][T0xf36ceceddca0][WARN] copy_aicore_buffer: [chip_swimlane_collector.cpp:689] Core 4: skipped 1024 AICore record slot(s) with start_time=0 (race-window write or recycled-buffer tail). buf seq=0 count=1024
[mono_ns=7319581024429793][T0xf36cec6cdca0][WARN] copy_aicore_buffer: [chip_swimlane_collector.cpp:689] Core 5: skipped 1024 AICore record slot(s) with start_time=0 (race-window write or recycled-buffer tail). buf seq=0 count=1024
[mono_ns=7319581024527834][T0xf36ced6edca0][WARN] copy_aicore_buffer: [chip_swimlane_collector.cpp:689] Core 30: skipped 1024 AICore record slot(s) with start_time=0 (race-window write or recycled-buffer tail). buf seq=0 count=1024
[mono_ns=7319581024536244][T0xf36ceceddca0][WARN] copy_aicore_buffer: [chip_swimlane_collector.cpp:689] Core 32: skipped 1024 AICore record slot(s) with start_time=0 (race-window write or recycled-buffer tail). buf seq=0 count=1024
[mono_ns=7319581024756695][T0xf36cec6cdca0][WARN] copy_aicore_buffer: [chip_swimlane_collector.cpp:689] Core 34: skipped 1024 AICore record slot(s) with start_time=0 (race-window write or recycled-buffer tail). buf seq=0 count=1024
[mono_ns=7319581024808135][T0xf36ced6edca0][WARN] copy_aicore_buffer: [chip_swimlane_collector.cpp:689] Core 31: skipped 1024 AICore record slot(s) with start_time=0 (race-window write or recycled-buffer tail). buf seq=0 count=1024
[mono_ns=7319581024814205][T0xf36ceceddca0][WARN] copy_aicore_buffer: [chip_swimlane_collector.cpp:689] Core 33: skipped 1024 AICore record slot(s) with start_time=0 (race-window write or recycled-buffer tail). buf seq=0 count=1024
[mono_ns=7319581025097056][T0xf36cec6cdca0][WARN] copy_aicore_buffer: [chip_swimlane_collector.cpp:689] Core 35: skipped 1023 AICore record slot(s) with start_time=0 (race-window write or recycled-buffer tail). buf seq=0 count=1024
[mono_ns=7319581025099836][T0xf36ced6edca0][WARN] copy_aicore_buffer: [chip_swimlane_collector.cpp:689] Core 6: skipped 1024 AICore record slot(s) with start_time=0 (race-window write or recycled-buffer tail). buf seq=0 count=1024
[mono_ns=7319581025107116][T0xf36ceceddca0][WARN] copy_aicore_buffer: [chip_swimlane_collector.cpp:689] Core 7: skipped 1024 AICore record slot(s) with start_time=0 (race-window write or recycled-buffer tail). buf seq=0 count=1024
[mono_ns=7319581025380237][T0xf36ced6edca0][WARN] copy_aicore_buffer: [chip_swimlane_collector.cpp:689] Core 36: skipped 1024 AICore record slot(s) with start_time=0 (race-window write or recycled-buffer tail). buf seq=0 count=1024
[mono_ns=7319581025385127][T0xf36ceceddca0][WARN] copy_aicore_buffer: [chip_swimlane_collector.cpp:689] Core 38: skipped 1024 AICore record slot(s) with start_time=0 (race-window write or recycled-buffer tail). buf seq=0 count=1024
[mono_ns=7319581025424307][T0xf36cec6cdca0][WARN] copy_aicore_buffer: [chip_swimlane_collector.cpp:689] Core 8: skipped 1024 AICore record slot(s) with start_time=0 (race-window write or recycled-buffer tail). buf seq=0 count=1024
[mono_ns=7319581025660008][T0xf36ced6edca0][WARN] copy_aicore_buffer: [chip_swimlane_collector.cpp:689] Core 37: skipped 1024 AICore record slot(s) with start_time=0 (race-window write or recycled-buffer tail). buf seq=0 count=1024
[mono_ns=7319581025664649][T0xf36ceceddca0][WARN] copy_aicore_buffer: [chip_swimlane_collector.cpp:689] Core 39: skipped 1024 AICore record slot(s) with start_time=0 (race-window write or recycled-buffer tail). buf seq=0 count=1024
[mono_ns=7319581025750889][T0xf36cec6cdca0][WARN] copy_aicore_buffer: [chip_swimlane_collector.cpp:689] Core 40: skipped 1024 AICore record slot(s) with start_time=0 (race-window write or recycled-buffer tail). buf seq=0 count=1024
[mono_ns=7319581025939310][T0xf36ced6edca0][WARN] copy_aicore_buffer: [chip_swimlane_collector.cpp:689] Core 9: skipped 1024 AICore record slot(s) with start_time=0 (race-window write or recycled-buffer tail). buf seq=0 count=1024
[mono_ns=7319581025945870][T0xf36ceceddca0][WARN] copy_aicore_buffer: [chip_swimlane_collector.cpp:689] Core 10: skipped 1024 AICore record slot(s) with start_time=0 (race-window write or recycled-buffer tail). buf seq=0 count=1024
[mono_ns=7319581026091550][T0xf36cec6cdca0][WARN] copy_aicore_buffer: [chip_swimlane_collector.cpp:689] Core 41: skipped 1024 AICore record slot(s) with start_time=0 (race-window write or recycled-buffer tail). buf seq=0 count=1024
[mono_ns=7319581026238741][T0xf36ceceddca0][WARN] copy_aicore_buffer: [chip_swimlane_collector.cpp:689] Core 44: skipped 1024 AICore record slot(s) with start_time=0 (race-window write or recycled-buffer tail). buf seq=0 count=1024
[mono_ns=7319581026362011][T0xf36ced6edca0][WARN] copy_aicore_buffer: [chip_swimlane_collector.cpp:689] Core 42: skipped 1024 AICore record slot(s) with start_time=0 (race-window write or recycled-buffer tail). buf seq=0 count=1024
[mono_ns=7319581026420112][T0xf36cec6cdca0][WARN] copy_aicore_buffer: [chip_swimlane_collector.cpp:689] Core 11: skipped 1024 AICore record slot(s) with start_time=0 (race-window write or recycled-buffer tail). buf seq=0 count=1024
[mono_ns=7319581026519712][T0xf36ceceddca0][WARN] copy_aicore_buffer: [chip_swimlane_collector.cpp:689] Core 45: skipped 1024 AICore record slot(s) with start_time=0 (race-window write or recycled-buffer tail). buf seq=0 count=1024
[mono_ns=7319581026642793][T0xf36ced6edca0][WARN] copy_aicore_buffer: [chip_swimlane_collector.cpp:689] Core 43: skipped 1024 AICore record slot(s) with start_time=0 (race-window write or recycled-buffer tail). buf seq=0 count=1024
[mono_ns=7319581026748723][T0xf36cec6cdca0][WARN] copy_aicore_buffer: [chip_swimlane_collector.cpp:689] Core 46: skipped 1024 AICore record slot(s) with start_time=0 (race-window write or recycled-buffer tail). buf seq=0 count=1024
[mono_ns=7319581026800363][T0xf36ceceddca0][WARN] copy_aicore_buffer: [chip_swimlane_collector.cpp:689] Core 13: skipped 1024 AICore record slot(s) with start_time=0 (race-window write or recycled-buffer tail). buf seq=0 count=1024
[mono_ns=7319581026920884][T0xf36ced6edca0][WARN] copy_aicore_buffer: [chip_swimlane_collector.cpp:689] Core 12: skipped 1024 AICore record slot(s) with start_time=0 (race-window write or recycled-buffer tail). buf seq=0 count=1024
[mono_ns=7319581027083835][T0xf36cec6cdca0][WARN] copy_aicore_buffer: [chip_swimlane_collector.cpp:689] Core 47: skipped 1024 AICore record slot(s) with start_time=0 (race-window write or recycled-buffer tail). buf seq=0 count=1024
[mono_ns=7319581027088775][T0xf36ceceddca0][WARN] copy_aicore_buffer: [chip_swimlane_collector.cpp:689] Core 50: skipped 1024 AICore record slot(s) with start_time=0 (race-window write or recycled-buffer tail). buf seq=0 count=1024
[mono_ns=7319581027211125][T0xf36ced6edca0][WARN] copy_aicore_buffer: [chip_swimlane_collector.cpp:689] Core 48: skipped 1024 AICore record slot(s) with start_time=0 (race-window write or recycled-buffer tail). buf seq=0 count=1024
[mono_ns=7319581027370756][T0xf36ceceddca0][WARN] copy_aicore_buffer: [chip_swimlane_collector.cpp:689] Core 51: skipped 1024 AICore record slot(s) with start_time=0 (race-window write or recycled-buffer tail). buf seq=0 count=1024
[mono_ns=7319581027410846][T0xf36cec6cdca0][WARN] copy_aicore_buffer: [chip_swimlane_collector.cpp:689] Core 14: skipped 1024 AICore record slot(s) with start_time=0 (race-window write or recycled-buffer tail). buf seq=0 count=1024
[mono_ns=7319581027493126][T0xf36ced6edca0][WARN] copy_aicore_buffer: [chip_swimlane_collector.cpp:689] Core 49: skipped 1024 AICore record slot(s) with start_time=0 (race-window write or recycled-buffer tail). buf seq=0 count=1024
[mono_ns=7319581027652007][T0xf36ceceddca0][WARN] copy_aicore_buffer: [chip_swimlane_collector.cpp:689] Core 16: skipped 1024 AICore record slot(s) with start_time=0 (race-window write or recycled-buffer tail). buf seq=0 count=1024
[mono_ns=7319581027738657][T0xf36cec6cdca0][WARN] copy_aicore_buffer: [chip_swimlane_collector.cpp:689] Core 52: skipped 1024 AICore record slot(s) with start_time=0 (race-window write or recycled-buffer tail). buf seq=0 count=1024
[mono_ns=7319581027770897][T0xf36ced6edca0][WARN] copy_aicore_buffer: [chip_swimlane_collector.cpp:689] Core 15: skipped 1024 AICore record slot(s) with start_time=0 (race-window write or recycled-buffer tail). buf seq=0 count=1024
[mono_ns=7319581027932848][T0xf36ceceddca0][WARN] copy_aicore_buffer: [chip_swimlane_collector.cpp:689] Core 56: skipped 1024 AICore record slot(s) with start_time=0 (race-window write or recycled-buffer tail). buf seq=0 count=1024
[mono_ns=7319581028060209][T0xf36ced6edca0][WARN] copy_aicore_buffer: [chip_swimlane_collector.cpp:689] Core 54: skipped 1024 AICore record slot(s) with start_time=0 (race-window write or recycled-buffer tail). buf seq=0 count=1024
[mono_ns=7319581028074629][T0xf36cec6cdca0][WARN] copy_aicore_buffer: [chip_swimlane_collector.cpp:689] Core 53: skipped 1024 AICore record slot(s) with start_time=0 (race-window write or recycled-buffer tail). buf seq=0 count=1024
[mono_ns=7319581028223659][T0xf36ceceddca0][WARN] copy_aicore_buffer: [chip_swimlane_collector.cpp:689] Core 57: skipped 1024 AICore record slot(s) with start_time=0 (race-window write or recycled-buffer tail). buf seq=0 count=1024
[mono_ns=7319581028338570][T0xf36ced6edca0][WARN] copy_aicore_buffer: [chip_swimlane_collector.cpp:689] Core 55: skipped 1024 AICore record slot(s) with start_time=0 (race-window write or recycled-buffer tail). buf seq=0 count=1024
[mono_ns=7319581028397260][T0xf36cec6cdca0][WARN] copy_aicore_buffer: [chip_swimlane_collector.cpp:689] Core 17: skipped 1024 AICore record slot(s) with start_time=0 (race-window write or recycled-buffer tail). buf seq=0 count=1024
[mono_ns=7319581028504131][T0xf36ceceddca0][WARN] copy_aicore_buffer: [chip_swimlane_collector.cpp:689] Core 19: skipped 1024 AICore record slot(s) with start_time=0 (race-window write or recycled-buffer tail). buf seq=0 count=1024
[mono_ns=7319581028619181][T0xf36ced6edca0][WARN] copy_aicore_buffer: [chip_swimlane_collector.cpp:689] Core 18: skipped 1024 AICore record slot(s) with start_time=0 (race-window write or recycled-buffer tail). buf seq=0 count=1024
[mono_ns=7319581028723081][T0xf36cec6cdca0][WARN] copy_aicore_buffer: [chip_swimlane_collector.cpp:689] Core 58: skipped 1024 AICore record slot(s) with start_time=0 (race-window write or recycled-buffer tail). buf seq=0 count=1024
[mono_ns=7319581028784462][T0xf36ceceddca0][WARN] copy_aicore_buffer: [chip_swimlane_collector.cpp:689] Core 62: skipped 1024 AICore record slot(s) with start_time=0 (race-window write or recycled-buffer tail). buf seq=0 count=1024
[mono_ns=7319581028899552][T0xf36ced6edca0][WARN] copy_aicore_buffer: [chip_swimlane_collector.cpp:689] Core 60: skipped 1024 AICore record slot(s) with start_time=0 (race-window write or recycled-buffer tail). buf seq=0 count=1024
[mono_ns=7319581029059743][T0xf36cec6cdca0][WARN] copy_aicore_buffer: [chip_swimlane_collector.cpp:689] Core 59: skipped 1024 AICore record slot(s) with start_time=0 (race-window write or recycled-buffer tail). buf seq=0 count=1024
[mono_ns=7319581029076663][T0xf36ceceddca0][WARN] copy_aicore_buffer: [chip_swimlane_collector.cpp:689] Core 63: skipped 1024 AICore record slot(s) with start_time=0 (race-window write or recycled-buffer tail). buf seq=0 count=1024
[mono_ns=7319581029190913][T0xf36ced6edca0][WARN] copy_aicore_buffer: [chip_swimlane_collector.cpp:689] Core 61: skipped 1024 AICore record slot(s) with start_time=0 (race-window write or recycled-buffer tail). buf seq=0 count=1024
[mono_ns=7319581029357514][T0xf36ceceddca0][WARN] copy_aicore_buffer: [chip_swimlane_collector.cpp:689] Core 22: skipped 1024 AICore record slot(s) with start_time=0 (race-window write or recycled-buffer tail). buf seq=0 count=1024
[mono_ns=7319581029385824][T0xf36cec6cdca0][WARN] copy_aicore_buffer: [chip_swimlane_collector.cpp:689] Core 20: skipped 1024 AICore record slot(s) with start_time=0 (race-window write or recycled-buffer tail). buf seq=0 count=1024
[mono_ns=7319581029470355][T0xf36ced6edca0][WARN] copy_aicore_buffer: [chip_swimlane_collector.cpp:689] Core 21: skipped 1024 AICore record slot(s) with start_time=0 (race-window write or recycled-buffer tail). buf seq=0 count=1024
[mono_ns=7319581029637625][T0xf36ceceddca0][WARN] copy_aicore_buffer: [chip_swimlane_collector.cpp:689] Core 68: skipped 1024 AICore record slot(s) with start_time=0 (race-window write or recycled-buffer tail). buf seq=0 count=1024
[mono_ns=7319581029712106][T0xf36cec6cdca0][WARN] copy_aicore_buffer: [chip_swimlane_collector.cpp:689] Core 64: skipped 1024 AICore record slot(s) with start_time=0 (race-window write or recycled-buffer tail). buf seq=0 count=1024
[mono_ns=7319581029750436][T0xf36ced6edca0][WARN] copy_aicore_buffer: [chip_swimlane_collector.cpp:689] Core 66: skipped 1024 AICore record slot(s) with start_time=0 (race-window write or recycled-buffer tail). buf seq=0 count=1024
[mono_ns=7319581029918697][T0xf36ceceddca0][WARN] copy_aicore_buffer: [chip_swimlane_collector.cpp:689] Core 69: skipped 1024 AICore record slot(s) with start_time=0 (race-window write or recycled-buffer tail). buf seq=0 count=1024
[mono_ns=7319581030042597][T0xf36ced6edca0][WARN] copy_aicore_buffer: [chip_swimlane_collector.cpp:689] Core 67: skipped 1024 AICore record slot(s) with start_time=0 (race-window write or recycled-buffer tail). buf seq=0 count=1024
[mono_ns=7319581030050467][T0xf36cec6cdca0][WARN] copy_aicore_buffer: [chip_swimlane_collector.cpp:689] Core 65: skipped 1024 AICore record slot(s) with start_time=0 (race-window write or recycled-buffer tail). buf seq=0 count=1024
[mono_ns=7319581030371409][T0xf36cec6cdca0][WARN] copy_aicore_buffer: [chip_swimlane_collector.cpp:689] Core 23: skipped 1024 AICore record slot(s) with start_time=0 (race-window write or recycled-buffer tail). buf seq=0 count=1024
[mono_ns=7319581030699110][T0xf36cec6cdca0][WARN] copy_aicore_buffer: [chip_swimlane_collector.cpp:689] Core 70: skipped 1024 AICore record slot(s) with start_time=0 (race-window write or recycled-buffer tail). buf seq=0 count=1024
[mono_ns=7319581031035661][T0xf36cec6cdca0][WARN] copy_aicore_buffer: [chip_swimlane_collector.cpp:689] Core 71: skipped 1024 AICore record slot(s) with start_time=0 (race-window write or recycled-buffer tail). buf seq=0 count=1024
[mono_ns=7319581131591019][T0xf36e4a0b7020][TIMING] emit_host_span: [STRACE] v=1 pid=2155045 tid=2155045 inv=24 hid=e3bcbf8fce8ee77f depth=1 name=chip.run.runner_run ts=7319581022301094 dur=109278115 
[mono_ns=7319581132222831][T0xf36e4a0b7020][TIMING] emit_host_span: [STRACE] v=1 pid=2155045 tid=2155045 inv=24 hid=e3bcbf8fce8ee77f depth=1 name=chip.run.validate ts=7319581131605499 dur=612132 
[mono_ns=7319581132232011][T0xf36e4a0b7020][TIMING] emit_host_span: [STRACE] v=1 pid=2155045 tid=2155045 inv=24 hid=e3bcbf8fce8ee77f depth=2 name=chip.run.runner_run.device_wall ts=0 dur=694940 clk=dev
[mono_ns=7319581132236401][T0xf36e4a0b7020][TIMING] emit_host_span: [STRACE] v=1 pid=2155045 tid=2155045 inv=24 hid=e3bcbf8fce8ee77f depth=3 name=chip.run.runner_run.device_wall.preamble ts=0 dur=615420 clk=dev
[mono_ns=7319581132239861][T0xf36e4a0b7020][TIMING] emit_host_span: [STRACE] v=1 pid=2155045 tid=2155045 inv=24 hid=e3bcbf8fce8ee77f depth=3 name=chip.run.runner_run.device_wall.graph_build ts=611660 dur=72380 clk=dev
[mono_ns=7319581132244091][T0xf36e4a0b7020][TIMING] emit_host_span: [STRACE] v=1 pid=2155045 tid=2155045 inv=24 hid=e3bcbf8fce8ee77f depth=3 name=chip.run.runner_run.device_wall.config_validate ts=611780 dur=480 clk=dev
[mono_ns=7319581132247261][T0xf36e4a0b7020][TIMING] emit_host_span: [STRACE] v=1 pid=2155045 tid=2155045 inv=24 hid=e3bcbf8fce8ee77f depth=3 name=chip.run.runner_run.device_wall.arena_wire ts=612280 dur=240 clk=dev
[mono_ns=7319581132260141][T0xf36e4a0b7020][TIMING] emit_host_span: [STRACE] v=1 pid=2155045 tid=2155045 inv=24 hid=e3bcbf8fce8ee77f depth=3 name=chip.run.runner_run.device_wall.sm_reset ts=612540 dur=480 clk=dev
[mono_ns=7319581132263822][T0xf36e4a0b7020][TIMING] emit_host_span: [STRACE] v=1 pid=2155045 tid=2155045 inv=24 hid=e3bcbf8fce8ee77f depth=3 name=chip.run.runner_run.device_wall.post_orch ts=684080 dur=10720 clk=dev
[mono_ns=7319581132267382][T0xf36e4a0b7020][TIMING] emit_host_span: [STRACE] v=1 pid=2155045 tid=2155045 inv=24 hid=e3bcbf8fce8ee77f depth=3 name=chip.run.runner_run.device_wall.orch ts=613060 dur=1779 clk=dev
[mono_ns=7319581132270642][T0xf36e4a0b7020][TIMING] emit_host_span: [STRACE] v=1 pid=2155045 tid=2155045 inv=24 hid=e3bcbf8fce8ee77f depth=3 name=chip.run.runner_run.device_wall.sched ts=615580 dur=51000 clk=dev
[mono_ns=7319581132276592][T0xf36e4a0b7020][TIMING] emit_host_span: [STRACE] v=1 pid=2155045 tid=2155045 inv=24 hid=e3bcbf8fce8ee77f depth=1 name=chip.run.claim_release ts=7319581132274232 dur=560 
[mono_ns=7319581132282112][T0xf36e4a0b7020][TIMING] emit_host_span: [STRACE] v=1 pid=2155045 tid=2155045 inv=24 hid=e3bcbf8fce8ee77f depth=0 name=chip.run ts=7319581022025893 dur=110254209 run_id=6 dispatch_id=24 slot_id=0 generation=6 run_epoch=24
[mono_ns=7319595542928965][T0xf36e4a0b7020][TIMING] emit_host_span: [STRACE] v=1 pid=2155045 tid=2155045 inv=25 hid=7330127d2e7be9ea depth=2 name=chip.run.bind.args ts=7319595542129722 dur=787943 
[mono_ns=7319595542957385][T0xf36e4a0b7020][TIMING] emit_host_span: [STRACE] v=1 pid=2155045 tid=2155045 inv=25 hid=7330127d2e7be9ea depth=2 name=chip.run.bind.prebuilt ts=7319595542950045 dur=4520 
[mono_ns=7319595542964685][T0xf36e4a0b7020][TIMING] emit_host_span: [STRACE] v=1 pid=2155045 tid=2155045 inv=25 hid=7330127d2e7be9ea depth=1 name=chip.run.bind ts=7319595542115392 dur=846703 
[mono_ns=7319595651422246][T0xf36e4a0b7020][TIMING] emit_host_span: [STRACE] v=1 pid=2155045 tid=2155045 inv=25 hid=7330127d2e7be9ea depth=1 name=chip.run.runner_run ts=7319595543385267 dur=108030289 
[mono_ns=7319595651462107][T0xf36e4a0b7020][TIMING] emit_host_span: [STRACE] v=1 pid=2155045 tid=2155045 inv=25 hid=7330127d2e7be9ea depth=1 name=chip.run.validate ts=7319595651432546 dur=26521 
[mono_ns=7319595651467637][T0xf36e4a0b7020][TIMING] emit_host_span: [STRACE] v=1 pid=2155045 tid=2155045 inv=25 hid=7330127d2e7be9ea depth=2 name=chip.run.runner_run.device_wall ts=0 dur=141860 clk=dev
[mono_ns=7319595651471507][T0xf36e4a0b7020][TIMING] emit_host_span: [STRACE] v=1 pid=2155045 tid=2155045 inv=25 hid=7330127d2e7be9ea depth=3 name=chip.run.runner_run.device_wall.preamble ts=0 dur=7380 clk=dev
[mono_ns=7319595651475167][T0xf36e4a0b7020][TIMING] emit_host_span: [STRACE] v=1 pid=2155045 tid=2155045 inv=25 hid=7330127d2e7be9ea depth=3 name=chip.run.runner_run.device_wall.graph_build ts=1359 dur=128140 clk=dev
[mono_ns=7319595651479397][T0xf36e4a0b7020][TIMING] emit_host_span: [STRACE] v=1 pid=2155045 tid=2155045 inv=25 hid=7330127d2e7be9ea depth=3 name=chip.run.runner_run.device_wall.config_validate ts=1480 dur=960 clk=dev
[mono_ns=7319595651484977][T0xf36e4a0b7020][TIMING] emit_host_span: [STRACE] v=1 pid=2155045 tid=2155045 inv=25 hid=7330127d2e7be9ea depth=3 name=chip.run.runner_run.device_wall.arena_wire ts=2460 dur=760 clk=dev
[mono_ns=7319595651488187][T0xf36e4a0b7020][TIMING] emit_host_span: [STRACE] v=1 pid=2155045 tid=2155045 inv=25 hid=7330127d2e7be9ea depth=3 name=chip.run.runner_run.device_wall.sm_reset ts=3260 dur=2099 clk=dev
[mono_ns=7319595651491577][T0xf36e4a0b7020][TIMING] emit_host_span: [STRACE] v=1 pid=2155045 tid=2155045 inv=25 hid=7330127d2e7be9ea depth=3 name=chip.run.runner_run.device_wall.post_orch ts=129560 dur=11960 clk=dev
[mono_ns=7319595651494587][T0xf36e4a0b7020][TIMING] emit_host_span: [STRACE] v=1 pid=2155045 tid=2155045 inv=25 hid=7330127d2e7be9ea depth=3 name=chip.run.runner_run.device_wall.orch ts=6399 dur=7340 clk=dev
[mono_ns=7319595651498037][T0xf36e4a0b7020][TIMING] emit_host_span: [STRACE] v=1 pid=2155045 tid=2155045 inv=25 hid=7330127d2e7be9ea depth=3 name=chip.run.runner_run.device_wall.sched ts=7480 dur=111680 clk=dev
[mono_ns=7319595651502657][T0xf36e4a0b7020][TIMING] emit_host_span: [STRACE] v=1 pid=2155045 tid=2155045 inv=25 hid=7330127d2e7be9ea depth=1 name=chip.run.claim_release ts=7319595651500277 dur=560 
[mono_ns=7319595651507527][T0xf36e4a0b7020][TIMING] emit_host_span: [STRACE] v=1 pid=2155045 tid=2155045 inv=25 hid=7330127d2e7be9ea depth=0 name=chip.run ts=7319595541970931 dur=109534646 run_id=7 dispatch_id=25 slot_id=0 generation=7 run_epoch=25
[mono_ns=7319595652359100][T0xf36e4a0b7020][TIMING] emit_host_span: [STRACE] v=1 pid=2155045 tid=2155045 inv=26 hid=9a0ce7c17a38dab depth=2 name=chip.run.bind.args ts=7319595652293870 dur=60540 
[mono_ns=7319595652373560][T0xf36e4a0b7020][TIMING] emit_host_span: [STRACE] v=1 pid=2155045 tid=2155045 inv=26 hid=9a0ce7c17a38dab depth=2 name=chip.run.bind.prebuilt ts=7319595652369050 dur=2270 
[mono_ns=7319595652377580][T0xf36e4a0b7020][TIMING] emit_host_span: [STRACE] v=1 pid=2155045 tid=2155045 inv=26 hid=9a0ce7c17a38dab depth=1 name=chip.run.bind ts=7319595652287190 dur=88390 
[mono_ns=7319595756868215][T0xf36e4a0b7020][TIMING] emit_host_span: [STRACE] v=1 pid=2155045 tid=2155045 inv=26 hid=9a0ce7c17a38dab depth=1 name=chip.run.runner_run ts=7319595652568461 dur=104289624 
[mono_ns=7319595756911645][T0xf36e4a0b7020][TIMING] emit_host_span: [STRACE] v=1 pid=2155045 tid=2155045 inv=26 hid=9a0ce7c17a38dab depth=1 name=chip.run.validate ts=7319595756881935 dur=26800 
[mono_ns=7319595756916775][T0xf36e4a0b7020][TIMING] emit_host_span: [STRACE] v=1 pid=2155045 tid=2155045 inv=26 hid=9a0ce7c17a38dab depth=2 name=chip.run.runner_run.device_wall ts=0 dur=31580 clk=dev
[mono_ns=7319595756920645][T0xf36e4a0b7020][TIMING] emit_host_span: [STRACE] v=1 pid=2155045 tid=2155045 inv=26 hid=9a0ce7c17a38dab depth=3 name=chip.run.runner_run.device_wall.preamble ts=0 dur=6720 clk=dev
[mono_ns=7319595756924755][T0xf36e4a0b7020][TIMING] emit_host_span: [STRACE] v=1 pid=2155045 tid=2155045 inv=26 hid=9a0ce7c17a38dab depth=3 name=chip.run.runner_run.device_wall.graph_build ts=1440 dur=18640 clk=dev
[mono_ns=7319595756927935][T0xf36e4a0b7020][TIMING] emit_host_span: [STRACE] v=1 pid=2155045 tid=2155045 inv=26 hid=9a0ce7c17a38dab depth=3 name=chip.run.runner_run.device_wall.config_validate ts=1560 dur=700 clk=dev
[mono_ns=7319595756939465][T0xf36e4a0b7020][TIMING] emit_host_span: [STRACE] v=1 pid=2155045 tid=2155045 inv=26 hid=9a0ce7c17a38dab depth=3 name=chip.run.runner_run.device_wall.arena_wire ts=2400 dur=280 clk=dev
[mono_ns=7319595756942665][T0xf36e4a0b7020][TIMING] emit_host_span: [STRACE] v=1 pid=2155045 tid=2155045 inv=26 hid=9a0ce7c17a38dab depth=3 name=chip.run.runner_run.device_wall.sm_reset ts=2700 dur=580 clk=dev
[mono_ns=7319595756945775][T0xf36e4a0b7020][TIMING] emit_host_span: [STRACE] v=1 pid=2155045 tid=2155045 inv=26 hid=9a0ce7c17a38dab depth=3 name=chip.run.runner_run.device_wall.post_orch ts=20120 dur=11379 clk=dev
[mono_ns=7319595756948895][T0xf36e4a0b7020][TIMING] emit_host_span: [STRACE] v=1 pid=2155045 tid=2155045 inv=26 hid=9a0ce7c17a38dab depth=3 name=chip.run.runner_run.device_wall.orch ts=3840 dur=3360 clk=dev
[mono_ns=7319595756951985][T0xf36e4a0b7020][TIMING] emit_host_span: [STRACE] v=1 pid=2155045 tid=2155045 inv=26 hid=9a0ce7c17a38dab depth=3 name=chip.run.runner_run.device_wall.sched ts=6800 dur=6160 clk=dev
[mono_ns=7319595756956705][T0xf36e4a0b7020][TIMING] emit_host_span: [STRACE] v=1 pid=2155045 tid=2155045 inv=26 hid=9a0ce7c17a38dab depth=1 name=chip.run.claim_release ts=7319595756954615 dur=380 
[mono_ns=7319595756961475][T0xf36e4a0b7020][TIMING] emit_host_span: [STRACE] v=1 pid=2155045 tid=2155045 inv=26 hid=9a0ce7c17a38dab depth=0 name=chip.run ts=7319595652262680 dur=104696815 run_id=7 dispatch_id=26 slot_id=0 generation=7 run_epoch=26
[mono_ns=7319595757362307][T0xf36e4a0b7020][TIMING] emit_host_span: [STRACE] v=1 pid=2155045 tid=2155045 inv=27 hid=aa636548c65ca6a1 depth=2 name=chip.run.bind.args ts=7319595757319536 dur=38311 
[mono_ns=7319595757374137][T0xf36e4a0b7020][TIMING] emit_host_span: [STRACE] v=1 pid=2155045 tid=2155045 inv=27 hid=aa636548c65ca6a1 depth=2 name=chip.run.bind.prebuilt ts=7319595757369297 dur=2610 
[mono_ns=7319595757378007][T0xf36e4a0b7020][TIMING] emit_host_span: [STRACE] v=1 pid=2155045 tid=2155045 inv=27 hid=aa636548c65ca6a1 depth=1 name=chip.run.bind ts=7319595757310026 dur=65871 
[mono_ns=7319595764519897][T0xf36e4a0b7020][TIMING] emit_host_span: [STRACE] v=1 pid=2155045 tid=2155045 inv=27 hid=aa636548c65ca6a1 depth=1 name=chip.run.runner_run ts=7319595757572918 dur=6941879 
[mono_ns=7319595764548987][T0xf36e4a0b7020][TIMING] emit_host_span: [STRACE] v=1 pid=2155045 tid=2155045 inv=27 hid=aa636548c65ca6a1 depth=1 name=chip.run.validate ts=7319595764526257 dur=19950 
[mono_ns=7319595764553257][T0xf36e4a0b7020][TIMING] emit_host_span: [STRACE] v=1 pid=2155045 tid=2155045 inv=27 hid=aa636548c65ca6a1 depth=2 name=chip.run.runner_run.device_wall ts=0 dur=6732940 clk=dev
[mono_ns=7319595764556867][T0xf36e4a0b7020][TIMING] emit_host_span: [STRACE] v=1 pid=2155045 tid=2155045 inv=27 hid=aa636548c65ca6a1 depth=3 name=chip.run.runner_run.device_wall.preamble ts=0 dur=5439 clk=dev
[mono_ns=7319595764561047][T0xf36e4a0b7020][TIMING] emit_host_span: [STRACE] v=1 pid=2155045 tid=2155045 inv=27 hid=aa636548c65ca6a1 depth=3 name=chip.run.runner_run.device_wall.graph_build ts=1440 dur=6720900 clk=dev
[mono_ns=7319595764567637][T0xf36e4a0b7020][TIMING] emit_host_span: [STRACE] v=1 pid=2155045 tid=2155045 inv=27 hid=aa636548c65ca6a1 depth=3 name=chip.run.runner_run.device_wall.config_validate ts=1520 dur=600 clk=dev
[mono_ns=7319595764570787][T0xf36e4a0b7020][TIMING] emit_host_span: [STRACE] v=1 pid=2155045 tid=2155045 inv=27 hid=aa636548c65ca6a1 depth=3 name=chip.run.runner_run.device_wall.arena_wire ts=2260 dur=280 clk=dev
[mono_ns=7319595764573687][T0xf36e4a0b7020][TIMING] emit_host_span: [STRACE] v=1 pid=2155045 tid=2155045 inv=27 hid=aa636548c65ca6a1 depth=3 name=chip.run.runner_run.device_wall.sm_reset ts=2560 dur=660 clk=dev
[mono_ns=7319595764576877][T0xf36e4a0b7020][TIMING] emit_host_span: [STRACE] v=1 pid=2155045 tid=2155045 inv=27 hid=aa636548c65ca6a1 depth=3 name=chip.run.runner_run.device_wall.post_orch ts=6722380 dur=10420 clk=dev
[mono_ns=7319595764579847][T0xf36e4a0b7020][TIMING] emit_host_span: [STRACE] v=1 pid=2155045 tid=2155045 inv=27 hid=aa636548c65ca6a1 depth=3 name=chip.run.runner_run.device_wall.orch ts=3260 dur=1960 clk=dev
[mono_ns=7319595764582957][T0xf36e4a0b7020][TIMING] emit_host_span: [STRACE] v=1 pid=2155045 tid=2155045 inv=27 hid=aa636548c65ca6a1 depth=3 name=chip.run.runner_run.device_wall.sched ts=5580 dur=6708960 clk=dev
[mono_ns=7319595764586667][T0xf36e4a0b7020][TIMING] emit_host_span: [STRACE] v=1 pid=2155045 tid=2155045 inv=27 hid=aa636548c65ca6a1 depth=1 name=chip.run.claim_release ts=7319595764584577 dur=290 
[mono_ns=7319595764590817][T0xf36e4a0b7020][TIMING] emit_host_span: [STRACE] v=1 pid=2155045 tid=2155045 inv=27 hid=aa636548c65ca6a1 depth=0 name=chip.run ts=7319595757282996 dur=7305831 run_id=7 dispatch_id=27 slot_id=0 generation=7 run_epoch=27
[mono_ns=7319595765422081][T0xf36e4a0b7020][TIMING] emit_host_span: [STRACE] v=1 pid=2155045 tid=2155045 inv=28 hid=e3bcbf8fce8ee77f depth=2 name=chip.run.bind.args ts=7319595765371441 dur=46310 
[mono_ns=7319595765433561][T0xf36e4a0b7020][TIMING] emit_host_span: [STRACE] v=1 pid=2155045 tid=2155045 inv=28 hid=e3bcbf8fce8ee77f depth=2 name=chip.run.bind.prebuilt ts=7319595765429341 dur=1850 
[mono_ns=7319595765437541][T0xf36e4a0b7020][TIMING] emit_host_span: [STRACE] v=1 pid=2155045 tid=2155045 inv=28 hid=e3bcbf8fce8ee77f depth=1 name=chip.run.bind ts=7319595765365111 dur=70360 
[mono_ns=7319595869810005][T0xf36e4a0b7020][TIMING] emit_host_span: [STRACE] v=1 pid=2155045 tid=2155045 inv=28 hid=e3bcbf8fce8ee77f depth=1 name=chip.run.runner_run ts=7319595765593062 dur=104204563 
[mono_ns=7319595870328837][T0xf36e4a0b7020][TIMING] emit_host_span: [STRACE] v=1 pid=2155045 tid=2155045 inv=28 hid=e3bcbf8fce8ee77f depth=1 name=chip.run.validate ts=7319595869822475 dur=501552 
[mono_ns=7319595870338227][T0xf36e4a0b7020][TIMING] emit_host_span: [STRACE] v=1 pid=2155045 tid=2155045 inv=28 hid=e3bcbf8fce8ee77f depth=2 name=chip.run.runner_run.device_wall ts=0 dur=77100 clk=dev
[mono_ns=7319595870342667][T0xf36e4a0b7020][TIMING] emit_host_span: [STRACE] v=1 pid=2155045 tid=2155045 inv=28 hid=e3bcbf8fce8ee77f depth=3 name=chip.run.runner_run.device_wall.preamble ts=0 dur=5100 clk=dev
[mono_ns=7319595870346307][T0xf36e4a0b7020][TIMING] emit_host_span: [STRACE] v=1 pid=2155045 tid=2155045 inv=28 hid=e3bcbf8fce8ee77f depth=3 name=chip.run.runner_run.device_wall.graph_build ts=1400 dur=64060 clk=dev
[mono_ns=7319595870356237][T0xf36e4a0b7020][TIMING] emit_host_span: [STRACE] v=1 pid=2155045 tid=2155045 inv=28 hid=e3bcbf8fce8ee77f depth=3 name=chip.run.runner_run.device_wall.config_validate ts=1500 dur=540 clk=dev
[mono_ns=7319595870359707][T0xf36e4a0b7020][TIMING] emit_host_span: [STRACE] v=1 pid=2155045 tid=2155045 inv=28 hid=e3bcbf8fce8ee77f depth=3 name=chip.run.runner_run.device_wall.arena_wire ts=2060 dur=260 clk=dev
[mono_ns=7319595870362777][T0xf36e4a0b7020][TIMING] emit_host_span: [STRACE] v=1 pid=2155045 tid=2155045 inv=28 hid=e3bcbf8fce8ee77f depth=3 name=chip.run.runner_run.device_wall.sm_reset ts=2340 dur=500 clk=dev
[mono_ns=7319595870365967][T0xf36e4a0b7020][TIMING] emit_host_span: [STRACE] v=1 pid=2155045 tid=2155045 inv=28 hid=e3bcbf8fce8ee77f depth=3 name=chip.run.runner_run.device_wall.post_orch ts=65560 dur=10860 clk=dev
[mono_ns=7319595870369787][T0xf36e4a0b7020][TIMING] emit_host_span: [STRACE] v=1 pid=2155045 tid=2155045 inv=28 hid=e3bcbf8fce8ee77f depth=3 name=chip.run.runner_run.device_wall.orch ts=3380 dur=2860 clk=dev
[mono_ns=7319595870372617][T0xf36e4a0b7020][TIMING] emit_host_span: [STRACE] v=1 pid=2155045 tid=2155045 inv=28 hid=e3bcbf8fce8ee77f depth=3 name=chip.run.runner_run.device_wall.sched ts=5180 dur=52720 clk=dev
[mono_ns=7319595870377877][T0xf36e4a0b7020][TIMING] emit_host_span: [STRACE] v=1 pid=2155045 tid=2155045 inv=28 hid=e3bcbf8fce8ee77f depth=1 name=chip.run.claim_release ts=7319595870375497 dur=620 
[mono_ns=7319595870383127][T0xf36e4a0b7020][TIMING] emit_host_span: [STRACE] v=1 pid=2155045 tid=2155045 inv=28 hid=e3bcbf8fce8ee77f depth=0 name=chip.run ts=7319595765346301 dur=105034846 run_id=7 dispatch_id=28 slot_id=0 generation=7 run_epoch=28
[mono_ns=7319595879025734][T0xf36e4a0b7020][TIMING] emit_host_span: [STRACE] v=1 pid=2155045 tid=2155045 inv=29 hid=7330127d2e7be9ea depth=2 name=chip.run.bind.args ts=7319595878483581 dur=536893 
[mono_ns=7319595879037284][T0xf36e4a0b7020][TIMING] emit_host_span: [STRACE] v=1 pid=2155045 tid=2155045 inv=29 hid=7330127d2e7be9ea depth=2 name=chip.run.bind.prebuilt ts=7319595879033104 dur=1920 
[mono_ns=7319595879042114][T0xf36e4a0b7020][TIMING] emit_host_span: [STRACE] v=1 pid=2155045 tid=2155045 inv=29 hid=7330127d2e7be9ea depth=1 name=chip.run.bind ts=7319595878477271 dur=562723 
[mono_ns=7319595880555330][T0xf36ced6edca0][WARN] copy_aicore_buffer: [chip_swimlane_collector.cpp:689] Core 0: skipped 1024 AICore record slot(s) with start_time=0 (race-window write or recycled-buffer tail). buf seq=0 count=1024
[mono_ns=7319595880647361][T0xf36ceceddca0][WARN] copy_aicore_buffer: [chip_swimlane_collector.cpp:689] Core 1: skipped 1024 AICore record slot(s) with start_time=0 (race-window write or recycled-buffer tail). buf seq=0 count=1024
[mono_ns=7319595880815541][T0xf36cec6cdca0][WARN] copy_aicore_buffer: [chip_swimlane_collector.cpp:689] Core 2: skipped 1024 AICore record slot(s) with start_time=0 (race-window write or recycled-buffer tail). buf seq=0 count=1024
[mono_ns=7319595880848012][T0xf36ced6edca0][WARN] copy_aicore_buffer: [chip_swimlane_collector.cpp:689] Core 24: skipped 1024 AICore record slot(s) with start_time=0 (race-window write or recycled-buffer tail). buf seq=0 count=1024
[mono_ns=7319595880938712][T0xf36ceceddca0][WARN] copy_aicore_buffer: [chip_swimlane_collector.cpp:689] Core 26: skipped 1023 AICore record slot(s) with start_time=0 (race-window write or recycled-buffer tail). buf seq=0 count=1024
[mono_ns=7319595881136113][T0xf36cec6cdca0][WARN] copy_aicore_buffer: [chip_swimlane_collector.cpp:689] Core 28: skipped 1024 AICore record slot(s) with start_time=0 (race-window write or recycled-buffer tail). buf seq=0 count=1024
[mono_ns=7319595881157043][T0xf36ced6edca0][WARN] copy_aicore_buffer: [chip_swimlane_collector.cpp:689] Core 25: skipped 1024 AICore record slot(s) with start_time=0 (race-window write or recycled-buffer tail). buf seq=0 count=1024
[mono_ns=7319595881243543][T0xf36ceceddca0][WARN] copy_aicore_buffer: [chip_swimlane_collector.cpp:689] Core 27: skipped 1024 AICore record slot(s) with start_time=0 (race-window write or recycled-buffer tail). buf seq=0 count=1024
[mono_ns=7319595881430964][T0xf36cec6cdca0][WARN] copy_aicore_buffer: [chip_swimlane_collector.cpp:689] Core 29: skipped 1024 AICore record slot(s) with start_time=0 (race-window write or recycled-buffer tail). buf seq=0 count=1024
[mono_ns=7319595881438464][T0xf36ced6edca0][WARN] copy_aicore_buffer: [chip_swimlane_collector.cpp:689] Core 3: skipped 1024 AICore record slot(s) with start_time=0 (race-window write or recycled-buffer tail). buf seq=0 count=1024
[mono_ns=7319595881524484][T0xf36ceceddca0][WARN] copy_aicore_buffer: [chip_swimlane_collector.cpp:689] Core 4: skipped 1024 AICore record slot(s) with start_time=0 (race-window write or recycled-buffer tail). buf seq=0 count=1024
[mono_ns=7319595881718185][T0xf36ced6edca0][WARN] copy_aicore_buffer: [chip_swimlane_collector.cpp:689] Core 30: skipped 1024 AICore record slot(s) with start_time=0 (race-window write or recycled-buffer tail). buf seq=0 count=1024
[mono_ns=7319595881725965][T0xf36cec6cdca0][WARN] copy_aicore_buffer: [chip_swimlane_collector.cpp:689] Core 5: skipped 1024 AICore record slot(s) with start_time=0 (race-window write or recycled-buffer tail). buf seq=0 count=1024
[mono_ns=7319595881803606][T0xf36ceceddca0][WARN] copy_aicore_buffer: [chip_swimlane_collector.cpp:689] Core 32: skipped 1024 AICore record slot(s) with start_time=0 (race-window write or recycled-buffer tail). buf seq=0 count=1024
[mono_ns=7319595881999996][T0xf36ced6edca0][WARN] copy_aicore_buffer: [chip_swimlane_collector.cpp:689] Core 31: skipped 1024 AICore record slot(s) with start_time=0 (race-window write or recycled-buffer tail). buf seq=0 count=1024
[mono_ns=7319595882048887][T0xf36cec6cdca0][WARN] copy_aicore_buffer: [chip_swimlane_collector.cpp:689] Core 34: skipped 1024 AICore record slot(s) with start_time=0 (race-window write or recycled-buffer tail). buf seq=0 count=1024
[mono_ns=7319595882087647][T0xf36ceceddca0][WARN] copy_aicore_buffer: [chip_swimlane_collector.cpp:689] Core 33: skipped 1024 AICore record slot(s) with start_time=0 (race-window write or recycled-buffer tail). buf seq=0 count=1024
[mono_ns=7319595882285398][T0xf36ced6edca0][WARN] copy_aicore_buffer: [chip_swimlane_collector.cpp:689] Core 6: skipped 1024 AICore record slot(s) with start_time=0 (race-window write or recycled-buffer tail). buf seq=0 count=1024
[mono_ns=7319595882338588][T0xf36cec6cdca0][WARN] copy_aicore_buffer: [chip_swimlane_collector.cpp:689] Core 35: skipped 1023 AICore record slot(s) with start_time=0 (race-window write or recycled-buffer tail). buf seq=0 count=1024
[mono_ns=7319595882367368][T0xf36ceceddca0][WARN] copy_aicore_buffer: [chip_swimlane_collector.cpp:689] Core 7: skipped 1024 AICore record slot(s) with start_time=0 (race-window write or recycled-buffer tail). buf seq=0 count=1024
[mono_ns=7319595882566789][T0xf36ced6edca0][WARN] copy_aicore_buffer: [chip_swimlane_collector.cpp:689] Core 36: skipped 1024 AICore record slot(s) with start_time=0 (race-window write or recycled-buffer tail). buf seq=0 count=1024
[mono_ns=7319595882621359][T0xf36cec6cdca0][WARN] copy_aicore_buffer: [chip_swimlane_collector.cpp:689] Core 8: skipped 1024 AICore record slot(s) with start_time=0 (race-window write or recycled-buffer tail). buf seq=0 count=1024
[mono_ns=7319595882645439][T0xf36ceceddca0][WARN] copy_aicore_buffer: [chip_swimlane_collector.cpp:689] Core 38: skipped 1024 AICore record slot(s) with start_time=0 (race-window write or recycled-buffer tail). buf seq=0 count=1024
[mono_ns=7319595882847990][T0xf36ced6edca0][WARN] copy_aicore_buffer: [chip_swimlane_collector.cpp:689] Core 37: skipped 1024 AICore record slot(s) with start_time=0 (race-window write or recycled-buffer tail). buf seq=0 count=1024
[mono_ns=7319595882903640][T0xf36cec6cdca0][WARN] copy_aicore_buffer: [chip_swimlane_collector.cpp:689] Core 40: skipped 1024 AICore record slot(s) with start_time=0 (race-window write or recycled-buffer tail). buf seq=0 count=1024
[mono_ns=7319595882922240][T0xf36ceceddca0][WARN] copy_aicore_buffer: [chip_swimlane_collector.cpp:689] Core 39: skipped 1024 AICore record slot(s) with start_time=0 (race-window write or recycled-buffer tail). buf seq=0 count=1024
[mono_ns=7319595883136651][T0xf36ced6edca0][WARN] copy_aicore_buffer: [chip_swimlane_collector.cpp:689] Core 9: skipped 1024 AICore record slot(s) with start_time=0 (race-window write or recycled-buffer tail). buf seq=0 count=1024
[mono_ns=7319595883192401][T0xf36cec6cdca0][WARN] copy_aicore_buffer: [chip_swimlane_collector.cpp:689] Core 41: skipped 1024 AICore record slot(s) with start_time=0 (race-window write or recycled-buffer tail). buf seq=0 count=1024
[mono_ns=7319595883206412][T0xf36ceceddca0][WARN] copy_aicore_buffer: [chip_swimlane_collector.cpp:689] Core 10: skipped 1024 AICore record slot(s) with start_time=0 (race-window write or recycled-buffer tail). buf seq=0 count=1024
[mono_ns=7319595883417772][T0xf36ced6edca0][WARN] copy_aicore_buffer: [chip_swimlane_collector.cpp:689] Core 42: skipped 1024 AICore record slot(s) with start_time=0 (race-window write or recycled-buffer tail). buf seq=0 count=1024
[mono_ns=7319595883473013][T0xf36cec6cdca0][WARN] copy_aicore_buffer: [chip_swimlane_collector.cpp:689] Core 11: skipped 1024 AICore record slot(s) with start_time=0 (race-window write or recycled-buffer tail). buf seq=0 count=1024
[mono_ns=7319595883485753][T0xf36ceceddca0][WARN] copy_aicore_buffer: [chip_swimlane_collector.cpp:689] Core 44: skipped 1024 AICore record slot(s) with start_time=0 (race-window write or recycled-buffer tail). buf seq=0 count=1024
[mono_ns=7319595883698284][T0xf36ced6edca0][WARN] copy_aicore_buffer: [chip_swimlane_collector.cpp:689] Core 43: skipped 1024 AICore record slot(s) with start_time=0 (race-window write or recycled-buffer tail). buf seq=0 count=1024
[mono_ns=7319595883753864][T0xf36cec6cdca0][WARN] copy_aicore_buffer: [chip_swimlane_collector.cpp:689] Core 46: skipped 1024 AICore record slot(s) with start_time=0 (race-window write or recycled-buffer tail). buf seq=0 count=1024
[mono_ns=7319595883764864][T0xf36ceceddca0][WARN] copy_aicore_buffer: [chip_swimlane_collector.cpp:689] Core 45: skipped 1024 AICore record slot(s) with start_time=0 (race-window write or recycled-buffer tail). buf seq=0 count=1024
[mono_ns=7319595883978715][T0xf36ced6edca0][WARN] copy_aicore_buffer: [chip_swimlane_collector.cpp:689] Core 12: skipped 1024 AICore record slot(s) with start_time=0 (race-window write or recycled-buffer tail). buf seq=0 count=1024
[mono_ns=7319595884041535][T0xf36cec6cdca0][WARN] copy_aicore_buffer: [chip_swimlane_collector.cpp:689] Core 47: skipped 1024 AICore record slot(s) with start_time=0 (race-window write or recycled-buffer tail). buf seq=0 count=1024
[mono_ns=7319595884058865][T0xf36ceceddca0][WARN] copy_aicore_buffer: [chip_swimlane_collector.cpp:689] Core 13: skipped 1024 AICore record slot(s) with start_time=0 (race-window write or recycled-buffer tail). buf seq=0 count=1024
[mono_ns=7319595884266416][T0xf36ced6edca0][WARN] copy_aicore_buffer: [chip_swimlane_collector.cpp:689] Core 48: skipped 1024 AICore record slot(s) with start_time=0 (race-window write or recycled-buffer tail). buf seq=0 count=1024
[mono_ns=7319595884321546][T0xf36cec6cdca0][WARN] copy_aicore_buffer: [chip_swimlane_collector.cpp:689] Core 14: skipped 1024 AICore record slot(s) with start_time=0 (race-window write or recycled-buffer tail). buf seq=0 count=1024
[mono_ns=7319595884337296][T0xf36ceceddca0][WARN] copy_aicore_buffer: [chip_swimlane_collector.cpp:689] Core 50: skipped 1024 AICore record slot(s) with start_time=0 (race-window write or recycled-buffer tail). buf seq=0 count=1024
[mono_ns=7319595884546737][T0xf36ced6edca0][WARN] copy_aicore_buffer: [chip_swimlane_collector.cpp:689] Core 49: skipped 1024 AICore record slot(s) with start_time=0 (race-window write or recycled-buffer tail). buf seq=0 count=1024
[mono_ns=7319595884601757][T0xf36cec6cdca0][WARN] copy_aicore_buffer: [chip_swimlane_collector.cpp:689] Core 52: skipped 1024 AICore record slot(s) with start_time=0 (race-window write or recycled-buffer tail). buf seq=0 count=1024
[mono_ns=7319595884616238][T0xf36ceceddca0][WARN] copy_aicore_buffer: [chip_swimlane_collector.cpp:689] Core 51: skipped 1024 AICore record slot(s) with start_time=0 (race-window write or recycled-buffer tail). buf seq=0 count=1024
[mono_ns=7319595884826658][T0xf36ced6edca0][WARN] copy_aicore_buffer: [chip_swimlane_collector.cpp:689] Core 15: skipped 1024 AICore record slot(s) with start_time=0 (race-window write or recycled-buffer tail). buf seq=0 count=1024
[mono_ns=7319595884886129][T0xf36cec6cdca0][WARN] copy_aicore_buffer: [chip_swimlane_collector.cpp:689] Core 53: skipped 1024 AICore record slot(s) with start_time=0 (race-window write or recycled-buffer tail). buf seq=0 count=1024
[mono_ns=7319595884895009][T0xf36ceceddca0][WARN] copy_aicore_buffer: [chip_swimlane_collector.cpp:689] Core 16: skipped 1024 AICore record slot(s) with start_time=0 (race-window write or recycled-buffer tail). buf seq=0 count=1024
[mono_ns=7319595885111290][T0xf36ced6edca0][WARN] copy_aicore_buffer: [chip_swimlane_collector.cpp:689] Core 54: skipped 1023 AICore record slot(s) with start_time=0 (race-window write or recycled-buffer tail). buf seq=0 count=1024
[mono_ns=7319595885170420][T0xf36cec6cdca0][WARN] copy_aicore_buffer: [chip_swimlane_collector.cpp:689] Core 17: skipped 1024 AICore record slot(s) with start_time=0 (race-window write or recycled-buffer tail). buf seq=0 count=1024
[mono_ns=7319595885175520][T0xf36ceceddca0][WARN] copy_aicore_buffer: [chip_swimlane_collector.cpp:689] Core 56: skipped 1024 AICore record slot(s) with start_time=0 (race-window write or recycled-buffer tail). buf seq=0 count=1024
[mono_ns=7319595885391341][T0xf36ced6edca0][WARN] copy_aicore_buffer: [chip_swimlane_collector.cpp:689] Core 55: skipped 1024 AICore record slot(s) with start_time=0 (race-window write or recycled-buffer tail). buf seq=0 count=1024
[mono_ns=7319595885451121][T0xf36cec6cdca0][WARN] copy_aicore_buffer: [chip_swimlane_collector.cpp:689] Core 58: skipped 1024 AICore record slot(s) with start_time=0 (race-window write or recycled-buffer tail). buf seq=0 count=1024
[mono_ns=7319595885454441][T0xf36ceceddca0][WARN] copy_aicore_buffer: [chip_swimlane_collector.cpp:689] Core 57: skipped 1024 AICore record slot(s) with start_time=0 (race-window write or recycled-buffer tail). buf seq=0 count=1024
[mono_ns=7319595885672532][T0xf36ced6edca0][WARN] copy_aicore_buffer: [chip_swimlane_collector.cpp:689] Core 18: skipped 1024 AICore record slot(s) with start_time=0 (race-window write or recycled-buffer tail). buf seq=0 count=1024
[mono_ns=7319595885729642][T0xf36cec6cdca0][WARN] copy_aicore_buffer: [chip_swimlane_collector.cpp:689] Core 59: skipped 1024 AICore record slot(s) with start_time=0 (race-window write or recycled-buffer tail). buf seq=0 count=1024
[mono_ns=7319595885731842][T0xf36ceceddca0][WARN] copy_aicore_buffer: [chip_swimlane_collector.cpp:689] Core 19: skipped 1024 AICore record slot(s) with start_time=0 (race-window write or recycled-buffer tail). buf seq=0 count=1024
[mono_ns=7319595885954393][T0xf36ced6edca0][WARN] copy_aicore_buffer: [chip_swimlane_collector.cpp:689] Core 60: skipped 1024 AICore record slot(s) with start_time=0 (race-window write or recycled-buffer tail). buf seq=0 count=1024
[mono_ns=7319595886022583][T0xf36ceceddca0][WARN] copy_aicore_buffer: [chip_swimlane_collector.cpp:689] Core 62: skipped 1024 AICore record slot(s) with start_time=0 (race-window write or recycled-buffer tail). buf seq=0 count=1024
[mono_ns=7319595886022743][T0xf36cec6cdca0][WARN] copy_aicore_buffer: [chip_swimlane_collector.cpp:689] Core 20: skipped 1024 AICore record slot(s) with start_time=0 (race-window write or recycled-buffer tail). buf seq=0 count=1024
[mono_ns=7319595886239764][T0xf36ced6edca0][WARN] copy_aicore_buffer: [chip_swimlane_collector.cpp:689] Core 61: skipped 1024 AICore record slot(s) with start_time=0 (race-window write or recycled-buffer tail). buf seq=0 count=1024
[mono_ns=7319595886302405][T0xf36ceceddca0][WARN] copy_aicore_buffer: [chip_swimlane_collector.cpp:689] Core 63: skipped 1024 AICore record slot(s) with start_time=0 (race-window write or recycled-buffer tail). buf seq=0 count=1024
[mono_ns=7319595886304645][T0xf36cec6cdca0][WARN] copy_aicore_buffer: [chip_swimlane_collector.cpp:689] Core 64: skipped 1024 AICore record slot(s) with start_time=0 (race-window write or recycled-buffer tail). buf seq=0 count=1024
[mono_ns=7319595886519676][T0xf36ced6edca0][WARN] copy_aicore_buffer: [chip_swimlane_collector.cpp:689] Core 21: skipped 1024 AICore record slot(s) with start_time=0 (race-window write or recycled-buffer tail). buf seq=0 count=1024
[mono_ns=7319595886581516][T0xf36ceceddca0][WARN] copy_aicore_buffer: [chip_swimlane_collector.cpp:689] Core 22: skipped 1024 AICore record slot(s) with start_time=0 (race-window write or recycled-buffer tail). buf seq=0 count=1024
[mono_ns=7319595886587536][T0xf36cec6cdca0][WARN] copy_aicore_buffer: [chip_swimlane_collector.cpp:689] Core 65: skipped 1024 AICore record slot(s) with start_time=0 (race-window write or recycled-buffer tail). buf seq=0 count=1024
[mono_ns=7319595886802167][T0xf36ced6edca0][WARN] copy_aicore_buffer: [chip_swimlane_collector.cpp:689] Core 66: skipped 1024 AICore record slot(s) with start_time=0 (race-window write or recycled-buffer tail). buf seq=0 count=1024
[mono_ns=7319595886862947][T0xf36ceceddca0][WARN] copy_aicore_buffer: [chip_swimlane_collector.cpp:689] Core 68: skipped 1024 AICore record slot(s) with start_time=0 (race-window write or recycled-buffer tail). buf seq=0 count=1024
[mono_ns=7319595886866827][T0xf36cec6cdca0][WARN] copy_aicore_buffer: [chip_swimlane_collector.cpp:689] Core 23: skipped 1024 AICore record slot(s) with start_time=0 (race-window write or recycled-buffer tail). buf seq=0 count=1024
[mono_ns=7319595887089428][T0xf36ced6edca0][WARN] copy_aicore_buffer: [chip_swimlane_collector.cpp:689] Core 67: skipped 1024 AICore record slot(s) with start_time=0 (race-window write or recycled-buffer tail). buf seq=0 count=1024
[mono_ns=7319595887151058][T0xf36ceceddca0][WARN] copy_aicore_buffer: [chip_swimlane_collector.cpp:689] Core 69: skipped 1024 AICore record slot(s) with start_time=0 (race-window write or recycled-buffer tail). buf seq=0 count=1024
[mono_ns=7319595887151878][T0xf36cec6cdca0][WARN] copy_aicore_buffer: [chip_swimlane_collector.cpp:689] Core 70: skipped 1024 AICore record slot(s) with start_time=0 (race-window write or recycled-buffer tail). buf seq=0 count=1024
[mono_ns=7319595887431609][T0xf36cec6cdca0][WARN] copy_aicore_buffer: [chip_swimlane_collector.cpp:689] Core 71: skipped 1024 AICore record slot(s) with start_time=0 (race-window write or recycled-buffer tail). buf seq=0 count=1024
[mono_ns=7319595987872336][T0xf36e4a0b7020][TIMING] emit_host_span: [STRACE] v=1 pid=2155045 tid=2155045 inv=29 hid=7330127d2e7be9ea depth=1 name=chip.run.runner_run ts=7319595879358355 dur=108507141 
[mono_ns=7319595987908207][T0xf36e4a0b7020][TIMING] emit_host_span: [STRACE] v=1 pid=2155045 tid=2155045 inv=29 hid=7330127d2e7be9ea depth=1 name=chip.run.validate ts=7319595987882446 dur=22521 
[mono_ns=7319595987917277][T0xf36e4a0b7020][TIMING] emit_host_span: [STRACE] v=1 pid=2155045 tid=2155045 inv=29 hid=7330127d2e7be9ea depth=2 name=chip.run.runner_run.device_wall ts=0 dur=758800 clk=dev
[mono_ns=7319595987921227][T0xf36e4a0b7020][TIMING] emit_host_span: [STRACE] v=1 pid=2155045 tid=2155045 inv=29 hid=7330127d2e7be9ea depth=3 name=chip.run.runner_run.device_wall.preamble ts=0 dur=651680 clk=dev
[mono_ns=7319595987924847][T0xf36e4a0b7020][TIMING] emit_host_span: [STRACE] v=1 pid=2155045 tid=2155045 inv=29 hid=7330127d2e7be9ea depth=3 name=chip.run.runner_run.device_wall.graph_build ts=647240 dur=100980 clk=dev
[mono_ns=7319595987928137][T0xf36e4a0b7020][TIMING] emit_host_span: [STRACE] v=1 pid=2155045 tid=2155045 inv=29 hid=7330127d2e7be9ea depth=3 name=chip.run.runner_run.device_wall.config_validate ts=647340 dur=480 clk=dev
[mono_ns=7319595987931957][T0xf36e4a0b7020][TIMING] emit_host_span: [STRACE] v=1 pid=2155045 tid=2155045 inv=29 hid=7330127d2e7be9ea depth=3 name=chip.run.runner_run.device_wall.arena_wire ts=647840 dur=240 clk=dev
[mono_ns=7319595987936127][T0xf36e4a0b7020][TIMING] emit_host_span: [STRACE] v=1 pid=2155045 tid=2155045 inv=29 hid=7330127d2e7be9ea depth=3 name=chip.run.runner_run.device_wall.sm_reset ts=648120 dur=459 clk=dev
[mono_ns=7319595987939377][T0xf36e4a0b7020][TIMING] emit_host_span: [STRACE] v=1 pid=2155045 tid=2155045 inv=29 hid=7330127d2e7be9ea depth=3 name=chip.run.runner_run.device_wall.post_orch ts=748280 dur=10380 clk=dev
[mono_ns=7319595987942377][T0xf36e4a0b7020][TIMING] emit_host_span: [STRACE] v=1 pid=2155045 tid=2155045 inv=29 hid=7330127d2e7be9ea depth=3 name=chip.run.runner_run.device_wall.orch ts=648640 dur=1540 clk=dev
[mono_ns=7319595987946677][T0xf36e4a0b7020][TIMING] emit_host_span: [STRACE] v=1 pid=2155045 tid=2155045 inv=29 hid=7330127d2e7be9ea depth=3 name=chip.run.runner_run.device_wall.sched ts=651840 dur=78940 clk=dev
[mono_ns=7319595987950807][T0xf36e4a0b7020][TIMING] emit_host_span: [STRACE] v=1 pid=2155045 tid=2155045 inv=29 hid=7330127d2e7be9ea depth=1 name=chip.run.claim_release ts=7319595987948677 dur=300 
[mono_ns=7319595987955307][T0xf36e4a0b7020][TIMING] emit_host_span: [STRACE] v=1 pid=2155045 tid=2155045 inv=29 hid=7330127d2e7be9ea depth=0 name=chip.run ts=7319595878450331 dur=109502966 run_id=8 dispatch_id=29 slot_id=0 generation=8 run_epoch=29
[mono_ns=7319595988659540][T0xf36e4a0b7020][TIMING] emit_host_span: [STRACE] v=1 pid=2155045 tid=2155045 inv=30 hid=9a0ce7c17a38dab depth=2 name=chip.run.bind.args ts=7319595988591619 dur=63291 
[mono_ns=7319595988670050][T0xf36e4a0b7020][TIMING] emit_host_span: [STRACE] v=1 pid=2155045 tid=2155045 inv=30 hid=9a0ce7c17a38dab depth=2 name=chip.run.bind.prebuilt ts=7319595988665780 dur=1970 
[mono_ns=7319595988674890][T0xf36e4a0b7020][TIMING] emit_host_span: [STRACE] v=1 pid=2155045 tid=2155045 inv=30 hid=9a0ce7c17a38dab depth=1 name=chip.run.bind ts=7319595988584329 dur=88251 
[mono_ns=7319595989920545][T0xf36ced6edca0][WARN] copy_aicore_buffer: [chip_swimlane_collector.cpp:689] Core 0: skipped 1024 AICore record slot(s) with start_time=0 (race-window write or recycled-buffer tail). buf seq=0 count=1024
[mono_ns=7319595989930095][T0xf36ceceddca0][WARN] copy_aicore_buffer: [chip_swimlane_collector.cpp:689] Core 1: skipped 1024 AICore record slot(s) with start_time=0 (race-window write or recycled-buffer tail). buf seq=0 count=1024
[mono_ns=7319595989949705][T0xf36cec6cdca0][WARN] copy_aicore_buffer: [chip_swimlane_collector.cpp:689] Core 2: skipped 1024 AICore record slot(s) with start_time=0 (race-window write or recycled-buffer tail). buf seq=0 count=1024
[mono_ns=7319595990219226][T0xf36ced6edca0][WARN] copy_aicore_buffer: [chip_swimlane_collector.cpp:689] Core 24: skipped 1024 AICore record slot(s) with start_time=0 (race-window write or recycled-buffer tail). buf seq=0 count=1024
[mono_ns=7319595990227506][T0xf36ceceddca0][WARN] copy_aicore_buffer: [chip_swimlane_collector.cpp:689] Core 26: skipped 1024 AICore record slot(s) with start_time=0 (race-window write or recycled-buffer tail). buf seq=0 count=1024
[mono_ns=7319595990242046][T0xf36cec6cdca0][WARN] copy_aicore_buffer: [chip_swimlane_collector.cpp:689] Core 28: skipped 1023 AICore record slot(s) with start_time=0 (race-window write or recycled-buffer tail). buf seq=0 count=1024
[mono_ns=7319595990500348][T0xf36ced6edca0][WARN] copy_aicore_buffer: [chip_swimlane_collector.cpp:689] Core 25: skipped 1024 AICore record slot(s) with start_time=0 (race-window write or recycled-buffer tail). buf seq=0 count=1024
[mono_ns=7319595990506868][T0xf36ceceddca0][WARN] copy_aicore_buffer: [chip_swimlane_collector.cpp:689] Core 27: skipped 1024 AICore record slot(s) with start_time=0 (race-window write or recycled-buffer tail). buf seq=0 count=1024
[mono_ns=7319595990521788][T0xf36cec6cdca0][WARN] copy_aicore_buffer: [chip_swimlane_collector.cpp:689] Core 29: skipped 1024 AICore record slot(s) with start_time=0 (race-window write or recycled-buffer tail). buf seq=0 count=1024
[mono_ns=7319595990781089][T0xf36ced6edca0][WARN] copy_aicore_buffer: [chip_swimlane_collector.cpp:689] Core 3: skipped 1024 AICore record slot(s) with start_time=0 (race-window write or recycled-buffer tail). buf seq=0 count=1024
[mono_ns=7319595990786839][T0xf36ceceddca0][WARN] copy_aicore_buffer: [chip_swimlane_collector.cpp:689] Core 4: skipped 1024 AICore record slot(s) with start_time=0 (race-window write or recycled-buffer tail). buf seq=0 count=1024
[mono_ns=7319595990804299][T0xf36cec6cdca0][WARN] copy_aicore_buffer: [chip_swimlane_collector.cpp:689] Core 5: skipped 1024 AICore record slot(s) with start_time=0 (race-window write or recycled-buffer tail). buf seq=0 count=1024
[mono_ns=7319595991071380][T0xf36ced6edca0][WARN] copy_aicore_buffer: [chip_swimlane_collector.cpp:689] Core 30: skipped 1024 AICore record slot(s) with start_time=0 (race-window write or recycled-buffer tail). buf seq=0 count=1024
[mono_ns=7319595991075630][T0xf36ceceddca0][WARN] copy_aicore_buffer: [chip_swimlane_collector.cpp:689] Core 32: skipped 1023 AICore record slot(s) with start_time=0 (race-window write or recycled-buffer tail). buf seq=0 count=1024
[mono_ns=7319595991094180][T0xf36cec6cdca0][WARN] copy_aicore_buffer: [chip_swimlane_collector.cpp:689] Core 34: skipped 1024 AICore record slot(s) with start_time=0 (race-window write or recycled-buffer tail). buf seq=0 count=1024
[mono_ns=7319595991352911][T0xf36ced6edca0][WARN] copy_aicore_buffer: [chip_swimlane_collector.cpp:689] Core 31: skipped 1024 AICore record slot(s) with start_time=0 (race-window write or recycled-buffer tail). buf seq=0 count=1024
[mono_ns=7319595991355571][T0xf36ceceddca0][WARN] copy_aicore_buffer: [chip_swimlane_collector.cpp:689] Core 33: skipped 1024 AICore record slot(s) with start_time=0 (race-window write or recycled-buffer tail). buf seq=0 count=1024
[mono_ns=7319595991375181][T0xf36cec6cdca0][WARN] copy_aicore_buffer: [chip_swimlane_collector.cpp:689] Core 35: skipped 1024 AICore record slot(s) with start_time=0 (race-window write or recycled-buffer tail). buf seq=0 count=1024
[mono_ns=7319595991633942][T0xf36ced6edca0][WARN] copy_aicore_buffer: [chip_swimlane_collector.cpp:689] Core 6: skipped 1024 AICore record slot(s) with start_time=0 (race-window write or recycled-buffer tail). buf seq=0 count=1024
[mono_ns=7319595991637412][T0xf36ceceddca0][WARN] copy_aicore_buffer: [chip_swimlane_collector.cpp:689] Core 7: skipped 1024 AICore record slot(s) with start_time=0 (race-window write or recycled-buffer tail). buf seq=0 count=1024
[mono_ns=7319595991656722][T0xf36cec6cdca0][WARN] copy_aicore_buffer: [chip_swimlane_collector.cpp:689] Core 8: skipped 1024 AICore record slot(s) with start_time=0 (race-window write or recycled-buffer tail). buf seq=0 count=1024
[mono_ns=7319595991914504][T0xf36ced6edca0][WARN] copy_aicore_buffer: [chip_swimlane_collector.cpp:689] Core 36: skipped 1024 AICore record slot(s) with start_time=0 (race-window write or recycled-buffer tail). buf seq=0 count=1024
[mono_ns=7319595991916294][T0xf36ceceddca0][WARN] copy_aicore_buffer: [chip_swimlane_collector.cpp:689] Core 38: skipped 1024 AICore record slot(s) with start_time=0 (race-window write or recycled-buffer tail). buf seq=0 count=1024
[mono_ns=7319595991937194][T0xf36cec6cdca0][WARN] copy_aicore_buffer: [chip_swimlane_collector.cpp:689] Core 40: skipped 1024 AICore record slot(s) with start_time=0 (race-window write or recycled-buffer tail). buf seq=0 count=1024
[mono_ns=7319595992199885][T0xf36ceceddca0][WARN] copy_aicore_buffer: [chip_swimlane_collector.cpp:689] Core 39: skipped 1024 AICore record slot(s) with start_time=0 (race-window write or recycled-buffer tail). buf seq=0 count=1024
[mono_ns=7319595992203315][T0xf36ced6edca0][WARN] copy_aicore_buffer: [chip_swimlane_collector.cpp:689] Core 37: skipped 1024 AICore record slot(s) with start_time=0 (race-window write or recycled-buffer tail). buf seq=0 count=1024
[mono_ns=7319595992225395][T0xf36cec6cdca0][WARN] copy_aicore_buffer: [chip_swimlane_collector.cpp:689] Core 41: skipped 1024 AICore record slot(s) with start_time=0 (race-window write or recycled-buffer tail). buf seq=0 count=1024
[mono_ns=7319595992481536][T0xf36ceceddca0][WARN] copy_aicore_buffer: [chip_swimlane_collector.cpp:689] Core 10: skipped 1024 AICore record slot(s) with start_time=0 (race-window write or recycled-buffer tail). buf seq=0 count=1024
[mono_ns=7319595992483156][T0xf36ced6edca0][WARN] copy_aicore_buffer: [chip_swimlane_collector.cpp:689] Core 9: skipped 1024 AICore record slot(s) with start_time=0 (race-window write or recycled-buffer tail). buf seq=0 count=1024
[mono_ns=7319595992506706][T0xf36cec6cdca0][WARN] copy_aicore_buffer: [chip_swimlane_collector.cpp:689] Core 11: skipped 1024 AICore record slot(s) with start_time=0 (race-window write or recycled-buffer tail). buf seq=0 count=1024
[mono_ns=7319595992762047][T0xf36ceceddca0][WARN] copy_aicore_buffer: [chip_swimlane_collector.cpp:689] Core 44: skipped 1024 AICore record slot(s) with start_time=0 (race-window write or recycled-buffer tail). buf seq=0 count=1024
[mono_ns=7319595992763197][T0xf36ced6edca0][WARN] copy_aicore_buffer: [chip_swimlane_collector.cpp:689] Core 42: skipped 1024 AICore record slot(s) with start_time=0 (race-window write or recycled-buffer tail). buf seq=0 count=1024
[mono_ns=7319595992787597][T0xf36cec6cdca0][WARN] copy_aicore_buffer: [chip_swimlane_collector.cpp:689] Core 46: skipped 1024 AICore record slot(s) with start_time=0 (race-window write or recycled-buffer tail). buf seq=0 count=1024
[mono_ns=7319595993056988][T0xf36ceceddca0][WARN] copy_aicore_buffer: [chip_swimlane_collector.cpp:689] Core 45: skipped 1024 AICore record slot(s) with start_time=0 (race-window write or recycled-buffer tail). buf seq=0 count=1024
[mono_ns=7319595993057128][T0xf36ced6edca0][WARN] copy_aicore_buffer: [chip_swimlane_collector.cpp:689] Core 43: skipped 1024 AICore record slot(s) with start_time=0 (race-window write or recycled-buffer tail). buf seq=0 count=1024
[mono_ns=7319595993079709][T0xf36cec6cdca0][WARN] copy_aicore_buffer: [chip_swimlane_collector.cpp:689] Core 47: skipped 1024 AICore record slot(s) with start_time=0 (race-window write or recycled-buffer tail). buf seq=0 count=1024
[mono_ns=7319595993337120][T0xf36ceceddca0][WARN] copy_aicore_buffer: [chip_swimlane_collector.cpp:689] Core 13: skipped 1024 AICore record slot(s) with start_time=0 (race-window write or recycled-buffer tail). buf seq=0 count=1024
[mono_ns=7319595993337310][T0xf36ced6edca0][WARN] copy_aicore_buffer: [chip_swimlane_collector.cpp:689] Core 12: skipped 1024 AICore record slot(s) with start_time=0 (race-window write or recycled-buffer tail). buf seq=0 count=1024
[mono_ns=7319595993362370][T0xf36cec6cdca0][WARN] copy_aicore_buffer: [chip_swimlane_collector.cpp:689] Core 14: skipped 1024 AICore record slot(s) with start_time=0 (race-window write or recycled-buffer tail). buf seq=0 count=1024
[mono_ns=7319595993615821][T0xf36ceceddca0][WARN] copy_aicore_buffer: [chip_swimlane_collector.cpp:689] Core 50: skipped 1024 AICore record slot(s) with start_time=0 (race-window write or recycled-buffer tail). buf seq=0 count=1024
[mono_ns=7319595993616861][T0xf36ced6edca0][WARN] copy_aicore_buffer: [chip_swimlane_collector.cpp:689] Core 48: skipped 1024 AICore record slot(s) with start_time=0 (race-window write or recycled-buffer tail). buf seq=0 count=1024
[mono_ns=7319595993643001][T0xf36cec6cdca0][WARN] copy_aicore_buffer: [chip_swimlane_collector.cpp:689] Core 52: skipped 1024 AICore record slot(s) with start_time=0 (race-window write or recycled-buffer tail). buf seq=0 count=1024
[mono_ns=7319595993897302][T0xf36ceceddca0][WARN] copy_aicore_buffer: [chip_swimlane_collector.cpp:689] Core 51: skipped 1024 AICore record slot(s) with start_time=0 (race-window write or recycled-buffer tail). buf seq=0 count=1024
[mono_ns=7319595993902392][T0xf36ced6edca0][WARN] copy_aicore_buffer: [chip_swimlane_collector.cpp:689] Core 49: skipped 1024 AICore record slot(s) with start_time=0 (race-window write or recycled-buffer tail). buf seq=0 count=1024
[mono_ns=7319595993924472][T0xf36cec6cdca0][WARN] copy_aicore_buffer: [chip_swimlane_collector.cpp:689] Core 53: skipped 1024 AICore record slot(s) with start_time=0 (race-window write or recycled-buffer tail). buf seq=0 count=1024
[mono_ns=7319595994186083][T0xf36ceceddca0][WARN] copy_aicore_buffer: [chip_swimlane_collector.cpp:689] Core 16: skipped 1024 AICore record slot(s) with start_time=0 (race-window write or recycled-buffer tail). buf seq=0 count=1024
[mono_ns=7319595994188943][T0xf36ced6edca0][WARN] copy_aicore_buffer: [chip_swimlane_collector.cpp:689] Core 15: skipped 1024 AICore record slot(s) with start_time=0 (race-window write or recycled-buffer tail). buf seq=0 count=1024
[mono_ns=7319595994212853][T0xf36cec6cdca0][WARN] copy_aicore_buffer: [chip_swimlane_collector.cpp:689] Core 17: skipped 1024 AICore record slot(s) with start_time=0 (race-window write or recycled-buffer tail). buf seq=0 count=1024
[mono_ns=7319595994466384][T0xf36ceceddca0][WARN] copy_aicore_buffer: [chip_swimlane_collector.cpp:689] Core 56: skipped 1024 AICore record slot(s) with start_time=0 (race-window write or recycled-buffer tail). buf seq=0 count=1024
[mono_ns=7319595994468744][T0xf36ced6edca0][WARN] copy_aicore_buffer: [chip_swimlane_collector.cpp:689] Core 54: skipped 1024 AICore record slot(s) with start_time=0 (race-window write or recycled-buffer tail). buf seq=0 count=1024
[mono_ns=7319595994522815][T0xf36cec6cdca0][WARN] copy_aicore_buffer: [chip_swimlane_collector.cpp:689] Core 58: skipped 1024 AICore record slot(s) with start_time=0 (race-window write or recycled-buffer tail). buf seq=0 count=1024
[mono_ns=7319595994745326][T0xf36ceceddca0][WARN] copy_aicore_buffer: [chip_swimlane_collector.cpp:689] Core 57: skipped 1024 AICore record slot(s) with start_time=0 (race-window write or recycled-buffer tail). buf seq=0 count=1024
[mono_ns=7319595994748686][T0xf36ced6edca0][WARN] copy_aicore_buffer: [chip_swimlane_collector.cpp:689] Core 55: skipped 1024 AICore record slot(s) with start_time=0 (race-window write or recycled-buffer tail). buf seq=0 count=1024
[mono_ns=7319595994804776][T0xf36cec6cdca0][WARN] copy_aicore_buffer: [chip_swimlane_collector.cpp:689] Core 59: skipped 1024 AICore record slot(s) with start_time=0 (race-window write or recycled-buffer tail). buf seq=0 count=1024
[mono_ns=7319595995028497][T0xf36ceceddca0][WARN] copy_aicore_buffer: [chip_swimlane_collector.cpp:689] Core 19: skipped 1024 AICore record slot(s) with start_time=0 (race-window write or recycled-buffer tail). buf seq=0 count=1024
[mono_ns=7319595995033127][T0xf36ced6edca0][WARN] copy_aicore_buffer: [chip_swimlane_collector.cpp:689] Core 18: skipped 1024 AICore record slot(s) with start_time=0 (race-window write or recycled-buffer tail). buf seq=0 count=1024
[mono_ns=7319595995097417][T0xf36cec6cdca0][WARN] copy_aicore_buffer: [chip_swimlane_collector.cpp:689] Core 20: skipped 1024 AICore record slot(s) with start_time=0 (race-window write or recycled-buffer tail). buf seq=0 count=1024
[mono_ns=7319595995306668][T0xf36ceceddca0][WARN] copy_aicore_buffer: [chip_swimlane_collector.cpp:689] Core 62: skipped 1024 AICore record slot(s) with start_time=0 (race-window write or recycled-buffer tail). buf seq=0 count=1024
[mono_ns=7319595995313868][T0xf36ced6edca0][WARN] copy_aicore_buffer: [chip_swimlane_collector.cpp:689] Core 60: skipped 1024 AICore record slot(s) with start_time=0 (race-window write or recycled-buffer tail). buf seq=0 count=1024
[mono_ns=7319595995377888][T0xf36cec6cdca0][WARN] copy_aicore_buffer: [chip_swimlane_collector.cpp:689] Core 64: skipped 1024 AICore record slot(s) with start_time=0 (race-window write or recycled-buffer tail). buf seq=0 count=1024
[mono_ns=7319595995586009][T0xf36ceceddca0][WARN] copy_aicore_buffer: [chip_swimlane_collector.cpp:689] Core 63: skipped 1024 AICore record slot(s) with start_time=0 (race-window write or recycled-buffer tail). buf seq=0 count=1024
[mono_ns=7319595995594479][T0xf36ced6edca0][WARN] copy_aicore_buffer: [chip_swimlane_collector.cpp:689] Core 61: skipped 1024 AICore record slot(s) with start_time=0 (race-window write or recycled-buffer tail). buf seq=0 count=1024
[mono_ns=7319595995658079][T0xf36cec6cdca0][WARN] copy_aicore_buffer: [chip_swimlane_collector.cpp:689] Core 65: skipped 1024 AICore record slot(s) with start_time=0 (race-window write or recycled-buffer tail). buf seq=0 count=1024
[mono_ns=7319595995865060][T0xf36ceceddca0][WARN] copy_aicore_buffer: [chip_swimlane_collector.cpp:689] Core 22: skipped 1024 AICore record slot(s) with start_time=0 (race-window write or recycled-buffer tail). buf seq=0 count=1024
[mono_ns=7319595995873560][T0xf36ced6edca0][WARN] copy_aicore_buffer: [chip_swimlane_collector.cpp:689] Core 21: skipped 1024 AICore record slot(s) with start_time=0 (race-window write or recycled-buffer tail). buf seq=0 count=1024
[mono_ns=7319595995938251][T0xf36cec6cdca0][WARN] copy_aicore_buffer: [chip_swimlane_collector.cpp:689] Core 23: skipped 1024 AICore record slot(s) with start_time=0 (race-window write or recycled-buffer tail). buf seq=0 count=1024
[mono_ns=7319595996154842][T0xf36ceceddca0][WARN] copy_aicore_buffer: [chip_swimlane_collector.cpp:689] Core 68: skipped 1024 AICore record slot(s) with start_time=0 (race-window write or recycled-buffer tail). buf seq=0 count=1024
[mono_ns=7319595996158212][T0xf36ced6edca0][WARN] copy_aicore_buffer: [chip_swimlane_collector.cpp:689] Core 66: skipped 1024 AICore record slot(s) with start_time=0 (race-window write or recycled-buffer tail). buf seq=0 count=1024
[mono_ns=7319595996232532][T0xf36cec6cdca0][WARN] copy_aicore_buffer: [chip_swimlane_collector.cpp:689] Core 70: skipped 1024 AICore record slot(s) with start_time=0 (race-window write or recycled-buffer tail). buf seq=0 count=1024
[mono_ns=7319595996433453][T0xf36ceceddca0][WARN] copy_aicore_buffer: [chip_swimlane_collector.cpp:689] Core 69: skipped 1024 AICore record slot(s) with start_time=0 (race-window write or recycled-buffer tail). buf seq=0 count=1024
[mono_ns=7319595996438433][T0xf36ced6edca0][WARN] copy_aicore_buffer: [chip_swimlane_collector.cpp:689] Core 67: skipped 1024 AICore record slot(s) with start_time=0 (race-window write or recycled-buffer tail). buf seq=0 count=1024
[mono_ns=7319595996513603][T0xf36cec6cdca0][WARN] copy_aicore_buffer: [chip_swimlane_collector.cpp:689] Core 71: skipped 1024 AICore record slot(s) with start_time=0 (race-window write or recycled-buffer tail). buf seq=0 count=1024
[mono_ns=7319596097097891][T0xf36e4a0b7020][TIMING] emit_host_span: [STRACE] v=1 pid=2155045 tid=2155045 inv=30 hid=9a0ce7c17a38dab depth=1 name=chip.run.runner_run ts=7319595988875421 dur=108212860 
[mono_ns=7319596097141281][T0xf36e4a0b7020][TIMING] emit_host_span: [STRACE] v=1 pid=2155045 tid=2155045 inv=30 hid=9a0ce7c17a38dab depth=1 name=chip.run.validate ts=7319596097111391 dur=26790 
[mono_ns=7319596097146461][T0xf36e4a0b7020][TIMING] emit_host_span: [STRACE] v=1 pid=2155045 tid=2155045 inv=30 hid=9a0ce7c17a38dab depth=2 name=chip.run.runner_run.device_wall ts=0 dur=652040 clk=dev
[mono_ns=7319596097150201][T0xf36e4a0b7020][TIMING] emit_host_span: [STRACE] v=1 pid=2155045 tid=2155045 inv=30 hid=9a0ce7c17a38dab depth=3 name=chip.run.runner_run.device_wall.preamble ts=0 dur=617900 clk=dev
[mono_ns=7319596097153621][T0xf36e4a0b7020][TIMING] emit_host_span: [STRACE] v=1 pid=2155045 tid=2155045 inv=30 hid=9a0ce7c17a38dab depth=3 name=chip.run.runner_run.device_wall.graph_build ts=613240 dur=28660 clk=dev
[mono_ns=7319596097156771][T0xf36e4a0b7020][TIMING] emit_host_span: [STRACE] v=1 pid=2155045 tid=2155045 inv=30 hid=9a0ce7c17a38dab depth=3 name=chip.run.runner_run.device_wall.config_validate ts=613340 dur=500 clk=dev
[mono_ns=7319596097160241][T0xf36e4a0b7020][TIMING] emit_host_span: [STRACE] v=1 pid=2155045 tid=2155045 inv=30 hid=9a0ce7c17a38dab depth=3 name=chip.run.runner_run.device_wall.arena_wire ts=613880 dur=260 clk=dev
[mono_ns=7319596097170691][T0xf36e4a0b7020][TIMING] emit_host_span: [STRACE] v=1 pid=2155045 tid=2155045 inv=30 hid=9a0ce7c17a38dab depth=3 name=chip.run.runner_run.device_wall.sm_reset ts=614160 dur=459 clk=dev
[mono_ns=7319596097174011][T0xf36e4a0b7020][TIMING] emit_host_span: [STRACE] v=1 pid=2155045 tid=2155045 inv=30 hid=9a0ce7c17a38dab depth=3 name=chip.run.runner_run.device_wall.post_orch ts=641940 dur=9979 clk=dev
[mono_ns=7319596097177141][T0xf36e4a0b7020][TIMING] emit_host_span: [STRACE] v=1 pid=2155045 tid=2155045 inv=30 hid=9a0ce7c17a38dab depth=3 name=chip.run.runner_run.device_wall.orch ts=614660 dur=1359 clk=dev
[mono_ns=7319596097180661][T0xf36e4a0b7020][TIMING] emit_host_span: [STRACE] v=1 pid=2155045 tid=2155045 inv=30 hid=9a0ce7c17a38dab depth=3 name=chip.run.runner_run.device_wall.sched ts=618000 dur=6500 clk=dev
[mono_ns=7319596097185671][T0xf36e4a0b7020][TIMING] emit_host_span: [STRACE] v=1 pid=2155045 tid=2155045 inv=30 hid=9a0ce7c17a38dab depth=1 name=chip.run.claim_release ts=7319596097183411 dur=510 
[mono_ns=7319596097190201][T0xf36e4a0b7020][TIMING] emit_host_span: [STRACE] v=1 pid=2155045 tid=2155045 inv=30 hid=9a0ce7c17a38dab depth=0 name=chip.run ts=7319595988561709 dur=108626442 run_id=8 dispatch_id=30 slot_id=0 generation=8 run_epoch=30
[mono_ns=7319596097602633][T0xf36e4a0b7020][TIMING] emit_host_span: [STRACE] v=1 pid=2155045 tid=2155045 inv=31 hid=aa636548c65ca6a1 depth=2 name=chip.run.bind.args ts=7319596097557973 dur=40320 
[mono_ns=7319596097615223][T0xf36e4a0b7020][TIMING] emit_host_span: [STRACE] v=1 pid=2155045 tid=2155045 inv=31 hid=aa636548c65ca6a1 depth=2 name=chip.run.bind.prebuilt ts=7319596097609063 dur=4000 
[mono_ns=7319596097622713][T0xf36e4a0b7020][TIMING] emit_host_span: [STRACE] v=1 pid=2155045 tid=2155045 inv=31 hid=aa636548c65ca6a1 depth=1 name=chip.run.bind ts=7319596097546883 dur=73880 
[mono_ns=7319596107146163][T0xf36e4a0b7020][TIMING] emit_host_span: [STRACE] v=1 pid=2155045 tid=2155045 inv=31 hid=aa636548c65ca6a1 depth=1 name=chip.run.runner_run ts=7319596097828174 dur=9309789 
[mono_ns=7319596107177103][T0xf36e4a0b7020][TIMING] emit_host_span: [STRACE] v=1 pid=2155045 tid=2155045 inv=31 hid=aa636548c65ca6a1 depth=1 name=chip.run.validate ts=7319596107152413 dur=20850 
[mono_ns=7319596107181563][T0xf36e4a0b7020][TIMING] emit_host_span: [STRACE] v=1 pid=2155045 tid=2155045 inv=31 hid=aa636548c65ca6a1 depth=2 name=chip.run.runner_run.device_wall ts=0 dur=9053420 clk=dev
[mono_ns=7319596107185013][T0xf36e4a0b7020][TIMING] emit_host_span: [STRACE] v=1 pid=2155045 tid=2155045 inv=31 hid=aa636548c65ca6a1 depth=3 name=chip.run.runner_run.device_wall.preamble ts=0 dur=6080 clk=dev
[mono_ns=7319596107188313][T0xf36e4a0b7020][TIMING] emit_host_span: [STRACE] v=1 pid=2155045 tid=2155045 inv=31 hid=aa636548c65ca6a1 depth=3 name=chip.run.runner_run.device_wall.graph_build ts=1160 dur=9041760 clk=dev
[mono_ns=7319596107191493][T0xf36e4a0b7020][TIMING] emit_host_span: [STRACE] v=1 pid=2155045 tid=2155045 inv=31 hid=aa636548c65ca6a1 depth=3 name=chip.run.runner_run.device_wall.config_validate ts=1260 dur=500 clk=dev
[mono_ns=7319596107194414][T0xf36e4a0b7020][TIMING] emit_host_span: [STRACE] v=1 pid=2155045 tid=2155045 inv=31 hid=aa636548c65ca6a1 depth=3 name=chip.run.runner_run.device_wall.arena_wire ts=1880 dur=260 clk=dev
[mono_ns=7319596107203494][T0xf36e4a0b7020][TIMING] emit_host_span: [STRACE] v=1 pid=2155045 tid=2155045 inv=31 hid=aa636548c65ca6a1 depth=3 name=chip.run.runner_run.device_wall.sm_reset ts=2160 dur=480 clk=dev
[mono_ns=7319596107206634][T0xf36e4a0b7020][TIMING] emit_host_span: [STRACE] v=1 pid=2155045 tid=2155045 inv=31 hid=aa636548c65ca6a1 depth=3 name=chip.run.runner_run.device_wall.post_orch ts=9042939 dur=10380 clk=dev
[mono_ns=7319596107209534][T0xf36e4a0b7020][TIMING] emit_host_span: [STRACE] v=1 pid=2155045 tid=2155045 inv=31 hid=aa636548c65ca6a1 depth=3 name=chip.run.runner_run.device_wall.orch ts=2660 dur=1520 clk=dev
[mono_ns=7319596107212584][T0xf36e4a0b7020][TIMING] emit_host_span: [STRACE] v=1 pid=2155045 tid=2155045 inv=31 hid=aa636548c65ca6a1 depth=3 name=chip.run.runner_run.device_wall.sched ts=6160 dur=9029519 clk=dev
[mono_ns=7319596107216984][T0xf36e4a0b7020][TIMING] emit_host_span: [STRACE] v=1 pid=2155045 tid=2155045 inv=31 hid=aa636548c65ca6a1 depth=1 name=chip.run.claim_release ts=7319596107214894 dur=370 
[mono_ns=7319596107221034][T0xf36e4a0b7020][TIMING] emit_host_span: [STRACE] v=1 pid=2155045 tid=2155045 inv=31 hid=aa636548c65ca6a1 depth=0 name=chip.run ts=7319596097507682 dur=9711432 run_id=8 dispatch_id=31 slot_id=0 generation=8 run_epoch=31
[mono_ns=7319596108313168][T0xf36e4a0b7020][TIMING] emit_host_span: [STRACE] v=1 pid=2155045 tid=2155045 inv=32 hid=e3bcbf8fce8ee77f depth=2 name=chip.run.bind.args ts=7319596108262168 dur=46010 
[mono_ns=7319596108324278][T0xf36e4a0b7020][TIMING] emit_host_span: [STRACE] v=1 pid=2155045 tid=2155045 inv=32 hid=e3bcbf8fce8ee77f depth=2 name=chip.run.bind.prebuilt ts=7319596108319898 dur=2110 
[mono_ns=7319596108331288][T0xf36e4a0b7020][TIMING] emit_host_span: [STRACE] v=1 pid=2155045 tid=2155045 inv=32 hid=e3bcbf8fce8ee77f depth=1 name=chip.run.bind ts=7319596108255598 dur=73680 
[mono_ns=7319596109646174][T0xf36cec6cdca0][WARN] copy_aicore_buffer: [chip_swimlane_collector.cpp:689] Core 2: skipped 1024 AICore record slot(s) with start_time=0 (race-window write or recycled-buffer tail). buf seq=0 count=1024
[mono_ns=7319596109661524][T0xf36ceceddca0][WARN] copy_aicore_buffer: [chip_swimlane_collector.cpp:689] Core 1: skipped 1024 AICore record slot(s) with start_time=0 (race-window write or recycled-buffer tail). buf seq=0 count=1024
[mono_ns=7319596109693464][T0xf36ced6edca0][WARN] copy_aicore_buffer: [chip_swimlane_collector.cpp:689] Core 0: skipped 1024 AICore record slot(s) with start_time=0 (race-window write or recycled-buffer tail). buf seq=0 count=1024
[mono_ns=7319596109937925][T0xf36cec6cdca0][WARN] copy_aicore_buffer: [chip_swimlane_collector.cpp:689] Core 28: skipped 1024 AICore record slot(s) with start_time=0 (race-window write or recycled-buffer tail). buf seq=0 count=1024
[mono_ns=7319596109946835][T0xf36ceceddca0][WARN] copy_aicore_buffer: [chip_swimlane_collector.cpp:689] Core 26: skipped 1023 AICore record slot(s) with start_time=0 (race-window write or recycled-buffer tail). buf seq=0 count=1024
[mono_ns=7319596109978375][T0xf36ced6edca0][WARN] copy_aicore_buffer: [chip_swimlane_collector.cpp:689] Core 24: skipped 1024 AICore record slot(s) with start_time=0 (race-window write or recycled-buffer tail). buf seq=0 count=1024
[mono_ns=7319596110230336][T0xf36cec6cdca0][WARN] copy_aicore_buffer: [chip_swimlane_collector.cpp:689] Core 29: skipped 1024 AICore record slot(s) with start_time=0 (race-window write or recycled-buffer tail). buf seq=0 count=1024
[mono_ns=7319596110236476][T0xf36ceceddca0][WARN] copy_aicore_buffer: [chip_swimlane_collector.cpp:689] Core 27: skipped 1024 AICore record slot(s) with start_time=0 (race-window write or recycled-buffer tail). buf seq=0 count=1024
[mono_ns=7319596110276507][T0xf36ced6edca0][WARN] copy_aicore_buffer: [chip_swimlane_collector.cpp:689] Core 25: skipped 1024 AICore record slot(s) with start_time=0 (race-window write or recycled-buffer tail). buf seq=0 count=1024
[mono_ns=7319596110512418][T0xf36cec6cdca0][WARN] copy_aicore_buffer: [chip_swimlane_collector.cpp:689] Core 5: skipped 1024 AICore record slot(s) with start_time=0 (race-window write or recycled-buffer tail). buf seq=0 count=1024
[mono_ns=7319596110516528][T0xf36ceceddca0][WARN] copy_aicore_buffer: [chip_swimlane_collector.cpp:689] Core 4: skipped 1024 AICore record slot(s) with start_time=0 (race-window write or recycled-buffer tail). buf seq=0 count=1024
[mono_ns=7319596110559928][T0xf36ced6edca0][WARN] copy_aicore_buffer: [chip_swimlane_collector.cpp:689] Core 3: skipped 1023 AICore record slot(s) with start_time=0 (race-window write or recycled-buffer tail). buf seq=0 count=1024
[mono_ns=7319596110793919][T0xf36cec6cdca0][WARN] copy_aicore_buffer: [chip_swimlane_collector.cpp:689] Core 34: skipped 1024 AICore record slot(s) with start_time=0 (race-window write or recycled-buffer tail). buf seq=0 count=1024
[mono_ns=7319596110795879][T0xf36ceceddca0][WARN] copy_aicore_buffer: [chip_swimlane_collector.cpp:689] Core 32: skipped 1024 AICore record slot(s) with start_time=0 (race-window write or recycled-buffer tail). buf seq=0 count=1024
[mono_ns=7319596110840529][T0xf36ced6edca0][WARN] copy_aicore_buffer: [chip_swimlane_collector.cpp:689] Core 30: skipped 1024 AICore record slot(s) with start_time=0 (race-window write or recycled-buffer tail). buf seq=0 count=1024
[mono_ns=7319596111077350][T0xf36cec6cdca0][WARN] copy_aicore_buffer: [chip_swimlane_collector.cpp:689] Core 35: skipped 1023 AICore record slot(s) with start_time=0 (race-window write or recycled-buffer tail). buf seq=0 count=1024
[mono_ns=7319596111091340][T0xf36ceceddca0][WARN] copy_aicore_buffer: [chip_swimlane_collector.cpp:689] Core 33: skipped 1024 AICore record slot(s) with start_time=0 (race-window write or recycled-buffer tail). buf seq=0 count=1024
[mono_ns=7319596111128030][T0xf36ced6edca0][WARN] copy_aicore_buffer: [chip_swimlane_collector.cpp:689] Core 31: skipped 1024 AICore record slot(s) with start_time=0 (race-window write or recycled-buffer tail). buf seq=0 count=1024
[mono_ns=7319596111359631][T0xf36cec6cdca0][WARN] copy_aicore_buffer: [chip_swimlane_collector.cpp:689] Core 8: skipped 1024 AICore record slot(s) with start_time=0 (race-window write or recycled-buffer tail). buf seq=0 count=1024
[mono_ns=7319596111370181][T0xf36ceceddca0][WARN] copy_aicore_buffer: [chip_swimlane_collector.cpp:689] Core 7: skipped 1024 AICore record slot(s) with start_time=0 (race-window write or recycled-buffer tail). buf seq=0 count=1024
[mono_ns=7319596111408321][T0xf36ced6edca0][WARN] copy_aicore_buffer: [chip_swimlane_collector.cpp:689] Core 6: skipped 1024 AICore record slot(s) with start_time=0 (race-window write or recycled-buffer tail). buf seq=0 count=1024
[mono_ns=7319596111640552][T0xf36cec6cdca0][WARN] copy_aicore_buffer: [chip_swimlane_collector.cpp:689] Core 40: skipped 1024 AICore record slot(s) with start_time=0 (race-window write or recycled-buffer tail). buf seq=0 count=1024
[mono_ns=7319596111646972][T0xf36ceceddca0][WARN] copy_aicore_buffer: [chip_swimlane_collector.cpp:689] Core 38: skipped 1024 AICore record slot(s) with start_time=0 (race-window write or recycled-buffer tail). buf seq=0 count=1024
[mono_ns=7319596111688073][T0xf36ced6edca0][WARN] copy_aicore_buffer: [chip_swimlane_collector.cpp:689] Core 36: skipped 1024 AICore record slot(s) with start_time=0 (race-window write or recycled-buffer tail). buf seq=0 count=1024
[mono_ns=7319596111920804][T0xf36cec6cdca0][WARN] copy_aicore_buffer: [chip_swimlane_collector.cpp:689] Core 41: skipped 1024 AICore record slot(s) with start_time=0 (race-window write or recycled-buffer tail). buf seq=0 count=1024
[mono_ns=7319596111925954][T0xf36ceceddca0][WARN] copy_aicore_buffer: [chip_swimlane_collector.cpp:689] Core 39: skipped 1024 AICore record slot(s) with start_time=0 (race-window write or recycled-buffer tail). buf seq=0 count=1024
[mono_ns=7319596111969774][T0xf36ced6edca0][WARN] copy_aicore_buffer: [chip_swimlane_collector.cpp:689] Core 37: skipped 1024 AICore record slot(s) with start_time=0 (race-window write or recycled-buffer tail). buf seq=0 count=1024
[mono_ns=7319596112214675][T0xf36ceceddca0][WARN] copy_aicore_buffer: [chip_swimlane_collector.cpp:689] Core 10: skipped 1024 AICore record slot(s) with start_time=0 (race-window write or recycled-buffer tail). buf seq=0 count=1024
[mono_ns=7319596112218055][T0xf36cec6cdca0][WARN] copy_aicore_buffer: [chip_swimlane_collector.cpp:689] Core 11: skipped 1024 AICore record slot(s) with start_time=0 (race-window write or recycled-buffer tail). buf seq=0 count=1024
[mono_ns=7319596112271465][T0xf36ced6edca0][WARN] copy_aicore_buffer: [chip_swimlane_collector.cpp:689] Core 9: skipped 1024 AICore record slot(s) with start_time=0 (race-window write or recycled-buffer tail). buf seq=0 count=1024
[mono_ns=7319596112494956][T0xf36ceceddca0][WARN] copy_aicore_buffer: [chip_swimlane_collector.cpp:689] Core 44: skipped 1024 AICore record slot(s) with start_time=0 (race-window write or recycled-buffer tail). buf seq=0 count=1024
[mono_ns=7319596112498196][T0xf36cec6cdca0][WARN] copy_aicore_buffer: [chip_swimlane_collector.cpp:689] Core 46: skipped 1024 AICore record slot(s) with start_time=0 (race-window write or recycled-buffer tail). buf seq=0 count=1024
[mono_ns=7319596112551936][T0xf36ced6edca0][WARN] copy_aicore_buffer: [chip_swimlane_collector.cpp:689] Core 42: skipped 1024 AICore record slot(s) with start_time=0 (race-window write or recycled-buffer tail). buf seq=0 count=1024
[mono_ns=7319596112774667][T0xf36ceceddca0][WARN] copy_aicore_buffer: [chip_swimlane_collector.cpp:689] Core 45: skipped 1024 AICore record slot(s) with start_time=0 (race-window write or recycled-buffer tail). buf seq=0 count=1024
[mono_ns=7319596112777577][T0xf36cec6cdca0][WARN] copy_aicore_buffer: [chip_swimlane_collector.cpp:689] Core 47: skipped 1024 AICore record slot(s) with start_time=0 (race-window write or recycled-buffer tail). buf seq=0 count=1024
[mono_ns=7319596112833097][T0xf36ced6edca0][WARN] copy_aicore_buffer: [chip_swimlane_collector.cpp:689] Core 43: skipped 1024 AICore record slot(s) with start_time=0 (race-window write or recycled-buffer tail). buf seq=0 count=1024
[mono_ns=7319596113061678][T0xf36ceceddca0][WARN] copy_aicore_buffer: [chip_swimlane_collector.cpp:689] Core 13: skipped 1024 AICore record slot(s) with start_time=0 (race-window write or recycled-buffer tail). buf seq=0 count=1024
[mono_ns=7319596113064958][T0xf36cec6cdca0][WARN] copy_aicore_buffer: [chip_swimlane_collector.cpp:689] Core 14: skipped 1024 AICore record slot(s) with start_time=0 (race-window write or recycled-buffer tail). buf seq=0 count=1024
[mono_ns=7319596113124529][T0xf36ced6edca0][WARN] copy_aicore_buffer: [chip_swimlane_collector.cpp:689] Core 12: skipped 1024 AICore record slot(s) with start_time=0 (race-window write or recycled-buffer tail). buf seq=0 count=1024
[mono_ns=7319596113341720][T0xf36ceceddca0][WARN] copy_aicore_buffer: [chip_swimlane_collector.cpp:689] Core 50: skipped 1024 AICore record slot(s) with start_time=0 (race-window write or recycled-buffer tail). buf seq=0 count=1024
[mono_ns=7319596113344890][T0xf36cec6cdca0][WARN] copy_aicore_buffer: [chip_swimlane_collector.cpp:689] Core 52: skipped 1024 AICore record slot(s) with start_time=0 (race-window write or recycled-buffer tail). buf seq=0 count=1024
[mono_ns=7319596113405830][T0xf36ced6edca0][WARN] copy_aicore_buffer: [chip_swimlane_collector.cpp:689] Core 48: skipped 1024 AICore record slot(s) with start_time=0 (race-window write or recycled-buffer tail). buf seq=0 count=1024
[mono_ns=7319596113621791][T0xf36ceceddca0][WARN] copy_aicore_buffer: [chip_swimlane_collector.cpp:689] Core 51: skipped 1024 AICore record slot(s) with start_time=0 (race-window write or recycled-buffer tail). buf seq=0 count=1024
[mono_ns=7319596113624991][T0xf36cec6cdca0][WARN] copy_aicore_buffer: [chip_swimlane_collector.cpp:689] Core 53: skipped 1024 AICore record slot(s) with start_time=0 (race-window write or recycled-buffer tail). buf seq=0 count=1024
[mono_ns=7319596113687151][T0xf36ced6edca0][WARN] copy_aicore_buffer: [chip_swimlane_collector.cpp:689] Core 49: skipped 1024 AICore record slot(s) with start_time=0 (race-window write or recycled-buffer tail). buf seq=0 count=1024
[mono_ns=7319596113900612][T0xf36ceceddca0][WARN] copy_aicore_buffer: [chip_swimlane_collector.cpp:689] Core 16: skipped 1024 AICore record slot(s) with start_time=0 (race-window write or recycled-buffer tail). buf seq=0 count=1024
[mono_ns=7319596113905772][T0xf36cec6cdca0][WARN] copy_aicore_buffer: [chip_swimlane_collector.cpp:689] Core 17: skipped 1024 AICore record slot(s) with start_time=0 (race-window write or recycled-buffer tail). buf seq=0 count=1024
[mono_ns=7319596113969742][T0xf36ced6edca0][WARN] copy_aicore_buffer: [chip_swimlane_collector.cpp:689] Core 15: skipped 1024 AICore record slot(s) with start_time=0 (race-window write or recycled-buffer tail). buf seq=0 count=1024
[mono_ns=7319596114191973][T0xf36ceceddca0][WARN] copy_aicore_buffer: [chip_swimlane_collector.cpp:689] Core 56: skipped 1024 AICore record slot(s) with start_time=0 (race-window write or recycled-buffer tail). buf seq=0 count=1024
[mono_ns=7319596114192503][T0xf36cec6cdca0][WARN] copy_aicore_buffer: [chip_swimlane_collector.cpp:689] Core 58: skipped 1024 AICore record slot(s) with start_time=0 (race-window write or recycled-buffer tail). buf seq=0 count=1024
[mono_ns=7319596114258604][T0xf36ced6edca0][WARN] copy_aicore_buffer: [chip_swimlane_collector.cpp:689] Core 54: skipped 1024 AICore record slot(s) with start_time=0 (race-window write or recycled-buffer tail). buf seq=0 count=1024
[mono_ns=7319596114470304][T0xf36ceceddca0][WARN] copy_aicore_buffer: [chip_swimlane_collector.cpp:689] Core 57: skipped 1024 AICore record slot(s) with start_time=0 (race-window write or recycled-buffer tail). buf seq=0 count=1024
[mono_ns=7319596114473314][T0xf36cec6cdca0][WARN] copy_aicore_buffer: [chip_swimlane_collector.cpp:689] Core 59: skipped 1024 AICore record slot(s) with start_time=0 (race-window write or recycled-buffer tail). buf seq=0 count=1024
[mono_ns=7319596114539855][T0xf36ced6edca0][WARN] copy_aicore_buffer: [chip_swimlane_collector.cpp:689] Core 55: skipped 1024 AICore record slot(s) with start_time=0 (race-window write or recycled-buffer tail). buf seq=0 count=1024
[mono_ns=7319596114749296][T0xf36ceceddca0][WARN] copy_aicore_buffer: [chip_swimlane_collector.cpp:689] Core 19: skipped 1024 AICore record slot(s) with start_time=0 (race-window write or recycled-buffer tail). buf seq=0 count=1024
[mono_ns=7319596114757036][T0xf36cec6cdca0][WARN] copy_aicore_buffer: [chip_swimlane_collector.cpp:689] Core 20: skipped 1024 AICore record slot(s) with start_time=0 (race-window write or recycled-buffer tail). buf seq=0 count=1024
[mono_ns=7319596114820486][T0xf36ced6edca0][WARN] copy_aicore_buffer: [chip_swimlane_collector.cpp:689] Core 18: skipped 1024 AICore record slot(s) with start_time=0 (race-window write or recycled-buffer tail). buf seq=0 count=1024
[mono_ns=7319596115040717][T0xf36ceceddca0][WARN] copy_aicore_buffer: [chip_swimlane_collector.cpp:689] Core 62: skipped 1024 AICore record slot(s) with start_time=0 (race-window write or recycled-buffer tail). buf seq=0 count=1024
[mono_ns=7319596115047437][T0xf36cec6cdca0][WARN] copy_aicore_buffer: [chip_swimlane_collector.cpp:689] Core 64: skipped 1024 AICore record slot(s) with start_time=0 (race-window write or recycled-buffer tail). buf seq=0 count=1024
[mono_ns=7319596115107157][T0xf36ced6edca0][WARN] copy_aicore_buffer: [chip_swimlane_collector.cpp:689] Core 60: skipped 1024 AICore record slot(s) with start_time=0 (race-window write or recycled-buffer tail). buf seq=0 count=1024
[mono_ns=7319596115319078][T0xf36ceceddca0][WARN] copy_aicore_buffer: [chip_swimlane_collector.cpp:689] Core 63: skipped 1024 AICore record slot(s) with start_time=0 (race-window write or recycled-buffer tail). buf seq=0 count=1024
[mono_ns=7319596115327348][T0xf36cec6cdca0][WARN] copy_aicore_buffer: [chip_swimlane_collector.cpp:689] Core 65: skipped 1024 AICore record slot(s) with start_time=0 (race-window write or recycled-buffer tail). buf seq=0 count=1024
[mono_ns=7319596115388598][T0xf36ced6edca0][WARN] copy_aicore_buffer: [chip_swimlane_collector.cpp:689] Core 61: skipped 1024 AICore record slot(s) with start_time=0 (race-window write or recycled-buffer tail). buf seq=0 count=1024
[mono_ns=7319596115599159][T0xf36ceceddca0][WARN] copy_aicore_buffer: [chip_swimlane_collector.cpp:689] Core 22: skipped 1024 AICore record slot(s) with start_time=0 (race-window write or recycled-buffer tail). buf seq=0 count=1024
[mono_ns=7319596115607569][T0xf36cec6cdca0][WARN] copy_aicore_buffer: [chip_swimlane_collector.cpp:689] Core 23: skipped 1024 AICore record slot(s) with start_time=0 (race-window write or recycled-buffer tail). buf seq=0 count=1024
[mono_ns=7319596115669740][T0xf36ced6edca0][WARN] copy_aicore_buffer: [chip_swimlane_collector.cpp:689] Core 21: skipped 1024 AICore record slot(s) with start_time=0 (race-window write or recycled-buffer tail). buf seq=0 count=1024
[mono_ns=7319596115877410][T0xf36ceceddca0][WARN] copy_aicore_buffer: [chip_swimlane_collector.cpp:689] Core 68: skipped 1024 AICore record slot(s) with start_time=0 (race-window write or recycled-buffer tail). buf seq=0 count=1024
[mono_ns=7319596115886430][T0xf36cec6cdca0][WARN] copy_aicore_buffer: [chip_swimlane_collector.cpp:689] Core 70: skipped 1024 AICore record slot(s) with start_time=0 (race-window write or recycled-buffer tail). buf seq=0 count=1024
[mono_ns=7319596115951591][T0xf36ced6edca0][WARN] copy_aicore_buffer: [chip_swimlane_collector.cpp:689] Core 66: skipped 1024 AICore record slot(s) with start_time=0 (race-window write or recycled-buffer tail). buf seq=0 count=1024
[mono_ns=7319596116161622][T0xf36ceceddca0][WARN] copy_aicore_buffer: [chip_swimlane_collector.cpp:689] Core 69: skipped 1024 AICore record slot(s) with start_time=0 (race-window write or recycled-buffer tail). buf seq=0 count=1024
[mono_ns=7319596116173142][T0xf36cec6cdca0][WARN] copy_aicore_buffer: [chip_swimlane_collector.cpp:689] Core 71: skipped 1024 AICore record slot(s) with start_time=0 (race-window write or recycled-buffer tail). buf seq=0 count=1024
[mono_ns=7319596116237892][T0xf36ced6edca0][WARN] copy_aicore_buffer: [chip_swimlane_collector.cpp:689] Core 67: skipped 1024 AICore record slot(s) with start_time=0 (race-window write or recycled-buffer tail). buf seq=0 count=1024
[mono_ns=7319596216754149][T0xf36e4a0b7020][TIMING] emit_host_span: [STRACE] v=1 pid=2155045 tid=2155045 inv=32 hid=e3bcbf8fce8ee77f depth=1 name=chip.run.runner_run ts=7319596108570879 dur=108174860 
[mono_ns=7319596217287011][T0xf36e4a0b7020][TIMING] emit_host_span: [STRACE] v=1 pid=2155045 tid=2155045 inv=32 hid=e3bcbf8fce8ee77f depth=1 name=chip.run.validate ts=7319596216763799 dur=518192 
[mono_ns=7319596217295681][T0xf36e4a0b7020][TIMING] emit_host_span: [STRACE] v=1 pid=2155045 tid=2155045 inv=32 hid=e3bcbf8fce8ee77f depth=2 name=chip.run.runner_run.device_wall ts=0 dur=693420 clk=dev
[mono_ns=7319596217300761][T0xf36e4a0b7020][TIMING] emit_host_span: [STRACE] v=1 pid=2155045 tid=2155045 inv=32 hid=e3bcbf8fce8ee77f depth=3 name=chip.run.runner_run.device_wall.preamble ts=0 dur=615920 clk=dev
[mono_ns=7319596217310682][T0xf36e4a0b7020][TIMING] emit_host_span: [STRACE] v=1 pid=2155045 tid=2155045 inv=32 hid=e3bcbf8fce8ee77f depth=3 name=chip.run.runner_run.device_wall.graph_build ts=610900 dur=72780 clk=dev
[mono_ns=7319596217313812][T0xf36e4a0b7020][TIMING] emit_host_span: [STRACE] v=1 pid=2155045 tid=2155045 inv=32 hid=e3bcbf8fce8ee77f depth=3 name=chip.run.runner_run.device_wall.config_validate ts=610980 dur=480 clk=dev
[mono_ns=7319596217317032][T0xf36e4a0b7020][TIMING] emit_host_span: [STRACE] v=1 pid=2155045 tid=2155045 inv=32 hid=e3bcbf8fce8ee77f depth=3 name=chip.run.runner_run.device_wall.arena_wire ts=611500 dur=240 clk=dev
[mono_ns=7319596217320032][T0xf36e4a0b7020][TIMING] emit_host_span: [STRACE] v=1 pid=2155045 tid=2155045 inv=32 hid=e3bcbf8fce8ee77f depth=3 name=chip.run.runner_run.device_wall.sm_reset ts=611760 dur=480 clk=dev
[mono_ns=7319596217323082][T0xf36e4a0b7020][TIMING] emit_host_span: [STRACE] v=1 pid=2155045 tid=2155045 inv=32 hid=e3bcbf8fce8ee77f depth=3 name=chip.run.runner_run.device_wall.post_orch ts=683719 dur=9580 clk=dev
[mono_ns=7319596217326322][T0xf36e4a0b7020][TIMING] emit_host_span: [STRACE] v=1 pid=2155045 tid=2155045 inv=32 hid=e3bcbf8fce8ee77f depth=3 name=chip.run.runner_run.device_wall.orch ts=612280 dur=1579 clk=dev
[mono_ns=7319596217329432][T0xf36e4a0b7020][TIMING] emit_host_span: [STRACE] v=1 pid=2155045 tid=2155045 inv=32 hid=e3bcbf8fce8ee77f depth=3 name=chip.run.runner_run.device_wall.sched ts=616060 dur=51400 clk=dev
[mono_ns=7319596217334422][T0xf36e4a0b7020][TIMING] emit_host_span: [STRACE] v=1 pid=2155045 tid=2155045 inv=32 hid=e3bcbf8fce8ee77f depth=1 name=chip.run.claim_release ts=7319596217332192 dur=470 
[mono_ns=7319596217340762][T0xf36e4a0b7020][TIMING] emit_host_span: [STRACE] v=1 pid=2155045 tid=2155045 inv=32 hid=e3bcbf8fce8ee77f depth=0 name=chip.run ts=7319596108233048 dur=109105644 run_id=8 dispatch_id=32 slot_id=0 generation=8 run_epoch=32
[mono_ns=7319610678202876][T0xf36e4a0b7020][TIMING] emit_host_span: [STRACE] v=1 pid=2155045 tid=2155045 inv=33 hid=7330127d2e7be9ea depth=2 name=chip.run.bind.args ts=7319610677368573 dur=821953 
[mono_ns=7319610678238336][T0xf36e4a0b7020][TIMING] emit_host_span: [STRACE] v=1 pid=2155045 tid=2155045 inv=33 hid=7330127d2e7be9ea depth=2 name=chip.run.bind.prebuilt ts=7319610678230956 dur=4530 
[mono_ns=7319610678244226][T0xf36e4a0b7020][TIMING] emit_host_span: [STRACE] v=1 pid=2155045 tid=2155045 inv=33 hid=7330127d2e7be9ea depth=1 name=chip.run.bind ts=7319610677353902 dur=887774 
[mono_ns=7319610790630584][T0xf36e4a0b7020][TIMING] emit_host_span: [STRACE] v=1 pid=2155045 tid=2155045 inv=33 hid=7330127d2e7be9ea depth=1 name=chip.run.runner_run ts=7319610678664418 dur=111950716 
[mono_ns=7319610790689884][T0xf36e4a0b7020][TIMING] emit_host_span: [STRACE] v=1 pid=2155045 tid=2155045 inv=33 hid=7330127d2e7be9ea depth=1 name=chip.run.validate ts=7319610790646154 dur=39790 
[mono_ns=7319610790696194][T0xf36e4a0b7020][TIMING] emit_host_span: [STRACE] v=1 pid=2155045 tid=2155045 inv=33 hid=7330127d2e7be9ea depth=2 name=chip.run.runner_run.device_wall ts=0 dur=139540 clk=dev
[mono_ns=7319610790700734][T0xf36e4a0b7020][TIMING] emit_host_span: [STRACE] v=1 pid=2155045 tid=2155045 inv=33 hid=7330127d2e7be9ea depth=3 name=chip.run.runner_run.device_wall.preamble ts=0 dur=7220 clk=dev
[mono_ns=7319610790708714][T0xf36e4a0b7020][TIMING] emit_host_span: [STRACE] v=1 pid=2155045 tid=2155045 inv=33 hid=7330127d2e7be9ea depth=3 name=chip.run.runner_run.device_wall.graph_build ts=1420 dur=126179 clk=dev
[mono_ns=7319610790714424][T0xf36e4a0b7020][TIMING] emit_host_span: [STRACE] v=1 pid=2155045 tid=2155045 inv=33 hid=7330127d2e7be9ea depth=3 name=chip.run.runner_run.device_wall.config_validate ts=1560 dur=740 clk=dev
[mono_ns=7319610790719444][T0xf36e4a0b7020][TIMING] emit_host_span: [STRACE] v=1 pid=2155045 tid=2155045 inv=33 hid=7330127d2e7be9ea depth=3 name=chip.run.runner_run.device_wall.arena_wire ts=2320 dur=1200 clk=dev
[mono_ns=7319610790724504][T0xf36e4a0b7020][TIMING] emit_host_span: [STRACE] v=1 pid=2155045 tid=2155045 inv=33 hid=7330127d2e7be9ea depth=3 name=chip.run.runner_run.device_wall.sm_reset ts=3559 dur=2420 clk=dev
[mono_ns=7319610790728604][T0xf36e4a0b7020][TIMING] emit_host_span: [STRACE] v=1 pid=2155045 tid=2155045 inv=33 hid=7330127d2e7be9ea depth=3 name=chip.run.runner_run.device_wall.post_orch ts=127679 dur=11460 clk=dev
[mono_ns=7319610790732564][T0xf36e4a0b7020][TIMING] emit_host_span: [STRACE] v=1 pid=2155045 tid=2155045 inv=33 hid=7330127d2e7be9ea depth=3 name=chip.run.runner_run.device_wall.orch ts=6520 dur=6220 clk=dev
[mono_ns=7319610790736514][T0xf36e4a0b7020][TIMING] emit_host_span: [STRACE] v=1 pid=2155045 tid=2155045 inv=33 hid=7330127d2e7be9ea depth=3 name=chip.run.runner_run.device_wall.sched ts=7520 dur=110640 clk=dev
[mono_ns=7319610790745144][T0xf36e4a0b7020][TIMING] emit_host_span: [STRACE] v=1 pid=2155045 tid=2155045 inv=33 hid=7330127d2e7be9ea depth=1 name=chip.run.claim_release ts=7319610790742214 dur=1100 
[mono_ns=7319610790751624][T0xf36e4a0b7020][TIMING] emit_host_span: [STRACE] v=1 pid=2155045 tid=2155045 inv=33 hid=7330127d2e7be9ea depth=0 name=chip.run ts=7319610677197012 dur=113552592 run_id=9 dispatch_id=33 slot_id=0 generation=9 run_epoch=33
[mono_ns=7319610791925079][T0xf36e4a0b7020][TIMING] emit_host_span: [STRACE] v=1 pid=2155045 tid=2155045 inv=34 hid=9a0ce7c17a38dab depth=2 name=chip.run.bind.args ts=7319610791836499 dur=82530 
[mono_ns=7319610791944080][T0xf36e4a0b7020][TIMING] emit_host_span: [STRACE] v=1 pid=2155045 tid=2155045 inv=34 hid=9a0ce7c17a38dab depth=2 name=chip.run.bind.prebuilt ts=7319610791937340 dur=4060 
[mono_ns=7319610791949270][T0xf36e4a0b7020][TIMING] emit_host_span: [STRACE] v=1 pid=2155045 tid=2155045 inv=34 hid=9a0ce7c17a38dab depth=1 name=chip.run.bind ts=7319610791824339 dur=122771 
[mono_ns=7319610898783344][T0xf36e4a0b7020][TIMING] emit_host_span: [STRACE] v=1 pid=2155045 tid=2155045 inv=34 hid=9a0ce7c17a38dab depth=1 name=chip.run.runner_run ts=7319610792334481 dur=106434713 
[mono_ns=7319610898844474][T0xf36e4a0b7020][TIMING] emit_host_span: [STRACE] v=1 pid=2155045 tid=2155045 inv=34 hid=9a0ce7c17a38dab depth=1 name=chip.run.validate ts=7319610898799414 dur=41010 
[mono_ns=7319610898856174][T0xf36e4a0b7020][TIMING] emit_host_span: [STRACE] v=1 pid=2155045 tid=2155045 inv=34 hid=9a0ce7c17a38dab depth=2 name=chip.run.runner_run.device_wall ts=0 dur=30020 clk=dev
[mono_ns=7319610898877264][T0xf36e4a0b7020][TIMING] emit_host_span: [STRACE] v=1 pid=2155045 tid=2155045 inv=34 hid=9a0ce7c17a38dab depth=3 name=chip.run.runner_run.device_wall.preamble ts=0 dur=6000 clk=dev
[mono_ns=7319610898881954][T0xf36e4a0b7020][TIMING] emit_host_span: [STRACE] v=1 pid=2155045 tid=2155045 inv=34 hid=9a0ce7c17a38dab depth=3 name=chip.run.runner_run.device_wall.graph_build ts=980 dur=17600 clk=dev
[mono_ns=7319610898885934][T0xf36e4a0b7020][TIMING] emit_host_span: [STRACE] v=1 pid=2155045 tid=2155045 inv=34 hid=9a0ce7c17a38dab depth=3 name=chip.run.runner_run.device_wall.config_validate ts=1080 dur=740 clk=dev
[mono_ns=7319610898889164][T0xf36e4a0b7020][TIMING] emit_host_span: [STRACE] v=1 pid=2155045 tid=2155045 inv=34 hid=9a0ce7c17a38dab depth=3 name=chip.run.runner_run.device_wall.arena_wire ts=1960 dur=520 clk=dev
[mono_ns=7319610898892414][T0xf36e4a0b7020][TIMING] emit_host_span: [STRACE] v=1 pid=2155045 tid=2155045 inv=34 hid=9a0ce7c17a38dab depth=3 name=chip.run.runner_run.device_wall.sm_reset ts=2500 dur=580 clk=dev
[mono_ns=7319610898895734][T0xf36e4a0b7020][TIMING] emit_host_span: [STRACE] v=1 pid=2155045 tid=2155045 inv=34 hid=9a0ce7c17a38dab depth=3 name=chip.run.runner_run.device_wall.post_orch ts=18660 dur=11180 clk=dev
[mono_ns=7319610898898954][T0xf36e4a0b7020][TIMING] emit_host_span: [STRACE] v=1 pid=2155045 tid=2155045 inv=34 hid=9a0ce7c17a38dab depth=3 name=chip.run.runner_run.device_wall.orch ts=3580 dur=2400 clk=dev
[mono_ns=7319610898902084][T0xf36e4a0b7020][TIMING] emit_host_span: [STRACE] v=1 pid=2155045 tid=2155045 inv=34 hid=9a0ce7c17a38dab depth=3 name=chip.run.runner_run.device_wall.sched ts=6080 dur=5540 clk=dev
[mono_ns=7319610898910674][T0xf36e4a0b7020][TIMING] emit_host_span: [STRACE] v=1 pid=2155045 tid=2155045 inv=34 hid=9a0ce7c17a38dab depth=1 name=chip.run.claim_release ts=7319610898907754 dur=1100 
[mono_ns=7319610898918004][T0xf36e4a0b7020][TIMING] emit_host_span: [STRACE] v=1 pid=2155045 tid=2155045 inv=34 hid=9a0ce7c17a38dab depth=0 name=chip.run ts=7319610791775319 dur=107140675 run_id=9 dispatch_id=34 slot_id=0 generation=9 run_epoch=34
[mono_ns=7319610899419256][T0xf36e4a0b7020][TIMING] emit_host_span: [STRACE] v=1 pid=2155045 tid=2155045 inv=35 hid=aa636548c65ca6a1 depth=2 name=chip.run.bind.args ts=7319610899367636 dur=46290 
[mono_ns=7319610899437196][T0xf36e4a0b7020][TIMING] emit_host_span: [STRACE] v=1 pid=2155045 tid=2155045 inv=35 hid=aa636548c65ca6a1 depth=2 name=chip.run.bind.prebuilt ts=7319610899431706 dur=3360 
[mono_ns=7319610899441726][T0xf36e4a0b7020][TIMING] emit_host_span: [STRACE] v=1 pid=2155045 tid=2155045 inv=35 hid=aa636548c65ca6a1 depth=1 name=chip.run.bind ts=7319610899354686 dur=85090 
[mono_ns=7319610904282067][T0xf36e4a0b7020][TIMING] emit_host_span: [STRACE] v=1 pid=2155045 tid=2155045 inv=35 hid=aa636548c65ca6a1 depth=1 name=chip.run.runner_run ts=7319610899713228 dur=4562459 
[mono_ns=7319610904319717][T0xf36e4a0b7020][TIMING] emit_host_span: [STRACE] v=1 pid=2155045 tid=2155045 inv=35 hid=aa636548c65ca6a1 depth=1 name=chip.run.validate ts=7319610904292637 dur=24020 
[mono_ns=7319610904331107][T0xf36e4a0b7020][TIMING] emit_host_span: [STRACE] v=1 pid=2155045 tid=2155045 inv=35 hid=aa636548c65ca6a1 depth=2 name=chip.run.runner_run.device_wall ts=0 dur=4296640 clk=dev
[mono_ns=7319610904339997][T0xf36e4a0b7020][TIMING] emit_host_span: [STRACE] v=1 pid=2155045 tid=2155045 inv=35 hid=aa636548c65ca6a1 depth=3 name=chip.run.runner_run.device_wall.preamble ts=0 dur=7260 clk=dev
[mono_ns=7319610904344467][T0xf36e4a0b7020][TIMING] emit_host_span: [STRACE] v=1 pid=2155045 tid=2155045 inv=35 hid=aa636548c65ca6a1 depth=3 name=chip.run.runner_run.device_wall.graph_build ts=1599 dur=4284240 clk=dev
[mono_ns=7319610904348147][T0xf36e4a0b7020][TIMING] emit_host_span: [STRACE] v=1 pid=2155045 tid=2155045 inv=35 hid=aa636548c65ca6a1 depth=3 name=chip.run.runner_run.device_wall.config_validate ts=1680 dur=520 clk=dev
[mono_ns=7319610904351507][T0xf36e4a0b7020][TIMING] emit_host_span: [STRACE] v=1 pid=2155045 tid=2155045 inv=35 hid=aa636548c65ca6a1 depth=3 name=chip.run.runner_run.device_wall.arena_wire ts=2219 dur=240 clk=dev
[mono_ns=7319610904356337][T0xf36e4a0b7020][TIMING] emit_host_span: [STRACE] v=1 pid=2155045 tid=2155045 inv=35 hid=aa636548c65ca6a1 depth=3 name=chip.run.runner_run.device_wall.sm_reset ts=2500 dur=459 clk=dev
[mono_ns=7319610904359987][T0xf36e4a0b7020][TIMING] emit_host_span: [STRACE] v=1 pid=2155045 tid=2155045 inv=35 hid=aa636548c65ca6a1 depth=3 name=chip.run.runner_run.device_wall.post_orch ts=4285920 dur=10580 clk=dev
[mono_ns=7319610904363227][T0xf36e4a0b7020][TIMING] emit_host_span: [STRACE] v=1 pid=2155045 tid=2155045 inv=35 hid=aa636548c65ca6a1 depth=3 name=chip.run.runner_run.device_wall.orch ts=2980 dur=1920 clk=dev
[mono_ns=7319610904367097][T0xf36e4a0b7020][TIMING] emit_host_span: [STRACE] v=1 pid=2155045 tid=2155045 inv=35 hid=aa636548c65ca6a1 depth=3 name=chip.run.runner_run.device_wall.sched ts=7460 dur=4271160 clk=dev
[mono_ns=7319610904374307][T0xf36e4a0b7020][TIMING] emit_host_span: [STRACE] v=1 pid=2155045 tid=2155045 inv=35 hid=aa636548c65ca6a1 depth=1 name=chip.run.claim_release ts=7319610904372197 dur=280 
[mono_ns=7319610904380017][T0xf36e4a0b7020][TIMING] emit_host_span: [STRACE] v=1 pid=2155045 tid=2155045 inv=35 hid=aa636548c65ca6a1 depth=0 name=chip.run ts=7319610899311266 dur=5066211 run_id=9 dispatch_id=35 slot_id=0 generation=9 run_epoch=35
[mono_ns=7319610905881554][T0xf36e4a0b7020][TIMING] emit_host_span: [STRACE] v=1 pid=2155045 tid=2155045 inv=36 hid=e3bcbf8fce8ee77f depth=2 name=chip.run.bind.args ts=7319610905815084 dur=60800 
[mono_ns=7319610905897264][T0xf36e4a0b7020][TIMING] emit_host_span: [STRACE] v=1 pid=2155045 tid=2155045 inv=36 hid=e3bcbf8fce8ee77f depth=2 name=chip.run.bind.prebuilt ts=7319610905892954 dur=1950 
[mono_ns=7319610905902064][T0xf36e4a0b7020][TIMING] emit_host_span: [STRACE] v=1 pid=2155045 tid=2155045 inv=36 hid=e3bcbf8fce8ee77f depth=1 name=chip.run.bind ts=7319610905808474 dur=91280 
[mono_ns=7319611012748668][T0xf36e4a0b7020][TIMING] emit_host_span: [STRACE] v=1 pid=2155045 tid=2155045 inv=36 hid=e3bcbf8fce8ee77f depth=1 name=chip.run.runner_run ts=7319610906116165 dur=106616233 
[mono_ns=7319611013470601][T0xf36e4a0b7020][TIMING] emit_host_span: [STRACE] v=1 pid=2155045 tid=2155045 inv=36 hid=e3bcbf8fce8ee77f depth=1 name=chip.run.validate ts=7319611012765658 dur=698283 
[mono_ns=7319611013497371][T0xf36e4a0b7020][TIMING] emit_host_span: [STRACE] v=1 pid=2155045 tid=2155045 inv=36 hid=e3bcbf8fce8ee77f depth=2 name=chip.run.runner_run.device_wall ts=0 dur=75360 clk=dev
[mono_ns=7319611013502381][T0xf36e4a0b7020][TIMING] emit_host_span: [STRACE] v=1 pid=2155045 tid=2155045 inv=36 hid=e3bcbf8fce8ee77f depth=3 name=chip.run.runner_run.device_wall.preamble ts=0 dur=5020 clk=dev
[mono_ns=7319611013506491][T0xf36e4a0b7020][TIMING] emit_host_span: [STRACE] v=1 pid=2155045 tid=2155045 inv=36 hid=e3bcbf8fce8ee77f depth=3 name=chip.run.runner_run.device_wall.graph_build ts=1359 dur=63200 clk=dev
[mono_ns=7319611013510491][T0xf36e4a0b7020][TIMING] emit_host_span: [STRACE] v=1 pid=2155045 tid=2155045 inv=36 hid=e3bcbf8fce8ee77f depth=3 name=chip.run.runner_run.device_wall.config_validate ts=1460 dur=640 clk=dev
[mono_ns=7319611013515121][T0xf36e4a0b7020][TIMING] emit_host_span: [STRACE] v=1 pid=2155045 tid=2155045 inv=36 hid=e3bcbf8fce8ee77f depth=3 name=chip.run.runner_run.device_wall.arena_wire ts=2120 dur=260 clk=dev
[mono_ns=7319611013520251][T0xf36e4a0b7020][TIMING] emit_host_span: [STRACE] v=1 pid=2155045 tid=2155045 inv=36 hid=e3bcbf8fce8ee77f depth=3 name=chip.run.runner_run.device_wall.sm_reset ts=2400 dur=440 clk=dev
[mono_ns=7319611013524191][T0xf36e4a0b7020][TIMING] emit_host_span: [STRACE] v=1 pid=2155045 tid=2155045 inv=36 hid=e3bcbf8fce8ee77f depth=3 name=chip.run.runner_run.device_wall.post_orch ts=64640 dur=10600 clk=dev
[mono_ns=7319611013528181][T0xf36e4a0b7020][TIMING] emit_host_span: [STRACE] v=1 pid=2155045 tid=2155045 inv=36 hid=e3bcbf8fce8ee77f depth=3 name=chip.run.runner_run.device_wall.orch ts=3500 dur=3120 clk=dev
[mono_ns=7319611013534411][T0xf36e4a0b7020][TIMING] emit_host_span: [STRACE] v=1 pid=2155045 tid=2155045 inv=36 hid=e3bcbf8fce8ee77f depth=3 name=chip.run.runner_run.device_wall.sched ts=5080 dur=52540 clk=dev
[mono_ns=7319611013541721][T0xf36e4a0b7020][TIMING] emit_host_span: [STRACE] v=1 pid=2155045 tid=2155045 inv=36 hid=e3bcbf8fce8ee77f depth=1 name=chip.run.claim_release ts=7319611013538671 dur=740 
[mono_ns=7319611013549051][T0xf36e4a0b7020][TIMING] emit_host_span: [STRACE] v=1 pid=2155045 tid=2155045 inv=36 hid=e3bcbf8fce8ee77f depth=0 name=chip.run ts=7319610905784363 dur=107762618 run_id=9 dispatch_id=36 slot_id=0 generation=9 run_epoch=36
[mono_ns=7319611018212281][T0xf36e4a0b7020][TIMING] emit_host_span: [STRACE] v=1 pid=2155045 tid=2155045 inv=37 hid=7330127d2e7be9ea depth=2 name=chip.run.bind.args ts=7319611017525938 dur=679873 
[mono_ns=7319611018233321][T0xf36e4a0b7020][TIMING] emit_host_span: [STRACE] v=1 pid=2155045 tid=2155045 inv=37 hid=7330127d2e7be9ea depth=2 name=chip.run.bind.prebuilt ts=7319611018226421 dur=4500 
[mono_ns=7319611018239001][T0xf36e4a0b7020][TIMING] emit_host_span: [STRACE] v=1 pid=2155045 tid=2155045 inv=37 hid=7330127d2e7be9ea depth=1 name=chip.run.bind ts=7319611017513558 dur=722883 
[mono_ns=7319611019982849][T0xf36cec6cdca0][WARN] copy_aicore_buffer: [chip_swimlane_collector.cpp:689] Core 2: skipped 1024 AICore record slot(s) with start_time=0 (race-window write or recycled-buffer tail). buf seq=0 count=1024
[mono_ns=7319611020021039][T0xf36ceceddca0][WARN] copy_aicore_buffer: [chip_swimlane_collector.cpp:689] Core 1: skipped 1024 AICore record slot(s) with start_time=0 (race-window write or recycled-buffer tail). buf seq=0 count=1024
[mono_ns=7319611020082009][T0xf36ced6edca0][WARN] copy_aicore_buffer: [chip_swimlane_collector.cpp:689] Core 0: skipped 1024 AICore record slot(s) with start_time=0 (race-window write or recycled-buffer tail). buf seq=0 count=1024
[mono_ns=7319611020295420][T0xf36cec6cdca0][WARN] copy_aicore_buffer: [chip_swimlane_collector.cpp:689] Core 28: skipped 1024 AICore record slot(s) with start_time=0 (race-window write or recycled-buffer tail). buf seq=0 count=1024
[mono_ns=7319611020311450][T0xf36ceceddca0][WARN] copy_aicore_buffer: [chip_swimlane_collector.cpp:689] Core 26: skipped 1023 AICore record slot(s) with start_time=0 (race-window write or recycled-buffer tail). buf seq=0 count=1024
[mono_ns=7319611020369530][T0xf36ced6edca0][WARN] copy_aicore_buffer: [chip_swimlane_collector.cpp:689] Core 24: skipped 1024 AICore record slot(s) with start_time=0 (race-window write or recycled-buffer tail). buf seq=0 count=1024
[mono_ns=7319611020578411][T0xf36cec6cdca0][WARN] copy_aicore_buffer: [chip_swimlane_collector.cpp:689] Core 29: skipped 1024 AICore record slot(s) with start_time=0 (race-window write or recycled-buffer tail). buf seq=0 count=1024
[mono_ns=7319611020593131][T0xf36ceceddca0][WARN] copy_aicore_buffer: [chip_swimlane_collector.cpp:689] Core 27: skipped 1024 AICore record slot(s) with start_time=0 (race-window write or recycled-buffer tail). buf seq=0 count=1024
[mono_ns=7319611020648522][T0xf36ced6edca0][WARN] copy_aicore_buffer: [chip_swimlane_collector.cpp:689] Core 25: skipped 1024 AICore record slot(s) with start_time=0 (race-window write or recycled-buffer tail). buf seq=0 count=1024
[mono_ns=7319611020860303][T0xf36cec6cdca0][WARN] copy_aicore_buffer: [chip_swimlane_collector.cpp:689] Core 5: skipped 1024 AICore record slot(s) with start_time=0 (race-window write or recycled-buffer tail). buf seq=0 count=1024
[mono_ns=7319611020873233][T0xf36ceceddca0][WARN] copy_aicore_buffer: [chip_swimlane_collector.cpp:689] Core 4: skipped 1024 AICore record slot(s) with start_time=0 (race-window write or recycled-buffer tail). buf seq=0 count=1024
[mono_ns=7319611020929263][T0xf36ced6edca0][WARN] copy_aicore_buffer: [chip_swimlane_collector.cpp:689] Core 3: skipped 1024 AICore record slot(s) with start_time=0 (race-window write or recycled-buffer tail). buf seq=0 count=1024
[mono_ns=7319611021149804][T0xf36cec6cdca0][WARN] copy_aicore_buffer: [chip_swimlane_collector.cpp:689] Core 34: skipped 1024 AICore record slot(s) with start_time=0 (race-window write or recycled-buffer tail). buf seq=0 count=1024
[mono_ns=7319611021161724][T0xf36ceceddca0][WARN] copy_aicore_buffer: [chip_swimlane_collector.cpp:689] Core 32: skipped 1023 AICore record slot(s) with start_time=0 (race-window write or recycled-buffer tail). buf seq=0 count=1024
[mono_ns=7319611021226074][T0xf36ced6edca0][WARN] copy_aicore_buffer: [chip_swimlane_collector.cpp:689] Core 30: skipped 1024 AICore record slot(s) with start_time=0 (race-window write or recycled-buffer tail). buf seq=0 count=1024
[mono_ns=7319611021430305][T0xf36cec6cdca0][WARN] copy_aicore_buffer: [chip_swimlane_collector.cpp:689] Core 35: skipped 1024 AICore record slot(s) with start_time=0 (race-window write or recycled-buffer tail). buf seq=0 count=1024
[mono_ns=7319611021438855][T0xf36ceceddca0][WARN] copy_aicore_buffer: [chip_swimlane_collector.cpp:689] Core 33: skipped 1024 AICore record slot(s) with start_time=0 (race-window write or recycled-buffer tail). buf seq=0 count=1024
[mono_ns=7319611021505895][T0xf36ced6edca0][WARN] copy_aicore_buffer: [chip_swimlane_collector.cpp:689] Core 31: skipped 1024 AICore record slot(s) with start_time=0 (race-window write or recycled-buffer tail). buf seq=0 count=1024
[mono_ns=7319611021712726][T0xf36cec6cdca0][WARN] copy_aicore_buffer: [chip_swimlane_collector.cpp:689] Core 8: skipped 1024 AICore record slot(s) with start_time=0 (race-window write or recycled-buffer tail). buf seq=0 count=1024
[mono_ns=7319611021719396][T0xf36ceceddca0][WARN] copy_aicore_buffer: [chip_swimlane_collector.cpp:689] Core 7: skipped 1024 AICore record slot(s) with start_time=0 (race-window write or recycled-buffer tail). buf seq=0 count=1024
[mono_ns=7319611021785287][T0xf36ced6edca0][WARN] copy_aicore_buffer: [chip_swimlane_collector.cpp:689] Core 6: skipped 1024 AICore record slot(s) with start_time=0 (race-window write or recycled-buffer tail). buf seq=0 count=1024
[mono_ns=7319611021993567][T0xf36cec6cdca0][WARN] copy_aicore_buffer: [chip_swimlane_collector.cpp:689] Core 40: skipped 1024 AICore record slot(s) with start_time=0 (race-window write or recycled-buffer tail). buf seq=0 count=1024
[mono_ns=7319611021997507][T0xf36ceceddca0][WARN] copy_aicore_buffer: [chip_swimlane_collector.cpp:689] Core 38: skipped 1023 AICore record slot(s) with start_time=0 (race-window write or recycled-buffer tail). buf seq=0 count=1024
[mono_ns=7319611022069248][T0xf36ced6edca0][WARN] copy_aicore_buffer: [chip_swimlane_collector.cpp:689] Core 36: skipped 1024 AICore record slot(s) with start_time=0 (race-window write or recycled-buffer tail). buf seq=0 count=1024
[mono_ns=7319611022280669][T0xf36ceceddca0][WARN] copy_aicore_buffer: [chip_swimlane_collector.cpp:689] Core 39: skipped 1024 AICore record slot(s) with start_time=0 (race-window write or recycled-buffer tail). buf seq=0 count=1024
[mono_ns=7319611022288309][T0xf36cec6cdca0][WARN] copy_aicore_buffer: [chip_swimlane_collector.cpp:689] Core 41: skipped 1024 AICore record slot(s) with start_time=0 (race-window write or recycled-buffer tail). buf seq=0 count=1024
[mono_ns=7319611022348359][T0xf36ced6edca0][WARN] copy_aicore_buffer: [chip_swimlane_collector.cpp:689] Core 37: skipped 1024 AICore record slot(s) with start_time=0 (race-window write or recycled-buffer tail). buf seq=0 count=1024
[mono_ns=7319611022560800][T0xf36ceceddca0][WARN] copy_aicore_buffer: [chip_swimlane_collector.cpp:689] Core 10: skipped 1024 AICore record slot(s) with start_time=0 (race-window write or recycled-buffer tail). buf seq=0 count=1024
[mono_ns=7319611022567670][T0xf36cec6cdca0][WARN] copy_aicore_buffer: [chip_swimlane_collector.cpp:689] Core 11: skipped 1024 AICore record slot(s) with start_time=0 (race-window write or recycled-buffer tail). buf seq=0 count=1024
[mono_ns=7319611022627060][T0xf36ced6edca0][WARN] copy_aicore_buffer: [chip_swimlane_collector.cpp:689] Core 9: skipped 1024 AICore record slot(s) with start_time=0 (race-window write or recycled-buffer tail). buf seq=0 count=1024
[mono_ns=7319611022839901][T0xf36ceceddca0][WARN] copy_aicore_buffer: [chip_swimlane_collector.cpp:689] Core 44: skipped 1024 AICore record slot(s) with start_time=0 (race-window write or recycled-buffer tail). buf seq=0 count=1024
[mono_ns=7319611022847051][T0xf36cec6cdca0][WARN] copy_aicore_buffer: [chip_swimlane_collector.cpp:689] Core 46: skipped 1024 AICore record slot(s) with start_time=0 (race-window write or recycled-buffer tail). buf seq=0 count=1024
[mono_ns=7319611022905541][T0xf36ced6edca0][WARN] copy_aicore_buffer: [chip_swimlane_collector.cpp:689] Core 42: skipped 1024 AICore record slot(s) with start_time=0 (race-window write or recycled-buffer tail). buf seq=0 count=1024
[mono_ns=7319611023130632][T0xf36ceceddca0][WARN] copy_aicore_buffer: [chip_swimlane_collector.cpp:689] Core 45: skipped 1024 AICore record slot(s) with start_time=0 (race-window write or recycled-buffer tail). buf seq=0 count=1024
[mono_ns=7319611023136892][T0xf36cec6cdca0][WARN] copy_aicore_buffer: [chip_swimlane_collector.cpp:689] Core 47: skipped 1024 AICore record slot(s) with start_time=0 (race-window write or recycled-buffer tail). buf seq=0 count=1024
[mono_ns=7319611023194312][T0xf36ced6edca0][WARN] copy_aicore_buffer: [chip_swimlane_collector.cpp:689] Core 43: skipped 1024 AICore record slot(s) with start_time=0 (race-window write or recycled-buffer tail). buf seq=0 count=1024
[mono_ns=7319611023410353][T0xf36ceceddca0][WARN] copy_aicore_buffer: [chip_swimlane_collector.cpp:689] Core 13: skipped 1024 AICore record slot(s) with start_time=0 (race-window write or recycled-buffer tail). buf seq=0 count=1024
[mono_ns=7319611023415783][T0xf36cec6cdca0][WARN] copy_aicore_buffer: [chip_swimlane_collector.cpp:689] Core 14: skipped 1024 AICore record slot(s) with start_time=0 (race-window write or recycled-buffer tail). buf seq=0 count=1024
[mono_ns=7319611023475644][T0xf36ced6edca0][WARN] copy_aicore_buffer: [chip_swimlane_collector.cpp:689] Core 12: skipped 1024 AICore record slot(s) with start_time=0 (race-window write or recycled-buffer tail). buf seq=0 count=1024
[mono_ns=7319611023689945][T0xf36ceceddca0][WARN] copy_aicore_buffer: [chip_swimlane_collector.cpp:689] Core 50: skipped 1024 AICore record slot(s) with start_time=0 (race-window write or recycled-buffer tail). buf seq=0 count=1024
[mono_ns=7319611023695605][T0xf36cec6cdca0][WARN] copy_aicore_buffer: [chip_swimlane_collector.cpp:689] Core 52: skipped 1024 AICore record slot(s) with start_time=0 (race-window write or recycled-buffer tail). buf seq=0 count=1024
[mono_ns=7319611023754425][T0xf36ced6edca0][WARN] copy_aicore_buffer: [chip_swimlane_collector.cpp:689] Core 48: skipped 1024 AICore record slot(s) with start_time=0 (race-window write or recycled-buffer tail). buf seq=0 count=1024
[mono_ns=7319611023969296][T0xf36ceceddca0][WARN] copy_aicore_buffer: [chip_swimlane_collector.cpp:689] Core 51: skipped 1024 AICore record slot(s) with start_time=0 (race-window write or recycled-buffer tail). buf seq=0 count=1024
[mono_ns=7319611023977866][T0xf36cec6cdca0][WARN] copy_aicore_buffer: [chip_swimlane_collector.cpp:689] Core 53: skipped 1024 AICore record slot(s) with start_time=0 (race-window write or recycled-buffer tail). buf seq=0 count=1024
[mono_ns=7319611024038446][T0xf36ced6edca0][WARN] copy_aicore_buffer: [chip_swimlane_collector.cpp:689] Core 49: skipped 1024 AICore record slot(s) with start_time=0 (race-window write or recycled-buffer tail). buf seq=0 count=1024
[mono_ns=7319611024267517][T0xf36ceceddca0][WARN] copy_aicore_buffer: [chip_swimlane_collector.cpp:689] Core 16: skipped 1024 AICore record slot(s) with start_time=0 (race-window write or recycled-buffer tail). buf seq=0 count=1024
[mono_ns=7319611024272057][T0xf36cec6cdca0][WARN] copy_aicore_buffer: [chip_swimlane_collector.cpp:689] Core 17: skipped 1024 AICore record slot(s) with start_time=0 (race-window write or recycled-buffer tail). buf seq=0 count=1024
[mono_ns=7319611024316877][T0xf36ced6edca0][WARN] copy_aicore_buffer: [chip_swimlane_collector.cpp:689] Core 15: skipped 1024 AICore record slot(s) with start_time=0 (race-window write or recycled-buffer tail). buf seq=0 count=1024
[mono_ns=7319611024547318][T0xf36ceceddca0][WARN] copy_aicore_buffer: [chip_swimlane_collector.cpp:689] Core 56: skipped 1024 AICore record slot(s) with start_time=0 (race-window write or recycled-buffer tail). buf seq=0 count=1024
[mono_ns=7319611024551038][T0xf36cec6cdca0][WARN] copy_aicore_buffer: [chip_swimlane_collector.cpp:689] Core 58: skipped 1024 AICore record slot(s) with start_time=0 (race-window write or recycled-buffer tail). buf seq=0 count=1024
[mono_ns=7319611024596788][T0xf36ced6edca0][WARN] copy_aicore_buffer: [chip_swimlane_collector.cpp:689] Core 54: skipped 1024 AICore record slot(s) with start_time=0 (race-window write or recycled-buffer tail). buf seq=0 count=1024
[mono_ns=7319611024827599][T0xf36ceceddca0][WARN] copy_aicore_buffer: [chip_swimlane_collector.cpp:689] Core 57: skipped 1024 AICore record slot(s) with start_time=0 (race-window write or recycled-buffer tail). buf seq=0 count=1024
[mono_ns=7319611024829929][T0xf36cec6cdca0][WARN] copy_aicore_buffer: [chip_swimlane_collector.cpp:689] Core 59: skipped 1024 AICore record slot(s) with start_time=0 (race-window write or recycled-buffer tail). buf seq=0 count=1024
[mono_ns=7319611024876230][T0xf36ced6edca0][WARN] copy_aicore_buffer: [chip_swimlane_collector.cpp:689] Core 55: skipped 1024 AICore record slot(s) with start_time=0 (race-window write or recycled-buffer tail). buf seq=0 count=1024
[mono_ns=7319611025114591][T0xf36cec6cdca0][WARN] copy_aicore_buffer: [chip_swimlane_collector.cpp:689] Core 20: skipped 1024 AICore record slot(s) with start_time=0 (race-window write or recycled-buffer tail). buf seq=0 count=1024
[mono_ns=7319611025121221][T0xf36ceceddca0][WARN] copy_aicore_buffer: [chip_swimlane_collector.cpp:689] Core 19: skipped 1024 AICore record slot(s) with start_time=0 (race-window write or recycled-buffer tail). buf seq=0 count=1024
[mono_ns=7319611025167801][T0xf36ced6edca0][WARN] copy_aicore_buffer: [chip_swimlane_collector.cpp:689] Core 18: skipped 1024 AICore record slot(s) with start_time=0 (race-window write or recycled-buffer tail). buf seq=0 count=1024
[mono_ns=7319611025395512][T0xf36cec6cdca0][WARN] copy_aicore_buffer: [chip_swimlane_collector.cpp:689] Core 64: skipped 1024 AICore record slot(s) with start_time=0 (race-window write or recycled-buffer tail). buf seq=0 count=1024
[mono_ns=7319611025399842][T0xf36ceceddca0][WARN] copy_aicore_buffer: [chip_swimlane_collector.cpp:689] Core 62: skipped 1024 AICore record slot(s) with start_time=0 (race-window write or recycled-buffer tail). buf seq=0 count=1024
[mono_ns=7319611025447242][T0xf36ced6edca0][WARN] copy_aicore_buffer: [chip_swimlane_collector.cpp:689] Core 60: skipped 1024 AICore record slot(s) with start_time=0 (race-window write or recycled-buffer tail). buf seq=0 count=1024
[mono_ns=7319611025677053][T0xf36cec6cdca0][WARN] copy_aicore_buffer: [chip_swimlane_collector.cpp:689] Core 65: skipped 1024 AICore record slot(s) with start_time=0 (race-window write or recycled-buffer tail). buf seq=0 count=1024
[mono_ns=7319611025677563][T0xf36ceceddca0][WARN] copy_aicore_buffer: [chip_swimlane_collector.cpp:689] Core 63: skipped 1024 AICore record slot(s) with start_time=0 (race-window write or recycled-buffer tail). buf seq=0 count=1024
[mono_ns=7319611025726703][T0xf36ced6edca0][WARN] copy_aicore_buffer: [chip_swimlane_collector.cpp:689] Core 61: skipped 1024 AICore record slot(s) with start_time=0 (race-window write or recycled-buffer tail). buf seq=0 count=1024
[mono_ns=7319611025956844][T0xf36ceceddca0][WARN] copy_aicore_buffer: [chip_swimlane_collector.cpp:689] Core 22: skipped 1024 AICore record slot(s) with start_time=0 (race-window write or recycled-buffer tail). buf seq=0 count=1024
[mono_ns=7319611025958274][T0xf36cec6cdca0][WARN] copy_aicore_buffer: [chip_swimlane_collector.cpp:689] Core 23: skipped 1024 AICore record slot(s) with start_time=0 (race-window write or recycled-buffer tail). buf seq=0 count=1024
[mono_ns=7319611026015484][T0xf36ced6edca0][WARN] copy_aicore_buffer: [chip_swimlane_collector.cpp:689] Core 21: skipped 1024 AICore record slot(s) with start_time=0 (race-window write or recycled-buffer tail). buf seq=0 count=1024
[mono_ns=7319611026247055][T0xf36ceceddca0][WARN] copy_aicore_buffer: [chip_swimlane_collector.cpp:689] Core 68: skipped 1024 AICore record slot(s) with start_time=0 (race-window write or recycled-buffer tail). buf seq=0 count=1024
[mono_ns=7319611026249135][T0xf36cec6cdca0][WARN] copy_aicore_buffer: [chip_swimlane_collector.cpp:689] Core 70: skipped 1024 AICore record slot(s) with start_time=0 (race-window write or recycled-buffer tail). buf seq=0 count=1024
[mono_ns=7319611026295306][T0xf36ced6edca0][WARN] copy_aicore_buffer: [chip_swimlane_collector.cpp:689] Core 66: skipped 1024 AICore record slot(s) with start_time=0 (race-window write or recycled-buffer tail). buf seq=0 count=1024
[mono_ns=7319611026527097][T0xf36ceceddca0][WARN] copy_aicore_buffer: [chip_swimlane_collector.cpp:689] Core 69: skipped 1024 AICore record slot(s) with start_time=0 (race-window write or recycled-buffer tail). buf seq=0 count=1024
[mono_ns=7319611026528337][T0xf36cec6cdca0][WARN] copy_aicore_buffer: [chip_swimlane_collector.cpp:689] Core 71: skipped 1024 AICore record slot(s) with start_time=0 (race-window write or recycled-buffer tail). buf seq=0 count=1024
[mono_ns=7319611026573437][T0xf36ced6edca0][WARN] copy_aicore_buffer: [chip_swimlane_collector.cpp:689] Core 67: skipped 1024 AICore record slot(s) with start_time=0 (race-window write or recycled-buffer tail). buf seq=0 count=1024
[mono_ns=7319611127306235][T0xf36e4a0b7020][TIMING] emit_host_span: [STRACE] v=1 pid=2155045 tid=2155045 inv=37 hid=7330127d2e7be9ea depth=1 name=chip.run.runner_run ts=7319611018750834 dur=108544921 
[mono_ns=7319611127362155][T0xf36e4a0b7020][TIMING] emit_host_span: [STRACE] v=1 pid=2155045 tid=2155045 inv=37 hid=7330127d2e7be9ea depth=1 name=chip.run.validate ts=7319611127322935 dur=35810 
[mono_ns=7319611127368375][T0xf36e4a0b7020][TIMING] emit_host_span: [STRACE] v=1 pid=2155045 tid=2155045 inv=37 hid=7330127d2e7be9ea depth=2 name=chip.run.runner_run.device_wall ts=0 dur=748280 clk=dev
[mono_ns=7319611127372465][T0xf36e4a0b7020][TIMING] emit_host_span: [STRACE] v=1 pid=2155045 tid=2155045 inv=37 hid=7330127d2e7be9ea depth=3 name=chip.run.runner_run.device_wall.preamble ts=0 dur=642320 clk=dev
[mono_ns=7319611127377735][T0xf36e4a0b7020][TIMING] emit_host_span: [STRACE] v=1 pid=2155045 tid=2155045 inv=37 hid=7330127d2e7be9ea depth=3 name=chip.run.runner_run.device_wall.graph_build ts=637439 dur=100140 clk=dev
[mono_ns=7319611127382625][T0xf36e4a0b7020][TIMING] emit_host_span: [STRACE] v=1 pid=2155045 tid=2155045 inv=37 hid=7330127d2e7be9ea depth=3 name=chip.run.runner_run.device_wall.config_validate ts=637540 dur=459 clk=dev
[mono_ns=7319611127387015][T0xf36e4a0b7020][TIMING] emit_host_span: [STRACE] v=1 pid=2155045 tid=2155045 inv=37 hid=7330127d2e7be9ea depth=3 name=chip.run.runner_run.device_wall.arena_wire ts=638020 dur=240 clk=dev
[mono_ns=7319611127568556][T0xf36e4a0b7020][TIMING] emit_host_span: [STRACE] v=1 pid=2155045 tid=2155045 inv=37 hid=7330127d2e7be9ea depth=3 name=chip.run.runner_run.device_wall.sm_reset ts=638300 dur=459 clk=dev
[mono_ns=7319611127580456][T0xf36e4a0b7020][TIMING] emit_host_span: [STRACE] v=1 pid=2155045 tid=2155045 inv=37 hid=7330127d2e7be9ea depth=3 name=chip.run.runner_run.device_wall.post_orch ts=737640 dur=10520 clk=dev
[mono_ns=7319611127584856][T0xf36e4a0b7020][TIMING] emit_host_span: [STRACE] v=1 pid=2155045 tid=2155045 inv=37 hid=7330127d2e7be9ea depth=3 name=chip.run.runner_run.device_wall.orch ts=638780 dur=1500 clk=dev
[mono_ns=7319611127588636][T0xf36e4a0b7020][TIMING] emit_host_span: [STRACE] v=1 pid=2155045 tid=2155045 inv=37 hid=7330127d2e7be9ea depth=3 name=chip.run.runner_run.device_wall.sched ts=642420 dur=78700 clk=dev
[mono_ns=7319611127598736][T0xf36e4a0b7020][TIMING] emit_host_span: [STRACE] v=1 pid=2155045 tid=2155045 inv=37 hid=7330127d2e7be9ea depth=1 name=chip.run.claim_release ts=7319611127595186 dur=1030 
[mono_ns=7319611127612076][T0xf36e4a0b7020][TIMING] emit_host_span: [STRACE] v=1 pid=2155045 tid=2155045 inv=37 hid=7330127d2e7be9ea depth=0 name=chip.run ts=7319611017460708 dur=110149038 run_id=10 dispatch_id=37 slot_id=0 generation=10 run_epoch=37
[mono_ns=7319611128673941][T0xf36e4a0b7020][TIMING] emit_host_span: [STRACE] v=1 pid=2155045 tid=2155045 inv=38 hid=9a0ce7c17a38dab depth=2 name=chip.run.bind.args ts=7319611128585380 dur=83611 
[mono_ns=7319611128689521][T0xf36e4a0b7020][TIMING] emit_host_span: [STRACE] v=1 pid=2155045 tid=2155045 inv=38 hid=9a0ce7c17a38dab depth=2 name=chip.run.bind.prebuilt ts=7319611128684021 dur=2110 
[mono_ns=7319611128699031][T0xf36e4a0b7020][TIMING] emit_host_span: [STRACE] v=1 pid=2155045 tid=2155045 inv=38 hid=9a0ce7c17a38dab depth=1 name=chip.run.bind ts=7319611128576970 dur=119641 
[mono_ns=7319611130058637][T0xf36cec6cdca0][WARN] copy_aicore_buffer: [chip_swimlane_collector.cpp:689] Core 2: skipped 1024 AICore record slot(s) with start_time=0 (race-window write or recycled-buffer tail). buf seq=0 count=1024
[mono_ns=7319611130073797][T0xf36ced6edca0][WARN] copy_aicore_buffer: [chip_swimlane_collector.cpp:689] Core 0: skipped 1024 AICore record slot(s) with start_time=0 (race-window write or recycled-buffer tail). buf seq=0 count=1024
[mono_ns=7319611130080317][T0xf36ceceddca0][WARN] copy_aicore_buffer: [chip_swimlane_collector.cpp:689] Core 1: skipped 1024 AICore record slot(s) with start_time=0 (race-window write or recycled-buffer tail). buf seq=0 count=1024
[mono_ns=7319611130344018][T0xf36cec6cdca0][WARN] copy_aicore_buffer: [chip_swimlane_collector.cpp:689] Core 28: skipped 1024 AICore record slot(s) with start_time=0 (race-window write or recycled-buffer tail). buf seq=0 count=1024
[mono_ns=7319611130361138][T0xf36ced6edca0][WARN] copy_aicore_buffer: [chip_swimlane_collector.cpp:689] Core 24: skipped 1024 AICore record slot(s) with start_time=0 (race-window write or recycled-buffer tail). buf seq=0 count=1024
[mono_ns=7319611130362228][T0xf36ceceddca0][WARN] copy_aicore_buffer: [chip_swimlane_collector.cpp:689] Core 26: skipped 1023 AICore record slot(s) with start_time=0 (race-window write or recycled-buffer tail). buf seq=0 count=1024
[mono_ns=7319611130626099][T0xf36cec6cdca0][WARN] copy_aicore_buffer: [chip_swimlane_collector.cpp:689] Core 29: skipped 1024 AICore record slot(s) with start_time=0 (race-window write or recycled-buffer tail). buf seq=0 count=1024
[mono_ns=7319611130641039][T0xf36ced6edca0][WARN] copy_aicore_buffer: [chip_swimlane_collector.cpp:689] Core 25: skipped 1024 AICore record slot(s) with start_time=0 (race-window write or recycled-buffer tail). buf seq=0 count=1024
[mono_ns=7319611130642039][T0xf36ceceddca0][WARN] copy_aicore_buffer: [chip_swimlane_collector.cpp:689] Core 27: skipped 1024 AICore record slot(s) with start_time=0 (race-window write or recycled-buffer tail). buf seq=0 count=1024
[mono_ns=7319611130907370][T0xf36cec6cdca0][WARN] copy_aicore_buffer: [chip_swimlane_collector.cpp:689] Core 5: skipped 1024 AICore record slot(s) with start_time=0 (race-window write or recycled-buffer tail). buf seq=0 count=1024
[mono_ns=7319611130920010][T0xf36ceceddca0][WARN] copy_aicore_buffer: [chip_swimlane_collector.cpp:689] Core 4: skipped 1024 AICore record slot(s) with start_time=0 (race-window write or recycled-buffer tail). buf seq=0 count=1024
[mono_ns=7319611130920890][T0xf36ced6edca0][WARN] copy_aicore_buffer: [chip_swimlane_collector.cpp:689] Core 3: skipped 1024 AICore record slot(s) with start_time=0 (race-window write or recycled-buffer tail). buf seq=0 count=1024
[mono_ns=7319611131202802][T0xf36cec6cdca0][WARN] copy_aicore_buffer: [chip_swimlane_collector.cpp:689] Core 34: skipped 1024 AICore record slot(s) with start_time=0 (race-window write or recycled-buffer tail). buf seq=0 count=1024
[mono_ns=7319611131217862][T0xf36ced6edca0][WARN] copy_aicore_buffer: [chip_swimlane_collector.cpp:689] Core 30: skipped 1024 AICore record slot(s) with start_time=0 (race-window write or recycled-buffer tail). buf seq=0 count=1024
[mono_ns=7319611131291282][T0xf36ceceddca0][WARN] copy_aicore_buffer: [chip_swimlane_collector.cpp:689] Core 32: skipped 1024 AICore record slot(s) with start_time=0 (race-window write or recycled-buffer tail). buf seq=0 count=1024
[mono_ns=7319611131484613][T0xf36cec6cdca0][WARN] copy_aicore_buffer: [chip_swimlane_collector.cpp:689] Core 35: skipped 1023 AICore record slot(s) with start_time=0 (race-window write or recycled-buffer tail). buf seq=0 count=1024
[mono_ns=7319611131495573][T0xf36ced6edca0][WARN] copy_aicore_buffer: [chip_swimlane_collector.cpp:689] Core 31: skipped 1024 AICore record slot(s) with start_time=0 (race-window write or recycled-buffer tail). buf seq=0 count=1024
[mono_ns=7319611131572133][T0xf36ceceddca0][WARN] copy_aicore_buffer: [chip_swimlane_collector.cpp:689] Core 33: skipped 1024 AICore record slot(s) with start_time=0 (race-window write or recycled-buffer tail). buf seq=0 count=1024
[mono_ns=7319611131765714][T0xf36cec6cdca0][WARN] copy_aicore_buffer: [chip_swimlane_collector.cpp:689] Core 8: skipped 1024 AICore record slot(s) with start_time=0 (race-window write or recycled-buffer tail). buf seq=0 count=1024
[mono_ns=7319611131773754][T0xf36ced6edca0][WARN] copy_aicore_buffer: [chip_swimlane_collector.cpp:689] Core 6: skipped 1024 AICore record slot(s) with start_time=0 (race-window write or recycled-buffer tail). buf seq=0 count=1024
[mono_ns=7319611131850484][T0xf36ceceddca0][WARN] copy_aicore_buffer: [chip_swimlane_collector.cpp:689] Core 7: skipped 1024 AICore record slot(s) with start_time=0 (race-window write or recycled-buffer tail). buf seq=0 count=1024
[mono_ns=7319611132054805][T0xf36cec6cdca0][WARN] copy_aicore_buffer: [chip_swimlane_collector.cpp:689] Core 40: skipped 1024 AICore record slot(s) with start_time=0 (race-window write or recycled-buffer tail). buf seq=0 count=1024
[mono_ns=7319611132060795][T0xf36ced6edca0][WARN] copy_aicore_buffer: [chip_swimlane_collector.cpp:689] Core 36: skipped 1024 AICore record slot(s) with start_time=0 (race-window write or recycled-buffer tail). buf seq=0 count=1024
[mono_ns=7319611132138526][T0xf36ceceddca0][WARN] copy_aicore_buffer: [chip_swimlane_collector.cpp:689] Core 38: skipped 1024 AICore record slot(s) with start_time=0 (race-window write or recycled-buffer tail). buf seq=0 count=1024
[mono_ns=7319611132338406][T0xf36ced6edca0][WARN] copy_aicore_buffer: [chip_swimlane_collector.cpp:689] Core 37: skipped 1024 AICore record slot(s) with start_time=0 (race-window write or recycled-buffer tail). buf seq=0 count=1024
[mono_ns=7319611132340586][T0xf36cec6cdca0][WARN] copy_aicore_buffer: [chip_swimlane_collector.cpp:689] Core 41: skipped 1024 AICore record slot(s) with start_time=0 (race-window write or recycled-buffer tail). buf seq=0 count=1024
[mono_ns=7319611132419257][T0xf36ceceddca0][WARN] copy_aicore_buffer: [chip_swimlane_collector.cpp:689] Core 39: skipped 1024 AICore record slot(s) with start_time=0 (race-window write or recycled-buffer tail). buf seq=0 count=1024
[mono_ns=7319611132617568][T0xf36ced6edca0][WARN] copy_aicore_buffer: [chip_swimlane_collector.cpp:689] Core 9: skipped 1024 AICore record slot(s) with start_time=0 (race-window write or recycled-buffer tail). buf seq=0 count=1024
[mono_ns=7319611132622008][T0xf36cec6cdca0][WARN] copy_aicore_buffer: [chip_swimlane_collector.cpp:689] Core 11: skipped 1023 AICore record slot(s) with start_time=0 (race-window write or recycled-buffer tail). buf seq=0 count=1024
[mono_ns=7319611132697608][T0xf36ceceddca0][WARN] copy_aicore_buffer: [chip_swimlane_collector.cpp:689] Core 10: skipped 1024 AICore record slot(s) with start_time=0 (race-window write or recycled-buffer tail). buf seq=0 count=1024
[mono_ns=7319611132896499][T0xf36ced6edca0][WARN] copy_aicore_buffer: [chip_swimlane_collector.cpp:689] Core 42: skipped 1024 AICore record slot(s) with start_time=0 (race-window write or recycled-buffer tail). buf seq=0 count=1024
[mono_ns=7319611132900949][T0xf36cec6cdca0][WARN] copy_aicore_buffer: [chip_swimlane_collector.cpp:689] Core 46: skipped 1024 AICore record slot(s) with start_time=0 (race-window write or recycled-buffer tail). buf seq=0 count=1024
[mono_ns=7319611132980389][T0xf36ceceddca0][WARN] copy_aicore_buffer: [chip_swimlane_collector.cpp:689] Core 44: skipped 1024 AICore record slot(s) with start_time=0 (race-window write or recycled-buffer tail). buf seq=0 count=1024
[mono_ns=7319611133188250][T0xf36ced6edca0][WARN] copy_aicore_buffer: [chip_swimlane_collector.cpp:689] Core 43: skipped 1024 AICore record slot(s) with start_time=0 (race-window write or recycled-buffer tail). buf seq=0 count=1024
[mono_ns=7319611133198540][T0xf36cec6cdca0][WARN] copy_aicore_buffer: [chip_swimlane_collector.cpp:689] Core 47: skipped 1024 AICore record slot(s) with start_time=0 (race-window write or recycled-buffer tail). buf seq=0 count=1024
[mono_ns=7319611133273450][T0xf36ceceddca0][WARN] copy_aicore_buffer: [chip_swimlane_collector.cpp:689] Core 45: skipped 1024 AICore record slot(s) with start_time=0 (race-window write or recycled-buffer tail). buf seq=0 count=1024
[mono_ns=7319611133469081][T0xf36ced6edca0][WARN] copy_aicore_buffer: [chip_swimlane_collector.cpp:689] Core 12: skipped 1024 AICore record slot(s) with start_time=0 (race-window write or recycled-buffer tail). buf seq=0 count=1024
[mono_ns=7319611133477871][T0xf36cec6cdca0][WARN] copy_aicore_buffer: [chip_swimlane_collector.cpp:689] Core 14: skipped 1024 AICore record slot(s) with start_time=0 (race-window write or recycled-buffer tail). buf seq=0 count=1024
[mono_ns=7319611133552192][T0xf36ceceddca0][WARN] copy_aicore_buffer: [chip_swimlane_collector.cpp:689] Core 13: skipped 1024 AICore record slot(s) with start_time=0 (race-window write or recycled-buffer tail). buf seq=0 count=1024
[mono_ns=7319611133748022][T0xf36ced6edca0][WARN] copy_aicore_buffer: [chip_swimlane_collector.cpp:689] Core 48: skipped 1024 AICore record slot(s) with start_time=0 (race-window write or recycled-buffer tail). buf seq=0 count=1024
[mono_ns=7319611133756922][T0xf36cec6cdca0][WARN] copy_aicore_buffer: [chip_swimlane_collector.cpp:689] Core 52: skipped 1024 AICore record slot(s) with start_time=0 (race-window write or recycled-buffer tail). buf seq=0 count=1024
[mono_ns=7319611133831463][T0xf36ceceddca0][WARN] copy_aicore_buffer: [chip_swimlane_collector.cpp:689] Core 50: skipped 1024 AICore record slot(s) with start_time=0 (race-window write or recycled-buffer tail). buf seq=0 count=1024
[mono_ns=7319611134035374][T0xf36ced6edca0][WARN] copy_aicore_buffer: [chip_swimlane_collector.cpp:689] Core 49: skipped 1024 AICore record slot(s) with start_time=0 (race-window write or recycled-buffer tail). buf seq=0 count=1024
[mono_ns=7319611134048744][T0xf36cec6cdca0][WARN] copy_aicore_buffer: [chip_swimlane_collector.cpp:689] Core 53: skipped 1024 AICore record slot(s) with start_time=0 (race-window write or recycled-buffer tail). buf seq=0 count=1024
[mono_ns=7319611134123704][T0xf36ceceddca0][WARN] copy_aicore_buffer: [chip_swimlane_collector.cpp:689] Core 51: skipped 1024 AICore record slot(s) with start_time=0 (race-window write or recycled-buffer tail). buf seq=0 count=1024
[mono_ns=7319611134313785][T0xf36ced6edca0][WARN] copy_aicore_buffer: [chip_swimlane_collector.cpp:689] Core 15: skipped 1024 AICore record slot(s) with start_time=0 (race-window write or recycled-buffer tail). buf seq=0 count=1024
[mono_ns=7319611134327115][T0xf36cec6cdca0][WARN] copy_aicore_buffer: [chip_swimlane_collector.cpp:689] Core 17: skipped 1024 AICore record slot(s) with start_time=0 (race-window write or recycled-buffer tail). buf seq=0 count=1024
[mono_ns=7319611134402595][T0xf36ceceddca0][WARN] copy_aicore_buffer: [chip_swimlane_collector.cpp:689] Core 16: skipped 1024 AICore record slot(s) with start_time=0 (race-window write or recycled-buffer tail). buf seq=0 count=1024
[mono_ns=7319611134593626][T0xf36ced6edca0][WARN] copy_aicore_buffer: [chip_swimlane_collector.cpp:689] Core 54: skipped 1024 AICore record slot(s) with start_time=0 (race-window write or recycled-buffer tail). buf seq=0 count=1024
[mono_ns=7319611134607436][T0xf36cec6cdca0][WARN] copy_aicore_buffer: [chip_swimlane_collector.cpp:689] Core 58: skipped 1024 AICore record slot(s) with start_time=0 (race-window write or recycled-buffer tail). buf seq=0 count=1024
[mono_ns=7319611134682116][T0xf36ceceddca0][WARN] copy_aicore_buffer: [chip_swimlane_collector.cpp:689] Core 56: skipped 1024 AICore record slot(s) with start_time=0 (race-window write or recycled-buffer tail). buf seq=0 count=1024
[mono_ns=7319611134872357][T0xf36ced6edca0][WARN] copy_aicore_buffer: [chip_swimlane_collector.cpp:689] Core 55: skipped 1024 AICore record slot(s) with start_time=0 (race-window write or recycled-buffer tail). buf seq=0 count=1024
[mono_ns=7319611134885517][T0xf36cec6cdca0][WARN] copy_aicore_buffer: [chip_swimlane_collector.cpp:689] Core 59: skipped 1024 AICore record slot(s) with start_time=0 (race-window write or recycled-buffer tail). buf seq=0 count=1024
[mono_ns=7319611134961008][T0xf36ceceddca0][WARN] copy_aicore_buffer: [chip_swimlane_collector.cpp:689] Core 57: skipped 1024 AICore record slot(s) with start_time=0 (race-window write or recycled-buffer tail). buf seq=0 count=1024
[mono_ns=7319611135155558][T0xf36ced6edca0][WARN] copy_aicore_buffer: [chip_swimlane_collector.cpp:689] Core 18: skipped 1024 AICore record slot(s) with start_time=0 (race-window write or recycled-buffer tail). buf seq=0 count=1024
[mono_ns=7319611135179599][T0xf36cec6cdca0][WARN] copy_aicore_buffer: [chip_swimlane_collector.cpp:689] Core 20: skipped 1024 AICore record slot(s) with start_time=0 (race-window write or recycled-buffer tail). buf seq=0 count=1024
[mono_ns=7319611135250259][T0xf36ceceddca0][WARN] copy_aicore_buffer: [chip_swimlane_collector.cpp:689] Core 19: skipped 1024 AICore record slot(s) with start_time=0 (race-window write or recycled-buffer tail). buf seq=0 count=1024
[mono_ns=7319611135436580][T0xf36ced6edca0][WARN] copy_aicore_buffer: [chip_swimlane_collector.cpp:689] Core 60: skipped 1024 AICore record slot(s) with start_time=0 (race-window write or recycled-buffer tail). buf seq=0 count=1024
[mono_ns=7319611135461120][T0xf36cec6cdca0][WARN] copy_aicore_buffer: [chip_swimlane_collector.cpp:689] Core 64: skipped 1024 AICore record slot(s) with start_time=0 (race-window write or recycled-buffer tail). buf seq=0 count=1024
[mono_ns=7319611135530120][T0xf36ceceddca0][WARN] copy_aicore_buffer: [chip_swimlane_collector.cpp:689] Core 62: skipped 1024 AICore record slot(s) with start_time=0 (race-window write or recycled-buffer tail). buf seq=0 count=1024
[mono_ns=7319611135716661][T0xf36ced6edca0][WARN] copy_aicore_buffer: [chip_swimlane_collector.cpp:689] Core 61: skipped 1024 AICore record slot(s) with start_time=0 (race-window write or recycled-buffer tail). buf seq=0 count=1024
[mono_ns=7319611135741831][T0xf36cec6cdca0][WARN] copy_aicore_buffer: [chip_swimlane_collector.cpp:689] Core 65: skipped 1024 AICore record slot(s) with start_time=0 (race-window write or recycled-buffer tail). buf seq=0 count=1024
[mono_ns=7319611135808801][T0xf36ceceddca0][WARN] copy_aicore_buffer: [chip_swimlane_collector.cpp:689] Core 63: skipped 1024 AICore record slot(s) with start_time=0 (race-window write or recycled-buffer tail). buf seq=0 count=1024
[mono_ns=7319611135999822][T0xf36ced6edca0][WARN] copy_aicore_buffer: [chip_swimlane_collector.cpp:689] Core 21: skipped 1024 AICore record slot(s) with start_time=0 (race-window write or recycled-buffer tail). buf seq=0 count=1024
[mono_ns=7319611136036482][T0xf36cec6cdca0][WARN] copy_aicore_buffer: [chip_swimlane_collector.cpp:689] Core 23: skipped 1024 AICore record slot(s) with start_time=0 (race-window write or recycled-buffer tail). buf seq=0 count=1024
[mono_ns=7319611136094702][T0xf36ceceddca0][WARN] copy_aicore_buffer: [chip_swimlane_collector.cpp:689] Core 22: skipped 1024 AICore record slot(s) with start_time=0 (race-window write or recycled-buffer tail). buf seq=0 count=1024
[mono_ns=7319611136286953][T0xf36ced6edca0][WARN] copy_aicore_buffer: [chip_swimlane_collector.cpp:689] Core 66: skipped 1024 AICore record slot(s) with start_time=0 (race-window write or recycled-buffer tail). buf seq=0 count=1024
[mono_ns=7319611136315763][T0xf36cec6cdca0][WARN] copy_aicore_buffer: [chip_swimlane_collector.cpp:689] Core 70: skipped 1024 AICore record slot(s) with start_time=0 (race-window write or recycled-buffer tail). buf seq=0 count=1024
[mono_ns=7319611136372964][T0xf36ceceddca0][WARN] copy_aicore_buffer: [chip_swimlane_collector.cpp:689] Core 68: skipped 1024 AICore record slot(s) with start_time=0 (race-window write or recycled-buffer tail). buf seq=0 count=1024
[mono_ns=7319611136564634][T0xf36ced6edca0][WARN] copy_aicore_buffer: [chip_swimlane_collector.cpp:689] Core 67: skipped 1024 AICore record slot(s) with start_time=0 (race-window write or recycled-buffer tail). buf seq=0 count=1024
[mono_ns=7319611136594615][T0xf36cec6cdca0][WARN] copy_aicore_buffer: [chip_swimlane_collector.cpp:689] Core 71: skipped 1024 AICore record slot(s) with start_time=0 (race-window write or recycled-buffer tail). buf seq=0 count=1024
[mono_ns=7319611136650745][T0xf36ceceddca0][WARN] copy_aicore_buffer: [chip_swimlane_collector.cpp:689] Core 69: skipped 1024 AICore record slot(s) with start_time=0 (race-window write or recycled-buffer tail). buf seq=0 count=1024
[mono_ns=7319611237145992][T0xf36e4a0b7020][TIMING] emit_host_span: [STRACE] v=1 pid=2155045 tid=2155045 inv=38 hid=9a0ce7c17a38dab depth=1 name=chip.run.runner_run ts=7319611128978882 dur=108159890 
[mono_ns=7319611237185042][T0xf36e4a0b7020][TIMING] emit_host_span: [STRACE] v=1 pid=2155045 tid=2155045 inv=38 hid=9a0ce7c17a38dab depth=1 name=chip.run.validate ts=7319611237156982 dur=24080 
[mono_ns=7319611237190042][T0xf36e4a0b7020][TIMING] emit_host_span: [STRACE] v=1 pid=2155045 tid=2155045 inv=38 hid=9a0ce7c17a38dab depth=2 name=chip.run.runner_run.device_wall ts=0 dur=647120 clk=dev
[mono_ns=7319611237193772][T0xf36e4a0b7020][TIMING] emit_host_span: [STRACE] v=1 pid=2155045 tid=2155045 inv=38 hid=9a0ce7c17a38dab depth=3 name=chip.run.runner_run.device_wall.preamble ts=0 dur=614620 clk=dev
[mono_ns=7319611237197642][T0xf36e4a0b7020][TIMING] emit_host_span: [STRACE] v=1 pid=2155045 tid=2155045 inv=38 hid=9a0ce7c17a38dab depth=3 name=chip.run.runner_run.device_wall.graph_build ts=610100 dur=26500 clk=dev
[mono_ns=7319611237207742][T0xf36e4a0b7020][TIMING] emit_host_span: [STRACE] v=1 pid=2155045 tid=2155045 inv=38 hid=9a0ce7c17a38dab depth=3 name=chip.run.runner_run.device_wall.config_validate ts=610199 dur=660 clk=dev
[mono_ns=7319611237211042][T0xf36e4a0b7020][TIMING] emit_host_span: [STRACE] v=1 pid=2155045 tid=2155045 inv=38 hid=9a0ce7c17a38dab depth=3 name=chip.run.runner_run.device_wall.arena_wire ts=610880 dur=260 clk=dev
[mono_ns=7319611237214402][T0xf36e4a0b7020][TIMING] emit_host_span: [STRACE] v=1 pid=2155045 tid=2155045 inv=38 hid=9a0ce7c17a38dab depth=3 name=chip.run.runner_run.device_wall.sm_reset ts=611160 dur=440 clk=dev
[mono_ns=7319611237217452][T0xf36e4a0b7020][TIMING] emit_host_span: [STRACE] v=1 pid=2155045 tid=2155045 inv=38 hid=9a0ce7c17a38dab depth=3 name=chip.run.runner_run.device_wall.post_orch ts=636640 dur=10360 clk=dev
[mono_ns=7319611237220472][T0xf36e4a0b7020][TIMING] emit_host_span: [STRACE] v=1 pid=2155045 tid=2155045 inv=38 hid=9a0ce7c17a38dab depth=3 name=chip.run.runner_run.device_wall.orch ts=611620 dur=1300 clk=dev
[mono_ns=7319611237223442][T0xf36e4a0b7020][TIMING] emit_host_span: [STRACE] v=1 pid=2155045 tid=2155045 inv=38 hid=9a0ce7c17a38dab depth=3 name=chip.run.runner_run.device_wall.sched ts=614780 dur=5580 clk=dev
[mono_ns=7319611237229242][T0xf36e4a0b7020][TIMING] emit_host_span: [STRACE] v=1 pid=2155045 tid=2155045 inv=38 hid=9a0ce7c17a38dab depth=1 name=chip.run.claim_release ts=7319611237226962 dur=290 
[mono_ns=7319611237235152][T0xf36e4a0b7020][TIMING] emit_host_span: [STRACE] v=1 pid=2155045 tid=2155045 inv=38 hid=9a0ce7c17a38dab depth=0 name=chip.run ts=7319611128542560 dur=108690552 run_id=10 dispatch_id=38 slot_id=0 generation=10 run_epoch=38
[mono_ns=7319611237579044][T0xf36e4a0b7020][TIMING] emit_host_span: [STRACE] v=1 pid=2155045 tid=2155045 inv=39 hid=aa636548c65ca6a1 depth=2 name=chip.run.bind.args ts=7319611237538574 dur=36250 
[mono_ns=7319611237593564][T0xf36e4a0b7020][TIMING] emit_host_span: [STRACE] v=1 pid=2155045 tid=2155045 inv=39 hid=aa636548c65ca6a1 depth=2 name=chip.run.bind.prebuilt ts=7319611237588924 dur=2470 
[mono_ns=7319611237598244][T0xf36e4a0b7020][TIMING] emit_host_span: [STRACE] v=1 pid=2155045 tid=2155045 inv=39 hid=aa636548c65ca6a1 depth=1 name=chip.run.bind ts=7319611237532434 dur=63470 
[mono_ns=7319611247199935][T0xf36e4a0b7020][TIMING] emit_host_span: [STRACE] v=1 pid=2155045 tid=2155045 inv=39 hid=aa636548c65ca6a1 depth=1 name=chip.run.runner_run ts=7319611237775865 dur=9419040 
[mono_ns=7319611247231435][T0xf36e4a0b7020][TIMING] emit_host_span: [STRACE] v=1 pid=2155045 tid=2155045 inv=39 hid=aa636548c65ca6a1 depth=1 name=chip.run.validate ts=7319611247208615 dur=19230 
[mono_ns=7319611247236975][T0xf36e4a0b7020][TIMING] emit_host_span: [STRACE] v=1 pid=2155045 tid=2155045 inv=39 hid=aa636548c65ca6a1 depth=2 name=chip.run.runner_run.device_wall ts=0 dur=9216800 clk=dev
[mono_ns=7319611247240695][T0xf36e4a0b7020][TIMING] emit_host_span: [STRACE] v=1 pid=2155045 tid=2155045 inv=39 hid=aa636548c65ca6a1 depth=3 name=chip.run.runner_run.device_wall.preamble ts=0 dur=5500 clk=dev
[mono_ns=7319611247248515][T0xf36e4a0b7020][TIMING] emit_host_span: [STRACE] v=1 pid=2155045 tid=2155045 inv=39 hid=aa636548c65ca6a1 depth=3 name=chip.run.runner_run.device_wall.graph_build ts=1260 dur=9204680 clk=dev
[mono_ns=7319611247252035][T0xf36e4a0b7020][TIMING] emit_host_span: [STRACE] v=1 pid=2155045 tid=2155045 inv=39 hid=aa636548c65ca6a1 depth=3 name=chip.run.runner_run.device_wall.config_validate ts=1359 dur=620 clk=dev
[mono_ns=7319611247255415][T0xf36e4a0b7020][TIMING] emit_host_span: [STRACE] v=1 pid=2155045 tid=2155045 inv=39 hid=aa636548c65ca6a1 depth=3 name=chip.run.runner_run.device_wall.arena_wire ts=2000 dur=240 clk=dev
[mono_ns=7319611247258775][T0xf36e4a0b7020][TIMING] emit_host_span: [STRACE] v=1 pid=2155045 tid=2155045 inv=39 hid=aa636548c65ca6a1 depth=3 name=chip.run.runner_run.device_wall.sm_reset ts=2280 dur=440 clk=dev
[mono_ns=7319611247261845][T0xf36e4a0b7020][TIMING] emit_host_span: [STRACE] v=1 pid=2155045 tid=2155045 inv=39 hid=aa636548c65ca6a1 depth=3 name=chip.run.runner_run.device_wall.post_orch ts=9205980 dur=10660 clk=dev
[mono_ns=7319611247265235][T0xf36e4a0b7020][TIMING] emit_host_span: [STRACE] v=1 pid=2155045 tid=2155045 inv=39 hid=aa636548c65ca6a1 depth=3 name=chip.run.runner_run.device_wall.orch ts=2760 dur=1380 clk=dev
[mono_ns=7319611247268755][T0xf36e4a0b7020][TIMING] emit_host_span: [STRACE] v=1 pid=2155045 tid=2155045 inv=39 hid=aa636548c65ca6a1 depth=3 name=chip.run.runner_run.device_wall.sched ts=5620 dur=9192900 clk=dev
[mono_ns=7319611247272365][T0xf36e4a0b7020][TIMING] emit_host_span: [STRACE] v=1 pid=2155045 tid=2155045 inv=39 hid=aa636548c65ca6a1 depth=1 name=chip.run.claim_release ts=7319611247270375 dur=260 
[mono_ns=7319611247278905][T0xf36e4a0b7020][TIMING] emit_host_span: [STRACE] v=1 pid=2155045 tid=2155045 inv=39 hid=aa636548c65ca6a1 depth=0 name=chip.run ts=7319611237506803 dur=9769872 run_id=10 dispatch_id=39 slot_id=0 generation=10 run_epoch=39
[mono_ns=7319611248157569][T0xf36e4a0b7020][TIMING] emit_host_span: [STRACE] v=1 pid=2155045 tid=2155045 inv=40 hid=e3bcbf8fce8ee77f depth=2 name=chip.run.bind.args ts=7319611248107799 dur=45050 
[mono_ns=7319611248170649][T0xf36e4a0b7020][TIMING] emit_host_span: [STRACE] v=1 pid=2155045 tid=2155045 inv=40 hid=e3bcbf8fce8ee77f depth=2 name=chip.run.bind.prebuilt ts=7319611248166999 dur=1390 
[mono_ns=7319611248174849][T0xf36e4a0b7020][TIMING] emit_host_span: [STRACE] v=1 pid=2155045 tid=2155045 inv=40 hid=e3bcbf8fce8ee77f depth=1 name=chip.run.bind ts=7319611248101778 dur=71091 
[mono_ns=7319611249465994][T0xf36ceceddca0][WARN] copy_aicore_buffer: [chip_swimlane_collector.cpp:689] Core 1: skipped 1024 AICore record slot(s) with start_time=0 (race-window write or recycled-buffer tail). buf seq=0 count=1024
[mono_ns=7319611249491494][T0xf36ced6edca0][WARN] copy_aicore_buffer: [chip_swimlane_collector.cpp:689] Core 0: skipped 1024 AICore record slot(s) with start_time=0 (race-window write or recycled-buffer tail). buf seq=0 count=1024
[mono_ns=7319611249497504][T0xf36cec6cdca0][WARN] copy_aicore_buffer: [chip_swimlane_collector.cpp:689] Core 2: skipped 1024 AICore record slot(s) with start_time=0 (race-window write or recycled-buffer tail). buf seq=0 count=1024
[mono_ns=7319611249754056][T0xf36ceceddca0][WARN] copy_aicore_buffer: [chip_swimlane_collector.cpp:689] Core 26: skipped 1023 AICore record slot(s) with start_time=0 (race-window write or recycled-buffer tail). buf seq=0 count=1024
[mono_ns=7319611249772146][T0xf36ced6edca0][WARN] copy_aicore_buffer: [chip_swimlane_collector.cpp:689] Core 24: skipped 1024 AICore record slot(s) with start_time=0 (race-window write or recycled-buffer tail). buf seq=0 count=1024
[mono_ns=7319611249783336][T0xf36cec6cdca0][WARN] copy_aicore_buffer: [chip_swimlane_collector.cpp:689] Core 28: skipped 1024 AICore record slot(s) with start_time=0 (race-window write or recycled-buffer tail). buf seq=0 count=1024
[mono_ns=7319611250040277][T0xf36ceceddca0][WARN] copy_aicore_buffer: [chip_swimlane_collector.cpp:689] Core 27: skipped 1024 AICore record slot(s) with start_time=0 (race-window write or recycled-buffer tail). buf seq=0 count=1024
[mono_ns=7319611250067117][T0xf36ced6edca0][WARN] copy_aicore_buffer: [chip_swimlane_collector.cpp:689] Core 25: skipped 1024 AICore record slot(s) with start_time=0 (race-window write or recycled-buffer tail). buf seq=0 count=1024
[mono_ns=7319611250077267][T0xf36cec6cdca0][WARN] copy_aicore_buffer: [chip_swimlane_collector.cpp:689] Core 29: skipped 1024 AICore record slot(s) with start_time=0 (race-window write or recycled-buffer tail). buf seq=0 count=1024
[mono_ns=7319611250320258][T0xf36ceceddca0][WARN] copy_aicore_buffer: [chip_swimlane_collector.cpp:689] Core 4: skipped 1024 AICore record slot(s) with start_time=0 (race-window write or recycled-buffer tail). buf seq=0 count=1024
[mono_ns=7319611250347938][T0xf36ced6edca0][WARN] copy_aicore_buffer: [chip_swimlane_collector.cpp:689] Core 3: skipped 1024 AICore record slot(s) with start_time=0 (race-window write or recycled-buffer tail). buf seq=0 count=1024
[mono_ns=7319611250357248][T0xf36cec6cdca0][WARN] copy_aicore_buffer: [chip_swimlane_collector.cpp:689] Core 5: skipped 1024 AICore record slot(s) with start_time=0 (race-window write or recycled-buffer tail). buf seq=0 count=1024
[mono_ns=7319611250601719][T0xf36ceceddca0][WARN] copy_aicore_buffer: [chip_swimlane_collector.cpp:689] Core 32: skipped 1023 AICore record slot(s) with start_time=0 (race-window write or recycled-buffer tail). buf seq=0 count=1024
[mono_ns=7319611250632279][T0xf36ced6edca0][WARN] copy_aicore_buffer: [chip_swimlane_collector.cpp:689] Core 30: skipped 1024 AICore record slot(s) with start_time=0 (race-window write or recycled-buffer tail). buf seq=0 count=1024
[mono_ns=7319611250639569][T0xf36cec6cdca0][WARN] copy_aicore_buffer: [chip_swimlane_collector.cpp:689] Core 34: skipped 1024 AICore record slot(s) with start_time=0 (race-window write or recycled-buffer tail). buf seq=0 count=1024
[mono_ns=7319611250880760][T0xf36ceceddca0][WARN] copy_aicore_buffer: [chip_swimlane_collector.cpp:689] Core 33: skipped 1024 AICore record slot(s) with start_time=0 (race-window write or recycled-buffer tail). buf seq=0 count=1024
[mono_ns=7319611250912490][T0xf36ced6edca0][WARN] copy_aicore_buffer: [chip_swimlane_collector.cpp:689] Core 31: skipped 1024 AICore record slot(s) with start_time=0 (race-window write or recycled-buffer tail). buf seq=0 count=1024
[mono_ns=7319611250918750][T0xf36cec6cdca0][WARN] copy_aicore_buffer: [chip_swimlane_collector.cpp:689] Core 35: skipped 1024 AICore record slot(s) with start_time=0 (race-window write or recycled-buffer tail). buf seq=0 count=1024
[mono_ns=7319611251176692][T0xf36ceceddca0][WARN] copy_aicore_buffer: [chip_swimlane_collector.cpp:689] Core 7: skipped 1024 AICore record slot(s) with start_time=0 (race-window write or recycled-buffer tail). buf seq=0 count=1024
[mono_ns=7319611251207152][T0xf36cec6cdca0][WARN] copy_aicore_buffer: [chip_swimlane_collector.cpp:689] Core 8: skipped 1024 AICore record slot(s) with start_time=0 (race-window write or recycled-buffer tail). buf seq=0 count=1024
[mono_ns=7319611251209062][T0xf36ced6edca0][WARN] copy_aicore_buffer: [chip_swimlane_collector.cpp:689] Core 6: skipped 1024 AICore record slot(s) with start_time=0 (race-window write or recycled-buffer tail). buf seq=0 count=1024
[mono_ns=7319611251458623][T0xf36ceceddca0][WARN] copy_aicore_buffer: [chip_swimlane_collector.cpp:689] Core 38: skipped 1024 AICore record slot(s) with start_time=0 (race-window write or recycled-buffer tail). buf seq=0 count=1024
[mono_ns=7319611251489323][T0xf36ced6edca0][WARN] copy_aicore_buffer: [chip_swimlane_collector.cpp:689] Core 36: skipped 1024 AICore record slot(s) with start_time=0 (race-window write or recycled-buffer tail). buf seq=0 count=1024
[mono_ns=7319611251489343][T0xf36cec6cdca0][WARN] copy_aicore_buffer: [chip_swimlane_collector.cpp:689] Core 40: skipped 1024 AICore record slot(s) with start_time=0 (race-window write or recycled-buffer tail). buf seq=0 count=1024
[mono_ns=7319611251736724][T0xf36ceceddca0][WARN] copy_aicore_buffer: [chip_swimlane_collector.cpp:689] Core 39: skipped 1024 AICore record slot(s) with start_time=0 (race-window write or recycled-buffer tail). buf seq=0 count=1024
[mono_ns=7319611251769004][T0xf36ced6edca0][WARN] copy_aicore_buffer: [chip_swimlane_collector.cpp:689] Core 37: skipped 1024 AICore record slot(s) with start_time=0 (race-window write or recycled-buffer tail). buf seq=0 count=1024
[mono_ns=7319611251770134][T0xf36cec6cdca0][WARN] copy_aicore_buffer: [chip_swimlane_collector.cpp:689] Core 41: skipped 1024 AICore record slot(s) with start_time=0 (race-window write or recycled-buffer tail). buf seq=0 count=1024
[mono_ns=7319611252023205][T0xf36ceceddca0][WARN] copy_aicore_buffer: [chip_swimlane_collector.cpp:689] Core 10: skipped 1024 AICore record slot(s) with start_time=0 (race-window write or recycled-buffer tail). buf seq=0 count=1024
[mono_ns=7319611252065405][T0xf36ced6edca0][WARN] copy_aicore_buffer: [chip_swimlane_collector.cpp:689] Core 9: skipped 1024 AICore record slot(s) with start_time=0 (race-window write or recycled-buffer tail). buf seq=0 count=1024
[mono_ns=7319611252073655][T0xf36cec6cdca0][WARN] copy_aicore_buffer: [chip_swimlane_collector.cpp:689] Core 11: skipped 1023 AICore record slot(s) with start_time=0 (race-window write or recycled-buffer tail). buf seq=0 count=1024
[mono_ns=7319611252301766][T0xf36ceceddca0][WARN] copy_aicore_buffer: [chip_swimlane_collector.cpp:689] Core 44: skipped 1024 AICore record slot(s) with start_time=0 (race-window write or recycled-buffer tail). buf seq=0 count=1024
[mono_ns=7319611252345197][T0xf36ced6edca0][WARN] copy_aicore_buffer: [chip_swimlane_collector.cpp:689] Core 42: skipped 1024 AICore record slot(s) with start_time=0 (race-window write or recycled-buffer tail). buf seq=0 count=1024
[mono_ns=7319611252353217][T0xf36cec6cdca0][WARN] copy_aicore_buffer: [chip_swimlane_collector.cpp:689] Core 46: skipped 1024 AICore record slot(s) with start_time=0 (race-window write or recycled-buffer tail). buf seq=0 count=1024
[mono_ns=7319611252580388][T0xf36ceceddca0][WARN] copy_aicore_buffer: [chip_swimlane_collector.cpp:689] Core 45: skipped 1024 AICore record slot(s) with start_time=0 (race-window write or recycled-buffer tail). buf seq=0 count=1024
[mono_ns=7319611252624048][T0xf36ced6edca0][WARN] copy_aicore_buffer: [chip_swimlane_collector.cpp:689] Core 43: skipped 1024 AICore record slot(s) with start_time=0 (race-window write or recycled-buffer tail). buf seq=0 count=1024
[mono_ns=7319611252631058][T0xf36cec6cdca0][WARN] copy_aicore_buffer: [chip_swimlane_collector.cpp:689] Core 47: skipped 1024 AICore record slot(s) with start_time=0 (race-window write or recycled-buffer tail). buf seq=0 count=1024
[mono_ns=7319611252858739][T0xf36ceceddca0][WARN] copy_aicore_buffer: [chip_swimlane_collector.cpp:689] Core 13: skipped 1024 AICore record slot(s) with start_time=0 (race-window write or recycled-buffer tail). buf seq=0 count=1024
[mono_ns=7319611252902879][T0xf36ced6edca0][WARN] copy_aicore_buffer: [chip_swimlane_collector.cpp:689] Core 12: skipped 1024 AICore record slot(s) with start_time=0 (race-window write or recycled-buffer tail). buf seq=0 count=1024
[mono_ns=7319611252909759][T0xf36cec6cdca0][WARN] copy_aicore_buffer: [chip_swimlane_collector.cpp:689] Core 14: skipped 1024 AICore record slot(s) with start_time=0 (race-window write or recycled-buffer tail). buf seq=0 count=1024
[mono_ns=7319611253148970][T0xf36ceceddca0][WARN] copy_aicore_buffer: [chip_swimlane_collector.cpp:689] Core 50: skipped 1024 AICore record slot(s) with start_time=0 (race-window write or recycled-buffer tail). buf seq=0 count=1024
[mono_ns=7319611253194380][T0xf36ced6edca0][WARN] copy_aicore_buffer: [chip_swimlane_collector.cpp:689] Core 48: skipped 1024 AICore record slot(s) with start_time=0 (race-window write or recycled-buffer tail). buf seq=0 count=1024
[mono_ns=7319611253200650][T0xf36cec6cdca0][WARN] copy_aicore_buffer: [chip_swimlane_collector.cpp:689] Core 52: skipped 1024 AICore record slot(s) with start_time=0 (race-window write or recycled-buffer tail). buf seq=0 count=1024
[mono_ns=7319611253429031][T0xf36ceceddca0][WARN] copy_aicore_buffer: [chip_swimlane_collector.cpp:689] Core 51: skipped 1024 AICore record slot(s) with start_time=0 (race-window write or recycled-buffer tail). buf seq=0 count=1024
[mono_ns=7319611253472711][T0xf36ced6edca0][WARN] copy_aicore_buffer: [chip_swimlane_collector.cpp:689] Core 49: skipped 1024 AICore record slot(s) with start_time=0 (race-window write or recycled-buffer tail). buf seq=0 count=1024
[mono_ns=7319611253481631][T0xf36cec6cdca0][WARN] copy_aicore_buffer: [chip_swimlane_collector.cpp:689] Core 53: skipped 1024 AICore record slot(s) with start_time=0 (race-window write or recycled-buffer tail). buf seq=0 count=1024
[mono_ns=7319611253709042][T0xf36ceceddca0][WARN] copy_aicore_buffer: [chip_swimlane_collector.cpp:689] Core 16: skipped 1024 AICore record slot(s) with start_time=0 (race-window write or recycled-buffer tail). buf seq=0 count=1024
[mono_ns=7319611253751323][T0xf36ced6edca0][WARN] copy_aicore_buffer: [chip_swimlane_collector.cpp:689] Core 15: skipped 1024 AICore record slot(s) with start_time=0 (race-window write or recycled-buffer tail). buf seq=0 count=1024
[mono_ns=7319611253761533][T0xf36cec6cdca0][WARN] copy_aicore_buffer: [chip_swimlane_collector.cpp:689] Core 17: skipped 1024 AICore record slot(s) with start_time=0 (race-window write or recycled-buffer tail). buf seq=0 count=1024
[mono_ns=7319611253987414][T0xf36ceceddca0][WARN] copy_aicore_buffer: [chip_swimlane_collector.cpp:689] Core 56: skipped 1024 AICore record slot(s) with start_time=0 (race-window write or recycled-buffer tail). buf seq=0 count=1024
[mono_ns=7319611254045234][T0xf36ced6edca0][WARN] copy_aicore_buffer: [chip_swimlane_collector.cpp:689] Core 54: skipped 1024 AICore record slot(s) with start_time=0 (race-window write or recycled-buffer tail). buf seq=0 count=1024
[mono_ns=7319611254048594][T0xf36cec6cdca0][WARN] copy_aicore_buffer: [chip_swimlane_collector.cpp:689] Core 58: skipped 1024 AICore record slot(s) with start_time=0 (race-window write or recycled-buffer tail). buf seq=0 count=1024
[mono_ns=7319611254281175][T0xf36ceceddca0][WARN] copy_aicore_buffer: [chip_swimlane_collector.cpp:689] Core 57: skipped 1024 AICore record slot(s) with start_time=0 (race-window write or recycled-buffer tail). buf seq=0 count=1024
[mono_ns=7319611254327485][T0xf36ced6edca0][WARN] copy_aicore_buffer: [chip_swimlane_collector.cpp:689] Core 55: skipped 1023 AICore record slot(s) with start_time=0 (race-window write or recycled-buffer tail). buf seq=0 count=1024
[mono_ns=7319611254328355][T0xf36cec6cdca0][WARN] copy_aicore_buffer: [chip_swimlane_collector.cpp:689] Core 59: skipped 1024 AICore record slot(s) with start_time=0 (race-window write or recycled-buffer tail). buf seq=0 count=1024
[mono_ns=7319611254561516][T0xf36ceceddca0][WARN] copy_aicore_buffer: [chip_swimlane_collector.cpp:689] Core 19: skipped 1024 AICore record slot(s) with start_time=0 (race-window write or recycled-buffer tail). buf seq=0 count=1024
[mono_ns=7319611254606896][T0xf36ced6edca0][WARN] copy_aicore_buffer: [chip_swimlane_collector.cpp:689] Core 18: skipped 1024 AICore record slot(s) with start_time=0 (race-window write or recycled-buffer tail). buf seq=0 count=1024
[mono_ns=7319611254609316][T0xf36cec6cdca0][WARN] copy_aicore_buffer: [chip_swimlane_collector.cpp:689] Core 20: skipped 1024 AICore record slot(s) with start_time=0 (race-window write or recycled-buffer tail). buf seq=0 count=1024
[mono_ns=7319611254839877][T0xf36ceceddca0][WARN] copy_aicore_buffer: [chip_swimlane_collector.cpp:689] Core 62: skipped 1024 AICore record slot(s) with start_time=0 (race-window write or recycled-buffer tail). buf seq=0 count=1024
[mono_ns=7319611254885467][T0xf36ced6edca0][WARN] copy_aicore_buffer: [chip_swimlane_collector.cpp:689] Core 60: skipped 1024 AICore record slot(s) with start_time=0 (race-window write or recycled-buffer tail). buf seq=0 count=1024
[mono_ns=7319611254890227][T0xf36cec6cdca0][WARN] copy_aicore_buffer: [chip_swimlane_collector.cpp:689] Core 64: skipped 1024 AICore record slot(s) with start_time=0 (race-window write or recycled-buffer tail). buf seq=0 count=1024
[mono_ns=7319611255129188][T0xf36ceceddca0][WARN] copy_aicore_buffer: [chip_swimlane_collector.cpp:689] Core 63: skipped 1024 AICore record slot(s) with start_time=0 (race-window write or recycled-buffer tail). buf seq=0 count=1024
[mono_ns=7319611255172589][T0xf36cec6cdca0][WARN] copy_aicore_buffer: [chip_swimlane_collector.cpp:689] Core 65: skipped 1024 AICore record slot(s) with start_time=0 (race-window write or recycled-buffer tail). buf seq=0 count=1024
[mono_ns=7319611255175859][T0xf36ced6edca0][WARN] copy_aicore_buffer: [chip_swimlane_collector.cpp:689] Core 61: skipped 1024 AICore record slot(s) with start_time=0 (race-window write or recycled-buffer tail). buf seq=0 count=1024
[mono_ns=7319611255407670][T0xf36ceceddca0][WARN] copy_aicore_buffer: [chip_swimlane_collector.cpp:689] Core 22: skipped 1024 AICore record slot(s) with start_time=0 (race-window write or recycled-buffer tail). buf seq=0 count=1024
[mono_ns=7319611255453140][T0xf36cec6cdca0][WARN] copy_aicore_buffer: [chip_swimlane_collector.cpp:689] Core 23: skipped 1024 AICore record slot(s) with start_time=0 (race-window write or recycled-buffer tail). buf seq=0 count=1024
[mono_ns=7319611255455370][T0xf36ced6edca0][WARN] copy_aicore_buffer: [chip_swimlane_collector.cpp:689] Core 21: skipped 1024 AICore record slot(s) with start_time=0 (race-window write or recycled-buffer tail). buf seq=0 count=1024
[mono_ns=7319611255687181][T0xf36ceceddca0][WARN] copy_aicore_buffer: [chip_swimlane_collector.cpp:689] Core 68: skipped 1024 AICore record slot(s) with start_time=0 (race-window write or recycled-buffer tail). buf seq=0 count=1024
[mono_ns=7319611255734171][T0xf36cec6cdca0][WARN] copy_aicore_buffer: [chip_swimlane_collector.cpp:689] Core 70: skipped 1024 AICore record slot(s) with start_time=0 (race-window write or recycled-buffer tail). buf seq=0 count=1024
[mono_ns=7319611255735971][T0xf36ced6edca0][WARN] copy_aicore_buffer: [chip_swimlane_collector.cpp:689] Core 66: skipped 1024 AICore record slot(s) with start_time=0 (race-window write or recycled-buffer tail). buf seq=0 count=1024
[mono_ns=7319611255967142][T0xf36ceceddca0][WARN] copy_aicore_buffer: [chip_swimlane_collector.cpp:689] Core 69: skipped 1024 AICore record slot(s) with start_time=0 (race-window write or recycled-buffer tail). buf seq=0 count=1024
[mono_ns=7319611256023362][T0xf36cec6cdca0][WARN] copy_aicore_buffer: [chip_swimlane_collector.cpp:689] Core 71: skipped 1024 AICore record slot(s) with start_time=0 (race-window write or recycled-buffer tail). buf seq=0 count=1024
[mono_ns=7319611256024842][T0xf36ced6edca0][WARN] copy_aicore_buffer: [chip_swimlane_collector.cpp:689] Core 67: skipped 1024 AICore record slot(s) with start_time=0 (race-window write or recycled-buffer tail). buf seq=0 count=1024
[mono_ns=7319611356414959][T0xf36e4a0b7020][TIMING] emit_host_span: [STRACE] v=1 pid=2155045 tid=2155045 inv=40 hid=e3bcbf8fce8ee77f depth=1 name=chip.run.runner_run ts=7319611248377180 dur=108031869 
[mono_ns=7319611357075312][T0xf36e4a0b7020][TIMING] emit_host_span: [STRACE] v=1 pid=2155045 tid=2155045 inv=40 hid=e3bcbf8fce8ee77f depth=1 name=chip.run.validate ts=7319611356427879 dur=642753 
[mono_ns=7319611357086332][T0xf36e4a0b7020][TIMING] emit_host_span: [STRACE] v=1 pid=2155045 tid=2155045 inv=40 hid=e3bcbf8fce8ee77f depth=2 name=chip.run.runner_run.device_wall ts=0 dur=695960 clk=dev
[mono_ns=7319611357090522][T0xf36e4a0b7020][TIMING] emit_host_span: [STRACE] v=1 pid=2155045 tid=2155045 inv=40 hid=e3bcbf8fce8ee77f depth=3 name=chip.run.runner_run.device_wall.preamble ts=0 dur=617700 clk=dev
[mono_ns=7319611357094152][T0xf36e4a0b7020][TIMING] emit_host_span: [STRACE] v=1 pid=2155045 tid=2155045 inv=40 hid=e3bcbf8fce8ee77f depth=3 name=chip.run.runner_run.device_wall.graph_build ts=614040 dur=71520 clk=dev
[mono_ns=7319611357097342][T0xf36e4a0b7020][TIMING] emit_host_span: [STRACE] v=1 pid=2155045 tid=2155045 inv=40 hid=e3bcbf8fce8ee77f depth=3 name=chip.run.runner_run.device_wall.config_validate ts=614140 dur=500 clk=dev
[mono_ns=7319611357100432][T0xf36e4a0b7020][TIMING] emit_host_span: [STRACE] v=1 pid=2155045 tid=2155045 inv=40 hid=e3bcbf8fce8ee77f depth=3 name=chip.run.runner_run.device_wall.arena_wire ts=614660 dur=260 clk=dev
[mono_ns=7319611357103392][T0xf36e4a0b7020][TIMING] emit_host_span: [STRACE] v=1 pid=2155045 tid=2155045 inv=40 hid=e3bcbf8fce8ee77f depth=3 name=chip.run.runner_run.device_wall.sm_reset ts=614940 dur=480 clk=dev
[mono_ns=7319611357106872][T0xf36e4a0b7020][TIMING] emit_host_span: [STRACE] v=1 pid=2155045 tid=2155045 inv=40 hid=e3bcbf8fce8ee77f depth=3 name=chip.run.runner_run.device_wall.post_orch ts=685600 dur=10200 clk=dev
[mono_ns=7319611357116942][T0xf36e4a0b7020][TIMING] emit_host_span: [STRACE] v=1 pid=2155045 tid=2155045 inv=40 hid=e3bcbf8fce8ee77f depth=3 name=chip.run.runner_run.device_wall.orch ts=615439 dur=1940 clk=dev
[mono_ns=7319611357120292][T0xf36e4a0b7020][TIMING] emit_host_span: [STRACE] v=1 pid=2155045 tid=2155045 inv=40 hid=e3bcbf8fce8ee77f depth=3 name=chip.run.runner_run.device_wall.sched ts=617880 dur=51580 clk=dev
[mono_ns=7319611357124792][T0xf36e4a0b7020][TIMING] emit_host_span: [STRACE] v=1 pid=2155045 tid=2155045 inv=40 hid=e3bcbf8fce8ee77f depth=1 name=chip.run.claim_release ts=7319611357122572 dur=400 
[mono_ns=7319611357130562][T0xf36e4a0b7020][TIMING] emit_host_span: [STRACE] v=1 pid=2155045 tid=2155045 inv=40 hid=e3bcbf8fce8ee77f depth=0 name=chip.run ts=7319611248081258 dur=109047024 run_id=10 dispatch_id=40 slot_id=0 generation=10 run_epoch=40
[mono_ns=7319625662182141][T0xf36e4a0b7020][TIMING] emit_host_span: [STRACE] v=1 pid=2155045 tid=2155045 inv=41 hid=7330127d2e7be9ea depth=2 name=chip.run.bind.args ts=7319625661310247 dur=860794 
[mono_ns=7319625662206441][T0xf36e4a0b7020][TIMING] emit_host_span: [STRACE] v=1 pid=2155045 tid=2155045 inv=41 hid=7330127d2e7be9ea depth=2 name=chip.run.bind.prebuilt ts=7319625662199851 dur=4190 
[mono_ns=7319625662212831][T0xf36e4a0b7020][TIMING] emit_host_span: [STRACE] v=1 pid=2155045 tid=2155045 inv=41 hid=7330127d2e7be9ea depth=1 name=chip.run.bind ts=7319625661297097 dur=912764 
[mono_ns=7319625767135977][T0xf36e4a0b7020][TIMING] emit_host_span: [STRACE] v=1 pid=2155045 tid=2155045 inv=41 hid=7330127d2e7be9ea depth=1 name=chip.run.runner_run ts=7319625662580913 dur=104547104 
[mono_ns=7319625767338008][T0xf36e4a0b7020][TIMING] emit_host_span: [STRACE] v=1 pid=2155045 tid=2155045 inv=41 hid=7330127d2e7be9ea depth=1 name=chip.run.validate ts=7319625767222528 dur=100770 
[mono_ns=7319625767350708][T0xf36e4a0b7020][TIMING] emit_host_span: [STRACE] v=1 pid=2155045 tid=2155045 inv=41 hid=7330127d2e7be9ea depth=2 name=chip.run.runner_run.device_wall ts=0 dur=137700 clk=dev
[mono_ns=7319625767354998][T0xf36e4a0b7020][TIMING] emit_host_span: [STRACE] v=1 pid=2155045 tid=2155045 inv=41 hid=7330127d2e7be9ea depth=3 name=chip.run.runner_run.device_wall.preamble ts=0 dur=7020 clk=dev
[mono_ns=7319625767358618][T0xf36e4a0b7020][TIMING] emit_host_span: [STRACE] v=1 pid=2155045 tid=2155045 inv=41 hid=7330127d2e7be9ea depth=3 name=chip.run.runner_run.device_wall.graph_build ts=1560 dur=125440 clk=dev
[mono_ns=7319625767361858][T0xf36e4a0b7020][TIMING] emit_host_span: [STRACE] v=1 pid=2155045 tid=2155045 inv=41 hid=7330127d2e7be9ea depth=3 name=chip.run.runner_run.device_wall.config_validate ts=1680 dur=860 clk=dev
[mono_ns=7319625767365438][T0xf36e4a0b7020][TIMING] emit_host_span: [STRACE] v=1 pid=2155045 tid=2155045 inv=41 hid=7330127d2e7be9ea depth=3 name=chip.run.runner_run.device_wall.arena_wire ts=2560 dur=360 clk=dev
[mono_ns=7319625767368558][T0xf36e4a0b7020][TIMING] emit_host_span: [STRACE] v=1 pid=2155045 tid=2155045 inv=41 hid=7330127d2e7be9ea depth=3 name=chip.run.runner_run.device_wall.sm_reset ts=2940 dur=1260 clk=dev
[mono_ns=7319625767371608][T0xf36e4a0b7020][TIMING] emit_host_span: [STRACE] v=1 pid=2155045 tid=2155045 inv=41 hid=7330127d2e7be9ea depth=3 name=chip.run.runner_run.device_wall.post_orch ts=127059 dur=10280 clk=dev
[mono_ns=7319625767384978][T0xf36e4a0b7020][TIMING] emit_host_span: [STRACE] v=1 pid=2155045 tid=2155045 inv=41 hid=7330127d2e7be9ea depth=3 name=chip.run.runner_run.device_wall.orch ts=5480 dur=7020 clk=dev
[mono_ns=7319625767387918][T0xf36e4a0b7020][TIMING] emit_host_span: [STRACE] v=1 pid=2155045 tid=2155045 inv=41 hid=7330127d2e7be9ea depth=3 name=chip.run.runner_run.device_wall.sched ts=7320 dur=110240 clk=dev
[mono_ns=7319625767394868][T0xf36e4a0b7020][TIMING] emit_host_span: [STRACE] v=1 pid=2155045 tid=2155045 inv=41 hid=7330127d2e7be9ea depth=1 name=chip.run.claim_release ts=7319625767392238 dur=800 
[mono_ns=7319625767403508][T0xf36e4a0b7020][TIMING] emit_host_span: [STRACE] v=1 pid=2155045 tid=2155045 inv=41 hid=7330127d2e7be9ea depth=0 name=chip.run ts=7319625661226267 dur=106175081 run_id=11 dispatch_id=41 slot_id=0 generation=11 run_epoch=41
[mono_ns=7319625768444853][T0xf36e4a0b7020][TIMING] emit_host_span: [STRACE] v=1 pid=2155045 tid=2155045 inv=42 hid=9a0ce7c17a38dab depth=2 name=chip.run.bind.args ts=7319625768367162 dur=72571 
[mono_ns=7319625768457013][T0xf36e4a0b7020][TIMING] emit_host_span: [STRACE] v=1 pid=2155045 tid=2155045 inv=42 hid=9a0ce7c17a38dab depth=2 name=chip.run.bind.prebuilt ts=7319625768452803 dur=1970 
[mono_ns=7319625768460893][T0xf36e4a0b7020][TIMING] emit_host_span: [STRACE] v=1 pid=2155045 tid=2155045 inv=42 hid=9a0ce7c17a38dab depth=1 name=chip.run.bind ts=7319625768360402 dur=98441 
[mono_ns=7319625873507199][T0xf36e4a0b7020][TIMING] emit_host_span: [STRACE] v=1 pid=2155045 tid=2155045 inv=42 hid=9a0ce7c17a38dab depth=1 name=chip.run.runner_run ts=7319625768786964 dur=104709125 
[mono_ns=7319625873557410][T0xf36e4a0b7020][TIMING] emit_host_span: [STRACE] v=1 pid=2155045 tid=2155045 inv=42 hid=9a0ce7c17a38dab depth=1 name=chip.run.validate ts=7319625873526550 dur=27700 
[mono_ns=7319625873562410][T0xf36e4a0b7020][TIMING] emit_host_span: [STRACE] v=1 pid=2155045 tid=2155045 inv=42 hid=9a0ce7c17a38dab depth=2 name=chip.run.runner_run.device_wall ts=0 dur=30620 clk=dev
[mono_ns=7319625873565820][T0xf36e4a0b7020][TIMING] emit_host_span: [STRACE] v=1 pid=2155045 tid=2155045 inv=42 hid=9a0ce7c17a38dab depth=3 name=chip.run.runner_run.device_wall.preamble ts=0 dur=6180 clk=dev
[mono_ns=7319625873570050][T0xf36e4a0b7020][TIMING] emit_host_span: [STRACE] v=1 pid=2155045 tid=2155045 inv=42 hid=9a0ce7c17a38dab depth=3 name=chip.run.runner_run.device_wall.graph_build ts=1100 dur=18560 clk=dev
[mono_ns=7319625873573330][T0xf36e4a0b7020][TIMING] emit_host_span: [STRACE] v=1 pid=2155045 tid=2155045 inv=42 hid=9a0ce7c17a38dab depth=3 name=chip.run.runner_run.device_wall.config_validate ts=1220 dur=679 clk=dev
[mono_ns=7319625873576870][T0xf36e4a0b7020][TIMING] emit_host_span: [STRACE] v=1 pid=2155045 tid=2155045 inv=42 hid=9a0ce7c17a38dab depth=3 name=chip.run.runner_run.device_wall.arena_wire ts=2040 dur=280 clk=dev
[mono_ns=7319625873579910][T0xf36e4a0b7020][TIMING] emit_host_span: [STRACE] v=1 pid=2155045 tid=2155045 inv=42 hid=9a0ce7c17a38dab depth=3 name=chip.run.runner_run.device_wall.sm_reset ts=2360 dur=700 clk=dev
[mono_ns=7319625873588760][T0xf36e4a0b7020][TIMING] emit_host_span: [STRACE] v=1 pid=2155045 tid=2155045 inv=42 hid=9a0ce7c17a38dab depth=3 name=chip.run.runner_run.device_wall.post_orch ts=19720 dur=10820 clk=dev
[mono_ns=7319625873592060][T0xf36e4a0b7020][TIMING] emit_host_span: [STRACE] v=1 pid=2155045 tid=2155045 inv=42 hid=9a0ce7c17a38dab depth=3 name=chip.run.runner_run.device_wall.orch ts=3540 dur=2640 clk=dev
[mono_ns=7319625873595240][T0xf36e4a0b7020][TIMING] emit_host_span: [STRACE] v=1 pid=2155045 tid=2155045 inv=42 hid=9a0ce7c17a38dab depth=3 name=chip.run.runner_run.device_wall.sched ts=6260 dur=6020 clk=dev
[mono_ns=7319625873600200][T0xf36e4a0b7020][TIMING] emit_host_span: [STRACE] v=1 pid=2155045 tid=2155045 inv=42 hid=9a0ce7c17a38dab depth=1 name=chip.run.claim_release ts=7319625873598150 dur=350 
[mono_ns=7319625873604690][T0xf36e4a0b7020][TIMING] emit_host_span: [STRACE] v=1 pid=2155045 tid=2155045 inv=42 hid=9a0ce7c17a38dab depth=0 name=chip.run ts=7319625768328182 dur=105274548 run_id=11 dispatch_id=42 slot_id=0 generation=11 run_epoch=42
[mono_ns=7319625873975221][T0xf36e4a0b7020][TIMING] emit_host_span: [STRACE] v=1 pid=2155045 tid=2155045 inv=43 hid=aa636548c65ca6a1 depth=2 name=chip.run.bind.args ts=7319625873929631 dur=41520 
[mono_ns=7319625873989632][T0xf36e4a0b7020][TIMING] emit_host_span: [STRACE] v=1 pid=2155045 tid=2155045 inv=43 hid=aa636548c65ca6a1 depth=2 name=chip.run.bind.prebuilt ts=7319625873985491 dur=2120 
[mono_ns=7319625873994212][T0xf36e4a0b7020][TIMING] emit_host_span: [STRACE] v=1 pid=2155045 tid=2155045 inv=43 hid=aa636548c65ca6a1 depth=1 name=chip.run.bind ts=7319625873922931 dur=69441 
[mono_ns=7319625889669568][T0xf36e4a0b7020][TIMING] emit_host_span: [STRACE] v=1 pid=2155045 tid=2155045 inv=43 hid=aa636548c65ca6a1 depth=1 name=chip.run.runner_run ts=7319625874213232 dur=15450466 
[mono_ns=7319625889702898][T0xf36e4a0b7020][TIMING] emit_host_span: [STRACE] v=1 pid=2155045 tid=2155045 inv=43 hid=aa636548c65ca6a1 depth=1 name=chip.run.validate ts=7319625889678828 dur=21060 
[mono_ns=7319625889711808][T0xf36e4a0b7020][TIMING] emit_host_span: [STRACE] v=1 pid=2155045 tid=2155045 inv=43 hid=aa636548c65ca6a1 depth=2 name=chip.run.runner_run.device_wall ts=0 dur=15232940 clk=dev
[mono_ns=7319625889716278][T0xf36e4a0b7020][TIMING] emit_host_span: [STRACE] v=1 pid=2155045 tid=2155045 inv=43 hid=aa636548c65ca6a1 depth=3 name=chip.run.runner_run.device_wall.preamble ts=0 dur=6060 clk=dev
[mono_ns=7319625889720638][T0xf36e4a0b7020][TIMING] emit_host_span: [STRACE] v=1 pid=2155045 tid=2155045 inv=43 hid=aa636548c65ca6a1 depth=3 name=chip.run.runner_run.device_wall.graph_build ts=1400 dur=15220859 clk=dev
[mono_ns=7319625889724488][T0xf36e4a0b7020][TIMING] emit_host_span: [STRACE] v=1 pid=2155045 tid=2155045 inv=43 hid=aa636548c65ca6a1 depth=3 name=chip.run.runner_run.device_wall.config_validate ts=1500 dur=799 clk=dev
[mono_ns=7319625889727828][T0xf36e4a0b7020][TIMING] emit_host_span: [STRACE] v=1 pid=2155045 tid=2155045 inv=43 hid=aa636548c65ca6a1 depth=3 name=chip.run.runner_run.device_wall.arena_wire ts=2320 dur=260 clk=dev
[mono_ns=7319625889731308][T0xf36e4a0b7020][TIMING] emit_host_span: [STRACE] v=1 pid=2155045 tid=2155045 inv=43 hid=aa636548c65ca6a1 depth=3 name=chip.run.runner_run.device_wall.sm_reset ts=2620 dur=640 clk=dev
[mono_ns=7319625889740258][T0xf36e4a0b7020][TIMING] emit_host_span: [STRACE] v=1 pid=2155045 tid=2155045 inv=43 hid=aa636548c65ca6a1 depth=3 name=chip.run.runner_run.device_wall.post_orch ts=15222300 dur=10520 clk=dev
[mono_ns=7319625889743388][T0xf36e4a0b7020][TIMING] emit_host_span: [STRACE] v=1 pid=2155045 tid=2155045 inv=43 hid=aa636548c65ca6a1 depth=3 name=chip.run.runner_run.device_wall.orch ts=3300 dur=3040 clk=dev
[mono_ns=7319625889746398][T0xf36e4a0b7020][TIMING] emit_host_span: [STRACE] v=1 pid=2155045 tid=2155045 inv=43 hid=aa636548c65ca6a1 depth=3 name=chip.run.runner_run.device_wall.sched ts=6140 dur=15208720 clk=dev
[mono_ns=7319625889750108][T0xf36e4a0b7020][TIMING] emit_host_span: [STRACE] v=1 pid=2155045 tid=2155045 inv=43 hid=aa636548c65ca6a1 depth=1 name=chip.run.claim_release ts=7319625889748008 dur=300 
[mono_ns=7319625889755539][T0xf36e4a0b7020][TIMING] emit_host_span: [STRACE] v=1 pid=2155045 tid=2155045 inv=43 hid=aa636548c65ca6a1 depth=0 name=chip.run ts=7319625873897091 dur=15856458 run_id=11 dispatch_id=43 slot_id=0 generation=11 run_epoch=43
[mono_ns=7319625890669342][T0xf36e4a0b7020][TIMING] emit_host_span: [STRACE] v=1 pid=2155045 tid=2155045 inv=44 hid=e3bcbf8fce8ee77f depth=2 name=chip.run.bind.args ts=7319625890621292 dur=43270 
[mono_ns=7319625890684462][T0xf36e4a0b7020][TIMING] emit_host_span: [STRACE] v=1 pid=2155045 tid=2155045 inv=44 hid=e3bcbf8fce8ee77f depth=2 name=chip.run.bind.prebuilt ts=7319625890679682 dur=2350 
[mono_ns=7319625890688612][T0xf36e4a0b7020][TIMING] emit_host_span: [STRACE] v=1 pid=2155045 tid=2155045 inv=44 hid=e3bcbf8fce8ee77f depth=1 name=chip.run.bind ts=7319625890615302 dur=71270 
[mono_ns=7319625995632839][T0xf36e4a0b7020][TIMING] emit_host_span: [STRACE] v=1 pid=2155045 tid=2155045 inv=44 hid=e3bcbf8fce8ee77f depth=1 name=chip.run.runner_run ts=7319625890862153 dur=104760146 
[mono_ns=7319625996321962][T0xf36e4a0b7020][TIMING] emit_host_span: [STRACE] v=1 pid=2155045 tid=2155045 inv=44 hid=e3bcbf8fce8ee77f depth=1 name=chip.run.validate ts=7319625995643739 dur=673253 
[mono_ns=7319625996333222][T0xf36e4a0b7020][TIMING] emit_host_span: [STRACE] v=1 pid=2155045 tid=2155045 inv=44 hid=e3bcbf8fce8ee77f depth=2 name=chip.run.runner_run.device_wall ts=0 dur=78040 clk=dev
[mono_ns=7319625996337652][T0xf36e4a0b7020][TIMING] emit_host_span: [STRACE] v=1 pid=2155045 tid=2155045 inv=44 hid=e3bcbf8fce8ee77f depth=3 name=chip.run.runner_run.device_wall.preamble ts=0 dur=6120 clk=dev
[mono_ns=7319625996341552][T0xf36e4a0b7020][TIMING] emit_host_span: [STRACE] v=1 pid=2155045 tid=2155045 inv=44 hid=e3bcbf8fce8ee77f depth=3 name=chip.run.runner_run.device_wall.graph_build ts=1240 dur=64860 clk=dev
[mono_ns=7319625996344972][T0xf36e4a0b7020][TIMING] emit_host_span: [STRACE] v=1 pid=2155045 tid=2155045 inv=44 hid=e3bcbf8fce8ee77f depth=3 name=chip.run.runner_run.device_wall.config_validate ts=1340 dur=540 clk=dev
[mono_ns=7319625996348092][T0xf36e4a0b7020][TIMING] emit_host_span: [STRACE] v=1 pid=2155045 tid=2155045 inv=44 hid=e3bcbf8fce8ee77f depth=3 name=chip.run.runner_run.device_wall.arena_wire ts=1920 dur=240 clk=dev
[mono_ns=7319625996359682][T0xf36e4a0b7020][TIMING] emit_host_span: [STRACE] v=1 pid=2155045 tid=2155045 inv=44 hid=e3bcbf8fce8ee77f depth=3 name=chip.run.runner_run.device_wall.sm_reset ts=2179 dur=459 clk=dev
[mono_ns=7319625996362932][T0xf36e4a0b7020][TIMING] emit_host_span: [STRACE] v=1 pid=2155045 tid=2155045 inv=44 hid=e3bcbf8fce8ee77f depth=3 name=chip.run.runner_run.device_wall.post_orch ts=66140 dur=11180 clk=dev
[mono_ns=7319625996366412][T0xf36e4a0b7020][TIMING] emit_host_span: [STRACE] v=1 pid=2155045 tid=2155045 inv=44 hid=e3bcbf8fce8ee77f depth=3 name=chip.run.runner_run.device_wall.orch ts=3239 dur=3020 clk=dev
[mono_ns=7319625996369542][T0xf36e4a0b7020][TIMING] emit_host_span: [STRACE] v=1 pid=2155045 tid=2155045 inv=44 hid=e3bcbf8fce8ee77f depth=3 name=chip.run.runner_run.device_wall.sched ts=6180 dur=53019 clk=dev
[mono_ns=7319625996374652][T0xf36e4a0b7020][TIMING] emit_host_span: [STRACE] v=1 pid=2155045 tid=2155045 inv=44 hid=e3bcbf8fce8ee77f depth=1 name=chip.run.claim_release ts=7319625996372442 dur=370 
[mono_ns=7319625996379892][T0xf36e4a0b7020][TIMING] emit_host_span: [STRACE] v=1 pid=2155045 tid=2155045 inv=44 hid=e3bcbf8fce8ee77f depth=0 name=chip.run ts=7319625890594962 dur=105782950 run_id=11 dispatch_id=44 slot_id=0 generation=11 run_epoch=44
[mono_ns=7319625999530365][T0xf36e4a0b7020][TIMING] emit_host_span: [STRACE] v=1 pid=2155045 tid=2155045 inv=45 hid=7330127d2e7be9ea depth=2 name=chip.run.bind.args ts=7319625998955483 dur=569812 
[mono_ns=7319625999548275][T0xf36e4a0b7020][TIMING] emit_host_span: [STRACE] v=1 pid=2155045 tid=2155045 inv=45 hid=7330127d2e7be9ea depth=2 name=chip.run.bind.prebuilt ts=7319625999541455 dur=4500 
[mono_ns=7319625999556545][T0xf36e4a0b7020][TIMING] emit_host_span: [STRACE] v=1 pid=2155045 tid=2155045 inv=45 hid=7330127d2e7be9ea depth=1 name=chip.run.bind ts=7319625998943193 dur=611272 
[mono_ns=7319626001053472][T0xf36ceceddca0][WARN] copy_aicore_buffer: [chip_swimlane_collector.cpp:689] Core 1: skipped 1024 AICore record slot(s) with start_time=0 (race-window write or recycled-buffer tail). buf seq=0 count=1024
[mono_ns=7319626001056502][T0xf36cec6cdca0][WARN] copy_aicore_buffer: [chip_swimlane_collector.cpp:689] Core 2: skipped 1024 AICore record slot(s) with start_time=0 (race-window write or recycled-buffer tail). buf seq=0 count=1024
[mono_ns=7319626001061072][T0xf36ced6edca0][WARN] copy_aicore_buffer: [chip_swimlane_collector.cpp:689] Core 0: skipped 1024 AICore record slot(s) with start_time=0 (race-window write or recycled-buffer tail). buf seq=0 count=1024
[mono_ns=7319626001346633][T0xf36ced6edca0][WARN] copy_aicore_buffer: [chip_swimlane_collector.cpp:689] Core 24: skipped 1024 AICore record slot(s) with start_time=0 (race-window write or recycled-buffer tail). buf seq=0 count=1024
[mono_ns=7319626001348673][T0xf36ceceddca0][WARN] copy_aicore_buffer: [chip_swimlane_collector.cpp:689] Core 26: skipped 1023 AICore record slot(s) with start_time=0 (race-window write or recycled-buffer tail). buf seq=0 count=1024
[mono_ns=7319626001349553][T0xf36cec6cdca0][WARN] copy_aicore_buffer: [chip_swimlane_collector.cpp:689] Core 28: skipped 1024 AICore record slot(s) with start_time=0 (race-window write or recycled-buffer tail). buf seq=0 count=1024
[mono_ns=7319626001627904][T0xf36ceceddca0][WARN] copy_aicore_buffer: [chip_swimlane_collector.cpp:689] Core 27: skipped 1024 AICore record slot(s) with start_time=0 (race-window write or recycled-buffer tail). buf seq=0 count=1024
[mono_ns=7319626001627724][T0xf36ced6edca0][WARN] copy_aicore_buffer: [chip_swimlane_collector.cpp:689] Core 25: skipped 1024 AICore record slot(s) with start_time=0 (race-window write or recycled-buffer tail). buf seq=0 count=1024
[mono_ns=7319626001629324][T0xf36cec6cdca0][WARN] copy_aicore_buffer: [chip_swimlane_collector.cpp:689] Core 29: skipped 1024 AICore record slot(s) with start_time=0 (race-window write or recycled-buffer tail). buf seq=0 count=1024
[mono_ns=7319626001906355][T0xf36ceceddca0][WARN] copy_aicore_buffer: [chip_swimlane_collector.cpp:689] Core 4: skipped 1024 AICore record slot(s) with start_time=0 (race-window write or recycled-buffer tail). buf seq=0 count=1024
[mono_ns=7319626001906925][T0xf36ced6edca0][WARN] copy_aicore_buffer: [chip_swimlane_collector.cpp:689] Core 3: skipped 1024 AICore record slot(s) with start_time=0 (race-window write or recycled-buffer tail). buf seq=0 count=1024
[mono_ns=7319626001908565][T0xf36cec6cdca0][WARN] copy_aicore_buffer: [chip_swimlane_collector.cpp:689] Core 5: skipped 1024 AICore record slot(s) with start_time=0 (race-window write or recycled-buffer tail). buf seq=0 count=1024
[mono_ns=7319626002189486][T0xf36ced6edca0][WARN] copy_aicore_buffer: [chip_swimlane_collector.cpp:689] Core 30: skipped 1024 AICore record slot(s) with start_time=0 (race-window write or recycled-buffer tail). buf seq=0 count=1024
[mono_ns=7319626002191707][T0xf36ceceddca0][WARN] copy_aicore_buffer: [chip_swimlane_collector.cpp:689] Core 32: skipped 1024 AICore record slot(s) with start_time=0 (race-window write or recycled-buffer tail). buf seq=0 count=1024
[mono_ns=7319626002193417][T0xf36cec6cdca0][WARN] copy_aicore_buffer: [chip_swimlane_collector.cpp:689] Core 34: skipped 1024 AICore record slot(s) with start_time=0 (race-window write or recycled-buffer tail). buf seq=0 count=1024
[mono_ns=7319626002467528][T0xf36ced6edca0][WARN] copy_aicore_buffer: [chip_swimlane_collector.cpp:689] Core 31: skipped 1024 AICore record slot(s) with start_time=0 (race-window write or recycled-buffer tail). buf seq=0 count=1024
[mono_ns=7319626002470108][T0xf36ceceddca0][WARN] copy_aicore_buffer: [chip_swimlane_collector.cpp:689] Core 33: skipped 1024 AICore record slot(s) with start_time=0 (race-window write or recycled-buffer tail). buf seq=0 count=1024
[mono_ns=7319626002478398][T0xf36cec6cdca0][WARN] copy_aicore_buffer: [chip_swimlane_collector.cpp:689] Core 35: skipped 1023 AICore record slot(s) with start_time=0 (race-window write or recycled-buffer tail). buf seq=0 count=1024
[mono_ns=7319626002746909][T0xf36ced6edca0][WARN] copy_aicore_buffer: [chip_swimlane_collector.cpp:689] Core 6: skipped 1024 AICore record slot(s) with start_time=0 (race-window write or recycled-buffer tail). buf seq=0 count=1024
[mono_ns=7319626002749439][T0xf36ceceddca0][WARN] copy_aicore_buffer: [chip_swimlane_collector.cpp:689] Core 7: skipped 1024 AICore record slot(s) with start_time=0 (race-window write or recycled-buffer tail). buf seq=0 count=1024
[mono_ns=7319626002757679][T0xf36cec6cdca0][WARN] copy_aicore_buffer: [chip_swimlane_collector.cpp:689] Core 8: skipped 1024 AICore record slot(s) with start_time=0 (race-window write or recycled-buffer tail). buf seq=0 count=1024
[mono_ns=7319626003031660][T0xf36ced6edca0][WARN] copy_aicore_buffer: [chip_swimlane_collector.cpp:689] Core 36: skipped 1024 AICore record slot(s) with start_time=0 (race-window write or recycled-buffer tail). buf seq=0 count=1024
[mono_ns=7319626003033020][T0xf36ceceddca0][WARN] copy_aicore_buffer: [chip_swimlane_collector.cpp:689] Core 38: skipped 1023 AICore record slot(s) with start_time=0 (race-window write or recycled-buffer tail). buf seq=0 count=1024
[mono_ns=7319626003046540][T0xf36cec6cdca0][WARN] copy_aicore_buffer: [chip_swimlane_collector.cpp:689] Core 40: skipped 1024 AICore record slot(s) with start_time=0 (race-window write or recycled-buffer tail). buf seq=0 count=1024
[mono_ns=7319626003317291][T0xf36ced6edca0][WARN] copy_aicore_buffer: [chip_swimlane_collector.cpp:689] Core 37: skipped 1024 AICore record slot(s) with start_time=0 (race-window write or recycled-buffer tail). buf seq=0 count=1024
[mono_ns=7319626003319761][T0xf36ceceddca0][WARN] copy_aicore_buffer: [chip_swimlane_collector.cpp:689] Core 39: skipped 1024 AICore record slot(s) with start_time=0 (race-window write or recycled-buffer tail). buf seq=0 count=1024
[mono_ns=7319626003325411][T0xf36cec6cdca0][WARN] copy_aicore_buffer: [chip_swimlane_collector.cpp:689] Core 41: skipped 1024 AICore record slot(s) with start_time=0 (race-window write or recycled-buffer tail). buf seq=0 count=1024
[mono_ns=7319626003596942][T0xf36ced6edca0][WARN] copy_aicore_buffer: [chip_swimlane_collector.cpp:689] Core 9: skipped 1024 AICore record slot(s) with start_time=0 (race-window write or recycled-buffer tail). buf seq=0 count=1024
[mono_ns=7319626003598682][T0xf36ceceddca0][WARN] copy_aicore_buffer: [chip_swimlane_collector.cpp:689] Core 10: skipped 1024 AICore record slot(s) with start_time=0 (race-window write or recycled-buffer tail). buf seq=0 count=1024
[mono_ns=7319626003603963][T0xf36cec6cdca0][WARN] copy_aicore_buffer: [chip_swimlane_collector.cpp:689] Core 11: skipped 1024 AICore record slot(s) with start_time=0 (race-window write or recycled-buffer tail). buf seq=0 count=1024
[mono_ns=7319626003876264][T0xf36ced6edca0][WARN] copy_aicore_buffer: [chip_swimlane_collector.cpp:689] Core 42: skipped 1024 AICore record slot(s) with start_time=0 (race-window write or recycled-buffer tail). buf seq=0 count=1024
[mono_ns=7319626003877624][T0xf36ceceddca0][WARN] copy_aicore_buffer: [chip_swimlane_collector.cpp:689] Core 44: skipped 1024 AICore record slot(s) with start_time=0 (race-window write or recycled-buffer tail). buf seq=0 count=1024
[mono_ns=7319626003885594][T0xf36cec6cdca0][WARN] copy_aicore_buffer: [chip_swimlane_collector.cpp:689] Core 46: skipped 1024 AICore record slot(s) with start_time=0 (race-window write or recycled-buffer tail). buf seq=0 count=1024
[mono_ns=7319626004166955][T0xf36ced6edca0][WARN] copy_aicore_buffer: [chip_swimlane_collector.cpp:689] Core 43: skipped 1024 AICore record slot(s) with start_time=0 (race-window write or recycled-buffer tail). buf seq=0 count=1024
[mono_ns=7319626004173665][T0xf36ceceddca0][WARN] copy_aicore_buffer: [chip_swimlane_collector.cpp:689] Core 45: skipped 1024 AICore record slot(s) with start_time=0 (race-window write or recycled-buffer tail). buf seq=0 count=1024
[mono_ns=7319626004175575][T0xf36cec6cdca0][WARN] copy_aicore_buffer: [chip_swimlane_collector.cpp:689] Core 47: skipped 1024 AICore record slot(s) with start_time=0 (race-window write or recycled-buffer tail). buf seq=0 count=1024
[mono_ns=7319626004445636][T0xf36ced6edca0][WARN] copy_aicore_buffer: [chip_swimlane_collector.cpp:689] Core 12: skipped 1024 AICore record slot(s) with start_time=0 (race-window write or recycled-buffer tail). buf seq=0 count=1024
[mono_ns=7319626004450706][T0xf36ceceddca0][WARN] copy_aicore_buffer: [chip_swimlane_collector.cpp:689] Core 13: skipped 1024 AICore record slot(s) with start_time=0 (race-window write or recycled-buffer tail). buf seq=0 count=1024
[mono_ns=7319626004455266][T0xf36cec6cdca0][WARN] copy_aicore_buffer: [chip_swimlane_collector.cpp:689] Core 14: skipped 1024 AICore record slot(s) with start_time=0 (race-window write or recycled-buffer tail). buf seq=0 count=1024
[mono_ns=7319626004725847][T0xf36ced6edca0][WARN] copy_aicore_buffer: [chip_swimlane_collector.cpp:689] Core 48: skipped 1024 AICore record slot(s) with start_time=0 (race-window write or recycled-buffer tail). buf seq=0 count=1024
[mono_ns=7319626004731277][T0xf36ceceddca0][WARN] copy_aicore_buffer: [chip_swimlane_collector.cpp:689] Core 50: skipped 1024 AICore record slot(s) with start_time=0 (race-window write or recycled-buffer tail). buf seq=0 count=1024
[mono_ns=7319626004734037][T0xf36cec6cdca0][WARN] copy_aicore_buffer: [chip_swimlane_collector.cpp:689] Core 52: skipped 1024 AICore record slot(s) with start_time=0 (race-window write or recycled-buffer tail). buf seq=0 count=1024
[mono_ns=7319626005017409][T0xf36ceceddca0][WARN] copy_aicore_buffer: [chip_swimlane_collector.cpp:689] Core 51: skipped 1024 AICore record slot(s) with start_time=0 (race-window write or recycled-buffer tail). buf seq=0 count=1024
[mono_ns=7319626005017719][T0xf36ced6edca0][WARN] copy_aicore_buffer: [chip_swimlane_collector.cpp:689] Core 49: skipped 1024 AICore record slot(s) with start_time=0 (race-window write or recycled-buffer tail). buf seq=0 count=1024
[mono_ns=7319626005022079][T0xf36cec6cdca0][WARN] copy_aicore_buffer: [chip_swimlane_collector.cpp:689] Core 53: skipped 1024 AICore record slot(s) with start_time=0 (race-window write or recycled-buffer tail). buf seq=0 count=1024
[mono_ns=7319626005295490][T0xf36ceceddca0][WARN] copy_aicore_buffer: [chip_swimlane_collector.cpp:689] Core 16: skipped 1024 AICore record slot(s) with start_time=0 (race-window write or recycled-buffer tail). buf seq=0 count=1024
[mono_ns=7319626005296640][T0xf36ced6edca0][WARN] copy_aicore_buffer: [chip_swimlane_collector.cpp:689] Core 15: skipped 1024 AICore record slot(s) with start_time=0 (race-window write or recycled-buffer tail). buf seq=0 count=1024
[mono_ns=7319626005302320][T0xf36cec6cdca0][WARN] copy_aicore_buffer: [chip_swimlane_collector.cpp:689] Core 17: skipped 1024 AICore record slot(s) with start_time=0 (race-window write or recycled-buffer tail). buf seq=0 count=1024
[mono_ns=7319626005574391][T0xf36ced6edca0][WARN] copy_aicore_buffer: [chip_swimlane_collector.cpp:689] Core 54: skipped 1024 AICore record slot(s) with start_time=0 (race-window write or recycled-buffer tail). buf seq=0 count=1024
[mono_ns=7319626005574371][T0xf36ceceddca0][WARN] copy_aicore_buffer: [chip_swimlane_collector.cpp:689] Core 56: skipped 1024 AICore record slot(s) with start_time=0 (race-window write or recycled-buffer tail). buf seq=0 count=1024
[mono_ns=7319626005582481][T0xf36cec6cdca0][WARN] copy_aicore_buffer: [chip_swimlane_collector.cpp:689] Core 58: skipped 1024 AICore record slot(s) with start_time=0 (race-window write or recycled-buffer tail). buf seq=0 count=1024
[mono_ns=7319626005853582][T0xf36ced6edca0][WARN] copy_aicore_buffer: [chip_swimlane_collector.cpp:689] Core 55: skipped 1024 AICore record slot(s) with start_time=0 (race-window write or recycled-buffer tail). buf seq=0 count=1024
[mono_ns=7319626005854522][T0xf36ceceddca0][WARN] copy_aicore_buffer: [chip_swimlane_collector.cpp:689] Core 57: skipped 1024 AICore record slot(s) with start_time=0 (race-window write or recycled-buffer tail). buf seq=0 count=1024
[mono_ns=7319626005861732][T0xf36cec6cdca0][WARN] copy_aicore_buffer: [chip_swimlane_collector.cpp:689] Core 59: skipped 1024 AICore record slot(s) with start_time=0 (race-window write or recycled-buffer tail). buf seq=0 count=1024
[mono_ns=7319626006137713][T0xf36ced6edca0][WARN] copy_aicore_buffer: [chip_swimlane_collector.cpp:689] Core 18: skipped 1024 AICore record slot(s) with start_time=0 (race-window write or recycled-buffer tail). buf seq=0 count=1024
[mono_ns=7319626006138723][T0xf36ceceddca0][WARN] copy_aicore_buffer: [chip_swimlane_collector.cpp:689] Core 19: skipped 1024 AICore record slot(s) with start_time=0 (race-window write or recycled-buffer tail). buf seq=0 count=1024
[mono_ns=7319626006146113][T0xf36cec6cdca0][WARN] copy_aicore_buffer: [chip_swimlane_collector.cpp:689] Core 20: skipped 1024 AICore record slot(s) with start_time=0 (race-window write or recycled-buffer tail). buf seq=0 count=1024
[mono_ns=7319626006415794][T0xf36ceceddca0][WARN] copy_aicore_buffer: [chip_swimlane_collector.cpp:689] Core 62: skipped 1024 AICore record slot(s) with start_time=0 (race-window write or recycled-buffer tail). buf seq=0 count=1024
[mono_ns=7319626006418394][T0xf36ced6edca0][WARN] copy_aicore_buffer: [chip_swimlane_collector.cpp:689] Core 60: skipped 1024 AICore record slot(s) with start_time=0 (race-window write or recycled-buffer tail). buf seq=0 count=1024
[mono_ns=7319626006425394][T0xf36cec6cdca0][WARN] copy_aicore_buffer: [chip_swimlane_collector.cpp:689] Core 64: skipped 1024 AICore record slot(s) with start_time=0 (race-window write or recycled-buffer tail). buf seq=0 count=1024
[mono_ns=7319626006694896][T0xf36ceceddca0][WARN] copy_aicore_buffer: [chip_swimlane_collector.cpp:689] Core 63: skipped 1024 AICore record slot(s) with start_time=0 (race-window write or recycled-buffer tail). buf seq=0 count=1024
[mono_ns=7319626006696566][T0xf36ced6edca0][WARN] copy_aicore_buffer: [chip_swimlane_collector.cpp:689] Core 61: skipped 1024 AICore record slot(s) with start_time=0 (race-window write or recycled-buffer tail). buf seq=0 count=1024
[mono_ns=7319626006704036][T0xf36cec6cdca0][WARN] copy_aicore_buffer: [chip_swimlane_collector.cpp:689] Core 65: skipped 1024 AICore record slot(s) with start_time=0 (race-window write or recycled-buffer tail). buf seq=0 count=1024
[mono_ns=7319626006974077][T0xf36ceceddca0][WARN] copy_aicore_buffer: [chip_swimlane_collector.cpp:689] Core 22: skipped 1024 AICore record slot(s) with start_time=0 (race-window write or recycled-buffer tail). buf seq=0 count=1024
[mono_ns=7319626006975027][T0xf36ced6edca0][WARN] copy_aicore_buffer: [chip_swimlane_collector.cpp:689] Core 21: skipped 1024 AICore record slot(s) with start_time=0 (race-window write or recycled-buffer tail). buf seq=0 count=1024
[mono_ns=7319626006982337][T0xf36cec6cdca0][WARN] copy_aicore_buffer: [chip_swimlane_collector.cpp:689] Core 23: skipped 1024 AICore record slot(s) with start_time=0 (race-window write or recycled-buffer tail). buf seq=0 count=1024
[mono_ns=7319626007265728][T0xf36ced6edca0][WARN] copy_aicore_buffer: [chip_swimlane_collector.cpp:689] Core 66: skipped 1024 AICore record slot(s) with start_time=0 (race-window write or recycled-buffer tail). buf seq=0 count=1024
[mono_ns=7319626007265788][T0xf36ceceddca0][WARN] copy_aicore_buffer: [chip_swimlane_collector.cpp:689] Core 68: skipped 1024 AICore record slot(s) with start_time=0 (race-window write or recycled-buffer tail). buf seq=0 count=1024
[mono_ns=7319626007273838][T0xf36cec6cdca0][WARN] copy_aicore_buffer: [chip_swimlane_collector.cpp:689] Core 70: skipped 1024 AICore record slot(s) with start_time=0 (race-window write or recycled-buffer tail). buf seq=0 count=1024
[mono_ns=7319626007544329][T0xf36ceceddca0][WARN] copy_aicore_buffer: [chip_swimlane_collector.cpp:689] Core 69: skipped 1024 AICore record slot(s) with start_time=0 (race-window write or recycled-buffer tail). buf seq=0 count=1024
[mono_ns=7319626007545919][T0xf36ced6edca0][WARN] copy_aicore_buffer: [chip_swimlane_collector.cpp:689] Core 67: skipped 1024 AICore record slot(s) with start_time=0 (race-window write or recycled-buffer tail). buf seq=0 count=1024
[mono_ns=7319626007553699][T0xf36cec6cdca0][WARN] copy_aicore_buffer: [chip_swimlane_collector.cpp:689] Core 71: skipped 1024 AICore record slot(s) with start_time=0 (race-window write or recycled-buffer tail). buf seq=0 count=1024
[mono_ns=7319626108083697][T0xf36e4a0b7020][TIMING] emit_host_span: [STRACE] v=1 pid=2155045 tid=2155045 inv=45 hid=7330127d2e7be9ea depth=1 name=chip.run.runner_run ts=7319625999831696 dur=108242321 
[mono_ns=7319626108126807][T0xf36e4a0b7020][TIMING] emit_host_span: [STRACE] v=1 pid=2155045 tid=2155045 inv=45 hid=7330127d2e7be9ea depth=1 name=chip.run.validate ts=7319626108097347 dur=26210 
[mono_ns=7319626108131757][T0xf36e4a0b7020][TIMING] emit_host_span: [STRACE] v=1 pid=2155045 tid=2155045 inv=45 hid=7330127d2e7be9ea depth=2 name=chip.run.runner_run.device_wall ts=0 dur=742740 clk=dev
[mono_ns=7319626108135387][T0xf36e4a0b7020][TIMING] emit_host_span: [STRACE] v=1 pid=2155045 tid=2155045 inv=45 hid=7330127d2e7be9ea depth=3 name=chip.run.runner_run.device_wall.preamble ts=0 dur=636280 clk=dev
[mono_ns=7319626108138787][T0xf36e4a0b7020][TIMING] emit_host_span: [STRACE] v=1 pid=2155045 tid=2155045 inv=45 hid=7330127d2e7be9ea depth=3 name=chip.run.runner_run.device_wall.graph_build ts=632120 dur=100100 clk=dev
[mono_ns=7319626108149877][T0xf36e4a0b7020][TIMING] emit_host_span: [STRACE] v=1 pid=2155045 tid=2155045 inv=45 hid=7330127d2e7be9ea depth=3 name=chip.run.runner_run.device_wall.config_validate ts=632219 dur=480 clk=dev
[mono_ns=7319626108153847][T0xf36e4a0b7020][TIMING] emit_host_span: [STRACE] v=1 pid=2155045 tid=2155045 inv=45 hid=7330127d2e7be9ea depth=3 name=chip.run.runner_run.device_wall.arena_wire ts=632740 dur=240 clk=dev
[mono_ns=7319626108157217][T0xf36e4a0b7020][TIMING] emit_host_span: [STRACE] v=1 pid=2155045 tid=2155045 inv=45 hid=7330127d2e7be9ea depth=3 name=chip.run.runner_run.device_wall.sm_reset ts=633020 dur=440 clk=dev
[mono_ns=7319626108160557][T0xf36e4a0b7020][TIMING] emit_host_span: [STRACE] v=1 pid=2155045 tid=2155045 inv=45 hid=7330127d2e7be9ea depth=3 name=chip.run.runner_run.device_wall.post_orch ts=732280 dur=10360 clk=dev
[mono_ns=7319626108163817][T0xf36e4a0b7020][TIMING] emit_host_span: [STRACE] v=1 pid=2155045 tid=2155045 inv=45 hid=7330127d2e7be9ea depth=3 name=chip.run.runner_run.device_wall.orch ts=633500 dur=1540 clk=dev
[mono_ns=7319626108167077][T0xf36e4a0b7020][TIMING] emit_host_span: [STRACE] v=1 pid=2155045 tid=2155045 inv=45 hid=7330127d2e7be9ea depth=3 name=chip.run.runner_run.device_wall.sched ts=636400 dur=79759 clk=dev
[mono_ns=7319626108172057][T0xf36e4a0b7020][TIMING] emit_host_span: [STRACE] v=1 pid=2155045 tid=2155045 inv=45 hid=7330127d2e7be9ea depth=1 name=chip.run.claim_release ts=7319626108169837 dur=450 
[mono_ns=7319626108178267][T0xf36e4a0b7020][TIMING] emit_host_span: [STRACE] v=1 pid=2155045 tid=2155045 inv=45 hid=7330127d2e7be9ea depth=0 name=chip.run ts=7319625998900193 dur=109275904 run_id=12 dispatch_id=45 slot_id=0 generation=12 run_epoch=45
[mono_ns=7319626109019801][T0xf36e4a0b7020][TIMING] emit_host_span: [STRACE] v=1 pid=2155045 tid=2155045 inv=46 hid=9a0ce7c17a38dab depth=2 name=chip.run.bind.args ts=7319626108939510 dur=74811 
[mono_ns=7319626109035021][T0xf36e4a0b7020][TIMING] emit_host_span: [STRACE] v=1 pid=2155045 tid=2155045 inv=46 hid=9a0ce7c17a38dab depth=2 name=chip.run.bind.prebuilt ts=7319626109029301 dur=3270 
[mono_ns=7319626109039581][T0xf36e4a0b7020][TIMING] emit_host_span: [STRACE] v=1 pid=2155045 tid=2155045 inv=46 hid=9a0ce7c17a38dab depth=1 name=chip.run.bind ts=7319626108931780 dur=105611 
[mono_ns=7319626110379176][T0xf36ced6edca0][WARN] copy_aicore_buffer: [chip_swimlane_collector.cpp:689] Core 0: skipped 1024 AICore record slot(s) with start_time=0 (race-window write or recycled-buffer tail). buf seq=0 count=1024
[mono_ns=7319626110378546][T0xf36ceceddca0][WARN] copy_aicore_buffer: [chip_swimlane_collector.cpp:689] Core 1: skipped 1024 AICore record slot(s) with start_time=0 (race-window write or recycled-buffer tail). buf seq=0 count=1024
[mono_ns=7319626110383916][T0xf36cec6cdca0][WARN] copy_aicore_buffer: [chip_swimlane_collector.cpp:689] Core 2: skipped 1024 AICore record slot(s) with start_time=0 (race-window write or recycled-buffer tail). buf seq=0 count=1024
[mono_ns=7319626110661548][T0xf36ced6edca0][WARN] copy_aicore_buffer: [chip_swimlane_collector.cpp:689] Core 24: skipped 1024 AICore record slot(s) with start_time=0 (race-window write or recycled-buffer tail). buf seq=0 count=1024
[mono_ns=7319626110661178][T0xf36ceceddca0][WARN] copy_aicore_buffer: [chip_swimlane_collector.cpp:689] Core 26: skipped 1024 AICore record slot(s) with start_time=0 (race-window write or recycled-buffer tail). buf seq=0 count=1024
[mono_ns=7319626110668978][T0xf36cec6cdca0][WARN] copy_aicore_buffer: [chip_swimlane_collector.cpp:689] Core 28: skipped 1023 AICore record slot(s) with start_time=0 (race-window write or recycled-buffer tail). buf seq=0 count=1024
[mono_ns=7319626110943729][T0xf36ced6edca0][WARN] copy_aicore_buffer: [chip_swimlane_collector.cpp:689] Core 25: skipped 1024 AICore record slot(s) with start_time=0 (race-window write or recycled-buffer tail). buf seq=0 count=1024
[mono_ns=7319626110944649][T0xf36ceceddca0][WARN] copy_aicore_buffer: [chip_swimlane_collector.cpp:689] Core 27: skipped 1024 AICore record slot(s) with start_time=0 (race-window write or recycled-buffer tail). buf seq=0 count=1024
[mono_ns=7319626110948929][T0xf36cec6cdca0][WARN] copy_aicore_buffer: [chip_swimlane_collector.cpp:689] Core 29: skipped 1024 AICore record slot(s) with start_time=0 (race-window write or recycled-buffer tail). buf seq=0 count=1024
[mono_ns=7319626111231530][T0xf36ced6edca0][WARN] copy_aicore_buffer: [chip_swimlane_collector.cpp:689] Core 3: skipped 1024 AICore record slot(s) with start_time=0 (race-window write or recycled-buffer tail). buf seq=0 count=1024
[mono_ns=7319626111231860][T0xf36ceceddca0][WARN] copy_aicore_buffer: [chip_swimlane_collector.cpp:689] Core 4: skipped 1024 AICore record slot(s) with start_time=0 (race-window write or recycled-buffer tail). buf seq=0 count=1024
[mono_ns=7319626111242560][T0xf36cec6cdca0][WARN] copy_aicore_buffer: [chip_swimlane_collector.cpp:689] Core 5: skipped 1024 AICore record slot(s) with start_time=0 (race-window write or recycled-buffer tail). buf seq=0 count=1024
[mono_ns=7319626111511181][T0xf36ceceddca0][WARN] copy_aicore_buffer: [chip_swimlane_collector.cpp:689] Core 32: skipped 1023 AICore record slot(s) with start_time=0 (race-window write or recycled-buffer tail). buf seq=0 count=1024
[mono_ns=7319626111512681][T0xf36ced6edca0][WARN] copy_aicore_buffer: [chip_swimlane_collector.cpp:689] Core 30: skipped 1023 AICore record slot(s) with start_time=0 (race-window write or recycled-buffer tail). buf seq=0 count=1024
[mono_ns=7319626111525301][T0xf36cec6cdca0][WARN] copy_aicore_buffer: [chip_swimlane_collector.cpp:689] Core 34: skipped 1024 AICore record slot(s) with start_time=0 (race-window write or recycled-buffer tail). buf seq=0 count=1024
[mono_ns=7319626111789712][T0xf36ced6edca0][WARN] copy_aicore_buffer: [chip_swimlane_collector.cpp:689] Core 31: skipped 1024 AICore record slot(s) with start_time=0 (race-window write or recycled-buffer tail). buf seq=0 count=1024
[mono_ns=7319626111790892][T0xf36ceceddca0][WARN] copy_aicore_buffer: [chip_swimlane_collector.cpp:689] Core 33: skipped 1024 AICore record slot(s) with start_time=0 (race-window write or recycled-buffer tail). buf seq=0 count=1024
[mono_ns=7319626111804442][T0xf36cec6cdca0][WARN] copy_aicore_buffer: [chip_swimlane_collector.cpp:689] Core 35: skipped 1024 AICore record slot(s) with start_time=0 (race-window write or recycled-buffer tail). buf seq=0 count=1024
[mono_ns=7319626112079344][T0xf36ced6edca0][WARN] copy_aicore_buffer: [chip_swimlane_collector.cpp:689] Core 6: skipped 1024 AICore record slot(s) with start_time=0 (race-window write or recycled-buffer tail). buf seq=0 count=1024
[mono_ns=7319626112080434][T0xf36ceceddca0][WARN] copy_aicore_buffer: [chip_swimlane_collector.cpp:689] Core 7: skipped 1024 AICore record slot(s) with start_time=0 (race-window write or recycled-buffer tail). buf seq=0 count=1024
[mono_ns=7319626112093144][T0xf36cec6cdca0][WARN] copy_aicore_buffer: [chip_swimlane_collector.cpp:689] Core 8: skipped 1024 AICore record slot(s) with start_time=0 (race-window write or recycled-buffer tail). buf seq=0 count=1024
[mono_ns=7319626112358735][T0xf36ced6edca0][WARN] copy_aicore_buffer: [chip_swimlane_collector.cpp:689] Core 36: skipped 1024 AICore record slot(s) with start_time=0 (race-window write or recycled-buffer tail). buf seq=0 count=1024
[mono_ns=7319626112360805][T0xf36ceceddca0][WARN] copy_aicore_buffer: [chip_swimlane_collector.cpp:689] Core 38: skipped 1024 AICore record slot(s) with start_time=0 (race-window write or recycled-buffer tail). buf seq=0 count=1024
[mono_ns=7319626112373415][T0xf36cec6cdca0][WARN] copy_aicore_buffer: [chip_swimlane_collector.cpp:689] Core 40: skipped 1024 AICore record slot(s) with start_time=0 (race-window write or recycled-buffer tail). buf seq=0 count=1024
[mono_ns=7319626112637386][T0xf36ced6edca0][WARN] copy_aicore_buffer: [chip_swimlane_collector.cpp:689] Core 37: skipped 1024 AICore record slot(s) with start_time=0 (race-window write or recycled-buffer tail). buf seq=0 count=1024
[mono_ns=7319626112638546][T0xf36ceceddca0][WARN] copy_aicore_buffer: [chip_swimlane_collector.cpp:689] Core 39: skipped 1024 AICore record slot(s) with start_time=0 (race-window write or recycled-buffer tail). buf seq=0 count=1024
[mono_ns=7319626112651586][T0xf36cec6cdca0][WARN] copy_aicore_buffer: [chip_swimlane_collector.cpp:689] Core 41: skipped 1024 AICore record slot(s) with start_time=0 (race-window write or recycled-buffer tail). buf seq=0 count=1024
[mono_ns=7319626112915177][T0xf36ced6edca0][WARN] copy_aicore_buffer: [chip_swimlane_collector.cpp:689] Core 9: skipped 1024 AICore record slot(s) with start_time=0 (race-window write or recycled-buffer tail). buf seq=0 count=1024
[mono_ns=7319626112916207][T0xf36ceceddca0][WARN] copy_aicore_buffer: [chip_swimlane_collector.cpp:689] Core 10: skipped 1024 AICore record slot(s) with start_time=0 (race-window write or recycled-buffer tail). buf seq=0 count=1024
[mono_ns=7319626112935437][T0xf36cec6cdca0][WARN] copy_aicore_buffer: [chip_swimlane_collector.cpp:689] Core 11: skipped 1023 AICore record slot(s) with start_time=0 (race-window write or recycled-buffer tail). buf seq=0 count=1024
[mono_ns=7319626113197948][T0xf36ced6edca0][WARN] copy_aicore_buffer: [chip_swimlane_collector.cpp:689] Core 42: skipped 1024 AICore record slot(s) with start_time=0 (race-window write or recycled-buffer tail). buf seq=0 count=1024
[mono_ns=7319626113203118][T0xf36ceceddca0][WARN] copy_aicore_buffer: [chip_swimlane_collector.cpp:689] Core 44: skipped 1024 AICore record slot(s) with start_time=0 (race-window write or recycled-buffer tail). buf seq=0 count=1024
[mono_ns=7319626113229049][T0xf36cec6cdca0][WARN] copy_aicore_buffer: [chip_swimlane_collector.cpp:689] Core 46: skipped 1024 AICore record slot(s) with start_time=0 (race-window write or recycled-buffer tail). buf seq=0 count=1024
[mono_ns=7319626113477430][T0xf36ced6edca0][WARN] copy_aicore_buffer: [chip_swimlane_collector.cpp:689] Core 43: skipped 1024 AICore record slot(s) with start_time=0 (race-window write or recycled-buffer tail). buf seq=0 count=1024
[mono_ns=7319626113480370][T0xf36ceceddca0][WARN] copy_aicore_buffer: [chip_swimlane_collector.cpp:689] Core 45: skipped 1024 AICore record slot(s) with start_time=0 (race-window write or recycled-buffer tail). buf seq=0 count=1024
[mono_ns=7319626113509340][T0xf36cec6cdca0][WARN] copy_aicore_buffer: [chip_swimlane_collector.cpp:689] Core 47: skipped 1024 AICore record slot(s) with start_time=0 (race-window write or recycled-buffer tail). buf seq=0 count=1024
[mono_ns=7319626113756601][T0xf36ced6edca0][WARN] copy_aicore_buffer: [chip_swimlane_collector.cpp:689] Core 12: skipped 1024 AICore record slot(s) with start_time=0 (race-window write or recycled-buffer tail). buf seq=0 count=1024
[mono_ns=7319626113759271][T0xf36ceceddca0][WARN] copy_aicore_buffer: [chip_swimlane_collector.cpp:689] Core 13: skipped 1024 AICore record slot(s) with start_time=0 (race-window write or recycled-buffer tail). buf seq=0 count=1024
[mono_ns=7319626113790111][T0xf36cec6cdca0][WARN] copy_aicore_buffer: [chip_swimlane_collector.cpp:689] Core 14: skipped 1024 AICore record slot(s) with start_time=0 (race-window write or recycled-buffer tail). buf seq=0 count=1024
[mono_ns=7319626114045472][T0xf36ced6edca0][WARN] copy_aicore_buffer: [chip_swimlane_collector.cpp:689] Core 48: skipped 1024 AICore record slot(s) with start_time=0 (race-window write or recycled-buffer tail). buf seq=0 count=1024
[mono_ns=7319626114048042][T0xf36ceceddca0][WARN] copy_aicore_buffer: [chip_swimlane_collector.cpp:689] Core 50: skipped 1024 AICore record slot(s) with start_time=0 (race-window write or recycled-buffer tail). buf seq=0 count=1024
[mono_ns=7319626114080572][T0xf36cec6cdca0][WARN] copy_aicore_buffer: [chip_swimlane_collector.cpp:689] Core 52: skipped 1024 AICore record slot(s) with start_time=0 (race-window write or recycled-buffer tail). buf seq=0 count=1024
[mono_ns=7319626114324153][T0xf36ced6edca0][WARN] copy_aicore_buffer: [chip_swimlane_collector.cpp:689] Core 49: skipped 1024 AICore record slot(s) with start_time=0 (race-window write or recycled-buffer tail). buf seq=0 count=1024
[mono_ns=7319626114326583][T0xf36ceceddca0][WARN] copy_aicore_buffer: [chip_swimlane_collector.cpp:689] Core 51: skipped 1024 AICore record slot(s) with start_time=0 (race-window write or recycled-buffer tail). buf seq=0 count=1024
[mono_ns=7319626114361453][T0xf36cec6cdca0][WARN] copy_aicore_buffer: [chip_swimlane_collector.cpp:689] Core 53: skipped 1024 AICore record slot(s) with start_time=0 (race-window write or recycled-buffer tail). buf seq=0 count=1024
[mono_ns=7319626114603624][T0xf36ced6edca0][WARN] copy_aicore_buffer: [chip_swimlane_collector.cpp:689] Core 15: skipped 1024 AICore record slot(s) with start_time=0 (race-window write or recycled-buffer tail). buf seq=0 count=1024
[mono_ns=7319626114604964][T0xf36ceceddca0][WARN] copy_aicore_buffer: [chip_swimlane_collector.cpp:689] Core 16: skipped 1024 AICore record slot(s) with start_time=0 (race-window write or recycled-buffer tail). buf seq=0 count=1024
[mono_ns=7319626114641785][T0xf36cec6cdca0][WARN] copy_aicore_buffer: [chip_swimlane_collector.cpp:689] Core 17: skipped 1024 AICore record slot(s) with start_time=0 (race-window write or recycled-buffer tail). buf seq=0 count=1024
[mono_ns=7319626114882536][T0xf36ceceddca0][WARN] copy_aicore_buffer: [chip_swimlane_collector.cpp:689] Core 56: skipped 1024 AICore record slot(s) with start_time=0 (race-window write or recycled-buffer tail). buf seq=0 count=1024
[mono_ns=7319626114883336][T0xf36ced6edca0][WARN] copy_aicore_buffer: [chip_swimlane_collector.cpp:689] Core 54: skipped 1024 AICore record slot(s) with start_time=0 (race-window write or recycled-buffer tail). buf seq=0 count=1024
[mono_ns=7319626114921936][T0xf36cec6cdca0][WARN] copy_aicore_buffer: [chip_swimlane_collector.cpp:689] Core 58: skipped 1024 AICore record slot(s) with start_time=0 (race-window write or recycled-buffer tail). buf seq=0 count=1024
[mono_ns=7319626115173097][T0xf36ced6edca0][WARN] copy_aicore_buffer: [chip_swimlane_collector.cpp:689] Core 55: skipped 1024 AICore record slot(s) with start_time=0 (race-window write or recycled-buffer tail). buf seq=0 count=1024
[mono_ns=7319626115176097][T0xf36ceceddca0][WARN] copy_aicore_buffer: [chip_swimlane_collector.cpp:689] Core 57: skipped 1024 AICore record slot(s) with start_time=0 (race-window write or recycled-buffer tail). buf seq=0 count=1024
[mono_ns=7319626115215187][T0xf36cec6cdca0][WARN] copy_aicore_buffer: [chip_swimlane_collector.cpp:689] Core 59: skipped 1024 AICore record slot(s) with start_time=0 (race-window write or recycled-buffer tail). buf seq=0 count=1024
[mono_ns=7319626115451018][T0xf36ced6edca0][WARN] copy_aicore_buffer: [chip_swimlane_collector.cpp:689] Core 18: skipped 1024 AICore record slot(s) with start_time=0 (race-window write or recycled-buffer tail). buf seq=0 count=1024
[mono_ns=7319626115453258][T0xf36ceceddca0][WARN] copy_aicore_buffer: [chip_swimlane_collector.cpp:689] Core 19: skipped 1024 AICore record slot(s) with start_time=0 (race-window write or recycled-buffer tail). buf seq=0 count=1024
[mono_ns=7319626115496508][T0xf36cec6cdca0][WARN] copy_aicore_buffer: [chip_swimlane_collector.cpp:689] Core 20: skipped 1024 AICore record slot(s) with start_time=0 (race-window write or recycled-buffer tail). buf seq=0 count=1024
[mono_ns=7319626115730549][T0xf36ced6edca0][WARN] copy_aicore_buffer: [chip_swimlane_collector.cpp:689] Core 60: skipped 1024 AICore record slot(s) with start_time=0 (race-window write or recycled-buffer tail). buf seq=0 count=1024
[mono_ns=7319626115731099][T0xf36ceceddca0][WARN] copy_aicore_buffer: [chip_swimlane_collector.cpp:689] Core 62: skipped 1024 AICore record slot(s) with start_time=0 (race-window write or recycled-buffer tail). buf seq=0 count=1024
[mono_ns=7319626115778469][T0xf36cec6cdca0][WARN] copy_aicore_buffer: [chip_swimlane_collector.cpp:689] Core 64: skipped 1024 AICore record slot(s) with start_time=0 (race-window write or recycled-buffer tail). buf seq=0 count=1024
[mono_ns=7319626116019180][T0xf36ceceddca0][WARN] copy_aicore_buffer: [chip_swimlane_collector.cpp:689] Core 63: skipped 1024 AICore record slot(s) with start_time=0 (race-window write or recycled-buffer tail). buf seq=0 count=1024
[mono_ns=7319626116025080][T0xf36ced6edca0][WARN] copy_aicore_buffer: [chip_swimlane_collector.cpp:689] Core 61: skipped 1024 AICore record slot(s) with start_time=0 (race-window write or recycled-buffer tail). buf seq=0 count=1024
[mono_ns=7319626116066261][T0xf36cec6cdca0][WARN] copy_aicore_buffer: [chip_swimlane_collector.cpp:689] Core 65: skipped 1024 AICore record slot(s) with start_time=0 (race-window write or recycled-buffer tail). buf seq=0 count=1024
[mono_ns=7319626116298772][T0xf36ceceddca0][WARN] copy_aicore_buffer: [chip_swimlane_collector.cpp:689] Core 22: skipped 1024 AICore record slot(s) with start_time=0 (race-window write or recycled-buffer tail). buf seq=0 count=1024
[mono_ns=7319626116302132][T0xf36ced6edca0][WARN] copy_aicore_buffer: [chip_swimlane_collector.cpp:689] Core 21: skipped 1024 AICore record slot(s) with start_time=0 (race-window write or recycled-buffer tail). buf seq=0 count=1024
[mono_ns=7319626116347332][T0xf36cec6cdca0][WARN] copy_aicore_buffer: [chip_swimlane_collector.cpp:689] Core 23: skipped 1024 AICore record slot(s) with start_time=0 (race-window write or recycled-buffer tail). buf seq=0 count=1024
[mono_ns=7319626116578733][T0xf36ceceddca0][WARN] copy_aicore_buffer: [chip_swimlane_collector.cpp:689] Core 68: skipped 1024 AICore record slot(s) with start_time=0 (race-window write or recycled-buffer tail). buf seq=0 count=1024
[mono_ns=7319626116579443][T0xf36ced6edca0][WARN] copy_aicore_buffer: [chip_swimlane_collector.cpp:689] Core 66: skipped 1024 AICore record slot(s) with start_time=0 (race-window write or recycled-buffer tail). buf seq=0 count=1024
[mono_ns=7319626116629173][T0xf36cec6cdca0][WARN] copy_aicore_buffer: [chip_swimlane_collector.cpp:689] Core 70: skipped 1024 AICore record slot(s) with start_time=0 (race-window write or recycled-buffer tail). buf seq=0 count=1024
[mono_ns=7319626116855924][T0xf36ced6edca0][WARN] copy_aicore_buffer: [chip_swimlane_collector.cpp:689] Core 67: skipped 1024 AICore record slot(s) with start_time=0 (race-window write or recycled-buffer tail). buf seq=0 count=1024
[mono_ns=7319626116857324][T0xf36ceceddca0][WARN] copy_aicore_buffer: [chip_swimlane_collector.cpp:689] Core 69: skipped 1024 AICore record slot(s) with start_time=0 (race-window write or recycled-buffer tail). buf seq=0 count=1024
[mono_ns=7319626116908654][T0xf36cec6cdca0][WARN] copy_aicore_buffer: [chip_swimlane_collector.cpp:689] Core 71: skipped 1024 AICore record slot(s) with start_time=0 (race-window write or recycled-buffer tail). buf seq=0 count=1024
[mono_ns=7319626217540972][T0xf36e4a0b7020][TIMING] emit_host_span: [STRACE] v=1 pid=2155045 tid=2155045 inv=46 hid=9a0ce7c17a38dab depth=1 name=chip.run.runner_run ts=7319626109282402 dur=108247340 
[mono_ns=7319626217583262][T0xf36e4a0b7020][TIMING] emit_host_span: [STRACE] v=1 pid=2155045 tid=2155045 inv=46 hid=9a0ce7c17a38dab depth=1 name=chip.run.validate ts=7319626217553542 dur=26560 
[mono_ns=7319626217589072][T0xf36e4a0b7020][TIMING] emit_host_span: [STRACE] v=1 pid=2155045 tid=2155045 inv=46 hid=9a0ce7c17a38dab depth=2 name=chip.run.runner_run.device_wall ts=0 dur=658120 clk=dev
[mono_ns=7319626217592972][T0xf36e4a0b7020][TIMING] emit_host_span: [STRACE] v=1 pid=2155045 tid=2155045 inv=46 hid=9a0ce7c17a38dab depth=3 name=chip.run.runner_run.device_wall.preamble ts=0 dur=625380 clk=dev
[mono_ns=7319626217596172][T0xf36e4a0b7020][TIMING] emit_host_span: [STRACE] v=1 pid=2155045 tid=2155045 inv=46 hid=9a0ce7c17a38dab depth=3 name=chip.run.runner_run.device_wall.graph_build ts=620420 dur=27240 clk=dev
[mono_ns=7319626217600012][T0xf36e4a0b7020][TIMING] emit_host_span: [STRACE] v=1 pid=2155045 tid=2155045 inv=46 hid=9a0ce7c17a38dab depth=3 name=chip.run.runner_run.device_wall.config_validate ts=620520 dur=480 clk=dev
[mono_ns=7319626217602912][T0xf36e4a0b7020][TIMING] emit_host_span: [STRACE] v=1 pid=2155045 tid=2155045 inv=46 hid=9a0ce7c17a38dab depth=3 name=chip.run.runner_run.device_wall.arena_wire ts=621020 dur=260 clk=dev
[mono_ns=7319626217605742][T0xf36e4a0b7020][TIMING] emit_host_span: [STRACE] v=1 pid=2155045 tid=2155045 inv=46 hid=9a0ce7c17a38dab depth=3 name=chip.run.runner_run.device_wall.sm_reset ts=621300 dur=459 clk=dev
[mono_ns=7319626217608642][T0xf36e4a0b7020][TIMING] emit_host_span: [STRACE] v=1 pid=2155045 tid=2155045 inv=46 hid=9a0ce7c17a38dab depth=3 name=chip.run.runner_run.device_wall.post_orch ts=647699 dur=10260 clk=dev
[mono_ns=7319626217611492][T0xf36e4a0b7020][TIMING] emit_host_span: [STRACE] v=1 pid=2155045 tid=2155045 inv=46 hid=9a0ce7c17a38dab depth=3 name=chip.run.runner_run.device_wall.orch ts=621800 dur=1640 clk=dev
[mono_ns=7319626217625072][T0xf36e4a0b7020][TIMING] emit_host_span: [STRACE] v=1 pid=2155045 tid=2155045 inv=46 hid=9a0ce7c17a38dab depth=3 name=chip.run.runner_run.device_wall.sched ts=625540 dur=5859 clk=dev
[mono_ns=7319626217630392][T0xf36e4a0b7020][TIMING] emit_host_span: [STRACE] v=1 pid=2155045 tid=2155045 inv=46 hid=9a0ce7c17a38dab depth=1 name=chip.run.claim_release ts=7319626217628072 dur=480 
[mono_ns=7319626217635862][T0xf36e4a0b7020][TIMING] emit_host_span: [STRACE] v=1 pid=2155045 tid=2155045 inv=46 hid=9a0ce7c17a38dab depth=0 name=chip.run ts=7319626108900160 dur=108733712 run_id=12 dispatch_id=46 slot_id=0 generation=12 run_epoch=46
[mono_ns=7319626218157785][T0xf36e4a0b7020][TIMING] emit_host_span: [STRACE] v=1 pid=2155045 tid=2155045 inv=47 hid=aa636548c65ca6a1 depth=2 name=chip.run.bind.args ts=7319626218116714 dur=36811 
[mono_ns=7319626218174245][T0xf36e4a0b7020][TIMING] emit_host_span: [STRACE] v=1 pid=2155045 tid=2155045 inv=47 hid=aa636548c65ca6a1 depth=2 name=chip.run.bind.prebuilt ts=7319626218168325 dur=3700 
[mono_ns=7319626218179305][T0xf36e4a0b7020][TIMING] emit_host_span: [STRACE] v=1 pid=2155045 tid=2155045 inv=47 hid=aa636548c65ca6a1 depth=1 name=chip.run.bind ts=7319626218105414 dur=71221 
[mono_ns=7319626228464968][T0xf36e4a0b7020][TIMING] emit_host_span: [STRACE] v=1 pid=2155045 tid=2155045 inv=47 hid=aa636548c65ca6a1 depth=1 name=chip.run.runner_run ts=7319626218395616 dur=10064372 
[mono_ns=7319626228495659][T0xf36e4a0b7020][TIMING] emit_host_span: [STRACE] v=1 pid=2155045 tid=2155045 inv=47 hid=aa636548c65ca6a1 depth=1 name=chip.run.validate ts=7319626228473728 dur=19041 
[mono_ns=7319626228500219][T0xf36e4a0b7020][TIMING] emit_host_span: [STRACE] v=1 pid=2155045 tid=2155045 inv=47 hid=aa636548c65ca6a1 depth=2 name=chip.run.runner_run.device_wall ts=0 dur=9810480 clk=dev
[mono_ns=7319626228503819][T0xf36e4a0b7020][TIMING] emit_host_span: [STRACE] v=1 pid=2155045 tid=2155045 inv=47 hid=aa636548c65ca6a1 depth=3 name=chip.run.runner_run.device_wall.preamble ts=0 dur=6340 clk=dev
[mono_ns=7319626228507579][T0xf36e4a0b7020][TIMING] emit_host_span: [STRACE] v=1 pid=2155045 tid=2155045 inv=47 hid=aa636548c65ca6a1 depth=3 name=chip.run.runner_run.device_wall.graph_build ts=1579 dur=9798220 clk=dev
[mono_ns=7319626228511999][T0xf36e4a0b7020][TIMING] emit_host_span: [STRACE] v=1 pid=2155045 tid=2155045 inv=47 hid=aa636548c65ca6a1 depth=3 name=chip.run.runner_run.device_wall.config_validate ts=1700 dur=880 clk=dev
[mono_ns=7319626228515049][T0xf36e4a0b7020][TIMING] emit_host_span: [STRACE] v=1 pid=2155045 tid=2155045 inv=47 hid=aa636548c65ca6a1 depth=3 name=chip.run.runner_run.device_wall.arena_wire ts=2600 dur=620 clk=dev
[mono_ns=7319626228518509][T0xf36e4a0b7020][TIMING] emit_host_span: [STRACE] v=1 pid=2155045 tid=2155045 inv=47 hid=aa636548c65ca6a1 depth=3 name=chip.run.runner_run.device_wall.sm_reset ts=3239 dur=1240 clk=dev
[mono_ns=7319626228521669][T0xf36e4a0b7020][TIMING] emit_host_span: [STRACE] v=1 pid=2155045 tid=2155045 inv=47 hid=aa636548c65ca6a1 depth=3 name=chip.run.runner_run.device_wall.post_orch ts=9799920 dur=10380 clk=dev
[mono_ns=7319626228528359][T0xf36e4a0b7020][TIMING] emit_host_span: [STRACE] v=1 pid=2155045 tid=2155045 inv=47 hid=aa636548c65ca6a1 depth=3 name=chip.run.runner_run.device_wall.orch ts=4520 dur=2560 clk=dev
[mono_ns=7319626228531339][T0xf36e4a0b7020][TIMING] emit_host_span: [STRACE] v=1 pid=2155045 tid=2155045 inv=47 hid=aa636548c65ca6a1 depth=3 name=chip.run.runner_run.device_wall.sched ts=6479 dur=9785720 clk=dev
[mono_ns=7319626228535069][T0xf36e4a0b7020][TIMING] emit_host_span: [STRACE] v=1 pid=2155045 tid=2155045 inv=47 hid=aa636548c65ca6a1 depth=1 name=chip.run.claim_release ts=7319626228533029 dur=300 
[mono_ns=7319626228539139][T0xf36e4a0b7020][TIMING] emit_host_span: [STRACE] v=1 pid=2155045 tid=2155045 inv=47 hid=aa636548c65ca6a1 depth=0 name=chip.run ts=7319626218064584 dur=10472625 run_id=12 dispatch_id=47 slot_id=0 generation=12 run_epoch=47
[mono_ns=7319626229522443][T0xf36e4a0b7020][TIMING] emit_host_span: [STRACE] v=1 pid=2155045 tid=2155045 inv=48 hid=e3bcbf8fce8ee77f depth=2 name=chip.run.bind.args ts=7319626229475553 dur=42420 
[mono_ns=7319626229536853][T0xf36e4a0b7020][TIMING] emit_host_span: [STRACE] v=1 pid=2155045 tid=2155045 inv=48 hid=e3bcbf8fce8ee77f depth=2 name=chip.run.bind.prebuilt ts=7319626229532863 dur=1780 
[mono_ns=7319626229541223][T0xf36e4a0b7020][TIMING] emit_host_span: [STRACE] v=1 pid=2155045 tid=2155045 inv=48 hid=e3bcbf8fce8ee77f depth=1 name=chip.run.bind ts=7319626229469393 dur=69830 
[mono_ns=7319626230850789][T0xf36ced6edca0][WARN] copy_aicore_buffer: [chip_swimlane_collector.cpp:689] Core 0: skipped 1024 AICore record slot(s) with start_time=0 (race-window write or recycled-buffer tail). buf seq=0 count=1024
[mono_ns=7319626230872169][T0xf36cec6cdca0][WARN] copy_aicore_buffer: [chip_swimlane_collector.cpp:689] Core 2: skipped 1024 AICore record slot(s) with start_time=0 (race-window write or recycled-buffer tail). buf seq=0 count=1024
[mono_ns=7319626230873569][T0xf36ceceddca0][WARN] copy_aicore_buffer: [chip_swimlane_collector.cpp:689] Core 1: skipped 1024 AICore record slot(s) with start_time=0 (race-window write or recycled-buffer tail). buf seq=0 count=1024
[mono_ns=7319626231154810][T0xf36ced6edca0][WARN] copy_aicore_buffer: [chip_swimlane_collector.cpp:689] Core 24: skipped 1024 AICore record slot(s) with start_time=0 (race-window write or recycled-buffer tail). buf seq=0 count=1024
[mono_ns=7319626231165640][T0xf36ceceddca0][WARN] copy_aicore_buffer: [chip_swimlane_collector.cpp:689] Core 26: skipped 1023 AICore record slot(s) with start_time=0 (race-window write or recycled-buffer tail). buf seq=0 count=1024
[mono_ns=7319626231168830][T0xf36cec6cdca0][WARN] copy_aicore_buffer: [chip_swimlane_collector.cpp:689] Core 28: skipped 1024 AICore record slot(s) with start_time=0 (race-window write or recycled-buffer tail). buf seq=0 count=1024
[mono_ns=7319626231435851][T0xf36ced6edca0][WARN] copy_aicore_buffer: [chip_swimlane_collector.cpp:689] Core 25: skipped 1024 AICore record slot(s) with start_time=0 (race-window write or recycled-buffer tail). buf seq=0 count=1024
[mono_ns=7319626231443511][T0xf36ceceddca0][WARN] copy_aicore_buffer: [chip_swimlane_collector.cpp:689] Core 27: skipped 1024 AICore record slot(s) with start_time=0 (race-window write or recycled-buffer tail). buf seq=0 count=1024
[mono_ns=7319626231447531][T0xf36cec6cdca0][WARN] copy_aicore_buffer: [chip_swimlane_collector.cpp:689] Core 29: skipped 1024 AICore record slot(s) with start_time=0 (race-window write or recycled-buffer tail). buf seq=0 count=1024
[mono_ns=7319626231715002][T0xf36ced6edca0][WARN] copy_aicore_buffer: [chip_swimlane_collector.cpp:689] Core 3: skipped 1024 AICore record slot(s) with start_time=0 (race-window write or recycled-buffer tail). buf seq=0 count=1024
[mono_ns=7319626231723562][T0xf36ceceddca0][WARN] copy_aicore_buffer: [chip_swimlane_collector.cpp:689] Core 4: skipped 1024 AICore record slot(s) with start_time=0 (race-window write or recycled-buffer tail). buf seq=0 count=1024
[mono_ns=7319626231730372][T0xf36cec6cdca0][WARN] copy_aicore_buffer: [chip_swimlane_collector.cpp:689] Core 5: skipped 1024 AICore record slot(s) with start_time=0 (race-window write or recycled-buffer tail). buf seq=0 count=1024
[mono_ns=7319626231995733][T0xf36ced6edca0][WARN] copy_aicore_buffer: [chip_swimlane_collector.cpp:689] Core 30: skipped 1024 AICore record slot(s) with start_time=0 (race-window write or recycled-buffer tail). buf seq=0 count=1024
[mono_ns=7319626232014274][T0xf36ceceddca0][WARN] copy_aicore_buffer: [chip_swimlane_collector.cpp:689] Core 32: skipped 1023 AICore record slot(s) with start_time=0 (race-window write or recycled-buffer tail). buf seq=0 count=1024
[mono_ns=7319626232016854][T0xf36cec6cdca0][WARN] copy_aicore_buffer: [chip_swimlane_collector.cpp:689] Core 34: skipped 1024 AICore record slot(s) with start_time=0 (race-window write or recycled-buffer tail). buf seq=0 count=1024
[mono_ns=7319626232280775][T0xf36ced6edca0][WARN] copy_aicore_buffer: [chip_swimlane_collector.cpp:689] Core 31: skipped 1024 AICore record slot(s) with start_time=0 (race-window write or recycled-buffer tail). buf seq=0 count=1024
[mono_ns=7319626232293635][T0xf36ceceddca0][WARN] copy_aicore_buffer: [chip_swimlane_collector.cpp:689] Core 33: skipped 1024 AICore record slot(s) with start_time=0 (race-window write or recycled-buffer tail). buf seq=0 count=1024
[mono_ns=7319626232296205][T0xf36cec6cdca0][WARN] copy_aicore_buffer: [chip_swimlane_collector.cpp:689] Core 35: skipped 1024 AICore record slot(s) with start_time=0 (race-window write or recycled-buffer tail). buf seq=0 count=1024
[mono_ns=7319626232561136][T0xf36ced6edca0][WARN] copy_aicore_buffer: [chip_swimlane_collector.cpp:689] Core 6: skipped 1024 AICore record slot(s) with start_time=0 (race-window write or recycled-buffer tail). buf seq=0 count=1024
[mono_ns=7319626232571466][T0xf36ceceddca0][WARN] copy_aicore_buffer: [chip_swimlane_collector.cpp:689] Core 7: skipped 1024 AICore record slot(s) with start_time=0 (race-window write or recycled-buffer tail). buf seq=0 count=1024
[mono_ns=7319626232576416][T0xf36cec6cdca0][WARN] copy_aicore_buffer: [chip_swimlane_collector.cpp:689] Core 8: skipped 1024 AICore record slot(s) with start_time=0 (race-window write or recycled-buffer tail). buf seq=0 count=1024
[mono_ns=7319626232839977][T0xf36ced6edca0][WARN] copy_aicore_buffer: [chip_swimlane_collector.cpp:689] Core 36: skipped 1024 AICore record slot(s) with start_time=0 (race-window write or recycled-buffer tail). buf seq=0 count=1024
[mono_ns=7319626232849687][T0xf36ceceddca0][WARN] copy_aicore_buffer: [chip_swimlane_collector.cpp:689] Core 38: skipped 1023 AICore record slot(s) with start_time=0 (race-window write or recycled-buffer tail). buf seq=0 count=1024
[mono_ns=7319626232855387][T0xf36cec6cdca0][WARN] copy_aicore_buffer: [chip_swimlane_collector.cpp:689] Core 40: skipped 1024 AICore record slot(s) with start_time=0 (race-window write or recycled-buffer tail). buf seq=0 count=1024
[mono_ns=7319626233130658][T0xf36ced6edca0][WARN] copy_aicore_buffer: [chip_swimlane_collector.cpp:689] Core 37: skipped 1024 AICore record slot(s) with start_time=0 (race-window write or recycled-buffer tail). buf seq=0 count=1024
[mono_ns=7319626233136448][T0xf36ceceddca0][WARN] copy_aicore_buffer: [chip_swimlane_collector.cpp:689] Core 39: skipped 1024 AICore record slot(s) with start_time=0 (race-window write or recycled-buffer tail). buf seq=0 count=1024
[mono_ns=7319626233144478][T0xf36cec6cdca0][WARN] copy_aicore_buffer: [chip_swimlane_collector.cpp:689] Core 41: skipped 1024 AICore record slot(s) with start_time=0 (race-window write or recycled-buffer tail). buf seq=0 count=1024
[mono_ns=7319626233409549][T0xf36ced6edca0][WARN] copy_aicore_buffer: [chip_swimlane_collector.cpp:689] Core 9: skipped 1024 AICore record slot(s) with start_time=0 (race-window write or recycled-buffer tail). buf seq=0 count=1024
[mono_ns=7319626233413619][T0xf36ceceddca0][WARN] copy_aicore_buffer: [chip_swimlane_collector.cpp:689] Core 10: skipped 1024 AICore record slot(s) with start_time=0 (race-window write or recycled-buffer tail). buf seq=0 count=1024
[mono_ns=7319626233422709][T0xf36cec6cdca0][WARN] copy_aicore_buffer: [chip_swimlane_collector.cpp:689] Core 11: skipped 1024 AICore record slot(s) with start_time=0 (race-window write or recycled-buffer tail). buf seq=0 count=1024
[mono_ns=7319626233688151][T0xf36ced6edca0][WARN] copy_aicore_buffer: [chip_swimlane_collector.cpp:689] Core 42: skipped 1024 AICore record slot(s) with start_time=0 (race-window write or recycled-buffer tail). buf seq=0 count=1024
[mono_ns=7319626233692931][T0xf36ceceddca0][WARN] copy_aicore_buffer: [chip_swimlane_collector.cpp:689] Core 44: skipped 1023 AICore record slot(s) with start_time=0 (race-window write or recycled-buffer tail). buf seq=0 count=1024
[mono_ns=7319626233701451][T0xf36cec6cdca0][WARN] copy_aicore_buffer: [chip_swimlane_collector.cpp:689] Core 46: skipped 1024 AICore record slot(s) with start_time=0 (race-window write or recycled-buffer tail). buf seq=0 count=1024
[mono_ns=7319626233967042][T0xf36ced6edca0][WARN] copy_aicore_buffer: [chip_swimlane_collector.cpp:689] Core 43: skipped 1024 AICore record slot(s) with start_time=0 (race-window write or recycled-buffer tail). buf seq=0 count=1024
[mono_ns=7319626233975032][T0xf36ceceddca0][WARN] copy_aicore_buffer: [chip_swimlane_collector.cpp:689] Core 45: skipped 1024 AICore record slot(s) with start_time=0 (race-window write or recycled-buffer tail). buf seq=0 count=1024
[mono_ns=7319626233980432][T0xf36cec6cdca0][WARN] copy_aicore_buffer: [chip_swimlane_collector.cpp:689] Core 47: skipped 1024 AICore record slot(s) with start_time=0 (race-window write or recycled-buffer tail). buf seq=0 count=1024
[mono_ns=7319626234256423][T0xf36ced6edca0][WARN] copy_aicore_buffer: [chip_swimlane_collector.cpp:689] Core 12: skipped 1024 AICore record slot(s) with start_time=0 (race-window write or recycled-buffer tail). buf seq=0 count=1024
[mono_ns=7319626234262843][T0xf36ceceddca0][WARN] copy_aicore_buffer: [chip_swimlane_collector.cpp:689] Core 13: skipped 1024 AICore record slot(s) with start_time=0 (race-window write or recycled-buffer tail). buf seq=0 count=1024
[mono_ns=7319626234267143][T0xf36cec6cdca0][WARN] copy_aicore_buffer: [chip_swimlane_collector.cpp:689] Core 14: skipped 1024 AICore record slot(s) with start_time=0 (race-window write or recycled-buffer tail). buf seq=0 count=1024
[mono_ns=7319626234535334][T0xf36ced6edca0][WARN] copy_aicore_buffer: [chip_swimlane_collector.cpp:689] Core 48: skipped 1024 AICore record slot(s) with start_time=0 (race-window write or recycled-buffer tail). buf seq=0 count=1024
[mono_ns=7319626234540584][T0xf36ceceddca0][WARN] copy_aicore_buffer: [chip_swimlane_collector.cpp:689] Core 50: skipped 1024 AICore record slot(s) with start_time=0 (race-window write or recycled-buffer tail). buf seq=0 count=1024
[mono_ns=7319626234545354][T0xf36cec6cdca0][WARN] copy_aicore_buffer: [chip_swimlane_collector.cpp:689] Core 52: skipped 1024 AICore record slot(s) with start_time=0 (race-window write or recycled-buffer tail). buf seq=0 count=1024
[mono_ns=7319626234815715][T0xf36ced6edca0][WARN] copy_aicore_buffer: [chip_swimlane_collector.cpp:689] Core 49: skipped 1024 AICore record slot(s) with start_time=0 (race-window write or recycled-buffer tail). buf seq=0 count=1024
[mono_ns=7319626234817545][T0xf36ceceddca0][WARN] copy_aicore_buffer: [chip_swimlane_collector.cpp:689] Core 51: skipped 1024 AICore record slot(s) with start_time=0 (race-window write or recycled-buffer tail). buf seq=0 count=1024
[mono_ns=7319626234823065][T0xf36cec6cdca0][WARN] copy_aicore_buffer: [chip_swimlane_collector.cpp:689] Core 53: skipped 1024 AICore record slot(s) with start_time=0 (race-window write or recycled-buffer tail). buf seq=0 count=1024
[mono_ns=7319626235102637][T0xf36ceceddca0][WARN] copy_aicore_buffer: [chip_swimlane_collector.cpp:689] Core 16: skipped 1024 AICore record slot(s) with start_time=0 (race-window write or recycled-buffer tail). buf seq=0 count=1024
[mono_ns=7319626235107307][T0xf36ced6edca0][WARN] copy_aicore_buffer: [chip_swimlane_collector.cpp:689] Core 15: skipped 1024 AICore record slot(s) with start_time=0 (race-window write or recycled-buffer tail). buf seq=0 count=1024
[mono_ns=7319626235110347][T0xf36cec6cdca0][WARN] copy_aicore_buffer: [chip_swimlane_collector.cpp:689] Core 17: skipped 1024 AICore record slot(s) with start_time=0 (race-window write or recycled-buffer tail). buf seq=0 count=1024
[mono_ns=7319626235380978][T0xf36ceceddca0][WARN] copy_aicore_buffer: [chip_swimlane_collector.cpp:689] Core 56: skipped 1024 AICore record slot(s) with start_time=0 (race-window write or recycled-buffer tail). buf seq=0 count=1024
[mono_ns=7319626235384778][T0xf36ced6edca0][WARN] copy_aicore_buffer: [chip_swimlane_collector.cpp:689] Core 54: skipped 1024 AICore record slot(s) with start_time=0 (race-window write or recycled-buffer tail). buf seq=0 count=1024
[mono_ns=7319626235389778][T0xf36cec6cdca0][WARN] copy_aicore_buffer: [chip_swimlane_collector.cpp:689] Core 58: skipped 1024 AICore record slot(s) with start_time=0 (race-window write or recycled-buffer tail). buf seq=0 count=1024
[mono_ns=7319626235659779][T0xf36ceceddca0][WARN] copy_aicore_buffer: [chip_swimlane_collector.cpp:689] Core 57: skipped 1024 AICore record slot(s) with start_time=0 (race-window write or recycled-buffer tail). buf seq=0 count=1024
[mono_ns=7319626235662869][T0xf36ced6edca0][WARN] copy_aicore_buffer: [chip_swimlane_collector.cpp:689] Core 55: skipped 1024 AICore record slot(s) with start_time=0 (race-window write or recycled-buffer tail). buf seq=0 count=1024
[mono_ns=7319626235667389][T0xf36cec6cdca0][WARN] copy_aicore_buffer: [chip_swimlane_collector.cpp:689] Core 59: skipped 1024 AICore record slot(s) with start_time=0 (race-window write or recycled-buffer tail). buf seq=0 count=1024
[mono_ns=7319626235944730][T0xf36ced6edca0][WARN] copy_aicore_buffer: [chip_swimlane_collector.cpp:689] Core 18: skipped 1024 AICore record slot(s) with start_time=0 (race-window write or recycled-buffer tail). buf seq=0 count=1024
[mono_ns=7319626235947580][T0xf36cec6cdca0][WARN] copy_aicore_buffer: [chip_swimlane_collector.cpp:689] Core 20: skipped 1024 AICore record slot(s) with start_time=0 (race-window write or recycled-buffer tail). buf seq=0 count=1024
[mono_ns=7319626235952190][T0xf36ceceddca0][WARN] copy_aicore_buffer: [chip_swimlane_collector.cpp:689] Core 19: skipped 1024 AICore record slot(s) with start_time=0 (race-window write or recycled-buffer tail). buf seq=0 count=1024
[mono_ns=7319626236231801][T0xf36ced6edca0][WARN] copy_aicore_buffer: [chip_swimlane_collector.cpp:689] Core 60: skipped 1024 AICore record slot(s) with start_time=0 (race-window write or recycled-buffer tail). buf seq=0 count=1024
[mono_ns=7319626236235951][T0xf36ceceddca0][WARN] copy_aicore_buffer: [chip_swimlane_collector.cpp:689] Core 62: skipped 1024 AICore record slot(s) with start_time=0 (race-window write or recycled-buffer tail). buf seq=0 count=1024
[mono_ns=7319626236238311][T0xf36cec6cdca0][WARN] copy_aicore_buffer: [chip_swimlane_collector.cpp:689] Core 64: skipped 1024 AICore record slot(s) with start_time=0 (race-window write or recycled-buffer tail). buf seq=0 count=1024
[mono_ns=7319626236510623][T0xf36ced6edca0][WARN] copy_aicore_buffer: [chip_swimlane_collector.cpp:689] Core 61: skipped 1024 AICore record slot(s) with start_time=0 (race-window write or recycled-buffer tail). buf seq=0 count=1024
[mono_ns=7319626236514113][T0xf36ceceddca0][WARN] copy_aicore_buffer: [chip_swimlane_collector.cpp:689] Core 63: skipped 1024 AICore record slot(s) with start_time=0 (race-window write or recycled-buffer tail). buf seq=0 count=1024
[mono_ns=7319626236517913][T0xf36cec6cdca0][WARN] copy_aicore_buffer: [chip_swimlane_collector.cpp:689] Core 65: skipped 1024 AICore record slot(s) with start_time=0 (race-window write or recycled-buffer tail). buf seq=0 count=1024
[mono_ns=7319626236790004][T0xf36ced6edca0][WARN] copy_aicore_buffer: [chip_swimlane_collector.cpp:689] Core 21: skipped 1024 AICore record slot(s) with start_time=0 (race-window write or recycled-buffer tail). buf seq=0 count=1024
[mono_ns=7319626236792074][T0xf36ceceddca0][WARN] copy_aicore_buffer: [chip_swimlane_collector.cpp:689] Core 22: skipped 1024 AICore record slot(s) with start_time=0 (race-window write or recycled-buffer tail). buf seq=0 count=1024
[mono_ns=7319626236798254][T0xf36cec6cdca0][WARN] copy_aicore_buffer: [chip_swimlane_collector.cpp:689] Core 23: skipped 1024 AICore record slot(s) with start_time=0 (race-window write or recycled-buffer tail). buf seq=0 count=1024
[mono_ns=7319626237081365][T0xf36ced6edca0][WARN] copy_aicore_buffer: [chip_swimlane_collector.cpp:689] Core 66: skipped 1024 AICore record slot(s) with start_time=0 (race-window write or recycled-buffer tail). buf seq=0 count=1024
[mono_ns=7319626237082535][T0xf36ceceddca0][WARN] copy_aicore_buffer: [chip_swimlane_collector.cpp:689] Core 68: skipped 1024 AICore record slot(s) with start_time=0 (race-window write or recycled-buffer tail). buf seq=0 count=1024
[mono_ns=7319626237090175][T0xf36cec6cdca0][WARN] copy_aicore_buffer: [chip_swimlane_collector.cpp:689] Core 70: skipped 1024 AICore record slot(s) with start_time=0 (race-window write or recycled-buffer tail). buf seq=0 count=1024
[mono_ns=7319626237359736][T0xf36ceceddca0][WARN] copy_aicore_buffer: [chip_swimlane_collector.cpp:689] Core 69: skipped 1024 AICore record slot(s) with start_time=0 (race-window write or recycled-buffer tail). buf seq=0 count=1024
[mono_ns=7319626237361326][T0xf36ced6edca0][WARN] copy_aicore_buffer: [chip_swimlane_collector.cpp:689] Core 67: skipped 1024 AICore record slot(s) with start_time=0 (race-window write or recycled-buffer tail). buf seq=0 count=1024
[mono_ns=7319626237367716][T0xf36cec6cdca0][WARN] copy_aicore_buffer: [chip_swimlane_collector.cpp:689] Core 71: skipped 1024 AICore record slot(s) with start_time=0 (race-window write or recycled-buffer tail). buf seq=0 count=1024
[mono_ns=7319626337818713][T0xf36e4a0b7020][TIMING] emit_host_span: [STRACE] v=1 pid=2155045 tid=2155045 inv=48 hid=e3bcbf8fce8ee77f depth=1 name=chip.run.runner_run ts=7319626229741724 dur=108068389 
[mono_ns=7319626338494906][T0xf36e4a0b7020][TIMING] emit_host_span: [STRACE] v=1 pid=2155045 tid=2155045 inv=48 hid=e3bcbf8fce8ee77f depth=1 name=chip.run.validate ts=7319626337830323 dur=659783 
[mono_ns=7319626338506416][T0xf36e4a0b7020][TIMING] emit_host_span: [STRACE] v=1 pid=2155045 tid=2155045 inv=48 hid=e3bcbf8fce8ee77f depth=2 name=chip.run.runner_run.device_wall ts=0 dur=711640 clk=dev
[mono_ns=7319626338510736][T0xf36e4a0b7020][TIMING] emit_host_span: [STRACE] v=1 pid=2155045 tid=2155045 inv=48 hid=e3bcbf8fce8ee77f depth=3 name=chip.run.runner_run.device_wall.preamble ts=0 dur=631360 clk=dev
[mono_ns=7319626338514616][T0xf36e4a0b7020][TIMING] emit_host_span: [STRACE] v=1 pid=2155045 tid=2155045 inv=48 hid=e3bcbf8fce8ee77f depth=3 name=chip.run.runner_run.device_wall.graph_build ts=627060 dur=72920 clk=dev
[mono_ns=7319626338517896][T0xf36e4a0b7020][TIMING] emit_host_span: [STRACE] v=1 pid=2155045 tid=2155045 inv=48 hid=e3bcbf8fce8ee77f depth=3 name=chip.run.runner_run.device_wall.config_validate ts=627140 dur=540 clk=dev
[mono_ns=7319626338521186][T0xf36e4a0b7020][TIMING] emit_host_span: [STRACE] v=1 pid=2155045 tid=2155045 inv=48 hid=e3bcbf8fce8ee77f depth=3 name=chip.run.runner_run.device_wall.arena_wire ts=627700 dur=300 clk=dev
[mono_ns=7319626338531766][T0xf36e4a0b7020][TIMING] emit_host_span: [STRACE] v=1 pid=2155045 tid=2155045 inv=48 hid=e3bcbf8fce8ee77f depth=3 name=chip.run.runner_run.device_wall.sm_reset ts=628020 dur=520 clk=dev
[mono_ns=7319626338535396][T0xf36e4a0b7020][TIMING] emit_host_span: [STRACE] v=1 pid=2155045 tid=2155045 inv=48 hid=e3bcbf8fce8ee77f depth=3 name=chip.run.runner_run.device_wall.post_orch ts=700040 dur=10980 clk=dev
[mono_ns=7319626338539106][T0xf36e4a0b7020][TIMING] emit_host_span: [STRACE] v=1 pid=2155045 tid=2155045 inv=48 hid=e3bcbf8fce8ee77f depth=3 name=chip.run.runner_run.device_wall.orch ts=628580 dur=2099 clk=dev
[mono_ns=7319626338542426][T0xf36e4a0b7020][TIMING] emit_host_span: [STRACE] v=1 pid=2155045 tid=2155045 inv=48 hid=e3bcbf8fce8ee77f depth=3 name=chip.run.runner_run.device_wall.sched ts=631480 dur=52200 clk=dev
[mono_ns=7319626338547046][T0xf36e4a0b7020][TIMING] emit_host_span: [STRACE] v=1 pid=2155045 tid=2155045 inv=48 hid=e3bcbf8fce8ee77f depth=1 name=chip.run.claim_release ts=7319626338544796 dur=370 
[mono_ns=7319626338551956][T0xf36e4a0b7020][TIMING] emit_host_span: [STRACE] v=1 pid=2155045 tid=2155045 inv=48 hid=e3bcbf8fce8ee77f depth=0 name=chip.run ts=7319626229450793 dur=109099173 run_id=12 dispatch_id=48 slot_id=0 generation=12 run_epoch=48
[mono_ns=7319640728904965][T0xf36e4a0b7020][TIMING] emit_host_span: [STRACE] v=1 pid=2155045 tid=2155045 inv=49 hid=7330127d2e7be9ea depth=2 name=chip.run.bind.args ts=7319640728307142 dur=587663 
[mono_ns=7319640728925555][T0xf36e4a0b7020][TIMING] emit_host_span: [STRACE] v=1 pid=2155045 tid=2155045 inv=49 hid=7330127d2e7be9ea depth=2 name=chip.run.bind.prebuilt ts=7319640728920985 dur=2070 
[mono_ns=7319640728929795][T0xf36e4a0b7020][TIMING] emit_host_span: [STRACE] v=1 pid=2155045 tid=2155045 inv=49 hid=7330127d2e7be9ea depth=1 name=chip.run.bind ts=7319640728297602 dur=630023 
[mono_ns=7319640837398946][T0xf36e4a0b7020][TIMING] emit_host_span: [STRACE] v=1 pid=2155045 tid=2155045 inv=49 hid=7330127d2e7be9ea depth=1 name=chip.run.runner_run ts=7319640729218106 dur=108170780 
[mono_ns=7319640837440906][T0xf36e4a0b7020][TIMING] emit_host_span: [STRACE] v=1 pid=2155045 tid=2155045 inv=49 hid=7330127d2e7be9ea depth=1 name=chip.run.validate ts=7319640837409986 dur=27800 
[mono_ns=7319640837445516][T0xf36e4a0b7020][TIMING] emit_host_span: [STRACE] v=1 pid=2155045 tid=2155045 inv=49 hid=7330127d2e7be9ea depth=2 name=chip.run.runner_run.device_wall ts=0 dur=140200 clk=dev
[mono_ns=7319640837449246][T0xf36e4a0b7020][TIMING] emit_host_span: [STRACE] v=1 pid=2155045 tid=2155045 inv=49 hid=7330127d2e7be9ea depth=3 name=chip.run.runner_run.device_wall.preamble ts=0 dur=10640 clk=dev
[mono_ns=7319640837452646][T0xf36e4a0b7020][TIMING] emit_host_span: [STRACE] v=1 pid=2155045 tid=2155045 inv=49 hid=7330127d2e7be9ea depth=3 name=chip.run.runner_run.device_wall.graph_build ts=2080 dur=126380 clk=dev
[mono_ns=7319640837456016][T0xf36e4a0b7020][TIMING] emit_host_span: [STRACE] v=1 pid=2155045 tid=2155045 inv=49 hid=7330127d2e7be9ea depth=3 name=chip.run.runner_run.device_wall.config_validate ts=2240 dur=1060 clk=dev
[mono_ns=7319640837461777][T0xf36e4a0b7020][TIMING] emit_host_span: [STRACE] v=1 pid=2155045 tid=2155045 inv=49 hid=7330127d2e7be9ea depth=3 name=chip.run.runner_run.device_wall.arena_wire ts=3320 dur=960 clk=dev
[mono_ns=7319640837465487][T0xf36e4a0b7020][TIMING] emit_host_span: [STRACE] v=1 pid=2155045 tid=2155045 inv=49 hid=7330127d2e7be9ea depth=3 name=chip.run.runner_run.device_wall.sm_reset ts=4320 dur=1579 clk=dev
[mono_ns=7319640837468427][T0xf36e4a0b7020][TIMING] emit_host_span: [STRACE] v=1 pid=2155045 tid=2155045 inv=49 hid=7330127d2e7be9ea depth=3 name=chip.run.runner_run.device_wall.post_orch ts=128600 dur=11160 clk=dev
[mono_ns=7319640837471327][T0xf36e4a0b7020][TIMING] emit_host_span: [STRACE] v=1 pid=2155045 tid=2155045 inv=49 hid=7330127d2e7be9ea depth=3 name=chip.run.runner_run.device_wall.orch ts=6640 dur=7460 clk=dev
[mono_ns=7319640837474277][T0xf36e4a0b7020][TIMING] emit_host_span: [STRACE] v=1 pid=2155045 tid=2155045 inv=49 hid=7330127d2e7be9ea depth=3 name=chip.run.runner_run.device_wall.sched ts=10920 dur=108020 clk=dev
[mono_ns=7319640837478717][T0xf36e4a0b7020][TIMING] emit_host_span: [STRACE] v=1 pid=2155045 tid=2155045 inv=49 hid=7330127d2e7be9ea depth=1 name=chip.run.claim_release ts=7319640837476567 dur=330 
[mono_ns=7319640837483377][T0xf36e4a0b7020][TIMING] emit_host_span: [STRACE] v=1 pid=2155045 tid=2155045 inv=49 hid=7330127d2e7be9ea depth=0 name=chip.run ts=7319640728216412 dur=109264985 run_id=13 dispatch_id=49 slot_id=0 generation=13 run_epoch=49
[mono_ns=7319640838439671][T0xf36e4a0b7020][TIMING] emit_host_span: [STRACE] v=1 pid=2155045 tid=2155045 inv=50 hid=9a0ce7c17a38dab depth=2 name=chip.run.bind.args ts=7319640838361140 dur=72401 
[mono_ns=7319640838455201][T0xf36e4a0b7020][TIMING] emit_host_span: [STRACE] v=1 pid=2155045 tid=2155045 inv=50 hid=9a0ce7c17a38dab depth=2 name=chip.run.bind.prebuilt ts=7319640838448651 dur=3800 
[mono_ns=7319640838459831][T0xf36e4a0b7020][TIMING] emit_host_span: [STRACE] v=1 pid=2155045 tid=2155045 inv=50 hid=9a0ce7c17a38dab depth=1 name=chip.run.bind ts=7319640838354290 dur=103561 
[mono_ns=7319640943104866][T0xf36e4a0b7020][TIMING] emit_host_span: [STRACE] v=1 pid=2155045 tid=2155045 inv=50 hid=9a0ce7c17a38dab depth=1 name=chip.run.runner_run ts=7319640838669622 dur=104424794 
[mono_ns=7319640943145976][T0xf36e4a0b7020][TIMING] emit_host_span: [STRACE] v=1 pid=2155045 tid=2155045 inv=50 hid=9a0ce7c17a38dab depth=1 name=chip.run.validate ts=7319640943116696 dur=26340 
[mono_ns=7319640943150476][T0xf36e4a0b7020][TIMING] emit_host_span: [STRACE] v=1 pid=2155045 tid=2155045 inv=50 hid=9a0ce7c17a38dab depth=2 name=chip.run.runner_run.device_wall ts=0 dur=30720 clk=dev
[mono_ns=7319640943154946][T0xf36e4a0b7020][TIMING] emit_host_span: [STRACE] v=1 pid=2155045 tid=2155045 inv=50 hid=9a0ce7c17a38dab depth=3 name=chip.run.runner_run.device_wall.preamble ts=0 dur=5580 clk=dev
[mono_ns=7319640943158516][T0xf36e4a0b7020][TIMING] emit_host_span: [STRACE] v=1 pid=2155045 tid=2155045 inv=50 hid=9a0ce7c17a38dab depth=3 name=chip.run.runner_run.device_wall.graph_build ts=1080 dur=18099 clk=dev
[mono_ns=7319640943161666][T0xf36e4a0b7020][TIMING] emit_host_span: [STRACE] v=1 pid=2155045 tid=2155045 inv=50 hid=9a0ce7c17a38dab depth=3 name=chip.run.runner_run.device_wall.config_validate ts=1180 dur=880 clk=dev
[mono_ns=7319640943175406][T0xf36e4a0b7020][TIMING] emit_host_span: [STRACE] v=1 pid=2155045 tid=2155045 inv=50 hid=9a0ce7c17a38dab depth=3 name=chip.run.runner_run.device_wall.arena_wire ts=2179 dur=260 clk=dev
[mono_ns=7319640943178566][T0xf36e4a0b7020][TIMING] emit_host_span: [STRACE] v=1 pid=2155045 tid=2155045 inv=50 hid=9a0ce7c17a38dab depth=3 name=chip.run.runner_run.device_wall.sm_reset ts=2460 dur=760 clk=dev
[mono_ns=7319640943181776][T0xf36e4a0b7020][TIMING] emit_host_span: [STRACE] v=1 pid=2155045 tid=2155045 inv=50 hid=9a0ce7c17a38dab depth=3 name=chip.run.runner_run.device_wall.post_orch ts=19220 dur=11379 clk=dev
[mono_ns=7319640943184896][T0xf36e4a0b7020][TIMING] emit_host_span: [STRACE] v=1 pid=2155045 tid=2155045 inv=50 hid=9a0ce7c17a38dab depth=3 name=chip.run.runner_run.device_wall.orch ts=3760 dur=2360 clk=dev
[mono_ns=7319640943187946][T0xf36e4a0b7020][TIMING] emit_host_span: [STRACE] v=1 pid=2155045 tid=2155045 inv=50 hid=9a0ce7c17a38dab depth=3 name=chip.run.runner_run.device_wall.sched ts=5640 dur=6380 clk=dev
[mono_ns=7319640943192136][T0xf36e4a0b7020][TIMING] emit_host_span: [STRACE] v=1 pid=2155045 tid=2155045 inv=50 hid=9a0ce7c17a38dab depth=1 name=chip.run.claim_release ts=7319640943189936 dur=440 
[mono_ns=7319640943197436][T0xf36e4a0b7020][TIMING] emit_host_span: [STRACE] v=1 pid=2155045 tid=2155045 inv=50 hid=9a0ce7c17a38dab depth=0 name=chip.run ts=7319640838325280 dur=104870146 run_id=13 dispatch_id=50 slot_id=0 generation=13 run_epoch=50
[mono_ns=7319640943565068][T0xf36e4a0b7020][TIMING] emit_host_span: [STRACE] v=1 pid=2155045 tid=2155045 inv=51 hid=aa636548c65ca6a1 depth=2 name=chip.run.bind.args ts=7319640943523707 dur=37371 
[mono_ns=7319640943575748][T0xf36e4a0b7020][TIMING] emit_host_span: [STRACE] v=1 pid=2155045 tid=2155045 inv=51 hid=aa636548c65ca6a1 depth=2 name=chip.run.bind.prebuilt ts=7319640943571638 dur=1810 
[mono_ns=7319640943579778][T0xf36e4a0b7020][TIMING] emit_host_span: [STRACE] v=1 pid=2155045 tid=2155045 inv=51 hid=aa636548c65ca6a1 depth=1 name=chip.run.bind ts=7319640943515267 dur=62481 
[mono_ns=7319640958446541][T0xf36e4a0b7020][TIMING] emit_host_span: [STRACE] v=1 pid=2155045 tid=2155045 inv=51 hid=aa636548c65ca6a1 depth=1 name=chip.run.runner_run ts=7319640943766708 dur=14674853 
[mono_ns=7319640958476221][T0xf36e4a0b7020][TIMING] emit_host_span: [STRACE] v=1 pid=2155045 tid=2155045 inv=51 hid=aa636548c65ca6a1 depth=1 name=chip.run.validate ts=7319640958452731 dur=20520 
[mono_ns=7319640958480391][T0xf36e4a0b7020][TIMING] emit_host_span: [STRACE] v=1 pid=2155045 tid=2155045 inv=51 hid=aa636548c65ca6a1 depth=2 name=chip.run.runner_run.device_wall ts=0 dur=14480740 clk=dev
[mono_ns=7319640958484861][T0xf36e4a0b7020][TIMING] emit_host_span: [STRACE] v=1 pid=2155045 tid=2155045 inv=51 hid=aa636548c65ca6a1 depth=3 name=chip.run.runner_run.device_wall.preamble ts=0 dur=5160 clk=dev
[mono_ns=7319640958488331][T0xf36e4a0b7020][TIMING] emit_host_span: [STRACE] v=1 pid=2155045 tid=2155045 inv=51 hid=aa636548c65ca6a1 depth=3 name=chip.run.runner_run.device_wall.graph_build ts=1579 dur=14468860 clk=dev
[mono_ns=7319640958495591][T0xf36e4a0b7020][TIMING] emit_host_span: [STRACE] v=1 pid=2155045 tid=2155045 inv=51 hid=aa636548c65ca6a1 depth=3 name=chip.run.runner_run.device_wall.config_validate ts=1660 dur=960 clk=dev
[mono_ns=7319640958498721][T0xf36e4a0b7020][TIMING] emit_host_span: [STRACE] v=1 pid=2155045 tid=2155045 inv=51 hid=aa636548c65ca6a1 depth=3 name=chip.run.runner_run.device_wall.arena_wire ts=2640 dur=240 clk=dev
[mono_ns=7319640958501861][T0xf36e4a0b7020][TIMING] emit_host_span: [STRACE] v=1 pid=2155045 tid=2155045 inv=51 hid=aa636548c65ca6a1 depth=3 name=chip.run.runner_run.device_wall.sm_reset ts=2920 dur=480 clk=dev
[mono_ns=7319640958504791][T0xf36e4a0b7020][TIMING] emit_host_span: [STRACE] v=1 pid=2155045 tid=2155045 inv=51 hid=aa636548c65ca6a1 depth=3 name=chip.run.runner_run.device_wall.post_orch ts=14470480 dur=10139 clk=dev
[mono_ns=7319640958507671][T0xf36e4a0b7020][TIMING] emit_host_span: [STRACE] v=1 pid=2155045 tid=2155045 inv=51 hid=aa636548c65ca6a1 depth=3 name=chip.run.runner_run.device_wall.orch ts=3440 dur=2260 clk=dev
[mono_ns=7319640958510851][T0xf36e4a0b7020][TIMING] emit_host_span: [STRACE] v=1 pid=2155045 tid=2155045 inv=51 hid=aa636548c65ca6a1 depth=3 name=chip.run.runner_run.device_wall.sched ts=5260 dur=14458000 clk=dev
[mono_ns=7319640958515121][T0xf36e4a0b7020][TIMING] emit_host_span: [STRACE] v=1 pid=2155045 tid=2155045 inv=51 hid=aa636548c65ca6a1 depth=1 name=chip.run.claim_release ts=7319640958513061 dur=270 
[mono_ns=7319640958519881][T0xf36e4a0b7020][TIMING] emit_host_span: [STRACE] v=1 pid=2155045 tid=2155045 inv=51 hid=aa636548c65ca6a1 depth=0 name=chip.run ts=7319640943491887 dur=15025604 run_id=13 dispatch_id=51 slot_id=0 generation=13 run_epoch=51
[mono_ns=7319640959275464][T0xf36e4a0b7020][TIMING] emit_host_span: [STRACE] v=1 pid=2155045 tid=2155045 inv=52 hid=e3bcbf8fce8ee77f depth=2 name=chip.run.bind.args ts=7319640959223534 dur=47390 
[mono_ns=7319640959286634][T0xf36e4a0b7020][TIMING] emit_host_span: [STRACE] v=1 pid=2155045 tid=2155045 inv=52 hid=e3bcbf8fce8ee77f depth=2 name=chip.run.bind.prebuilt ts=7319640959282764 dur=1750 
[mono_ns=7319640959290784][T0xf36e4a0b7020][TIMING] emit_host_span: [STRACE] v=1 pid=2155045 tid=2155045 inv=52 hid=e3bcbf8fce8ee77f depth=1 name=chip.run.bind ts=7319640959218154 dur=70760 
[mono_ns=7319641063468887][T0xf36e4a0b7020][TIMING] emit_host_span: [STRACE] v=1 pid=2155045 tid=2155045 inv=52 hid=e3bcbf8fce8ee77f depth=1 name=chip.run.runner_run ts=7319640959442385 dur=104014142 
[mono_ns=7319641064063420][T0xf36e4a0b7020][TIMING] emit_host_span: [STRACE] v=1 pid=2155045 tid=2155045 inv=52 hid=e3bcbf8fce8ee77f depth=1 name=chip.run.validate ts=7319641063481367 dur=577013 
[mono_ns=7319641064072970][T0xf36e4a0b7020][TIMING] emit_host_span: [STRACE] v=1 pid=2155045 tid=2155045 inv=52 hid=e3bcbf8fce8ee77f depth=2 name=chip.run.runner_run.device_wall ts=0 dur=75940 clk=dev
[mono_ns=7319641064077290][T0xf36e4a0b7020][TIMING] emit_host_span: [STRACE] v=1 pid=2155045 tid=2155045 inv=52 hid=e3bcbf8fce8ee77f depth=3 name=chip.run.runner_run.device_wall.preamble ts=0 dur=4860 clk=dev
[mono_ns=7319641064081020][T0xf36e4a0b7020][TIMING] emit_host_span: [STRACE] v=1 pid=2155045 tid=2155045 inv=52 hid=e3bcbf8fce8ee77f depth=3 name=chip.run.runner_run.device_wall.graph_build ts=1080 dur=63639 clk=dev
[mono_ns=7319641064095410][T0xf36e4a0b7020][TIMING] emit_host_span: [STRACE] v=1 pid=2155045 tid=2155045 inv=52 hid=e3bcbf8fce8ee77f depth=3 name=chip.run.runner_run.device_wall.config_validate ts=1180 dur=580 clk=dev
[mono_ns=7319641064098610][T0xf36e4a0b7020][TIMING] emit_host_span: [STRACE] v=1 pid=2155045 tid=2155045 inv=52 hid=e3bcbf8fce8ee77f depth=3 name=chip.run.runner_run.device_wall.arena_wire ts=1900 dur=240 clk=dev
[mono_ns=7319641064101620][T0xf36e4a0b7020][TIMING] emit_host_span: [STRACE] v=1 pid=2155045 tid=2155045 inv=52 hid=e3bcbf8fce8ee77f depth=3 name=chip.run.runner_run.device_wall.sm_reset ts=2179 dur=459 clk=dev
[mono_ns=7319641064104920][T0xf36e4a0b7020][TIMING] emit_host_span: [STRACE] v=1 pid=2155045 tid=2155045 inv=52 hid=e3bcbf8fce8ee77f depth=3 name=chip.run.runner_run.device_wall.post_orch ts=64780 dur=11020 clk=dev
[mono_ns=7319641064108770][T0xf36e4a0b7020][TIMING] emit_host_span: [STRACE] v=1 pid=2155045 tid=2155045 inv=52 hid=e3bcbf8fce8ee77f depth=3 name=chip.run.runner_run.device_wall.orch ts=3159 dur=3040 clk=dev
[mono_ns=7319641064111850][T0xf36e4a0b7020][TIMING] emit_host_span: [STRACE] v=1 pid=2155045 tid=2155045 inv=52 hid=e3bcbf8fce8ee77f depth=3 name=chip.run.runner_run.device_wall.sched ts=4979 dur=52280 clk=dev
[mono_ns=7319641064116990][T0xf36e4a0b7020][TIMING] emit_host_span: [STRACE] v=1 pid=2155045 tid=2155045 inv=52 hid=e3bcbf8fce8ee77f depth=1 name=chip.run.claim_release ts=7319641064114620 dur=480 
[mono_ns=7319641064125570][T0xf36e4a0b7020][TIMING] emit_host_span: [STRACE] v=1 pid=2155045 tid=2155045 inv=52 hid=e3bcbf8fce8ee77f depth=0 name=chip.run ts=7319640959199354 dur=104924026 run_id=13 dispatch_id=52 slot_id=0 generation=13 run_epoch=52
[mono_ns=7319641071967544][T0xf36e4a0b7020][TIMING] emit_host_span: [STRACE] v=1 pid=2155045 tid=2155045 inv=53 hid=7330127d2e7be9ea depth=2 name=chip.run.bind.args ts=7319641071272901 dur=689343 
[mono_ns=7319641071980084][T0xf36e4a0b7020][TIMING] emit_host_span: [STRACE] v=1 pid=2155045 tid=2155045 inv=53 hid=7330127d2e7be9ea depth=2 name=chip.run.bind.prebuilt ts=7319641071975614 dur=2000 
[mono_ns=7319641071985544][T0xf36e4a0b7020][TIMING] emit_host_span: [STRACE] v=1 pid=2155045 tid=2155045 inv=53 hid=7330127d2e7be9ea depth=1 name=chip.run.bind ts=7319641071266281 dur=717193 
[mono_ns=7319641073544760][T0xf36ceceddca0][WARN] copy_aicore_buffer: [chip_swimlane_collector.cpp:689] Core 1: skipped 1024 AICore record slot(s) with start_time=0 (race-window write or recycled-buffer tail). buf seq=0 count=1024
[mono_ns=7319641073592820][T0xf36ced6edca0][WARN] copy_aicore_buffer: [chip_swimlane_collector.cpp:689] Core 0: skipped 1024 AICore record slot(s) with start_time=0 (race-window write or recycled-buffer tail). buf seq=0 count=1024
[mono_ns=7319641073594150][T0xf36cec6cdca0][WARN] copy_aicore_buffer: [chip_swimlane_collector.cpp:689] Core 2: skipped 1024 AICore record slot(s) with start_time=0 (race-window write or recycled-buffer tail). buf seq=0 count=1024
[mono_ns=7319641073840521][T0xf36ceceddca0][WARN] copy_aicore_buffer: [chip_swimlane_collector.cpp:689] Core 26: skipped 1024 AICore record slot(s) with start_time=0 (race-window write or recycled-buffer tail). buf seq=0 count=1024
[mono_ns=7319641073878072][T0xf36ced6edca0][WARN] copy_aicore_buffer: [chip_swimlane_collector.cpp:689] Core 24: skipped 1024 AICore record slot(s) with start_time=0 (race-window write or recycled-buffer tail). buf seq=0 count=1024
[mono_ns=7319641073885552][T0xf36cec6cdca0][WARN] copy_aicore_buffer: [chip_swimlane_collector.cpp:689] Core 28: skipped 1023 AICore record slot(s) with start_time=0 (race-window write or recycled-buffer tail). buf seq=0 count=1024
[mono_ns=7319641074137943][T0xf36ceceddca0][WARN] copy_aicore_buffer: [chip_swimlane_collector.cpp:689] Core 27: skipped 1024 AICore record slot(s) with start_time=0 (race-window write or recycled-buffer tail). buf seq=0 count=1024
[mono_ns=7319641074169933][T0xf36ced6edca0][WARN] copy_aicore_buffer: [chip_swimlane_collector.cpp:689] Core 25: skipped 1024 AICore record slot(s) with start_time=0 (race-window write or recycled-buffer tail). buf seq=0 count=1024
[mono_ns=7319641074174903][T0xf36cec6cdca0][WARN] copy_aicore_buffer: [chip_swimlane_collector.cpp:689] Core 29: skipped 1024 AICore record slot(s) with start_time=0 (race-window write or recycled-buffer tail). buf seq=0 count=1024
[mono_ns=7319641074417884][T0xf36ceceddca0][WARN] copy_aicore_buffer: [chip_swimlane_collector.cpp:689] Core 4: skipped 1024 AICore record slot(s) with start_time=0 (race-window write or recycled-buffer tail). buf seq=0 count=1024
[mono_ns=7319641074449364][T0xf36ced6edca0][WARN] copy_aicore_buffer: [chip_swimlane_collector.cpp:689] Core 3: skipped 1024 AICore record slot(s) with start_time=0 (race-window write or recycled-buffer tail). buf seq=0 count=1024
[mono_ns=7319641074454854][T0xf36cec6cdca0][WARN] copy_aicore_buffer: [chip_swimlane_collector.cpp:689] Core 5: skipped 1024 AICore record slot(s) with start_time=0 (race-window write or recycled-buffer tail). buf seq=0 count=1024
[mono_ns=7319641074699015][T0xf36ceceddca0][WARN] copy_aicore_buffer: [chip_swimlane_collector.cpp:689] Core 32: skipped 1023 AICore record slot(s) with start_time=0 (race-window write or recycled-buffer tail). buf seq=0 count=1024
[mono_ns=7319641074728065][T0xf36ced6edca0][WARN] copy_aicore_buffer: [chip_swimlane_collector.cpp:689] Core 30: skipped 1024 AICore record slot(s) with start_time=0 (race-window write or recycled-buffer tail). buf seq=0 count=1024
[mono_ns=7319641074738105][T0xf36cec6cdca0][WARN] copy_aicore_buffer: [chip_swimlane_collector.cpp:689] Core 34: skipped 1024 AICore record slot(s) with start_time=0 (race-window write or recycled-buffer tail). buf seq=0 count=1024
[mono_ns=7319641074980746][T0xf36ceceddca0][WARN] copy_aicore_buffer: [chip_swimlane_collector.cpp:689] Core 33: skipped 1024 AICore record slot(s) with start_time=0 (race-window write or recycled-buffer tail). buf seq=0 count=1024
[mono_ns=7319641075011406][T0xf36ced6edca0][WARN] copy_aicore_buffer: [chip_swimlane_collector.cpp:689] Core 31: skipped 1024 AICore record slot(s) with start_time=0 (race-window write or recycled-buffer tail). buf seq=0 count=1024
[mono_ns=7319641075021207][T0xf36cec6cdca0][WARN] copy_aicore_buffer: [chip_swimlane_collector.cpp:689] Core 35: skipped 1024 AICore record slot(s) with start_time=0 (race-window write or recycled-buffer tail). buf seq=0 count=1024
[mono_ns=7319641075264148][T0xf36ceceddca0][WARN] copy_aicore_buffer: [chip_swimlane_collector.cpp:689] Core 7: skipped 1024 AICore record slot(s) with start_time=0 (race-window write or recycled-buffer tail). buf seq=0 count=1024
[mono_ns=7319641075292178][T0xf36ced6edca0][WARN] copy_aicore_buffer: [chip_swimlane_collector.cpp:689] Core 6: skipped 1024 AICore record slot(s) with start_time=0 (race-window write or recycled-buffer tail). buf seq=0 count=1024
[mono_ns=7319641075301168][T0xf36cec6cdca0][WARN] copy_aicore_buffer: [chip_swimlane_collector.cpp:689] Core 8: skipped 1024 AICore record slot(s) with start_time=0 (race-window write or recycled-buffer tail). buf seq=0 count=1024
[mono_ns=7319641075543689][T0xf36ceceddca0][WARN] copy_aicore_buffer: [chip_swimlane_collector.cpp:689] Core 38: skipped 1024 AICore record slot(s) with start_time=0 (race-window write or recycled-buffer tail). buf seq=0 count=1024
[mono_ns=7319641075571279][T0xf36ced6edca0][WARN] copy_aicore_buffer: [chip_swimlane_collector.cpp:689] Core 36: skipped 1024 AICore record slot(s) with start_time=0 (race-window write or recycled-buffer tail). buf seq=0 count=1024
[mono_ns=7319641075580469][T0xf36cec6cdca0][WARN] copy_aicore_buffer: [chip_swimlane_collector.cpp:689] Core 40: skipped 1024 AICore record slot(s) with start_time=0 (race-window write or recycled-buffer tail). buf seq=0 count=1024
[mono_ns=7319641075823670][T0xf36ceceddca0][WARN] copy_aicore_buffer: [chip_swimlane_collector.cpp:689] Core 39: skipped 1024 AICore record slot(s) with start_time=0 (race-window write or recycled-buffer tail). buf seq=0 count=1024
[mono_ns=7319641075849280][T0xf36ced6edca0][WARN] copy_aicore_buffer: [chip_swimlane_collector.cpp:689] Core 37: skipped 1024 AICore record slot(s) with start_time=0 (race-window write or recycled-buffer tail). buf seq=0 count=1024
[mono_ns=7319641075860960][T0xf36cec6cdca0][WARN] copy_aicore_buffer: [chip_swimlane_collector.cpp:689] Core 41: skipped 1024 AICore record slot(s) with start_time=0 (race-window write or recycled-buffer tail). buf seq=0 count=1024
[mono_ns=7319641076111221][T0xf36ceceddca0][WARN] copy_aicore_buffer: [chip_swimlane_collector.cpp:689] Core 10: skipped 1024 AICore record slot(s) with start_time=0 (race-window write or recycled-buffer tail). buf seq=0 count=1024
[mono_ns=7319641076141851][T0xf36ced6edca0][WARN] copy_aicore_buffer: [chip_swimlane_collector.cpp:689] Core 9: skipped 1024 AICore record slot(s) with start_time=0 (race-window write or recycled-buffer tail). buf seq=0 count=1024
[mono_ns=7319641076151901][T0xf36cec6cdca0][WARN] copy_aicore_buffer: [chip_swimlane_collector.cpp:689] Core 11: skipped 1023 AICore record slot(s) with start_time=0 (race-window write or recycled-buffer tail). buf seq=0 count=1024
[mono_ns=7319641076390352][T0xf36ceceddca0][WARN] copy_aicore_buffer: [chip_swimlane_collector.cpp:689] Core 44: skipped 1024 AICore record slot(s) with start_time=0 (race-window write or recycled-buffer tail). buf seq=0 count=1024
[mono_ns=7319641076421182][T0xf36ced6edca0][WARN] copy_aicore_buffer: [chip_swimlane_collector.cpp:689] Core 42: skipped 1024 AICore record slot(s) with start_time=0 (race-window write or recycled-buffer tail). buf seq=0 count=1024
[mono_ns=7319641076431323][T0xf36cec6cdca0][WARN] copy_aicore_buffer: [chip_swimlane_collector.cpp:689] Core 46: skipped 1024 AICore record slot(s) with start_time=0 (race-window write or recycled-buffer tail). buf seq=0 count=1024
[mono_ns=7319641076669304][T0xf36ceceddca0][WARN] copy_aicore_buffer: [chip_swimlane_collector.cpp:689] Core 45: skipped 1024 AICore record slot(s) with start_time=0 (race-window write or recycled-buffer tail). buf seq=0 count=1024
[mono_ns=7319641076700304][T0xf36ced6edca0][WARN] copy_aicore_buffer: [chip_swimlane_collector.cpp:689] Core 43: skipped 1024 AICore record slot(s) with start_time=0 (race-window write or recycled-buffer tail). buf seq=0 count=1024
[mono_ns=7319641076709924][T0xf36cec6cdca0][WARN] copy_aicore_buffer: [chip_swimlane_collector.cpp:689] Core 47: skipped 1024 AICore record slot(s) with start_time=0 (race-window write or recycled-buffer tail). buf seq=0 count=1024
[mono_ns=7319641076948925][T0xf36ceceddca0][WARN] copy_aicore_buffer: [chip_swimlane_collector.cpp:689] Core 13: skipped 1024 AICore record slot(s) with start_time=0 (race-window write or recycled-buffer tail). buf seq=0 count=1024
[mono_ns=7319641076982375][T0xf36ced6edca0][WARN] copy_aicore_buffer: [chip_swimlane_collector.cpp:689] Core 12: skipped 1024 AICore record slot(s) with start_time=0 (race-window write or recycled-buffer tail). buf seq=0 count=1024
[mono_ns=7319641076989395][T0xf36cec6cdca0][WARN] copy_aicore_buffer: [chip_swimlane_collector.cpp:689] Core 14: skipped 1024 AICore record slot(s) with start_time=0 (race-window write or recycled-buffer tail). buf seq=0 count=1024
[mono_ns=7319641077237166][T0xf36ceceddca0][WARN] copy_aicore_buffer: [chip_swimlane_collector.cpp:689] Core 50: skipped 1024 AICore record slot(s) with start_time=0 (race-window write or recycled-buffer tail). buf seq=0 count=1024
[mono_ns=7319641077268876][T0xf36ced6edca0][WARN] copy_aicore_buffer: [chip_swimlane_collector.cpp:689] Core 48: skipped 1024 AICore record slot(s) with start_time=0 (race-window write or recycled-buffer tail). buf seq=0 count=1024
[mono_ns=7319641077277326][T0xf36cec6cdca0][WARN] copy_aicore_buffer: [chip_swimlane_collector.cpp:689] Core 52: skipped 1023 AICore record slot(s) with start_time=0 (race-window write or recycled-buffer tail). buf seq=0 count=1024
[mono_ns=7319641077517567][T0xf36ceceddca0][WARN] copy_aicore_buffer: [chip_swimlane_collector.cpp:689] Core 51: skipped 1024 AICore record slot(s) with start_time=0 (race-window write or recycled-buffer tail). buf seq=0 count=1024
[mono_ns=7319641077546927][T0xf36ced6edca0][WARN] copy_aicore_buffer: [chip_swimlane_collector.cpp:689] Core 49: skipped 1024 AICore record slot(s) with start_time=0 (race-window write or recycled-buffer tail). buf seq=0 count=1024
[mono_ns=7319641077556987][T0xf36cec6cdca0][WARN] copy_aicore_buffer: [chip_swimlane_collector.cpp:689] Core 53: skipped 1024 AICore record slot(s) with start_time=0 (race-window write or recycled-buffer tail). buf seq=0 count=1024
[mono_ns=7319641077797138][T0xf36ceceddca0][WARN] copy_aicore_buffer: [chip_swimlane_collector.cpp:689] Core 16: skipped 1024 AICore record slot(s) with start_time=0 (race-window write or recycled-buffer tail). buf seq=0 count=1024
[mono_ns=7319641077825418][T0xf36ced6edca0][WARN] copy_aicore_buffer: [chip_swimlane_collector.cpp:689] Core 15: skipped 1024 AICore record slot(s) with start_time=0 (race-window write or recycled-buffer tail). buf seq=0 count=1024
[mono_ns=7319641077837538][T0xf36cec6cdca0][WARN] copy_aicore_buffer: [chip_swimlane_collector.cpp:689] Core 17: skipped 1024 AICore record slot(s) with start_time=0 (race-window write or recycled-buffer tail). buf seq=0 count=1024
[mono_ns=7319641078084620][T0xf36ceceddca0][WARN] copy_aicore_buffer: [chip_swimlane_collector.cpp:689] Core 56: skipped 1024 AICore record slot(s) with start_time=0 (race-window write or recycled-buffer tail). buf seq=0 count=1024
[mono_ns=7319641078113290][T0xf36ced6edca0][WARN] copy_aicore_buffer: [chip_swimlane_collector.cpp:689] Core 54: skipped 1024 AICore record slot(s) with start_time=0 (race-window write or recycled-buffer tail). buf seq=0 count=1024
[mono_ns=7319641078125780][T0xf36cec6cdca0][WARN] copy_aicore_buffer: [chip_swimlane_collector.cpp:689] Core 58: skipped 1024 AICore record slot(s) with start_time=0 (race-window write or recycled-buffer tail). buf seq=0 count=1024
[mono_ns=7319641078362091][T0xf36ceceddca0][WARN] copy_aicore_buffer: [chip_swimlane_collector.cpp:689] Core 57: skipped 1024 AICore record slot(s) with start_time=0 (race-window write or recycled-buffer tail). buf seq=0 count=1024
[mono_ns=7319641078392231][T0xf36ced6edca0][WARN] copy_aicore_buffer: [chip_swimlane_collector.cpp:689] Core 55: skipped 1024 AICore record slot(s) with start_time=0 (race-window write or recycled-buffer tail). buf seq=0 count=1024
[mono_ns=7319641078404831][T0xf36cec6cdca0][WARN] copy_aicore_buffer: [chip_swimlane_collector.cpp:689] Core 59: skipped 1024 AICore record slot(s) with start_time=0 (race-window write or recycled-buffer tail). buf seq=0 count=1024
[mono_ns=7319641078640382][T0xf36ceceddca0][WARN] copy_aicore_buffer: [chip_swimlane_collector.cpp:689] Core 19: skipped 1024 AICore record slot(s) with start_time=0 (race-window write or recycled-buffer tail). buf seq=0 count=1024
[mono_ns=7319641078671502][T0xf36ced6edca0][WARN] copy_aicore_buffer: [chip_swimlane_collector.cpp:689] Core 18: skipped 1024 AICore record slot(s) with start_time=0 (race-window write or recycled-buffer tail). buf seq=0 count=1024
[mono_ns=7319641078683072][T0xf36cec6cdca0][WARN] copy_aicore_buffer: [chip_swimlane_collector.cpp:689] Core 20: skipped 1024 AICore record slot(s) with start_time=0 (race-window write or recycled-buffer tail). buf seq=0 count=1024
[mono_ns=7319641078919883][T0xf36ceceddca0][WARN] copy_aicore_buffer: [chip_swimlane_collector.cpp:689] Core 62: skipped 1024 AICore record slot(s) with start_time=0 (race-window write or recycled-buffer tail). buf seq=0 count=1024
[mono_ns=7319641078949513][T0xf36ced6edca0][WARN] copy_aicore_buffer: [chip_swimlane_collector.cpp:689] Core 60: skipped 1024 AICore record slot(s) with start_time=0 (race-window write or recycled-buffer tail). buf seq=0 count=1024
[mono_ns=7319641078960363][T0xf36cec6cdca0][WARN] copy_aicore_buffer: [chip_swimlane_collector.cpp:689] Core 64: skipped 1024 AICore record slot(s) with start_time=0 (race-window write or recycled-buffer tail). buf seq=0 count=1024
[mono_ns=7319641079214504][T0xf36ceceddca0][WARN] copy_aicore_buffer: [chip_swimlane_collector.cpp:689] Core 63: skipped 1024 AICore record slot(s) with start_time=0 (race-window write or recycled-buffer tail). buf seq=0 count=1024
[mono_ns=7319641079241584][T0xf36ced6edca0][WARN] copy_aicore_buffer: [chip_swimlane_collector.cpp:689] Core 61: skipped 1024 AICore record slot(s) with start_time=0 (race-window write or recycled-buffer tail). buf seq=0 count=1024
[mono_ns=7319641079259215][T0xf36cec6cdca0][WARN] copy_aicore_buffer: [chip_swimlane_collector.cpp:689] Core 65: skipped 1024 AICore record slot(s) with start_time=0 (race-window write or recycled-buffer tail). buf seq=0 count=1024
[mono_ns=7319641079493976][T0xf36ceceddca0][WARN] copy_aicore_buffer: [chip_swimlane_collector.cpp:689] Core 22: skipped 1024 AICore record slot(s) with start_time=0 (race-window write or recycled-buffer tail). buf seq=0 count=1024
[mono_ns=7319641079521746][T0xf36ced6edca0][WARN] copy_aicore_buffer: [chip_swimlane_collector.cpp:689] Core 21: skipped 1024 AICore record slot(s) with start_time=0 (race-window write or recycled-buffer tail). buf seq=0 count=1024
[mono_ns=7319641079540636][T0xf36cec6cdca0][WARN] copy_aicore_buffer: [chip_swimlane_collector.cpp:689] Core 23: skipped 1024 AICore record slot(s) with start_time=0 (race-window write or recycled-buffer tail). buf seq=0 count=1024
[mono_ns=7319641079773057][T0xf36ceceddca0][WARN] copy_aicore_buffer: [chip_swimlane_collector.cpp:689] Core 68: skipped 1024 AICore record slot(s) with start_time=0 (race-window write or recycled-buffer tail). buf seq=0 count=1024
[mono_ns=7319641079801347][T0xf36ced6edca0][WARN] copy_aicore_buffer: [chip_swimlane_collector.cpp:689] Core 66: skipped 1024 AICore record slot(s) with start_time=0 (race-window write or recycled-buffer tail). buf seq=0 count=1024
[mono_ns=7319641079822747][T0xf36cec6cdca0][WARN] copy_aicore_buffer: [chip_swimlane_collector.cpp:689] Core 70: skipped 1024 AICore record slot(s) with start_time=0 (race-window write or recycled-buffer tail). buf seq=0 count=1024
[mono_ns=7319641080060338][T0xf36ceceddca0][WARN] copy_aicore_buffer: [chip_swimlane_collector.cpp:689] Core 69: skipped 1024 AICore record slot(s) with start_time=0 (race-window write or recycled-buffer tail). buf seq=0 count=1024
[mono_ns=7319641080088078][T0xf36ced6edca0][WARN] copy_aicore_buffer: [chip_swimlane_collector.cpp:689] Core 67: skipped 1024 AICore record slot(s) with start_time=0 (race-window write or recycled-buffer tail). buf seq=0 count=1024
[mono_ns=7319641080113308][T0xf36cec6cdca0][WARN] copy_aicore_buffer: [chip_swimlane_collector.cpp:689] Core 71: skipped 1024 AICore record slot(s) with start_time=0 (race-window write or recycled-buffer tail). buf seq=0 count=1024
[mono_ns=7319641180551375][T0xf36e4a0b7020][TIMING] emit_host_span: [STRACE] v=1 pid=2155045 tid=2155045 inv=53 hid=7330127d2e7be9ea depth=1 name=chip.run.runner_run ts=7319641072317185 dur=108227980 
[mono_ns=7319641180588865][T0xf36e4a0b7020][TIMING] emit_host_span: [STRACE] v=1 pid=2155045 tid=2155045 inv=53 hid=7330127d2e7be9ea depth=1 name=chip.run.validate ts=7319641180561175 dur=24540 
[mono_ns=7319641180593675][T0xf36e4a0b7020][TIMING] emit_host_span: [STRACE] v=1 pid=2155045 tid=2155045 inv=53 hid=7330127d2e7be9ea depth=2 name=chip.run.runner_run.device_wall ts=0 dur=760620 clk=dev
[mono_ns=7319641180597445][T0xf36e4a0b7020][TIMING] emit_host_span: [STRACE] v=1 pid=2155045 tid=2155045 inv=53 hid=7330127d2e7be9ea depth=3 name=chip.run.runner_run.device_wall.preamble ts=0 dur=651400 clk=dev
[mono_ns=7319641180601185][T0xf36e4a0b7020][TIMING] emit_host_span: [STRACE] v=1 pid=2155045 tid=2155045 inv=53 hid=7330127d2e7be9ea depth=3 name=chip.run.runner_run.device_wall.graph_build ts=647000 dur=102460 clk=dev
[mono_ns=7319641180604645][T0xf36e4a0b7020][TIMING] emit_host_span: [STRACE] v=1 pid=2155045 tid=2155045 inv=53 hid=7330127d2e7be9ea depth=3 name=chip.run.runner_run.device_wall.config_validate ts=647220 dur=459 clk=dev
[mono_ns=7319641180607805][T0xf36e4a0b7020][TIMING] emit_host_span: [STRACE] v=1 pid=2155045 tid=2155045 inv=53 hid=7330127d2e7be9ea depth=3 name=chip.run.runner_run.device_wall.arena_wire ts=647699 dur=339 clk=dev
[mono_ns=7319641180611495][T0xf36e4a0b7020][TIMING] emit_host_span: [STRACE] v=1 pid=2155045 tid=2155045 inv=53 hid=7330127d2e7be9ea depth=3 name=chip.run.runner_run.device_wall.sm_reset ts=648060 dur=860 clk=dev
[mono_ns=7319641180614585][T0xf36e4a0b7020][TIMING] emit_host_span: [STRACE] v=1 pid=2155045 tid=2155045 inv=53 hid=7330127d2e7be9ea depth=3 name=chip.run.runner_run.device_wall.post_orch ts=749500 dur=11000 clk=dev
[mono_ns=7319641180617715][T0xf36e4a0b7020][TIMING] emit_host_span: [STRACE] v=1 pid=2155045 tid=2155045 inv=53 hid=7330127d2e7be9ea depth=3 name=chip.run.runner_run.device_wall.orch ts=648979 dur=1359 clk=dev
[mono_ns=7319641180626335][T0xf36e4a0b7020][TIMING] emit_host_span: [STRACE] v=1 pid=2155045 tid=2155045 inv=53 hid=7330127d2e7be9ea depth=3 name=chip.run.runner_run.device_wall.sched ts=651699 dur=79320 clk=dev
[mono_ns=7319641180630526][T0xf36e4a0b7020][TIMING] emit_host_span: [STRACE] v=1 pid=2155045 tid=2155045 inv=53 hid=7330127d2e7be9ea depth=1 name=chip.run.claim_release ts=7319641180628326 dur=340 
[mono_ns=7319641180635246][T0xf36e4a0b7020][TIMING] emit_host_span: [STRACE] v=1 pid=2155045 tid=2155045 inv=53 hid=7330127d2e7be9ea depth=0 name=chip.run ts=7319641071241100 dur=109392056 run_id=14 dispatch_id=53 slot_id=0 generation=14 run_epoch=53
[mono_ns=7319641181364959][T0xf36e4a0b7020][TIMING] emit_host_span: [STRACE] v=1 pid=2155045 tid=2155045 inv=54 hid=9a0ce7c17a38dab depth=2 name=chip.run.bind.args ts=7319641181299358 dur=60221 
[mono_ns=7319641181376369][T0xf36e4a0b7020][TIMING] emit_host_span: [STRACE] v=1 pid=2155045 tid=2155045 inv=54 hid=9a0ce7c17a38dab depth=2 name=chip.run.bind.prebuilt ts=7319641181372139 dur=1930 
[mono_ns=7319641181380739][T0xf36e4a0b7020][TIMING] emit_host_span: [STRACE] v=1 pid=2155045 tid=2155045 inv=54 hid=9a0ce7c17a38dab depth=1 name=chip.run.bind ts=7319641181292228 dur=86401 
[mono_ns=7319641182642034][T0xf36cec6cdca0][WARN] copy_aicore_buffer: [chip_swimlane_collector.cpp:689] Core 2: skipped 1024 AICore record slot(s) with start_time=0 (race-window write or recycled-buffer tail). buf seq=0 count=1024
[mono_ns=7319641182677394][T0xf36ceceddca0][WARN] copy_aicore_buffer: [chip_swimlane_collector.cpp:689] Core 1: skipped 1024 AICore record slot(s) with start_time=0 (race-window write or recycled-buffer tail). buf seq=0 count=1024
[mono_ns=7319641182707394][T0xf36ced6edca0][WARN] copy_aicore_buffer: [chip_swimlane_collector.cpp:689] Core 0: skipped 1024 AICore record slot(s) with start_time=0 (race-window write or recycled-buffer tail). buf seq=0 count=1024
[mono_ns=7319641182933165][T0xf36cec6cdca0][WARN] copy_aicore_buffer: [chip_swimlane_collector.cpp:689] Core 28: skipped 1023 AICore record slot(s) with start_time=0 (race-window write or recycled-buffer tail). buf seq=0 count=1024
[mono_ns=7319641182959185][T0xf36ceceddca0][WARN] copy_aicore_buffer: [chip_swimlane_collector.cpp:689] Core 26: skipped 1024 AICore record slot(s) with start_time=0 (race-window write or recycled-buffer tail). buf seq=0 count=1024
[mono_ns=7319641182985926][T0xf36ced6edca0][WARN] copy_aicore_buffer: [chip_swimlane_collector.cpp:689] Core 24: skipped 1024 AICore record slot(s) with start_time=0 (race-window write or recycled-buffer tail). buf seq=0 count=1024
[mono_ns=7319641183226167][T0xf36cec6cdca0][WARN] copy_aicore_buffer: [chip_swimlane_collector.cpp:689] Core 29: skipped 1024 AICore record slot(s) with start_time=0 (race-window write or recycled-buffer tail). buf seq=0 count=1024
[mono_ns=7319641183250807][T0xf36ceceddca0][WARN] copy_aicore_buffer: [chip_swimlane_collector.cpp:689] Core 27: skipped 1024 AICore record slot(s) with start_time=0 (race-window write or recycled-buffer tail). buf seq=0 count=1024
[mono_ns=7319641183272317][T0xf36ced6edca0][WARN] copy_aicore_buffer: [chip_swimlane_collector.cpp:689] Core 25: skipped 1024 AICore record slot(s) with start_time=0 (race-window write or recycled-buffer tail). buf seq=0 count=1024
[mono_ns=7319641183506978][T0xf36cec6cdca0][WARN] copy_aicore_buffer: [chip_swimlane_collector.cpp:689] Core 5: skipped 1024 AICore record slot(s) with start_time=0 (race-window write or recycled-buffer tail). buf seq=0 count=1024
[mono_ns=7319641183529898][T0xf36ceceddca0][WARN] copy_aicore_buffer: [chip_swimlane_collector.cpp:689] Core 4: skipped 1024 AICore record slot(s) with start_time=0 (race-window write or recycled-buffer tail). buf seq=0 count=1024
[mono_ns=7319641183553418][T0xf36ced6edca0][WARN] copy_aicore_buffer: [chip_swimlane_collector.cpp:689] Core 3: skipped 1024 AICore record slot(s) with start_time=0 (race-window write or recycled-buffer tail). buf seq=0 count=1024
[mono_ns=7319641183787459][T0xf36cec6cdca0][WARN] copy_aicore_buffer: [chip_swimlane_collector.cpp:689] Core 34: skipped 1024 AICore record slot(s) with start_time=0 (race-window write or recycled-buffer tail). buf seq=0 count=1024
[mono_ns=7319641183808759][T0xf36ceceddca0][WARN] copy_aicore_buffer: [chip_swimlane_collector.cpp:689] Core 32: skipped 1023 AICore record slot(s) with start_time=0 (race-window write or recycled-buffer tail). buf seq=0 count=1024
[mono_ns=7319641183832609][T0xf36ced6edca0][WARN] copy_aicore_buffer: [chip_swimlane_collector.cpp:689] Core 30: skipped 1024 AICore record slot(s) with start_time=0 (race-window write or recycled-buffer tail). buf seq=0 count=1024
[mono_ns=7319641184080460][T0xf36cec6cdca0][WARN] copy_aicore_buffer: [chip_swimlane_collector.cpp:689] Core 35: skipped 1024 AICore record slot(s) with start_time=0 (race-window write or recycled-buffer tail). buf seq=0 count=1024
[mono_ns=7319641184091860][T0xf36ceceddca0][WARN] copy_aicore_buffer: [chip_swimlane_collector.cpp:689] Core 33: skipped 1024 AICore record slot(s) with start_time=0 (race-window write or recycled-buffer tail). buf seq=0 count=1024
[mono_ns=7319641184123940][T0xf36ced6edca0][WARN] copy_aicore_buffer: [chip_swimlane_collector.cpp:689] Core 31: skipped 1024 AICore record slot(s) with start_time=0 (race-window write or recycled-buffer tail). buf seq=0 count=1024
[mono_ns=7319641184362501][T0xf36cec6cdca0][WARN] copy_aicore_buffer: [chip_swimlane_collector.cpp:689] Core 8: skipped 1024 AICore record slot(s) with start_time=0 (race-window write or recycled-buffer tail). buf seq=0 count=1024
[mono_ns=7319641184372751][T0xf36ceceddca0][WARN] copy_aicore_buffer: [chip_swimlane_collector.cpp:689] Core 7: skipped 1024 AICore record slot(s) with start_time=0 (race-window write or recycled-buffer tail). buf seq=0 count=1024
[mono_ns=7319641184401842][T0xf36ced6edca0][WARN] copy_aicore_buffer: [chip_swimlane_collector.cpp:689] Core 6: skipped 1024 AICore record slot(s) with start_time=0 (race-window write or recycled-buffer tail). buf seq=0 count=1024
[mono_ns=7319641184644493][T0xf36cec6cdca0][WARN] copy_aicore_buffer: [chip_swimlane_collector.cpp:689] Core 40: skipped 1024 AICore record slot(s) with start_time=0 (race-window write or recycled-buffer tail). buf seq=0 count=1024
[mono_ns=7319641184652623][T0xf36ceceddca0][WARN] copy_aicore_buffer: [chip_swimlane_collector.cpp:689] Core 38: skipped 1023 AICore record slot(s) with start_time=0 (race-window write or recycled-buffer tail). buf seq=0 count=1024
[mono_ns=7319641184679603][T0xf36ced6edca0][WARN] copy_aicore_buffer: [chip_swimlane_collector.cpp:689] Core 36: skipped 1024 AICore record slot(s) with start_time=0 (race-window write or recycled-buffer tail). buf seq=0 count=1024
[mono_ns=7319641184926224][T0xf36cec6cdca0][WARN] copy_aicore_buffer: [chip_swimlane_collector.cpp:689] Core 41: skipped 1024 AICore record slot(s) with start_time=0 (race-window write or recycled-buffer tail). buf seq=0 count=1024
[mono_ns=7319641184929084][T0xf36ceceddca0][WARN] copy_aicore_buffer: [chip_swimlane_collector.cpp:689] Core 39: skipped 1024 AICore record slot(s) with start_time=0 (race-window write or recycled-buffer tail). buf seq=0 count=1024
[mono_ns=7319641184959204][T0xf36ced6edca0][WARN] copy_aicore_buffer: [chip_swimlane_collector.cpp:689] Core 37: skipped 1024 AICore record slot(s) with start_time=0 (race-window write or recycled-buffer tail). buf seq=0 count=1024
[mono_ns=7319641185215015][T0xf36cec6cdca0][WARN] copy_aicore_buffer: [chip_swimlane_collector.cpp:689] Core 11: skipped 1024 AICore record slot(s) with start_time=0 (race-window write or recycled-buffer tail). buf seq=0 count=1024
[mono_ns=7319641185216215][T0xf36ceceddca0][WARN] copy_aicore_buffer: [chip_swimlane_collector.cpp:689] Core 10: skipped 1024 AICore record slot(s) with start_time=0 (race-window write or recycled-buffer tail). buf seq=0 count=1024
[mono_ns=7319641185244495][T0xf36ced6edca0][WARN] copy_aicore_buffer: [chip_swimlane_collector.cpp:689] Core 9: skipped 1024 AICore record slot(s) with start_time=0 (race-window write or recycled-buffer tail). buf seq=0 count=1024
[mono_ns=7319641185492956][T0xf36ceceddca0][WARN] copy_aicore_buffer: [chip_swimlane_collector.cpp:689] Core 44: skipped 1024 AICore record slot(s) with start_time=0 (race-window write or recycled-buffer tail). buf seq=0 count=1024
[mono_ns=7319641185496426][T0xf36cec6cdca0][WARN] copy_aicore_buffer: [chip_swimlane_collector.cpp:689] Core 46: skipped 1024 AICore record slot(s) with start_time=0 (race-window write or recycled-buffer tail). buf seq=0 count=1024
[mono_ns=7319641185523516][T0xf36ced6edca0][WARN] copy_aicore_buffer: [chip_swimlane_collector.cpp:689] Core 42: skipped 1024 AICore record slot(s) with start_time=0 (race-window write or recycled-buffer tail). buf seq=0 count=1024
[mono_ns=7319641185770747][T0xf36ceceddca0][WARN] copy_aicore_buffer: [chip_swimlane_collector.cpp:689] Core 45: skipped 1024 AICore record slot(s) with start_time=0 (race-window write or recycled-buffer tail). buf seq=0 count=1024
[mono_ns=7319641185775697][T0xf36cec6cdca0][WARN] copy_aicore_buffer: [chip_swimlane_collector.cpp:689] Core 47: skipped 1024 AICore record slot(s) with start_time=0 (race-window write or recycled-buffer tail). buf seq=0 count=1024
[mono_ns=7319641185802568][T0xf36ced6edca0][WARN] copy_aicore_buffer: [chip_swimlane_collector.cpp:689] Core 43: skipped 1024 AICore record slot(s) with start_time=0 (race-window write or recycled-buffer tail). buf seq=0 count=1024
[mono_ns=7319641186057359][T0xf36ceceddca0][WARN] copy_aicore_buffer: [chip_swimlane_collector.cpp:689] Core 13: skipped 1024 AICore record slot(s) with start_time=0 (race-window write or recycled-buffer tail). buf seq=0 count=1024
[mono_ns=7319641186062829][T0xf36cec6cdca0][WARN] copy_aicore_buffer: [chip_swimlane_collector.cpp:689] Core 14: skipped 1024 AICore record slot(s) with start_time=0 (race-window write or recycled-buffer tail). buf seq=0 count=1024
[mono_ns=7319641186087049][T0xf36ced6edca0][WARN] copy_aicore_buffer: [chip_swimlane_collector.cpp:689] Core 12: skipped 1024 AICore record slot(s) with start_time=0 (race-window write or recycled-buffer tail). buf seq=0 count=1024
[mono_ns=7319641186336030][T0xf36ceceddca0][WARN] copy_aicore_buffer: [chip_swimlane_collector.cpp:689] Core 50: skipped 1024 AICore record slot(s) with start_time=0 (race-window write or recycled-buffer tail). buf seq=0 count=1024
[mono_ns=7319641186342840][T0xf36cec6cdca0][WARN] copy_aicore_buffer: [chip_swimlane_collector.cpp:689] Core 52: skipped 1023 AICore record slot(s) with start_time=0 (race-window write or recycled-buffer tail). buf seq=0 count=1024
[mono_ns=7319641186364550][T0xf36ced6edca0][WARN] copy_aicore_buffer: [chip_swimlane_collector.cpp:689] Core 48: skipped 1024 AICore record slot(s) with start_time=0 (race-window write or recycled-buffer tail). buf seq=0 count=1024
[mono_ns=7319641186617551][T0xf36ceceddca0][WARN] copy_aicore_buffer: [chip_swimlane_collector.cpp:689] Core 51: skipped 1024 AICore record slot(s) with start_time=0 (race-window write or recycled-buffer tail). buf seq=0 count=1024
[mono_ns=7319641186621731][T0xf36cec6cdca0][WARN] copy_aicore_buffer: [chip_swimlane_collector.cpp:689] Core 53: skipped 1024 AICore record slot(s) with start_time=0 (race-window write or recycled-buffer tail). buf seq=0 count=1024
[mono_ns=7319641186643651][T0xf36ced6edca0][WARN] copy_aicore_buffer: [chip_swimlane_collector.cpp:689] Core 49: skipped 1024 AICore record slot(s) with start_time=0 (race-window write or recycled-buffer tail). buf seq=0 count=1024
[mono_ns=7319641186894642][T0xf36ceceddca0][WARN] copy_aicore_buffer: [chip_swimlane_collector.cpp:689] Core 16: skipped 1024 AICore record slot(s) with start_time=0 (race-window write or recycled-buffer tail). buf seq=0 count=1024
[mono_ns=7319641186900022][T0xf36cec6cdca0][WARN] copy_aicore_buffer: [chip_swimlane_collector.cpp:689] Core 17: skipped 1024 AICore record slot(s) with start_time=0 (race-window write or recycled-buffer tail). buf seq=0 count=1024
[mono_ns=7319641186921952][T0xf36ced6edca0][WARN] copy_aicore_buffer: [chip_swimlane_collector.cpp:689] Core 15: skipped 1024 AICore record slot(s) with start_time=0 (race-window write or recycled-buffer tail). buf seq=0 count=1024
[mono_ns=7319641187180453][T0xf36ceceddca0][WARN] copy_aicore_buffer: [chip_swimlane_collector.cpp:689] Core 56: skipped 1024 AICore record slot(s) with start_time=0 (race-window write or recycled-buffer tail). buf seq=0 count=1024
[mono_ns=7319641187185653][T0xf36cec6cdca0][WARN] copy_aicore_buffer: [chip_swimlane_collector.cpp:689] Core 58: skipped 1024 AICore record slot(s) with start_time=0 (race-window write or recycled-buffer tail). buf seq=0 count=1024
[mono_ns=7319641187210703][T0xf36ced6edca0][WARN] copy_aicore_buffer: [chip_swimlane_collector.cpp:689] Core 54: skipped 1024 AICore record slot(s) with start_time=0 (race-window write or recycled-buffer tail). buf seq=0 count=1024
[mono_ns=7319641187460295][T0xf36ceceddca0][WARN] copy_aicore_buffer: [chip_swimlane_collector.cpp:689] Core 57: skipped 1024 AICore record slot(s) with start_time=0 (race-window write or recycled-buffer tail). buf seq=0 count=1024
[mono_ns=7319641187464985][T0xf36cec6cdca0][WARN] copy_aicore_buffer: [chip_swimlane_collector.cpp:689] Core 59: skipped 1024 AICore record slot(s) with start_time=0 (race-window write or recycled-buffer tail). buf seq=0 count=1024
[mono_ns=7319641187489955][T0xf36ced6edca0][WARN] copy_aicore_buffer: [chip_swimlane_collector.cpp:689] Core 55: skipped 1024 AICore record slot(s) with start_time=0 (race-window write or recycled-buffer tail). buf seq=0 count=1024
[mono_ns=7319641187739756][T0xf36ceceddca0][WARN] copy_aicore_buffer: [chip_swimlane_collector.cpp:689] Core 19: skipped 1024 AICore record slot(s) with start_time=0 (race-window write or recycled-buffer tail). buf seq=0 count=1024
[mono_ns=7319641187744786][T0xf36cec6cdca0][WARN] copy_aicore_buffer: [chip_swimlane_collector.cpp:689] Core 20: skipped 1024 AICore record slot(s) with start_time=0 (race-window write or recycled-buffer tail). buf seq=0 count=1024
[mono_ns=7319641187768966][T0xf36ced6edca0][WARN] copy_aicore_buffer: [chip_swimlane_collector.cpp:689] Core 18: skipped 1023 AICore record slot(s) with start_time=0 (race-window write or recycled-buffer tail). buf seq=0 count=1024
[mono_ns=7319641188024517][T0xf36ceceddca0][WARN] copy_aicore_buffer: [chip_swimlane_collector.cpp:689] Core 62: skipped 1024 AICore record slot(s) with start_time=0 (race-window write or recycled-buffer tail). buf seq=0 count=1024
[mono_ns=7319641188036497][T0xf36cec6cdca0][WARN] copy_aicore_buffer: [chip_swimlane_collector.cpp:689] Core 64: skipped 1024 AICore record slot(s) with start_time=0 (race-window write or recycled-buffer tail). buf seq=0 count=1024
[mono_ns=7319641188055077][T0xf36ced6edca0][WARN] copy_aicore_buffer: [chip_swimlane_collector.cpp:689] Core 60: skipped 1024 AICore record slot(s) with start_time=0 (race-window write or recycled-buffer tail). buf seq=0 count=1024
[mono_ns=7319641188303078][T0xf36ceceddca0][WARN] copy_aicore_buffer: [chip_swimlane_collector.cpp:689] Core 63: skipped 1024 AICore record slot(s) with start_time=0 (race-window write or recycled-buffer tail). buf seq=0 count=1024
[mono_ns=7319641188315918][T0xf36cec6cdca0][WARN] copy_aicore_buffer: [chip_swimlane_collector.cpp:689] Core 65: skipped 1024 AICore record slot(s) with start_time=0 (race-window write or recycled-buffer tail). buf seq=0 count=1024
[mono_ns=7319641188335138][T0xf36ced6edca0][WARN] copy_aicore_buffer: [chip_swimlane_collector.cpp:689] Core 61: skipped 1024 AICore record slot(s) with start_time=0 (race-window write or recycled-buffer tail). buf seq=0 count=1024
[mono_ns=7319641188582819][T0xf36ceceddca0][WARN] copy_aicore_buffer: [chip_swimlane_collector.cpp:689] Core 22: skipped 1024 AICore record slot(s) with start_time=0 (race-window write or recycled-buffer tail). buf seq=0 count=1024
[mono_ns=7319641188593819][T0xf36cec6cdca0][WARN] copy_aicore_buffer: [chip_swimlane_collector.cpp:689] Core 23: skipped 1024 AICore record slot(s) with start_time=0 (race-window write or recycled-buffer tail). buf seq=0 count=1024
[mono_ns=7319641188612599][T0xf36ced6edca0][WARN] copy_aicore_buffer: [chip_swimlane_collector.cpp:689] Core 21: skipped 1024 AICore record slot(s) with start_time=0 (race-window write or recycled-buffer tail). buf seq=0 count=1024
[mono_ns=7319641188860531][T0xf36ceceddca0][WARN] copy_aicore_buffer: [chip_swimlane_collector.cpp:689] Core 68: skipped 1024 AICore record slot(s) with start_time=0 (race-window write or recycled-buffer tail). buf seq=0 count=1024
[mono_ns=7319641188873391][T0xf36cec6cdca0][WARN] copy_aicore_buffer: [chip_swimlane_collector.cpp:689] Core 70: skipped 1024 AICore record slot(s) with start_time=0 (race-window write or recycled-buffer tail). buf seq=0 count=1024
[mono_ns=7319641188891241][T0xf36ced6edca0][WARN] copy_aicore_buffer: [chip_swimlane_collector.cpp:689] Core 66: skipped 1024 AICore record slot(s) with start_time=0 (race-window write or recycled-buffer tail). buf seq=0 count=1024
[mono_ns=7319641189145242][T0xf36ceceddca0][WARN] copy_aicore_buffer: [chip_swimlane_collector.cpp:689] Core 69: skipped 1024 AICore record slot(s) with start_time=0 (race-window write or recycled-buffer tail). buf seq=0 count=1024
[mono_ns=7319641189158062][T0xf36cec6cdca0][WARN] copy_aicore_buffer: [chip_swimlane_collector.cpp:689] Core 71: skipped 1024 AICore record slot(s) with start_time=0 (race-window write or recycled-buffer tail). buf seq=0 count=1024
[mono_ns=7319641189178542][T0xf36ced6edca0][WARN] copy_aicore_buffer: [chip_swimlane_collector.cpp:689] Core 67: skipped 1024 AICore record slot(s) with start_time=0 (race-window write or recycled-buffer tail). buf seq=0 count=1024
[mono_ns=7319641289728789][T0xf36e4a0b7020][TIMING] emit_host_span: [STRACE] v=1 pid=2155045 tid=2155045 inv=54 hid=9a0ce7c17a38dab depth=1 name=chip.run.runner_run ts=7319641181579350 dur=108139949 
[mono_ns=7319641289769620][T0xf36e4a0b7020][TIMING] emit_host_span: [STRACE] v=1 pid=2155045 tid=2155045 inv=54 hid=9a0ce7c17a38dab depth=1 name=chip.run.validate ts=7319641289741039 dur=25331 
[mono_ns=7319641289777150][T0xf36e4a0b7020][TIMING] emit_host_span: [STRACE] v=1 pid=2155045 tid=2155045 inv=54 hid=9a0ce7c17a38dab depth=2 name=chip.run.runner_run.device_wall ts=0 dur=662900 clk=dev
[mono_ns=7319641289780770][T0xf36e4a0b7020][TIMING] emit_host_span: [STRACE] v=1 pid=2155045 tid=2155045 inv=54 hid=9a0ce7c17a38dab depth=3 name=chip.run.runner_run.device_wall.preamble ts=0 dur=628780 clk=dev
[mono_ns=7319641289784460][T0xf36e4a0b7020][TIMING] emit_host_span: [STRACE] v=1 pid=2155045 tid=2155045 inv=54 hid=9a0ce7c17a38dab depth=3 name=chip.run.runner_run.device_wall.graph_build ts=624620 dur=27260 clk=dev
[mono_ns=7319641289787830][T0xf36e4a0b7020][TIMING] emit_host_span: [STRACE] v=1 pid=2155045 tid=2155045 inv=54 hid=9a0ce7c17a38dab depth=3 name=chip.run.runner_run.device_wall.config_validate ts=624740 dur=640 clk=dev
[mono_ns=7319641289791190][T0xf36e4a0b7020][TIMING] emit_host_span: [STRACE] v=1 pid=2155045 tid=2155045 inv=54 hid=9a0ce7c17a38dab depth=3 name=chip.run.runner_run.device_wall.arena_wire ts=625400 dur=240 clk=dev
[mono_ns=7319641289804790][T0xf36e4a0b7020][TIMING] emit_host_span: [STRACE] v=1 pid=2155045 tid=2155045 inv=54 hid=9a0ce7c17a38dab depth=3 name=chip.run.runner_run.device_wall.sm_reset ts=625680 dur=440 clk=dev
[mono_ns=7319641289808030][T0xf36e4a0b7020][TIMING] emit_host_span: [STRACE] v=1 pid=2155045 tid=2155045 inv=54 hid=9a0ce7c17a38dab depth=3 name=chip.run.runner_run.device_wall.post_orch ts=651920 dur=10820 clk=dev
[mono_ns=7319641289810980][T0xf36e4a0b7020][TIMING] emit_host_span: [STRACE] v=1 pid=2155045 tid=2155045 inv=54 hid=9a0ce7c17a38dab depth=3 name=chip.run.runner_run.device_wall.orch ts=626160 dur=1359 clk=dev
[mono_ns=7319641289814330][T0xf36e4a0b7020][TIMING] emit_host_span: [STRACE] v=1 pid=2155045 tid=2155045 inv=54 hid=9a0ce7c17a38dab depth=3 name=chip.run.runner_run.device_wall.sched ts=628920 dur=5800 clk=dev
[mono_ns=7319641289819540][T0xf36e4a0b7020][TIMING] emit_host_span: [STRACE] v=1 pid=2155045 tid=2155045 inv=54 hid=9a0ce7c17a38dab depth=1 name=chip.run.claim_release ts=7319641289817510 dur=300 
[mono_ns=7319641289824440][T0xf36e4a0b7020][TIMING] emit_host_span: [STRACE] v=1 pid=2155045 tid=2155045 inv=54 hid=9a0ce7c17a38dab depth=0 name=chip.run ts=7319641181270038 dur=108552432 run_id=14 dispatch_id=54 slot_id=0 generation=14 run_epoch=54
[mono_ns=7319641290231161][T0xf36e4a0b7020][TIMING] emit_host_span: [STRACE] v=1 pid=2155045 tid=2155045 inv=55 hid=aa636548c65ca6a1 depth=2 name=chip.run.bind.args ts=7319641290189821 dur=37330 
[mono_ns=7319641290243912][T0xf36e4a0b7020][TIMING] emit_host_span: [STRACE] v=1 pid=2155045 tid=2155045 inv=55 hid=aa636548c65ca6a1 depth=2 name=chip.run.bind.prebuilt ts=7319641290238492 dur=3120 
[mono_ns=7319641290248702][T0xf36e4a0b7020][TIMING] emit_host_span: [STRACE] v=1 pid=2155045 tid=2155045 inv=55 hid=aa636548c65ca6a1 depth=1 name=chip.run.bind ts=7319641290180181 dur=65731 
[mono_ns=7319641301061798][T0xf36e4a0b7020][TIMING] emit_host_span: [STRACE] v=1 pid=2155045 tid=2155045 inv=55 hid=aa636548c65ca6a1 depth=1 name=chip.run.runner_run ts=7319641290448022 dur=10608796 
[mono_ns=7319641301091318][T0xf36e4a0b7020][TIMING] emit_host_span: [STRACE] v=1 pid=2155045 tid=2155045 inv=55 hid=aa636548c65ca6a1 depth=1 name=chip.run.validate ts=7319641301068478 dur=19840 
[mono_ns=7319641301097608][T0xf36e4a0b7020][TIMING] emit_host_span: [STRACE] v=1 pid=2155045 tid=2155045 inv=55 hid=aa636548c65ca6a1 depth=2 name=chip.run.runner_run.device_wall ts=0 dur=10363720 clk=dev
[mono_ns=7319641301101718][T0xf36e4a0b7020][TIMING] emit_host_span: [STRACE] v=1 pid=2155045 tid=2155045 inv=55 hid=aa636548c65ca6a1 depth=3 name=chip.run.runner_run.device_wall.preamble ts=0 dur=6220 clk=dev
[mono_ns=7319641301105118][T0xf36e4a0b7020][TIMING] emit_host_span: [STRACE] v=1 pid=2155045 tid=2155045 inv=55 hid=aa636548c65ca6a1 depth=3 name=chip.run.runner_run.device_wall.graph_build ts=1440 dur=10352300 clk=dev
[mono_ns=7319641301108208][T0xf36e4a0b7020][TIMING] emit_host_span: [STRACE] v=1 pid=2155045 tid=2155045 inv=55 hid=aa636548c65ca6a1 depth=3 name=chip.run.runner_run.device_wall.config_validate ts=1540 dur=520 clk=dev
[mono_ns=7319641301112188][T0xf36e4a0b7020][TIMING] emit_host_span: [STRACE] v=1 pid=2155045 tid=2155045 inv=55 hid=aa636548c65ca6a1 depth=3 name=chip.run.runner_run.device_wall.arena_wire ts=2080 dur=240 clk=dev
[mono_ns=7319641301118438][T0xf36e4a0b7020][TIMING] emit_host_span: [STRACE] v=1 pid=2155045 tid=2155045 inv=55 hid=aa636548c65ca6a1 depth=3 name=chip.run.runner_run.device_wall.sm_reset ts=2360 dur=459 clk=dev
[mono_ns=7319641301121708][T0xf36e4a0b7020][TIMING] emit_host_span: [STRACE] v=1 pid=2155045 tid=2155045 inv=55 hid=aa636548c65ca6a1 depth=3 name=chip.run.runner_run.device_wall.post_orch ts=10353780 dur=9840 clk=dev
[mono_ns=7319641301124658][T0xf36e4a0b7020][TIMING] emit_host_span: [STRACE] v=1 pid=2155045 tid=2155045 inv=55 hid=aa636548c65ca6a1 depth=3 name=chip.run.runner_run.device_wall.orch ts=2860 dur=1920 clk=dev
[mono_ns=7319641301127598][T0xf36e4a0b7020][TIMING] emit_host_span: [STRACE] v=1 pid=2155045 tid=2155045 inv=55 hid=aa636548c65ca6a1 depth=3 name=chip.run.runner_run.device_wall.sched ts=6280 dur=10340320 clk=dev
[mono_ns=7319641301131518][T0xf36e4a0b7020][TIMING] emit_host_span: [STRACE] v=1 pid=2155045 tid=2155045 inv=55 hid=aa636548c65ca6a1 depth=1 name=chip.run.claim_release ts=7319641301129528 dur=250 
[mono_ns=7319641301136018][T0xf36e4a0b7020][TIMING] emit_host_span: [STRACE] v=1 pid=2155045 tid=2155045 inv=55 hid=aa636548c65ca6a1 depth=0 name=chip.run ts=7319641290145641 dur=10988417 run_id=14 dispatch_id=55 slot_id=0 generation=14 run_epoch=55
[mono_ns=7319641302061382][T0xf36e4a0b7020][TIMING] emit_host_span: [STRACE] v=1 pid=2155045 tid=2155045 inv=56 hid=e3bcbf8fce8ee77f depth=2 name=chip.run.bind.args ts=7319641302016372 dur=39790 
[mono_ns=7319641302075342][T0xf36e4a0b7020][TIMING] emit_host_span: [STRACE] v=1 pid=2155045 tid=2155045 inv=56 hid=e3bcbf8fce8ee77f depth=2 name=chip.run.bind.prebuilt ts=7319641302071252 dur=1840 
[mono_ns=7319641302079282][T0xf36e4a0b7020][TIMING] emit_host_span: [STRACE] v=1 pid=2155045 tid=2155045 inv=56 hid=e3bcbf8fce8ee77f depth=1 name=chip.run.bind ts=7319641301996062 dur=81280 
[mono_ns=7319641303343857][T0xf36ced6edca0][WARN] copy_aicore_buffer: [chip_swimlane_collector.cpp:689] Core 0: skipped 1024 AICore record slot(s) with start_time=0 (race-window write or recycled-buffer tail). buf seq=0 count=1024
[mono_ns=7319641303385647][T0xf36ceceddca0][WARN] copy_aicore_buffer: [chip_swimlane_collector.cpp:689] Core 1: skipped 1024 AICore record slot(s) with start_time=0 (race-window write or recycled-buffer tail). buf seq=0 count=1024
[mono_ns=7319641303398857][T0xf36cec6cdca0][WARN] copy_aicore_buffer: [chip_swimlane_collector.cpp:689] Core 2: skipped 1024 AICore record slot(s) with start_time=0 (race-window write or recycled-buffer tail). buf seq=0 count=1024
[mono_ns=7319641303624338][T0xf36ced6edca0][WARN] copy_aicore_buffer: [chip_swimlane_collector.cpp:689] Core 24: skipped 1024 AICore record slot(s) with start_time=0 (race-window write or recycled-buffer tail). buf seq=0 count=1024
[mono_ns=7319641303670649][T0xf36ceceddca0][WARN] copy_aicore_buffer: [chip_swimlane_collector.cpp:689] Core 26: skipped 1023 AICore record slot(s) with start_time=0 (race-window write or recycled-buffer tail). buf seq=0 count=1024
[mono_ns=7319641303685779][T0xf36cec6cdca0][WARN] copy_aicore_buffer: [chip_swimlane_collector.cpp:689] Core 28: skipped 1024 AICore record slot(s) with start_time=0 (race-window write or recycled-buffer tail). buf seq=0 count=1024
[mono_ns=7319641303902300][T0xf36ced6edca0][WARN] copy_aicore_buffer: [chip_swimlane_collector.cpp:689] Core 25: skipped 1024 AICore record slot(s) with start_time=0 (race-window write or recycled-buffer tail). buf seq=0 count=1024
[mono_ns=7319641303949050][T0xf36ceceddca0][WARN] copy_aicore_buffer: [chip_swimlane_collector.cpp:689] Core 27: skipped 1024 AICore record slot(s) with start_time=0 (race-window write or recycled-buffer tail). buf seq=0 count=1024
[mono_ns=7319641303971100][T0xf36cec6cdca0][WARN] copy_aicore_buffer: [chip_swimlane_collector.cpp:689] Core 29: skipped 1024 AICore record slot(s) with start_time=0 (race-window write or recycled-buffer tail). buf seq=0 count=1024
[mono_ns=7319641304209861][T0xf36ced6edca0][WARN] copy_aicore_buffer: [chip_swimlane_collector.cpp:689] Core 3: skipped 1024 AICore record slot(s) with start_time=0 (race-window write or recycled-buffer tail). buf seq=0 count=1024
[mono_ns=7319641304264521][T0xf36cec6cdca0][WARN] copy_aicore_buffer: [chip_swimlane_collector.cpp:689] Core 5: skipped 1024 AICore record slot(s) with start_time=0 (race-window write or recycled-buffer tail). buf seq=0 count=1024
[mono_ns=7319641304282341][T0xf36ceceddca0][WARN] copy_aicore_buffer: [chip_swimlane_collector.cpp:689] Core 4: skipped 1024 AICore record slot(s) with start_time=0 (race-window write or recycled-buffer tail). buf seq=0 count=1024
[mono_ns=7319641304487702][T0xf36ced6edca0][WARN] copy_aicore_buffer: [chip_swimlane_collector.cpp:689] Core 30: skipped 1024 AICore record slot(s) with start_time=0 (race-window write or recycled-buffer tail). buf seq=0 count=1024
[mono_ns=7319641304545582][T0xf36cec6cdca0][WARN] copy_aicore_buffer: [chip_swimlane_collector.cpp:689] Core 34: skipped 1024 AICore record slot(s) with start_time=0 (race-window write or recycled-buffer tail). buf seq=0 count=1024
[mono_ns=7319641304561722][T0xf36ceceddca0][WARN] copy_aicore_buffer: [chip_swimlane_collector.cpp:689] Core 32: skipped 1023 AICore record slot(s) with start_time=0 (race-window write or recycled-buffer tail). buf seq=0 count=1024
[mono_ns=7319641304765843][T0xf36ced6edca0][WARN] copy_aicore_buffer: [chip_swimlane_collector.cpp:689] Core 31: skipped 1024 AICore record slot(s) with start_time=0 (race-window write or recycled-buffer tail). buf seq=0 count=1024
[mono_ns=7319641304826694][T0xf36cec6cdca0][WARN] copy_aicore_buffer: [chip_swimlane_collector.cpp:689] Core 35: skipped 1024 AICore record slot(s) with start_time=0 (race-window write or recycled-buffer tail). buf seq=0 count=1024
[mono_ns=7319641304839894][T0xf36ceceddca0][WARN] copy_aicore_buffer: [chip_swimlane_collector.cpp:689] Core 33: skipped 1024 AICore record slot(s) with start_time=0 (race-window write or recycled-buffer tail). buf seq=0 count=1024
[mono_ns=7319641305053885][T0xf36ced6edca0][WARN] copy_aicore_buffer: [chip_swimlane_collector.cpp:689] Core 6: skipped 1024 AICore record slot(s) with start_time=0 (race-window write or recycled-buffer tail). buf seq=0 count=1024
[mono_ns=7319641305112305][T0xf36cec6cdca0][WARN] copy_aicore_buffer: [chip_swimlane_collector.cpp:689] Core 8: skipped 1024 AICore record slot(s) with start_time=0 (race-window write or recycled-buffer tail). buf seq=0 count=1024
[mono_ns=7319641305128005][T0xf36ceceddca0][WARN] copy_aicore_buffer: [chip_swimlane_collector.cpp:689] Core 7: skipped 1024 AICore record slot(s) with start_time=0 (race-window write or recycled-buffer tail). buf seq=0 count=1024
[mono_ns=7319641305331726][T0xf36ced6edca0][WARN] copy_aicore_buffer: [chip_swimlane_collector.cpp:689] Core 36: skipped 1024 AICore record slot(s) with start_time=0 (race-window write or recycled-buffer tail). buf seq=0 count=1024
[mono_ns=7319641305393576][T0xf36cec6cdca0][WARN] copy_aicore_buffer: [chip_swimlane_collector.cpp:689] Core 40: skipped 1024 AICore record slot(s) with start_time=0 (race-window write or recycled-buffer tail). buf seq=0 count=1024
[mono_ns=7319641305407606][T0xf36ceceddca0][WARN] copy_aicore_buffer: [chip_swimlane_collector.cpp:689] Core 38: skipped 1024 AICore record slot(s) with start_time=0 (race-window write or recycled-buffer tail). buf seq=0 count=1024
[mono_ns=7319641305609947][T0xf36ced6edca0][WARN] copy_aicore_buffer: [chip_swimlane_collector.cpp:689] Core 37: skipped 1024 AICore record slot(s) with start_time=0 (race-window write or recycled-buffer tail). buf seq=0 count=1024
[mono_ns=7319641305674827][T0xf36cec6cdca0][WARN] copy_aicore_buffer: [chip_swimlane_collector.cpp:689] Core 41: skipped 1024 AICore record slot(s) with start_time=0 (race-window write or recycled-buffer tail). buf seq=0 count=1024
[mono_ns=7319641305686227][T0xf36ceceddca0][WARN] copy_aicore_buffer: [chip_swimlane_collector.cpp:689] Core 39: skipped 1024 AICore record slot(s) with start_time=0 (race-window write or recycled-buffer tail). buf seq=0 count=1024
[mono_ns=7319641305888618][T0xf36ced6edca0][WARN] copy_aicore_buffer: [chip_swimlane_collector.cpp:689] Core 9: skipped 1024 AICore record slot(s) with start_time=0 (race-window write or recycled-buffer tail). buf seq=0 count=1024
[mono_ns=7319641305955518][T0xf36cec6cdca0][WARN] copy_aicore_buffer: [chip_swimlane_collector.cpp:689] Core 11: skipped 1023 AICore record slot(s) with start_time=0 (race-window write or recycled-buffer tail). buf seq=0 count=1024
[mono_ns=7319641305964038][T0xf36ceceddca0][WARN] copy_aicore_buffer: [chip_swimlane_collector.cpp:689] Core 10: skipped 1024 AICore record slot(s) with start_time=0 (race-window write or recycled-buffer tail). buf seq=0 count=1024
[mono_ns=7319641306177199][T0xf36ced6edca0][WARN] copy_aicore_buffer: [chip_swimlane_collector.cpp:689] Core 42: skipped 1024 AICore record slot(s) with start_time=0 (race-window write or recycled-buffer tail). buf seq=0 count=1024
[mono_ns=7319641306250630][T0xf36ceceddca0][WARN] copy_aicore_buffer: [chip_swimlane_collector.cpp:689] Core 44: skipped 1023 AICore record slot(s) with start_time=0 (race-window write or recycled-buffer tail). buf seq=0 count=1024
[mono_ns=7319641306257360][T0xf36cec6cdca0][WARN] copy_aicore_buffer: [chip_swimlane_collector.cpp:689] Core 46: skipped 1024 AICore record slot(s) with start_time=0 (race-window write or recycled-buffer tail). buf seq=0 count=1024
[mono_ns=7319641306456520][T0xf36ced6edca0][WARN] copy_aicore_buffer: [chip_swimlane_collector.cpp:689] Core 43: skipped 1024 AICore record slot(s) with start_time=0 (race-window write or recycled-buffer tail). buf seq=0 count=1024
[mono_ns=7319641306530611][T0xf36ceceddca0][WARN] copy_aicore_buffer: [chip_swimlane_collector.cpp:689] Core 45: skipped 1024 AICore record slot(s) with start_time=0 (race-window write or recycled-buffer tail). buf seq=0 count=1024
[mono_ns=7319641306537881][T0xf36cec6cdca0][WARN] copy_aicore_buffer: [chip_swimlane_collector.cpp:689] Core 47: skipped 1024 AICore record slot(s) with start_time=0 (race-window write or recycled-buffer tail). buf seq=0 count=1024
[mono_ns=7319641306735352][T0xf36ced6edca0][WARN] copy_aicore_buffer: [chip_swimlane_collector.cpp:689] Core 12: skipped 1024 AICore record slot(s) with start_time=0 (race-window write or recycled-buffer tail). buf seq=0 count=1024
[mono_ns=7319641306810722][T0xf36ceceddca0][WARN] copy_aicore_buffer: [chip_swimlane_collector.cpp:689] Core 13: skipped 1024 AICore record slot(s) with start_time=0 (race-window write or recycled-buffer tail). buf seq=0 count=1024
[mono_ns=7319641306815992][T0xf36cec6cdca0][WARN] copy_aicore_buffer: [chip_swimlane_collector.cpp:689] Core 14: skipped 1024 AICore record slot(s) with start_time=0 (race-window write or recycled-buffer tail). buf seq=0 count=1024
[mono_ns=7319641307024403][T0xf36ced6edca0][WARN] copy_aicore_buffer: [chip_swimlane_collector.cpp:689] Core 48: skipped 1024 AICore record slot(s) with start_time=0 (race-window write or recycled-buffer tail). buf seq=0 count=1024
[mono_ns=7319641307097473][T0xf36ceceddca0][WARN] copy_aicore_buffer: [chip_swimlane_collector.cpp:689] Core 50: skipped 1024 AICore record slot(s) with start_time=0 (race-window write or recycled-buffer tail). buf seq=0 count=1024
[mono_ns=7319641307109653][T0xf36cec6cdca0][WARN] copy_aicore_buffer: [chip_swimlane_collector.cpp:689] Core 52: skipped 1024 AICore record slot(s) with start_time=0 (race-window write or recycled-buffer tail). buf seq=0 count=1024
[mono_ns=7319641307303994][T0xf36ced6edca0][WARN] copy_aicore_buffer: [chip_swimlane_collector.cpp:689] Core 49: skipped 1024 AICore record slot(s) with start_time=0 (race-window write or recycled-buffer tail). buf seq=0 count=1024
[mono_ns=7319641307376184][T0xf36ceceddca0][WARN] copy_aicore_buffer: [chip_swimlane_collector.cpp:689] Core 51: skipped 1024 AICore record slot(s) with start_time=0 (race-window write or recycled-buffer tail). buf seq=0 count=1024
[mono_ns=7319641307390084][T0xf36cec6cdca0][WARN] copy_aicore_buffer: [chip_swimlane_collector.cpp:689] Core 53: skipped 1024 AICore record slot(s) with start_time=0 (race-window write or recycled-buffer tail). buf seq=0 count=1024
[mono_ns=7319641307582735][T0xf36ced6edca0][WARN] copy_aicore_buffer: [chip_swimlane_collector.cpp:689] Core 15: skipped 1024 AICore record slot(s) with start_time=0 (race-window write or recycled-buffer tail). buf seq=0 count=1024
[mono_ns=7319641307654886][T0xf36ceceddca0][WARN] copy_aicore_buffer: [chip_swimlane_collector.cpp:689] Core 16: skipped 1024 AICore record slot(s) with start_time=0 (race-window write or recycled-buffer tail). buf seq=0 count=1024
[mono_ns=7319641307668266][T0xf36cec6cdca0][WARN] copy_aicore_buffer: [chip_swimlane_collector.cpp:689] Core 17: skipped 1024 AICore record slot(s) with start_time=0 (race-window write or recycled-buffer tail). buf seq=0 count=1024
[mono_ns=7319641307862236][T0xf36ced6edca0][WARN] copy_aicore_buffer: [chip_swimlane_collector.cpp:689] Core 54: skipped 1024 AICore record slot(s) with start_time=0 (race-window write or recycled-buffer tail). buf seq=0 count=1024
[mono_ns=7319641307932887][T0xf36ceceddca0][WARN] copy_aicore_buffer: [chip_swimlane_collector.cpp:689] Core 56: skipped 1024 AICore record slot(s) with start_time=0 (race-window write or recycled-buffer tail). buf seq=0 count=1024
[mono_ns=7319641307949767][T0xf36cec6cdca0][WARN] copy_aicore_buffer: [chip_swimlane_collector.cpp:689] Core 58: skipped 1024 AICore record slot(s) with start_time=0 (race-window write or recycled-buffer tail). buf seq=0 count=1024
[mono_ns=7319641308151728][T0xf36ced6edca0][WARN] copy_aicore_buffer: [chip_swimlane_collector.cpp:689] Core 55: skipped 1024 AICore record slot(s) with start_time=0 (race-window write or recycled-buffer tail). buf seq=0 count=1024
[mono_ns=7319641308226748][T0xf36ceceddca0][WARN] copy_aicore_buffer: [chip_swimlane_collector.cpp:689] Core 57: skipped 1024 AICore record slot(s) with start_time=0 (race-window write or recycled-buffer tail). buf seq=0 count=1024
[mono_ns=7319641308237818][T0xf36cec6cdca0][WARN] copy_aicore_buffer: [chip_swimlane_collector.cpp:689] Core 59: skipped 1024 AICore record slot(s) with start_time=0 (race-window write or recycled-buffer tail). buf seq=0 count=1024
[mono_ns=7319641308429889][T0xf36ced6edca0][WARN] copy_aicore_buffer: [chip_swimlane_collector.cpp:689] Core 18: skipped 1024 AICore record slot(s) with start_time=0 (race-window write or recycled-buffer tail). buf seq=0 count=1024
[mono_ns=7319641308505089][T0xf36ceceddca0][WARN] copy_aicore_buffer: [chip_swimlane_collector.cpp:689] Core 19: skipped 1024 AICore record slot(s) with start_time=0 (race-window write or recycled-buffer tail). buf seq=0 count=1024
[mono_ns=7319641308518609][T0xf36cec6cdca0][WARN] copy_aicore_buffer: [chip_swimlane_collector.cpp:689] Core 20: skipped 1024 AICore record slot(s) with start_time=0 (race-window write or recycled-buffer tail). buf seq=0 count=1024
[mono_ns=7319641308709010][T0xf36ced6edca0][WARN] copy_aicore_buffer: [chip_swimlane_collector.cpp:689] Core 60: skipped 1024 AICore record slot(s) with start_time=0 (race-window write or recycled-buffer tail). buf seq=0 count=1024
[mono_ns=7319641308784570][T0xf36ceceddca0][WARN] copy_aicore_buffer: [chip_swimlane_collector.cpp:689] Core 62: skipped 1024 AICore record slot(s) with start_time=0 (race-window write or recycled-buffer tail). buf seq=0 count=1024
[mono_ns=7319641308799030][T0xf36cec6cdca0][WARN] copy_aicore_buffer: [chip_swimlane_collector.cpp:689] Core 64: skipped 1024 AICore record slot(s) with start_time=0 (race-window write or recycled-buffer tail). buf seq=0 count=1024
[mono_ns=7319641308987921][T0xf36ced6edca0][WARN] copy_aicore_buffer: [chip_swimlane_collector.cpp:689] Core 61: skipped 1024 AICore record slot(s) with start_time=0 (race-window write or recycled-buffer tail). buf seq=0 count=1024
[mono_ns=7319641309070692][T0xf36ceceddca0][WARN] copy_aicore_buffer: [chip_swimlane_collector.cpp:689] Core 63: skipped 1024 AICore record slot(s) with start_time=0 (race-window write or recycled-buffer tail). buf seq=0 count=1024
[mono_ns=7319641309090042][T0xf36cec6cdca0][WARN] copy_aicore_buffer: [chip_swimlane_collector.cpp:689] Core 65: skipped 1024 AICore record slot(s) with start_time=0 (race-window write or recycled-buffer tail). buf seq=0 count=1024
[mono_ns=7319641309272902][T0xf36ced6edca0][WARN] copy_aicore_buffer: [chip_swimlane_collector.cpp:689] Core 21: skipped 1024 AICore record slot(s) with start_time=0 (race-window write or recycled-buffer tail). buf seq=0 count=1024
[mono_ns=7319641309349533][T0xf36ceceddca0][WARN] copy_aicore_buffer: [chip_swimlane_collector.cpp:689] Core 22: skipped 1024 AICore record slot(s) with start_time=0 (race-window write or recycled-buffer tail). buf seq=0 count=1024
[mono_ns=7319641309370193][T0xf36cec6cdca0][WARN] copy_aicore_buffer: [chip_swimlane_collector.cpp:689] Core 23: skipped 1024 AICore record slot(s) with start_time=0 (race-window write or recycled-buffer tail). buf seq=0 count=1024
[mono_ns=7319641309554324][T0xf36ced6edca0][WARN] copy_aicore_buffer: [chip_swimlane_collector.cpp:689] Core 66: skipped 1024 AICore record slot(s) with start_time=0 (race-window write or recycled-buffer tail). buf seq=0 count=1024
[mono_ns=7319641309627684][T0xf36ceceddca0][WARN] copy_aicore_buffer: [chip_swimlane_collector.cpp:689] Core 68: skipped 1024 AICore record slot(s) with start_time=0 (race-window write or recycled-buffer tail). buf seq=0 count=1024
[mono_ns=7319641309651544][T0xf36cec6cdca0][WARN] copy_aicore_buffer: [chip_swimlane_collector.cpp:689] Core 70: skipped 1024 AICore record slot(s) with start_time=0 (race-window write or recycled-buffer tail). buf seq=0 count=1024
[mono_ns=7319641309832825][T0xf36ced6edca0][WARN] copy_aicore_buffer: [chip_swimlane_collector.cpp:689] Core 67: skipped 1024 AICore record slot(s) with start_time=0 (race-window write or recycled-buffer tail). buf seq=0 count=1024
[mono_ns=7319641309910835][T0xf36ceceddca0][WARN] copy_aicore_buffer: [chip_swimlane_collector.cpp:689] Core 69: skipped 1024 AICore record slot(s) with start_time=0 (race-window write or recycled-buffer tail). buf seq=0 count=1024
[mono_ns=7319641309932785][T0xf36cec6cdca0][WARN] copy_aicore_buffer: [chip_swimlane_collector.cpp:689] Core 71: skipped 1024 AICore record slot(s) with start_time=0 (race-window write or recycled-buffer tail). buf seq=0 count=1024
[mono_ns=7319641410335392][T0xf36e4a0b7020][TIMING] emit_host_span: [STRACE] v=1 pid=2155045 tid=2155045 inv=56 hid=e3bcbf8fce8ee77f depth=1 name=chip.run.runner_run ts=7319641302269303 dur=108060239 
[mono_ns=7319641410908255][T0xf36e4a0b7020][TIMING] emit_host_span: [STRACE] v=1 pid=2155045 tid=2155045 inv=56 hid=e3bcbf8fce8ee77f depth=1 name=chip.run.validate ts=7319641410342202 dur=561483 
[mono_ns=7319641410916495][T0xf36e4a0b7020][TIMING] emit_host_span: [STRACE] v=1 pid=2155045 tid=2155045 inv=56 hid=e3bcbf8fce8ee77f depth=2 name=chip.run.runner_run.device_wall ts=0 dur=699260 clk=dev
[mono_ns=7319641410920665][T0xf36e4a0b7020][TIMING] emit_host_span: [STRACE] v=1 pid=2155045 tid=2155045 inv=56 hid=e3bcbf8fce8ee77f depth=3 name=chip.run.runner_run.device_wall.preamble ts=0 dur=619860 clk=dev
[mono_ns=7319641410929215][T0xf36e4a0b7020][TIMING] emit_host_span: [STRACE] v=1 pid=2155045 tid=2155045 inv=56 hid=e3bcbf8fce8ee77f depth=3 name=chip.run.runner_run.device_wall.graph_build ts=615820 dur=73100 clk=dev
[mono_ns=7319641410932585][T0xf36e4a0b7020][TIMING] emit_host_span: [STRACE] v=1 pid=2155045 tid=2155045 inv=56 hid=e3bcbf8fce8ee77f depth=3 name=chip.run.runner_run.device_wall.config_validate ts=615940 dur=520 clk=dev
[mono_ns=7319641410936635][T0xf36e4a0b7020][TIMING] emit_host_span: [STRACE] v=1 pid=2155045 tid=2155045 inv=56 hid=e3bcbf8fce8ee77f depth=3 name=chip.run.runner_run.device_wall.arena_wire ts=616480 dur=260 clk=dev
[mono_ns=7319641410939725][T0xf36e4a0b7020][TIMING] emit_host_span: [STRACE] v=1 pid=2155045 tid=2155045 inv=56 hid=e3bcbf8fce8ee77f depth=3 name=chip.run.runner_run.device_wall.sm_reset ts=616760 dur=480 clk=dev
[mono_ns=7319641410942815][T0xf36e4a0b7020][TIMING] emit_host_span: [STRACE] v=1 pid=2155045 tid=2155045 inv=56 hid=e3bcbf8fce8ee77f depth=3 name=chip.run.runner_run.device_wall.post_orch ts=688959 dur=10200 clk=dev
[mono_ns=7319641410945995][T0xf36e4a0b7020][TIMING] emit_host_span: [STRACE] v=1 pid=2155045 tid=2155045 inv=56 hid=e3bcbf8fce8ee77f depth=3 name=chip.run.runner_run.device_wall.orch ts=617280 dur=2040 clk=dev
[mono_ns=7319641410949155][T0xf36e4a0b7020][TIMING] emit_host_span: [STRACE] v=1 pid=2155045 tid=2155045 inv=56 hid=e3bcbf8fce8ee77f depth=3 name=chip.run.runner_run.device_wall.sched ts=619940 dur=51440 clk=dev
[mono_ns=7319641410953595][T0xf36e4a0b7020][TIMING] emit_host_span: [STRACE] v=1 pid=2155045 tid=2155045 inv=56 hid=e3bcbf8fce8ee77f depth=1 name=chip.run.claim_release ts=7319641410951295 dur=500 
[mono_ns=7319641410959785][T0xf36e4a0b7020][TIMING] emit_host_span: [STRACE] v=1 pid=2155045 tid=2155045 inv=56 hid=e3bcbf8fce8ee77f depth=0 name=chip.run ts=7319641301977301 dur=108980404 run_id=14 dispatch_id=56 slot_id=0 generation=14 run_epoch=56
[mono_ns=7319655798200387][T0xf36e4a0b7020][TIMING] emit_host_span: [STRACE] v=1 pid=2155045 tid=2155045 inv=57 hid=7330127d2e7be9ea depth=2 name=chip.run.bind.args ts=7319655797357023 dur=809004 
[mono_ns=7319655798268277][T0xf36e4a0b7020][TIMING] emit_host_span: [STRACE] v=1 pid=2155045 tid=2155045 inv=57 hid=7330127d2e7be9ea depth=2 name=chip.run.bind.prebuilt ts=7319655798260727 dur=4630 
[mono_ns=7319655798273187][T0xf36e4a0b7020][TIMING] emit_host_span: [STRACE] v=1 pid=2155045 tid=2155045 inv=57 hid=7330127d2e7be9ea depth=1 name=chip.run.bind ts=7319655797323913 dur=947034 
[mono_ns=7319655949693201][T0xf36e4a0b7020][TIMING] emit_host_span: [STRACE] v=1 pid=2155045 tid=2155045 inv=57 hid=7330127d2e7be9ea depth=1 name=chip.run.runner_run ts=7319655799352322 dur=150323969 
[mono_ns=7319655949756061][T0xf36e4a0b7020][TIMING] emit_host_span: [STRACE] v=1 pid=2155045 tid=2155045 inv=57 hid=7330127d2e7be9ea depth=1 name=chip.run.validate ts=7319655949710301 dur=41700 
[mono_ns=7319655949762411][T0xf36e4a0b7020][TIMING] emit_host_span: [STRACE] v=1 pid=2155045 tid=2155045 inv=57 hid=7330127d2e7be9ea depth=2 name=chip.run.runner_run.device_wall ts=0 dur=139260 clk=dev
[mono_ns=7319655949767251][T0xf36e4a0b7020][TIMING] emit_host_span: [STRACE] v=1 pid=2155045 tid=2155045 inv=57 hid=7330127d2e7be9ea depth=3 name=chip.run.runner_run.device_wall.preamble ts=0 dur=8440 clk=dev
[mono_ns=7319655949795061][T0xf36e4a0b7020][TIMING] emit_host_span: [STRACE] v=1 pid=2155045 tid=2155045 inv=57 hid=7330127d2e7be9ea depth=3 name=chip.run.runner_run.device_wall.graph_build ts=1900 dur=125699 clk=dev
[mono_ns=7319655949798311][T0xf36e4a0b7020][TIMING] emit_host_span: [STRACE] v=1 pid=2155045 tid=2155045 inv=57 hid=7330127d2e7be9ea depth=3 name=chip.run.runner_run.device_wall.config_validate ts=1980 dur=860 clk=dev
[mono_ns=7319655949802781][T0xf36e4a0b7020][TIMING] emit_host_span: [STRACE] v=1 pid=2155045 tid=2155045 inv=57 hid=7330127d2e7be9ea depth=3 name=chip.run.runner_run.device_wall.arena_wire ts=2860 dur=679 clk=dev
[mono_ns=7319655949805781][T0xf36e4a0b7020][TIMING] emit_host_span: [STRACE] v=1 pid=2155045 tid=2155045 inv=57 hid=7330127d2e7be9ea depth=3 name=chip.run.runner_run.device_wall.sm_reset ts=3580 dur=2000 clk=dev
[mono_ns=7319655949809341][T0xf36e4a0b7020][TIMING] emit_host_span: [STRACE] v=1 pid=2155045 tid=2155045 inv=57 hid=7330127d2e7be9ea depth=3 name=chip.run.runner_run.device_wall.post_orch ts=127660 dur=11200 clk=dev
[mono_ns=7319655949812561][T0xf36e4a0b7020][TIMING] emit_host_span: [STRACE] v=1 pid=2155045 tid=2155045 inv=57 hid=7330127d2e7be9ea depth=3 name=chip.run.runner_run.device_wall.orch ts=6760 dur=6000 clk=dev
[mono_ns=7319655949815711][T0xf36e4a0b7020][TIMING] emit_host_span: [STRACE] v=1 pid=2155045 tid=2155045 inv=57 hid=7330127d2e7be9ea depth=3 name=chip.run.runner_run.device_wall.sched ts=8579 dur=109400 clk=dev
[mono_ns=7319655949835571][T0xf36e4a0b7020][TIMING] emit_host_span: [STRACE] v=1 pid=2155045 tid=2155045 inv=57 hid=7330127d2e7be9ea depth=1 name=chip.run.claim_release ts=7319655949832681 dur=810 
[mono_ns=7319655949841522][T0xf36e4a0b7020][TIMING] emit_host_span: [STRACE] v=1 pid=2155045 tid=2155045 inv=57 hid=7330127d2e7be9ea depth=0 name=chip.run ts=7319655796832131 dur=153007231 run_id=15 dispatch_id=57 slot_id=0 generation=15 run_epoch=57
[mono_ns=7319655951063477][T0xf36e4a0b7020][TIMING] emit_host_span: [STRACE] v=1 pid=2155045 tid=2155045 inv=58 hid=9a0ce7c17a38dab depth=2 name=chip.run.bind.args ts=7319655950973806 dur=84001 
[mono_ns=7319655951081187][T0xf36e4a0b7020][TIMING] emit_host_span: [STRACE] v=1 pid=2155045 tid=2155045 inv=58 hid=9a0ce7c17a38dab depth=2 name=chip.run.bind.prebuilt ts=7319655951075077 dur=3860 
[mono_ns=7319655951086127][T0xf36e4a0b7020][TIMING] emit_host_span: [STRACE] v=1 pid=2155045 tid=2155045 inv=58 hid=9a0ce7c17a38dab depth=1 name=chip.run.bind ts=7319655950961996 dur=122081 
[mono_ns=7319656055731452][T0xf36e4a0b7020][TIMING] emit_host_span: [STRACE] v=1 pid=2155045 tid=2155045 inv=58 hid=9a0ce7c17a38dab depth=1 name=chip.run.runner_run ts=7319655951339638 dur=104378644 
[mono_ns=7319656055790972][T0xf36e4a0b7020][TIMING] emit_host_span: [STRACE] v=1 pid=2155045 tid=2155045 inv=58 hid=9a0ce7c17a38dab depth=1 name=chip.run.validate ts=7319656055748892 dur=38450 
[mono_ns=7319656055807862][T0xf36e4a0b7020][TIMING] emit_host_span: [STRACE] v=1 pid=2155045 tid=2155045 inv=58 hid=9a0ce7c17a38dab depth=2 name=chip.run.runner_run.device_wall ts=0 dur=31740 clk=dev
[mono_ns=7319656055865822][T0xf36e4a0b7020][TIMING] emit_host_span: [STRACE] v=1 pid=2155045 tid=2155045 inv=58 hid=9a0ce7c17a38dab depth=3 name=chip.run.runner_run.device_wall.preamble ts=0 dur=6600 clk=dev
[mono_ns=7319656055869812][T0xf36e4a0b7020][TIMING] emit_host_span: [STRACE] v=1 pid=2155045 tid=2155045 inv=58 hid=9a0ce7c17a38dab depth=3 name=chip.run.runner_run.device_wall.graph_build ts=1200 dur=19240 clk=dev
[mono_ns=7319656055873802][T0xf36e4a0b7020][TIMING] emit_host_span: [STRACE] v=1 pid=2155045 tid=2155045 inv=58 hid=9a0ce7c17a38dab depth=3 name=chip.run.runner_run.device_wall.config_validate ts=1320 dur=660 clk=dev
[mono_ns=7319656055876842][T0xf36e4a0b7020][TIMING] emit_host_span: [STRACE] v=1 pid=2155045 tid=2155045 inv=58 hid=9a0ce7c17a38dab depth=3 name=chip.run.runner_run.device_wall.arena_wire ts=2000 dur=440 clk=dev
[mono_ns=7319656055880392][T0xf36e4a0b7020][TIMING] emit_host_span: [STRACE] v=1 pid=2155045 tid=2155045 inv=58 hid=9a0ce7c17a38dab depth=3 name=chip.run.runner_run.device_wall.sm_reset ts=2480 dur=720 clk=dev
[mono_ns=7319656055884042][T0xf36e4a0b7020][TIMING] emit_host_span: [STRACE] v=1 pid=2155045 tid=2155045 inv=58 hid=9a0ce7c17a38dab depth=3 name=chip.run.runner_run.device_wall.post_orch ts=20500 dur=11080 clk=dev
[mono_ns=7319656055887472][T0xf36e4a0b7020][TIMING] emit_host_span: [STRACE] v=1 pid=2155045 tid=2155045 inv=58 hid=9a0ce7c17a38dab depth=3 name=chip.run.runner_run.device_wall.orch ts=3900 dur=2640 clk=dev
[mono_ns=7319656055890882][T0xf36e4a0b7020][TIMING] emit_host_span: [STRACE] v=1 pid=2155045 tid=2155045 inv=58 hid=9a0ce7c17a38dab depth=3 name=chip.run.runner_run.device_wall.sched ts=6760 dur=6660 clk=dev
[mono_ns=7319656055915473][T0xf36e4a0b7020][TIMING] emit_host_span: [STRACE] v=1 pid=2155045 tid=2155045 inv=58 hid=9a0ce7c17a38dab depth=1 name=chip.run.claim_release ts=7319656055912483 dur=830 
[mono_ns=7319656055921383][T0xf36e4a0b7020][TIMING] emit_host_span: [STRACE] v=1 pid=2155045 tid=2155045 inv=58 hid=9a0ce7c17a38dab depth=0 name=chip.run ts=7319655950913736 dur=105004957 run_id=15 dispatch_id=58 slot_id=0 generation=15 run_epoch=58
[mono_ns=7319656056484385][T0xf36e4a0b7020][TIMING] emit_host_span: [STRACE] v=1 pid=2155045 tid=2155045 inv=59 hid=aa636548c65ca6a1 depth=2 name=chip.run.bind.args ts=7319656056431565 dur=47590 
[mono_ns=7319656056500765][T0xf36e4a0b7020][TIMING] emit_host_span: [STRACE] v=1 pid=2155045 tid=2155045 inv=59 hid=aa636548c65ca6a1 depth=2 name=chip.run.bind.prebuilt ts=7319656056494965 dur=3440 
[mono_ns=7319656056505445][T0xf36e4a0b7020][TIMING] emit_host_span: [STRACE] v=1 pid=2155045 tid=2155045 inv=59 hid=aa636548c65ca6a1 depth=1 name=chip.run.bind ts=7319656056410975 dur=92190 
[mono_ns=7319656061471046][T0xf36e4a0b7020][TIMING] emit_host_span: [STRACE] v=1 pid=2155045 tid=2155045 inv=59 hid=aa636548c65ca6a1 depth=1 name=chip.run.runner_run ts=7319656056740586 dur=4724230 
[mono_ns=7319656061506596][T0xf36e4a0b7020][TIMING] emit_host_span: [STRACE] v=1 pid=2155045 tid=2155045 inv=59 hid=aa636548c65ca6a1 depth=1 name=chip.run.validate ts=7319656061481186 dur=22030 
[mono_ns=7319656061517786][T0xf36e4a0b7020][TIMING] emit_host_span: [STRACE] v=1 pid=2155045 tid=2155045 inv=59 hid=aa636548c65ca6a1 depth=2 name=chip.run.runner_run.device_wall ts=0 dur=4468620 clk=dev
[mono_ns=7319656061562447][T0xf36e4a0b7020][TIMING] emit_host_span: [STRACE] v=1 pid=2155045 tid=2155045 inv=59 hid=aa636548c65ca6a1 depth=3 name=chip.run.runner_run.device_wall.preamble ts=0 dur=5820 clk=dev
[mono_ns=7319656061566637][T0xf36e4a0b7020][TIMING] emit_host_span: [STRACE] v=1 pid=2155045 tid=2155045 inv=59 hid=aa636548c65ca6a1 depth=3 name=chip.run.runner_run.device_wall.graph_build ts=1540 dur=4456560 clk=dev
[mono_ns=7319656061570237][T0xf36e4a0b7020][TIMING] emit_host_span: [STRACE] v=1 pid=2155045 tid=2155045 inv=59 hid=aa636548c65ca6a1 depth=3 name=chip.run.runner_run.device_wall.config_validate ts=1640 dur=540 clk=dev
[mono_ns=7319656061573207][T0xf36e4a0b7020][TIMING] emit_host_span: [STRACE] v=1 pid=2155045 tid=2155045 inv=59 hid=aa636548c65ca6a1 depth=3 name=chip.run.runner_run.device_wall.arena_wire ts=2200 dur=280 clk=dev
[mono_ns=7319656061576087][T0xf36e4a0b7020][TIMING] emit_host_span: [STRACE] v=1 pid=2155045 tid=2155045 inv=59 hid=aa636548c65ca6a1 depth=3 name=chip.run.runner_run.device_wall.sm_reset ts=2500 dur=679 clk=dev
[mono_ns=7319656061579537][T0xf36e4a0b7020][TIMING] emit_host_span: [STRACE] v=1 pid=2155045 tid=2155045 inv=59 hid=aa636548c65ca6a1 depth=3 name=chip.run.runner_run.device_wall.post_orch ts=4458140 dur=10340 clk=dev
[mono_ns=7319656061582327][T0xf36e4a0b7020][TIMING] emit_host_span: [STRACE] v=1 pid=2155045 tid=2155045 inv=59 hid=aa636548c65ca6a1 depth=3 name=chip.run.runner_run.device_wall.orch ts=3220 dur=1900 clk=dev
[mono_ns=7319656061605447][T0xf36e4a0b7020][TIMING] emit_host_span: [STRACE] v=1 pid=2155045 tid=2155045 inv=59 hid=aa636548c65ca6a1 depth=3 name=chip.run.runner_run.device_wall.sched ts=5880 dur=4445000 clk=dev
[mono_ns=7319656061609947][T0xf36e4a0b7020][TIMING] emit_host_span: [STRACE] v=1 pid=2155045 tid=2155045 inv=59 hid=aa636548c65ca6a1 depth=1 name=chip.run.claim_release ts=7319656061607767 dur=330 
[mono_ns=7319656061615287][T0xf36e4a0b7020][TIMING] emit_host_span: [STRACE] v=1 pid=2155045 tid=2155045 inv=59 hid=aa636548c65ca6a1 depth=0 name=chip.run ts=7319656056367384 dur=5245883 run_id=15 dispatch_id=59 slot_id=0 generation=15 run_epoch=59
[mono_ns=7319656062686391][T0xf36e4a0b7020][TIMING] emit_host_span: [STRACE] v=1 pid=2155045 tid=2155045 inv=60 hid=e3bcbf8fce8ee77f depth=2 name=chip.run.bind.args ts=7319656062604321 dur=76380 
[mono_ns=7319656062701871][T0xf36e4a0b7020][TIMING] emit_host_span: [STRACE] v=1 pid=2155045 tid=2155045 inv=60 hid=e3bcbf8fce8ee77f depth=2 name=chip.run.bind.prebuilt ts=7319656062697451 dur=2070 
[mono_ns=7319656062706701][T0xf36e4a0b7020][TIMING] emit_host_span: [STRACE] v=1 pid=2155045 tid=2155045 inv=60 hid=e3bcbf8fce8ee77f depth=1 name=chip.run.bind ts=7319656062598021 dur=106470 
[mono_ns=7319656167510527][T0xf36e4a0b7020][TIMING] emit_host_span: [STRACE] v=1 pid=2155045 tid=2155045 inv=60 hid=e3bcbf8fce8ee77f depth=1 name=chip.run.runner_run ts=7319656062889122 dur=104606815 
[mono_ns=7319656168565912][T0xf36e4a0b7020][TIMING] emit_host_span: [STRACE] v=1 pid=2155045 tid=2155045 inv=60 hid=e3bcbf8fce8ee77f depth=1 name=chip.run.validate ts=7319656167530257 dur=1028585 
[mono_ns=7319656168580902][T0xf36e4a0b7020][TIMING] emit_host_span: [STRACE] v=1 pid=2155045 tid=2155045 inv=60 hid=e3bcbf8fce8ee77f depth=2 name=chip.run.runner_run.device_wall ts=0 dur=76240 clk=dev
[mono_ns=7319656168586022][T0xf36e4a0b7020][TIMING] emit_host_span: [STRACE] v=1 pid=2155045 tid=2155045 inv=60 hid=e3bcbf8fce8ee77f depth=3 name=chip.run.runner_run.device_wall.preamble ts=0 dur=5500 clk=dev
[mono_ns=7319656168590242][T0xf36e4a0b7020][TIMING] emit_host_span: [STRACE] v=1 pid=2155045 tid=2155045 inv=60 hid=e3bcbf8fce8ee77f depth=3 name=chip.run.runner_run.device_wall.graph_build ts=1660 dur=63340 clk=dev
[mono_ns=7319656168594762][T0xf36e4a0b7020][TIMING] emit_host_span: [STRACE] v=1 pid=2155045 tid=2155045 inv=60 hid=e3bcbf8fce8ee77f depth=3 name=chip.run.runner_run.device_wall.config_validate ts=1760 dur=580 clk=dev
[mono_ns=7319656168598042][T0xf36e4a0b7020][TIMING] emit_host_span: [STRACE] v=1 pid=2155045 tid=2155045 inv=60 hid=e3bcbf8fce8ee77f depth=3 name=chip.run.runner_run.device_wall.arena_wire ts=2380 dur=260 clk=dev
[mono_ns=7319656168602082][T0xf36e4a0b7020][TIMING] emit_host_span: [STRACE] v=1 pid=2155045 tid=2155045 inv=60 hid=e3bcbf8fce8ee77f depth=3 name=chip.run.runner_run.device_wall.sm_reset ts=2680 dur=440 clk=dev
[mono_ns=7319656168606062][T0xf36e4a0b7020][TIMING] emit_host_span: [STRACE] v=1 pid=2155045 tid=2155045 inv=60 hid=e3bcbf8fce8ee77f depth=3 name=chip.run.runner_run.device_wall.post_orch ts=65060 dur=11060 clk=dev
[mono_ns=7319656168609922][T0xf36e4a0b7020][TIMING] emit_host_span: [STRACE] v=1 pid=2155045 tid=2155045 inv=60 hid=e3bcbf8fce8ee77f depth=3 name=chip.run.runner_run.device_wall.orch ts=3620 dur=3060 clk=dev
[mono_ns=7319656168683652][T0xf36e4a0b7020][TIMING] emit_host_span: [STRACE] v=1 pid=2155045 tid=2155045 inv=60 hid=e3bcbf8fce8ee77f depth=3 name=chip.run.runner_run.device_wall.sched ts=5600 dur=52220 clk=dev
[mono_ns=7319656168690462][T0xf36e4a0b7020][TIMING] emit_host_span: [STRACE] v=1 pid=2155045 tid=2155045 inv=60 hid=e3bcbf8fce8ee77f depth=1 name=chip.run.claim_release ts=7319656168687742 dur=810 
[mono_ns=7319656168697412][T0xf36e4a0b7020][TIMING] emit_host_span: [STRACE] v=1 pid=2155045 tid=2155045 inv=60 hid=e3bcbf8fce8ee77f depth=0 name=chip.run ts=7319656062576751 dur=106118341 run_id=15 dispatch_id=60 slot_id=0 generation=15 run_epoch=60
[mono_ns=7319656175871823][T0xf36e4a0b7020][TIMING] emit_host_span: [STRACE] v=1 pid=2155045 tid=2155045 inv=61 hid=7330127d2e7be9ea depth=2 name=chip.run.bind.args ts=7319656174995159 dur=869424 
[mono_ns=7319656175894423][T0xf36e4a0b7020][TIMING] emit_host_span: [STRACE] v=1 pid=2155045 tid=2155045 inv=61 hid=7330127d2e7be9ea depth=2 name=chip.run.bind.prebuilt ts=7319656175887503 dur=4530 
[mono_ns=7319656175899783][T0xf36e4a0b7020][TIMING] emit_host_span: [STRACE] v=1 pid=2155045 tid=2155045 inv=61 hid=7330127d2e7be9ea depth=1 name=chip.run.bind ts=7319656174982689 dur=914614 
[mono_ns=7319656179263757][T0xf36cec6cdca0][WARN] copy_aicore_buffer: [chip_swimlane_collector.cpp:689] Core 2: skipped 1024 AICore record slot(s) with start_time=0 (race-window write or recycled-buffer tail). buf seq=0 count=1024
[mono_ns=7319656179277007][T0xf36ceceddca0][WARN] copy_aicore_buffer: [chip_swimlane_collector.cpp:689] Core 1: skipped 1024 AICore record slot(s) with start_time=0 (race-window write or recycled-buffer tail). buf seq=0 count=1024
[mono_ns=7319656179341087][T0xf36ced6edca0][WARN] copy_aicore_buffer: [chip_swimlane_collector.cpp:689] Core 0: skipped 1024 AICore record slot(s) with start_time=0 (race-window write or recycled-buffer tail). buf seq=0 count=1024
[mono_ns=7319656179558488][T0xf36cec6cdca0][WARN] copy_aicore_buffer: [chip_swimlane_collector.cpp:689] Core 28: skipped 1024 AICore record slot(s) with start_time=0 (race-window write or recycled-buffer tail). buf seq=0 count=1024
[mono_ns=7319656179567968][T0xf36ceceddca0][WARN] copy_aicore_buffer: [chip_swimlane_collector.cpp:689] Core 26: skipped 1023 AICore record slot(s) with start_time=0 (race-window write or recycled-buffer tail). buf seq=0 count=1024
[mono_ns=7319656179627689][T0xf36ced6edca0][WARN] copy_aicore_buffer: [chip_swimlane_collector.cpp:689] Core 24: skipped 1024 AICore record slot(s) with start_time=0 (race-window write or recycled-buffer tail). buf seq=0 count=1024
[mono_ns=7319656179841099][T0xf36cec6cdca0][WARN] copy_aicore_buffer: [chip_swimlane_collector.cpp:689] Core 29: skipped 1024 AICore record slot(s) with start_time=0 (race-window write or recycled-buffer tail). buf seq=0 count=1024
[mono_ns=7319656179845850][T0xf36ceceddca0][WARN] copy_aicore_buffer: [chip_swimlane_collector.cpp:689] Core 27: skipped 1024 AICore record slot(s) with start_time=0 (race-window write or recycled-buffer tail). buf seq=0 count=1024
[mono_ns=7319656179908540][T0xf36ced6edca0][WARN] copy_aicore_buffer: [chip_swimlane_collector.cpp:689] Core 25: skipped 1024 AICore record slot(s) with start_time=0 (race-window write or recycled-buffer tail). buf seq=0 count=1024
[mono_ns=7319656180129871][T0xf36cec6cdca0][WARN] copy_aicore_buffer: [chip_swimlane_collector.cpp:689] Core 5: skipped 1024 AICore record slot(s) with start_time=0 (race-window write or recycled-buffer tail). buf seq=0 count=1024
[mono_ns=7319656180136751][T0xf36ceceddca0][WARN] copy_aicore_buffer: [chip_swimlane_collector.cpp:689] Core 4: skipped 1024 AICore record slot(s) with start_time=0 (race-window write or recycled-buffer tail). buf seq=0 count=1024
[mono_ns=7319656180209881][T0xf36ced6edca0][WARN] copy_aicore_buffer: [chip_swimlane_collector.cpp:689] Core 3: skipped 1024 AICore record slot(s) with start_time=0 (race-window write or recycled-buffer tail). buf seq=0 count=1024
[mono_ns=7319656180410742][T0xf36cec6cdca0][WARN] copy_aicore_buffer: [chip_swimlane_collector.cpp:689] Core 34: skipped 1024 AICore record slot(s) with start_time=0 (race-window write or recycled-buffer tail). buf seq=0 count=1024
[mono_ns=7319656180414102][T0xf36ceceddca0][WARN] copy_aicore_buffer: [chip_swimlane_collector.cpp:689] Core 32: skipped 1024 AICore record slot(s) with start_time=0 (race-window write or recycled-buffer tail). buf seq=0 count=1024
[mono_ns=7319656180489322][T0xf36ced6edca0][WARN] copy_aicore_buffer: [chip_swimlane_collector.cpp:689] Core 30: skipped 1024 AICore record slot(s) with start_time=0 (race-window write or recycled-buffer tail). buf seq=0 count=1024
[mono_ns=7319656180692273][T0xf36ceceddca0][WARN] copy_aicore_buffer: [chip_swimlane_collector.cpp:689] Core 33: skipped 1024 AICore record slot(s) with start_time=0 (race-window write or recycled-buffer tail). buf seq=0 count=1024
[mono_ns=7319656180692863][T0xf36cec6cdca0][WARN] copy_aicore_buffer: [chip_swimlane_collector.cpp:689] Core 35: skipped 1023 AICore record slot(s) with start_time=0 (race-window write or recycled-buffer tail). buf seq=0 count=1024
[mono_ns=7319656180770183][T0xf36ced6edca0][WARN] copy_aicore_buffer: [chip_swimlane_collector.cpp:689] Core 31: skipped 1023 AICore record slot(s) with start_time=0 (race-window write or recycled-buffer tail). buf seq=0 count=1024
[mono_ns=7319656180972384][T0xf36ceceddca0][WARN] copy_aicore_buffer: [chip_swimlane_collector.cpp:689] Core 7: skipped 1024 AICore record slot(s) with start_time=0 (race-window write or recycled-buffer tail). buf seq=0 count=1024
[mono_ns=7319656180975884][T0xf36cec6cdca0][WARN] copy_aicore_buffer: [chip_swimlane_collector.cpp:689] Core 8: skipped 1024 AICore record slot(s) with start_time=0 (race-window write or recycled-buffer tail). buf seq=0 count=1024
[mono_ns=7319656181057855][T0xf36ced6edca0][WARN] copy_aicore_buffer: [chip_swimlane_collector.cpp:689] Core 6: skipped 1024 AICore record slot(s) with start_time=0 (race-window write or recycled-buffer tail). buf seq=0 count=1024
[mono_ns=7319656181257886][T0xf36ceceddca0][WARN] copy_aicore_buffer: [chip_swimlane_collector.cpp:689] Core 38: skipped 1023 AICore record slot(s) with start_time=0 (race-window write or recycled-buffer tail). buf seq=0 count=1024
[mono_ns=7319656181265016][T0xf36cec6cdca0][WARN] copy_aicore_buffer: [chip_swimlane_collector.cpp:689] Core 40: skipped 1024 AICore record slot(s) with start_time=0 (race-window write or recycled-buffer tail). buf seq=0 count=1024
[mono_ns=7319656181336536][T0xf36ced6edca0][WARN] copy_aicore_buffer: [chip_swimlane_collector.cpp:689] Core 36: skipped 1024 AICore record slot(s) with start_time=0 (race-window write or recycled-buffer tail). buf seq=0 count=1024
[mono_ns=7319656181538717][T0xf36ceceddca0][WARN] copy_aicore_buffer: [chip_swimlane_collector.cpp:689] Core 39: skipped 1024 AICore record slot(s) with start_time=0 (race-window write or recycled-buffer tail). buf seq=0 count=1024
[mono_ns=7319656181544997][T0xf36cec6cdca0][WARN] copy_aicore_buffer: [chip_swimlane_collector.cpp:689] Core 41: skipped 1024 AICore record slot(s) with start_time=0 (race-window write or recycled-buffer tail). buf seq=0 count=1024
[mono_ns=7319656181616947][T0xf36ced6edca0][WARN] copy_aicore_buffer: [chip_swimlane_collector.cpp:689] Core 37: skipped 1024 AICore record slot(s) with start_time=0 (race-window write or recycled-buffer tail). buf seq=0 count=1024
[mono_ns=7319656181818298][T0xf36ceceddca0][WARN] copy_aicore_buffer: [chip_swimlane_collector.cpp:689] Core 10: skipped 1024 AICore record slot(s) with start_time=0 (race-window write or recycled-buffer tail). buf seq=0 count=1024
[mono_ns=7319656181825308][T0xf36cec6cdca0][WARN] copy_aicore_buffer: [chip_swimlane_collector.cpp:689] Core 11: skipped 1024 AICore record slot(s) with start_time=0 (race-window write or recycled-buffer tail). buf seq=0 count=1024
[mono_ns=7319656181895798][T0xf36ced6edca0][WARN] copy_aicore_buffer: [chip_swimlane_collector.cpp:689] Core 9: skipped 1024 AICore record slot(s) with start_time=0 (race-window write or recycled-buffer tail). buf seq=0 count=1024
[mono_ns=7319656182109829][T0xf36ceceddca0][WARN] copy_aicore_buffer: [chip_swimlane_collector.cpp:689] Core 44: skipped 1024 AICore record slot(s) with start_time=0 (race-window write or recycled-buffer tail). buf seq=0 count=1024
[mono_ns=7319656182112219][T0xf36cec6cdca0][WARN] copy_aicore_buffer: [chip_swimlane_collector.cpp:689] Core 46: skipped 1024 AICore record slot(s) with start_time=0 (race-window write or recycled-buffer tail). buf seq=0 count=1024
[mono_ns=7319656182186179][T0xf36ced6edca0][WARN] copy_aicore_buffer: [chip_swimlane_collector.cpp:689] Core 42: skipped 1024 AICore record slot(s) with start_time=0 (race-window write or recycled-buffer tail). buf seq=0 count=1024
[mono_ns=7319656182390320][T0xf36ceceddca0][WARN] copy_aicore_buffer: [chip_swimlane_collector.cpp:689] Core 45: skipped 1024 AICore record slot(s) with start_time=0 (race-window write or recycled-buffer tail). buf seq=0 count=1024
[mono_ns=7319656182392180][T0xf36cec6cdca0][WARN] copy_aicore_buffer: [chip_swimlane_collector.cpp:689] Core 47: skipped 1024 AICore record slot(s) with start_time=0 (race-window write or recycled-buffer tail). buf seq=0 count=1024
[mono_ns=7319656182465961][T0xf36ced6edca0][WARN] copy_aicore_buffer: [chip_swimlane_collector.cpp:689] Core 43: skipped 1024 AICore record slot(s) with start_time=0 (race-window write or recycled-buffer tail). buf seq=0 count=1024
[mono_ns=7319656182670512][T0xf36ceceddca0][WARN] copy_aicore_buffer: [chip_swimlane_collector.cpp:689] Core 13: skipped 1024 AICore record slot(s) with start_time=0 (race-window write or recycled-buffer tail). buf seq=0 count=1024
[mono_ns=7319656182671942][T0xf36cec6cdca0][WARN] copy_aicore_buffer: [chip_swimlane_collector.cpp:689] Core 14: skipped 1024 AICore record slot(s) with start_time=0 (race-window write or recycled-buffer tail). buf seq=0 count=1024
[mono_ns=7319656182745572][T0xf36ced6edca0][WARN] copy_aicore_buffer: [chip_swimlane_collector.cpp:689] Core 12: skipped 1024 AICore record slot(s) with start_time=0 (race-window write or recycled-buffer tail). buf seq=0 count=1024
[mono_ns=7319656182950053][T0xf36ceceddca0][WARN] copy_aicore_buffer: [chip_swimlane_collector.cpp:689] Core 50: skipped 1024 AICore record slot(s) with start_time=0 (race-window write or recycled-buffer tail). buf seq=0 count=1024
[mono_ns=7319656182951483][T0xf36cec6cdca0][WARN] copy_aicore_buffer: [chip_swimlane_collector.cpp:689] Core 52: skipped 1023 AICore record slot(s) with start_time=0 (race-window write or recycled-buffer tail). buf seq=0 count=1024
[mono_ns=7319656183040383][T0xf36ced6edca0][WARN] copy_aicore_buffer: [chip_swimlane_collector.cpp:689] Core 48: skipped 1024 AICore record slot(s) with start_time=0 (race-window write or recycled-buffer tail). buf seq=0 count=1024
[mono_ns=7319656183243964][T0xf36ceceddca0][WARN] copy_aicore_buffer: [chip_swimlane_collector.cpp:689] Core 51: skipped 1024 AICore record slot(s) with start_time=0 (race-window write or recycled-buffer tail). buf seq=0 count=1024
[mono_ns=7319656183247034][T0xf36cec6cdca0][WARN] copy_aicore_buffer: [chip_swimlane_collector.cpp:689] Core 53: skipped 1024 AICore record slot(s) with start_time=0 (race-window write or recycled-buffer tail). buf seq=0 count=1024
[mono_ns=7319656183319104][T0xf36ced6edca0][WARN] copy_aicore_buffer: [chip_swimlane_collector.cpp:689] Core 49: skipped 1024 AICore record slot(s) with start_time=0 (race-window write or recycled-buffer tail). buf seq=0 count=1024
[mono_ns=7319656183522635][T0xf36ceceddca0][WARN] copy_aicore_buffer: [chip_swimlane_collector.cpp:689] Core 16: skipped 1024 AICore record slot(s) with start_time=0 (race-window write or recycled-buffer tail). buf seq=0 count=1024
[mono_ns=7319656183525645][T0xf36cec6cdca0][WARN] copy_aicore_buffer: [chip_swimlane_collector.cpp:689] Core 17: skipped 1024 AICore record slot(s) with start_time=0 (race-window write or recycled-buffer tail). buf seq=0 count=1024
[mono_ns=7319656183597375][T0xf36ced6edca0][WARN] copy_aicore_buffer: [chip_swimlane_collector.cpp:689] Core 15: skipped 1024 AICore record slot(s) with start_time=0 (race-window write or recycled-buffer tail). buf seq=0 count=1024
[mono_ns=7319656183802816][T0xf36ceceddca0][WARN] copy_aicore_buffer: [chip_swimlane_collector.cpp:689] Core 56: skipped 1024 AICore record slot(s) with start_time=0 (race-window write or recycled-buffer tail). buf seq=0 count=1024
[mono_ns=7319656183804996][T0xf36cec6cdca0][WARN] copy_aicore_buffer: [chip_swimlane_collector.cpp:689] Core 58: skipped 1024 AICore record slot(s) with start_time=0 (race-window write or recycled-buffer tail). buf seq=0 count=1024
[mono_ns=7319656183879707][T0xf36ced6edca0][WARN] copy_aicore_buffer: [chip_swimlane_collector.cpp:689] Core 54: skipped 1024 AICore record slot(s) with start_time=0 (race-window write or recycled-buffer tail). buf seq=0 count=1024
[mono_ns=7319656184089068][T0xf36cec6cdca0][WARN] copy_aicore_buffer: [chip_swimlane_collector.cpp:689] Core 59: skipped 1024 AICore record slot(s) with start_time=0 (race-window write or recycled-buffer tail). buf seq=0 count=1024
[mono_ns=7319656184095598][T0xf36ceceddca0][WARN] copy_aicore_buffer: [chip_swimlane_collector.cpp:689] Core 57: skipped 1024 AICore record slot(s) with start_time=0 (race-window write or recycled-buffer tail). buf seq=0 count=1024
[mono_ns=7319656184170968][T0xf36ced6edca0][WARN] copy_aicore_buffer: [chip_swimlane_collector.cpp:689] Core 55: skipped 1024 AICore record slot(s) with start_time=0 (race-window write or recycled-buffer tail). buf seq=0 count=1024
[mono_ns=7319656184369399][T0xf36cec6cdca0][WARN] copy_aicore_buffer: [chip_swimlane_collector.cpp:689] Core 20: skipped 1024 AICore record slot(s) with start_time=0 (race-window write or recycled-buffer tail). buf seq=0 count=1024
[mono_ns=7319656184372849][T0xf36ceceddca0][WARN] copy_aicore_buffer: [chip_swimlane_collector.cpp:689] Core 19: skipped 1024 AICore record slot(s) with start_time=0 (race-window write or recycled-buffer tail). buf seq=0 count=1024
[mono_ns=7319656184449789][T0xf36ced6edca0][WARN] copy_aicore_buffer: [chip_swimlane_collector.cpp:689] Core 18: skipped 1024 AICore record slot(s) with start_time=0 (race-window write or recycled-buffer tail). buf seq=0 count=1024
[mono_ns=7319656184650480][T0xf36cec6cdca0][WARN] copy_aicore_buffer: [chip_swimlane_collector.cpp:689] Core 64: skipped 1024 AICore record slot(s) with start_time=0 (race-window write or recycled-buffer tail). buf seq=0 count=1024
[mono_ns=7319656184651570][T0xf36ceceddca0][WARN] copy_aicore_buffer: [chip_swimlane_collector.cpp:689] Core 62: skipped 1024 AICore record slot(s) with start_time=0 (race-window write or recycled-buffer tail). buf seq=0 count=1024
[mono_ns=7319656184728110][T0xf36ced6edca0][WARN] copy_aicore_buffer: [chip_swimlane_collector.cpp:689] Core 60: skipped 1024 AICore record slot(s) with start_time=0 (race-window write or recycled-buffer tail). buf seq=0 count=1024
[mono_ns=7319656184930051][T0xf36ceceddca0][WARN] copy_aicore_buffer: [chip_swimlane_collector.cpp:689] Core 63: skipped 1024 AICore record slot(s) with start_time=0 (race-window write or recycled-buffer tail). buf seq=0 count=1024
[mono_ns=7319656184931651][T0xf36cec6cdca0][WARN] copy_aicore_buffer: [chip_swimlane_collector.cpp:689] Core 65: skipped 1024 AICore record slot(s) with start_time=0 (race-window write or recycled-buffer tail). buf seq=0 count=1024
[mono_ns=7319656185013091][T0xf36ced6edca0][WARN] copy_aicore_buffer: [chip_swimlane_collector.cpp:689] Core 61: skipped 1024 AICore record slot(s) with start_time=0 (race-window write or recycled-buffer tail). buf seq=0 count=1024
[mono_ns=7319656185218512][T0xf36cec6cdca0][WARN] copy_aicore_buffer: [chip_swimlane_collector.cpp:689] Core 23: skipped 1024 AICore record slot(s) with start_time=0 (race-window write or recycled-buffer tail). buf seq=0 count=1024
[mono_ns=7319656185221352][T0xf36ceceddca0][WARN] copy_aicore_buffer: [chip_swimlane_collector.cpp:689] Core 22: skipped 1024 AICore record slot(s) with start_time=0 (race-window write or recycled-buffer tail). buf seq=0 count=1024
[mono_ns=7319656185292123][T0xf36ced6edca0][WARN] copy_aicore_buffer: [chip_swimlane_collector.cpp:689] Core 21: skipped 1024 AICore record slot(s) with start_time=0 (race-window write or recycled-buffer tail). buf seq=0 count=1024
[mono_ns=7319656185500634][T0xf36ceceddca0][WARN] copy_aicore_buffer: [chip_swimlane_collector.cpp:689] Core 68: skipped 1024 AICore record slot(s) with start_time=0 (race-window write or recycled-buffer tail). buf seq=0 count=1024
[mono_ns=7319656185500654][T0xf36cec6cdca0][WARN] copy_aicore_buffer: [chip_swimlane_collector.cpp:689] Core 70: skipped 1024 AICore record slot(s) with start_time=0 (race-window write or recycled-buffer tail). buf seq=0 count=1024
[mono_ns=7319656185571014][T0xf36ced6edca0][WARN] copy_aicore_buffer: [chip_swimlane_collector.cpp:689] Core 66: skipped 1024 AICore record slot(s) with start_time=0 (race-window write or recycled-buffer tail). buf seq=0 count=1024
[mono_ns=7319656185793545][T0xf36cec6cdca0][WARN] copy_aicore_buffer: [chip_swimlane_collector.cpp:689] Core 71: skipped 1024 AICore record slot(s) with start_time=0 (race-window write or recycled-buffer tail). buf seq=0 count=1024
[mono_ns=7319656185798765][T0xf36ceceddca0][WARN] copy_aicore_buffer: [chip_swimlane_collector.cpp:689] Core 69: skipped 1024 AICore record slot(s) with start_time=0 (race-window write or recycled-buffer tail). buf seq=0 count=1024
[mono_ns=7319656185860265][T0xf36ced6edca0][WARN] copy_aicore_buffer: [chip_swimlane_collector.cpp:689] Core 67: skipped 1024 AICore record slot(s) with start_time=0 (race-window write or recycled-buffer tail). buf seq=0 count=1024
[mono_ns=7319656286627084][T0xf36e4a0b7020][TIMING] emit_host_span: [STRACE] v=1 pid=2155045 tid=2155045 inv=61 hid=7330127d2e7be9ea depth=1 name=chip.run.runner_run ts=7319656177973462 dur=108638791 
[mono_ns=7319656286683664][T0xf36e4a0b7020][TIMING] emit_host_span: [STRACE] v=1 pid=2155045 tid=2155045 inv=61 hid=7330127d2e7be9ea depth=1 name=chip.run.validate ts=7319656286644274 dur=35660 
[mono_ns=7319656286695264][T0xf36e4a0b7020][TIMING] emit_host_span: [STRACE] v=1 pid=2155045 tid=2155045 inv=61 hid=7330127d2e7be9ea depth=2 name=chip.run.runner_run.device_wall ts=0 dur=767360 clk=dev
[mono_ns=7319656286700114][T0xf36e4a0b7020][TIMING] emit_host_span: [STRACE] v=1 pid=2155045 tid=2155045 inv=61 hid=7330127d2e7be9ea depth=3 name=chip.run.runner_run.device_wall.preamble ts=0 dur=659400 clk=dev
[mono_ns=7319656286704364][T0xf36e4a0b7020][TIMING] emit_host_span: [STRACE] v=1 pid=2155045 tid=2155045 inv=61 hid=7330127d2e7be9ea depth=3 name=chip.run.runner_run.device_wall.graph_build ts=655199 dur=101380 clk=dev
[mono_ns=7319656286708334][T0xf36e4a0b7020][TIMING] emit_host_span: [STRACE] v=1 pid=2155045 tid=2155045 inv=61 hid=7330127d2e7be9ea depth=3 name=chip.run.runner_run.device_wall.config_validate ts=655340 dur=540 clk=dev
[mono_ns=7319656286713524][T0xf36e4a0b7020][TIMING] emit_host_span: [STRACE] v=1 pid=2155045 tid=2155045 inv=61 hid=7330127d2e7be9ea depth=3 name=chip.run.runner_run.device_wall.arena_wire ts=655900 dur=339 clk=dev
[mono_ns=7319656286786144][T0xf36e4a0b7020][TIMING] emit_host_span: [STRACE] v=1 pid=2155045 tid=2155045 inv=61 hid=7330127d2e7be9ea depth=3 name=chip.run.runner_run.device_wall.sm_reset ts=656260 dur=740 clk=dev
[mono_ns=7319656286789724][T0xf36e4a0b7020][TIMING] emit_host_span: [STRACE] v=1 pid=2155045 tid=2155045 inv=61 hid=7330127d2e7be9ea depth=3 name=chip.run.runner_run.device_wall.post_orch ts=756660 dur=10520 clk=dev
[mono_ns=7319656286793184][T0xf36e4a0b7020][TIMING] emit_host_span: [STRACE] v=1 pid=2155045 tid=2155045 inv=61 hid=7330127d2e7be9ea depth=3 name=chip.run.runner_run.device_wall.orch ts=657040 dur=1880 clk=dev
[mono_ns=7319656286796084][T0xf36e4a0b7020][TIMING] emit_host_span: [STRACE] v=1 pid=2155045 tid=2155045 inv=61 hid=7330127d2e7be9ea depth=3 name=chip.run.runner_run.device_wall.sched ts=659640 dur=79400 clk=dev
[mono_ns=7319656286801524][T0xf36e4a0b7020][TIMING] emit_host_span: [STRACE] v=1 pid=2155045 tid=2155045 inv=61 hid=7330127d2e7be9ea depth=1 name=chip.run.claim_release ts=7319656286799294 dur=480 
[mono_ns=7319656286806994][T0xf36e4a0b7020][TIMING] emit_host_span: [STRACE] v=1 pid=2155045 tid=2155045 inv=61 hid=7330127d2e7be9ea depth=0 name=chip.run ts=7319656174930289 dur=111874655 run_id=16 dispatch_id=61 slot_id=0 generation=16 run_epoch=61
[mono_ns=7319656287980869][T0xf36e4a0b7020][TIMING] emit_host_span: [STRACE] v=1 pid=2155045 tid=2155045 inv=62 hid=9a0ce7c17a38dab depth=2 name=chip.run.bind.args ts=7319656287892079 dur=83040 
[mono_ns=7319656287999039][T0xf36e4a0b7020][TIMING] emit_host_span: [STRACE] v=1 pid=2155045 tid=2155045 inv=62 hid=9a0ce7c17a38dab depth=2 name=chip.run.bind.prebuilt ts=7319656287992969 dur=3690 
[mono_ns=7319656288053170][T0xf36e4a0b7020][TIMING] emit_host_span: [STRACE] v=1 pid=2155045 tid=2155045 inv=62 hid=9a0ce7c17a38dab depth=1 name=chip.run.bind ts=7319656287881049 dur=169271 
[mono_ns=7319656289494006][T0xf36ceceddca0][WARN] copy_aicore_buffer: [chip_swimlane_collector.cpp:689] Core 1: skipped 1024 AICore record slot(s) with start_time=0 (race-window write or recycled-buffer tail). buf seq=0 count=1024
[mono_ns=7319656289523926][T0xf36ced6edca0][WARN] copy_aicore_buffer: [chip_swimlane_collector.cpp:689] Core 0: skipped 1024 AICore record slot(s) with start_time=0 (race-window write or recycled-buffer tail). buf seq=0 count=1024
[mono_ns=7319656289529706][T0xf36cec6cdca0][WARN] copy_aicore_buffer: [chip_swimlane_collector.cpp:689] Core 2: skipped 1024 AICore record slot(s) with start_time=0 (race-window write or recycled-buffer tail). buf seq=0 count=1024
[mono_ns=7319656289776677][T0xf36ceceddca0][WARN] copy_aicore_buffer: [chip_swimlane_collector.cpp:689] Core 26: skipped 1023 AICore record slot(s) with start_time=0 (race-window write or recycled-buffer tail). buf seq=0 count=1024
[mono_ns=7319656289803077][T0xf36ced6edca0][WARN] copy_aicore_buffer: [chip_swimlane_collector.cpp:689] Core 24: skipped 1024 AICore record slot(s) with start_time=0 (race-window write or recycled-buffer tail). buf seq=0 count=1024
[mono_ns=7319656289812507][T0xf36cec6cdca0][WARN] copy_aicore_buffer: [chip_swimlane_collector.cpp:689] Core 28: skipped 1024 AICore record slot(s) with start_time=0 (race-window write or recycled-buffer tail). buf seq=0 count=1024
[mono_ns=7319656290119398][T0xf36ceceddca0][WARN] copy_aicore_buffer: [chip_swimlane_collector.cpp:689] Core 27: skipped 1024 AICore record slot(s) with start_time=0 (race-window write or recycled-buffer tail). buf seq=0 count=1024
[mono_ns=7319656290132888][T0xf36ced6edca0][WARN] copy_aicore_buffer: [chip_swimlane_collector.cpp:689] Core 25: skipped 1024 AICore record slot(s) with start_time=0 (race-window write or recycled-buffer tail). buf seq=0 count=1024
[mono_ns=7319656290176019][T0xf36cec6cdca0][WARN] copy_aicore_buffer: [chip_swimlane_collector.cpp:689] Core 29: skipped 1024 AICore record slot(s) with start_time=0 (race-window write or recycled-buffer tail). buf seq=0 count=1024
[mono_ns=7319656290401600][T0xf36ceceddca0][WARN] copy_aicore_buffer: [chip_swimlane_collector.cpp:689] Core 4: skipped 1024 AICore record slot(s) with start_time=0 (race-window write or recycled-buffer tail). buf seq=0 count=1024
[mono_ns=7319656290409940][T0xf36ced6edca0][WARN] copy_aicore_buffer: [chip_swimlane_collector.cpp:689] Core 3: skipped 1024 AICore record slot(s) with start_time=0 (race-window write or recycled-buffer tail). buf seq=0 count=1024
[mono_ns=7319656290461990][T0xf36cec6cdca0][WARN] copy_aicore_buffer: [chip_swimlane_collector.cpp:689] Core 5: skipped 1024 AICore record slot(s) with start_time=0 (race-window write or recycled-buffer tail). buf seq=0 count=1024
[mono_ns=7319656290683451][T0xf36ceceddca0][WARN] copy_aicore_buffer: [chip_swimlane_collector.cpp:689] Core 32: skipped 1023 AICore record slot(s) with start_time=0 (race-window write or recycled-buffer tail). buf seq=0 count=1024
[mono_ns=7319656290687351][T0xf36ced6edca0][WARN] copy_aicore_buffer: [chip_swimlane_collector.cpp:689] Core 30: skipped 1024 AICore record slot(s) with start_time=0 (race-window write or recycled-buffer tail). buf seq=0 count=1024
[mono_ns=7319656290742431][T0xf36cec6cdca0][WARN] copy_aicore_buffer: [chip_swimlane_collector.cpp:689] Core 34: skipped 1024 AICore record slot(s) with start_time=0 (race-window write or recycled-buffer tail). buf seq=0 count=1024
[mono_ns=7319656290962702][T0xf36ceceddca0][WARN] copy_aicore_buffer: [chip_swimlane_collector.cpp:689] Core 33: skipped 1024 AICore record slot(s) with start_time=0 (race-window write or recycled-buffer tail). buf seq=0 count=1024
[mono_ns=7319656290967862][T0xf36ced6edca0][WARN] copy_aicore_buffer: [chip_swimlane_collector.cpp:689] Core 31: skipped 1024 AICore record slot(s) with start_time=0 (race-window write or recycled-buffer tail). buf seq=0 count=1024
[mono_ns=7319656291035452][T0xf36cec6cdca0][WARN] copy_aicore_buffer: [chip_swimlane_collector.cpp:689] Core 35: skipped 1024 AICore record slot(s) with start_time=0 (race-window write or recycled-buffer tail). buf seq=0 count=1024
[mono_ns=7319656291249703][T0xf36ceceddca0][WARN] copy_aicore_buffer: [chip_swimlane_collector.cpp:689] Core 7: skipped 1024 AICore record slot(s) with start_time=0 (race-window write or recycled-buffer tail). buf seq=0 count=1024
[mono_ns=7319656291252943][T0xf36ced6edca0][WARN] copy_aicore_buffer: [chip_swimlane_collector.cpp:689] Core 6: skipped 1024 AICore record slot(s) with start_time=0 (race-window write or recycled-buffer tail). buf seq=0 count=1024
[mono_ns=7319656291316743][T0xf36cec6cdca0][WARN] copy_aicore_buffer: [chip_swimlane_collector.cpp:689] Core 8: skipped 1024 AICore record slot(s) with start_time=0 (race-window write or recycled-buffer tail). buf seq=0 count=1024
[mono_ns=7319656291530634][T0xf36ceceddca0][WARN] copy_aicore_buffer: [chip_swimlane_collector.cpp:689] Core 38: skipped 1023 AICore record slot(s) with start_time=0 (race-window write or recycled-buffer tail). buf seq=0 count=1024
[mono_ns=7319656291531594][T0xf36ced6edca0][WARN] copy_aicore_buffer: [chip_swimlane_collector.cpp:689] Core 36: skipped 1024 AICore record slot(s) with start_time=0 (race-window write or recycled-buffer tail). buf seq=0 count=1024
[mono_ns=7319656291596725][T0xf36cec6cdca0][WARN] copy_aicore_buffer: [chip_swimlane_collector.cpp:689] Core 40: skipped 1024 AICore record slot(s) with start_time=0 (race-window write or recycled-buffer tail). buf seq=0 count=1024
[mono_ns=7319656291811066][T0xf36ceceddca0][WARN] copy_aicore_buffer: [chip_swimlane_collector.cpp:689] Core 39: skipped 1024 AICore record slot(s) with start_time=0 (race-window write or recycled-buffer tail). buf seq=0 count=1024
[mono_ns=7319656291811556][T0xf36ced6edca0][WARN] copy_aicore_buffer: [chip_swimlane_collector.cpp:689] Core 37: skipped 1024 AICore record slot(s) with start_time=0 (race-window write or recycled-buffer tail). buf seq=0 count=1024
[mono_ns=7319656291878656][T0xf36cec6cdca0][WARN] copy_aicore_buffer: [chip_swimlane_collector.cpp:689] Core 41: skipped 1024 AICore record slot(s) with start_time=0 (race-window write or recycled-buffer tail). buf seq=0 count=1024
[mono_ns=7319656292094597][T0xf36ced6edca0][WARN] copy_aicore_buffer: [chip_swimlane_collector.cpp:689] Core 9: skipped 1024 AICore record slot(s) with start_time=0 (race-window write or recycled-buffer tail). buf seq=0 count=1024
[mono_ns=7319656292094867][T0xf36ceceddca0][WARN] copy_aicore_buffer: [chip_swimlane_collector.cpp:689] Core 10: skipped 1024 AICore record slot(s) with start_time=0 (race-window write or recycled-buffer tail). buf seq=0 count=1024
[mono_ns=7319656292163397][T0xf36cec6cdca0][WARN] copy_aicore_buffer: [chip_swimlane_collector.cpp:689] Core 11: skipped 1024 AICore record slot(s) with start_time=0 (race-window write or recycled-buffer tail). buf seq=0 count=1024
[mono_ns=7319656292374158][T0xf36ced6edca0][WARN] copy_aicore_buffer: [chip_swimlane_collector.cpp:689] Core 42: skipped 1024 AICore record slot(s) with start_time=0 (race-window write or recycled-buffer tail). buf seq=0 count=1024
[mono_ns=7319656292374798][T0xf36ceceddca0][WARN] copy_aicore_buffer: [chip_swimlane_collector.cpp:689] Core 44: skipped 1023 AICore record slot(s) with start_time=0 (race-window write or recycled-buffer tail). buf seq=0 count=1024
[mono_ns=7319656292444148][T0xf36cec6cdca0][WARN] copy_aicore_buffer: [chip_swimlane_collector.cpp:689] Core 46: skipped 1024 AICore record slot(s) with start_time=0 (race-window write or recycled-buffer tail). buf seq=0 count=1024
[mono_ns=7319656292652579][T0xf36ced6edca0][WARN] copy_aicore_buffer: [chip_swimlane_collector.cpp:689] Core 43: skipped 1024 AICore record slot(s) with start_time=0 (race-window write or recycled-buffer tail). buf seq=0 count=1024
[mono_ns=7319656292653029][T0xf36ceceddca0][WARN] copy_aicore_buffer: [chip_swimlane_collector.cpp:689] Core 45: skipped 1024 AICore record slot(s) with start_time=0 (race-window write or recycled-buffer tail). buf seq=0 count=1024
[mono_ns=7319656292723999][T0xf36cec6cdca0][WARN] copy_aicore_buffer: [chip_swimlane_collector.cpp:689] Core 47: skipped 1024 AICore record slot(s) with start_time=0 (race-window write or recycled-buffer tail). buf seq=0 count=1024
[mono_ns=7319656292931730][T0xf36ceceddca0][WARN] copy_aicore_buffer: [chip_swimlane_collector.cpp:689] Core 13: skipped 1024 AICore record slot(s) with start_time=0 (race-window write or recycled-buffer tail). buf seq=0 count=1024
[mono_ns=7319656292931910][T0xf36ced6edca0][WARN] copy_aicore_buffer: [chip_swimlane_collector.cpp:689] Core 12: skipped 1024 AICore record slot(s) with start_time=0 (race-window write or recycled-buffer tail). buf seq=0 count=1024
[mono_ns=7319656293011081][T0xf36cec6cdca0][WARN] copy_aicore_buffer: [chip_swimlane_collector.cpp:689] Core 14: skipped 1024 AICore record slot(s) with start_time=0 (race-window write or recycled-buffer tail). buf seq=0 count=1024
[mono_ns=7319656293221802][T0xf36ceceddca0][WARN] copy_aicore_buffer: [chip_swimlane_collector.cpp:689] Core 50: skipped 1023 AICore record slot(s) with start_time=0 (race-window write or recycled-buffer tail). buf seq=0 count=1024
[mono_ns=7319656293222702][T0xf36ced6edca0][WARN] copy_aicore_buffer: [chip_swimlane_collector.cpp:689] Core 48: skipped 1024 AICore record slot(s) with start_time=0 (race-window write or recycled-buffer tail). buf seq=0 count=1024
[mono_ns=7319656293291302][T0xf36cec6cdca0][WARN] copy_aicore_buffer: [chip_swimlane_collector.cpp:689] Core 52: skipped 1024 AICore record slot(s) with start_time=0 (race-window write or recycled-buffer tail). buf seq=0 count=1024
[mono_ns=7319656293501013][T0xf36ceceddca0][WARN] copy_aicore_buffer: [chip_swimlane_collector.cpp:689] Core 51: skipped 1024 AICore record slot(s) with start_time=0 (race-window write or recycled-buffer tail). buf seq=0 count=1024
[mono_ns=7319656293502003][T0xf36ced6edca0][WARN] copy_aicore_buffer: [chip_swimlane_collector.cpp:689] Core 49: skipped 1024 AICore record slot(s) with start_time=0 (race-window write or recycled-buffer tail). buf seq=0 count=1024
[mono_ns=7319656293571913][T0xf36cec6cdca0][WARN] copy_aicore_buffer: [chip_swimlane_collector.cpp:689] Core 53: skipped 1024 AICore record slot(s) with start_time=0 (race-window write or recycled-buffer tail). buf seq=0 count=1024
[mono_ns=7319656293779524][T0xf36ceceddca0][WARN] copy_aicore_buffer: [chip_swimlane_collector.cpp:689] Core 16: skipped 1024 AICore record slot(s) with start_time=0 (race-window write or recycled-buffer tail). buf seq=0 count=1024
[mono_ns=7319656293780024][T0xf36ced6edca0][WARN] copy_aicore_buffer: [chip_swimlane_collector.cpp:689] Core 15: skipped 1024 AICore record slot(s) with start_time=0 (race-window write or recycled-buffer tail). buf seq=0 count=1024
[mono_ns=7319656293855944][T0xf36cec6cdca0][WARN] copy_aicore_buffer: [chip_swimlane_collector.cpp:689] Core 17: skipped 1024 AICore record slot(s) with start_time=0 (race-window write or recycled-buffer tail). buf seq=0 count=1024
[mono_ns=7319656294064195][T0xf36ced6edca0][WARN] copy_aicore_buffer: [chip_swimlane_collector.cpp:689] Core 54: skipped 1024 AICore record slot(s) with start_time=0 (race-window write or recycled-buffer tail). buf seq=0 count=1024
[mono_ns=7319656294066025][T0xf36ceceddca0][WARN] copy_aicore_buffer: [chip_swimlane_collector.cpp:689] Core 56: skipped 1024 AICore record slot(s) with start_time=0 (race-window write or recycled-buffer tail). buf seq=0 count=1024
[mono_ns=7319656294149066][T0xf36cec6cdca0][WARN] copy_aicore_buffer: [chip_swimlane_collector.cpp:689] Core 58: skipped 1024 AICore record slot(s) with start_time=0 (race-window write or recycled-buffer tail). buf seq=0 count=1024
[mono_ns=7319656294343506][T0xf36ceceddca0][WARN] copy_aicore_buffer: [chip_swimlane_collector.cpp:689] Core 57: skipped 1024 AICore record slot(s) with start_time=0 (race-window write or recycled-buffer tail). buf seq=0 count=1024
[mono_ns=7319656294344316][T0xf36ced6edca0][WARN] copy_aicore_buffer: [chip_swimlane_collector.cpp:689] Core 55: skipped 1024 AICore record slot(s) with start_time=0 (race-window write or recycled-buffer tail). buf seq=0 count=1024
[mono_ns=7319656294429027][T0xf36cec6cdca0][WARN] copy_aicore_buffer: [chip_swimlane_collector.cpp:689] Core 59: skipped 1024 AICore record slot(s) with start_time=0 (race-window write or recycled-buffer tail). buf seq=0 count=1024
[mono_ns=7319656294622608][T0xf36ceceddca0][WARN] copy_aicore_buffer: [chip_swimlane_collector.cpp:689] Core 19: skipped 1024 AICore record slot(s) with start_time=0 (race-window write or recycled-buffer tail). buf seq=0 count=1024
[mono_ns=7319656294623628][T0xf36ced6edca0][WARN] copy_aicore_buffer: [chip_swimlane_collector.cpp:689] Core 18: skipped 1024 AICore record slot(s) with start_time=0 (race-window write or recycled-buffer tail). buf seq=0 count=1024
[mono_ns=7319656294710598][T0xf36cec6cdca0][WARN] copy_aicore_buffer: [chip_swimlane_collector.cpp:689] Core 20: skipped 1024 AICore record slot(s) with start_time=0 (race-window write or recycled-buffer tail). buf seq=0 count=1024
[mono_ns=7319656294901339][T0xf36ceceddca0][WARN] copy_aicore_buffer: [chip_swimlane_collector.cpp:689] Core 62: skipped 1024 AICore record slot(s) with start_time=0 (race-window write or recycled-buffer tail). buf seq=0 count=1024
[mono_ns=7319656294901059][T0xf36ced6edca0][WARN] copy_aicore_buffer: [chip_swimlane_collector.cpp:689] Core 60: skipped 1024 AICore record slot(s) with start_time=0 (race-window write or recycled-buffer tail). buf seq=0 count=1024
[mono_ns=7319656294990999][T0xf36cec6cdca0][WARN] copy_aicore_buffer: [chip_swimlane_collector.cpp:689] Core 64: skipped 1024 AICore record slot(s) with start_time=0 (race-window write or recycled-buffer tail). buf seq=0 count=1024
[mono_ns=7319656295184190][T0xf36ced6edca0][WARN] copy_aicore_buffer: [chip_swimlane_collector.cpp:689] Core 61: skipped 1024 AICore record slot(s) with start_time=0 (race-window write or recycled-buffer tail). buf seq=0 count=1024
[mono_ns=7319656295184170][T0xf36ceceddca0][WARN] copy_aicore_buffer: [chip_swimlane_collector.cpp:689] Core 63: skipped 1024 AICore record slot(s) with start_time=0 (race-window write or recycled-buffer tail). buf seq=0 count=1024
[mono_ns=7319656295278530][T0xf36cec6cdca0][WARN] copy_aicore_buffer: [chip_swimlane_collector.cpp:689] Core 65: skipped 1024 AICore record slot(s) with start_time=0 (race-window write or recycled-buffer tail). buf seq=0 count=1024
[mono_ns=7319656295462901][T0xf36ceceddca0][WARN] copy_aicore_buffer: [chip_swimlane_collector.cpp:689] Core 22: skipped 1024 AICore record slot(s) with start_time=0 (race-window write or recycled-buffer tail). buf seq=0 count=1024
[mono_ns=7319656295462911][T0xf36ced6edca0][WARN] copy_aicore_buffer: [chip_swimlane_collector.cpp:689] Core 21: skipped 1024 AICore record slot(s) with start_time=0 (race-window write or recycled-buffer tail). buf seq=0 count=1024
[mono_ns=7319656295559532][T0xf36cec6cdca0][WARN] copy_aicore_buffer: [chip_swimlane_collector.cpp:689] Core 23: skipped 1024 AICore record slot(s) with start_time=0 (race-window write or recycled-buffer tail). buf seq=0 count=1024
[mono_ns=7319656295741642][T0xf36ced6edca0][WARN] copy_aicore_buffer: [chip_swimlane_collector.cpp:689] Core 66: skipped 1024 AICore record slot(s) with start_time=0 (race-window write or recycled-buffer tail). buf seq=0 count=1024
[mono_ns=7319656295742322][T0xf36ceceddca0][WARN] copy_aicore_buffer: [chip_swimlane_collector.cpp:689] Core 68: skipped 1024 AICore record slot(s) with start_time=0 (race-window write or recycled-buffer tail). buf seq=0 count=1024
[mono_ns=7319656295840123][T0xf36cec6cdca0][WARN] copy_aicore_buffer: [chip_swimlane_collector.cpp:689] Core 70: skipped 1024 AICore record slot(s) with start_time=0 (race-window write or recycled-buffer tail). buf seq=0 count=1024
[mono_ns=7319656296025064][T0xf36ceceddca0][WARN] copy_aicore_buffer: [chip_swimlane_collector.cpp:689] Core 69: skipped 1024 AICore record slot(s) with start_time=0 (race-window write or recycled-buffer tail). buf seq=0 count=1024
[mono_ns=7319656296026774][T0xf36ced6edca0][WARN] copy_aicore_buffer: [chip_swimlane_collector.cpp:689] Core 67: skipped 1024 AICore record slot(s) with start_time=0 (race-window write or recycled-buffer tail). buf seq=0 count=1024
[mono_ns=7319656296125804][T0xf36cec6cdca0][WARN] copy_aicore_buffer: [chip_swimlane_collector.cpp:689] Core 71: skipped 1024 AICore record slot(s) with start_time=0 (race-window write or recycled-buffer tail). buf seq=0 count=1024
[mono_ns=7319656396808382][T0xf36e4a0b7020][TIMING] emit_host_span: [STRACE] v=1 pid=2155045 tid=2155045 inv=62 hid=9a0ce7c17a38dab depth=1 name=chip.run.runner_run ts=7319656288392211 dur=108401031 
[mono_ns=7319656396866052][T0xf36e4a0b7020][TIMING] emit_host_span: [STRACE] v=1 pid=2155045 tid=2155045 inv=62 hid=9a0ce7c17a38dab depth=1 name=chip.run.validate ts=7319656396826962 dur=35470 
[mono_ns=7319656396876882][T0xf36e4a0b7020][TIMING] emit_host_span: [STRACE] v=1 pid=2155045 tid=2155045 inv=62 hid=9a0ce7c17a38dab depth=2 name=chip.run.runner_run.device_wall ts=0 dur=656800 clk=dev
[mono_ns=7319656396881732][T0xf36e4a0b7020][TIMING] emit_host_span: [STRACE] v=1 pid=2155045 tid=2155045 inv=62 hid=9a0ce7c17a38dab depth=3 name=chip.run.runner_run.device_wall.preamble ts=0 dur=622480 clk=dev
[mono_ns=7319656396947483][T0xf36e4a0b7020][TIMING] emit_host_span: [STRACE] v=1 pid=2155045 tid=2155045 inv=62 hid=9a0ce7c17a38dab depth=3 name=chip.run.runner_run.device_wall.graph_build ts=618360 dur=27060 clk=dev
[mono_ns=7319656396951463][T0xf36e4a0b7020][TIMING] emit_host_span: [STRACE] v=1 pid=2155045 tid=2155045 inv=62 hid=9a0ce7c17a38dab depth=3 name=chip.run.runner_run.device_wall.config_validate ts=618460 dur=480 clk=dev
[mono_ns=7319656396955173][T0xf36e4a0b7020][TIMING] emit_host_span: [STRACE] v=1 pid=2155045 tid=2155045 inv=62 hid=9a0ce7c17a38dab depth=3 name=chip.run.runner_run.device_wall.arena_wire ts=618980 dur=240 clk=dev
[mono_ns=7319656396959233][T0xf36e4a0b7020][TIMING] emit_host_span: [STRACE] v=1 pid=2155045 tid=2155045 inv=62 hid=9a0ce7c17a38dab depth=3 name=chip.run.runner_run.device_wall.sm_reset ts=619260 dur=440 clk=dev
[mono_ns=7319656396963663][T0xf36e4a0b7020][TIMING] emit_host_span: [STRACE] v=1 pid=2155045 tid=2155045 inv=62 hid=9a0ce7c17a38dab depth=3 name=chip.run.runner_run.device_wall.post_orch ts=645500 dur=11060 clk=dev
[mono_ns=7319656396967573][T0xf36e4a0b7020][TIMING] emit_host_span: [STRACE] v=1 pid=2155045 tid=2155045 inv=62 hid=9a0ce7c17a38dab depth=3 name=chip.run.runner_run.device_wall.orch ts=619740 dur=2219 clk=dev
[mono_ns=7319656396971403][T0xf36e4a0b7020][TIMING] emit_host_span: [STRACE] v=1 pid=2155045 tid=2155045 inv=62 hid=9a0ce7c17a38dab depth=3 name=chip.run.runner_run.device_wall.sched ts=622599 dur=5560 clk=dev
[mono_ns=7319656396977083][T0xf36e4a0b7020][TIMING] emit_host_span: [STRACE] v=1 pid=2155045 tid=2155045 inv=62 hid=9a0ce7c17a38dab depth=1 name=chip.run.claim_release ts=7319656396974883 dur=450 
[mono_ns=7319656396999603][T0xf36e4a0b7020][TIMING] emit_host_span: [STRACE] v=1 pid=2155045 tid=2155045 inv=62 hid=9a0ce7c17a38dab depth=0 name=chip.run ts=7319656287836539 dur=109160744 run_id=16 dispatch_id=62 slot_id=0 generation=16 run_epoch=62
[mono_ns=7319656397503795][T0xf36e4a0b7020][TIMING] emit_host_span: [STRACE] v=1 pid=2155045 tid=2155045 inv=63 hid=aa636548c65ca6a1 depth=2 name=chip.run.bind.args ts=7319656397447265 dur=51630 
[mono_ns=7319656397520555][T0xf36e4a0b7020][TIMING] emit_host_span: [STRACE] v=1 pid=2155045 tid=2155045 inv=63 hid=aa636548c65ca6a1 depth=2 name=chip.run.bind.prebuilt ts=7319656397514805 dur=3450 
[mono_ns=7319656397525305][T0xf36e4a0b7020][TIMING] emit_host_span: [STRACE] v=1 pid=2155045 tid=2155045 inv=63 hid=aa636548c65ca6a1 depth=1 name=chip.run.bind ts=7319656397435265 dur=87820 
[mono_ns=7319656404214854][T0xf36e4a0b7020][TIMING] emit_host_span: [STRACE] v=1 pid=2155045 tid=2155045 inv=63 hid=aa636548c65ca6a1 depth=1 name=chip.run.runner_run ts=7319656397930327 dur=6277687 
[mono_ns=7319656404251714][T0xf36e4a0b7020][TIMING] emit_host_span: [STRACE] v=1 pid=2155045 tid=2155045 inv=63 hid=aa636548c65ca6a1 depth=1 name=chip.run.validate ts=7319656404225094 dur=23340 
[mono_ns=7319656404261904][T0xf36e4a0b7020][TIMING] emit_host_span: [STRACE] v=1 pid=2155045 tid=2155045 inv=63 hid=aa636548c65ca6a1 depth=2 name=chip.run.runner_run.device_wall ts=0 dur=5996200 clk=dev
[mono_ns=7319656404266594][T0xf36e4a0b7020][TIMING] emit_host_span: [STRACE] v=1 pid=2155045 tid=2155045 inv=63 hid=aa636548c65ca6a1 depth=3 name=chip.run.runner_run.device_wall.preamble ts=0 dur=5040 clk=dev
[mono_ns=7319656404315074][T0xf36e4a0b7020][TIMING] emit_host_span: [STRACE] v=1 pid=2155045 tid=2155045 inv=63 hid=aa636548c65ca6a1 depth=3 name=chip.run.runner_run.device_wall.graph_build ts=1040 dur=5985480 clk=dev
[mono_ns=7319656404319524][T0xf36e4a0b7020][TIMING] emit_host_span: [STRACE] v=1 pid=2155045 tid=2155045 inv=63 hid=aa636548c65ca6a1 depth=3 name=chip.run.runner_run.device_wall.config_validate ts=1140 dur=459 clk=dev
[mono_ns=7319656404323294][T0xf36e4a0b7020][TIMING] emit_host_span: [STRACE] v=1 pid=2155045 tid=2155045 inv=63 hid=aa636548c65ca6a1 depth=3 name=chip.run.runner_run.device_wall.arena_wire ts=1760 dur=260 clk=dev
[mono_ns=7319656404326304][T0xf36e4a0b7020][TIMING] emit_host_span: [STRACE] v=1 pid=2155045 tid=2155045 inv=63 hid=aa636548c65ca6a1 depth=3 name=chip.run.runner_run.device_wall.sm_reset ts=2040 dur=440 clk=dev
[mono_ns=7319656404329834][T0xf36e4a0b7020][TIMING] emit_host_span: [STRACE] v=1 pid=2155045 tid=2155045 inv=63 hid=aa636548c65ca6a1 depth=3 name=chip.run.runner_run.device_wall.post_orch ts=5986540 dur=9540 clk=dev
[mono_ns=7319656404332704][T0xf36e4a0b7020][TIMING] emit_host_span: [STRACE] v=1 pid=2155045 tid=2155045 inv=63 hid=aa636548c65ca6a1 depth=3 name=chip.run.runner_run.device_wall.orch ts=2500 dur=1500 clk=dev
[mono_ns=7319656404336044][T0xf36e4a0b7020][TIMING] emit_host_span: [STRACE] v=1 pid=2155045 tid=2155045 inv=63 hid=aa636548c65ca6a1 depth=3 name=chip.run.runner_run.device_wall.sched ts=5160 dur=5973980 clk=dev
[mono_ns=7319656404340084][T0xf36e4a0b7020][TIMING] emit_host_span: [STRACE] v=1 pid=2155045 tid=2155045 inv=63 hid=aa636548c65ca6a1 depth=1 name=chip.run.claim_release ts=7319656404337984 dur=280 
[mono_ns=7319656404364034][T0xf36e4a0b7020][TIMING] emit_host_span: [STRACE] v=1 pid=2155045 tid=2155045 inv=63 hid=aa636548c65ca6a1 depth=0 name=chip.run ts=7319656397391685 dur=6970029 run_id=16 dispatch_id=63 slot_id=0 generation=16 run_epoch=63
[mono_ns=7319656405429859][T0xf36e4a0b7020][TIMING] emit_host_span: [STRACE] v=1 pid=2155045 tid=2155045 inv=64 hid=e3bcbf8fce8ee77f depth=2 name=chip.run.bind.args ts=7319656405374478 dur=50111 
[mono_ns=7319656405445339][T0xf36e4a0b7020][TIMING] emit_host_span: [STRACE] v=1 pid=2155045 tid=2155045 inv=64 hid=e3bcbf8fce8ee77f depth=2 name=chip.run.bind.prebuilt ts=7319656405440979 dur=2050 
[mono_ns=7319656405449959][T0xf36e4a0b7020][TIMING] emit_host_span: [STRACE] v=1 pid=2155045 tid=2155045 inv=64 hid=e3bcbf8fce8ee77f depth=1 name=chip.run.bind ts=7319656405368378 dur=79391 
[mono_ns=7319656406809905][T0xf36cec6cdca0][WARN] copy_aicore_buffer: [chip_swimlane_collector.cpp:689] Core 2: skipped 1024 AICore record slot(s) with start_time=0 (race-window write or recycled-buffer tail). buf seq=0 count=1024
[mono_ns=7319656406821585][T0xf36ced6edca0][WARN] copy_aicore_buffer: [chip_swimlane_collector.cpp:689] Core 0: skipped 1024 AICore record slot(s) with start_time=0 (race-window write or recycled-buffer tail). buf seq=0 count=1024
[mono_ns=7319656406825055][T0xf36ceceddca0][WARN] copy_aicore_buffer: [chip_swimlane_collector.cpp:689] Core 1: skipped 1024 AICore record slot(s) with start_time=0 (race-window write or recycled-buffer tail). buf seq=0 count=1024
[mono_ns=7319656407107396][T0xf36cec6cdca0][WARN] copy_aicore_buffer: [chip_swimlane_collector.cpp:689] Core 28: skipped 1024 AICore record slot(s) with start_time=0 (race-window write or recycled-buffer tail). buf seq=0 count=1024
[mono_ns=7319656407119166][T0xf36ceceddca0][WARN] copy_aicore_buffer: [chip_swimlane_collector.cpp:689] Core 26: skipped 1023 AICore record slot(s) with start_time=0 (race-window write or recycled-buffer tail). buf seq=0 count=1024
[mono_ns=7319656407121196][T0xf36ced6edca0][WARN] copy_aicore_buffer: [chip_swimlane_collector.cpp:689] Core 24: skipped 1024 AICore record slot(s) with start_time=0 (race-window write or recycled-buffer tail). buf seq=0 count=1024
[mono_ns=7319656407387787][T0xf36cec6cdca0][WARN] copy_aicore_buffer: [chip_swimlane_collector.cpp:689] Core 29: skipped 1024 AICore record slot(s) with start_time=0 (race-window write or recycled-buffer tail). buf seq=0 count=1024
[mono_ns=7319656407397217][T0xf36ceceddca0][WARN] copy_aicore_buffer: [chip_swimlane_collector.cpp:689] Core 27: skipped 1024 AICore record slot(s) with start_time=0 (race-window write or recycled-buffer tail). buf seq=0 count=1024
[mono_ns=7319656407400097][T0xf36ced6edca0][WARN] copy_aicore_buffer: [chip_swimlane_collector.cpp:689] Core 25: skipped 1024 AICore record slot(s) with start_time=0 (race-window write or recycled-buffer tail). buf seq=0 count=1024
[mono_ns=7319656407666858][T0xf36cec6cdca0][WARN] copy_aicore_buffer: [chip_swimlane_collector.cpp:689] Core 5: skipped 1024 AICore record slot(s) with start_time=0 (race-window write or recycled-buffer tail). buf seq=0 count=1024
[mono_ns=7319656407675958][T0xf36ceceddca0][WARN] copy_aicore_buffer: [chip_swimlane_collector.cpp:689] Core 4: skipped 1024 AICore record slot(s) with start_time=0 (race-window write or recycled-buffer tail). buf seq=0 count=1024
[mono_ns=7319656407678008][T0xf36ced6edca0][WARN] copy_aicore_buffer: [chip_swimlane_collector.cpp:689] Core 3: skipped 1024 AICore record slot(s) with start_time=0 (race-window write or recycled-buffer tail). buf seq=0 count=1024
[mono_ns=7319656407946139][T0xf36cec6cdca0][WARN] copy_aicore_buffer: [chip_swimlane_collector.cpp:689] Core 34: skipped 1024 AICore record slot(s) with start_time=0 (race-window write or recycled-buffer tail). buf seq=0 count=1024
[mono_ns=7319656407954879][T0xf36ced6edca0][WARN] copy_aicore_buffer: [chip_swimlane_collector.cpp:689] Core 30: skipped 1024 AICore record slot(s) with start_time=0 (race-window write or recycled-buffer tail). buf seq=0 count=1024
[mono_ns=7319656407955119][T0xf36ceceddca0][WARN] copy_aicore_buffer: [chip_swimlane_collector.cpp:689] Core 32: skipped 1024 AICore record slot(s) with start_time=0 (race-window write or recycled-buffer tail). buf seq=0 count=1024
[mono_ns=7319656408237411][T0xf36ced6edca0][WARN] copy_aicore_buffer: [chip_swimlane_collector.cpp:689] Core 31: skipped 1024 AICore record slot(s) with start_time=0 (race-window write or recycled-buffer tail). buf seq=0 count=1024
[mono_ns=7319656408237361][T0xf36cec6cdca0][WARN] copy_aicore_buffer: [chip_swimlane_collector.cpp:689] Core 35: skipped 1023 AICore record slot(s) with start_time=0 (race-window write or recycled-buffer tail). buf seq=0 count=1024
[mono_ns=7319656408240111][T0xf36ceceddca0][WARN] copy_aicore_buffer: [chip_swimlane_collector.cpp:689] Core 33: skipped 1024 AICore record slot(s) with start_time=0 (race-window write or recycled-buffer tail). buf seq=0 count=1024
[mono_ns=7319656408516862][T0xf36cec6cdca0][WARN] copy_aicore_buffer: [chip_swimlane_collector.cpp:689] Core 8: skipped 1024 AICore record slot(s) with start_time=0 (race-window write or recycled-buffer tail). buf seq=0 count=1024
[mono_ns=7319656408517132][T0xf36ced6edca0][WARN] copy_aicore_buffer: [chip_swimlane_collector.cpp:689] Core 6: skipped 1024 AICore record slot(s) with start_time=0 (race-window write or recycled-buffer tail). buf seq=0 count=1024
[mono_ns=7319656408518932][T0xf36ceceddca0][WARN] copy_aicore_buffer: [chip_swimlane_collector.cpp:689] Core 7: skipped 1024 AICore record slot(s) with start_time=0 (race-window write or recycled-buffer tail). buf seq=0 count=1024
[mono_ns=7319656408794893][T0xf36cec6cdca0][WARN] copy_aicore_buffer: [chip_swimlane_collector.cpp:689] Core 40: skipped 1024 AICore record slot(s) with start_time=0 (race-window write or recycled-buffer tail). buf seq=0 count=1024
[mono_ns=7319656408797683][T0xf36ced6edca0][WARN] copy_aicore_buffer: [chip_swimlane_collector.cpp:689] Core 36: skipped 1024 AICore record slot(s) with start_time=0 (race-window write or recycled-buffer tail). buf seq=0 count=1024
[mono_ns=7319656408799083][T0xf36ceceddca0][WARN] copy_aicore_buffer: [chip_swimlane_collector.cpp:689] Core 38: skipped 1023 AICore record slot(s) with start_time=0 (race-window write or recycled-buffer tail). buf seq=0 count=1024
[mono_ns=7319656409086374][T0xf36cec6cdca0][WARN] copy_aicore_buffer: [chip_swimlane_collector.cpp:689] Core 41: skipped 1024 AICore record slot(s) with start_time=0 (race-window write or recycled-buffer tail). buf seq=0 count=1024
[mono_ns=7319656409089694][T0xf36ced6edca0][WARN] copy_aicore_buffer: [chip_swimlane_collector.cpp:689] Core 37: skipped 1024 AICore record slot(s) with start_time=0 (race-window write or recycled-buffer tail). buf seq=0 count=1024
[mono_ns=7319656409089664][T0xf36ceceddca0][WARN] copy_aicore_buffer: [chip_swimlane_collector.cpp:689] Core 39: skipped 1024 AICore record slot(s) with start_time=0 (race-window write or recycled-buffer tail). buf seq=0 count=1024
[mono_ns=7319656409364825][T0xf36cec6cdca0][WARN] copy_aicore_buffer: [chip_swimlane_collector.cpp:689] Core 11: skipped 1024 AICore record slot(s) with start_time=0 (race-window write or recycled-buffer tail). buf seq=0 count=1024
[mono_ns=7319656409367785][T0xf36ced6edca0][WARN] copy_aicore_buffer: [chip_swimlane_collector.cpp:689] Core 9: skipped 1024 AICore record slot(s) with start_time=0 (race-window write or recycled-buffer tail). buf seq=0 count=1024
[mono_ns=7319656409370925][T0xf36ceceddca0][WARN] copy_aicore_buffer: [chip_swimlane_collector.cpp:689] Core 10: skipped 1024 AICore record slot(s) with start_time=0 (race-window write or recycled-buffer tail). buf seq=0 count=1024
[mono_ns=7319656409644387][T0xf36cec6cdca0][WARN] copy_aicore_buffer: [chip_swimlane_collector.cpp:689] Core 46: skipped 1024 AICore record slot(s) with start_time=0 (race-window write or recycled-buffer tail). buf seq=0 count=1024
[mono_ns=7319656409645947][T0xf36ced6edca0][WARN] copy_aicore_buffer: [chip_swimlane_collector.cpp:689] Core 42: skipped 1024 AICore record slot(s) with start_time=0 (race-window write or recycled-buffer tail). buf seq=0 count=1024
[mono_ns=7319656409648677][T0xf36ceceddca0][WARN] copy_aicore_buffer: [chip_swimlane_collector.cpp:689] Core 44: skipped 1024 AICore record slot(s) with start_time=0 (race-window write or recycled-buffer tail). buf seq=0 count=1024
[mono_ns=7319656409923428][T0xf36ced6edca0][WARN] copy_aicore_buffer: [chip_swimlane_collector.cpp:689] Core 43: skipped 1024 AICore record slot(s) with start_time=0 (race-window write or recycled-buffer tail). buf seq=0 count=1024
[mono_ns=7319656409928138][T0xf36ceceddca0][WARN] copy_aicore_buffer: [chip_swimlane_collector.cpp:689] Core 45: skipped 1024 AICore record slot(s) with start_time=0 (race-window write or recycled-buffer tail). buf seq=0 count=1024
[mono_ns=7319656409924268][T0xf36cec6cdca0][WARN] copy_aicore_buffer: [chip_swimlane_collector.cpp:689] Core 47: skipped 1024 AICore record slot(s) with start_time=0 (race-window write or recycled-buffer tail). buf seq=0 count=1024
[mono_ns=7319656410214259][T0xf36ced6edca0][WARN] copy_aicore_buffer: [chip_swimlane_collector.cpp:689] Core 12: skipped 1024 AICore record slot(s) with start_time=0 (race-window write or recycled-buffer tail). buf seq=0 count=1024
[mono_ns=7319656410214969][T0xf36ceceddca0][WARN] copy_aicore_buffer: [chip_swimlane_collector.cpp:689] Core 13: skipped 1024 AICore record slot(s) with start_time=0 (race-window write or recycled-buffer tail). buf seq=0 count=1024
[mono_ns=7319656410215939][T0xf36cec6cdca0][WARN] copy_aicore_buffer: [chip_swimlane_collector.cpp:689] Core 14: skipped 1024 AICore record slot(s) with start_time=0 (race-window write or recycled-buffer tail). buf seq=0 count=1024
[mono_ns=7319656410493660][T0xf36ceceddca0][WARN] copy_aicore_buffer: [chip_swimlane_collector.cpp:689] Core 50: skipped 1024 AICore record slot(s) with start_time=0 (race-window write or recycled-buffer tail). buf seq=0 count=1024
[mono_ns=7319656410493940][T0xf36cec6cdca0][WARN] copy_aicore_buffer: [chip_swimlane_collector.cpp:689] Core 52: skipped 1023 AICore record slot(s) with start_time=0 (race-window write or recycled-buffer tail). buf seq=0 count=1024
[mono_ns=7319656410494600][T0xf36ced6edca0][WARN] copy_aicore_buffer: [chip_swimlane_collector.cpp:689] Core 48: skipped 1024 AICore record slot(s) with start_time=0 (race-window write or recycled-buffer tail). buf seq=0 count=1024
[mono_ns=7319656410772611][T0xf36cec6cdca0][WARN] copy_aicore_buffer: [chip_swimlane_collector.cpp:689] Core 53: skipped 1024 AICore record slot(s) with start_time=0 (race-window write or recycled-buffer tail). buf seq=0 count=1024
[mono_ns=7319656410773241][T0xf36ceceddca0][WARN] copy_aicore_buffer: [chip_swimlane_collector.cpp:689] Core 51: skipped 1024 AICore record slot(s) with start_time=0 (race-window write or recycled-buffer tail). buf seq=0 count=1024
[mono_ns=7319656410773791][T0xf36ced6edca0][WARN] copy_aicore_buffer: [chip_swimlane_collector.cpp:689] Core 49: skipped 1024 AICore record slot(s) with start_time=0 (race-window write or recycled-buffer tail). buf seq=0 count=1024
[mono_ns=7319656411057053][T0xf36ced6edca0][WARN] copy_aicore_buffer: [chip_swimlane_collector.cpp:689] Core 15: skipped 1024 AICore record slot(s) with start_time=0 (race-window write or recycled-buffer tail). buf seq=0 count=1024
[mono_ns=7319656411057773][T0xf36cec6cdca0][WARN] copy_aicore_buffer: [chip_swimlane_collector.cpp:689] Core 17: skipped 1024 AICore record slot(s) with start_time=0 (race-window write or recycled-buffer tail). buf seq=0 count=1024
[mono_ns=7319656411065993][T0xf36ceceddca0][WARN] copy_aicore_buffer: [chip_swimlane_collector.cpp:689] Core 16: skipped 1024 AICore record slot(s) with start_time=0 (race-window write or recycled-buffer tail). buf seq=0 count=1024
[mono_ns=7319656411336954][T0xf36cec6cdca0][WARN] copy_aicore_buffer: [chip_swimlane_collector.cpp:689] Core 58: skipped 1024 AICore record slot(s) with start_time=0 (race-window write or recycled-buffer tail). buf seq=0 count=1024
[mono_ns=7319656411337894][T0xf36ced6edca0][WARN] copy_aicore_buffer: [chip_swimlane_collector.cpp:689] Core 54: skipped 1024 AICore record slot(s) with start_time=0 (race-window write or recycled-buffer tail). buf seq=0 count=1024
[mono_ns=7319656411343714][T0xf36ceceddca0][WARN] copy_aicore_buffer: [chip_swimlane_collector.cpp:689] Core 56: skipped 1024 AICore record slot(s) with start_time=0 (race-window write or recycled-buffer tail). buf seq=0 count=1024
[mono_ns=7319656411616615][T0xf36cec6cdca0][WARN] copy_aicore_buffer: [chip_swimlane_collector.cpp:689] Core 59: skipped 1023 AICore record slot(s) with start_time=0 (race-window write or recycled-buffer tail). buf seq=0 count=1024
[mono_ns=7319656411618125][T0xf36ced6edca0][WARN] copy_aicore_buffer: [chip_swimlane_collector.cpp:689] Core 55: skipped 1024 AICore record slot(s) with start_time=0 (race-window write or recycled-buffer tail). buf seq=0 count=1024
[mono_ns=7319656411621485][T0xf36ceceddca0][WARN] copy_aicore_buffer: [chip_swimlane_collector.cpp:689] Core 57: skipped 1024 AICore record slot(s) with start_time=0 (race-window write or recycled-buffer tail). buf seq=0 count=1024
[mono_ns=7319656411896506][T0xf36ced6edca0][WARN] copy_aicore_buffer: [chip_swimlane_collector.cpp:689] Core 18: skipped 1024 AICore record slot(s) with start_time=0 (race-window write or recycled-buffer tail). buf seq=0 count=1024
[mono_ns=7319656411896676][T0xf36cec6cdca0][WARN] copy_aicore_buffer: [chip_swimlane_collector.cpp:689] Core 20: skipped 1024 AICore record slot(s) with start_time=0 (race-window write or recycled-buffer tail). buf seq=0 count=1024
[mono_ns=7319656411899866][T0xf36ceceddca0][WARN] copy_aicore_buffer: [chip_swimlane_collector.cpp:689] Core 19: skipped 1024 AICore record slot(s) with start_time=0 (race-window write or recycled-buffer tail). buf seq=0 count=1024
[mono_ns=7319656412183467][T0xf36ceceddca0][WARN] copy_aicore_buffer: [chip_swimlane_collector.cpp:689] Core 62: skipped 1024 AICore record slot(s) with start_time=0 (race-window write or recycled-buffer tail). buf seq=0 count=1024
[mono_ns=7319656412185197][T0xf36cec6cdca0][WARN] copy_aicore_buffer: [chip_swimlane_collector.cpp:689] Core 64: skipped 1024 AICore record slot(s) with start_time=0 (race-window write or recycled-buffer tail). buf seq=0 count=1024
[mono_ns=7319656412188377][T0xf36ced6edca0][WARN] copy_aicore_buffer: [chip_swimlane_collector.cpp:689] Core 60: skipped 1024 AICore record slot(s) with start_time=0 (race-window write or recycled-buffer tail). buf seq=0 count=1024
[mono_ns=7319656412462179][T0xf36ceceddca0][WARN] copy_aicore_buffer: [chip_swimlane_collector.cpp:689] Core 63: skipped 1024 AICore record slot(s) with start_time=0 (race-window write or recycled-buffer tail). buf seq=0 count=1024
[mono_ns=7319656412464219][T0xf36cec6cdca0][WARN] copy_aicore_buffer: [chip_swimlane_collector.cpp:689] Core 65: skipped 1024 AICore record slot(s) with start_time=0 (race-window write or recycled-buffer tail). buf seq=0 count=1024
[mono_ns=7319656412467589][T0xf36ced6edca0][WARN] copy_aicore_buffer: [chip_swimlane_collector.cpp:689] Core 61: skipped 1024 AICore record slot(s) with start_time=0 (race-window write or recycled-buffer tail). buf seq=0 count=1024
[mono_ns=7319656412740430][T0xf36ceceddca0][WARN] copy_aicore_buffer: [chip_swimlane_collector.cpp:689] Core 22: skipped 1024 AICore record slot(s) with start_time=0 (race-window write or recycled-buffer tail). buf seq=0 count=1024
[mono_ns=7319656412741710][T0xf36cec6cdca0][WARN] copy_aicore_buffer: [chip_swimlane_collector.cpp:689] Core 23: skipped 1024 AICore record slot(s) with start_time=0 (race-window write or recycled-buffer tail). buf seq=0 count=1024
[mono_ns=7319656412746800][T0xf36ced6edca0][WARN] copy_aicore_buffer: [chip_swimlane_collector.cpp:689] Core 21: skipped 1024 AICore record slot(s) with start_time=0 (race-window write or recycled-buffer tail). buf seq=0 count=1024
[mono_ns=7319656413028191][T0xf36cec6cdca0][WARN] copy_aicore_buffer: [chip_swimlane_collector.cpp:689] Core 70: skipped 1024 AICore record slot(s) with start_time=0 (race-window write or recycled-buffer tail). buf seq=0 count=1024
[mono_ns=7319656413032111][T0xf36ceceddca0][WARN] copy_aicore_buffer: [chip_swimlane_collector.cpp:689] Core 68: skipped 1024 AICore record slot(s) with start_time=0 (race-window write or recycled-buffer tail). buf seq=0 count=1024
[mono_ns=7319656413038321][T0xf36ced6edca0][WARN] copy_aicore_buffer: [chip_swimlane_collector.cpp:689] Core 66: skipped 1024 AICore record slot(s) with start_time=0 (race-window write or recycled-buffer tail). buf seq=0 count=1024
[mono_ns=7319656413306672][T0xf36cec6cdca0][WARN] copy_aicore_buffer: [chip_swimlane_collector.cpp:689] Core 71: skipped 1024 AICore record slot(s) with start_time=0 (race-window write or recycled-buffer tail). buf seq=0 count=1024
[mono_ns=7319656413310472][T0xf36ceceddca0][WARN] copy_aicore_buffer: [chip_swimlane_collector.cpp:689] Core 69: skipped 1024 AICore record slot(s) with start_time=0 (race-window write or recycled-buffer tail). buf seq=0 count=1024
[mono_ns=7319656413316752][T0xf36ced6edca0][WARN] copy_aicore_buffer: [chip_swimlane_collector.cpp:689] Core 67: skipped 1024 AICore record slot(s) with start_time=0 (race-window write or recycled-buffer tail). buf seq=0 count=1024
[mono_ns=7319656514093891][T0xf36e4a0b7020][TIMING] emit_host_span: [STRACE] v=1 pid=2155045 tid=2155045 inv=64 hid=e3bcbf8fce8ee77f depth=1 name=chip.run.runner_run ts=7319656405699170 dur=108379381 
[mono_ns=7319656514973194][T0xf36e4a0b7020][TIMING] emit_host_span: [STRACE] v=1 pid=2155045 tid=2155045 inv=64 hid=e3bcbf8fce8ee77f depth=1 name=chip.run.validate ts=7319656514168231 dur=798353 
[mono_ns=7319656514985575][T0xf36e4a0b7020][TIMING] emit_host_span: [STRACE] v=1 pid=2155045 tid=2155045 inv=64 hid=e3bcbf8fce8ee77f depth=2 name=chip.run.runner_run.device_wall ts=0 dur=694540 clk=dev
[mono_ns=7319656514990285][T0xf36e4a0b7020][TIMING] emit_host_span: [STRACE] v=1 pid=2155045 tid=2155045 inv=64 hid=e3bcbf8fce8ee77f depth=3 name=chip.run.runner_run.device_wall.preamble ts=0 dur=615980 clk=dev
[mono_ns=7319656514994325][T0xf36e4a0b7020][TIMING] emit_host_span: [STRACE] v=1 pid=2155045 tid=2155045 inv=64 hid=e3bcbf8fce8ee77f depth=3 name=chip.run.runner_run.device_wall.graph_build ts=611240 dur=72960 clk=dev
[mono_ns=7319656514997765][T0xf36e4a0b7020][TIMING] emit_host_span: [STRACE] v=1 pid=2155045 tid=2155045 inv=64 hid=e3bcbf8fce8ee77f depth=3 name=chip.run.runner_run.device_wall.config_validate ts=611360 dur=520 clk=dev
[mono_ns=7319656515010765][T0xf36e4a0b7020][TIMING] emit_host_span: [STRACE] v=1 pid=2155045 tid=2155045 inv=64 hid=e3bcbf8fce8ee77f depth=3 name=chip.run.runner_run.device_wall.arena_wire ts=611900 dur=260 clk=dev
[mono_ns=7319656515013885][T0xf36e4a0b7020][TIMING] emit_host_span: [STRACE] v=1 pid=2155045 tid=2155045 inv=64 hid=e3bcbf8fce8ee77f depth=3 name=chip.run.runner_run.device_wall.sm_reset ts=612180 dur=440 clk=dev
[mono_ns=7319656515017675][T0xf36e4a0b7020][TIMING] emit_host_span: [STRACE] v=1 pid=2155045 tid=2155045 inv=64 hid=e3bcbf8fce8ee77f depth=3 name=chip.run.runner_run.device_wall.post_orch ts=684260 dur=10180 clk=dev
[mono_ns=7319656515056795][T0xf36e4a0b7020][TIMING] emit_host_span: [STRACE] v=1 pid=2155045 tid=2155045 inv=64 hid=e3bcbf8fce8ee77f depth=3 name=chip.run.runner_run.device_wall.orch ts=612660 dur=1760 clk=dev
[mono_ns=7319656515060515][T0xf36e4a0b7020][TIMING] emit_host_span: [STRACE] v=1 pid=2155045 tid=2155045 inv=64 hid=e3bcbf8fce8ee77f depth=3 name=chip.run.runner_run.device_wall.sched ts=616120 dur=51420 clk=dev
[mono_ns=7319656515066335][T0xf36e4a0b7020][TIMING] emit_host_span: [STRACE] v=1 pid=2155045 tid=2155045 inv=64 hid=e3bcbf8fce8ee77f depth=1 name=chip.run.claim_release ts=7319656515063755 dur=680 
[mono_ns=7319656515072095][T0xf36e4a0b7020][TIMING] emit_host_span: [STRACE] v=1 pid=2155045 tid=2155045 inv=64 hid=e3bcbf8fce8ee77f depth=0 name=chip.run ts=7319656405347188 dur=109722837 run_id=16 dispatch_id=64 slot_id=0 generation=16 run_epoch=64
[mono_ns=7319670787266034][T0xf36e4a0b7020][TIMING] emit_host_span: [STRACE] v=1 pid=2155045 tid=2155045 inv=65 hid=7330127d2e7be9ea depth=2 name=chip.run.bind.args ts=7319670786341260 dur=909624 
[mono_ns=7319670787294474][T0xf36e4a0b7020][TIMING] emit_host_span: [STRACE] v=1 pid=2155045 tid=2155045 inv=65 hid=7330127d2e7be9ea depth=2 name=chip.run.bind.prebuilt ts=7319670787287064 dur=4820 
[mono_ns=7319670787300284][T0xf36e4a0b7020][TIMING] emit_host_span: [STRACE] v=1 pid=2155045 tid=2155045 inv=65 hid=7330127d2e7be9ea depth=1 name=chip.run.bind ts=7319670786327660 dur=969944 
[mono_ns=7319670896633319][T0xf36e4a0b7020][TIMING] emit_host_span: [STRACE] v=1 pid=2155045 tid=2155045 inv=65 hid=7330127d2e7be9ea depth=1 name=chip.run.runner_run ts=7319670787679046 dur=108937193 
[mono_ns=7319670896706439][T0xf36e4a0b7020][TIMING] emit_host_span: [STRACE] v=1 pid=2155045 tid=2155045 inv=65 hid=7330127d2e7be9ea depth=1 name=chip.run.validate ts=7319670896653249 dur=49470 
[mono_ns=7319670896718780][T0xf36e4a0b7020][TIMING] emit_host_span: [STRACE] v=1 pid=2155045 tid=2155045 inv=65 hid=7330127d2e7be9ea depth=2 name=chip.run.runner_run.device_wall ts=0 dur=138660 clk=dev
[mono_ns=7319670896723890][T0xf36e4a0b7020][TIMING] emit_host_span: [STRACE] v=1 pid=2155045 tid=2155045 inv=65 hid=7330127d2e7be9ea depth=3 name=chip.run.runner_run.device_wall.preamble ts=0 dur=6920 clk=dev
[mono_ns=7319670896728050][T0xf36e4a0b7020][TIMING] emit_host_span: [STRACE] v=1 pid=2155045 tid=2155045 inv=65 hid=7330127d2e7be9ea depth=3 name=chip.run.runner_run.device_wall.graph_build ts=1340 dur=125680 clk=dev
[mono_ns=7319670896733050][T0xf36e4a0b7020][TIMING] emit_host_span: [STRACE] v=1 pid=2155045 tid=2155045 inv=65 hid=7330127d2e7be9ea depth=3 name=chip.run.runner_run.device_wall.config_validate ts=1420 dur=880 clk=dev
[mono_ns=7319670896737480][T0xf36e4a0b7020][TIMING] emit_host_span: [STRACE] v=1 pid=2155045 tid=2155045 inv=65 hid=7330127d2e7be9ea depth=3 name=chip.run.runner_run.device_wall.arena_wire ts=2320 dur=1100 clk=dev
[mono_ns=7319670896741780][T0xf36e4a0b7020][TIMING] emit_host_span: [STRACE] v=1 pid=2155045 tid=2155045 inv=65 hid=7330127d2e7be9ea depth=3 name=chip.run.runner_run.device_wall.sm_reset ts=3460 dur=1980 clk=dev
[mono_ns=7319670896746970][T0xf36e4a0b7020][TIMING] emit_host_span: [STRACE] v=1 pid=2155045 tid=2155045 inv=65 hid=7330127d2e7be9ea depth=3 name=chip.run.runner_run.device_wall.post_orch ts=127059 dur=11260 clk=dev
[mono_ns=7319670896755000][T0xf36e4a0b7020][TIMING] emit_host_span: [STRACE] v=1 pid=2155045 tid=2155045 inv=65 hid=7330127d2e7be9ea depth=3 name=chip.run.runner_run.device_wall.orch ts=5939 dur=6620 clk=dev
[mono_ns=7319670896759030][T0xf36e4a0b7020][TIMING] emit_host_span: [STRACE] v=1 pid=2155045 tid=2155045 inv=65 hid=7330127d2e7be9ea depth=3 name=chip.run.runner_run.device_wall.sched ts=7060 dur=110100 clk=dev
[mono_ns=7319670896766060][T0xf36e4a0b7020][TIMING] emit_host_span: [STRACE] v=1 pid=2155045 tid=2155045 inv=65 hid=7330127d2e7be9ea depth=1 name=chip.run.claim_release ts=7319670896763370 dur=920 
[mono_ns=7319670896773950][T0xf36e4a0b7020][TIMING] emit_host_span: [STRACE] v=1 pid=2155045 tid=2155045 inv=65 hid=7330127d2e7be9ea depth=0 name=chip.run ts=7319670786233710 dur=110538070 run_id=17 dispatch_id=65 slot_id=0 generation=17 run_epoch=65
[mono_ns=7319670898057625][T0xf36e4a0b7020][TIMING] emit_host_span: [STRACE] v=1 pid=2155045 tid=2155045 inv=66 hid=9a0ce7c17a38dab depth=2 name=chip.run.bind.args ts=7319670897948265 dur=103770 
[mono_ns=7319670898078265][T0xf36e4a0b7020][TIMING] emit_host_span: [STRACE] v=1 pid=2155045 tid=2155045 inv=66 hid=9a0ce7c17a38dab depth=2 name=chip.run.bind.prebuilt ts=7319670898070575 dur=4360 
[mono_ns=7319670898083745][T0xf36e4a0b7020][TIMING] emit_host_span: [STRACE] v=1 pid=2155045 tid=2155045 inv=66 hid=9a0ce7c17a38dab depth=1 name=chip.run.bind ts=7319670897934575 dur=146790 
[mono_ns=7319671002956651][T0xf36e4a0b7020][TIMING] emit_host_span: [STRACE] v=1 pid=2155045 tid=2155045 inv=66 hid=9a0ce7c17a38dab depth=1 name=chip.run.runner_run ts=7319670898370587 dur=104571054 
[mono_ns=7319671003027802][T0xf36e4a0b7020][TIMING] emit_host_span: [STRACE] v=1 pid=2155045 tid=2155045 inv=66 hid=9a0ce7c17a38dab depth=1 name=chip.run.validate ts=7319671002973431 dur=51191 
[mono_ns=7319671003039932][T0xf36e4a0b7020][TIMING] emit_host_span: [STRACE] v=1 pid=2155045 tid=2155045 inv=66 hid=9a0ce7c17a38dab depth=2 name=chip.run.runner_run.device_wall ts=0 dur=29119 clk=dev
[mono_ns=7319671003044662][T0xf36e4a0b7020][TIMING] emit_host_span: [STRACE] v=1 pid=2155045 tid=2155045 inv=66 hid=9a0ce7c17a38dab depth=3 name=chip.run.runner_run.device_wall.preamble ts=0 dur=6399 clk=dev
[mono_ns=7319671003049822][T0xf36e4a0b7020][TIMING] emit_host_span: [STRACE] v=1 pid=2155045 tid=2155045 inv=66 hid=9a0ce7c17a38dab depth=3 name=chip.run.runner_run.device_wall.graph_build ts=1420 dur=18200 clk=dev
[mono_ns=7319671003053882][T0xf36e4a0b7020][TIMING] emit_host_span: [STRACE] v=1 pid=2155045 tid=2155045 inv=66 hid=9a0ce7c17a38dab depth=3 name=chip.run.runner_run.device_wall.config_validate ts=1540 dur=840 clk=dev
[mono_ns=7319671003057612][T0xf36e4a0b7020][TIMING] emit_host_span: [STRACE] v=1 pid=2155045 tid=2155045 inv=66 hid=9a0ce7c17a38dab depth=3 name=chip.run.runner_run.device_wall.arena_wire ts=2400 dur=320 clk=dev
[mono_ns=7319671003060882][T0xf36e4a0b7020][TIMING] emit_host_span: [STRACE] v=1 pid=2155045 tid=2155045 inv=66 hid=9a0ce7c17a38dab depth=3 name=chip.run.runner_run.device_wall.sm_reset ts=2760 dur=500 clk=dev
[mono_ns=7319671003078202][T0xf36e4a0b7020][TIMING] emit_host_span: [STRACE] v=1 pid=2155045 tid=2155045 inv=66 hid=9a0ce7c17a38dab depth=3 name=chip.run.runner_run.device_wall.post_orch ts=19680 dur=9260 clk=dev
[mono_ns=7319671003081502][T0xf36e4a0b7020][TIMING] emit_host_span: [STRACE] v=1 pid=2155045 tid=2155045 inv=66 hid=9a0ce7c17a38dab depth=3 name=chip.run.runner_run.device_wall.orch ts=3900 dur=2640 clk=dev
[mono_ns=7319671003084592][T0xf36e4a0b7020][TIMING] emit_host_span: [STRACE] v=1 pid=2155045 tid=2155045 inv=66 hid=9a0ce7c17a38dab depth=3 name=chip.run.runner_run.device_wall.sched ts=6500 dur=6220 clk=dev
[mono_ns=7319671003090052][T0xf36e4a0b7020][TIMING] emit_host_span: [STRACE] v=1 pid=2155045 tid=2155045 inv=66 hid=9a0ce7c17a38dab depth=1 name=chip.run.claim_release ts=7319671003087652 dur=640 
[mono_ns=7319671003096342][T0xf36e4a0b7020][TIMING] emit_host_span: [STRACE] v=1 pid=2155045 tid=2155045 inv=66 hid=9a0ce7c17a38dab depth=0 name=chip.run ts=7319670897883344 dur=105210998 run_id=17 dispatch_id=66 slot_id=0 generation=17 run_epoch=66
[mono_ns=7319671003617614][T0xf36e4a0b7020][TIMING] emit_host_span: [STRACE] v=1 pid=2155045 tid=2155045 inv=67 hid=aa636548c65ca6a1 depth=2 name=chip.run.bind.args ts=7319671003563864 dur=48220 
[mono_ns=7319671003636724][T0xf36e4a0b7020][TIMING] emit_host_span: [STRACE] v=1 pid=2155045 tid=2155045 inv=67 hid=aa636548c65ca6a1 depth=2 name=chip.run.bind.prebuilt ts=7319671003629694 dur=4770 
[mono_ns=7319671003641714][T0xf36e4a0b7020][TIMING] emit_host_span: [STRACE] v=1 pid=2155045 tid=2155045 inv=67 hid=aa636548c65ca6a1 depth=1 name=chip.run.bind ts=7319671003549914 dur=89590 
[mono_ns=7319671010382863][T0xf36e4a0b7020][TIMING] emit_host_span: [STRACE] v=1 pid=2155045 tid=2155045 inv=67 hid=aa636548c65ca6a1 depth=1 name=chip.run.runner_run ts=7319671003951816 dur=6424497 
[mono_ns=7319671010420683][T0xf36e4a0b7020][TIMING] emit_host_span: [STRACE] v=1 pid=2155045 tid=2155045 inv=67 hid=aa636548c65ca6a1 depth=1 name=chip.run.validate ts=7319671010393473 dur=24210 
[mono_ns=7319671010431293][T0xf36e4a0b7020][TIMING] emit_host_span: [STRACE] v=1 pid=2155045 tid=2155045 inv=67 hid=aa636548c65ca6a1 depth=2 name=chip.run.runner_run.device_wall ts=0 dur=6152800 clk=dev
[mono_ns=7319671010435683][T0xf36e4a0b7020][TIMING] emit_host_span: [STRACE] v=1 pid=2155045 tid=2155045 inv=67 hid=aa636548c65ca6a1 depth=3 name=chip.run.runner_run.device_wall.preamble ts=0 dur=5660 clk=dev
[mono_ns=7319671010440803][T0xf36e4a0b7020][TIMING] emit_host_span: [STRACE] v=1 pid=2155045 tid=2155045 inv=67 hid=aa636548c65ca6a1 depth=3 name=chip.run.runner_run.device_wall.graph_build ts=1380 dur=6141040 clk=dev
[mono_ns=7319671010444403][T0xf36e4a0b7020][TIMING] emit_host_span: [STRACE] v=1 pid=2155045 tid=2155045 inv=67 hid=aa636548c65ca6a1 depth=3 name=chip.run.runner_run.device_wall.config_validate ts=1500 dur=560 clk=dev
[mono_ns=7319671010448813][T0xf36e4a0b7020][TIMING] emit_host_span: [STRACE] v=1 pid=2155045 tid=2155045 inv=67 hid=aa636548c65ca6a1 depth=3 name=chip.run.runner_run.device_wall.arena_wire ts=2080 dur=280 clk=dev
[mono_ns=7319671010452923][T0xf36e4a0b7020][TIMING] emit_host_span: [STRACE] v=1 pid=2155045 tid=2155045 inv=67 hid=aa636548c65ca6a1 depth=3 name=chip.run.runner_run.device_wall.sm_reset ts=2400 dur=480 clk=dev
[mono_ns=7319671010463193][T0xf36e4a0b7020][TIMING] emit_host_span: [STRACE] v=1 pid=2155045 tid=2155045 inv=67 hid=aa636548c65ca6a1 depth=3 name=chip.run.runner_run.device_wall.post_orch ts=6142460 dur=10240 clk=dev
[mono_ns=7319671010466653][T0xf36e4a0b7020][TIMING] emit_host_span: [STRACE] v=1 pid=2155045 tid=2155045 inv=67 hid=aa636548c65ca6a1 depth=3 name=chip.run.runner_run.device_wall.orch ts=2940 dur=1700 clk=dev
[mono_ns=7319671010469813][T0xf36e4a0b7020][TIMING] emit_host_span: [STRACE] v=1 pid=2155045 tid=2155045 inv=67 hid=aa636548c65ca6a1 depth=3 name=chip.run.runner_run.device_wall.sched ts=5699 dur=6129380 clk=dev
[mono_ns=7319671010474433][T0xf36e4a0b7020][TIMING] emit_host_span: [STRACE] v=1 pid=2155045 tid=2155045 inv=67 hid=aa636548c65ca6a1 depth=1 name=chip.run.claim_release ts=7319671010472433 dur=250 
[mono_ns=7319671010478973][T0xf36e4a0b7020][TIMING] emit_host_span: [STRACE] v=1 pid=2155045 tid=2155045 inv=67 hid=aa636548c65ca6a1 depth=0 name=chip.run ts=7319671003504924 dur=6972099 run_id=17 dispatch_id=67 slot_id=0 generation=17 run_epoch=67
[mono_ns=7319671011859269][T0xf36e4a0b7020][TIMING] emit_host_span: [STRACE] v=1 pid=2155045 tid=2155045 inv=68 hid=e3bcbf8fce8ee77f depth=2 name=chip.run.bind.args ts=7319671011781749 dur=71960 
[mono_ns=7319671011874149][T0xf36e4a0b7020][TIMING] emit_host_span: [STRACE] v=1 pid=2155045 tid=2155045 inv=68 hid=e3bcbf8fce8ee77f depth=2 name=chip.run.bind.prebuilt ts=7319671011870059 dur=1830 
[mono_ns=7319671011881779][T0xf36e4a0b7020][TIMING] emit_host_span: [STRACE] v=1 pid=2155045 tid=2155045 inv=68 hid=e3bcbf8fce8ee77f depth=1 name=chip.run.bind ts=7319671011775409 dur=104210 
[mono_ns=7319671116527404][T0xf36e4a0b7020][TIMING] emit_host_span: [STRACE] v=1 pid=2155045 tid=2155045 inv=68 hid=e3bcbf8fce8ee77f depth=1 name=chip.run.runner_run ts=7319671012083650 dur=104433024 
[mono_ns=7319671117259177][T0xf36e4a0b7020][TIMING] emit_host_span: [STRACE] v=1 pid=2155045 tid=2155045 inv=68 hid=e3bcbf8fce8ee77f depth=1 name=chip.run.validate ts=7319671116540224 dur=713643 
[mono_ns=7319671117272237][T0xf36e4a0b7020][TIMING] emit_host_span: [STRACE] v=1 pid=2155045 tid=2155045 inv=68 hid=e3bcbf8fce8ee77f depth=2 name=chip.run.runner_run.device_wall ts=0 dur=80440 clk=dev
[mono_ns=7319671117276887][T0xf36e4a0b7020][TIMING] emit_host_span: [STRACE] v=1 pid=2155045 tid=2155045 inv=68 hid=e3bcbf8fce8ee77f depth=3 name=chip.run.runner_run.device_wall.preamble ts=0 dur=9660 clk=dev
[mono_ns=7319671117281557][T0xf36e4a0b7020][TIMING] emit_host_span: [STRACE] v=1 pid=2155045 tid=2155045 inv=68 hid=e3bcbf8fce8ee77f depth=3 name=chip.run.runner_run.device_wall.graph_build ts=1280 dur=67480 clk=dev
[mono_ns=7319671117284937][T0xf36e4a0b7020][TIMING] emit_host_span: [STRACE] v=1 pid=2155045 tid=2155045 inv=68 hid=e3bcbf8fce8ee77f depth=3 name=chip.run.runner_run.device_wall.config_validate ts=1380 dur=560 clk=dev
[mono_ns=7319671117288197][T0xf36e4a0b7020][TIMING] emit_host_span: [STRACE] v=1 pid=2155045 tid=2155045 inv=68 hid=e3bcbf8fce8ee77f depth=3 name=chip.run.runner_run.device_wall.arena_wire ts=1960 dur=240 clk=dev
[mono_ns=7319671117300908][T0xf36e4a0b7020][TIMING] emit_host_span: [STRACE] v=1 pid=2155045 tid=2155045 inv=68 hid=e3bcbf8fce8ee77f depth=3 name=chip.run.runner_run.device_wall.sm_reset ts=2240 dur=459 clk=dev
[mono_ns=7319671117304708][T0xf36e4a0b7020][TIMING] emit_host_span: [STRACE] v=1 pid=2155045 tid=2155045 inv=68 hid=e3bcbf8fce8ee77f depth=3 name=chip.run.runner_run.device_wall.post_orch ts=68820 dur=10940 clk=dev
[mono_ns=7319671117309488][T0xf36e4a0b7020][TIMING] emit_host_span: [STRACE] v=1 pid=2155045 tid=2155045 inv=68 hid=e3bcbf8fce8ee77f depth=3 name=chip.run.runner_run.device_wall.orch ts=7979 dur=3140 clk=dev
[mono_ns=7319671117313168][T0xf36e4a0b7020][TIMING] emit_host_span: [STRACE] v=1 pid=2155045 tid=2155045 inv=68 hid=e3bcbf8fce8ee77f depth=3 name=chip.run.runner_run.device_wall.sched ts=9720 dur=51800 clk=dev
[mono_ns=7319671117318548][T0xf36e4a0b7020][TIMING] emit_host_span: [STRACE] v=1 pid=2155045 tid=2155045 inv=68 hid=e3bcbf8fce8ee77f depth=1 name=chip.run.claim_release ts=7319671117316248 dur=530 
[mono_ns=7319671117324358][T0xf36e4a0b7020][TIMING] emit_host_span: [STRACE] v=1 pid=2155045 tid=2155045 inv=68 hid=e3bcbf8fce8ee77f depth=0 name=chip.run ts=7319671011753539 dur=105568819 run_id=17 dispatch_id=68 slot_id=0 generation=17 run_epoch=68
[mono_ns=7319671124363738][T0xf36e4a0b7020][TIMING] emit_host_span: [STRACE] v=1 pid=2155045 tid=2155045 inv=69 hid=7330127d2e7be9ea depth=2 name=chip.run.bind.args ts=7319671123273613 dur=1083545 
[mono_ns=7319671124381698][T0xf36e4a0b7020][TIMING] emit_host_span: [STRACE] v=1 pid=2155045 tid=2155045 inv=69 hid=7330127d2e7be9ea depth=2 name=chip.run.bind.prebuilt ts=7319671124376278 dur=2990 
[mono_ns=7319671124391738][T0xf36e4a0b7020][TIMING] emit_host_span: [STRACE] v=1 pid=2155045 tid=2155045 inv=69 hid=7330127d2e7be9ea depth=1 name=chip.run.bind ts=7319671123264963 dur=1124345 
[mono_ns=7319671126052125][T0xf36cec6cdca0][WARN] copy_aicore_buffer: [chip_swimlane_collector.cpp:689] Core 2: skipped 1024 AICore record slot(s) with start_time=0 (race-window write or recycled-buffer tail). buf seq=0 count=1024
[mono_ns=7319671126060955][T0xf36ceceddca0][WARN] copy_aicore_buffer: [chip_swimlane_collector.cpp:689] Core 1: skipped 1024 AICore record slot(s) with start_time=0 (race-window write or recycled-buffer tail). buf seq=0 count=1024
[mono_ns=7319671126095015][T0xf36ced6edca0][WARN] copy_aicore_buffer: [chip_swimlane_collector.cpp:689] Core 0: skipped 1024 AICore record slot(s) with start_time=0 (race-window write or recycled-buffer tail). buf seq=0 count=1024
[mono_ns=7319671126347506][T0xf36cec6cdca0][WARN] copy_aicore_buffer: [chip_swimlane_collector.cpp:689] Core 28: skipped 1024 AICore record slot(s) with start_time=0 (race-window write or recycled-buffer tail). buf seq=0 count=1024
[mono_ns=7319671126353606][T0xf36ceceddca0][WARN] copy_aicore_buffer: [chip_swimlane_collector.cpp:689] Core 26: skipped 1023 AICore record slot(s) with start_time=0 (race-window write or recycled-buffer tail). buf seq=0 count=1024
[mono_ns=7319671126379186][T0xf36ced6edca0][WARN] copy_aicore_buffer: [chip_swimlane_collector.cpp:689] Core 24: skipped 1024 AICore record slot(s) with start_time=0 (race-window write or recycled-buffer tail). buf seq=0 count=1024
[mono_ns=7319671126627867][T0xf36cec6cdca0][WARN] copy_aicore_buffer: [chip_swimlane_collector.cpp:689] Core 29: skipped 1024 AICore record slot(s) with start_time=0 (race-window write or recycled-buffer tail). buf seq=0 count=1024
[mono_ns=7319671126632267][T0xf36ceceddca0][WARN] copy_aicore_buffer: [chip_swimlane_collector.cpp:689] Core 27: skipped 1024 AICore record slot(s) with start_time=0 (race-window write or recycled-buffer tail). buf seq=0 count=1024
[mono_ns=7319671126659317][T0xf36ced6edca0][WARN] copy_aicore_buffer: [chip_swimlane_collector.cpp:689] Core 25: skipped 1024 AICore record slot(s) with start_time=0 (race-window write or recycled-buffer tail). buf seq=0 count=1024
[mono_ns=7319671126908868][T0xf36cec6cdca0][WARN] copy_aicore_buffer: [chip_swimlane_collector.cpp:689] Core 5: skipped 1024 AICore record slot(s) with start_time=0 (race-window write or recycled-buffer tail). buf seq=0 count=1024
[mono_ns=7319671126910588][T0xf36ceceddca0][WARN] copy_aicore_buffer: [chip_swimlane_collector.cpp:689] Core 4: skipped 1024 AICore record slot(s) with start_time=0 (race-window write or recycled-buffer tail). buf seq=0 count=1024
[mono_ns=7319671126940199][T0xf36ced6edca0][WARN] copy_aicore_buffer: [chip_swimlane_collector.cpp:689] Core 3: skipped 1024 AICore record slot(s) with start_time=0 (race-window write or recycled-buffer tail). buf seq=0 count=1024
[mono_ns=7319671127197010][T0xf36cec6cdca0][WARN] copy_aicore_buffer: [chip_swimlane_collector.cpp:689] Core 34: skipped 1024 AICore record slot(s) with start_time=0 (race-window write or recycled-buffer tail). buf seq=0 count=1024
[mono_ns=7319671127201820][T0xf36ceceddca0][WARN] copy_aicore_buffer: [chip_swimlane_collector.cpp:689] Core 32: skipped 1024 AICore record slot(s) with start_time=0 (race-window write or recycled-buffer tail). buf seq=0 count=1024
[mono_ns=7319671127229030][T0xf36ced6edca0][WARN] copy_aicore_buffer: [chip_swimlane_collector.cpp:689] Core 30: skipped 1024 AICore record slot(s) with start_time=0 (race-window write or recycled-buffer tail). buf seq=0 count=1024
[mono_ns=7319671127477881][T0xf36cec6cdca0][WARN] copy_aicore_buffer: [chip_swimlane_collector.cpp:689] Core 35: skipped 1023 AICore record slot(s) with start_time=0 (race-window write or recycled-buffer tail). buf seq=0 count=1024
[mono_ns=7319671127481951][T0xf36ceceddca0][WARN] copy_aicore_buffer: [chip_swimlane_collector.cpp:689] Core 33: skipped 1024 AICore record slot(s) with start_time=0 (race-window write or recycled-buffer tail). buf seq=0 count=1024
[mono_ns=7319671127508741][T0xf36ced6edca0][WARN] copy_aicore_buffer: [chip_swimlane_collector.cpp:689] Core 31: skipped 1024 AICore record slot(s) with start_time=0 (race-window write or recycled-buffer tail). buf seq=0 count=1024
[mono_ns=7319671127757172][T0xf36cec6cdca0][WARN] copy_aicore_buffer: [chip_swimlane_collector.cpp:689] Core 8: skipped 1024 AICore record slot(s) with start_time=0 (race-window write or recycled-buffer tail). buf seq=0 count=1024
[mono_ns=7319671127761542][T0xf36ceceddca0][WARN] copy_aicore_buffer: [chip_swimlane_collector.cpp:689] Core 7: skipped 1024 AICore record slot(s) with start_time=0 (race-window write or recycled-buffer tail). buf seq=0 count=1024
[mono_ns=7319671127788302][T0xf36ced6edca0][WARN] copy_aicore_buffer: [chip_swimlane_collector.cpp:689] Core 6: skipped 1024 AICore record slot(s) with start_time=0 (race-window write or recycled-buffer tail). buf seq=0 count=1024
[mono_ns=7319671128040803][T0xf36cec6cdca0][WARN] copy_aicore_buffer: [chip_swimlane_collector.cpp:689] Core 40: skipped 1024 AICore record slot(s) with start_time=0 (race-window write or recycled-buffer tail). buf seq=0 count=1024
[mono_ns=7319671128045553][T0xf36ceceddca0][WARN] copy_aicore_buffer: [chip_swimlane_collector.cpp:689] Core 38: skipped 1023 AICore record slot(s) with start_time=0 (race-window write or recycled-buffer tail). buf seq=0 count=1024
[mono_ns=7319671128075003][T0xf36ced6edca0][WARN] copy_aicore_buffer: [chip_swimlane_collector.cpp:689] Core 36: skipped 1024 AICore record slot(s) with start_time=0 (race-window write or recycled-buffer tail). buf seq=0 count=1024
[mono_ns=7319671128321524][T0xf36cec6cdca0][WARN] copy_aicore_buffer: [chip_swimlane_collector.cpp:689] Core 41: skipped 1024 AICore record slot(s) with start_time=0 (race-window write or recycled-buffer tail). buf seq=0 count=1024
[mono_ns=7319671128324884][T0xf36ceceddca0][WARN] copy_aicore_buffer: [chip_swimlane_collector.cpp:689] Core 39: skipped 1024 AICore record slot(s) with start_time=0 (race-window write or recycled-buffer tail). buf seq=0 count=1024
[mono_ns=7319671128356675][T0xf36ced6edca0][WARN] copy_aicore_buffer: [chip_swimlane_collector.cpp:689] Core 37: skipped 1024 AICore record slot(s) with start_time=0 (race-window write or recycled-buffer tail). buf seq=0 count=1024
[mono_ns=7319671128600506][T0xf36cec6cdca0][WARN] copy_aicore_buffer: [chip_swimlane_collector.cpp:689] Core 11: skipped 1024 AICore record slot(s) with start_time=0 (race-window write or recycled-buffer tail). buf seq=0 count=1024
[mono_ns=7319671128603086][T0xf36ceceddca0][WARN] copy_aicore_buffer: [chip_swimlane_collector.cpp:689] Core 10: skipped 1024 AICore record slot(s) with start_time=0 (race-window write or recycled-buffer tail). buf seq=0 count=1024
[mono_ns=7319671128638216][T0xf36ced6edca0][WARN] copy_aicore_buffer: [chip_swimlane_collector.cpp:689] Core 9: skipped 1024 AICore record slot(s) with start_time=0 (race-window write or recycled-buffer tail). buf seq=0 count=1024
[mono_ns=7319671128879477][T0xf36cec6cdca0][WARN] copy_aicore_buffer: [chip_swimlane_collector.cpp:689] Core 46: skipped 1024 AICore record slot(s) with start_time=0 (race-window write or recycled-buffer tail). buf seq=0 count=1024
[mono_ns=7319671128882507][T0xf36ceceddca0][WARN] copy_aicore_buffer: [chip_swimlane_collector.cpp:689] Core 44: skipped 1023 AICore record slot(s) with start_time=0 (race-window write or recycled-buffer tail). buf seq=0 count=1024
[mono_ns=7319671128917737][T0xf36ced6edca0][WARN] copy_aicore_buffer: [chip_swimlane_collector.cpp:689] Core 42: skipped 1024 AICore record slot(s) with start_time=0 (race-window write or recycled-buffer tail). buf seq=0 count=1024
[mono_ns=7319671129168458][T0xf36cec6cdca0][WARN] copy_aicore_buffer: [chip_swimlane_collector.cpp:689] Core 47: skipped 1024 AICore record slot(s) with start_time=0 (race-window write or recycled-buffer tail). buf seq=0 count=1024
[mono_ns=7319671129174518][T0xf36ceceddca0][WARN] copy_aicore_buffer: [chip_swimlane_collector.cpp:689] Core 45: skipped 1024 AICore record slot(s) with start_time=0 (race-window write or recycled-buffer tail). buf seq=0 count=1024
[mono_ns=7319671129211798][T0xf36ced6edca0][WARN] copy_aicore_buffer: [chip_swimlane_collector.cpp:689] Core 43: skipped 1024 AICore record slot(s) with start_time=0 (race-window write or recycled-buffer tail). buf seq=0 count=1024
[mono_ns=7319671129448539][T0xf36cec6cdca0][WARN] copy_aicore_buffer: [chip_swimlane_collector.cpp:689] Core 14: skipped 1024 AICore record slot(s) with start_time=0 (race-window write or recycled-buffer tail). buf seq=0 count=1024
[mono_ns=7319671129452909][T0xf36ceceddca0][WARN] copy_aicore_buffer: [chip_swimlane_collector.cpp:689] Core 13: skipped 1024 AICore record slot(s) with start_time=0 (race-window write or recycled-buffer tail). buf seq=0 count=1024
[mono_ns=7319671129492759][T0xf36ced6edca0][WARN] copy_aicore_buffer: [chip_swimlane_collector.cpp:689] Core 12: skipped 1024 AICore record slot(s) with start_time=0 (race-window write or recycled-buffer tail). buf seq=0 count=1024
[mono_ns=7319671129727400][T0xf36cec6cdca0][WARN] copy_aicore_buffer: [chip_swimlane_collector.cpp:689] Core 52: skipped 1024 AICore record slot(s) with start_time=0 (race-window write or recycled-buffer tail). buf seq=0 count=1024
[mono_ns=7319671129731930][T0xf36ceceddca0][WARN] copy_aicore_buffer: [chip_swimlane_collector.cpp:689] Core 50: skipped 1024 AICore record slot(s) with start_time=0 (race-window write or recycled-buffer tail). buf seq=0 count=1024
[mono_ns=7319671129773221][T0xf36ced6edca0][WARN] copy_aicore_buffer: [chip_swimlane_collector.cpp:689] Core 48: skipped 1024 AICore record slot(s) with start_time=0 (race-window write or recycled-buffer tail). buf seq=0 count=1024
[mono_ns=7319671130014702][T0xf36ceceddca0][WARN] copy_aicore_buffer: [chip_swimlane_collector.cpp:689] Core 51: skipped 1024 AICore record slot(s) with start_time=0 (race-window write or recycled-buffer tail). buf seq=0 count=1024
[mono_ns=7319671130018842][T0xf36cec6cdca0][WARN] copy_aicore_buffer: [chip_swimlane_collector.cpp:689] Core 53: skipped 1024 AICore record slot(s) with start_time=0 (race-window write or recycled-buffer tail). buf seq=0 count=1024
[mono_ns=7319671130063882][T0xf36ced6edca0][WARN] copy_aicore_buffer: [chip_swimlane_collector.cpp:689] Core 49: skipped 1024 AICore record slot(s) with start_time=0 (race-window write or recycled-buffer tail). buf seq=0 count=1024
[mono_ns=7319671130296253][T0xf36ceceddca0][WARN] copy_aicore_buffer: [chip_swimlane_collector.cpp:689] Core 16: skipped 1024 AICore record slot(s) with start_time=0 (race-window write or recycled-buffer tail). buf seq=0 count=1024
[mono_ns=7319671130299343][T0xf36cec6cdca0][WARN] copy_aicore_buffer: [chip_swimlane_collector.cpp:689] Core 17: skipped 1024 AICore record slot(s) with start_time=0 (race-window write or recycled-buffer tail). buf seq=0 count=1024
[mono_ns=7319671130347573][T0xf36ced6edca0][WARN] copy_aicore_buffer: [chip_swimlane_collector.cpp:689] Core 15: skipped 1024 AICore record slot(s) with start_time=0 (race-window write or recycled-buffer tail). buf seq=0 count=1024
[mono_ns=7319671130575384][T0xf36ceceddca0][WARN] copy_aicore_buffer: [chip_swimlane_collector.cpp:689] Core 56: skipped 1024 AICore record slot(s) with start_time=0 (race-window write or recycled-buffer tail). buf seq=0 count=1024
[mono_ns=7319671130577784][T0xf36cec6cdca0][WARN] copy_aicore_buffer: [chip_swimlane_collector.cpp:689] Core 58: skipped 1024 AICore record slot(s) with start_time=0 (race-window write or recycled-buffer tail). buf seq=0 count=1024
[mono_ns=7319671130627964][T0xf36ced6edca0][WARN] copy_aicore_buffer: [chip_swimlane_collector.cpp:689] Core 54: skipped 1024 AICore record slot(s) with start_time=0 (race-window write or recycled-buffer tail). buf seq=0 count=1024
[mono_ns=7319671130855065][T0xf36ceceddca0][WARN] copy_aicore_buffer: [chip_swimlane_collector.cpp:689] Core 57: skipped 1024 AICore record slot(s) with start_time=0 (race-window write or recycled-buffer tail). buf seq=0 count=1024
[mono_ns=7319671130856285][T0xf36cec6cdca0][WARN] copy_aicore_buffer: [chip_swimlane_collector.cpp:689] Core 59: skipped 1023 AICore record slot(s) with start_time=0 (race-window write or recycled-buffer tail). buf seq=0 count=1024
[mono_ns=7319671130907585][T0xf36ced6edca0][WARN] copy_aicore_buffer: [chip_swimlane_collector.cpp:689] Core 55: skipped 1024 AICore record slot(s) with start_time=0 (race-window write or recycled-buffer tail). buf seq=0 count=1024
[mono_ns=7319671131142996][T0xf36ceceddca0][WARN] copy_aicore_buffer: [chip_swimlane_collector.cpp:689] Core 19: skipped 1024 AICore record slot(s) with start_time=0 (race-window write or recycled-buffer tail). buf seq=0 count=1024
[mono_ns=7319671131144436][T0xf36cec6cdca0][WARN] copy_aicore_buffer: [chip_swimlane_collector.cpp:689] Core 20: skipped 1024 AICore record slot(s) with start_time=0 (race-window write or recycled-buffer tail). buf seq=0 count=1024
[mono_ns=7319671131195107][T0xf36ced6edca0][WARN] copy_aicore_buffer: [chip_swimlane_collector.cpp:689] Core 18: skipped 1024 AICore record slot(s) with start_time=0 (race-window write or recycled-buffer tail). buf seq=0 count=1024
[mono_ns=7319671131421098][T0xf36cec6cdca0][WARN] copy_aicore_buffer: [chip_swimlane_collector.cpp:689] Core 64: skipped 1024 AICore record slot(s) with start_time=0 (race-window write or recycled-buffer tail). buf seq=0 count=1024
[mono_ns=7319671131423298][T0xf36ceceddca0][WARN] copy_aicore_buffer: [chip_swimlane_collector.cpp:689] Core 62: skipped 1024 AICore record slot(s) with start_time=0 (race-window write or recycled-buffer tail). buf seq=0 count=1024
[mono_ns=7319671131476688][T0xf36ced6edca0][WARN] copy_aicore_buffer: [chip_swimlane_collector.cpp:689] Core 60: skipped 1023 AICore record slot(s) with start_time=0 (race-window write or recycled-buffer tail). buf seq=0 count=1024
[mono_ns=7319671131699869][T0xf36cec6cdca0][WARN] copy_aicore_buffer: [chip_swimlane_collector.cpp:689] Core 65: skipped 1024 AICore record slot(s) with start_time=0 (race-window write or recycled-buffer tail). buf seq=0 count=1024
[mono_ns=7319671131702069][T0xf36ceceddca0][WARN] copy_aicore_buffer: [chip_swimlane_collector.cpp:689] Core 63: skipped 1024 AICore record slot(s) with start_time=0 (race-window write or recycled-buffer tail). buf seq=0 count=1024
[mono_ns=7319671131756759][T0xf36ced6edca0][WARN] copy_aicore_buffer: [chip_swimlane_collector.cpp:689] Core 61: skipped 1024 AICore record slot(s) with start_time=0 (race-window write or recycled-buffer tail). buf seq=0 count=1024
[mono_ns=7319671131979530][T0xf36cec6cdca0][WARN] copy_aicore_buffer: [chip_swimlane_collector.cpp:689] Core 23: skipped 1024 AICore record slot(s) with start_time=0 (race-window write or recycled-buffer tail). buf seq=0 count=1024
[mono_ns=7319671131981490][T0xf36ceceddca0][WARN] copy_aicore_buffer: [chip_swimlane_collector.cpp:689] Core 22: skipped 1024 AICore record slot(s) with start_time=0 (race-window write or recycled-buffer tail). buf seq=0 count=1024
[mono_ns=7319671132041410][T0xf36ced6edca0][WARN] copy_aicore_buffer: [chip_swimlane_collector.cpp:689] Core 21: skipped 1024 AICore record slot(s) with start_time=0 (race-window write or recycled-buffer tail). buf seq=0 count=1024
[mono_ns=7319671132268331][T0xf36ceceddca0][WARN] copy_aicore_buffer: [chip_swimlane_collector.cpp:689] Core 68: skipped 1024 AICore record slot(s) with start_time=0 (race-window write or recycled-buffer tail). buf seq=0 count=1024
[mono_ns=7319671132268891][T0xf36cec6cdca0][WARN] copy_aicore_buffer: [chip_swimlane_collector.cpp:689] Core 70: skipped 1024 AICore record slot(s) with start_time=0 (race-window write or recycled-buffer tail). buf seq=0 count=1024
[mono_ns=7319671132322841][T0xf36ced6edca0][WARN] copy_aicore_buffer: [chip_swimlane_collector.cpp:689] Core 66: skipped 1024 AICore record slot(s) with start_time=0 (race-window write or recycled-buffer tail). buf seq=0 count=1024
[mono_ns=7319671132547042][T0xf36cec6cdca0][WARN] copy_aicore_buffer: [chip_swimlane_collector.cpp:689] Core 71: skipped 1024 AICore record slot(s) with start_time=0 (race-window write or recycled-buffer tail). buf seq=0 count=1024
[mono_ns=7319671132548542][T0xf36ceceddca0][WARN] copy_aicore_buffer: [chip_swimlane_collector.cpp:689] Core 69: skipped 1024 AICore record slot(s) with start_time=0 (race-window write or recycled-buffer tail). buf seq=0 count=1024
[mono_ns=7319671132603673][T0xf36ced6edca0][WARN] copy_aicore_buffer: [chip_swimlane_collector.cpp:689] Core 67: skipped 1024 AICore record slot(s) with start_time=0 (race-window write or recycled-buffer tail). buf seq=0 count=1024
[mono_ns=7319671233344921][T0xf36e4a0b7020][TIMING] emit_host_span: [STRACE] v=1 pid=2155045 tid=2155045 inv=69 hid=7330127d2e7be9ea depth=1 name=chip.run.runner_run ts=7319671124828580 dur=108504511 
[mono_ns=7319671233406441][T0xf36e4a0b7020][TIMING] emit_host_span: [STRACE] v=1 pid=2155045 tid=2155045 inv=69 hid=7330127d2e7be9ea depth=1 name=chip.run.validate ts=7319671233363731 dur=38440 
[mono_ns=7319671233417761][T0xf36e4a0b7020][TIMING] emit_host_span: [STRACE] v=1 pid=2155045 tid=2155045 inv=69 hid=7330127d2e7be9ea depth=2 name=chip.run.runner_run.device_wall ts=0 dur=747360 clk=dev
[mono_ns=7319671233422711][T0xf36e4a0b7020][TIMING] emit_host_span: [STRACE] v=1 pid=2155045 tid=2155045 inv=69 hid=7330127d2e7be9ea depth=3 name=chip.run.runner_run.device_wall.preamble ts=0 dur=641780 clk=dev
[mono_ns=7319671233437111][T0xf36e4a0b7020][TIMING] emit_host_span: [STRACE] v=1 pid=2155045 tid=2155045 inv=69 hid=7330127d2e7be9ea depth=3 name=chip.run.runner_run.device_wall.graph_build ts=637080 dur=99780 clk=dev
[mono_ns=7319671233442271][T0xf36e4a0b7020][TIMING] emit_host_span: [STRACE] v=1 pid=2155045 tid=2155045 inv=69 hid=7330127d2e7be9ea depth=3 name=chip.run.runner_run.device_wall.config_validate ts=637199 dur=459 clk=dev
[mono_ns=7319671233446341][T0xf36e4a0b7020][TIMING] emit_host_span: [STRACE] v=1 pid=2155045 tid=2155045 inv=69 hid=7330127d2e7be9ea depth=3 name=chip.run.runner_run.device_wall.arena_wire ts=637680 dur=260 clk=dev
[mono_ns=7319671233450211][T0xf36e4a0b7020][TIMING] emit_host_span: [STRACE] v=1 pid=2155045 tid=2155045 inv=69 hid=7330127d2e7be9ea depth=3 name=chip.run.runner_run.device_wall.sm_reset ts=637960 dur=440 clk=dev
[mono_ns=7319671233454061][T0xf36e4a0b7020][TIMING] emit_host_span: [STRACE] v=1 pid=2155045 tid=2155045 inv=69 hid=7330127d2e7be9ea depth=3 name=chip.run.runner_run.device_wall.post_orch ts=736920 dur=10320 clk=dev
[mono_ns=7319671233458121][T0xf36e4a0b7020][TIMING] emit_host_span: [STRACE] v=1 pid=2155045 tid=2155045 inv=69 hid=7330127d2e7be9ea depth=3 name=chip.run.runner_run.device_wall.orch ts=638420 dur=2219 clk=dev
[mono_ns=7319671233462572][T0xf36e4a0b7020][TIMING] emit_host_span: [STRACE] v=1 pid=2155045 tid=2155045 inv=69 hid=7330127d2e7be9ea depth=3 name=chip.run.runner_run.device_wall.sched ts=641940 dur=78679 clk=dev
[mono_ns=7319671233473712][T0xf36e4a0b7020][TIMING] emit_host_span: [STRACE] v=1 pid=2155045 tid=2155045 inv=69 hid=7330127d2e7be9ea depth=1 name=chip.run.claim_release ts=7319671233471332 dur=600 
[mono_ns=7319671233481822][T0xf36e4a0b7020][TIMING] emit_host_span: [STRACE] v=1 pid=2155045 tid=2155045 inv=69 hid=7330127d2e7be9ea depth=0 name=chip.run ts=7319671123231253 dur=110248469 run_id=18 dispatch_id=69 slot_id=0 generation=18 run_epoch=69
[mono_ns=7319671234528376][T0xf36e4a0b7020][TIMING] emit_host_span: [STRACE] v=1 pid=2155045 tid=2155045 inv=70 hid=9a0ce7c17a38dab depth=2 name=chip.run.bind.args ts=7319671234437476 dur=85840 
[mono_ns=7319671234546566][T0xf36e4a0b7020][TIMING] emit_host_span: [STRACE] v=1 pid=2155045 tid=2155045 inv=70 hid=9a0ce7c17a38dab depth=2 name=chip.run.bind.prebuilt ts=7319671234540476 dur=3730 
[mono_ns=7319671234551666][T0xf36e4a0b7020][TIMING] emit_host_span: [STRACE] v=1 pid=2155045 tid=2155045 inv=70 hid=9a0ce7c17a38dab depth=1 name=chip.run.bind ts=7319671234426576 dur=122770 
[mono_ns=7319671235952632][T0xf36cec6cdca0][WARN] copy_aicore_buffer: [chip_swimlane_collector.cpp:689] Core 2: skipped 1024 AICore record slot(s) with start_time=0 (race-window write or recycled-buffer tail). buf seq=0 count=1024
[mono_ns=7319671235963372][T0xf36ced6edca0][WARN] copy_aicore_buffer: [chip_swimlane_collector.cpp:689] Core 0: skipped 1024 AICore record slot(s) with start_time=0 (race-window write or recycled-buffer tail). buf seq=0 count=1024
[mono_ns=7319671235991162][T0xf36ceceddca0][WARN] copy_aicore_buffer: [chip_swimlane_collector.cpp:689] Core 1: skipped 1024 AICore record slot(s) with start_time=0 (race-window write or recycled-buffer tail). buf seq=0 count=1024
[mono_ns=7319671236245733][T0xf36cec6cdca0][WARN] copy_aicore_buffer: [chip_swimlane_collector.cpp:689] Core 28: skipped 1024 AICore record slot(s) with start_time=0 (race-window write or recycled-buffer tail). buf seq=0 count=1024
[mono_ns=7319671236254293][T0xf36ced6edca0][WARN] copy_aicore_buffer: [chip_swimlane_collector.cpp:689] Core 24: skipped 1024 AICore record slot(s) with start_time=0 (race-window write or recycled-buffer tail). buf seq=0 count=1024
[mono_ns=7319671236284204][T0xf36ceceddca0][WARN] copy_aicore_buffer: [chip_swimlane_collector.cpp:689] Core 26: skipped 1023 AICore record slot(s) with start_time=0 (race-window write or recycled-buffer tail). buf seq=0 count=1024
[mono_ns=7319671236525455][T0xf36cec6cdca0][WARN] copy_aicore_buffer: [chip_swimlane_collector.cpp:689] Core 29: skipped 1024 AICore record slot(s) with start_time=0 (race-window write or recycled-buffer tail). buf seq=0 count=1024
[mono_ns=7319671236535475][T0xf36ced6edca0][WARN] copy_aicore_buffer: [chip_swimlane_collector.cpp:689] Core 25: skipped 1024 AICore record slot(s) with start_time=0 (race-window write or recycled-buffer tail). buf seq=0 count=1024
[mono_ns=7319671236566345][T0xf36ceceddca0][WARN] copy_aicore_buffer: [chip_swimlane_collector.cpp:689] Core 27: skipped 1024 AICore record slot(s) with start_time=0 (race-window write or recycled-buffer tail). buf seq=0 count=1024
[mono_ns=7319671236803826][T0xf36cec6cdca0][WARN] copy_aicore_buffer: [chip_swimlane_collector.cpp:689] Core 5: skipped 1024 AICore record slot(s) with start_time=0 (race-window write or recycled-buffer tail). buf seq=0 count=1024
[mono_ns=7319671236813166][T0xf36ced6edca0][WARN] copy_aicore_buffer: [chip_swimlane_collector.cpp:689] Core 3: skipped 1024 AICore record slot(s) with start_time=0 (race-window write or recycled-buffer tail). buf seq=0 count=1024
[mono_ns=7319671236844186][T0xf36ceceddca0][WARN] copy_aicore_buffer: [chip_swimlane_collector.cpp:689] Core 4: skipped 1024 AICore record slot(s) with start_time=0 (race-window write or recycled-buffer tail). buf seq=0 count=1024
[mono_ns=7319671237089737][T0xf36cec6cdca0][WARN] copy_aicore_buffer: [chip_swimlane_collector.cpp:689] Core 34: skipped 1024 AICore record slot(s) with start_time=0 (race-window write or recycled-buffer tail). buf seq=0 count=1024
[mono_ns=7319671237105667][T0xf36ced6edca0][WARN] copy_aicore_buffer: [chip_swimlane_collector.cpp:689] Core 30: skipped 1024 AICore record slot(s) with start_time=0 (race-window write or recycled-buffer tail). buf seq=0 count=1024
[mono_ns=7319671237131117][T0xf36ceceddca0][WARN] copy_aicore_buffer: [chip_swimlane_collector.cpp:689] Core 32: skipped 1023 AICore record slot(s) with start_time=0 (race-window write or recycled-buffer tail). buf seq=0 count=1024
[mono_ns=7319671237370048][T0xf36cec6cdca0][WARN] copy_aicore_buffer: [chip_swimlane_collector.cpp:689] Core 35: skipped 1024 AICore record slot(s) with start_time=0 (race-window write or recycled-buffer tail). buf seq=0 count=1024
[mono_ns=7319671237383968][T0xf36ced6edca0][WARN] copy_aicore_buffer: [chip_swimlane_collector.cpp:689] Core 31: skipped 1024 AICore record slot(s) with start_time=0 (race-window write or recycled-buffer tail). buf seq=0 count=1024
[mono_ns=7319671237410988][T0xf36ceceddca0][WARN] copy_aicore_buffer: [chip_swimlane_collector.cpp:689] Core 33: skipped 1024 AICore record slot(s) with start_time=0 (race-window write or recycled-buffer tail). buf seq=0 count=1024
[mono_ns=7319671237648449][T0xf36cec6cdca0][WARN] copy_aicore_buffer: [chip_swimlane_collector.cpp:689] Core 8: skipped 1024 AICore record slot(s) with start_time=0 (race-window write or recycled-buffer tail). buf seq=0 count=1024
[mono_ns=7319671237661779][T0xf36ced6edca0][WARN] copy_aicore_buffer: [chip_swimlane_collector.cpp:689] Core 6: skipped 1024 AICore record slot(s) with start_time=0 (race-window write or recycled-buffer tail). buf seq=0 count=1024
[mono_ns=7319671237690979][T0xf36ceceddca0][WARN] copy_aicore_buffer: [chip_swimlane_collector.cpp:689] Core 7: skipped 1024 AICore record slot(s) with start_time=0 (race-window write or recycled-buffer tail). buf seq=0 count=1024
[mono_ns=7319671237931201][T0xf36cec6cdca0][WARN] copy_aicore_buffer: [chip_swimlane_collector.cpp:689] Core 40: skipped 1024 AICore record slot(s) with start_time=0 (race-window write or recycled-buffer tail). buf seq=0 count=1024
[mono_ns=7319671237940271][T0xf36ced6edca0][WARN] copy_aicore_buffer: [chip_swimlane_collector.cpp:689] Core 36: skipped 1024 AICore record slot(s) with start_time=0 (race-window write or recycled-buffer tail). buf seq=0 count=1024
[mono_ns=7319671237970891][T0xf36ceceddca0][WARN] copy_aicore_buffer: [chip_swimlane_collector.cpp:689] Core 38: skipped 1023 AICore record slot(s) with start_time=0 (race-window write or recycled-buffer tail). buf seq=0 count=1024
[mono_ns=7319671238220892][T0xf36cec6cdca0][WARN] copy_aicore_buffer: [chip_swimlane_collector.cpp:689] Core 41: skipped 1024 AICore record slot(s) with start_time=0 (race-window write or recycled-buffer tail). buf seq=0 count=1024
[mono_ns=7319671238229122][T0xf36ced6edca0][WARN] copy_aicore_buffer: [chip_swimlane_collector.cpp:689] Core 37: skipped 1024 AICore record slot(s) with start_time=0 (race-window write or recycled-buffer tail). buf seq=0 count=1024
[mono_ns=7319671238259072][T0xf36ceceddca0][WARN] copy_aicore_buffer: [chip_swimlane_collector.cpp:689] Core 39: skipped 1024 AICore record slot(s) with start_time=0 (race-window write or recycled-buffer tail). buf seq=0 count=1024
[mono_ns=7319671238501203][T0xf36cec6cdca0][WARN] copy_aicore_buffer: [chip_swimlane_collector.cpp:689] Core 11: skipped 1024 AICore record slot(s) with start_time=0 (race-window write or recycled-buffer tail). buf seq=0 count=1024
[mono_ns=7319671238508173][T0xf36ced6edca0][WARN] copy_aicore_buffer: [chip_swimlane_collector.cpp:689] Core 9: skipped 1024 AICore record slot(s) with start_time=0 (race-window write or recycled-buffer tail). buf seq=0 count=1024
[mono_ns=7319671238540113][T0xf36ceceddca0][WARN] copy_aicore_buffer: [chip_swimlane_collector.cpp:689] Core 10: skipped 1024 AICore record slot(s) with start_time=0 (race-window write or recycled-buffer tail). buf seq=0 count=1024
[mono_ns=7319671238779894][T0xf36cec6cdca0][WARN] copy_aicore_buffer: [chip_swimlane_collector.cpp:689] Core 46: skipped 1024 AICore record slot(s) with start_time=0 (race-window write or recycled-buffer tail). buf seq=0 count=1024
[mono_ns=7319671238787244][T0xf36ced6edca0][WARN] copy_aicore_buffer: [chip_swimlane_collector.cpp:689] Core 42: skipped 1024 AICore record slot(s) with start_time=0 (race-window write or recycled-buffer tail). buf seq=0 count=1024
[mono_ns=7319671238818864][T0xf36ceceddca0][WARN] copy_aicore_buffer: [chip_swimlane_collector.cpp:689] Core 44: skipped 1024 AICore record slot(s) with start_time=0 (race-window write or recycled-buffer tail). buf seq=0 count=1024
[mono_ns=7319671239065175][T0xf36cec6cdca0][WARN] copy_aicore_buffer: [chip_swimlane_collector.cpp:689] Core 47: skipped 1024 AICore record slot(s) with start_time=0 (race-window write or recycled-buffer tail). buf seq=0 count=1024
[mono_ns=7319671239073615][T0xf36ced6edca0][WARN] copy_aicore_buffer: [chip_swimlane_collector.cpp:689] Core 43: skipped 1024 AICore record slot(s) with start_time=0 (race-window write or recycled-buffer tail). buf seq=0 count=1024
[mono_ns=7319671239107686][T0xf36ceceddca0][WARN] copy_aicore_buffer: [chip_swimlane_collector.cpp:689] Core 45: skipped 1024 AICore record slot(s) with start_time=0 (race-window write or recycled-buffer tail). buf seq=0 count=1024
[mono_ns=7319671239343627][T0xf36cec6cdca0][WARN] copy_aicore_buffer: [chip_swimlane_collector.cpp:689] Core 14: skipped 1024 AICore record slot(s) with start_time=0 (race-window write or recycled-buffer tail). buf seq=0 count=1024
[mono_ns=7319671239352187][T0xf36ced6edca0][WARN] copy_aicore_buffer: [chip_swimlane_collector.cpp:689] Core 12: skipped 1024 AICore record slot(s) with start_time=0 (race-window write or recycled-buffer tail). buf seq=0 count=1024
[mono_ns=7319671239389867][T0xf36ceceddca0][WARN] copy_aicore_buffer: [chip_swimlane_collector.cpp:689] Core 13: skipped 1024 AICore record slot(s) with start_time=0 (race-window write or recycled-buffer tail). buf seq=0 count=1024
[mono_ns=7319671239623018][T0xf36cec6cdca0][WARN] copy_aicore_buffer: [chip_swimlane_collector.cpp:689] Core 52: skipped 1023 AICore record slot(s) with start_time=0 (race-window write or recycled-buffer tail). buf seq=0 count=1024
[mono_ns=7319671239631818][T0xf36ced6edca0][WARN] copy_aicore_buffer: [chip_swimlane_collector.cpp:689] Core 48: skipped 1024 AICore record slot(s) with start_time=0 (race-window write or recycled-buffer tail). buf seq=0 count=1024
[mono_ns=7319671239669048][T0xf36ceceddca0][WARN] copy_aicore_buffer: [chip_swimlane_collector.cpp:689] Core 50: skipped 1023 AICore record slot(s) with start_time=0 (race-window write or recycled-buffer tail). buf seq=0 count=1024
[mono_ns=7319671239901479][T0xf36cec6cdca0][WARN] copy_aicore_buffer: [chip_swimlane_collector.cpp:689] Core 53: skipped 1024 AICore record slot(s) with start_time=0 (race-window write or recycled-buffer tail). buf seq=0 count=1024
[mono_ns=7319671239910649][T0xf36ced6edca0][WARN] copy_aicore_buffer: [chip_swimlane_collector.cpp:689] Core 49: skipped 1024 AICore record slot(s) with start_time=0 (race-window write or recycled-buffer tail). buf seq=0 count=1024
[mono_ns=7319671239950859][T0xf36ceceddca0][WARN] copy_aicore_buffer: [chip_swimlane_collector.cpp:689] Core 51: skipped 1024 AICore record slot(s) with start_time=0 (race-window write or recycled-buffer tail). buf seq=0 count=1024
[mono_ns=7319671240187350][T0xf36cec6cdca0][WARN] copy_aicore_buffer: [chip_swimlane_collector.cpp:689] Core 17: skipped 1024 AICore record slot(s) with start_time=0 (race-window write or recycled-buffer tail). buf seq=0 count=1024
[mono_ns=7319671240194230][T0xf36ced6edca0][WARN] copy_aicore_buffer: [chip_swimlane_collector.cpp:689] Core 15: skipped 1024 AICore record slot(s) with start_time=0 (race-window write or recycled-buffer tail). buf seq=0 count=1024
[mono_ns=7319671240238380][T0xf36ceceddca0][WARN] copy_aicore_buffer: [chip_swimlane_collector.cpp:689] Core 16: skipped 1024 AICore record slot(s) with start_time=0 (race-window write or recycled-buffer tail). buf seq=0 count=1024
[mono_ns=7319671240465991][T0xf36cec6cdca0][WARN] copy_aicore_buffer: [chip_swimlane_collector.cpp:689] Core 58: skipped 1024 AICore record slot(s) with start_time=0 (race-window write or recycled-buffer tail). buf seq=0 count=1024
[mono_ns=7319671240473321][T0xf36ced6edca0][WARN] copy_aicore_buffer: [chip_swimlane_collector.cpp:689] Core 54: skipped 1024 AICore record slot(s) with start_time=0 (race-window write or recycled-buffer tail). buf seq=0 count=1024
[mono_ns=7319671240518092][T0xf36ceceddca0][WARN] copy_aicore_buffer: [chip_swimlane_collector.cpp:689] Core 56: skipped 1024 AICore record slot(s) with start_time=0 (race-window write or recycled-buffer tail). buf seq=0 count=1024
[mono_ns=7319671240746442][T0xf36cec6cdca0][WARN] copy_aicore_buffer: [chip_swimlane_collector.cpp:689] Core 59: skipped 1024 AICore record slot(s) with start_time=0 (race-window write or recycled-buffer tail). buf seq=0 count=1024
[mono_ns=7319671240760253][T0xf36ced6edca0][WARN] copy_aicore_buffer: [chip_swimlane_collector.cpp:689] Core 55: skipped 1024 AICore record slot(s) with start_time=0 (race-window write or recycled-buffer tail). buf seq=0 count=1024
[mono_ns=7319671240797603][T0xf36ceceddca0][WARN] copy_aicore_buffer: [chip_swimlane_collector.cpp:689] Core 57: skipped 1024 AICore record slot(s) with start_time=0 (race-window write or recycled-buffer tail). buf seq=0 count=1024
[mono_ns=7319671241032484][T0xf36cec6cdca0][WARN] copy_aicore_buffer: [chip_swimlane_collector.cpp:689] Core 20: skipped 1024 AICore record slot(s) with start_time=0 (race-window write or recycled-buffer tail). buf seq=0 count=1024
[mono_ns=7319671241053554][T0xf36ced6edca0][WARN] copy_aicore_buffer: [chip_swimlane_collector.cpp:689] Core 18: skipped 1024 AICore record slot(s) with start_time=0 (race-window write or recycled-buffer tail). buf seq=0 count=1024
[mono_ns=7319671241087874][T0xf36ceceddca0][WARN] copy_aicore_buffer: [chip_swimlane_collector.cpp:689] Core 19: skipped 1024 AICore record slot(s) with start_time=0 (race-window write or recycled-buffer tail). buf seq=0 count=1024
[mono_ns=7319671241312385][T0xf36cec6cdca0][WARN] copy_aicore_buffer: [chip_swimlane_collector.cpp:689] Core 64: skipped 1024 AICore record slot(s) with start_time=0 (race-window write or recycled-buffer tail). buf seq=0 count=1024
[mono_ns=7319671241333305][T0xf36ced6edca0][WARN] copy_aicore_buffer: [chip_swimlane_collector.cpp:689] Core 60: skipped 1024 AICore record slot(s) with start_time=0 (race-window write or recycled-buffer tail). buf seq=0 count=1024
[mono_ns=7319671241368925][T0xf36ceceddca0][WARN] copy_aicore_buffer: [chip_swimlane_collector.cpp:689] Core 62: skipped 1024 AICore record slot(s) with start_time=0 (race-window write or recycled-buffer tail). buf seq=0 count=1024
[mono_ns=7319671241594196][T0xf36cec6cdca0][WARN] copy_aicore_buffer: [chip_swimlane_collector.cpp:689] Core 65: skipped 1024 AICore record slot(s) with start_time=0 (race-window write or recycled-buffer tail). buf seq=0 count=1024
[mono_ns=7319671241611776][T0xf36ced6edca0][WARN] copy_aicore_buffer: [chip_swimlane_collector.cpp:689] Core 61: skipped 1024 AICore record slot(s) with start_time=0 (race-window write or recycled-buffer tail). buf seq=0 count=1024
[mono_ns=7319671241648666][T0xf36ceceddca0][WARN] copy_aicore_buffer: [chip_swimlane_collector.cpp:689] Core 63: skipped 1024 AICore record slot(s) with start_time=0 (race-window write or recycled-buffer tail). buf seq=0 count=1024
[mono_ns=7319671241873017][T0xf36cec6cdca0][WARN] copy_aicore_buffer: [chip_swimlane_collector.cpp:689] Core 23: skipped 1024 AICore record slot(s) with start_time=0 (race-window write or recycled-buffer tail). buf seq=0 count=1024
[mono_ns=7319671241892217][T0xf36ced6edca0][WARN] copy_aicore_buffer: [chip_swimlane_collector.cpp:689] Core 21: skipped 1024 AICore record slot(s) with start_time=0 (race-window write or recycled-buffer tail). buf seq=0 count=1024
[mono_ns=7319671241926417][T0xf36ceceddca0][WARN] copy_aicore_buffer: [chip_swimlane_collector.cpp:689] Core 22: skipped 1024 AICore record slot(s) with start_time=0 (race-window write or recycled-buffer tail). buf seq=0 count=1024
[mono_ns=7319671242161178][T0xf36cec6cdca0][WARN] copy_aicore_buffer: [chip_swimlane_collector.cpp:689] Core 70: skipped 1024 AICore record slot(s) with start_time=0 (race-window write or recycled-buffer tail). buf seq=0 count=1024
[mono_ns=7319671242182449][T0xf36ced6edca0][WARN] copy_aicore_buffer: [chip_swimlane_collector.cpp:689] Core 66: skipped 1024 AICore record slot(s) with start_time=0 (race-window write or recycled-buffer tail). buf seq=0 count=1024
[mono_ns=7319671242217279][T0xf36ceceddca0][WARN] copy_aicore_buffer: [chip_swimlane_collector.cpp:689] Core 68: skipped 1024 AICore record slot(s) with start_time=0 (race-window write or recycled-buffer tail). buf seq=0 count=1024
[mono_ns=7319671242441530][T0xf36cec6cdca0][WARN] copy_aicore_buffer: [chip_swimlane_collector.cpp:689] Core 71: skipped 1024 AICore record slot(s) with start_time=0 (race-window write or recycled-buffer tail). buf seq=0 count=1024
[mono_ns=7319671242462920][T0xf36ced6edca0][WARN] copy_aicore_buffer: [chip_swimlane_collector.cpp:689] Core 67: skipped 1024 AICore record slot(s) with start_time=0 (race-window write or recycled-buffer tail). buf seq=0 count=1024
[mono_ns=7319671242497480][T0xf36ceceddca0][WARN] copy_aicore_buffer: [chip_swimlane_collector.cpp:689] Core 69: skipped 1024 AICore record slot(s) with start_time=0 (race-window write or recycled-buffer tail). buf seq=0 count=1024
[mono_ns=7319671343127938][T0xf36e4a0b7020][TIMING] emit_host_span: [STRACE] v=1 pid=2155045 tid=2155045 inv=70 hid=9a0ce7c17a38dab depth=1 name=chip.run.runner_run ts=7319671234877148 dur=108237350 
[mono_ns=7319671343183748][T0xf36e4a0b7020][TIMING] emit_host_span: [STRACE] v=1 pid=2155045 tid=2155045 inv=70 hid=9a0ce7c17a38dab depth=1 name=chip.run.validate ts=7319671343145008 dur=35400 
[mono_ns=7319671343195608][T0xf36e4a0b7020][TIMING] emit_host_span: [STRACE] v=1 pid=2155045 tid=2155045 inv=70 hid=9a0ce7c17a38dab depth=2 name=chip.run.runner_run.device_wall ts=0 dur=648500 clk=dev
[mono_ns=7319671343200618][T0xf36e4a0b7020][TIMING] emit_host_span: [STRACE] v=1 pid=2155045 tid=2155045 inv=70 hid=9a0ce7c17a38dab depth=3 name=chip.run.runner_run.device_wall.preamble ts=0 dur=616160 clk=dev
[mono_ns=7319671343204878][T0xf36e4a0b7020][TIMING] emit_host_span: [STRACE] v=1 pid=2155045 tid=2155045 inv=70 hid=9a0ce7c17a38dab depth=3 name=chip.run.runner_run.device_wall.graph_build ts=611580 dur=26340 clk=dev
[mono_ns=7319671343209318][T0xf36e4a0b7020][TIMING] emit_host_span: [STRACE] v=1 pid=2155045 tid=2155045 inv=70 hid=9a0ce7c17a38dab depth=3 name=chip.run.runner_run.device_wall.config_validate ts=611680 dur=480 clk=dev
[mono_ns=7319671343213518][T0xf36e4a0b7020][TIMING] emit_host_span: [STRACE] v=1 pid=2155045 tid=2155045 inv=70 hid=9a0ce7c17a38dab depth=3 name=chip.run.runner_run.device_wall.arena_wire ts=612200 dur=260 clk=dev
[mono_ns=7319671343217718][T0xf36e4a0b7020][TIMING] emit_host_span: [STRACE] v=1 pid=2155045 tid=2155045 inv=70 hid=9a0ce7c17a38dab depth=3 name=chip.run.runner_run.device_wall.sm_reset ts=612480 dur=459 clk=dev
[mono_ns=7319671343221928][T0xf36e4a0b7020][TIMING] emit_host_span: [STRACE] v=1 pid=2155045 tid=2155045 inv=70 hid=9a0ce7c17a38dab depth=3 name=chip.run.runner_run.device_wall.post_orch ts=637980 dur=10400 clk=dev
[mono_ns=7319671343226158][T0xf36e4a0b7020][TIMING] emit_host_span: [STRACE] v=1 pid=2155045 tid=2155045 inv=70 hid=9a0ce7c17a38dab depth=3 name=chip.run.runner_run.device_wall.orch ts=612959 dur=1640 clk=dev
[mono_ns=7319671343236428][T0xf36e4a0b7020][TIMING] emit_host_span: [STRACE] v=1 pid=2155045 tid=2155045 inv=70 hid=9a0ce7c17a38dab depth=3 name=chip.run.runner_run.device_wall.sched ts=616319 dur=5540 clk=dev
[mono_ns=7319671343241888][T0xf36e4a0b7020][TIMING] emit_host_span: [STRACE] v=1 pid=2155045 tid=2155045 inv=70 hid=9a0ce7c17a38dab depth=1 name=chip.run.claim_release ts=7319671343239758 dur=380 
[mono_ns=7319671343247968][T0xf36e4a0b7020][TIMING] emit_host_span: [STRACE] v=1 pid=2155045 tid=2155045 inv=70 hid=9a0ce7c17a38dab depth=0 name=chip.run ts=7319671234384635 dur=108861243 run_id=18 dispatch_id=70 slot_id=0 generation=18 run_epoch=70
[mono_ns=7319671343698330][T0xf36e4a0b7020][TIMING] emit_host_span: [STRACE] v=1 pid=2155045 tid=2155045 inv=71 hid=aa636548c65ca6a1 depth=2 name=chip.run.bind.args ts=7319671343644960 dur=48580 
[mono_ns=7319671343714490][T0xf36e4a0b7020][TIMING] emit_host_span: [STRACE] v=1 pid=2155045 tid=2155045 inv=71 hid=aa636548c65ca6a1 depth=2 name=chip.run.bind.prebuilt ts=7319671343708940 dur=3330 
[mono_ns=7319671343719850][T0xf36e4a0b7020][TIMING] emit_host_span: [STRACE] v=1 pid=2155045 tid=2155045 inv=71 hid=aa636548c65ca6a1 depth=1 name=chip.run.bind ts=7319671343632760 dur=84620 
[mono_ns=7319671352620798][T0xf36e4a0b7020][TIMING] emit_host_span: [STRACE] v=1 pid=2155045 tid=2155045 inv=71 hid=aa636548c65ca6a1 depth=1 name=chip.run.runner_run ts=7319671343975851 dur=8634087 
[mono_ns=7319671352670958][T0xf36e4a0b7020][TIMING] emit_host_span: [STRACE] v=1 pid=2155045 tid=2155045 inv=71 hid=aa636548c65ca6a1 depth=1 name=chip.run.validate ts=7319671352641648 dur=25900 
[mono_ns=7319671352681698][T0xf36e4a0b7020][TIMING] emit_host_span: [STRACE] v=1 pid=2155045 tid=2155045 inv=71 hid=aa636548c65ca6a1 depth=2 name=chip.run.runner_run.device_wall ts=0 dur=8281559 clk=dev
[mono_ns=7319671352686319][T0xf36e4a0b7020][TIMING] emit_host_span: [STRACE] v=1 pid=2155045 tid=2155045 inv=71 hid=aa636548c65ca6a1 depth=3 name=chip.run.runner_run.device_wall.preamble ts=0 dur=4700 clk=dev
[mono_ns=7319671352690849][T0xf36e4a0b7020][TIMING] emit_host_span: [STRACE] v=1 pid=2155045 tid=2155045 inv=71 hid=aa636548c65ca6a1 depth=3 name=chip.run.runner_run.device_wall.graph_build ts=1040 dur=8270440 clk=dev
[mono_ns=7319671352694289][T0xf36e4a0b7020][TIMING] emit_host_span: [STRACE] v=1 pid=2155045 tid=2155045 inv=71 hid=aa636548c65ca6a1 depth=3 name=chip.run.runner_run.device_wall.config_validate ts=1140 dur=560 clk=dev
[mono_ns=7319671352697599][T0xf36e4a0b7020][TIMING] emit_host_span: [STRACE] v=1 pid=2155045 tid=2155045 inv=71 hid=aa636548c65ca6a1 depth=3 name=chip.run.runner_run.device_wall.arena_wire ts=1839 dur=240 clk=dev
[mono_ns=7319671352701649][T0xf36e4a0b7020][TIMING] emit_host_span: [STRACE] v=1 pid=2155045 tid=2155045 inv=71 hid=aa636548c65ca6a1 depth=3 name=chip.run.runner_run.device_wall.sm_reset ts=2120 dur=440 clk=dev
[mono_ns=7319671352706419][T0xf36e4a0b7020][TIMING] emit_host_span: [STRACE] v=1 pid=2155045 tid=2155045 inv=71 hid=aa636548c65ca6a1 depth=3 name=chip.run.runner_run.device_wall.post_orch ts=8271540 dur=9900 clk=dev
[mono_ns=7319671352711999][T0xf36e4a0b7020][TIMING] emit_host_span: [STRACE] v=1 pid=2155045 tid=2155045 inv=71 hid=aa636548c65ca6a1 depth=3 name=chip.run.runner_run.device_wall.orch ts=2600 dur=2179 clk=dev
[mono_ns=7319671352716259][T0xf36e4a0b7020][TIMING] emit_host_span: [STRACE] v=1 pid=2155045 tid=2155045 inv=71 hid=aa636548c65ca6a1 depth=3 name=chip.run.runner_run.device_wall.sched ts=4819 dur=8259500 clk=dev
[mono_ns=7319671352720279][T0xf36e4a0b7020][TIMING] emit_host_span: [STRACE] v=1 pid=2155045 tid=2155045 inv=71 hid=aa636548c65ca6a1 depth=1 name=chip.run.claim_release ts=7319671352718099 dur=230 
[mono_ns=7319671352726729][T0xf36e4a0b7020][TIMING] emit_host_span: [STRACE] v=1 pid=2155045 tid=2155045 inv=71 hid=aa636548c65ca6a1 depth=0 name=chip.run ts=7319671343590710 dur=9134089 run_id=18 dispatch_id=71 slot_id=0 generation=18 run_epoch=71
[mono_ns=7319671353991124][T0xf36e4a0b7020][TIMING] emit_host_span: [STRACE] v=1 pid=2155045 tid=2155045 inv=72 hid=e3bcbf8fce8ee77f depth=2 name=chip.run.bind.args ts=7319671353920624 dur=64970 
[mono_ns=7319671354020384][T0xf36e4a0b7020][TIMING] emit_host_span: [STRACE] v=1 pid=2155045 tid=2155045 inv=72 hid=e3bcbf8fce8ee77f depth=2 name=chip.run.bind.prebuilt ts=7319671354014664 dur=2440 
[mono_ns=7319671354025554][T0xf36e4a0b7020][TIMING] emit_host_span: [STRACE] v=1 pid=2155045 tid=2155045 inv=72 hid=e3bcbf8fce8ee77f depth=1 name=chip.run.bind ts=7319671353912154 dur=111240 
[mono_ns=7319671355434130][T0xf36ceceddca0][WARN] copy_aicore_buffer: [chip_swimlane_collector.cpp:689] Core 1: skipped 1024 AICore record slot(s) with start_time=0 (race-window write or recycled-buffer tail). buf seq=0 count=1024
[mono_ns=7319671355438970][T0xf36ced6edca0][WARN] copy_aicore_buffer: [chip_swimlane_collector.cpp:689] Core 0: skipped 1024 AICore record slot(s) with start_time=0 (race-window write or recycled-buffer tail). buf seq=0 count=1024
[mono_ns=7319671355453860][T0xf36cec6cdca0][WARN] copy_aicore_buffer: [chip_swimlane_collector.cpp:689] Core 2: skipped 1024 AICore record slot(s) with start_time=0 (race-window write or recycled-buffer tail). buf seq=0 count=1024
[mono_ns=7319671355718051][T0xf36ceceddca0][WARN] copy_aicore_buffer: [chip_swimlane_collector.cpp:689] Core 26: skipped 1024 AICore record slot(s) with start_time=0 (race-window write or recycled-buffer tail). buf seq=0 count=1024
[mono_ns=7319671355722311][T0xf36ced6edca0][WARN] copy_aicore_buffer: [chip_swimlane_collector.cpp:689] Core 24: skipped 1024 AICore record slot(s) with start_time=0 (race-window write or recycled-buffer tail). buf seq=0 count=1024
[mono_ns=7319671355736061][T0xf36cec6cdca0][WARN] copy_aicore_buffer: [chip_swimlane_collector.cpp:689] Core 28: skipped 1023 AICore record slot(s) with start_time=0 (race-window write or recycled-buffer tail). buf seq=0 count=1024
[mono_ns=7319671355997173][T0xf36ceceddca0][WARN] copy_aicore_buffer: [chip_swimlane_collector.cpp:689] Core 27: skipped 1024 AICore record slot(s) with start_time=0 (race-window write or recycled-buffer tail). buf seq=0 count=1024
[mono_ns=7319671356021023][T0xf36ced6edca0][WARN] copy_aicore_buffer: [chip_swimlane_collector.cpp:689] Core 25: skipped 1024 AICore record slot(s) with start_time=0 (race-window write or recycled-buffer tail). buf seq=0 count=1024
[mono_ns=7319671356071453][T0xf36cec6cdca0][WARN] copy_aicore_buffer: [chip_swimlane_collector.cpp:689] Core 29: skipped 1024 AICore record slot(s) with start_time=0 (race-window write or recycled-buffer tail). buf seq=0 count=1024
[mono_ns=7319671356290564][T0xf36ceceddca0][WARN] copy_aicore_buffer: [chip_swimlane_collector.cpp:689] Core 4: skipped 1024 AICore record slot(s) with start_time=0 (race-window write or recycled-buffer tail). buf seq=0 count=1024
[mono_ns=7319671356299304][T0xf36ced6edca0][WARN] copy_aicore_buffer: [chip_swimlane_collector.cpp:689] Core 3: skipped 1024 AICore record slot(s) with start_time=0 (race-window write or recycled-buffer tail). buf seq=0 count=1024
[mono_ns=7319671356351514][T0xf36cec6cdca0][WARN] copy_aicore_buffer: [chip_swimlane_collector.cpp:689] Core 5: skipped 1024 AICore record slot(s) with start_time=0 (race-window write or recycled-buffer tail). buf seq=0 count=1024
[mono_ns=7319671356571985][T0xf36ceceddca0][WARN] copy_aicore_buffer: [chip_swimlane_collector.cpp:689] Core 32: skipped 1023 AICore record slot(s) with start_time=0 (race-window write or recycled-buffer tail). buf seq=0 count=1024
[mono_ns=7319671356577745][T0xf36ced6edca0][WARN] copy_aicore_buffer: [chip_swimlane_collector.cpp:689] Core 30: skipped 1024 AICore record slot(s) with start_time=0 (race-window write or recycled-buffer tail). buf seq=0 count=1024
[mono_ns=7319671356630875][T0xf36cec6cdca0][WARN] copy_aicore_buffer: [chip_swimlane_collector.cpp:689] Core 34: skipped 1024 AICore record slot(s) with start_time=0 (race-window write or recycled-buffer tail). buf seq=0 count=1024
[mono_ns=7319671356851496][T0xf36ceceddca0][WARN] copy_aicore_buffer: [chip_swimlane_collector.cpp:689] Core 33: skipped 1024 AICore record slot(s) with start_time=0 (race-window write or recycled-buffer tail). buf seq=0 count=1024
[mono_ns=7319671356856336][T0xf36ced6edca0][WARN] copy_aicore_buffer: [chip_swimlane_collector.cpp:689] Core 31: skipped 1024 AICore record slot(s) with start_time=0 (race-window write or recycled-buffer tail). buf seq=0 count=1024
[mono_ns=7319671356910096][T0xf36cec6cdca0][WARN] copy_aicore_buffer: [chip_swimlane_collector.cpp:689] Core 35: skipped 1024 AICore record slot(s) with start_time=0 (race-window write or recycled-buffer tail). buf seq=0 count=1024
[mono_ns=7319671357149047][T0xf36ceceddca0][WARN] copy_aicore_buffer: [chip_swimlane_collector.cpp:689] Core 7: skipped 1024 AICore record slot(s) with start_time=0 (race-window write or recycled-buffer tail). buf seq=0 count=1024
[mono_ns=7319671357152897][T0xf36ced6edca0][WARN] copy_aicore_buffer: [chip_swimlane_collector.cpp:689] Core 6: skipped 1023 AICore record slot(s) with start_time=0 (race-window write or recycled-buffer tail). buf seq=0 count=1024
[mono_ns=7319671357205858][T0xf36cec6cdca0][WARN] copy_aicore_buffer: [chip_swimlane_collector.cpp:689] Core 8: skipped 1024 AICore record slot(s) with start_time=0 (race-window write or recycled-buffer tail). buf seq=0 count=1024
[mono_ns=7319671357429439][T0xf36ceceddca0][WARN] copy_aicore_buffer: [chip_swimlane_collector.cpp:689] Core 38: skipped 1024 AICore record slot(s) with start_time=0 (race-window write or recycled-buffer tail). buf seq=0 count=1024
[mono_ns=7319671357433689][T0xf36ced6edca0][WARN] copy_aicore_buffer: [chip_swimlane_collector.cpp:689] Core 36: skipped 1024 AICore record slot(s) with start_time=0 (race-window write or recycled-buffer tail). buf seq=0 count=1024
[mono_ns=7319671357485229][T0xf36cec6cdca0][WARN] copy_aicore_buffer: [chip_swimlane_collector.cpp:689] Core 40: skipped 1024 AICore record slot(s) with start_time=0 (race-window write or recycled-buffer tail). buf seq=0 count=1024
[mono_ns=7319671357707690][T0xf36ceceddca0][WARN] copy_aicore_buffer: [chip_swimlane_collector.cpp:689] Core 39: skipped 1024 AICore record slot(s) with start_time=0 (race-window write or recycled-buffer tail). buf seq=0 count=1024
[mono_ns=7319671357712820][T0xf36ced6edca0][WARN] copy_aicore_buffer: [chip_swimlane_collector.cpp:689] Core 37: skipped 1024 AICore record slot(s) with start_time=0 (race-window write or recycled-buffer tail). buf seq=0 count=1024
[mono_ns=7319671357768860][T0xf36cec6cdca0][WARN] copy_aicore_buffer: [chip_swimlane_collector.cpp:689] Core 41: skipped 1024 AICore record slot(s) with start_time=0 (race-window write or recycled-buffer tail). buf seq=0 count=1024
[mono_ns=7319671357988001][T0xf36ceceddca0][WARN] copy_aicore_buffer: [chip_swimlane_collector.cpp:689] Core 10: skipped 1024 AICore record slot(s) with start_time=0 (race-window write or recycled-buffer tail). buf seq=0 count=1024
[mono_ns=7319671357992171][T0xf36ced6edca0][WARN] copy_aicore_buffer: [chip_swimlane_collector.cpp:689] Core 9: skipped 1024 AICore record slot(s) with start_time=0 (race-window write or recycled-buffer tail). buf seq=0 count=1024
[mono_ns=7319671358055991][T0xf36cec6cdca0][WARN] copy_aicore_buffer: [chip_swimlane_collector.cpp:689] Core 11: skipped 1023 AICore record slot(s) with start_time=0 (race-window write or recycled-buffer tail). buf seq=0 count=1024
[mono_ns=7319671358274072][T0xf36ceceddca0][WARN] copy_aicore_buffer: [chip_swimlane_collector.cpp:689] Core 44: skipped 1023 AICore record slot(s) with start_time=0 (race-window write or recycled-buffer tail). buf seq=0 count=1024
[mono_ns=7319671358277582][T0xf36ced6edca0][WARN] copy_aicore_buffer: [chip_swimlane_collector.cpp:689] Core 42: skipped 1024 AICore record slot(s) with start_time=0 (race-window write or recycled-buffer tail). buf seq=0 count=1024
[mono_ns=7319671358333783][T0xf36cec6cdca0][WARN] copy_aicore_buffer: [chip_swimlane_collector.cpp:689] Core 46: skipped 1024 AICore record slot(s) with start_time=0 (race-window write or recycled-buffer tail). buf seq=0 count=1024
[mono_ns=7319671358558833][T0xf36ceceddca0][WARN] copy_aicore_buffer: [chip_swimlane_collector.cpp:689] Core 45: skipped 1024 AICore record slot(s) with start_time=0 (race-window write or recycled-buffer tail). buf seq=0 count=1024
[mono_ns=7319671358564804][T0xf36ced6edca0][WARN] copy_aicore_buffer: [chip_swimlane_collector.cpp:689] Core 43: skipped 1024 AICore record slot(s) with start_time=0 (race-window write or recycled-buffer tail). buf seq=0 count=1024
[mono_ns=7319671358614334][T0xf36cec6cdca0][WARN] copy_aicore_buffer: [chip_swimlane_collector.cpp:689] Core 47: skipped 1024 AICore record slot(s) with start_time=0 (race-window write or recycled-buffer tail). buf seq=0 count=1024
[mono_ns=7319671358837635][T0xf36ceceddca0][WARN] copy_aicore_buffer: [chip_swimlane_collector.cpp:689] Core 13: skipped 1024 AICore record slot(s) with start_time=0 (race-window write or recycled-buffer tail). buf seq=0 count=1024
[mono_ns=7319671358843755][T0xf36ced6edca0][WARN] copy_aicore_buffer: [chip_swimlane_collector.cpp:689] Core 12: skipped 1024 AICore record slot(s) with start_time=0 (race-window write or recycled-buffer tail). buf seq=0 count=1024
[mono_ns=7319671358892925][T0xf36cec6cdca0][WARN] copy_aicore_buffer: [chip_swimlane_collector.cpp:689] Core 14: skipped 1024 AICore record slot(s) with start_time=0 (race-window write or recycled-buffer tail). buf seq=0 count=1024
[mono_ns=7319671359127256][T0xf36ceceddca0][WARN] copy_aicore_buffer: [chip_swimlane_collector.cpp:689] Core 50: skipped 1024 AICore record slot(s) with start_time=0 (race-window write or recycled-buffer tail). buf seq=0 count=1024
[mono_ns=7319671359133256][T0xf36ced6edca0][WARN] copy_aicore_buffer: [chip_swimlane_collector.cpp:689] Core 48: skipped 1024 AICore record slot(s) with start_time=0 (race-window write or recycled-buffer tail). buf seq=0 count=1024
[mono_ns=7319671359182596][T0xf36cec6cdca0][WARN] copy_aicore_buffer: [chip_swimlane_collector.cpp:689] Core 52: skipped 1024 AICore record slot(s) with start_time=0 (race-window write or recycled-buffer tail). buf seq=0 count=1024
[mono_ns=7319671359408067][T0xf36ceceddca0][WARN] copy_aicore_buffer: [chip_swimlane_collector.cpp:689] Core 51: skipped 1024 AICore record slot(s) with start_time=0 (race-window write or recycled-buffer tail). buf seq=0 count=1024
[mono_ns=7319671359413257][T0xf36ced6edca0][WARN] copy_aicore_buffer: [chip_swimlane_collector.cpp:689] Core 49: skipped 1024 AICore record slot(s) with start_time=0 (race-window write or recycled-buffer tail). buf seq=0 count=1024
[mono_ns=7319671359461487][T0xf36cec6cdca0][WARN] copy_aicore_buffer: [chip_swimlane_collector.cpp:689] Core 53: skipped 1024 AICore record slot(s) with start_time=0 (race-window write or recycled-buffer tail). buf seq=0 count=1024
[mono_ns=7319671359689868][T0xf36ceceddca0][WARN] copy_aicore_buffer: [chip_swimlane_collector.cpp:689] Core 16: skipped 1024 AICore record slot(s) with start_time=0 (race-window write or recycled-buffer tail). buf seq=0 count=1024
[mono_ns=7319671359692108][T0xf36ced6edca0][WARN] copy_aicore_buffer: [chip_swimlane_collector.cpp:689] Core 15: skipped 1024 AICore record slot(s) with start_time=0 (race-window write or recycled-buffer tail). buf seq=0 count=1024
[mono_ns=7319671359740979][T0xf36cec6cdca0][WARN] copy_aicore_buffer: [chip_swimlane_collector.cpp:689] Core 17: skipped 1024 AICore record slot(s) with start_time=0 (race-window write or recycled-buffer tail). buf seq=0 count=1024
[mono_ns=7319671359969109][T0xf36ceceddca0][WARN] copy_aicore_buffer: [chip_swimlane_collector.cpp:689] Core 56: skipped 1024 AICore record slot(s) with start_time=0 (race-window write or recycled-buffer tail). buf seq=0 count=1024
[mono_ns=7319671359972669][T0xf36ced6edca0][WARN] copy_aicore_buffer: [chip_swimlane_collector.cpp:689] Core 54: skipped 1024 AICore record slot(s) with start_time=0 (race-window write or recycled-buffer tail). buf seq=0 count=1024
[mono_ns=7319671360027240][T0xf36cec6cdca0][WARN] copy_aicore_buffer: [chip_swimlane_collector.cpp:689] Core 58: skipped 1024 AICore record slot(s) with start_time=0 (race-window write or recycled-buffer tail). buf seq=0 count=1024
[mono_ns=7319671360257671][T0xf36ceceddca0][WARN] copy_aicore_buffer: [chip_swimlane_collector.cpp:689] Core 57: skipped 1024 AICore record slot(s) with start_time=0 (race-window write or recycled-buffer tail). buf seq=0 count=1024
[mono_ns=7319671360261441][T0xf36ced6edca0][WARN] copy_aicore_buffer: [chip_swimlane_collector.cpp:689] Core 55: skipped 1024 AICore record slot(s) with start_time=0 (race-window write or recycled-buffer tail). buf seq=0 count=1024
[mono_ns=7319671360306061][T0xf36cec6cdca0][WARN] copy_aicore_buffer: [chip_swimlane_collector.cpp:689] Core 59: skipped 1023 AICore record slot(s) with start_time=0 (race-window write or recycled-buffer tail). buf seq=0 count=1024
[mono_ns=7319671360537412][T0xf36ceceddca0][WARN] copy_aicore_buffer: [chip_swimlane_collector.cpp:689] Core 19: skipped 1024 AICore record slot(s) with start_time=0 (race-window write or recycled-buffer tail). buf seq=0 count=1024
[mono_ns=7319671360541482][T0xf36ced6edca0][WARN] copy_aicore_buffer: [chip_swimlane_collector.cpp:689] Core 18: skipped 1024 AICore record slot(s) with start_time=0 (race-window write or recycled-buffer tail). buf seq=0 count=1024
[mono_ns=7319671360584982][T0xf36cec6cdca0][WARN] copy_aicore_buffer: [chip_swimlane_collector.cpp:689] Core 20: skipped 1024 AICore record slot(s) with start_time=0 (race-window write or recycled-buffer tail). buf seq=0 count=1024
[mono_ns=7319671360818243][T0xf36ceceddca0][WARN] copy_aicore_buffer: [chip_swimlane_collector.cpp:689] Core 62: skipped 1024 AICore record slot(s) with start_time=0 (race-window write or recycled-buffer tail). buf seq=0 count=1024
[mono_ns=7319671360821393][T0xf36ced6edca0][WARN] copy_aicore_buffer: [chip_swimlane_collector.cpp:689] Core 60: skipped 1024 AICore record slot(s) with start_time=0 (race-window write or recycled-buffer tail). buf seq=0 count=1024
[mono_ns=7319671360863363][T0xf36cec6cdca0][WARN] copy_aicore_buffer: [chip_swimlane_collector.cpp:689] Core 64: skipped 1024 AICore record slot(s) with start_time=0 (race-window write or recycled-buffer tail). buf seq=0 count=1024
[mono_ns=7319671361107104][T0xf36ceceddca0][WARN] copy_aicore_buffer: [chip_swimlane_collector.cpp:689] Core 63: skipped 1024 AICore record slot(s) with start_time=0 (race-window write or recycled-buffer tail). buf seq=0 count=1024
[mono_ns=7319671361113354][T0xf36ced6edca0][WARN] copy_aicore_buffer: [chip_swimlane_collector.cpp:689] Core 61: skipped 1024 AICore record slot(s) with start_time=0 (race-window write or recycled-buffer tail). buf seq=0 count=1024
[mono_ns=7319671361151355][T0xf36cec6cdca0][WARN] copy_aicore_buffer: [chip_swimlane_collector.cpp:689] Core 65: skipped 1024 AICore record slot(s) with start_time=0 (race-window write or recycled-buffer tail). buf seq=0 count=1024
[mono_ns=7319671361386756][T0xf36ceceddca0][WARN] copy_aicore_buffer: [chip_swimlane_collector.cpp:689] Core 22: skipped 1024 AICore record slot(s) with start_time=0 (race-window write or recycled-buffer tail). buf seq=0 count=1024
[mono_ns=7319671361391146][T0xf36ced6edca0][WARN] copy_aicore_buffer: [chip_swimlane_collector.cpp:689] Core 21: skipped 1024 AICore record slot(s) with start_time=0 (race-window write or recycled-buffer tail). buf seq=0 count=1024
[mono_ns=7319671361430836][T0xf36cec6cdca0][WARN] copy_aicore_buffer: [chip_swimlane_collector.cpp:689] Core 23: skipped 1024 AICore record slot(s) with start_time=0 (race-window write or recycled-buffer tail). buf seq=0 count=1024
[mono_ns=7319671361665867][T0xf36ceceddca0][WARN] copy_aicore_buffer: [chip_swimlane_collector.cpp:689] Core 68: skipped 1024 AICore record slot(s) with start_time=0 (race-window write or recycled-buffer tail). buf seq=0 count=1024
[mono_ns=7319671361670457][T0xf36ced6edca0][WARN] copy_aicore_buffer: [chip_swimlane_collector.cpp:689] Core 66: skipped 1024 AICore record slot(s) with start_time=0 (race-window write or recycled-buffer tail). buf seq=0 count=1024
[mono_ns=7319671361709177][T0xf36cec6cdca0][WARN] copy_aicore_buffer: [chip_swimlane_collector.cpp:689] Core 70: skipped 1024 AICore record slot(s) with start_time=0 (race-window write or recycled-buffer tail). buf seq=0 count=1024
[mono_ns=7319671361945148][T0xf36ceceddca0][WARN] copy_aicore_buffer: [chip_swimlane_collector.cpp:689] Core 69: skipped 1024 AICore record slot(s) with start_time=0 (race-window write or recycled-buffer tail). buf seq=0 count=1024
[mono_ns=7319671361949548][T0xf36ced6edca0][WARN] copy_aicore_buffer: [chip_swimlane_collector.cpp:689] Core 67: skipped 1024 AICore record slot(s) with start_time=0 (race-window write or recycled-buffer tail). buf seq=0 count=1024
[mono_ns=7319671361988018][T0xf36cec6cdca0][WARN] copy_aicore_buffer: [chip_swimlane_collector.cpp:689] Core 71: skipped 1024 AICore record slot(s) with start_time=0 (race-window write or recycled-buffer tail). buf seq=0 count=1024
[mono_ns=7319671462804077][T0xf36e4a0b7020][TIMING] emit_host_span: [STRACE] v=1 pid=2155045 tid=2155045 inv=72 hid=e3bcbf8fce8ee77f depth=1 name=chip.run.runner_run ts=7319671354332036 dur=108456191 
[mono_ns=7319671463638720][T0xf36e4a0b7020][TIMING] emit_host_span: [STRACE] v=1 pid=2155045 tid=2155045 inv=72 hid=e3bcbf8fce8ee77f depth=1 name=chip.run.validate ts=7319671462823897 dur=808373 
[mono_ns=7319671463652790][T0xf36e4a0b7020][TIMING] emit_host_span: [STRACE] v=1 pid=2155045 tid=2155045 inv=72 hid=e3bcbf8fce8ee77f depth=2 name=chip.run.runner_run.device_wall ts=0 dur=693200 clk=dev
[mono_ns=7319671463657640][T0xf36e4a0b7020][TIMING] emit_host_span: [STRACE] v=1 pid=2155045 tid=2155045 inv=72 hid=e3bcbf8fce8ee77f depth=3 name=chip.run.runner_run.device_wall.preamble ts=0 dur=614060 clk=dev
[mono_ns=7319671463662430][T0xf36e4a0b7020][TIMING] emit_host_span: [STRACE] v=1 pid=2155045 tid=2155045 inv=72 hid=e3bcbf8fce8ee77f depth=3 name=chip.run.runner_run.device_wall.graph_build ts=610300 dur=72020 clk=dev
[mono_ns=7319671463666260][T0xf36e4a0b7020][TIMING] emit_host_span: [STRACE] v=1 pid=2155045 tid=2155045 inv=72 hid=e3bcbf8fce8ee77f depth=3 name=chip.run.runner_run.device_wall.config_validate ts=610400 dur=500 clk=dev
[mono_ns=7319671463682061][T0xf36e4a0b7020][TIMING] emit_host_span: [STRACE] v=1 pid=2155045 tid=2155045 inv=72 hid=e3bcbf8fce8ee77f depth=3 name=chip.run.runner_run.device_wall.arena_wire ts=610920 dur=240 clk=dev
[mono_ns=7319671463685901][T0xf36e4a0b7020][TIMING] emit_host_span: [STRACE] v=1 pid=2155045 tid=2155045 inv=72 hid=e3bcbf8fce8ee77f depth=3 name=chip.run.runner_run.device_wall.sm_reset ts=611200 dur=420 clk=dev
[mono_ns=7319671463689761][T0xf36e4a0b7020][TIMING] emit_host_span: [STRACE] v=1 pid=2155045 tid=2155045 inv=72 hid=e3bcbf8fce8ee77f depth=3 name=chip.run.runner_run.device_wall.post_orch ts=682360 dur=10740 clk=dev
[mono_ns=7319671463693781][T0xf36e4a0b7020][TIMING] emit_host_span: [STRACE] v=1 pid=2155045 tid=2155045 inv=72 hid=e3bcbf8fce8ee77f depth=3 name=chip.run.runner_run.device_wall.orch ts=611660 dur=2080 clk=dev
[mono_ns=7319671463697461][T0xf36e4a0b7020][TIMING] emit_host_span: [STRACE] v=1 pid=2155045 tid=2155045 inv=72 hid=e3bcbf8fce8ee77f depth=3 name=chip.run.runner_run.device_wall.sched ts=614280 dur=51339 clk=dev
[mono_ns=7319671463703671][T0xf36e4a0b7020][TIMING] emit_host_span: [STRACE] v=1 pid=2155045 tid=2155045 inv=72 hid=e3bcbf8fce8ee77f depth=1 name=chip.run.claim_release ts=7319671463701271 dur=630 
[mono_ns=7319671463709581][T0xf36e4a0b7020][TIMING] emit_host_span: [STRACE] v=1 pid=2155045 tid=2155045 inv=72 hid=e3bcbf8fce8ee77f depth=0 name=chip.run ts=7319671353879184 dur=109828217 run_id=18 dispatch_id=72 slot_id=0 generation=18 run_epoch=72
[mono_ns=7319685814229389][T0xf36e4a0b7020][TIMING] emit_host_span: [STRACE] v=1 pid=2155045 tid=2155045 inv=73 hid=7330127d2e7be9ea depth=2 name=chip.run.bind.args ts=7319685813374465 dur=846404 
[mono_ns=7319685814260329][T0xf36e4a0b7020][TIMING] emit_host_span: [STRACE] v=1 pid=2155045 tid=2155045 inv=73 hid=7330127d2e7be9ea depth=2 name=chip.run.bind.prebuilt ts=7319685814252569 dur=5190 
[mono_ns=7319685814266419][T0xf36e4a0b7020][TIMING] emit_host_span: [STRACE] v=1 pid=2155045 tid=2155045 inv=73 hid=7330127d2e7be9ea depth=1 name=chip.run.bind ts=7319685813360285 dur=903024 
[mono_ns=7319685919239386][T0xf36e4a0b7020][TIMING] emit_host_span: [STRACE] v=1 pid=2155045 tid=2155045 inv=73 hid=7330127d2e7be9ea depth=1 name=chip.run.runner_run ts=7319685814615481 dur=104610305 
[mono_ns=7319685919297896][T0xf36e4a0b7020][TIMING] emit_host_span: [STRACE] v=1 pid=2155045 tid=2155045 inv=73 hid=7330127d2e7be9ea depth=1 name=chip.run.validate ts=7319685919255496 dur=38830 
[mono_ns=7319685919303896][T0xf36e4a0b7020][TIMING] emit_host_span: [STRACE] v=1 pid=2155045 tid=2155045 inv=73 hid=7330127d2e7be9ea depth=2 name=chip.run.runner_run.device_wall ts=0 dur=138920 clk=dev
[mono_ns=7319685919309506][T0xf36e4a0b7020][TIMING] emit_host_span: [STRACE] v=1 pid=2155045 tid=2155045 inv=73 hid=7330127d2e7be9ea depth=3 name=chip.run.runner_run.device_wall.preamble ts=0 dur=6840 clk=dev
[mono_ns=7319685919313696][T0xf36e4a0b7020][TIMING] emit_host_span: [STRACE] v=1 pid=2155045 tid=2155045 inv=73 hid=7330127d2e7be9ea depth=3 name=chip.run.runner_run.device_wall.graph_build ts=1120 dur=126780 clk=dev
[mono_ns=7319685919318066][T0xf36e4a0b7020][TIMING] emit_host_span: [STRACE] v=1 pid=2155045 tid=2155045 inv=73 hid=7330127d2e7be9ea depth=3 name=chip.run.runner_run.device_wall.config_validate ts=1240 dur=880 clk=dev
[mono_ns=7319685919327766][T0xf36e4a0b7020][TIMING] emit_host_span: [STRACE] v=1 pid=2155045 tid=2155045 inv=73 hid=7330127d2e7be9ea depth=3 name=chip.run.runner_run.device_wall.arena_wire ts=2139 dur=1220 clk=dev
[mono_ns=7319685919331816][T0xf36e4a0b7020][TIMING] emit_host_span: [STRACE] v=1 pid=2155045 tid=2155045 inv=73 hid=7330127d2e7be9ea depth=3 name=chip.run.runner_run.device_wall.sm_reset ts=3380 dur=1720 clk=dev
[mono_ns=7319685919336626][T0xf36e4a0b7020][TIMING] emit_host_span: [STRACE] v=1 pid=2155045 tid=2155045 inv=73 hid=7330127d2e7be9ea depth=3 name=chip.run.runner_run.device_wall.post_orch ts=127960 dur=10780 clk=dev
[mono_ns=7319685919340146][T0xf36e4a0b7020][TIMING] emit_host_span: [STRACE] v=1 pid=2155045 tid=2155045 inv=73 hid=7330127d2e7be9ea depth=3 name=chip.run.runner_run.device_wall.orch ts=6160 dur=6780 clk=dev
[mono_ns=7319685919343436][T0xf36e4a0b7020][TIMING] emit_host_span: [STRACE] v=1 pid=2155045 tid=2155045 inv=73 hid=7330127d2e7be9ea depth=3 name=chip.run.runner_run.device_wall.sched ts=6920 dur=111140 clk=dev
[mono_ns=7319685919349206][T0xf36e4a0b7020][TIMING] emit_host_span: [STRACE] v=1 pid=2155045 tid=2155045 inv=73 hid=7330127d2e7be9ea depth=1 name=chip.run.claim_release ts=7319685919346606 dur=850 
[mono_ns=7319685919354786][T0xf36e4a0b7020][TIMING] emit_host_span: [STRACE] v=1 pid=2155045 tid=2155045 inv=73 hid=7330127d2e7be9ea depth=0 name=chip.run ts=7319685813283405 dur=106069341 run_id=19 dispatch_id=73 slot_id=0 generation=19 run_epoch=73
[mono_ns=7319685920315970][T0xf36e4a0b7020][TIMING] emit_host_span: [STRACE] v=1 pid=2155045 tid=2155045 inv=74 hid=9a0ce7c17a38dab depth=2 name=chip.run.bind.args ts=7319685920231200 dur=79050 
[mono_ns=7319685920334100][T0xf36e4a0b7020][TIMING] emit_host_span: [STRACE] v=1 pid=2155045 tid=2155045 inv=74 hid=9a0ce7c17a38dab depth=2 name=chip.run.bind.prebuilt ts=7319685920328100 dur=3020 
[mono_ns=7319685920339330][T0xf36e4a0b7020][TIMING] emit_host_span: [STRACE] v=1 pid=2155045 tid=2155045 inv=74 hid=9a0ce7c17a38dab depth=1 name=chip.run.bind ts=7319685920221080 dur=116040 
[mono_ns=7319686025303987][T0xf36e4a0b7020][TIMING] emit_host_span: [STRACE] v=1 pid=2155045 tid=2155045 inv=74 hid=9a0ce7c17a38dab depth=1 name=chip.run.runner_run ts=7319685920589991 dur=104697626 
[mono_ns=7319686025366567][T0xf36e4a0b7020][TIMING] emit_host_span: [STRACE] v=1 pid=2155045 tid=2155045 inv=74 hid=9a0ce7c17a38dab depth=1 name=chip.run.validate ts=7319686025322897 dur=39550 
[mono_ns=7319686025374947][T0xf36e4a0b7020][TIMING] emit_host_span: [STRACE] v=1 pid=2155045 tid=2155045 inv=74 hid=9a0ce7c17a38dab depth=2 name=chip.run.runner_run.device_wall ts=0 dur=30939 clk=dev
[mono_ns=7319686025381557][T0xf36e4a0b7020][TIMING] emit_host_span: [STRACE] v=1 pid=2155045 tid=2155045 inv=74 hid=9a0ce7c17a38dab depth=3 name=chip.run.runner_run.device_wall.preamble ts=0 dur=5920 clk=dev
[mono_ns=7319686025387857][T0xf36e4a0b7020][TIMING] emit_host_span: [STRACE] v=1 pid=2155045 tid=2155045 inv=74 hid=9a0ce7c17a38dab depth=3 name=chip.run.runner_run.device_wall.graph_build ts=1120 dur=18340 clk=dev
[mono_ns=7319686025407917][T0xf36e4a0b7020][TIMING] emit_host_span: [STRACE] v=1 pid=2155045 tid=2155045 inv=74 hid=9a0ce7c17a38dab depth=3 name=chip.run.runner_run.device_wall.config_validate ts=1220 dur=840 clk=dev
[mono_ns=7319686025411917][T0xf36e4a0b7020][TIMING] emit_host_span: [STRACE] v=1 pid=2155045 tid=2155045 inv=74 hid=9a0ce7c17a38dab depth=3 name=chip.run.runner_run.device_wall.arena_wire ts=2099 dur=280 clk=dev
[mono_ns=7319686025415767][T0xf36e4a0b7020][TIMING] emit_host_span: [STRACE] v=1 pid=2155045 tid=2155045 inv=74 hid=9a0ce7c17a38dab depth=3 name=chip.run.runner_run.device_wall.sm_reset ts=2400 dur=520 clk=dev
[mono_ns=7319686025419857][T0xf36e4a0b7020][TIMING] emit_host_span: [STRACE] v=1 pid=2155045 tid=2155045 inv=74 hid=9a0ce7c17a38dab depth=3 name=chip.run.runner_run.device_wall.post_orch ts=19500 dur=11320 clk=dev
[mono_ns=7319686025424347][T0xf36e4a0b7020][TIMING] emit_host_span: [STRACE] v=1 pid=2155045 tid=2155045 inv=74 hid=9a0ce7c17a38dab depth=3 name=chip.run.runner_run.device_wall.orch ts=3400 dur=2420 clk=dev
[mono_ns=7319686025427667][T0xf36e4a0b7020][TIMING] emit_host_span: [STRACE] v=1 pid=2155045 tid=2155045 inv=74 hid=9a0ce7c17a38dab depth=3 name=chip.run.runner_run.device_wall.sched ts=5980 dur=6280 clk=dev
[mono_ns=7319686025434307][T0xf36e4a0b7020][TIMING] emit_host_span: [STRACE] v=1 pid=2155045 tid=2155045 inv=74 hid=9a0ce7c17a38dab depth=1 name=chip.run.claim_release ts=7319686025432017 dur=510 
[mono_ns=7319686025441207][T0xf36e4a0b7020][TIMING] emit_host_span: [STRACE] v=1 pid=2155045 tid=2155045 inv=74 hid=9a0ce7c17a38dab depth=0 name=chip.run ts=7319685920184620 dur=105254567 run_id=19 dispatch_id=74 slot_id=0 generation=19 run_epoch=74
[mono_ns=7319686025908279][T0xf36e4a0b7020][TIMING] emit_host_span: [STRACE] v=1 pid=2155045 tid=2155045 inv=75 hid=aa636548c65ca6a1 depth=2 name=chip.run.bind.args ts=7319686025855489 dur=48150 
[mono_ns=7319686025925359][T0xf36e4a0b7020][TIMING] emit_host_span: [STRACE] v=1 pid=2155045 tid=2155045 inv=75 hid=aa636548c65ca6a1 depth=2 name=chip.run.bind.prebuilt ts=7319686025920089 dur=3050 
[mono_ns=7319686025930669][T0xf36e4a0b7020][TIMING] emit_host_span: [STRACE] v=1 pid=2155045 tid=2155045 inv=75 hid=aa636548c65ca6a1 depth=1 name=chip.run.bind ts=7319686025845369 dur=83240 
[mono_ns=7319686037714810][T0xf36e4a0b7020][TIMING] emit_host_span: [STRACE] v=1 pid=2155045 tid=2155045 inv=75 hid=aa636548c65ca6a1 depth=1 name=chip.run.runner_run ts=7319686026198101 dur=11509638 
[mono_ns=7319686037753640][T0xf36e4a0b7020][TIMING] emit_host_span: [STRACE] v=1 pid=2155045 tid=2155045 inv=75 hid=aa636548c65ca6a1 depth=1 name=chip.run.validate ts=7319686037725940 dur=24800 
[mono_ns=7319686037758610][T0xf36e4a0b7020][TIMING] emit_host_span: [STRACE] v=1 pid=2155045 tid=2155045 inv=75 hid=aa636548c65ca6a1 depth=2 name=chip.run.runner_run.device_wall ts=0 dur=11213280 clk=dev
[mono_ns=7319686037762030][T0xf36e4a0b7020][TIMING] emit_host_span: [STRACE] v=1 pid=2155045 tid=2155045 inv=75 hid=aa636548c65ca6a1 depth=3 name=chip.run.runner_run.device_wall.preamble ts=0 dur=6080 clk=dev
[mono_ns=7319686037765340][T0xf36e4a0b7020][TIMING] emit_host_span: [STRACE] v=1 pid=2155045 tid=2155045 inv=75 hid=aa636548c65ca6a1 depth=3 name=chip.run.runner_run.device_wall.graph_build ts=1380 dur=11200820 clk=dev
[mono_ns=7319686037773600][T0xf36e4a0b7020][TIMING] emit_host_span: [STRACE] v=1 pid=2155045 tid=2155045 inv=75 hid=aa636548c65ca6a1 depth=3 name=chip.run.runner_run.device_wall.config_validate ts=1480 dur=520 clk=dev
[mono_ns=7319686037776750][T0xf36e4a0b7020][TIMING] emit_host_span: [STRACE] v=1 pid=2155045 tid=2155045 inv=75 hid=aa636548c65ca6a1 depth=3 name=chip.run.runner_run.device_wall.arena_wire ts=2020 dur=280 clk=dev
[mono_ns=7319686037779860][T0xf36e4a0b7020][TIMING] emit_host_span: [STRACE] v=1 pid=2155045 tid=2155045 inv=75 hid=aa636548c65ca6a1 depth=3 name=chip.run.runner_run.device_wall.sm_reset ts=2320 dur=520 clk=dev
[mono_ns=7319686037784430][T0xf36e4a0b7020][TIMING] emit_host_span: [STRACE] v=1 pid=2155045 tid=2155045 inv=75 hid=aa636548c65ca6a1 depth=3 name=chip.run.runner_run.device_wall.post_orch ts=11202260 dur=10900 clk=dev
[mono_ns=7319686037788260][T0xf36e4a0b7020][TIMING] emit_host_span: [STRACE] v=1 pid=2155045 tid=2155045 inv=75 hid=aa636548c65ca6a1 depth=3 name=chip.run.runner_run.device_wall.orch ts=2880 dur=1859 clk=dev
[mono_ns=7319686037791690][T0xf36e4a0b7020][TIMING] emit_host_span: [STRACE] v=1 pid=2155045 tid=2155045 inv=75 hid=aa636548c65ca6a1 depth=3 name=chip.run.runner_run.device_wall.sched ts=6140 dur=11188480 clk=dev
[mono_ns=7319686037795710][T0xf36e4a0b7020][TIMING] emit_host_span: [STRACE] v=1 pid=2155045 tid=2155045 inv=75 hid=aa636548c65ca6a1 depth=1 name=chip.run.claim_release ts=7319686037793720 dur=260 
[mono_ns=7319686037801170][T0xf36e4a0b7020][TIMING] emit_host_span: [STRACE] v=1 pid=2155045 tid=2155045 inv=75 hid=aa636548c65ca6a1 depth=0 name=chip.run ts=7319686025809219 dur=11989961 run_id=19 dispatch_id=75 slot_id=0 generation=19 run_epoch=75
[mono_ns=7319686038925315][T0xf36e4a0b7020][TIMING] emit_host_span: [STRACE] v=1 pid=2155045 tid=2155045 inv=76 hid=e3bcbf8fce8ee77f depth=2 name=chip.run.bind.args ts=7319686038860594 dur=59391 
[mono_ns=7319686038941515][T0xf36e4a0b7020][TIMING] emit_host_span: [STRACE] v=1 pid=2155045 tid=2155045 inv=76 hid=e3bcbf8fce8ee77f depth=2 name=chip.run.bind.prebuilt ts=7319686038937525 dur=1850 
[mono_ns=7319686038946075][T0xf36e4a0b7020][TIMING] emit_host_span: [STRACE] v=1 pid=2155045 tid=2155045 inv=76 hid=e3bcbf8fce8ee77f depth=1 name=chip.run.bind ts=7319686038853634 dur=90391 
[mono_ns=7319686143730060][T0xf36e4a0b7020][TIMING] emit_host_span: [STRACE] v=1 pid=2155045 tid=2155045 inv=76 hid=e3bcbf8fce8ee77f depth=1 name=chip.run.runner_run ts=7319686039160136 dur=104561024 
[mono_ns=7319686144519494][T0xf36e4a0b7020][TIMING] emit_host_span: [STRACE] v=1 pid=2155045 tid=2155045 inv=76 hid=e3bcbf8fce8ee77f depth=1 name=chip.run.validate ts=7319686143744920 dur=768864 
[mono_ns=7319686144532214][T0xf36e4a0b7020][TIMING] emit_host_span: [STRACE] v=1 pid=2155045 tid=2155045 inv=76 hid=e3bcbf8fce8ee77f depth=2 name=chip.run.runner_run.device_wall ts=0 dur=78420 clk=dev
[mono_ns=7319686144537804][T0xf36e4a0b7020][TIMING] emit_host_span: [STRACE] v=1 pid=2155045 tid=2155045 inv=76 hid=e3bcbf8fce8ee77f depth=3 name=chip.run.runner_run.device_wall.preamble ts=0 dur=7160 clk=dev
[mono_ns=7319686144552494][T0xf36e4a0b7020][TIMING] emit_host_span: [STRACE] v=1 pid=2155045 tid=2155045 inv=76 hid=e3bcbf8fce8ee77f depth=3 name=chip.run.runner_run.device_wall.graph_build ts=1819 dur=64940 clk=dev
[mono_ns=7319686144557104][T0xf36e4a0b7020][TIMING] emit_host_span: [STRACE] v=1 pid=2155045 tid=2155045 inv=76 hid=e3bcbf8fce8ee77f depth=3 name=chip.run.runner_run.device_wall.config_validate ts=1900 dur=540 clk=dev
[mono_ns=7319686144561424][T0xf36e4a0b7020][TIMING] emit_host_span: [STRACE] v=1 pid=2155045 tid=2155045 inv=76 hid=e3bcbf8fce8ee77f depth=3 name=chip.run.runner_run.device_wall.arena_wire ts=2460 dur=240 clk=dev
[mono_ns=7319686144565434][T0xf36e4a0b7020][TIMING] emit_host_span: [STRACE] v=1 pid=2155045 tid=2155045 inv=76 hid=e3bcbf8fce8ee77f depth=3 name=chip.run.runner_run.device_wall.sm_reset ts=2740 dur=420 clk=dev
[mono_ns=7319686144569864][T0xf36e4a0b7020][TIMING] emit_host_span: [STRACE] v=1 pid=2155045 tid=2155045 inv=76 hid=e3bcbf8fce8ee77f depth=3 name=chip.run.runner_run.device_wall.post_orch ts=66800 dur=11100 clk=dev
[mono_ns=7319686144573814][T0xf36e4a0b7020][TIMING] emit_host_span: [STRACE] v=1 pid=2155045 tid=2155045 inv=76 hid=e3bcbf8fce8ee77f depth=3 name=chip.run.runner_run.device_wall.orch ts=3780 dur=3040 clk=dev
[mono_ns=7319686144577734][T0xf36e4a0b7020][TIMING] emit_host_span: [STRACE] v=1 pid=2155045 tid=2155045 inv=76 hid=e3bcbf8fce8ee77f depth=3 name=chip.run.runner_run.device_wall.sched ts=7240 dur=52380 clk=dev
[mono_ns=7319686144583374][T0xf36e4a0b7020][TIMING] emit_host_span: [STRACE] v=1 pid=2155045 tid=2155045 inv=76 hid=e3bcbf8fce8ee77f depth=1 name=chip.run.claim_release ts=7319686144581044 dur=510 
[mono_ns=7319686144591044][T0xf36e4a0b7020][TIMING] emit_host_span: [STRACE] v=1 pid=2155045 tid=2155045 inv=76 hid=e3bcbf8fce8ee77f depth=0 name=chip.run ts=7319686038831364 dur=105757570 run_id=19 dispatch_id=76 slot_id=0 generation=19 run_epoch=76
[mono_ns=7319686149101333][T0xf36e4a0b7020][TIMING] emit_host_span: [STRACE] v=1 pid=2155045 tid=2155045 inv=77 hid=7330127d2e7be9ea depth=2 name=chip.run.bind.args ts=7319686148401260 dur=693723 
[mono_ns=7319686149119643][T0xf36e4a0b7020][TIMING] emit_host_span: [STRACE] v=1 pid=2155045 tid=2155045 inv=77 hid=7330127d2e7be9ea depth=2 name=chip.run.bind.prebuilt ts=7319686149114373 dur=2880 
[mono_ns=7319686149124913][T0xf36e4a0b7020][TIMING] emit_host_span: [STRACE] v=1 pid=2155045 tid=2155045 inv=77 hid=7330127d2e7be9ea depth=1 name=chip.run.bind ts=7319686148393050 dur=729643 
[mono_ns=7319686150491689][T0xf36cec6cdca0][WARN] copy_aicore_buffer: [chip_swimlane_collector.cpp:689] Core 2: skipped 1024 AICore record slot(s) with start_time=0 (race-window write or recycled-buffer tail). buf seq=0 count=1024
[mono_ns=7319686150530689][T0xf36ceceddca0][WARN] copy_aicore_buffer: [chip_swimlane_collector.cpp:689] Core 1: skipped 1024 AICore record slot(s) with start_time=0 (race-window write or recycled-buffer tail). buf seq=0 count=1024
[mono_ns=7319686150543969][T0xf36ced6edca0][WARN] copy_aicore_buffer: [chip_swimlane_collector.cpp:689] Core 0: skipped 1024 AICore record slot(s) with start_time=0 (race-window write or recycled-buffer tail). buf seq=0 count=1024
[mono_ns=7319686150781520][T0xf36cec6cdca0][WARN] copy_aicore_buffer: [chip_swimlane_collector.cpp:689] Core 28: skipped 1024 AICore record slot(s) with start_time=0 (race-window write or recycled-buffer tail). buf seq=0 count=1024
[mono_ns=7319686150824731][T0xf36ceceddca0][WARN] copy_aicore_buffer: [chip_swimlane_collector.cpp:689] Core 26: skipped 1023 AICore record slot(s) with start_time=0 (race-window write or recycled-buffer tail). buf seq=0 count=1024
[mono_ns=7319686150839071][T0xf36ced6edca0][WARN] copy_aicore_buffer: [chip_swimlane_collector.cpp:689] Core 24: skipped 1024 AICore record slot(s) with start_time=0 (race-window write or recycled-buffer tail). buf seq=0 count=1024
[mono_ns=7319686151076372][T0xf36cec6cdca0][WARN] copy_aicore_buffer: [chip_swimlane_collector.cpp:689] Core 29: skipped 1024 AICore record slot(s) with start_time=0 (race-window write or recycled-buffer tail). buf seq=0 count=1024
[mono_ns=7319686151116512][T0xf36ceceddca0][WARN] copy_aicore_buffer: [chip_swimlane_collector.cpp:689] Core 27: skipped 1024 AICore record slot(s) with start_time=0 (race-window write or recycled-buffer tail). buf seq=0 count=1024
[mono_ns=7319686151152302][T0xf36ced6edca0][WARN] copy_aicore_buffer: [chip_swimlane_collector.cpp:689] Core 25: skipped 1024 AICore record slot(s) with start_time=0 (race-window write or recycled-buffer tail). buf seq=0 count=1024
[mono_ns=7319686151358923][T0xf36cec6cdca0][WARN] copy_aicore_buffer: [chip_swimlane_collector.cpp:689] Core 5: skipped 1024 AICore record slot(s) with start_time=0 (race-window write or recycled-buffer tail). buf seq=0 count=1024
[mono_ns=7319686151398283][T0xf36ceceddca0][WARN] copy_aicore_buffer: [chip_swimlane_collector.cpp:689] Core 4: skipped 1024 AICore record slot(s) with start_time=0 (race-window write or recycled-buffer tail). buf seq=0 count=1024
[mono_ns=7319686151446383][T0xf36ced6edca0][WARN] copy_aicore_buffer: [chip_swimlane_collector.cpp:689] Core 3: skipped 1024 AICore record slot(s) with start_time=0 (race-window write or recycled-buffer tail). buf seq=0 count=1024
[mono_ns=7319686151641424][T0xf36cec6cdca0][WARN] copy_aicore_buffer: [chip_swimlane_collector.cpp:689] Core 34: skipped 1024 AICore record slot(s) with start_time=0 (race-window write or recycled-buffer tail). buf seq=0 count=1024
[mono_ns=7319686151681054][T0xf36ceceddca0][WARN] copy_aicore_buffer: [chip_swimlane_collector.cpp:689] Core 32: skipped 1023 AICore record slot(s) with start_time=0 (race-window write or recycled-buffer tail). buf seq=0 count=1024
[mono_ns=7319686151738734][T0xf36ced6edca0][WARN] copy_aicore_buffer: [chip_swimlane_collector.cpp:689] Core 30: skipped 1024 AICore record slot(s) with start_time=0 (race-window write or recycled-buffer tail). buf seq=0 count=1024
[mono_ns=7319686151929895][T0xf36cec6cdca0][WARN] copy_aicore_buffer: [chip_swimlane_collector.cpp:689] Core 35: skipped 1024 AICore record slot(s) with start_time=0 (race-window write or recycled-buffer tail). buf seq=0 count=1024
[mono_ns=7319686151962075][T0xf36ceceddca0][WARN] copy_aicore_buffer: [chip_swimlane_collector.cpp:689] Core 33: skipped 1024 AICore record slot(s) with start_time=0 (race-window write or recycled-buffer tail). buf seq=0 count=1024
[mono_ns=7319686152137396][T0xf36ced6edca0][WARN] copy_aicore_buffer: [chip_swimlane_collector.cpp:689] Core 31: skipped 1024 AICore record slot(s) with start_time=0 (race-window write or recycled-buffer tail). buf seq=0 count=1024
[mono_ns=7319686152223197][T0xf36cec6cdca0][WARN] copy_aicore_buffer: [chip_swimlane_collector.cpp:689] Core 8: skipped 1024 AICore record slot(s) with start_time=0 (race-window write or recycled-buffer tail). buf seq=0 count=1024
[mono_ns=7319686152256747][T0xf36ceceddca0][WARN] copy_aicore_buffer: [chip_swimlane_collector.cpp:689] Core 7: skipped 1024 AICore record slot(s) with start_time=0 (race-window write or recycled-buffer tail). buf seq=0 count=1024
[mono_ns=7319686152431907][T0xf36ced6edca0][WARN] copy_aicore_buffer: [chip_swimlane_collector.cpp:689] Core 6: skipped 1024 AICore record slot(s) with start_time=0 (race-window write or recycled-buffer tail). buf seq=0 count=1024
[mono_ns=7319686152507768][T0xf36cec6cdca0][WARN] copy_aicore_buffer: [chip_swimlane_collector.cpp:689] Core 40: skipped 1024 AICore record slot(s) with start_time=0 (race-window write or recycled-buffer tail). buf seq=0 count=1024
[mono_ns=7319686152537988][T0xf36ceceddca0][WARN] copy_aicore_buffer: [chip_swimlane_collector.cpp:689] Core 38: skipped 1023 AICore record slot(s) with start_time=0 (race-window write or recycled-buffer tail). buf seq=0 count=1024
[mono_ns=7319686152726049][T0xf36ced6edca0][WARN] copy_aicore_buffer: [chip_swimlane_collector.cpp:689] Core 36: skipped 1024 AICore record slot(s) with start_time=0 (race-window write or recycled-buffer tail). buf seq=0 count=1024
[mono_ns=7319686152789159][T0xf36cec6cdca0][WARN] copy_aicore_buffer: [chip_swimlane_collector.cpp:689] Core 41: skipped 1024 AICore record slot(s) with start_time=0 (race-window write or recycled-buffer tail). buf seq=0 count=1024
[mono_ns=7319686152817979][T0xf36ceceddca0][WARN] copy_aicore_buffer: [chip_swimlane_collector.cpp:689] Core 39: skipped 1024 AICore record slot(s) with start_time=0 (race-window write or recycled-buffer tail). buf seq=0 count=1024
[mono_ns=7319686153032530][T0xf36ced6edca0][WARN] copy_aicore_buffer: [chip_swimlane_collector.cpp:689] Core 37: skipped 1024 AICore record slot(s) with start_time=0 (race-window write or recycled-buffer tail). buf seq=0 count=1024
[mono_ns=7319686153080420][T0xf36cec6cdca0][WARN] copy_aicore_buffer: [chip_swimlane_collector.cpp:689] Core 11: skipped 1024 AICore record slot(s) with start_time=0 (race-window write or recycled-buffer tail). buf seq=0 count=1024
[mono_ns=7319686153110020][T0xf36ceceddca0][WARN] copy_aicore_buffer: [chip_swimlane_collector.cpp:689] Core 10: skipped 1024 AICore record slot(s) with start_time=0 (race-window write or recycled-buffer tail). buf seq=0 count=1024
[mono_ns=7319686153359231][T0xf36cec6cdca0][WARN] copy_aicore_buffer: [chip_swimlane_collector.cpp:689] Core 46: skipped 1024 AICore record slot(s) with start_time=0 (race-window write or recycled-buffer tail). buf seq=0 count=1024
[mono_ns=7319686153359861][T0xf36ced6edca0][WARN] copy_aicore_buffer: [chip_swimlane_collector.cpp:689] Core 9: skipped 1024 AICore record slot(s) with start_time=0 (race-window write or recycled-buffer tail). buf seq=0 count=1024
[mono_ns=7319686153392801][T0xf36ceceddca0][WARN] copy_aicore_buffer: [chip_swimlane_collector.cpp:689] Core 44: skipped 1023 AICore record slot(s) with start_time=0 (race-window write or recycled-buffer tail). buf seq=0 count=1024
[mono_ns=7319686153640493][T0xf36cec6cdca0][WARN] copy_aicore_buffer: [chip_swimlane_collector.cpp:689] Core 47: skipped 1024 AICore record slot(s) with start_time=0 (race-window write or recycled-buffer tail). buf seq=0 count=1024
[mono_ns=7319686153642053][T0xf36ced6edca0][WARN] copy_aicore_buffer: [chip_swimlane_collector.cpp:689] Core 42: skipped 1024 AICore record slot(s) with start_time=0 (race-window write or recycled-buffer tail). buf seq=0 count=1024
[mono_ns=7319686153673743][T0xf36ceceddca0][WARN] copy_aicore_buffer: [chip_swimlane_collector.cpp:689] Core 45: skipped 1024 AICore record slot(s) with start_time=0 (race-window write or recycled-buffer tail). buf seq=0 count=1024
[mono_ns=7319686153921084][T0xf36ced6edca0][WARN] copy_aicore_buffer: [chip_swimlane_collector.cpp:689] Core 43: skipped 1024 AICore record slot(s) with start_time=0 (race-window write or recycled-buffer tail). buf seq=0 count=1024
[mono_ns=7319686153923544][T0xf36cec6cdca0][WARN] copy_aicore_buffer: [chip_swimlane_collector.cpp:689] Core 14: skipped 1024 AICore record slot(s) with start_time=0 (race-window write or recycled-buffer tail). buf seq=0 count=1024
[mono_ns=7319686153954434][T0xf36ceceddca0][WARN] copy_aicore_buffer: [chip_swimlane_collector.cpp:689] Core 13: skipped 1024 AICore record slot(s) with start_time=0 (race-window write or recycled-buffer tail). buf seq=0 count=1024
[mono_ns=7319686154209825][T0xf36cec6cdca0][WARN] copy_aicore_buffer: [chip_swimlane_collector.cpp:689] Core 52: skipped 1024 AICore record slot(s) with start_time=0 (race-window write or recycled-buffer tail). buf seq=0 count=1024
[mono_ns=7319686154210325][T0xf36ced6edca0][WARN] copy_aicore_buffer: [chip_swimlane_collector.cpp:689] Core 12: skipped 1024 AICore record slot(s) with start_time=0 (race-window write or recycled-buffer tail). buf seq=0 count=1024
[mono_ns=7319686154243405][T0xf36ceceddca0][WARN] copy_aicore_buffer: [chip_swimlane_collector.cpp:689] Core 50: skipped 1023 AICore record slot(s) with start_time=0 (race-window write or recycled-buffer tail). buf seq=0 count=1024
[mono_ns=7319686154490716][T0xf36cec6cdca0][WARN] copy_aicore_buffer: [chip_swimlane_collector.cpp:689] Core 53: skipped 1024 AICore record slot(s) with start_time=0 (race-window write or recycled-buffer tail). buf seq=0 count=1024
[mono_ns=7319686154491186][T0xf36ced6edca0][WARN] copy_aicore_buffer: [chip_swimlane_collector.cpp:689] Core 48: skipped 1024 AICore record slot(s) with start_time=0 (race-window write or recycled-buffer tail). buf seq=0 count=1024
[mono_ns=7319686154527516][T0xf36ceceddca0][WARN] copy_aicore_buffer: [chip_swimlane_collector.cpp:689] Core 51: skipped 1024 AICore record slot(s) with start_time=0 (race-window write or recycled-buffer tail). buf seq=0 count=1024
[mono_ns=7319686154771207][T0xf36cec6cdca0][WARN] copy_aicore_buffer: [chip_swimlane_collector.cpp:689] Core 17: skipped 1024 AICore record slot(s) with start_time=0 (race-window write or recycled-buffer tail). buf seq=0 count=1024
[mono_ns=7319686154773657][T0xf36ced6edca0][WARN] copy_aicore_buffer: [chip_swimlane_collector.cpp:689] Core 49: skipped 1024 AICore record slot(s) with start_time=0 (race-window write or recycled-buffer tail). buf seq=0 count=1024
[mono_ns=7319686154809298][T0xf36ceceddca0][WARN] copy_aicore_buffer: [chip_swimlane_collector.cpp:689] Core 16: skipped 1024 AICore record slot(s) with start_time=0 (race-window write or recycled-buffer tail). buf seq=0 count=1024
[mono_ns=7319686155060459][T0xf36cec6cdca0][WARN] copy_aicore_buffer: [chip_swimlane_collector.cpp:689] Core 58: skipped 1024 AICore record slot(s) with start_time=0 (race-window write or recycled-buffer tail). buf seq=0 count=1024
[mono_ns=7319686155065089][T0xf36ced6edca0][WARN] copy_aicore_buffer: [chip_swimlane_collector.cpp:689] Core 15: skipped 1024 AICore record slot(s) with start_time=0 (race-window write or recycled-buffer tail). buf seq=0 count=1024
[mono_ns=7319686155102379][T0xf36ceceddca0][WARN] copy_aicore_buffer: [chip_swimlane_collector.cpp:689] Core 56: skipped 1023 AICore record slot(s) with start_time=0 (race-window write or recycled-buffer tail). buf seq=0 count=1024
[mono_ns=7319686155343960][T0xf36ced6edca0][WARN] copy_aicore_buffer: [chip_swimlane_collector.cpp:689] Core 54: skipped 1024 AICore record slot(s) with start_time=0 (race-window write or recycled-buffer tail). buf seq=0 count=1024
[mono_ns=7319686155344060][T0xf36cec6cdca0][WARN] copy_aicore_buffer: [chip_swimlane_collector.cpp:689] Core 59: skipped 1024 AICore record slot(s) with start_time=0 (race-window write or recycled-buffer tail). buf seq=0 count=1024
[mono_ns=7319686155386960][T0xf36ceceddca0][WARN] copy_aicore_buffer: [chip_swimlane_collector.cpp:689] Core 57: skipped 1024 AICore record slot(s) with start_time=0 (race-window write or recycled-buffer tail). buf seq=0 count=1024
[mono_ns=7319686155623341][T0xf36ced6edca0][WARN] copy_aicore_buffer: [chip_swimlane_collector.cpp:689] Core 55: skipped 1024 AICore record slot(s) with start_time=0 (race-window write or recycled-buffer tail). buf seq=0 count=1024
[mono_ns=7319686155623571][T0xf36cec6cdca0][WARN] copy_aicore_buffer: [chip_swimlane_collector.cpp:689] Core 20: skipped 1024 AICore record slot(s) with start_time=0 (race-window write or recycled-buffer tail). buf seq=0 count=1024
[mono_ns=7319686155666141][T0xf36ceceddca0][WARN] copy_aicore_buffer: [chip_swimlane_collector.cpp:689] Core 19: skipped 1024 AICore record slot(s) with start_time=0 (race-window write or recycled-buffer tail). buf seq=0 count=1024
[mono_ns=7319686155902782][T0xf36cec6cdca0][WARN] copy_aicore_buffer: [chip_swimlane_collector.cpp:689] Core 64: skipped 1024 AICore record slot(s) with start_time=0 (race-window write or recycled-buffer tail). buf seq=0 count=1024
[mono_ns=7319686155903862][T0xf36ced6edca0][WARN] copy_aicore_buffer: [chip_swimlane_collector.cpp:689] Core 18: skipped 1024 AICore record slot(s) with start_time=0 (race-window write or recycled-buffer tail). buf seq=0 count=1024
[mono_ns=7319686155946732][T0xf36ceceddca0][WARN] copy_aicore_buffer: [chip_swimlane_collector.cpp:689] Core 62: skipped 1024 AICore record slot(s) with start_time=0 (race-window write or recycled-buffer tail). buf seq=0 count=1024
[mono_ns=7319686156190073][T0xf36cec6cdca0][WARN] copy_aicore_buffer: [chip_swimlane_collector.cpp:689] Core 65: skipped 1024 AICore record slot(s) with start_time=0 (race-window write or recycled-buffer tail). buf seq=0 count=1024
[mono_ns=7319686156191293][T0xf36ced6edca0][WARN] copy_aicore_buffer: [chip_swimlane_collector.cpp:689] Core 60: skipped 1024 AICore record slot(s) with start_time=0 (race-window write or recycled-buffer tail). buf seq=0 count=1024
[mono_ns=7319686156241184][T0xf36ceceddca0][WARN] copy_aicore_buffer: [chip_swimlane_collector.cpp:689] Core 63: skipped 1024 AICore record slot(s) with start_time=0 (race-window write or recycled-buffer tail). buf seq=0 count=1024
[mono_ns=7319686156469015][T0xf36cec6cdca0][WARN] copy_aicore_buffer: [chip_swimlane_collector.cpp:689] Core 23: skipped 1024 AICore record slot(s) with start_time=0 (race-window write or recycled-buffer tail). buf seq=0 count=1024
[mono_ns=7319686156469735][T0xf36ced6edca0][WARN] copy_aicore_buffer: [chip_swimlane_collector.cpp:689] Core 61: skipped 1024 AICore record slot(s) with start_time=0 (race-window write or recycled-buffer tail). buf seq=0 count=1024
[mono_ns=7319686156522615][T0xf36ceceddca0][WARN] copy_aicore_buffer: [chip_swimlane_collector.cpp:689] Core 22: skipped 1024 AICore record slot(s) with start_time=0 (race-window write or recycled-buffer tail). buf seq=0 count=1024
[mono_ns=7319686156749826][T0xf36ced6edca0][WARN] copy_aicore_buffer: [chip_swimlane_collector.cpp:689] Core 21: skipped 1024 AICore record slot(s) with start_time=0 (race-window write or recycled-buffer tail). buf seq=0 count=1024
[mono_ns=7319686156751116][T0xf36cec6cdca0][WARN] copy_aicore_buffer: [chip_swimlane_collector.cpp:689] Core 70: skipped 1024 AICore record slot(s) with start_time=0 (race-window write or recycled-buffer tail). buf seq=0 count=1024
[mono_ns=7319686156802126][T0xf36ceceddca0][WARN] copy_aicore_buffer: [chip_swimlane_collector.cpp:689] Core 68: skipped 1024 AICore record slot(s) with start_time=0 (race-window write or recycled-buffer tail). buf seq=0 count=1024
[mono_ns=7319686157039897][T0xf36cec6cdca0][WARN] copy_aicore_buffer: [chip_swimlane_collector.cpp:689] Core 71: skipped 1024 AICore record slot(s) with start_time=0 (race-window write or recycled-buffer tail). buf seq=0 count=1024
[mono_ns=7319686157041217][T0xf36ced6edca0][WARN] copy_aicore_buffer: [chip_swimlane_collector.cpp:689] Core 66: skipped 1024 AICore record slot(s) with start_time=0 (race-window write or recycled-buffer tail). buf seq=0 count=1024
[mono_ns=7319686157091657][T0xf36ceceddca0][WARN] copy_aicore_buffer: [chip_swimlane_collector.cpp:689] Core 69: skipped 1024 AICore record slot(s) with start_time=0 (race-window write or recycled-buffer tail). buf seq=0 count=1024
[mono_ns=7319686157319688][T0xf36ced6edca0][WARN] copy_aicore_buffer: [chip_swimlane_collector.cpp:689] Core 67: skipped 1024 AICore record slot(s) with start_time=0 (race-window write or recycled-buffer tail). buf seq=0 count=1024
[mono_ns=7319686257822236][T0xf36e4a0b7020][TIMING] emit_host_span: [STRACE] v=1 pid=2155045 tid=2155045 inv=77 hid=7330127d2e7be9ea depth=1 name=chip.run.runner_run ts=7319686149436115 dur=108377621 
[mono_ns=7319686257871006][T0xf36e4a0b7020][TIMING] emit_host_span: [STRACE] v=1 pid=2155045 tid=2155045 inv=77 hid=7330127d2e7be9ea depth=1 name=chip.run.validate ts=7319686257835766 dur=31590 
[mono_ns=7319686257878616][T0xf36e4a0b7020][TIMING] emit_host_span: [STRACE] v=1 pid=2155045 tid=2155045 inv=77 hid=7330127d2e7be9ea depth=2 name=chip.run.runner_run.device_wall ts=0 dur=643200 clk=dev
[mono_ns=7319686257884686][T0xf36e4a0b7020][TIMING] emit_host_span: [STRACE] v=1 pid=2155045 tid=2155045 inv=77 hid=7330127d2e7be9ea depth=3 name=chip.run.runner_run.device_wall.preamble ts=0 dur=535820 clk=dev
[mono_ns=7319686257890536][T0xf36e4a0b7020][TIMING] emit_host_span: [STRACE] v=1 pid=2155045 tid=2155045 inv=77 hid=7330127d2e7be9ea depth=3 name=chip.run.runner_run.device_wall.graph_build ts=531800 dur=100760 clk=dev
[mono_ns=7319686257900716][T0xf36e4a0b7020][TIMING] emit_host_span: [STRACE] v=1 pid=2155045 tid=2155045 inv=77 hid=7330127d2e7be9ea depth=3 name=chip.run.runner_run.device_wall.config_validate ts=531939 dur=700 clk=dev
[mono_ns=7319686257905226][T0xf36e4a0b7020][TIMING] emit_host_span: [STRACE] v=1 pid=2155045 tid=2155045 inv=77 hid=7330127d2e7be9ea depth=3 name=chip.run.runner_run.device_wall.arena_wire ts=532660 dur=339 clk=dev
[mono_ns=7319686257909396][T0xf36e4a0b7020][TIMING] emit_host_span: [STRACE] v=1 pid=2155045 tid=2155045 inv=77 hid=7330127d2e7be9ea depth=3 name=chip.run.runner_run.device_wall.sm_reset ts=533020 dur=740 clk=dev
[mono_ns=7319686257914096][T0xf36e4a0b7020][TIMING] emit_host_span: [STRACE] v=1 pid=2155045 tid=2155045 inv=77 hid=7330127d2e7be9ea depth=3 name=chip.run.runner_run.device_wall.post_orch ts=632620 dur=10420 clk=dev
[mono_ns=7319686257918096][T0xf36e4a0b7020][TIMING] emit_host_span: [STRACE] v=1 pid=2155045 tid=2155045 inv=77 hid=7330127d2e7be9ea depth=3 name=chip.run.runner_run.device_wall.orch ts=533800 dur=1960 clk=dev
[mono_ns=7319686257928766][T0xf36e4a0b7020][TIMING] emit_host_span: [STRACE] v=1 pid=2155045 tid=2155045 inv=77 hid=7330127d2e7be9ea depth=3 name=chip.run.runner_run.device_wall.sched ts=536060 dur=79420 clk=dev
[mono_ns=7319686257934186][T0xf36e4a0b7020][TIMING] emit_host_span: [STRACE] v=1 pid=2155045 tid=2155045 inv=77 hid=7330127d2e7be9ea depth=1 name=chip.run.claim_release ts=7319686257931946 dur=360 
[mono_ns=7319686257939256][T0xf36e4a0b7020][TIMING] emit_host_span: [STRACE] v=1 pid=2155045 tid=2155045 inv=77 hid=7330127d2e7be9ea depth=0 name=chip.run ts=7319686148367140 dur=109570046 run_id=20 dispatch_id=77 slot_id=0 generation=20 run_epoch=77
[mono_ns=7319686258741570][T0xf36e4a0b7020][TIMING] emit_host_span: [STRACE] v=1 pid=2155045 tid=2155045 inv=78 hid=9a0ce7c17a38dab depth=2 name=chip.run.bind.args ts=7319686258656309 dur=79521 
[mono_ns=7319686258758120][T0xf36e4a0b7020][TIMING] emit_host_span: [STRACE] v=1 pid=2155045 tid=2155045 inv=78 hid=9a0ce7c17a38dab depth=2 name=chip.run.bind.prebuilt ts=7319686258753510 dur=2190 
[mono_ns=7319686258763810][T0xf36e4a0b7020][TIMING] emit_host_span: [STRACE] v=1 pid=2155045 tid=2155045 inv=78 hid=9a0ce7c17a38dab depth=1 name=chip.run.bind ts=7319686258649639 dur=112261 
[mono_ns=7319686260110355][T0xf36ced6edca0][WARN] copy_aicore_buffer: [chip_swimlane_collector.cpp:689] Core 0: skipped 1024 AICore record slot(s) with start_time=0 (race-window write or recycled-buffer tail). buf seq=0 count=1024
[mono_ns=7319686260119905][T0xf36ceceddca0][WARN] copy_aicore_buffer: [chip_swimlane_collector.cpp:689] Core 1: skipped 1024 AICore record slot(s) with start_time=0 (race-window write or recycled-buffer tail). buf seq=0 count=1024
[mono_ns=7319686260131125][T0xf36cec6cdca0][WARN] copy_aicore_buffer: [chip_swimlane_collector.cpp:689] Core 2: skipped 1024 AICore record slot(s) with start_time=0 (race-window write or recycled-buffer tail). buf seq=0 count=1024
[mono_ns=7319686260400467][T0xf36ced6edca0][WARN] copy_aicore_buffer: [chip_swimlane_collector.cpp:689] Core 24: skipped 1024 AICore record slot(s) with start_time=0 (race-window write or recycled-buffer tail). buf seq=0 count=1024
[mono_ns=7319686260407227][T0xf36ceceddca0][WARN] copy_aicore_buffer: [chip_swimlane_collector.cpp:689] Core 26: skipped 1024 AICore record slot(s) with start_time=0 (race-window write or recycled-buffer tail). buf seq=0 count=1024
[mono_ns=7319686260411947][T0xf36cec6cdca0][WARN] copy_aicore_buffer: [chip_swimlane_collector.cpp:689] Core 28: skipped 1023 AICore record slot(s) with start_time=0 (race-window write or recycled-buffer tail). buf seq=0 count=1024
[mono_ns=7319686260680968][T0xf36ced6edca0][WARN] copy_aicore_buffer: [chip_swimlane_collector.cpp:689] Core 25: skipped 1024 AICore record slot(s) with start_time=0 (race-window write or recycled-buffer tail). buf seq=0 count=1024
[mono_ns=7319686260690258][T0xf36cec6cdca0][WARN] copy_aicore_buffer: [chip_swimlane_collector.cpp:689] Core 29: skipped 1024 AICore record slot(s) with start_time=0 (race-window write or recycled-buffer tail). buf seq=0 count=1024
[mono_ns=7319686260694318][T0xf36ceceddca0][WARN] copy_aicore_buffer: [chip_swimlane_collector.cpp:689] Core 27: skipped 1024 AICore record slot(s) with start_time=0 (race-window write or recycled-buffer tail). buf seq=0 count=1024
[mono_ns=7319686260962779][T0xf36ced6edca0][WARN] copy_aicore_buffer: [chip_swimlane_collector.cpp:689] Core 3: skipped 1024 AICore record slot(s) with start_time=0 (race-window write or recycled-buffer tail). buf seq=0 count=1024
[mono_ns=7319686260968169][T0xf36cec6cdca0][WARN] copy_aicore_buffer: [chip_swimlane_collector.cpp:689] Core 5: skipped 1024 AICore record slot(s) with start_time=0 (race-window write or recycled-buffer tail). buf seq=0 count=1024
[mono_ns=7319686260979649][T0xf36ceceddca0][WARN] copy_aicore_buffer: [chip_swimlane_collector.cpp:689] Core 4: skipped 1024 AICore record slot(s) with start_time=0 (race-window write or recycled-buffer tail). buf seq=0 count=1024
[mono_ns=7319686261255680][T0xf36ced6edca0][WARN] copy_aicore_buffer: [chip_swimlane_collector.cpp:689] Core 30: skipped 1024 AICore record slot(s) with start_time=0 (race-window write or recycled-buffer tail). buf seq=0 count=1024
[mono_ns=7319686261259060][T0xf36cec6cdca0][WARN] copy_aicore_buffer: [chip_swimlane_collector.cpp:689] Core 34: skipped 1024 AICore record slot(s) with start_time=0 (race-window write or recycled-buffer tail). buf seq=0 count=1024
[mono_ns=7319686261271370][T0xf36ceceddca0][WARN] copy_aicore_buffer: [chip_swimlane_collector.cpp:689] Core 32: skipped 1023 AICore record slot(s) with start_time=0 (race-window write or recycled-buffer tail). buf seq=0 count=1024
[mono_ns=7319686261535811][T0xf36ced6edca0][WARN] copy_aicore_buffer: [chip_swimlane_collector.cpp:689] Core 31: skipped 1024 AICore record slot(s) with start_time=0 (race-window write or recycled-buffer tail). buf seq=0 count=1024
[mono_ns=7319686261537941][T0xf36cec6cdca0][WARN] copy_aicore_buffer: [chip_swimlane_collector.cpp:689] Core 35: skipped 1024 AICore record slot(s) with start_time=0 (race-window write or recycled-buffer tail). buf seq=0 count=1024
[mono_ns=7319686261550721][T0xf36ceceddca0][WARN] copy_aicore_buffer: [chip_swimlane_collector.cpp:689] Core 33: skipped 1024 AICore record slot(s) with start_time=0 (race-window write or recycled-buffer tail). buf seq=0 count=1024
[mono_ns=7319686261816823][T0xf36ced6edca0][WARN] copy_aicore_buffer: [chip_swimlane_collector.cpp:689] Core 6: skipped 1024 AICore record slot(s) with start_time=0 (race-window write or recycled-buffer tail). buf seq=0 count=1024
[mono_ns=7319686261819253][T0xf36cec6cdca0][WARN] copy_aicore_buffer: [chip_swimlane_collector.cpp:689] Core 8: skipped 1024 AICore record slot(s) with start_time=0 (race-window write or recycled-buffer tail). buf seq=0 count=1024
[mono_ns=7319686261829333][T0xf36ceceddca0][WARN] copy_aicore_buffer: [chip_swimlane_collector.cpp:689] Core 7: skipped 1024 AICore record slot(s) with start_time=0 (race-window write or recycled-buffer tail). buf seq=0 count=1024
[mono_ns=7319686262105344][T0xf36cec6cdca0][WARN] copy_aicore_buffer: [chip_swimlane_collector.cpp:689] Core 40: skipped 1024 AICore record slot(s) with start_time=0 (race-window write or recycled-buffer tail). buf seq=0 count=1024
[mono_ns=7319686262108914][T0xf36ced6edca0][WARN] copy_aicore_buffer: [chip_swimlane_collector.cpp:689] Core 36: skipped 1024 AICore record slot(s) with start_time=0 (race-window write or recycled-buffer tail). buf seq=0 count=1024
[mono_ns=7319686262119464][T0xf36ceceddca0][WARN] copy_aicore_buffer: [chip_swimlane_collector.cpp:689] Core 38: skipped 1024 AICore record slot(s) with start_time=0 (race-window write or recycled-buffer tail). buf seq=0 count=1024
[mono_ns=7319686262385215][T0xf36cec6cdca0][WARN] copy_aicore_buffer: [chip_swimlane_collector.cpp:689] Core 41: skipped 1024 AICore record slot(s) with start_time=0 (race-window write or recycled-buffer tail). buf seq=0 count=1024
[mono_ns=7319686262387425][T0xf36ced6edca0][WARN] copy_aicore_buffer: [chip_swimlane_collector.cpp:689] Core 37: skipped 1024 AICore record slot(s) with start_time=0 (race-window write or recycled-buffer tail). buf seq=0 count=1024
[mono_ns=7319686262399705][T0xf36ceceddca0][WARN] copy_aicore_buffer: [chip_swimlane_collector.cpp:689] Core 39: skipped 1024 AICore record slot(s) with start_time=0 (race-window write or recycled-buffer tail). buf seq=0 count=1024
[mono_ns=7319686262666756][T0xf36ced6edca0][WARN] copy_aicore_buffer: [chip_swimlane_collector.cpp:689] Core 9: skipped 1024 AICore record slot(s) with start_time=0 (race-window write or recycled-buffer tail). buf seq=0 count=1024
[mono_ns=7319686262666736][T0xf36cec6cdca0][WARN] copy_aicore_buffer: [chip_swimlane_collector.cpp:689] Core 11: skipped 1023 AICore record slot(s) with start_time=0 (race-window write or recycled-buffer tail). buf seq=0 count=1024
[mono_ns=7319686262679656][T0xf36ceceddca0][WARN] copy_aicore_buffer: [chip_swimlane_collector.cpp:689] Core 10: skipped 1024 AICore record slot(s) with start_time=0 (race-window write or recycled-buffer tail). buf seq=0 count=1024
[mono_ns=7319686262946417][T0xf36cec6cdca0][WARN] copy_aicore_buffer: [chip_swimlane_collector.cpp:689] Core 46: skipped 1024 AICore record slot(s) with start_time=0 (race-window write or recycled-buffer tail). buf seq=0 count=1024
[mono_ns=7319686262947017][T0xf36ced6edca0][WARN] copy_aicore_buffer: [chip_swimlane_collector.cpp:689] Core 42: skipped 1024 AICore record slot(s) with start_time=0 (race-window write or recycled-buffer tail). buf seq=0 count=1024
[mono_ns=7319686262960587][T0xf36ceceddca0][WARN] copy_aicore_buffer: [chip_swimlane_collector.cpp:689] Core 44: skipped 1023 AICore record slot(s) with start_time=0 (race-window write or recycled-buffer tail). buf seq=0 count=1024
[mono_ns=7319686263229279][T0xf36cec6cdca0][WARN] copy_aicore_buffer: [chip_swimlane_collector.cpp:689] Core 47: skipped 1024 AICore record slot(s) with start_time=0 (race-window write or recycled-buffer tail). buf seq=0 count=1024
[mono_ns=7319686263231919][T0xf36ced6edca0][WARN] copy_aicore_buffer: [chip_swimlane_collector.cpp:689] Core 43: skipped 1024 AICore record slot(s) with start_time=0 (race-window write or recycled-buffer tail). buf seq=0 count=1024
[mono_ns=7319686263254679][T0xf36ceceddca0][WARN] copy_aicore_buffer: [chip_swimlane_collector.cpp:689] Core 45: skipped 1024 AICore record slot(s) with start_time=0 (race-window write or recycled-buffer tail). buf seq=0 count=1024
[mono_ns=7319686263510300][T0xf36cec6cdca0][WARN] copy_aicore_buffer: [chip_swimlane_collector.cpp:689] Core 14: skipped 1024 AICore record slot(s) with start_time=0 (race-window write or recycled-buffer tail). buf seq=0 count=1024
[mono_ns=7319686263511920][T0xf36ced6edca0][WARN] copy_aicore_buffer: [chip_swimlane_collector.cpp:689] Core 12: skipped 1024 AICore record slot(s) with start_time=0 (race-window write or recycled-buffer tail). buf seq=0 count=1024
[mono_ns=7319686263603200][T0xf36ceceddca0][WARN] copy_aicore_buffer: [chip_swimlane_collector.cpp:689] Core 13: skipped 1024 AICore record slot(s) with start_time=0 (race-window write or recycled-buffer tail). buf seq=0 count=1024
[mono_ns=7319686263792691][T0xf36ced6edca0][WARN] copy_aicore_buffer: [chip_swimlane_collector.cpp:689] Core 48: skipped 1024 AICore record slot(s) with start_time=0 (race-window write or recycled-buffer tail). buf seq=0 count=1024
[mono_ns=7319686263792771][T0xf36cec6cdca0][WARN] copy_aicore_buffer: [chip_swimlane_collector.cpp:689] Core 52: skipped 1024 AICore record slot(s) with start_time=0 (race-window write or recycled-buffer tail). buf seq=0 count=1024
[mono_ns=7319686263885421][T0xf36ceceddca0][WARN] copy_aicore_buffer: [chip_swimlane_collector.cpp:689] Core 50: skipped 1024 AICore record slot(s) with start_time=0 (race-window write or recycled-buffer tail). buf seq=0 count=1024
[mono_ns=7319686264079662][T0xf36cec6cdca0][WARN] copy_aicore_buffer: [chip_swimlane_collector.cpp:689] Core 53: skipped 1024 AICore record slot(s) with start_time=0 (race-window write or recycled-buffer tail). buf seq=0 count=1024
[mono_ns=7319686264086132][T0xf36ced6edca0][WARN] copy_aicore_buffer: [chip_swimlane_collector.cpp:689] Core 49: skipped 1024 AICore record slot(s) with start_time=0 (race-window write or recycled-buffer tail). buf seq=0 count=1024
[mono_ns=7319686264178633][T0xf36ceceddca0][WARN] copy_aicore_buffer: [chip_swimlane_collector.cpp:689] Core 51: skipped 1024 AICore record slot(s) with start_time=0 (race-window write or recycled-buffer tail). buf seq=0 count=1024
[mono_ns=7319686264361093][T0xf36cec6cdca0][WARN] copy_aicore_buffer: [chip_swimlane_collector.cpp:689] Core 17: skipped 1024 AICore record slot(s) with start_time=0 (race-window write or recycled-buffer tail). buf seq=0 count=1024
[mono_ns=7319686264364563][T0xf36ced6edca0][WARN] copy_aicore_buffer: [chip_swimlane_collector.cpp:689] Core 15: skipped 1024 AICore record slot(s) with start_time=0 (race-window write or recycled-buffer tail). buf seq=0 count=1024
[mono_ns=7319686264460454][T0xf36ceceddca0][WARN] copy_aicore_buffer: [chip_swimlane_collector.cpp:689] Core 16: skipped 1024 AICore record slot(s) with start_time=0 (race-window write or recycled-buffer tail). buf seq=0 count=1024
[mono_ns=7319686264642355][T0xf36cec6cdca0][WARN] copy_aicore_buffer: [chip_swimlane_collector.cpp:689] Core 58: skipped 1024 AICore record slot(s) with start_time=0 (race-window write or recycled-buffer tail). buf seq=0 count=1024
[mono_ns=7319686264643965][T0xf36ced6edca0][WARN] copy_aicore_buffer: [chip_swimlane_collector.cpp:689] Core 54: skipped 1024 AICore record slot(s) with start_time=0 (race-window write or recycled-buffer tail). buf seq=0 count=1024
[mono_ns=7319686264741565][T0xf36ceceddca0][WARN] copy_aicore_buffer: [chip_swimlane_collector.cpp:689] Core 56: skipped 1024 AICore record slot(s) with start_time=0 (race-window write or recycled-buffer tail). buf seq=0 count=1024
[mono_ns=7319686264921926][T0xf36cec6cdca0][WARN] copy_aicore_buffer: [chip_swimlane_collector.cpp:689] Core 59: skipped 1023 AICore record slot(s) with start_time=0 (race-window write or recycled-buffer tail). buf seq=0 count=1024
[mono_ns=7319686264922376][T0xf36ced6edca0][WARN] copy_aicore_buffer: [chip_swimlane_collector.cpp:689] Core 55: skipped 1024 AICore record slot(s) with start_time=0 (race-window write or recycled-buffer tail). buf seq=0 count=1024
[mono_ns=7319686265028886][T0xf36ceceddca0][WARN] copy_aicore_buffer: [chip_swimlane_collector.cpp:689] Core 57: skipped 1024 AICore record slot(s) with start_time=0 (race-window write or recycled-buffer tail). buf seq=0 count=1024
[mono_ns=7319686265216027][T0xf36cec6cdca0][WARN] copy_aicore_buffer: [chip_swimlane_collector.cpp:689] Core 20: skipped 1024 AICore record slot(s) with start_time=0 (race-window write or recycled-buffer tail). buf seq=0 count=1024
[mono_ns=7319686265247647][T0xf36ced6edca0][WARN] copy_aicore_buffer: [chip_swimlane_collector.cpp:689] Core 18: skipped 1024 AICore record slot(s) with start_time=0 (race-window write or recycled-buffer tail). buf seq=0 count=1024
[mono_ns=7319686265310247][T0xf36ceceddca0][WARN] copy_aicore_buffer: [chip_swimlane_collector.cpp:689] Core 19: skipped 1024 AICore record slot(s) with start_time=0 (race-window write or recycled-buffer tail). buf seq=0 count=1024
[mono_ns=7319686265496828][T0xf36cec6cdca0][WARN] copy_aicore_buffer: [chip_swimlane_collector.cpp:689] Core 64: skipped 1024 AICore record slot(s) with start_time=0 (race-window write or recycled-buffer tail). buf seq=0 count=1024
[mono_ns=7319686265528818][T0xf36ced6edca0][WARN] copy_aicore_buffer: [chip_swimlane_collector.cpp:689] Core 60: skipped 1024 AICore record slot(s) with start_time=0 (race-window write or recycled-buffer tail). buf seq=0 count=1024
[mono_ns=7319686265591229][T0xf36ceceddca0][WARN] copy_aicore_buffer: [chip_swimlane_collector.cpp:689] Core 62: skipped 1024 AICore record slot(s) with start_time=0 (race-window write or recycled-buffer tail). buf seq=0 count=1024
[mono_ns=7319686265776939][T0xf36cec6cdca0][WARN] copy_aicore_buffer: [chip_swimlane_collector.cpp:689] Core 65: skipped 1024 AICore record slot(s) with start_time=0 (race-window write or recycled-buffer tail). buf seq=0 count=1024
[mono_ns=7319686265808840][T0xf36ced6edca0][WARN] copy_aicore_buffer: [chip_swimlane_collector.cpp:689] Core 61: skipped 1024 AICore record slot(s) with start_time=0 (race-window write or recycled-buffer tail). buf seq=0 count=1024
[mono_ns=7319686265873140][T0xf36ceceddca0][WARN] copy_aicore_buffer: [chip_swimlane_collector.cpp:689] Core 63: skipped 1024 AICore record slot(s) with start_time=0 (race-window write or recycled-buffer tail). buf seq=0 count=1024
[mono_ns=7319686266068311][T0xf36cec6cdca0][WARN] copy_aicore_buffer: [chip_swimlane_collector.cpp:689] Core 23: skipped 1023 AICore record slot(s) with start_time=0 (race-window write or recycled-buffer tail). buf seq=0 count=1024
[mono_ns=7319686266100171][T0xf36ced6edca0][WARN] copy_aicore_buffer: [chip_swimlane_collector.cpp:689] Core 21: skipped 1024 AICore record slot(s) with start_time=0 (race-window write or recycled-buffer tail). buf seq=0 count=1024
[mono_ns=7319686266168371][T0xf36ceceddca0][WARN] copy_aicore_buffer: [chip_swimlane_collector.cpp:689] Core 22: skipped 1024 AICore record slot(s) with start_time=0 (race-window write or recycled-buffer tail). buf seq=0 count=1024
[mono_ns=7319686266348802][T0xf36cec6cdca0][WARN] copy_aicore_buffer: [chip_swimlane_collector.cpp:689] Core 70: skipped 1024 AICore record slot(s) with start_time=0 (race-window write or recycled-buffer tail). buf seq=0 count=1024
[mono_ns=7319686266381512][T0xf36ced6edca0][WARN] copy_aicore_buffer: [chip_swimlane_collector.cpp:689] Core 66: skipped 1024 AICore record slot(s) with start_time=0 (race-window write or recycled-buffer tail). buf seq=0 count=1024
[mono_ns=7319686266449562][T0xf36ceceddca0][WARN] copy_aicore_buffer: [chip_swimlane_collector.cpp:689] Core 68: skipped 1024 AICore record slot(s) with start_time=0 (race-window write or recycled-buffer tail). buf seq=0 count=1024
[mono_ns=7319686266630423][T0xf36cec6cdca0][WARN] copy_aicore_buffer: [chip_swimlane_collector.cpp:689] Core 71: skipped 1024 AICore record slot(s) with start_time=0 (race-window write or recycled-buffer tail). buf seq=0 count=1024
[mono_ns=7319686266661883][T0xf36ced6edca0][WARN] copy_aicore_buffer: [chip_swimlane_collector.cpp:689] Core 67: skipped 1024 AICore record slot(s) with start_time=0 (race-window write or recycled-buffer tail). buf seq=0 count=1024
[mono_ns=7319686266730594][T0xf36ceceddca0][WARN] copy_aicore_buffer: [chip_swimlane_collector.cpp:689] Core 69: skipped 1024 AICore record slot(s) with start_time=0 (race-window write or recycled-buffer tail). buf seq=0 count=1024
[mono_ns=7319686367119950][T0xf36e4a0b7020][TIMING] emit_host_span: [STRACE] v=1 pid=2155045 tid=2155045 inv=78 hid=9a0ce7c17a38dab depth=1 name=chip.run.runner_run ts=7319686259031861 dur=108080939 
[mono_ns=7319686367160971][T0xf36e4a0b7020][TIMING] emit_host_span: [STRACE] v=1 pid=2155045 tid=2155045 inv=78 hid=9a0ce7c17a38dab depth=1 name=chip.run.validate ts=7319686367130340 dur=27301 
[mono_ns=7319686367166261][T0xf36e4a0b7020][TIMING] emit_host_span: [STRACE] v=1 pid=2155045 tid=2155045 inv=78 hid=9a0ce7c17a38dab depth=2 name=chip.run.runner_run.device_wall ts=0 dur=652000 clk=dev
[mono_ns=7319686367170041][T0xf36e4a0b7020][TIMING] emit_host_span: [STRACE] v=1 pid=2155045 tid=2155045 inv=78 hid=9a0ce7c17a38dab depth=3 name=chip.run.runner_run.device_wall.preamble ts=0 dur=618760 clk=dev
[mono_ns=7319686367173781][T0xf36e4a0b7020][TIMING] emit_host_span: [STRACE] v=1 pid=2155045 tid=2155045 inv=78 hid=9a0ce7c17a38dab depth=3 name=chip.run.runner_run.device_wall.graph_build ts=614239 dur=27180 clk=dev
[mono_ns=7319686367177211][T0xf36e4a0b7020][TIMING] emit_host_span: [STRACE] v=1 pid=2155045 tid=2155045 inv=78 hid=9a0ce7c17a38dab depth=3 name=chip.run.runner_run.device_wall.config_validate ts=614340 dur=500 clk=dev
[mono_ns=7319686367180401][T0xf36e4a0b7020][TIMING] emit_host_span: [STRACE] v=1 pid=2155045 tid=2155045 inv=78 hid=9a0ce7c17a38dab depth=3 name=chip.run.runner_run.device_wall.arena_wire ts=614859 dur=380 clk=dev
[mono_ns=7319686367190451][T0xf36e4a0b7020][TIMING] emit_host_span: [STRACE] v=1 pid=2155045 tid=2155045 inv=78 hid=9a0ce7c17a38dab depth=3 name=chip.run.runner_run.device_wall.sm_reset ts=615320 dur=480 clk=dev
[mono_ns=7319686367195921][T0xf36e4a0b7020][TIMING] emit_host_span: [STRACE] v=1 pid=2155045 tid=2155045 inv=78 hid=9a0ce7c17a38dab depth=3 name=chip.run.runner_run.device_wall.post_orch ts=641480 dur=10400 clk=dev
[mono_ns=7319686367199171][T0xf36e4a0b7020][TIMING] emit_host_span: [STRACE] v=1 pid=2155045 tid=2155045 inv=78 hid=9a0ce7c17a38dab depth=3 name=chip.run.runner_run.device_wall.orch ts=615840 dur=1760 clk=dev
[mono_ns=7319686367203371][T0xf36e4a0b7020][TIMING] emit_host_span: [STRACE] v=1 pid=2155045 tid=2155045 inv=78 hid=9a0ce7c17a38dab depth=3 name=chip.run.runner_run.device_wall.sched ts=618960 dur=6120 clk=dev
[mono_ns=7319686367208791][T0xf36e4a0b7020][TIMING] emit_host_span: [STRACE] v=1 pid=2155045 tid=2155045 inv=78 hid=9a0ce7c17a38dab depth=1 name=chip.run.claim_release ts=7319686367206691 dur=330 
[mono_ns=7319686367214071][T0xf36e4a0b7020][TIMING] emit_host_span: [STRACE] v=1 pid=2155045 tid=2155045 inv=78 hid=9a0ce7c17a38dab depth=0 name=chip.run ts=7319686258624339 dur=108587742 run_id=20 dispatch_id=78 slot_id=0 generation=20 run_epoch=78
[mono_ns=7319686367517822][T0xf36e4a0b7020][TIMING] emit_host_span: [STRACE] v=1 pid=2155045 tid=2155045 inv=79 hid=aa636548c65ca6a1 depth=2 name=chip.run.bind.args ts=7319686367469012 dur=44630 
[mono_ns=7319686367533332][T0xf36e4a0b7020][TIMING] emit_host_span: [STRACE] v=1 pid=2155045 tid=2155045 inv=79 hid=aa636548c65ca6a1 depth=2 name=chip.run.bind.prebuilt ts=7319686367529242 dur=1920 
[mono_ns=7319686367542962][T0xf36e4a0b7020][TIMING] emit_host_span: [STRACE] v=1 pid=2155045 tid=2155045 inv=79 hid=aa636548c65ca6a1 depth=1 name=chip.run.bind ts=7319686367462652 dur=78260 
[mono_ns=7319686377920826][T0xf36e4a0b7020][TIMING] emit_host_span: [STRACE] v=1 pid=2155045 tid=2155045 inv=79 hid=aa636548c65ca6a1 depth=1 name=chip.run.runner_run ts=7319686367718273 dur=10196403 
[mono_ns=7319686377959877][T0xf36e4a0b7020][TIMING] emit_host_span: [STRACE] v=1 pid=2155045 tid=2155045 inv=79 hid=aa636548c65ca6a1 depth=1 name=chip.run.validate ts=7319686377931866 dur=24691 
[mono_ns=7319686377970477][T0xf36e4a0b7020][TIMING] emit_host_span: [STRACE] v=1 pid=2155045 tid=2155045 inv=79 hid=aa636548c65ca6a1 depth=2 name=chip.run.runner_run.device_wall ts=0 dur=9982320 clk=dev
[mono_ns=7319686377974967][T0xf36e4a0b7020][TIMING] emit_host_span: [STRACE] v=1 pid=2155045 tid=2155045 inv=79 hid=aa636548c65ca6a1 depth=3 name=chip.run.runner_run.device_wall.preamble ts=0 dur=5520 clk=dev
[mono_ns=7319686377979307][T0xf36e4a0b7020][TIMING] emit_host_span: [STRACE] v=1 pid=2155045 tid=2155045 inv=79 hid=aa636548c65ca6a1 depth=3 name=chip.run.runner_run.device_wall.graph_build ts=1640 dur=9970960 clk=dev
[mono_ns=7319686377982767][T0xf36e4a0b7020][TIMING] emit_host_span: [STRACE] v=1 pid=2155045 tid=2155045 inv=79 hid=aa636548c65ca6a1 depth=3 name=chip.run.runner_run.device_wall.config_validate ts=1740 dur=500 clk=dev
[mono_ns=7319686377992617][T0xf36e4a0b7020][TIMING] emit_host_span: [STRACE] v=1 pid=2155045 tid=2155045 inv=79 hid=aa636548c65ca6a1 depth=3 name=chip.run.runner_run.device_wall.arena_wire ts=2340 dur=240 clk=dev
[mono_ns=7319686377997397][T0xf36e4a0b7020][TIMING] emit_host_span: [STRACE] v=1 pid=2155045 tid=2155045 inv=79 hid=aa636548c65ca6a1 depth=3 name=chip.run.runner_run.device_wall.sm_reset ts=2600 dur=480 clk=dev
[mono_ns=7319686378011477][T0xf36e4a0b7020][TIMING] emit_host_span: [STRACE] v=1 pid=2155045 tid=2155045 inv=79 hid=aa636548c65ca6a1 depth=3 name=chip.run.runner_run.device_wall.post_orch ts=9972640 dur=9560 clk=dev
[mono_ns=7319686378015087][T0xf36e4a0b7020][TIMING] emit_host_span: [STRACE] v=1 pid=2155045 tid=2155045 inv=79 hid=aa636548c65ca6a1 depth=3 name=chip.run.runner_run.device_wall.orch ts=3100 dur=1760 clk=dev
[mono_ns=7319686378018377][T0xf36e4a0b7020][TIMING] emit_host_span: [STRACE] v=1 pid=2155045 tid=2155045 inv=79 hid=aa636548c65ca6a1 depth=3 name=chip.run.runner_run.device_wall.sched ts=5600 dur=9959779 clk=dev
[mono_ns=7319686378022527][T0xf36e4a0b7020][TIMING] emit_host_span: [STRACE] v=1 pid=2155045 tid=2155045 inv=79 hid=aa636548c65ca6a1 depth=1 name=chip.run.claim_release ts=7319686378020427 dur=320 
[mono_ns=7319686378026947][T0xf36e4a0b7020][TIMING] emit_host_span: [STRACE] v=1 pid=2155045 tid=2155045 inv=79 hid=aa636548c65ca6a1 depth=0 name=chip.run ts=7319686367444852 dur=10580115 run_id=20 dispatch_id=79 slot_id=0 generation=20 run_epoch=79
[mono_ns=7319686378914631][T0xf36e4a0b7020][TIMING] emit_host_span: [STRACE] v=1 pid=2155045 tid=2155045 inv=80 hid=e3bcbf8fce8ee77f depth=2 name=chip.run.bind.args ts=7319686378853580 dur=55861 
[mono_ns=7319686378936571][T0xf36e4a0b7020][TIMING] emit_host_span: [STRACE] v=1 pid=2155045 tid=2155045 inv=80 hid=e3bcbf8fce8ee77f depth=2 name=chip.run.bind.prebuilt ts=7319686378931771 dur=1760 
[mono_ns=7319686378941321][T0xf36e4a0b7020][TIMING] emit_host_span: [STRACE] v=1 pid=2155045 tid=2155045 inv=80 hid=e3bcbf8fce8ee77f depth=1 name=chip.run.bind ts=7319686378847160 dur=92201 
[mono_ns=7319686380330747][T0xf36ceceddca0][WARN] copy_aicore_buffer: [chip_swimlane_collector.cpp:689] Core 1: skipped 1024 AICore record slot(s) with start_time=0 (race-window write or recycled-buffer tail). buf seq=0 count=1024
[mono_ns=7319686380343227][T0xf36cec6cdca0][WARN] copy_aicore_buffer: [chip_swimlane_collector.cpp:689] Core 2: skipped 1024 AICore record slot(s) with start_time=0 (race-window write or recycled-buffer tail). buf seq=0 count=1024
[mono_ns=7319686380382487][T0xf36ced6edca0][WARN] copy_aicore_buffer: [chip_swimlane_collector.cpp:689] Core 0: skipped 1024 AICore record slot(s) with start_time=0 (race-window write or recycled-buffer tail). buf seq=0 count=1024
[mono_ns=7319686380622168][T0xf36ceceddca0][WARN] copy_aicore_buffer: [chip_swimlane_collector.cpp:689] Core 26: skipped 1024 AICore record slot(s) with start_time=0 (race-window write or recycled-buffer tail). buf seq=0 count=1024
[mono_ns=7319686380626118][T0xf36cec6cdca0][WARN] copy_aicore_buffer: [chip_swimlane_collector.cpp:689] Core 28: skipped 1023 AICore record slot(s) with start_time=0 (race-window write or recycled-buffer tail). buf seq=0 count=1024
[mono_ns=7319686380665618][T0xf36ced6edca0][WARN] copy_aicore_buffer: [chip_swimlane_collector.cpp:689] Core 24: skipped 1024 AICore record slot(s) with start_time=0 (race-window write or recycled-buffer tail). buf seq=0 count=1024
[mono_ns=7319686380903989][T0xf36ceceddca0][WARN] copy_aicore_buffer: [chip_swimlane_collector.cpp:689] Core 27: skipped 1024 AICore record slot(s) with start_time=0 (race-window write or recycled-buffer tail). buf seq=0 count=1024
[mono_ns=7319686380905309][T0xf36cec6cdca0][WARN] copy_aicore_buffer: [chip_swimlane_collector.cpp:689] Core 29: skipped 1024 AICore record slot(s) with start_time=0 (race-window write or recycled-buffer tail). buf seq=0 count=1024
[mono_ns=7319686380947109][T0xf36ced6edca0][WARN] copy_aicore_buffer: [chip_swimlane_collector.cpp:689] Core 25: skipped 1024 AICore record slot(s) with start_time=0 (race-window write or recycled-buffer tail). buf seq=0 count=1024
[mono_ns=7319686381195080][T0xf36cec6cdca0][WARN] copy_aicore_buffer: [chip_swimlane_collector.cpp:689] Core 5: skipped 1024 AICore record slot(s) with start_time=0 (race-window write or recycled-buffer tail). buf seq=0 count=1024
[mono_ns=7319686381197840][T0xf36ceceddca0][WARN] copy_aicore_buffer: [chip_swimlane_collector.cpp:689] Core 4: skipped 1024 AICore record slot(s) with start_time=0 (race-window write or recycled-buffer tail). buf seq=0 count=1024
[mono_ns=7319686381238200][T0xf36ced6edca0][WARN] copy_aicore_buffer: [chip_swimlane_collector.cpp:689] Core 3: skipped 1024 AICore record slot(s) with start_time=0 (race-window write or recycled-buffer tail). buf seq=0 count=1024
[mono_ns=7319686381477592][T0xf36cec6cdca0][WARN] copy_aicore_buffer: [chip_swimlane_collector.cpp:689] Core 34: skipped 1024 AICore record slot(s) with start_time=0 (race-window write or recycled-buffer tail). buf seq=0 count=1024
[mono_ns=7319686381479632][T0xf36ceceddca0][WARN] copy_aicore_buffer: [chip_swimlane_collector.cpp:689] Core 32: skipped 1023 AICore record slot(s) with start_time=0 (race-window write or recycled-buffer tail). buf seq=0 count=1024
[mono_ns=7319686381519022][T0xf36ced6edca0][WARN] copy_aicore_buffer: [chip_swimlane_collector.cpp:689] Core 30: skipped 1024 AICore record slot(s) with start_time=0 (race-window write or recycled-buffer tail). buf seq=0 count=1024
[mono_ns=7319686381758043][T0xf36cec6cdca0][WARN] copy_aicore_buffer: [chip_swimlane_collector.cpp:689] Core 35: skipped 1024 AICore record slot(s) with start_time=0 (race-window write or recycled-buffer tail). buf seq=0 count=1024
[mono_ns=7319686381765843][T0xf36ceceddca0][WARN] copy_aicore_buffer: [chip_swimlane_collector.cpp:689] Core 33: skipped 1024 AICore record slot(s) with start_time=0 (race-window write or recycled-buffer tail). buf seq=0 count=1024
[mono_ns=7319686381800993][T0xf36ced6edca0][WARN] copy_aicore_buffer: [chip_swimlane_collector.cpp:689] Core 31: skipped 1024 AICore record slot(s) with start_time=0 (race-window write or recycled-buffer tail). buf seq=0 count=1024
[mono_ns=7319686382043904][T0xf36cec6cdca0][WARN] copy_aicore_buffer: [chip_swimlane_collector.cpp:689] Core 8: skipped 1024 AICore record slot(s) with start_time=0 (race-window write or recycled-buffer tail). buf seq=0 count=1024
[mono_ns=7319686382052644][T0xf36ceceddca0][WARN] copy_aicore_buffer: [chip_swimlane_collector.cpp:689] Core 7: skipped 1024 AICore record slot(s) with start_time=0 (race-window write or recycled-buffer tail). buf seq=0 count=1024
[mono_ns=7319686382086544][T0xf36ced6edca0][WARN] copy_aicore_buffer: [chip_swimlane_collector.cpp:689] Core 6: skipped 1024 AICore record slot(s) with start_time=0 (race-window write or recycled-buffer tail). buf seq=0 count=1024
[mono_ns=7319686382325675][T0xf36cec6cdca0][WARN] copy_aicore_buffer: [chip_swimlane_collector.cpp:689] Core 40: skipped 1024 AICore record slot(s) with start_time=0 (race-window write or recycled-buffer tail). buf seq=0 count=1024
[mono_ns=7319686382332235][T0xf36ceceddca0][WARN] copy_aicore_buffer: [chip_swimlane_collector.cpp:689] Core 38: skipped 1024 AICore record slot(s) with start_time=0 (race-window write or recycled-buffer tail). buf seq=0 count=1024
[mono_ns=7319686382371075][T0xf36ced6edca0][WARN] copy_aicore_buffer: [chip_swimlane_collector.cpp:689] Core 36: skipped 1024 AICore record slot(s) with start_time=0 (race-window write or recycled-buffer tail). buf seq=0 count=1024
[mono_ns=7319686382606506][T0xf36cec6cdca0][WARN] copy_aicore_buffer: [chip_swimlane_collector.cpp:689] Core 41: skipped 1024 AICore record slot(s) with start_time=0 (race-window write or recycled-buffer tail). buf seq=0 count=1024
[mono_ns=7319686382611596][T0xf36ceceddca0][WARN] copy_aicore_buffer: [chip_swimlane_collector.cpp:689] Core 39: skipped 1024 AICore record slot(s) with start_time=0 (race-window write or recycled-buffer tail). buf seq=0 count=1024
[mono_ns=7319686382650046][T0xf36ced6edca0][WARN] copy_aicore_buffer: [chip_swimlane_collector.cpp:689] Core 37: skipped 1024 AICore record slot(s) with start_time=0 (race-window write or recycled-buffer tail). buf seq=0 count=1024
[mono_ns=7319686382888378][T0xf36cec6cdca0][WARN] copy_aicore_buffer: [chip_swimlane_collector.cpp:689] Core 11: skipped 1023 AICore record slot(s) with start_time=0 (race-window write or recycled-buffer tail). buf seq=0 count=1024
[mono_ns=7319686382892078][T0xf36ceceddca0][WARN] copy_aicore_buffer: [chip_swimlane_collector.cpp:689] Core 10: skipped 1024 AICore record slot(s) with start_time=0 (race-window write or recycled-buffer tail). buf seq=0 count=1024
[mono_ns=7319686382929608][T0xf36ced6edca0][WARN] copy_aicore_buffer: [chip_swimlane_collector.cpp:689] Core 9: skipped 1024 AICore record slot(s) with start_time=0 (race-window write or recycled-buffer tail). buf seq=0 count=1024
[mono_ns=7319686383176609][T0xf36cec6cdca0][WARN] copy_aicore_buffer: [chip_swimlane_collector.cpp:689] Core 46: skipped 1024 AICore record slot(s) with start_time=0 (race-window write or recycled-buffer tail). buf seq=0 count=1024
[mono_ns=7319686383180559][T0xf36ceceddca0][WARN] copy_aicore_buffer: [chip_swimlane_collector.cpp:689] Core 44: skipped 1023 AICore record slot(s) with start_time=0 (race-window write or recycled-buffer tail). buf seq=0 count=1024
[mono_ns=7319686383218749][T0xf36ced6edca0][WARN] copy_aicore_buffer: [chip_swimlane_collector.cpp:689] Core 42: skipped 1024 AICore record slot(s) with start_time=0 (race-window write or recycled-buffer tail). buf seq=0 count=1024
[mono_ns=7319686383458390][T0xf36cec6cdca0][WARN] copy_aicore_buffer: [chip_swimlane_collector.cpp:689] Core 47: skipped 1024 AICore record slot(s) with start_time=0 (race-window write or recycled-buffer tail). buf seq=0 count=1024
[mono_ns=7319686383459850][T0xf36ceceddca0][WARN] copy_aicore_buffer: [chip_swimlane_collector.cpp:689] Core 45: skipped 1024 AICore record slot(s) with start_time=0 (race-window write or recycled-buffer tail). buf seq=0 count=1024
[mono_ns=7319686383502680][T0xf36ced6edca0][WARN] copy_aicore_buffer: [chip_swimlane_collector.cpp:689] Core 43: skipped 1024 AICore record slot(s) with start_time=0 (race-window write or recycled-buffer tail). buf seq=0 count=1024
[mono_ns=7319686383737491][T0xf36cec6cdca0][WARN] copy_aicore_buffer: [chip_swimlane_collector.cpp:689] Core 14: skipped 1024 AICore record slot(s) with start_time=0 (race-window write or recycled-buffer tail). buf seq=0 count=1024
[mono_ns=7319686383740631][T0xf36ceceddca0][WARN] copy_aicore_buffer: [chip_swimlane_collector.cpp:689] Core 13: skipped 1024 AICore record slot(s) with start_time=0 (race-window write or recycled-buffer tail). buf seq=0 count=1024
[mono_ns=7319686383783991][T0xf36ced6edca0][WARN] copy_aicore_buffer: [chip_swimlane_collector.cpp:689] Core 12: skipped 1024 AICore record slot(s) with start_time=0 (race-window write or recycled-buffer tail). buf seq=0 count=1024
[mono_ns=7319686384023792][T0xf36cec6cdca0][WARN] copy_aicore_buffer: [chip_swimlane_collector.cpp:689] Core 52: skipped 1024 AICore record slot(s) with start_time=0 (race-window write or recycled-buffer tail). buf seq=0 count=1024
[mono_ns=7319686384027072][T0xf36ceceddca0][WARN] copy_aicore_buffer: [chip_swimlane_collector.cpp:689] Core 50: skipped 1023 AICore record slot(s) with start_time=0 (race-window write or recycled-buffer tail). buf seq=0 count=1024
[mono_ns=7319686384071593][T0xf36ced6edca0][WARN] copy_aicore_buffer: [chip_swimlane_collector.cpp:689] Core 48: skipped 1024 AICore record slot(s) with start_time=0 (race-window write or recycled-buffer tail). buf seq=0 count=1024
[mono_ns=7319686384304674][T0xf36cec6cdca0][WARN] copy_aicore_buffer: [chip_swimlane_collector.cpp:689] Core 53: skipped 1024 AICore record slot(s) with start_time=0 (race-window write or recycled-buffer tail). buf seq=0 count=1024
[mono_ns=7319686384307574][T0xf36ceceddca0][WARN] copy_aicore_buffer: [chip_swimlane_collector.cpp:689] Core 51: skipped 1024 AICore record slot(s) with start_time=0 (race-window write or recycled-buffer tail). buf seq=0 count=1024
[mono_ns=7319686384351524][T0xf36ced6edca0][WARN] copy_aicore_buffer: [chip_swimlane_collector.cpp:689] Core 49: skipped 1024 AICore record slot(s) with start_time=0 (race-window write or recycled-buffer tail). buf seq=0 count=1024
[mono_ns=7319686384585125][T0xf36cec6cdca0][WARN] copy_aicore_buffer: [chip_swimlane_collector.cpp:689] Core 17: skipped 1024 AICore record slot(s) with start_time=0 (race-window write or recycled-buffer tail). buf seq=0 count=1024
[mono_ns=7319686384587585][T0xf36ceceddca0][WARN] copy_aicore_buffer: [chip_swimlane_collector.cpp:689] Core 16: skipped 1024 AICore record slot(s) with start_time=0 (race-window write or recycled-buffer tail). buf seq=0 count=1024
[mono_ns=7319686384630885][T0xf36ced6edca0][WARN] copy_aicore_buffer: [chip_swimlane_collector.cpp:689] Core 15: skipped 1024 AICore record slot(s) with start_time=0 (race-window write or recycled-buffer tail). buf seq=0 count=1024
[mono_ns=7319686384865866][T0xf36cec6cdca0][WARN] copy_aicore_buffer: [chip_swimlane_collector.cpp:689] Core 58: skipped 1024 AICore record slot(s) with start_time=0 (race-window write or recycled-buffer tail). buf seq=0 count=1024
[mono_ns=7319686384867426][T0xf36ceceddca0][WARN] copy_aicore_buffer: [chip_swimlane_collector.cpp:689] Core 56: skipped 1024 AICore record slot(s) with start_time=0 (race-window write or recycled-buffer tail). buf seq=0 count=1024
[mono_ns=7319686384911326][T0xf36ced6edca0][WARN] copy_aicore_buffer: [chip_swimlane_collector.cpp:689] Core 54: skipped 1024 AICore record slot(s) with start_time=0 (race-window write or recycled-buffer tail). buf seq=0 count=1024
[mono_ns=7319686385150337][T0xf36cec6cdca0][WARN] copy_aicore_buffer: [chip_swimlane_collector.cpp:689] Core 59: skipped 1024 AICore record slot(s) with start_time=0 (race-window write or recycled-buffer tail). buf seq=0 count=1024
[mono_ns=7319686385157127][T0xf36ceceddca0][WARN] copy_aicore_buffer: [chip_swimlane_collector.cpp:689] Core 57: skipped 1024 AICore record slot(s) with start_time=0 (race-window write or recycled-buffer tail). buf seq=0 count=1024
[mono_ns=7319686385196957][T0xf36ced6edca0][WARN] copy_aicore_buffer: [chip_swimlane_collector.cpp:689] Core 55: skipped 1024 AICore record slot(s) with start_time=0 (race-window write or recycled-buffer tail). buf seq=0 count=1024
[mono_ns=7319686385434518][T0xf36cec6cdca0][WARN] copy_aicore_buffer: [chip_swimlane_collector.cpp:689] Core 20: skipped 1024 AICore record slot(s) with start_time=0 (race-window write or recycled-buffer tail). buf seq=0 count=1024
[mono_ns=7319686385436738][T0xf36ceceddca0][WARN] copy_aicore_buffer: [chip_swimlane_collector.cpp:689] Core 19: skipped 1024 AICore record slot(s) with start_time=0 (race-window write or recycled-buffer tail). buf seq=0 count=1024
[mono_ns=7319686385477389][T0xf36ced6edca0][WARN] copy_aicore_buffer: [chip_swimlane_collector.cpp:689] Core 18: skipped 1024 AICore record slot(s) with start_time=0 (race-window write or recycled-buffer tail). buf seq=0 count=1024
[mono_ns=7319686385715440][T0xf36cec6cdca0][WARN] copy_aicore_buffer: [chip_swimlane_collector.cpp:689] Core 64: skipped 1024 AICore record slot(s) with start_time=0 (race-window write or recycled-buffer tail). buf seq=0 count=1024
[mono_ns=7319686385716930][T0xf36ceceddca0][WARN] copy_aicore_buffer: [chip_swimlane_collector.cpp:689] Core 62: skipped 1024 AICore record slot(s) with start_time=0 (race-window write or recycled-buffer tail). buf seq=0 count=1024
[mono_ns=7319686385757110][T0xf36ced6edca0][WARN] copy_aicore_buffer: [chip_swimlane_collector.cpp:689] Core 60: skipped 1024 AICore record slot(s) with start_time=0 (race-window write or recycled-buffer tail). buf seq=0 count=1024
[mono_ns=7319686385996871][T0xf36ceceddca0][WARN] copy_aicore_buffer: [chip_swimlane_collector.cpp:689] Core 63: skipped 1024 AICore record slot(s) with start_time=0 (race-window write or recycled-buffer tail). buf seq=0 count=1024
[mono_ns=7319686385997101][T0xf36cec6cdca0][WARN] copy_aicore_buffer: [chip_swimlane_collector.cpp:689] Core 65: skipped 1024 AICore record slot(s) with start_time=0 (race-window write or recycled-buffer tail). buf seq=0 count=1024
[mono_ns=7319686386047441][T0xf36ced6edca0][WARN] copy_aicore_buffer: [chip_swimlane_collector.cpp:689] Core 61: skipped 1023 AICore record slot(s) with start_time=0 (race-window write or recycled-buffer tail). buf seq=0 count=1024
[mono_ns=7319686386282522][T0xf36cec6cdca0][WARN] copy_aicore_buffer: [chip_swimlane_collector.cpp:689] Core 23: skipped 1023 AICore record slot(s) with start_time=0 (race-window write or recycled-buffer tail). buf seq=0 count=1024
[mono_ns=7319686386285662][T0xf36ceceddca0][WARN] copy_aicore_buffer: [chip_swimlane_collector.cpp:689] Core 22: skipped 1024 AICore record slot(s) with start_time=0 (race-window write or recycled-buffer tail). buf seq=0 count=1024
[mono_ns=7319686386327782][T0xf36ced6edca0][WARN] copy_aicore_buffer: [chip_swimlane_collector.cpp:689] Core 21: skipped 1024 AICore record slot(s) with start_time=0 (race-window write or recycled-buffer tail). buf seq=0 count=1024
[mono_ns=7319686386563673][T0xf36cec6cdca0][WARN] copy_aicore_buffer: [chip_swimlane_collector.cpp:689] Core 70: skipped 1024 AICore record slot(s) with start_time=0 (race-window write or recycled-buffer tail). buf seq=0 count=1024
[mono_ns=7319686386564893][T0xf36ceceddca0][WARN] copy_aicore_buffer: [chip_swimlane_collector.cpp:689] Core 68: skipped 1024 AICore record slot(s) with start_time=0 (race-window write or recycled-buffer tail). buf seq=0 count=1024
[mono_ns=7319686386608913][T0xf36ced6edca0][WARN] copy_aicore_buffer: [chip_swimlane_collector.cpp:689] Core 66: skipped 1024 AICore record slot(s) with start_time=0 (race-window write or recycled-buffer tail). buf seq=0 count=1024
[mono_ns=7319686386843654][T0xf36cec6cdca0][WARN] copy_aicore_buffer: [chip_swimlane_collector.cpp:689] Core 71: skipped 1024 AICore record slot(s) with start_time=0 (race-window write or recycled-buffer tail). buf seq=0 count=1024
[mono_ns=7319686386846694][T0xf36ceceddca0][WARN] copy_aicore_buffer: [chip_swimlane_collector.cpp:689] Core 69: skipped 1024 AICore record slot(s) with start_time=0 (race-window write or recycled-buffer tail). buf seq=0 count=1024
[mono_ns=7319686386889965][T0xf36ced6edca0][WARN] copy_aicore_buffer: [chip_swimlane_collector.cpp:689] Core 67: skipped 1024 AICore record slot(s) with start_time=0 (race-window write or recycled-buffer tail). buf seq=0 count=1024
[mono_ns=7319686487335782][T0xf36e4a0b7020][TIMING] emit_host_span: [STRACE] v=1 pid=2155045 tid=2155045 inv=80 hid=e3bcbf8fce8ee77f depth=1 name=chip.run.runner_run ts=7319686379191602 dur=108137510 
[mono_ns=7319686488076615][T0xf36e4a0b7020][TIMING] emit_host_span: [STRACE] v=1 pid=2155045 tid=2155045 inv=80 hid=e3bcbf8fce8ee77f depth=1 name=chip.run.validate ts=7319686487347852 dur=723683 
[mono_ns=7319686488092115][T0xf36e4a0b7020][TIMING] emit_host_span: [STRACE] v=1 pid=2155045 tid=2155045 inv=80 hid=e3bcbf8fce8ee77f depth=2 name=chip.run.runner_run.device_wall ts=0 dur=701460 clk=dev
[mono_ns=7319686488096745][T0xf36e4a0b7020][TIMING] emit_host_span: [STRACE] v=1 pid=2155045 tid=2155045 inv=80 hid=e3bcbf8fce8ee77f depth=3 name=chip.run.runner_run.device_wall.preamble ts=0 dur=624020 clk=dev
[mono_ns=7319686488106865][T0xf36e4a0b7020][TIMING] emit_host_span: [STRACE] v=1 pid=2155045 tid=2155045 inv=80 hid=e3bcbf8fce8ee77f depth=3 name=chip.run.runner_run.device_wall.graph_build ts=619640 dur=72300 clk=dev
[mono_ns=7319686488110365][T0xf36e4a0b7020][TIMING] emit_host_span: [STRACE] v=1 pid=2155045 tid=2155045 inv=80 hid=e3bcbf8fce8ee77f depth=3 name=chip.run.runner_run.device_wall.config_validate ts=619720 dur=560 clk=dev
[mono_ns=7319686488113605][T0xf36e4a0b7020][TIMING] emit_host_span: [STRACE] v=1 pid=2155045 tid=2155045 inv=80 hid=e3bcbf8fce8ee77f depth=3 name=chip.run.runner_run.device_wall.arena_wire ts=620300 dur=260 clk=dev
[mono_ns=7319686488116845][T0xf36e4a0b7020][TIMING] emit_host_span: [STRACE] v=1 pid=2155045 tid=2155045 inv=80 hid=e3bcbf8fce8ee77f depth=3 name=chip.run.runner_run.device_wall.sm_reset ts=620600 dur=440 clk=dev
[mono_ns=7319686488120045][T0xf36e4a0b7020][TIMING] emit_host_span: [STRACE] v=1 pid=2155045 tid=2155045 inv=80 hid=e3bcbf8fce8ee77f depth=3 name=chip.run.runner_run.device_wall.post_orch ts=691980 dur=9340 clk=dev
[mono_ns=7319686488124085][T0xf36e4a0b7020][TIMING] emit_host_span: [STRACE] v=1 pid=2155045 tid=2155045 inv=80 hid=e3bcbf8fce8ee77f depth=3 name=chip.run.runner_run.device_wall.orch ts=621079 dur=1900 clk=dev
[mono_ns=7319686488128885][T0xf36e4a0b7020][TIMING] emit_host_span: [STRACE] v=1 pid=2155045 tid=2155045 inv=80 hid=e3bcbf8fce8ee77f depth=3 name=chip.run.runner_run.device_wall.sched ts=624220 dur=51140 clk=dev
[mono_ns=7319686488135655][T0xf36e4a0b7020][TIMING] emit_host_span: [STRACE] v=1 pid=2155045 tid=2155045 inv=80 hid=e3bcbf8fce8ee77f depth=1 name=chip.run.claim_release ts=7319686488133365 dur=370 
[mono_ns=7319686488140795][T0xf36e4a0b7020][TIMING] emit_host_span: [STRACE] v=1 pid=2155045 tid=2155045 inv=80 hid=e3bcbf8fce8ee77f depth=0 name=chip.run ts=7319686378826140 dur=109312705 run_id=20 dispatch_id=80 slot_id=0 generation=20 run_epoch=80
[mono_ns=7319700805999421][T0xf36e4a0b7020][TIMING] emit_host_span: [STRACE] v=1 pid=2155045 tid=2155045 inv=81 hid=7330127d2e7be9ea depth=2 name=chip.run.bind.args ts=7319700805135717 dur=854024 
[mono_ns=7319700806038121][T0xf36e4a0b7020][TIMING] emit_host_span: [STRACE] v=1 pid=2155045 tid=2155045 inv=81 hid=7330127d2e7be9ea depth=2 name=chip.run.bind.prebuilt ts=7319700806030581 dur=4640 
[mono_ns=7319700806043701][T0xf36e4a0b7020][TIMING] emit_host_span: [STRACE] v=1 pid=2155045 tid=2155045 inv=81 hid=7330127d2e7be9ea depth=1 name=chip.run.bind ts=7319700805120567 dur=920634 
[mono_ns=7319700911260928][T0xf36e4a0b7020][TIMING] emit_host_span: [STRACE] v=1 pid=2155045 tid=2155045 inv=81 hid=7330127d2e7be9ea depth=1 name=chip.run.runner_run ts=7319700806350572 dur=104893556 
[mono_ns=7319700911322959][T0xf36e4a0b7020][TIMING] emit_host_span: [STRACE] v=1 pid=2155045 tid=2155045 inv=81 hid=7330127d2e7be9ea depth=1 name=chip.run.validate ts=7319700911278968 dur=40281 
[mono_ns=7319700911334819][T0xf36e4a0b7020][TIMING] emit_host_span: [STRACE] v=1 pid=2155045 tid=2155045 inv=81 hid=7330127d2e7be9ea depth=2 name=chip.run.runner_run.device_wall ts=0 dur=141519 clk=dev
[mono_ns=7319700911346589][T0xf36e4a0b7020][TIMING] emit_host_span: [STRACE] v=1 pid=2155045 tid=2155045 inv=81 hid=7330127d2e7be9ea depth=3 name=chip.run.runner_run.device_wall.preamble ts=0 dur=10660 clk=dev
[mono_ns=7319700911352009][T0xf36e4a0b7020][TIMING] emit_host_span: [STRACE] v=1 pid=2155045 tid=2155045 inv=81 hid=7330127d2e7be9ea depth=3 name=chip.run.runner_run.device_wall.graph_build ts=1880 dur=127580 clk=dev
[mono_ns=7319700911356409][T0xf36e4a0b7020][TIMING] emit_host_span: [STRACE] v=1 pid=2155045 tid=2155045 inv=81 hid=7330127d2e7be9ea depth=3 name=chip.run.runner_run.device_wall.config_validate ts=2040 dur=1060 clk=dev
[mono_ns=7319700911359579][T0xf36e4a0b7020][TIMING] emit_host_span: [STRACE] v=1 pid=2155045 tid=2155045 inv=81 hid=7330127d2e7be9ea depth=3 name=chip.run.runner_run.device_wall.arena_wire ts=3120 dur=1140 clk=dev
[mono_ns=7319700911363999][T0xf36e4a0b7020][TIMING] emit_host_span: [STRACE] v=1 pid=2155045 tid=2155045 inv=81 hid=7330127d2e7be9ea depth=3 name=chip.run.runner_run.device_wall.sm_reset ts=4300 dur=2240 clk=dev
[mono_ns=7319700911367759][T0xf36e4a0b7020][TIMING] emit_host_span: [STRACE] v=1 pid=2155045 tid=2155045 inv=81 hid=7330127d2e7be9ea depth=3 name=chip.run.runner_run.device_wall.post_orch ts=129640 dur=11420 clk=dev
[mono_ns=7319700911371389][T0xf36e4a0b7020][TIMING] emit_host_span: [STRACE] v=1 pid=2155045 tid=2155045 inv=81 hid=7330127d2e7be9ea depth=3 name=chip.run.runner_run.device_wall.orch ts=7300 dur=6640 clk=dev
[mono_ns=7319700911374919][T0xf36e4a0b7020][TIMING] emit_host_span: [STRACE] v=1 pid=2155045 tid=2155045 inv=81 hid=7330127d2e7be9ea depth=3 name=chip.run.runner_run.device_wall.sched ts=10940 dur=108960 clk=dev
[mono_ns=7319700911383209][T0xf36e4a0b7020][TIMING] emit_host_span: [STRACE] v=1 pid=2155045 tid=2155045 inv=81 hid=7330127d2e7be9ea depth=1 name=chip.run.claim_release ts=7319700911380469 dur=960 
[mono_ns=7319700911389659][T0xf36e4a0b7020][TIMING] emit_host_span: [STRACE] v=1 pid=2155045 tid=2155045 inv=81 hid=7330127d2e7be9ea depth=0 name=chip.run ts=7319700805023897 dur=106363702 run_id=21 dispatch_id=81 slot_id=0 generation=21 run_epoch=81
[mono_ns=7319700912578714][T0xf36e4a0b7020][TIMING] emit_host_span: [STRACE] v=1 pid=2155045 tid=2155045 inv=82 hid=9a0ce7c17a38dab depth=2 name=chip.run.bind.args ts=7319700912492104 dur=80470 
[mono_ns=7319700912598454][T0xf36e4a0b7020][TIMING] emit_host_span: [STRACE] v=1 pid=2155045 tid=2155045 inv=82 hid=9a0ce7c17a38dab depth=2 name=chip.run.bind.prebuilt ts=7319700912592194 dur=3700 
[mono_ns=7319700912603614][T0xf36e4a0b7020][TIMING] emit_host_span: [STRACE] v=1 pid=2155045 tid=2155045 inv=82 hid=9a0ce7c17a38dab depth=1 name=chip.run.bind ts=7319700912479404 dur=121800 
[mono_ns=7319701017749231][T0xf36e4a0b7020][TIMING] emit_host_span: [STRACE] v=1 pid=2155045 tid=2155045 inv=82 hid=9a0ce7c17a38dab depth=1 name=chip.run.runner_run ts=7319700912889455 dur=104841636 
[mono_ns=7319701017815522][T0xf36e4a0b7020][TIMING] emit_host_span: [STRACE] v=1 pid=2155045 tid=2155045 inv=82 hid=9a0ce7c17a38dab depth=1 name=chip.run.validate ts=7319701017771601 dur=40181 
[mono_ns=7319701017826802][T0xf36e4a0b7020][TIMING] emit_host_span: [STRACE] v=1 pid=2155045 tid=2155045 inv=82 hid=9a0ce7c17a38dab depth=2 name=chip.run.runner_run.device_wall ts=0 dur=31460 clk=dev
[mono_ns=7319701017845252][T0xf36e4a0b7020][TIMING] emit_host_span: [STRACE] v=1 pid=2155045 tid=2155045 inv=82 hid=9a0ce7c17a38dab depth=3 name=chip.run.runner_run.device_wall.preamble ts=0 dur=6240 clk=dev
[mono_ns=7319701017849772][T0xf36e4a0b7020][TIMING] emit_host_span: [STRACE] v=1 pid=2155045 tid=2155045 inv=82 hid=9a0ce7c17a38dab depth=3 name=chip.run.runner_run.device_wall.graph_build ts=1420 dur=18520 clk=dev
[mono_ns=7319701017854442][T0xf36e4a0b7020][TIMING] emit_host_span: [STRACE] v=1 pid=2155045 tid=2155045 inv=82 hid=9a0ce7c17a38dab depth=3 name=chip.run.runner_run.device_wall.config_validate ts=1540 dur=580 clk=dev
[mono_ns=7319701017859202][T0xf36e4a0b7020][TIMING] emit_host_span: [STRACE] v=1 pid=2155045 tid=2155045 inv=82 hid=9a0ce7c17a38dab depth=3 name=chip.run.runner_run.device_wall.arena_wire ts=2139 dur=280 clk=dev
[mono_ns=7319701017865172][T0xf36e4a0b7020][TIMING] emit_host_span: [STRACE] v=1 pid=2155045 tid=2155045 inv=82 hid=9a0ce7c17a38dab depth=3 name=chip.run.runner_run.device_wall.sm_reset ts=2460 dur=679 clk=dev
[mono_ns=7319701017871012][T0xf36e4a0b7020][TIMING] emit_host_span: [STRACE] v=1 pid=2155045 tid=2155045 inv=82 hid=9a0ce7c17a38dab depth=3 name=chip.run.runner_run.device_wall.post_orch ts=19979 dur=11360 clk=dev
[mono_ns=7319701017876872][T0xf36e4a0b7020][TIMING] emit_host_span: [STRACE] v=1 pid=2155045 tid=2155045 inv=82 hid=9a0ce7c17a38dab depth=3 name=chip.run.runner_run.device_wall.orch ts=3700 dur=2520 clk=dev
[mono_ns=7319701017881692][T0xf36e4a0b7020][TIMING] emit_host_span: [STRACE] v=1 pid=2155045 tid=2155045 inv=82 hid=9a0ce7c17a38dab depth=3 name=chip.run.runner_run.device_wall.sched ts=6300 dur=6420 clk=dev
[mono_ns=7319701017892162][T0xf36e4a0b7020][TIMING] emit_host_span: [STRACE] v=1 pid=2155045 tid=2155045 inv=82 hid=9a0ce7c17a38dab depth=1 name=chip.run.claim_release ts=7319701017889402 dur=950 
[mono_ns=7319701017898502][T0xf36e4a0b7020][TIMING] emit_host_span: [STRACE] v=1 pid=2155045 tid=2155045 inv=82 hid=9a0ce7c17a38dab depth=0 name=chip.run ts=7319700912425283 dur=105471209 run_id=21 dispatch_id=82 slot_id=0 generation=21 run_epoch=82
[mono_ns=7319701018435304][T0xf36e4a0b7020][TIMING] emit_host_span: [STRACE] v=1 pid=2155045 tid=2155045 inv=83 hid=aa636548c65ca6a1 depth=2 name=chip.run.bind.args ts=7319701018383794 dur=46660 
[mono_ns=7319701018452124][T0xf36e4a0b7020][TIMING] emit_host_span: [STRACE] v=1 pid=2155045 tid=2155045 inv=83 hid=aa636548c65ca6a1 depth=2 name=chip.run.bind.prebuilt ts=7319701018446414 dur=3450 
[mono_ns=7319701018457014][T0xf36e4a0b7020][TIMING] emit_host_span: [STRACE] v=1 pid=2155045 tid=2155045 inv=83 hid=aa636548c65ca6a1 depth=1 name=chip.run.bind ts=7319701018370444 dur=84570 
[mono_ns=7319701029649102][T0xf36e4a0b7020][TIMING] emit_host_span: [STRACE] v=1 pid=2155045 tid=2155045 inv=83 hid=aa636548c65ca6a1 depth=1 name=chip.run.runner_run ts=7319701018734956 dur=10906276 
[mono_ns=7319701029687552][T0xf36e4a0b7020][TIMING] emit_host_span: [STRACE] v=1 pid=2155045 tid=2155045 inv=83 hid=aa636548c65ca6a1 depth=1 name=chip.run.validate ts=7319701029659982 dur=24450 
[mono_ns=7319701029703752][T0xf36e4a0b7020][TIMING] emit_host_span: [STRACE] v=1 pid=2155045 tid=2155045 inv=83 hid=aa636548c65ca6a1 depth=2 name=chip.run.runner_run.device_wall ts=0 dur=10618820 clk=dev
[mono_ns=7319701029708152][T0xf36e4a0b7020][TIMING] emit_host_span: [STRACE] v=1 pid=2155045 tid=2155045 inv=83 hid=aa636548c65ca6a1 depth=3 name=chip.run.runner_run.device_wall.preamble ts=0 dur=5660 clk=dev
[mono_ns=7319701029712232][T0xf36e4a0b7020][TIMING] emit_host_span: [STRACE] v=1 pid=2155045 tid=2155045 inv=83 hid=aa636548c65ca6a1 depth=3 name=chip.run.runner_run.device_wall.graph_build ts=1200 dur=10606900 clk=dev
[mono_ns=7319701029716242][T0xf36e4a0b7020][TIMING] emit_host_span: [STRACE] v=1 pid=2155045 tid=2155045 inv=83 hid=aa636548c65ca6a1 depth=3 name=chip.run.runner_run.device_wall.config_validate ts=1280 dur=799 clk=dev
[mono_ns=7319701029720242][T0xf36e4a0b7020][TIMING] emit_host_span: [STRACE] v=1 pid=2155045 tid=2155045 inv=83 hid=aa636548c65ca6a1 depth=3 name=chip.run.runner_run.device_wall.arena_wire ts=2240 dur=420 clk=dev
[mono_ns=7319701029723842][T0xf36e4a0b7020][TIMING] emit_host_span: [STRACE] v=1 pid=2155045 tid=2155045 inv=83 hid=aa636548c65ca6a1 depth=3 name=chip.run.runner_run.device_wall.sm_reset ts=2700 dur=720 clk=dev
[mono_ns=7319701029727842][T0xf36e4a0b7020][TIMING] emit_host_span: [STRACE] v=1 pid=2155045 tid=2155045 inv=83 hid=aa636548c65ca6a1 depth=3 name=chip.run.runner_run.device_wall.post_orch ts=10608160 dur=10560 clk=dev
[mono_ns=7319701029731122][T0xf36e4a0b7020][TIMING] emit_host_span: [STRACE] v=1 pid=2155045 tid=2155045 inv=83 hid=aa636548c65ca6a1 depth=3 name=chip.run.runner_run.device_wall.orch ts=3460 dur=1960 clk=dev
[mono_ns=7319701029737472][T0xf36e4a0b7020][TIMING] emit_host_span: [STRACE] v=1 pid=2155045 tid=2155045 inv=83 hid=aa636548c65ca6a1 depth=3 name=chip.run.runner_run.device_wall.sched ts=5760 dur=10594880 clk=dev
[mono_ns=7319701029741472][T0xf36e4a0b7020][TIMING] emit_host_span: [STRACE] v=1 pid=2155045 tid=2155045 inv=83 hid=aa636548c65ca6a1 depth=1 name=chip.run.claim_release ts=7319701029739462 dur=250 
[mono_ns=7319701029746922][T0xf36e4a0b7020][TIMING] emit_host_span: [STRACE] v=1 pid=2155045 tid=2155045 inv=83 hid=aa636548c65ca6a1 depth=0 name=chip.run ts=7319701018322354 dur=11422548 run_id=21 dispatch_id=83 slot_id=0 generation=21 run_epoch=83
[mono_ns=7319701030907637][T0xf36e4a0b7020][TIMING] emit_host_span: [STRACE] v=1 pid=2155045 tid=2155045 inv=84 hid=e3bcbf8fce8ee77f depth=2 name=chip.run.bind.args ts=7319701030844257 dur=57670 
[mono_ns=7319701030924217][T0xf36e4a0b7020][TIMING] emit_host_span: [STRACE] v=1 pid=2155045 tid=2155045 inv=84 hid=e3bcbf8fce8ee77f depth=2 name=chip.run.bind.prebuilt ts=7319701030919767 dur=2270 
[mono_ns=7319701030929287][T0xf36e4a0b7020][TIMING] emit_host_span: [STRACE] v=1 pid=2155045 tid=2155045 inv=84 hid=e3bcbf8fce8ee77f depth=1 name=chip.run.bind ts=7319701030836717 dur=89750 
[mono_ns=7319701135976974][T0xf36e4a0b7020][TIMING] emit_host_span: [STRACE] v=1 pid=2155045 tid=2155045 inv=84 hid=e3bcbf8fce8ee77f depth=1 name=chip.run.runner_run ts=7319701031152358 dur=104808356 
[mono_ns=7319701136773358][T0xf36e4a0b7020][TIMING] emit_host_span: [STRACE] v=1 pid=2155045 tid=2155045 inv=84 hid=e3bcbf8fce8ee77f depth=1 name=chip.run.validate ts=7319701135994994 dur=771464 
[mono_ns=7319701136788328][T0xf36e4a0b7020][TIMING] emit_host_span: [STRACE] v=1 pid=2155045 tid=2155045 inv=84 hid=e3bcbf8fce8ee77f depth=2 name=chip.run.runner_run.device_wall ts=0 dur=76520 clk=dev
[mono_ns=7319701136793378][T0xf36e4a0b7020][TIMING] emit_host_span: [STRACE] v=1 pid=2155045 tid=2155045 inv=84 hid=e3bcbf8fce8ee77f depth=3 name=chip.run.runner_run.device_wall.preamble ts=0 dur=5880 clk=dev
[mono_ns=7319701136797538][T0xf36e4a0b7020][TIMING] emit_host_span: [STRACE] v=1 pid=2155045 tid=2155045 inv=84 hid=e3bcbf8fce8ee77f depth=3 name=chip.run.runner_run.device_wall.graph_build ts=1599 dur=63839 clk=dev
[mono_ns=7319701136800998][T0xf36e4a0b7020][TIMING] emit_host_span: [STRACE] v=1 pid=2155045 tid=2155045 inv=84 hid=e3bcbf8fce8ee77f depth=3 name=chip.run.runner_run.device_wall.config_validate ts=1700 dur=640 clk=dev
[mono_ns=7319701136805598][T0xf36e4a0b7020][TIMING] emit_host_span: [STRACE] v=1 pid=2155045 tid=2155045 inv=84 hid=e3bcbf8fce8ee77f depth=3 name=chip.run.runner_run.device_wall.arena_wire ts=2360 dur=280 clk=dev
[mono_ns=7319701136810098][T0xf36e4a0b7020][TIMING] emit_host_span: [STRACE] v=1 pid=2155045 tid=2155045 inv=84 hid=e3bcbf8fce8ee77f depth=3 name=chip.run.runner_run.device_wall.sm_reset ts=2660 dur=459 clk=dev
[mono_ns=7319701136815148][T0xf36e4a0b7020][TIMING] emit_host_span: [STRACE] v=1 pid=2155045 tid=2155045 inv=84 hid=e3bcbf8fce8ee77f depth=3 name=chip.run.runner_run.device_wall.post_orch ts=65480 dur=10860 clk=dev
[mono_ns=7319701136819098][T0xf36e4a0b7020][TIMING] emit_host_span: [STRACE] v=1 pid=2155045 tid=2155045 inv=84 hid=e3bcbf8fce8ee77f depth=3 name=chip.run.runner_run.device_wall.orch ts=3660 dur=2840 clk=dev
[mono_ns=7319701136834428][T0xf36e4a0b7020][TIMING] emit_host_span: [STRACE] v=1 pid=2155045 tid=2155045 inv=84 hid=e3bcbf8fce8ee77f depth=3 name=chip.run.runner_run.device_wall.sched ts=5960 dur=52620 clk=dev
[mono_ns=7319701136841418][T0xf36e4a0b7020][TIMING] emit_host_span: [STRACE] v=1 pid=2155045 tid=2155045 inv=84 hid=e3bcbf8fce8ee77f depth=1 name=chip.run.claim_release ts=7319701136838598 dur=990 
[mono_ns=7319701136852778][T0xf36e4a0b7020][TIMING] emit_host_span: [STRACE] v=1 pid=2155045 tid=2155045 inv=84 hid=e3bcbf8fce8ee77f depth=0 name=chip.run ts=7319701030813317 dur=106037341 run_id=21 dispatch_id=84 slot_id=0 generation=21 run_epoch=84
[mono_ns=7319701141311267][T0xf36e4a0b7020][TIMING] emit_host_span: [STRACE] v=1 pid=2155045 tid=2155045 inv=85 hid=7330127d2e7be9ea depth=2 name=chip.run.bind.args ts=7319701140617164 dur=687073 
[mono_ns=7319701141333787][T0xf36e4a0b7020][TIMING] emit_host_span: [STRACE] v=1 pid=2155045 tid=2155045 inv=85 hid=7330127d2e7be9ea depth=2 name=chip.run.bind.prebuilt ts=7319701141326437 dur=4800 
[mono_ns=7319701141339407][T0xf36e4a0b7020][TIMING] emit_host_span: [STRACE] v=1 pid=2155045 tid=2155045 inv=85 hid=7330127d2e7be9ea depth=1 name=chip.run.bind ts=7319701140605054 dur=732263 
[mono_ns=7319701142935924][T0xf36ceceddca0][WARN] copy_aicore_buffer: [chip_swimlane_collector.cpp:689] Core 1: skipped 1024 AICore record slot(s) with start_time=0 (race-window write or recycled-buffer tail). buf seq=0 count=1024
[mono_ns=7319701142959194][T0xf36ced6edca0][WARN] copy_aicore_buffer: [chip_swimlane_collector.cpp:689] Core 0: skipped 1024 AICore record slot(s) with start_time=0 (race-window write or recycled-buffer tail). buf seq=0 count=1024
[mono_ns=7319701142958894][T0xf36cec6cdca0][WARN] copy_aicore_buffer: [chip_swimlane_collector.cpp:689] Core 2: skipped 1024 AICore record slot(s) with start_time=0 (race-window write or recycled-buffer tail). buf seq=0 count=1024
[mono_ns=7319701143252995][T0xf36ced6edca0][WARN] copy_aicore_buffer: [chip_swimlane_collector.cpp:689] Core 24: skipped 1024 AICore record slot(s) with start_time=0 (race-window write or recycled-buffer tail). buf seq=0 count=1024
[mono_ns=7319701143253195][T0xf36ceceddca0][WARN] copy_aicore_buffer: [chip_swimlane_collector.cpp:689] Core 26: skipped 1024 AICore record slot(s) with start_time=0 (race-window write or recycled-buffer tail). buf seq=0 count=1024
[mono_ns=7319701143257795][T0xf36cec6cdca0][WARN] copy_aicore_buffer: [chip_swimlane_collector.cpp:689] Core 28: skipped 1023 AICore record slot(s) with start_time=0 (race-window write or recycled-buffer tail). buf seq=0 count=1024
[mono_ns=7319701143533346][T0xf36ceceddca0][WARN] copy_aicore_buffer: [chip_swimlane_collector.cpp:689] Core 27: skipped 1024 AICore record slot(s) with start_time=0 (race-window write or recycled-buffer tail). buf seq=0 count=1024
[mono_ns=7319701143533896][T0xf36ced6edca0][WARN] copy_aicore_buffer: [chip_swimlane_collector.cpp:689] Core 25: skipped 1024 AICore record slot(s) with start_time=0 (race-window write or recycled-buffer tail). buf seq=0 count=1024
[mono_ns=7319701143542656][T0xf36cec6cdca0][WARN] copy_aicore_buffer: [chip_swimlane_collector.cpp:689] Core 29: skipped 1024 AICore record slot(s) with start_time=0 (race-window write or recycled-buffer tail). buf seq=0 count=1024
[mono_ns=7319701143813788][T0xf36ced6edca0][WARN] copy_aicore_buffer: [chip_swimlane_collector.cpp:689] Core 3: skipped 1024 AICore record slot(s) with start_time=0 (race-window write or recycled-buffer tail). buf seq=0 count=1024
[mono_ns=7319701143815418][T0xf36ceceddca0][WARN] copy_aicore_buffer: [chip_swimlane_collector.cpp:689] Core 4: skipped 1024 AICore record slot(s) with start_time=0 (race-window write or recycled-buffer tail). buf seq=0 count=1024
[mono_ns=7319701143828948][T0xf36cec6cdca0][WARN] copy_aicore_buffer: [chip_swimlane_collector.cpp:689] Core 5: skipped 1024 AICore record slot(s) with start_time=0 (race-window write or recycled-buffer tail). buf seq=0 count=1024
[mono_ns=7319701144101119][T0xf36ced6edca0][WARN] copy_aicore_buffer: [chip_swimlane_collector.cpp:689] Core 30: skipped 1024 AICore record slot(s) with start_time=0 (race-window write or recycled-buffer tail). buf seq=0 count=1024
[mono_ns=7319701144102269][T0xf36ceceddca0][WARN] copy_aicore_buffer: [chip_swimlane_collector.cpp:689] Core 32: skipped 1023 AICore record slot(s) with start_time=0 (race-window write or recycled-buffer tail). buf seq=0 count=1024
[mono_ns=7319701144116359][T0xf36cec6cdca0][WARN] copy_aicore_buffer: [chip_swimlane_collector.cpp:689] Core 34: skipped 1024 AICore record slot(s) with start_time=0 (race-window write or recycled-buffer tail). buf seq=0 count=1024
[mono_ns=7319701144381330][T0xf36ceceddca0][WARN] copy_aicore_buffer: [chip_swimlane_collector.cpp:689] Core 33: skipped 1024 AICore record slot(s) with start_time=0 (race-window write or recycled-buffer tail). buf seq=0 count=1024
[mono_ns=7319701144381760][T0xf36ced6edca0][WARN] copy_aicore_buffer: [chip_swimlane_collector.cpp:689] Core 31: skipped 1024 AICore record slot(s) with start_time=0 (race-window write or recycled-buffer tail). buf seq=0 count=1024
[mono_ns=7319701144396080][T0xf36cec6cdca0][WARN] copy_aicore_buffer: [chip_swimlane_collector.cpp:689] Core 35: skipped 1024 AICore record slot(s) with start_time=0 (race-window write or recycled-buffer tail). buf seq=0 count=1024
[mono_ns=7319701144659901][T0xf36ceceddca0][WARN] copy_aicore_buffer: [chip_swimlane_collector.cpp:689] Core 7: skipped 1024 AICore record slot(s) with start_time=0 (race-window write or recycled-buffer tail). buf seq=0 count=1024
[mono_ns=7319701144663791][T0xf36ced6edca0][WARN] copy_aicore_buffer: [chip_swimlane_collector.cpp:689] Core 6: skipped 1024 AICore record slot(s) with start_time=0 (race-window write or recycled-buffer tail). buf seq=0 count=1024
[mono_ns=7319701144675701][T0xf36cec6cdca0][WARN] copy_aicore_buffer: [chip_swimlane_collector.cpp:689] Core 8: skipped 1024 AICore record slot(s) with start_time=0 (race-window write or recycled-buffer tail). buf seq=0 count=1024
[mono_ns=7319701144940632][T0xf36ceceddca0][WARN] copy_aicore_buffer: [chip_swimlane_collector.cpp:689] Core 38: skipped 1023 AICore record slot(s) with start_time=0 (race-window write or recycled-buffer tail). buf seq=0 count=1024
[mono_ns=7319701144942512][T0xf36ced6edca0][WARN] copy_aicore_buffer: [chip_swimlane_collector.cpp:689] Core 36: skipped 1024 AICore record slot(s) with start_time=0 (race-window write or recycled-buffer tail). buf seq=0 count=1024
[mono_ns=7319701144956882][T0xf36cec6cdca0][WARN] copy_aicore_buffer: [chip_swimlane_collector.cpp:689] Core 40: skipped 1024 AICore record slot(s) with start_time=0 (race-window write or recycled-buffer tail). buf seq=0 count=1024
[mono_ns=7319701145226644][T0xf36ceceddca0][WARN] copy_aicore_buffer: [chip_swimlane_collector.cpp:689] Core 39: skipped 1024 AICore record slot(s) with start_time=0 (race-window write or recycled-buffer tail). buf seq=0 count=1024
[mono_ns=7319701145227154][T0xf36ced6edca0][WARN] copy_aicore_buffer: [chip_swimlane_collector.cpp:689] Core 37: skipped 1024 AICore record slot(s) with start_time=0 (race-window write or recycled-buffer tail). buf seq=0 count=1024
[mono_ns=7319701145241104][T0xf36cec6cdca0][WARN] copy_aicore_buffer: [chip_swimlane_collector.cpp:689] Core 41: skipped 1024 AICore record slot(s) with start_time=0 (race-window write or recycled-buffer tail). buf seq=0 count=1024
[mono_ns=7319701145506665][T0xf36ced6edca0][WARN] copy_aicore_buffer: [chip_swimlane_collector.cpp:689] Core 9: skipped 1024 AICore record slot(s) with start_time=0 (race-window write or recycled-buffer tail). buf seq=0 count=1024
[mono_ns=7319701145508945][T0xf36ceceddca0][WARN] copy_aicore_buffer: [chip_swimlane_collector.cpp:689] Core 10: skipped 1024 AICore record slot(s) with start_time=0 (race-window write or recycled-buffer tail). buf seq=0 count=1024
[mono_ns=7319701145518765][T0xf36cec6cdca0][WARN] copy_aicore_buffer: [chip_swimlane_collector.cpp:689] Core 11: skipped 1024 AICore record slot(s) with start_time=0 (race-window write or recycled-buffer tail). buf seq=0 count=1024
[mono_ns=7319701145787756][T0xf36ced6edca0][WARN] copy_aicore_buffer: [chip_swimlane_collector.cpp:689] Core 42: skipped 1024 AICore record slot(s) with start_time=0 (race-window write or recycled-buffer tail). buf seq=0 count=1024
[mono_ns=7319701145788596][T0xf36ceceddca0][WARN] copy_aicore_buffer: [chip_swimlane_collector.cpp:689] Core 44: skipped 1023 AICore record slot(s) with start_time=0 (race-window write or recycled-buffer tail). buf seq=0 count=1024
[mono_ns=7319701145797896][T0xf36cec6cdca0][WARN] copy_aicore_buffer: [chip_swimlane_collector.cpp:689] Core 46: skipped 1024 AICore record slot(s) with start_time=0 (race-window write or recycled-buffer tail). buf seq=0 count=1024
[mono_ns=7319701146076387][T0xf36ced6edca0][WARN] copy_aicore_buffer: [chip_swimlane_collector.cpp:689] Core 43: skipped 1024 AICore record slot(s) with start_time=0 (race-window write or recycled-buffer tail). buf seq=0 count=1024
[mono_ns=7319701146079367][T0xf36ceceddca0][WARN] copy_aicore_buffer: [chip_swimlane_collector.cpp:689] Core 45: skipped 1024 AICore record slot(s) with start_time=0 (race-window write or recycled-buffer tail). buf seq=0 count=1024
[mono_ns=7319701146085617][T0xf36cec6cdca0][WARN] copy_aicore_buffer: [chip_swimlane_collector.cpp:689] Core 47: skipped 1024 AICore record slot(s) with start_time=0 (race-window write or recycled-buffer tail). buf seq=0 count=1024
[mono_ns=7319701146357648][T0xf36ced6edca0][WARN] copy_aicore_buffer: [chip_swimlane_collector.cpp:689] Core 12: skipped 1024 AICore record slot(s) with start_time=0 (race-window write or recycled-buffer tail). buf seq=0 count=1024
[mono_ns=7319701146358238][T0xf36ceceddca0][WARN] copy_aicore_buffer: [chip_swimlane_collector.cpp:689] Core 13: skipped 1024 AICore record slot(s) with start_time=0 (race-window write or recycled-buffer tail). buf seq=0 count=1024
[mono_ns=7319701146364038][T0xf36cec6cdca0][WARN] copy_aicore_buffer: [chip_swimlane_collector.cpp:689] Core 14: skipped 1024 AICore record slot(s) with start_time=0 (race-window write or recycled-buffer tail). buf seq=0 count=1024
[mono_ns=7319701146636390][T0xf36ceceddca0][WARN] copy_aicore_buffer: [chip_swimlane_collector.cpp:689] Core 50: skipped 1024 AICore record slot(s) with start_time=0 (race-window write or recycled-buffer tail). buf seq=0 count=1024
[mono_ns=7319701146637390][T0xf36ced6edca0][WARN] copy_aicore_buffer: [chip_swimlane_collector.cpp:689] Core 48: skipped 1024 AICore record slot(s) with start_time=0 (race-window write or recycled-buffer tail). buf seq=0 count=1024
[mono_ns=7319701146644970][T0xf36cec6cdca0][WARN] copy_aicore_buffer: [chip_swimlane_collector.cpp:689] Core 52: skipped 1024 AICore record slot(s) with start_time=0 (race-window write or recycled-buffer tail). buf seq=0 count=1024
[mono_ns=7319701146917971][T0xf36ced6edca0][WARN] copy_aicore_buffer: [chip_swimlane_collector.cpp:689] Core 49: skipped 1024 AICore record slot(s) with start_time=0 (race-window write or recycled-buffer tail). buf seq=0 count=1024
[mono_ns=7319701146918261][T0xf36ceceddca0][WARN] copy_aicore_buffer: [chip_swimlane_collector.cpp:689] Core 51: skipped 1024 AICore record slot(s) with start_time=0 (race-window write or recycled-buffer tail). buf seq=0 count=1024
[mono_ns=7319701146921731][T0xf36cec6cdca0][WARN] copy_aicore_buffer: [chip_swimlane_collector.cpp:689] Core 53: skipped 1024 AICore record slot(s) with start_time=0 (race-window write or recycled-buffer tail). buf seq=0 count=1024
[mono_ns=7319701147201552][T0xf36ceceddca0][WARN] copy_aicore_buffer: [chip_swimlane_collector.cpp:689] Core 16: skipped 1024 AICore record slot(s) with start_time=0 (race-window write or recycled-buffer tail). buf seq=0 count=1024
[mono_ns=7319701147206522][T0xf36ced6edca0][WARN] copy_aicore_buffer: [chip_swimlane_collector.cpp:689] Core 15: skipped 1024 AICore record slot(s) with start_time=0 (race-window write or recycled-buffer tail). buf seq=0 count=1024
[mono_ns=7319701147207722][T0xf36cec6cdca0][WARN] copy_aicore_buffer: [chip_swimlane_collector.cpp:689] Core 17: skipped 1024 AICore record slot(s) with start_time=0 (race-window write or recycled-buffer tail). buf seq=0 count=1024
[mono_ns=7319701147481313][T0xf36ceceddca0][WARN] copy_aicore_buffer: [chip_swimlane_collector.cpp:689] Core 56: skipped 1023 AICore record slot(s) with start_time=0 (race-window write or recycled-buffer tail). buf seq=0 count=1024
[mono_ns=7319701147487183][T0xf36ced6edca0][WARN] copy_aicore_buffer: [chip_swimlane_collector.cpp:689] Core 54: skipped 1024 AICore record slot(s) with start_time=0 (race-window write or recycled-buffer tail). buf seq=0 count=1024
[mono_ns=7319701147488993][T0xf36cec6cdca0][WARN] copy_aicore_buffer: [chip_swimlane_collector.cpp:689] Core 58: skipped 1024 AICore record slot(s) with start_time=0 (race-window write or recycled-buffer tail). buf seq=0 count=1024
[mono_ns=7319701147761134][T0xf36ceceddca0][WARN] copy_aicore_buffer: [chip_swimlane_collector.cpp:689] Core 57: skipped 1024 AICore record slot(s) with start_time=0 (race-window write or recycled-buffer tail). buf seq=0 count=1024
[mono_ns=7319701147767224][T0xf36ced6edca0][WARN] copy_aicore_buffer: [chip_swimlane_collector.cpp:689] Core 55: skipped 1024 AICore record slot(s) with start_time=0 (race-window write or recycled-buffer tail). buf seq=0 count=1024
[mono_ns=7319701147769024][T0xf36cec6cdca0][WARN] copy_aicore_buffer: [chip_swimlane_collector.cpp:689] Core 59: skipped 1023 AICore record slot(s) with start_time=0 (race-window write or recycled-buffer tail). buf seq=0 count=1024
[mono_ns=7319701148052096][T0xf36ceceddca0][WARN] copy_aicore_buffer: [chip_swimlane_collector.cpp:689] Core 19: skipped 1024 AICore record slot(s) with start_time=0 (race-window write or recycled-buffer tail). buf seq=0 count=1024
[mono_ns=7319701148054516][T0xf36cec6cdca0][WARN] copy_aicore_buffer: [chip_swimlane_collector.cpp:689] Core 20: skipped 1024 AICore record slot(s) with start_time=0 (race-window write or recycled-buffer tail). buf seq=0 count=1024
[mono_ns=7319701148053556][T0xf36ced6edca0][WARN] copy_aicore_buffer: [chip_swimlane_collector.cpp:689] Core 18: skipped 1024 AICore record slot(s) with start_time=0 (race-window write or recycled-buffer tail). buf seq=0 count=1024
[mono_ns=7319701148332177][T0xf36ceceddca0][WARN] copy_aicore_buffer: [chip_swimlane_collector.cpp:689] Core 62: skipped 1024 AICore record slot(s) with start_time=0 (race-window write or recycled-buffer tail). buf seq=0 count=1024
[mono_ns=7319701148335037][T0xf36cec6cdca0][WARN] copy_aicore_buffer: [chip_swimlane_collector.cpp:689] Core 64: skipped 1024 AICore record slot(s) with start_time=0 (race-window write or recycled-buffer tail). buf seq=0 count=1024
[mono_ns=7319701148334857][T0xf36ced6edca0][WARN] copy_aicore_buffer: [chip_swimlane_collector.cpp:689] Core 60: skipped 1024 AICore record slot(s) with start_time=0 (race-window write or recycled-buffer tail). buf seq=0 count=1024
[mono_ns=7319701148612928][T0xf36ceceddca0][WARN] copy_aicore_buffer: [chip_swimlane_collector.cpp:689] Core 63: skipped 1024 AICore record slot(s) with start_time=0 (race-window write or recycled-buffer tail). buf seq=0 count=1024
[mono_ns=7319701148614388][T0xf36ced6edca0][WARN] copy_aicore_buffer: [chip_swimlane_collector.cpp:689] Core 61: skipped 1024 AICore record slot(s) with start_time=0 (race-window write or recycled-buffer tail). buf seq=0 count=1024
[mono_ns=7319701148615018][T0xf36cec6cdca0][WARN] copy_aicore_buffer: [chip_swimlane_collector.cpp:689] Core 65: skipped 1024 AICore record slot(s) with start_time=0 (race-window write or recycled-buffer tail). buf seq=0 count=1024
[mono_ns=7319701148892459][T0xf36ceceddca0][WARN] copy_aicore_buffer: [chip_swimlane_collector.cpp:689] Core 22: skipped 1024 AICore record slot(s) with start_time=0 (race-window write or recycled-buffer tail). buf seq=0 count=1024
[mono_ns=7319701148894149][T0xf36ced6edca0][WARN] copy_aicore_buffer: [chip_swimlane_collector.cpp:689] Core 21: skipped 1024 AICore record slot(s) with start_time=0 (race-window write or recycled-buffer tail). buf seq=0 count=1024
[mono_ns=7319701148896149][T0xf36cec6cdca0][WARN] copy_aicore_buffer: [chip_swimlane_collector.cpp:689] Core 23: skipped 1024 AICore record slot(s) with start_time=0 (race-window write or recycled-buffer tail). buf seq=0 count=1024
[mono_ns=7319701149179350][T0xf36ceceddca0][WARN] copy_aicore_buffer: [chip_swimlane_collector.cpp:689] Core 68: skipped 1024 AICore record slot(s) with start_time=0 (race-window write or recycled-buffer tail). buf seq=0 count=1024
[mono_ns=7319701149182400][T0xf36ced6edca0][WARN] copy_aicore_buffer: [chip_swimlane_collector.cpp:689] Core 66: skipped 1024 AICore record slot(s) with start_time=0 (race-window write or recycled-buffer tail). buf seq=0 count=1024
[mono_ns=7319701149184530][T0xf36cec6cdca0][WARN] copy_aicore_buffer: [chip_swimlane_collector.cpp:689] Core 70: skipped 1024 AICore record slot(s) with start_time=0 (race-window write or recycled-buffer tail). buf seq=0 count=1024
[mono_ns=7319701149458182][T0xf36ceceddca0][WARN] copy_aicore_buffer: [chip_swimlane_collector.cpp:689] Core 69: skipped 1024 AICore record slot(s) with start_time=0 (race-window write or recycled-buffer tail). buf seq=0 count=1024
[mono_ns=7319701149461782][T0xf36ced6edca0][WARN] copy_aicore_buffer: [chip_swimlane_collector.cpp:689] Core 67: skipped 1024 AICore record slot(s) with start_time=0 (race-window write or recycled-buffer tail). buf seq=0 count=1024
[mono_ns=7319701149464552][T0xf36cec6cdca0][WARN] copy_aicore_buffer: [chip_swimlane_collector.cpp:689] Core 71: skipped 1024 AICore record slot(s) with start_time=0 (race-window write or recycled-buffer tail). buf seq=0 count=1024
[mono_ns=7319701250220740][T0xf36e4a0b7020][TIMING] emit_host_span: [STRACE] v=1 pid=2155045 tid=2155045 inv=85 hid=7330127d2e7be9ea depth=1 name=chip.run.runner_run ts=7319701141704359 dur=108500101 
[mono_ns=7319701250280380][T0xf36e4a0b7020][TIMING] emit_host_span: [STRACE] v=1 pid=2155045 tid=2155045 inv=85 hid=7330127d2e7be9ea depth=1 name=chip.run.validate ts=7319701250239230 dur=37290 
[mono_ns=7319701250292340][T0xf36e4a0b7020][TIMING] emit_host_span: [STRACE] v=1 pid=2155045 tid=2155045 inv=85 hid=7330127d2e7be9ea depth=2 name=chip.run.runner_run.device_wall ts=0 dur=770819 clk=dev
[mono_ns=7319701250297280][T0xf36e4a0b7020][TIMING] emit_host_span: [STRACE] v=1 pid=2155045 tid=2155045 inv=85 hid=7330127d2e7be9ea depth=3 name=chip.run.runner_run.device_wall.preamble ts=0 dur=662780 clk=dev
[mono_ns=7319701250301680][T0xf36e4a0b7020][TIMING] emit_host_span: [STRACE] v=1 pid=2155045 tid=2155045 inv=85 hid=7330127d2e7be9ea depth=3 name=chip.run.runner_run.device_wall.graph_build ts=657939 dur=102740 clk=dev
[mono_ns=7319701250307160][T0xf36e4a0b7020][TIMING] emit_host_span: [STRACE] v=1 pid=2155045 tid=2155045 inv=85 hid=7330127d2e7be9ea depth=3 name=chip.run.runner_run.device_wall.config_validate ts=658040 dur=660 clk=dev
[mono_ns=7319701250310410][T0xf36e4a0b7020][TIMING] emit_host_span: [STRACE] v=1 pid=2155045 tid=2155045 inv=85 hid=7330127d2e7be9ea depth=3 name=chip.run.runner_run.device_wall.arena_wire ts=658740 dur=240 clk=dev
[mono_ns=7319701250324641][T0xf36e4a0b7020][TIMING] emit_host_span: [STRACE] v=1 pid=2155045 tid=2155045 inv=85 hid=7330127d2e7be9ea depth=3 name=chip.run.runner_run.device_wall.sm_reset ts=659000 dur=660 clk=dev
[mono_ns=7319701250328641][T0xf36e4a0b7020][TIMING] emit_host_span: [STRACE] v=1 pid=2155045 tid=2155045 inv=85 hid=7330127d2e7be9ea depth=3 name=chip.run.runner_run.device_wall.post_orch ts=760740 dur=9959 clk=dev
[mono_ns=7319701250332561][T0xf36e4a0b7020][TIMING] emit_host_span: [STRACE] v=1 pid=2155045 tid=2155045 inv=85 hid=7330127d2e7be9ea depth=3 name=chip.run.runner_run.device_wall.orch ts=659700 dur=1220 clk=dev
[mono_ns=7319701250335681][T0xf36e4a0b7020][TIMING] emit_host_span: [STRACE] v=1 pid=2155045 tid=2155045 inv=85 hid=7330127d2e7be9ea depth=3 name=chip.run.runner_run.device_wall.sched ts=662900 dur=79919 clk=dev
[mono_ns=7319701250341721][T0xf36e4a0b7020][TIMING] emit_host_span: [STRACE] v=1 pid=2155045 tid=2155045 inv=85 hid=7330127d2e7be9ea depth=1 name=chip.run.claim_release ts=7319701250339141 dur=550 
[mono_ns=7319701250348271][T0xf36e4a0b7020][TIMING] emit_host_span: [STRACE] v=1 pid=2155045 tid=2155045 inv=85 hid=7330127d2e7be9ea depth=0 name=chip.run ts=7319701140555694 dur=109790577 run_id=22 dispatch_id=85 slot_id=0 generation=22 run_epoch=85
[mono_ns=7319701251542406][T0xf36e4a0b7020][TIMING] emit_host_span: [STRACE] v=1 pid=2155045 tid=2155045 inv=86 hid=9a0ce7c17a38dab depth=2 name=chip.run.bind.args ts=7319701251454215 dur=81801 
[mono_ns=7319701251560546][T0xf36e4a0b7020][TIMING] emit_host_span: [STRACE] v=1 pid=2155045 tid=2155045 inv=86 hid=9a0ce7c17a38dab depth=2 name=chip.run.bind.prebuilt ts=7319701251554226 dur=3800 
[mono_ns=7319701251569476][T0xf36e4a0b7020][TIMING] emit_host_span: [STRACE] v=1 pid=2155045 tid=2155045 inv=86 hid=9a0ce7c17a38dab depth=1 name=chip.run.bind ts=7319701251441465 dur=125951 
[mono_ns=7319701252985912][T0xf36ceceddca0][WARN] copy_aicore_buffer: [chip_swimlane_collector.cpp:689] Core 1: skipped 1024 AICore record slot(s) with start_time=0 (race-window write or recycled-buffer tail). buf seq=0 count=1024
[mono_ns=7319701253039902][T0xf36cec6cdca0][WARN] copy_aicore_buffer: [chip_swimlane_collector.cpp:689] Core 2: skipped 1024 AICore record slot(s) with start_time=0 (race-window write or recycled-buffer tail). buf seq=0 count=1024
[mono_ns=7319701253045072][T0xf36ced6edca0][WARN] copy_aicore_buffer: [chip_swimlane_collector.cpp:689] Core 0: skipped 1024 AICore record slot(s) with start_time=0 (race-window write or recycled-buffer tail). buf seq=0 count=1024
[mono_ns=7319701253311163][T0xf36ceceddca0][WARN] copy_aicore_buffer: [chip_swimlane_collector.cpp:689] Core 26: skipped 1024 AICore record slot(s) with start_time=0 (race-window write or recycled-buffer tail). buf seq=0 count=1024
[mono_ns=7319701253325173][T0xf36ced6edca0][WARN] copy_aicore_buffer: [chip_swimlane_collector.cpp:689] Core 24: skipped 1024 AICore record slot(s) with start_time=0 (race-window write or recycled-buffer tail). buf seq=0 count=1024
[mono_ns=7319701253326793][T0xf36cec6cdca0][WARN] copy_aicore_buffer: [chip_swimlane_collector.cpp:689] Core 28: skipped 1023 AICore record slot(s) with start_time=0 (race-window write or recycled-buffer tail). buf seq=0 count=1024
[mono_ns=7319701253593034][T0xf36ceceddca0][WARN] copy_aicore_buffer: [chip_swimlane_collector.cpp:689] Core 27: skipped 1024 AICore record slot(s) with start_time=0 (race-window write or recycled-buffer tail). buf seq=0 count=1024
[mono_ns=7319701253603494][T0xf36ced6edca0][WARN] copy_aicore_buffer: [chip_swimlane_collector.cpp:689] Core 25: skipped 1024 AICore record slot(s) with start_time=0 (race-window write or recycled-buffer tail). buf seq=0 count=1024
[mono_ns=7319701253613885][T0xf36cec6cdca0][WARN] copy_aicore_buffer: [chip_swimlane_collector.cpp:689] Core 29: skipped 1024 AICore record slot(s) with start_time=0 (race-window write or recycled-buffer tail). buf seq=0 count=1024
[mono_ns=7319701253872126][T0xf36ceceddca0][WARN] copy_aicore_buffer: [chip_swimlane_collector.cpp:689] Core 4: skipped 1024 AICore record slot(s) with start_time=0 (race-window write or recycled-buffer tail). buf seq=0 count=1024
[mono_ns=7319701253881776][T0xf36ced6edca0][WARN] copy_aicore_buffer: [chip_swimlane_collector.cpp:689] Core 3: skipped 1024 AICore record slot(s) with start_time=0 (race-window write or recycled-buffer tail). buf seq=0 count=1024
[mono_ns=7319701253895806][T0xf36cec6cdca0][WARN] copy_aicore_buffer: [chip_swimlane_collector.cpp:689] Core 5: skipped 1024 AICore record slot(s) with start_time=0 (race-window write or recycled-buffer tail). buf seq=0 count=1024
[mono_ns=7319701254167357][T0xf36ceceddca0][WARN] copy_aicore_buffer: [chip_swimlane_collector.cpp:689] Core 32: skipped 1024 AICore record slot(s) with start_time=0 (race-window write or recycled-buffer tail). buf seq=0 count=1024
[mono_ns=7319701254174547][T0xf36ced6edca0][WARN] copy_aicore_buffer: [chip_swimlane_collector.cpp:689] Core 30: skipped 1024 AICore record slot(s) with start_time=0 (race-window write or recycled-buffer tail). buf seq=0 count=1024
[mono_ns=7319701254190697][T0xf36cec6cdca0][WARN] copy_aicore_buffer: [chip_swimlane_collector.cpp:689] Core 34: skipped 1024 AICore record slot(s) with start_time=0 (race-window write or recycled-buffer tail). buf seq=0 count=1024
[mono_ns=7319701254446958][T0xf36ceceddca0][WARN] copy_aicore_buffer: [chip_swimlane_collector.cpp:689] Core 33: skipped 1024 AICore record slot(s) with start_time=0 (race-window write or recycled-buffer tail). buf seq=0 count=1024
[mono_ns=7319701254453378][T0xf36ced6edca0][WARN] copy_aicore_buffer: [chip_swimlane_collector.cpp:689] Core 31: skipped 1024 AICore record slot(s) with start_time=0 (race-window write or recycled-buffer tail). buf seq=0 count=1024
[mono_ns=7319701254473778][T0xf36cec6cdca0][WARN] copy_aicore_buffer: [chip_swimlane_collector.cpp:689] Core 35: skipped 1023 AICore record slot(s) with start_time=0 (race-window write or recycled-buffer tail). buf seq=0 count=1024
[mono_ns=7319701254727469][T0xf36ceceddca0][WARN] copy_aicore_buffer: [chip_swimlane_collector.cpp:689] Core 7: skipped 1024 AICore record slot(s) with start_time=0 (race-window write or recycled-buffer tail). buf seq=0 count=1024
[mono_ns=7319701254732279][T0xf36ced6edca0][WARN] copy_aicore_buffer: [chip_swimlane_collector.cpp:689] Core 6: skipped 1024 AICore record slot(s) with start_time=0 (race-window write or recycled-buffer tail). buf seq=0 count=1024
[mono_ns=7319701254754649][T0xf36cec6cdca0][WARN] copy_aicore_buffer: [chip_swimlane_collector.cpp:689] Core 8: skipped 1024 AICore record slot(s) with start_time=0 (race-window write or recycled-buffer tail). buf seq=0 count=1024
[mono_ns=7319701255023771][T0xf36ceceddca0][WARN] copy_aicore_buffer: [chip_swimlane_collector.cpp:689] Core 38: skipped 1023 AICore record slot(s) with start_time=0 (race-window write or recycled-buffer tail). buf seq=0 count=1024
[mono_ns=7319701255030621][T0xf36ced6edca0][WARN] copy_aicore_buffer: [chip_swimlane_collector.cpp:689] Core 36: skipped 1023 AICore record slot(s) with start_time=0 (race-window write or recycled-buffer tail). buf seq=0 count=1024
[mono_ns=7319701255049161][T0xf36cec6cdca0][WARN] copy_aicore_buffer: [chip_swimlane_collector.cpp:689] Core 40: skipped 1024 AICore record slot(s) with start_time=0 (race-window write or recycled-buffer tail). buf seq=0 count=1024
[mono_ns=7319701255304172][T0xf36ceceddca0][WARN] copy_aicore_buffer: [chip_swimlane_collector.cpp:689] Core 39: skipped 1024 AICore record slot(s) with start_time=0 (race-window write or recycled-buffer tail). buf seq=0 count=1024
[mono_ns=7319701255309232][T0xf36ced6edca0][WARN] copy_aicore_buffer: [chip_swimlane_collector.cpp:689] Core 37: skipped 1024 AICore record slot(s) with start_time=0 (race-window write or recycled-buffer tail). buf seq=0 count=1024
[mono_ns=7319701255330472][T0xf36cec6cdca0][WARN] copy_aicore_buffer: [chip_swimlane_collector.cpp:689] Core 41: skipped 1024 AICore record slot(s) with start_time=0 (race-window write or recycled-buffer tail). buf seq=0 count=1024
[mono_ns=7319701255582683][T0xf36ceceddca0][WARN] copy_aicore_buffer: [chip_swimlane_collector.cpp:689] Core 10: skipped 1024 AICore record slot(s) with start_time=0 (race-window write or recycled-buffer tail). buf seq=0 count=1024
[mono_ns=7319701255587563][T0xf36ced6edca0][WARN] copy_aicore_buffer: [chip_swimlane_collector.cpp:689] Core 9: skipped 1024 AICore record slot(s) with start_time=0 (race-window write or recycled-buffer tail). buf seq=0 count=1024
[mono_ns=7319701255612053][T0xf36cec6cdca0][WARN] copy_aicore_buffer: [chip_swimlane_collector.cpp:689] Core 11: skipped 1024 AICore record slot(s) with start_time=0 (race-window write or recycled-buffer tail). buf seq=0 count=1024
[mono_ns=7319701255861614][T0xf36ceceddca0][WARN] copy_aicore_buffer: [chip_swimlane_collector.cpp:689] Core 44: skipped 1024 AICore record slot(s) with start_time=0 (race-window write or recycled-buffer tail). buf seq=0 count=1024
[mono_ns=7319701255866644][T0xf36ced6edca0][WARN] copy_aicore_buffer: [chip_swimlane_collector.cpp:689] Core 42: skipped 1024 AICore record slot(s) with start_time=0 (race-window write or recycled-buffer tail). buf seq=0 count=1024
[mono_ns=7319701255892984][T0xf36cec6cdca0][WARN] copy_aicore_buffer: [chip_swimlane_collector.cpp:689] Core 46: skipped 1024 AICore record slot(s) with start_time=0 (race-window write or recycled-buffer tail). buf seq=0 count=1024
[mono_ns=7319701256144405][T0xf36ceceddca0][WARN] copy_aicore_buffer: [chip_swimlane_collector.cpp:689] Core 45: skipped 1024 AICore record slot(s) with start_time=0 (race-window write or recycled-buffer tail). buf seq=0 count=1024
[mono_ns=7319701256150165][T0xf36ced6edca0][WARN] copy_aicore_buffer: [chip_swimlane_collector.cpp:689] Core 43: skipped 1024 AICore record slot(s) with start_time=0 (race-window write or recycled-buffer tail). buf seq=0 count=1024
[mono_ns=7319701256182765][T0xf36cec6cdca0][WARN] copy_aicore_buffer: [chip_swimlane_collector.cpp:689] Core 47: skipped 1024 AICore record slot(s) with start_time=0 (race-window write or recycled-buffer tail). buf seq=0 count=1024
[mono_ns=7319701256424406][T0xf36ceceddca0][WARN] copy_aicore_buffer: [chip_swimlane_collector.cpp:689] Core 13: skipped 1024 AICore record slot(s) with start_time=0 (race-window write or recycled-buffer tail). buf seq=0 count=1024
[mono_ns=7319701256428747][T0xf36ced6edca0][WARN] copy_aicore_buffer: [chip_swimlane_collector.cpp:689] Core 12: skipped 1024 AICore record slot(s) with start_time=0 (race-window write or recycled-buffer tail). buf seq=0 count=1024
[mono_ns=7319701256462847][T0xf36cec6cdca0][WARN] copy_aicore_buffer: [chip_swimlane_collector.cpp:689] Core 14: skipped 1024 AICore record slot(s) with start_time=0 (race-window write or recycled-buffer tail). buf seq=0 count=1024
[mono_ns=7319701256708578][T0xf36ced6edca0][WARN] copy_aicore_buffer: [chip_swimlane_collector.cpp:689] Core 48: skipped 1024 AICore record slot(s) with start_time=0 (race-window write or recycled-buffer tail). buf seq=0 count=1024
[mono_ns=7319701256709198][T0xf36ceceddca0][WARN] copy_aicore_buffer: [chip_swimlane_collector.cpp:689] Core 50: skipped 1023 AICore record slot(s) with start_time=0 (race-window write or recycled-buffer tail). buf seq=0 count=1024
[mono_ns=7319701256743428][T0xf36cec6cdca0][WARN] copy_aicore_buffer: [chip_swimlane_collector.cpp:689] Core 52: skipped 1023 AICore record slot(s) with start_time=0 (race-window write or recycled-buffer tail). buf seq=0 count=1024
[mono_ns=7319701256987379][T0xf36ceceddca0][WARN] copy_aicore_buffer: [chip_swimlane_collector.cpp:689] Core 51: skipped 1024 AICore record slot(s) with start_time=0 (race-window write or recycled-buffer tail). buf seq=0 count=1024
[mono_ns=7319701256988319][T0xf36ced6edca0][WARN] copy_aicore_buffer: [chip_swimlane_collector.cpp:689] Core 49: skipped 1024 AICore record slot(s) with start_time=0 (race-window write or recycled-buffer tail). buf seq=0 count=1024
[mono_ns=7319701257037479][T0xf36cec6cdca0][WARN] copy_aicore_buffer: [chip_swimlane_collector.cpp:689] Core 53: skipped 1024 AICore record slot(s) with start_time=0 (race-window write or recycled-buffer tail). buf seq=0 count=1024
[mono_ns=7319701257278650][T0xf36ceceddca0][WARN] copy_aicore_buffer: [chip_swimlane_collector.cpp:689] Core 16: skipped 1024 AICore record slot(s) with start_time=0 (race-window write or recycled-buffer tail). buf seq=0 count=1024
[mono_ns=7319701257279500][T0xf36ced6edca0][WARN] copy_aicore_buffer: [chip_swimlane_collector.cpp:689] Core 15: skipped 1024 AICore record slot(s) with start_time=0 (race-window write or recycled-buffer tail). buf seq=0 count=1024
[mono_ns=7319701257319740][T0xf36cec6cdca0][WARN] copy_aicore_buffer: [chip_swimlane_collector.cpp:689] Core 17: skipped 1024 AICore record slot(s) with start_time=0 (race-window write or recycled-buffer tail). buf seq=0 count=1024
[mono_ns=7319701257557601][T0xf36ced6edca0][WARN] copy_aicore_buffer: [chip_swimlane_collector.cpp:689] Core 54: skipped 1024 AICore record slot(s) with start_time=0 (race-window write or recycled-buffer tail). buf seq=0 count=1024
[mono_ns=7319701257559191][T0xf36ceceddca0][WARN] copy_aicore_buffer: [chip_swimlane_collector.cpp:689] Core 56: skipped 1024 AICore record slot(s) with start_time=0 (race-window write or recycled-buffer tail). buf seq=0 count=1024
[mono_ns=7319701257599311][T0xf36cec6cdca0][WARN] copy_aicore_buffer: [chip_swimlane_collector.cpp:689] Core 58: skipped 1024 AICore record slot(s) with start_time=0 (race-window write or recycled-buffer tail). buf seq=0 count=1024
[mono_ns=7319701257837012][T0xf36ced6edca0][WARN] copy_aicore_buffer: [chip_swimlane_collector.cpp:689] Core 55: skipped 1024 AICore record slot(s) with start_time=0 (race-window write or recycled-buffer tail). buf seq=0 count=1024
[mono_ns=7319701257837782][T0xf36ceceddca0][WARN] copy_aicore_buffer: [chip_swimlane_collector.cpp:689] Core 57: skipped 1024 AICore record slot(s) with start_time=0 (race-window write or recycled-buffer tail). buf seq=0 count=1024
[mono_ns=7319701257879953][T0xf36cec6cdca0][WARN] copy_aicore_buffer: [chip_swimlane_collector.cpp:689] Core 59: skipped 1024 AICore record slot(s) with start_time=0 (race-window write or recycled-buffer tail). buf seq=0 count=1024
[mono_ns=7319701258127284][T0xf36ceceddca0][WARN] copy_aicore_buffer: [chip_swimlane_collector.cpp:689] Core 19: skipped 1024 AICore record slot(s) with start_time=0 (race-window write or recycled-buffer tail). buf seq=0 count=1024
[mono_ns=7319701258130644][T0xf36ced6edca0][WARN] copy_aicore_buffer: [chip_swimlane_collector.cpp:689] Core 18: skipped 1024 AICore record slot(s) with start_time=0 (race-window write or recycled-buffer tail). buf seq=0 count=1024
[mono_ns=7319701258168274][T0xf36cec6cdca0][WARN] copy_aicore_buffer: [chip_swimlane_collector.cpp:689] Core 20: skipped 1024 AICore record slot(s) with start_time=0 (race-window write or recycled-buffer tail). buf seq=0 count=1024
[mono_ns=7319701258411295][T0xf36ceceddca0][WARN] copy_aicore_buffer: [chip_swimlane_collector.cpp:689] Core 62: skipped 1024 AICore record slot(s) with start_time=0 (race-window write or recycled-buffer tail). buf seq=0 count=1024
[mono_ns=7319701258415835][T0xf36ced6edca0][WARN] copy_aicore_buffer: [chip_swimlane_collector.cpp:689] Core 60: skipped 1024 AICore record slot(s) with start_time=0 (race-window write or recycled-buffer tail). buf seq=0 count=1024
[mono_ns=7319701258454225][T0xf36cec6cdca0][WARN] copy_aicore_buffer: [chip_swimlane_collector.cpp:689] Core 64: skipped 1024 AICore record slot(s) with start_time=0 (race-window write or recycled-buffer tail). buf seq=0 count=1024
[mono_ns=7319701258689816][T0xf36ceceddca0][WARN] copy_aicore_buffer: [chip_swimlane_collector.cpp:689] Core 63: skipped 1024 AICore record slot(s) with start_time=0 (race-window write or recycled-buffer tail). buf seq=0 count=1024
[mono_ns=7319701258695446][T0xf36ced6edca0][WARN] copy_aicore_buffer: [chip_swimlane_collector.cpp:689] Core 61: skipped 1024 AICore record slot(s) with start_time=0 (race-window write or recycled-buffer tail). buf seq=0 count=1024
[mono_ns=7319701258735496][T0xf36cec6cdca0][WARN] copy_aicore_buffer: [chip_swimlane_collector.cpp:689] Core 65: skipped 1024 AICore record slot(s) with start_time=0 (race-window write or recycled-buffer tail). buf seq=0 count=1024
[mono_ns=7319701258969647][T0xf36ceceddca0][WARN] copy_aicore_buffer: [chip_swimlane_collector.cpp:689] Core 22: skipped 1024 AICore record slot(s) with start_time=0 (race-window write or recycled-buffer tail). buf seq=0 count=1024
[mono_ns=7319701258973787][T0xf36ced6edca0][WARN] copy_aicore_buffer: [chip_swimlane_collector.cpp:689] Core 21: skipped 1024 AICore record slot(s) with start_time=0 (race-window write or recycled-buffer tail). buf seq=0 count=1024
[mono_ns=7319701259024798][T0xf36cec6cdca0][WARN] copy_aicore_buffer: [chip_swimlane_collector.cpp:689] Core 23: skipped 1023 AICore record slot(s) with start_time=0 (race-window write or recycled-buffer tail). buf seq=0 count=1024
[mono_ns=7319701259256899][T0xf36ceceddca0][WARN] copy_aicore_buffer: [chip_swimlane_collector.cpp:689] Core 68: skipped 1024 AICore record slot(s) with start_time=0 (race-window write or recycled-buffer tail). buf seq=0 count=1024
[mono_ns=7319701259262259][T0xf36ced6edca0][WARN] copy_aicore_buffer: [chip_swimlane_collector.cpp:689] Core 66: skipped 1024 AICore record slot(s) with start_time=0 (race-window write or recycled-buffer tail). buf seq=0 count=1024
[mono_ns=7319701259305349][T0xf36cec6cdca0][WARN] copy_aicore_buffer: [chip_swimlane_collector.cpp:689] Core 70: skipped 1024 AICore record slot(s) with start_time=0 (race-window write or recycled-buffer tail). buf seq=0 count=1024
[mono_ns=7319701259536230][T0xf36ceceddca0][WARN] copy_aicore_buffer: [chip_swimlane_collector.cpp:689] Core 69: skipped 1024 AICore record slot(s) with start_time=0 (race-window write or recycled-buffer tail). buf seq=0 count=1024
[mono_ns=7319701259542170][T0xf36ced6edca0][WARN] copy_aicore_buffer: [chip_swimlane_collector.cpp:689] Core 67: skipped 1024 AICore record slot(s) with start_time=0 (race-window write or recycled-buffer tail). buf seq=0 count=1024
[mono_ns=7319701259584520][T0xf36cec6cdca0][WARN] copy_aicore_buffer: [chip_swimlane_collector.cpp:689] Core 71: skipped 1024 AICore record slot(s) with start_time=0 (race-window write or recycled-buffer tail). buf seq=0 count=1024
[mono_ns=7319701360275378][T0xf36e4a0b7020][TIMING] emit_host_span: [STRACE] v=1 pid=2155045 tid=2155045 inv=86 hid=9a0ce7c17a38dab depth=1 name=chip.run.runner_run ts=7319701251908817 dur=108351051 
[mono_ns=7319701360333278][T0xf36e4a0b7020][TIMING] emit_host_span: [STRACE] v=1 pid=2155045 tid=2155045 inv=86 hid=9a0ce7c17a38dab depth=1 name=chip.run.validate ts=7319701360293648 dur=36130 
[mono_ns=7319701360345198][T0xf36e4a0b7020][TIMING] emit_host_span: [STRACE] v=1 pid=2155045 tid=2155045 inv=86 hid=9a0ce7c17a38dab depth=2 name=chip.run.runner_run.device_wall ts=0 dur=635680 clk=dev
[mono_ns=7319701360350079][T0xf36e4a0b7020][TIMING] emit_host_span: [STRACE] v=1 pid=2155045 tid=2155045 inv=86 hid=9a0ce7c17a38dab depth=3 name=chip.run.runner_run.device_wall.preamble ts=0 dur=601940 clk=dev
[mono_ns=7319701360370009][T0xf36e4a0b7020][TIMING] emit_host_span: [STRACE] v=1 pid=2155045 tid=2155045 inv=86 hid=9a0ce7c17a38dab depth=3 name=chip.run.runner_run.device_wall.graph_build ts=598040 dur=27620 clk=dev
[mono_ns=7319701360374459][T0xf36e4a0b7020][TIMING] emit_host_span: [STRACE] v=1 pid=2155045 tid=2155045 inv=86 hid=9a0ce7c17a38dab depth=3 name=chip.run.runner_run.device_wall.config_validate ts=598140 dur=440 clk=dev
[mono_ns=7319701360378249][T0xf36e4a0b7020][TIMING] emit_host_span: [STRACE] v=1 pid=2155045 tid=2155045 inv=86 hid=9a0ce7c17a38dab depth=3 name=chip.run.runner_run.device_wall.arena_wire ts=598620 dur=240 clk=dev
[mono_ns=7319701360383049][T0xf36e4a0b7020][TIMING] emit_host_span: [STRACE] v=1 pid=2155045 tid=2155045 inv=86 hid=9a0ce7c17a38dab depth=3 name=chip.run.runner_run.device_wall.sm_reset ts=598880 dur=480 clk=dev
[mono_ns=7319701360386389][T0xf36e4a0b7020][TIMING] emit_host_span: [STRACE] v=1 pid=2155045 tid=2155045 inv=86 hid=9a0ce7c17a38dab depth=3 name=chip.run.runner_run.device_wall.post_orch ts=625699 dur=9880 clk=dev
[mono_ns=7319701360389719][T0xf36e4a0b7020][TIMING] emit_host_span: [STRACE] v=1 pid=2155045 tid=2155045 inv=86 hid=9a0ce7c17a38dab depth=3 name=chip.run.runner_run.device_wall.orch ts=599400 dur=1380 clk=dev
[mono_ns=7319701360392919][T0xf36e4a0b7020][TIMING] emit_host_span: [STRACE] v=1 pid=2155045 tid=2155045 inv=86 hid=9a0ce7c17a38dab depth=3 name=chip.run.runner_run.device_wall.sched ts=602100 dur=6240 clk=dev
[mono_ns=7319701360398489][T0xf36e4a0b7020][TIMING] emit_host_span: [STRACE] v=1 pid=2155045 tid=2155045 inv=86 hid=9a0ce7c17a38dab depth=1 name=chip.run.claim_release ts=7319701360396289 dur=470 
[mono_ns=7319701360406559][T0xf36e4a0b7020][TIMING] emit_host_span: [STRACE] v=1 pid=2155045 tid=2155045 inv=86 hid=9a0ce7c17a38dab depth=0 name=chip.run ts=7319701251389895 dur=109014604 run_id=22 dispatch_id=86 slot_id=0 generation=22 run_epoch=86
[mono_ns=7319701360919781][T0xf36e4a0b7020][TIMING] emit_host_span: [STRACE] v=1 pid=2155045 tid=2155045 inv=87 hid=aa636548c65ca6a1 depth=2 name=chip.run.bind.args ts=7319701360863741 dur=51490 
[mono_ns=7319701360937401][T0xf36e4a0b7020][TIMING] emit_host_span: [STRACE] v=1 pid=2155045 tid=2155045 inv=87 hid=aa636548c65ca6a1 depth=2 name=chip.run.bind.prebuilt ts=7319701360931601 dur=3750 
[mono_ns=7319701360942151][T0xf36e4a0b7020][TIMING] emit_host_span: [STRACE] v=1 pid=2155045 tid=2155045 inv=87 hid=aa636548c65ca6a1 depth=1 name=chip.run.bind ts=7319701360851261 dur=88970 
[mono_ns=7319701369088406][T0xf36e4a0b7020][TIMING] emit_host_span: [STRACE] v=1 pid=2155045 tid=2155045 inv=87 hid=aa636548c65ca6a1 depth=1 name=chip.run.runner_run ts=7319701361255302 dur=7825624 
[mono_ns=7319701369133476][T0xf36e4a0b7020][TIMING] emit_host_span: [STRACE] v=1 pid=2155045 tid=2155045 inv=87 hid=aa636548c65ca6a1 depth=1 name=chip.run.validate ts=7319701369104596 dur=25630 
[mono_ns=7319701369138656][T0xf36e4a0b7020][TIMING] emit_host_span: [STRACE] v=1 pid=2155045 tid=2155045 inv=87 hid=aa636548c65ca6a1 depth=2 name=chip.run.runner_run.device_wall ts=0 dur=7549980 clk=dev
[mono_ns=7319701369142386][T0xf36e4a0b7020][TIMING] emit_host_span: [STRACE] v=1 pid=2155045 tid=2155045 inv=87 hid=aa636548c65ca6a1 depth=3 name=chip.run.runner_run.device_wall.preamble ts=0 dur=5680 clk=dev
[mono_ns=7319701369150656][T0xf36e4a0b7020][TIMING] emit_host_span: [STRACE] v=1 pid=2155045 tid=2155045 inv=87 hid=aa636548c65ca6a1 depth=3 name=chip.run.runner_run.device_wall.graph_build ts=1260 dur=7537920 clk=dev
[mono_ns=7319701369153816][T0xf36e4a0b7020][TIMING] emit_host_span: [STRACE] v=1 pid=2155045 tid=2155045 inv=87 hid=aa636548c65ca6a1 depth=3 name=chip.run.runner_run.device_wall.config_validate ts=1359 dur=540 clk=dev
[mono_ns=7319701369156886][T0xf36e4a0b7020][TIMING] emit_host_span: [STRACE] v=1 pid=2155045 tid=2155045 inv=87 hid=aa636548c65ca6a1 depth=3 name=chip.run.runner_run.device_wall.arena_wire ts=1940 dur=260 clk=dev
[mono_ns=7319701369160746][T0xf36e4a0b7020][TIMING] emit_host_span: [STRACE] v=1 pid=2155045 tid=2155045 inv=87 hid=aa636548c65ca6a1 depth=3 name=chip.run.runner_run.device_wall.sm_reset ts=2219 dur=459 clk=dev
[mono_ns=7319701369164876][T0xf36e4a0b7020][TIMING] emit_host_span: [STRACE] v=1 pid=2155045 tid=2155045 inv=87 hid=aa636548c65ca6a1 depth=3 name=chip.run.runner_run.device_wall.post_orch ts=7539220 dur=10620 clk=dev
[mono_ns=7319701369167946][T0xf36e4a0b7020][TIMING] emit_host_span: [STRACE] v=1 pid=2155045 tid=2155045 inv=87 hid=aa636548c65ca6a1 depth=3 name=chip.run.runner_run.device_wall.orch ts=2700 dur=1540 clk=dev
[mono_ns=7319701369170976][T0xf36e4a0b7020][TIMING] emit_host_span: [STRACE] v=1 pid=2155045 tid=2155045 inv=87 hid=aa636548c65ca6a1 depth=3 name=chip.run.runner_run.device_wall.sched ts=5779 dur=7526040 clk=dev
[mono_ns=7319701369178266][T0xf36e4a0b7020][TIMING] emit_host_span: [STRACE] v=1 pid=2155045 tid=2155045 inv=87 hid=aa636548c65ca6a1 depth=1 name=chip.run.claim_release ts=7319701369176096 dur=420 
[mono_ns=7319701369182536][T0xf36e4a0b7020][TIMING] emit_host_span: [STRACE] v=1 pid=2155045 tid=2155045 inv=87 hid=aa636548c65ca6a1 depth=0 name=chip.run ts=7319701360805930 dur=8374676 run_id=22 dispatch_id=87 slot_id=0 generation=22 run_epoch=87
[mono_ns=7319701370315841][T0xf36e4a0b7020][TIMING] emit_host_span: [STRACE] v=1 pid=2155045 tid=2155045 inv=88 hid=e3bcbf8fce8ee77f depth=2 name=chip.run.bind.args ts=7319701370253561 dur=56670 
[mono_ns=7319701370332821][T0xf36e4a0b7020][TIMING] emit_host_span: [STRACE] v=1 pid=2155045 tid=2155045 inv=88 hid=e3bcbf8fce8ee77f depth=2 name=chip.run.bind.prebuilt ts=7319701370328161 dur=2110 
[mono_ns=7319701370337751][T0xf36e4a0b7020][TIMING] emit_host_span: [STRACE] v=1 pid=2155045 tid=2155045 inv=88 hid=e3bcbf8fce8ee77f depth=1 name=chip.run.bind ts=7319701370246271 dur=89410 
[mono_ns=7319701371701437][T0xf36ced6edca0][WARN] copy_aicore_buffer: [chip_swimlane_collector.cpp:689] Core 0: skipped 1024 AICore record slot(s) with start_time=0 (race-window write or recycled-buffer tail). buf seq=0 count=1024
[mono_ns=7319701371714087][T0xf36ceceddca0][WARN] copy_aicore_buffer: [chip_swimlane_collector.cpp:689] Core 1: skipped 1024 AICore record slot(s) with start_time=0 (race-window write or recycled-buffer tail). buf seq=0 count=1024
[mono_ns=7319701371725027][T0xf36cec6cdca0][WARN] copy_aicore_buffer: [chip_swimlane_collector.cpp:689] Core 2: skipped 1024 AICore record slot(s) with start_time=0 (race-window write or recycled-buffer tail). buf seq=0 count=1024
[mono_ns=7319701371986228][T0xf36ced6edca0][WARN] copy_aicore_buffer: [chip_swimlane_collector.cpp:689] Core 24: skipped 1024 AICore record slot(s) with start_time=0 (race-window write or recycled-buffer tail). buf seq=0 count=1024
[mono_ns=7319701371996438][T0xf36ceceddca0][WARN] copy_aicore_buffer: [chip_swimlane_collector.cpp:689] Core 26: skipped 1023 AICore record slot(s) with start_time=0 (race-window write or recycled-buffer tail). buf seq=0 count=1024
[mono_ns=7319701372025128][T0xf36cec6cdca0][WARN] copy_aicore_buffer: [chip_swimlane_collector.cpp:689] Core 28: skipped 1024 AICore record slot(s) with start_time=0 (race-window write or recycled-buffer tail). buf seq=0 count=1024
[mono_ns=7319701372276939][T0xf36ced6edca0][WARN] copy_aicore_buffer: [chip_swimlane_collector.cpp:689] Core 25: skipped 1024 AICore record slot(s) with start_time=0 (race-window write or recycled-buffer tail). buf seq=0 count=1024
[mono_ns=7319701372288729][T0xf36ceceddca0][WARN] copy_aicore_buffer: [chip_swimlane_collector.cpp:689] Core 27: skipped 1024 AICore record slot(s) with start_time=0 (race-window write or recycled-buffer tail). buf seq=0 count=1024
[mono_ns=7319701372306769][T0xf36cec6cdca0][WARN] copy_aicore_buffer: [chip_swimlane_collector.cpp:689] Core 29: skipped 1024 AICore record slot(s) with start_time=0 (race-window write or recycled-buffer tail). buf seq=0 count=1024
[mono_ns=7319701372557470][T0xf36ced6edca0][WARN] copy_aicore_buffer: [chip_swimlane_collector.cpp:689] Core 3: skipped 1024 AICore record slot(s) with start_time=0 (race-window write or recycled-buffer tail). buf seq=0 count=1024
[mono_ns=7319701372566640][T0xf36ceceddca0][WARN] copy_aicore_buffer: [chip_swimlane_collector.cpp:689] Core 4: skipped 1024 AICore record slot(s) with start_time=0 (race-window write or recycled-buffer tail). buf seq=0 count=1024
[mono_ns=7319701372586511][T0xf36cec6cdca0][WARN] copy_aicore_buffer: [chip_swimlane_collector.cpp:689] Core 5: skipped 1024 AICore record slot(s) with start_time=0 (race-window write or recycled-buffer tail). buf seq=0 count=1024
[mono_ns=7319701372837942][T0xf36ced6edca0][WARN] copy_aicore_buffer: [chip_swimlane_collector.cpp:689] Core 30: skipped 1024 AICore record slot(s) with start_time=0 (race-window write or recycled-buffer tail). buf seq=0 count=1024
[mono_ns=7319701372850222][T0xf36ceceddca0][WARN] copy_aicore_buffer: [chip_swimlane_collector.cpp:689] Core 32: skipped 1023 AICore record slot(s) with start_time=0 (race-window write or recycled-buffer tail). buf seq=0 count=1024
[mono_ns=7319701372867262][T0xf36cec6cdca0][WARN] copy_aicore_buffer: [chip_swimlane_collector.cpp:689] Core 34: skipped 1024 AICore record slot(s) with start_time=0 (race-window write or recycled-buffer tail). buf seq=0 count=1024
[mono_ns=7319701373132073][T0xf36ced6edca0][WARN] copy_aicore_buffer: [chip_swimlane_collector.cpp:689] Core 31: skipped 1024 AICore record slot(s) with start_time=0 (race-window write or recycled-buffer tail). buf seq=0 count=1024
[mono_ns=7319701373147213][T0xf36ceceddca0][WARN] copy_aicore_buffer: [chip_swimlane_collector.cpp:689] Core 33: skipped 1024 AICore record slot(s) with start_time=0 (race-window write or recycled-buffer tail). buf seq=0 count=1024
[mono_ns=7319701373156543][T0xf36cec6cdca0][WARN] copy_aicore_buffer: [chip_swimlane_collector.cpp:689] Core 35: skipped 1024 AICore record slot(s) with start_time=0 (race-window write or recycled-buffer tail). buf seq=0 count=1024
[mono_ns=7319701373411284][T0xf36ced6edca0][WARN] copy_aicore_buffer: [chip_swimlane_collector.cpp:689] Core 6: skipped 1024 AICore record slot(s) with start_time=0 (race-window write or recycled-buffer tail). buf seq=0 count=1024
[mono_ns=7319701373424884][T0xf36ceceddca0][WARN] copy_aicore_buffer: [chip_swimlane_collector.cpp:689] Core 7: skipped 1024 AICore record slot(s) with start_time=0 (race-window write or recycled-buffer tail). buf seq=0 count=1024
[mono_ns=7319701373437364][T0xf36cec6cdca0][WARN] copy_aicore_buffer: [chip_swimlane_collector.cpp:689] Core 8: skipped 1024 AICore record slot(s) with start_time=0 (race-window write or recycled-buffer tail). buf seq=0 count=1024
[mono_ns=7319701373691465][T0xf36ced6edca0][WARN] copy_aicore_buffer: [chip_swimlane_collector.cpp:689] Core 36: skipped 1024 AICore record slot(s) with start_time=0 (race-window write or recycled-buffer tail). buf seq=0 count=1024
[mono_ns=7319701373704325][T0xf36ceceddca0][WARN] copy_aicore_buffer: [chip_swimlane_collector.cpp:689] Core 38: skipped 1023 AICore record slot(s) with start_time=0 (race-window write or recycled-buffer tail). buf seq=0 count=1024
[mono_ns=7319701373718625][T0xf36cec6cdca0][WARN] copy_aicore_buffer: [chip_swimlane_collector.cpp:689] Core 40: skipped 1024 AICore record slot(s) with start_time=0 (race-window write or recycled-buffer tail). buf seq=0 count=1024
[mono_ns=7319701373970276][T0xf36ced6edca0][WARN] copy_aicore_buffer: [chip_swimlane_collector.cpp:689] Core 37: skipped 1024 AICore record slot(s) with start_time=0 (race-window write or recycled-buffer tail). buf seq=0 count=1024
[mono_ns=7319701373981226][T0xf36ceceddca0][WARN] copy_aicore_buffer: [chip_swimlane_collector.cpp:689] Core 39: skipped 1024 AICore record slot(s) with start_time=0 (race-window write or recycled-buffer tail). buf seq=0 count=1024
[mono_ns=7319701373999727][T0xf36cec6cdca0][WARN] copy_aicore_buffer: [chip_swimlane_collector.cpp:689] Core 41: skipped 1024 AICore record slot(s) with start_time=0 (race-window write or recycled-buffer tail). buf seq=0 count=1024
[mono_ns=7319701374260548][T0xf36ced6edca0][WARN] copy_aicore_buffer: [chip_swimlane_collector.cpp:689] Core 9: skipped 1024 AICore record slot(s) with start_time=0 (race-window write or recycled-buffer tail). buf seq=0 count=1024
[mono_ns=7319701374275398][T0xf36ceceddca0][WARN] copy_aicore_buffer: [chip_swimlane_collector.cpp:689] Core 10: skipped 1024 AICore record slot(s) with start_time=0 (race-window write or recycled-buffer tail). buf seq=0 count=1024
[mono_ns=7319701374285578][T0xf36cec6cdca0][WARN] copy_aicore_buffer: [chip_swimlane_collector.cpp:689] Core 11: skipped 1024 AICore record slot(s) with start_time=0 (race-window write or recycled-buffer tail). buf seq=0 count=1024
[mono_ns=7319701374539899][T0xf36ced6edca0][WARN] copy_aicore_buffer: [chip_swimlane_collector.cpp:689] Core 42: skipped 1024 AICore record slot(s) with start_time=0 (race-window write or recycled-buffer tail). buf seq=0 count=1024
[mono_ns=7319701374556159][T0xf36ceceddca0][WARN] copy_aicore_buffer: [chip_swimlane_collector.cpp:689] Core 44: skipped 1023 AICore record slot(s) with start_time=0 (race-window write or recycled-buffer tail). buf seq=0 count=1024
[mono_ns=7319701374564529][T0xf36cec6cdca0][WARN] copy_aicore_buffer: [chip_swimlane_collector.cpp:689] Core 46: skipped 1024 AICore record slot(s) with start_time=0 (race-window write or recycled-buffer tail). buf seq=0 count=1024
[mono_ns=7319701374819890][T0xf36ced6edca0][WARN] copy_aicore_buffer: [chip_swimlane_collector.cpp:689] Core 43: skipped 1024 AICore record slot(s) with start_time=0 (race-window write or recycled-buffer tail). buf seq=0 count=1024
[mono_ns=7319701374834350][T0xf36ceceddca0][WARN] copy_aicore_buffer: [chip_swimlane_collector.cpp:689] Core 45: skipped 1024 AICore record slot(s) with start_time=0 (race-window write or recycled-buffer tail). buf seq=0 count=1024
[mono_ns=7319701374844240][T0xf36cec6cdca0][WARN] copy_aicore_buffer: [chip_swimlane_collector.cpp:689] Core 47: skipped 1024 AICore record slot(s) with start_time=0 (race-window write or recycled-buffer tail). buf seq=0 count=1024
[mono_ns=7319701375113071][T0xf36ced6edca0][WARN] copy_aicore_buffer: [chip_swimlane_collector.cpp:689] Core 12: skipped 1024 AICore record slot(s) with start_time=0 (race-window write or recycled-buffer tail). buf seq=0 count=1024
[mono_ns=7319701375125031][T0xf36ceceddca0][WARN] copy_aicore_buffer: [chip_swimlane_collector.cpp:689] Core 13: skipped 1024 AICore record slot(s) with start_time=0 (race-window write or recycled-buffer tail). buf seq=0 count=1024
[mono_ns=7319701375127791][T0xf36cec6cdca0][WARN] copy_aicore_buffer: [chip_swimlane_collector.cpp:689] Core 14: skipped 1024 AICore record slot(s) with start_time=0 (race-window write or recycled-buffer tail). buf seq=0 count=1024
[mono_ns=7319701375393402][T0xf36ced6edca0][WARN] copy_aicore_buffer: [chip_swimlane_collector.cpp:689] Core 48: skipped 1024 AICore record slot(s) with start_time=0 (race-window write or recycled-buffer tail). buf seq=0 count=1024
[mono_ns=7319701375405593][T0xf36ceceddca0][WARN] copy_aicore_buffer: [chip_swimlane_collector.cpp:689] Core 50: skipped 1023 AICore record slot(s) with start_time=0 (race-window write or recycled-buffer tail). buf seq=0 count=1024
[mono_ns=7319701375406913][T0xf36cec6cdca0][WARN] copy_aicore_buffer: [chip_swimlane_collector.cpp:689] Core 52: skipped 1024 AICore record slot(s) with start_time=0 (race-window write or recycled-buffer tail). buf seq=0 count=1024
[mono_ns=7319701375672504][T0xf36ced6edca0][WARN] copy_aicore_buffer: [chip_swimlane_collector.cpp:689] Core 49: skipped 1024 AICore record slot(s) with start_time=0 (race-window write or recycled-buffer tail). buf seq=0 count=1024
[mono_ns=7319701375682704][T0xf36ceceddca0][WARN] copy_aicore_buffer: [chip_swimlane_collector.cpp:689] Core 51: skipped 1024 AICore record slot(s) with start_time=0 (race-window write or recycled-buffer tail). buf seq=0 count=1024
[mono_ns=7319701375687524][T0xf36cec6cdca0][WARN] copy_aicore_buffer: [chip_swimlane_collector.cpp:689] Core 53: skipped 1024 AICore record slot(s) with start_time=0 (race-window write or recycled-buffer tail). buf seq=0 count=1024
[mono_ns=7319701375952895][T0xf36ced6edca0][WARN] copy_aicore_buffer: [chip_swimlane_collector.cpp:689] Core 15: skipped 1024 AICore record slot(s) with start_time=0 (race-window write or recycled-buffer tail). buf seq=0 count=1024
[mono_ns=7319701375960435][T0xf36ceceddca0][WARN] copy_aicore_buffer: [chip_swimlane_collector.cpp:689] Core 16: skipped 1024 AICore record slot(s) with start_time=0 (race-window write or recycled-buffer tail). buf seq=0 count=1024
[mono_ns=7319701375966445][T0xf36cec6cdca0][WARN] copy_aicore_buffer: [chip_swimlane_collector.cpp:689] Core 17: skipped 1024 AICore record slot(s) with start_time=0 (race-window write or recycled-buffer tail). buf seq=0 count=1024
[mono_ns=7319701376241036][T0xf36ced6edca0][WARN] copy_aicore_buffer: [chip_swimlane_collector.cpp:689] Core 54: skipped 1024 AICore record slot(s) with start_time=0 (race-window write or recycled-buffer tail). buf seq=0 count=1024
[mono_ns=7319701376247826][T0xf36ceceddca0][WARN] copy_aicore_buffer: [chip_swimlane_collector.cpp:689] Core 56: skipped 1023 AICore record slot(s) with start_time=0 (race-window write or recycled-buffer tail). buf seq=0 count=1024
[mono_ns=7319701376259716][T0xf36cec6cdca0][WARN] copy_aicore_buffer: [chip_swimlane_collector.cpp:689] Core 58: skipped 1024 AICore record slot(s) with start_time=0 (race-window write or recycled-buffer tail). buf seq=0 count=1024
[mono_ns=7319701376520747][T0xf36ced6edca0][WARN] copy_aicore_buffer: [chip_swimlane_collector.cpp:689] Core 55: skipped 1024 AICore record slot(s) with start_time=0 (race-window write or recycled-buffer tail). buf seq=0 count=1024
[mono_ns=7319701376526147][T0xf36ceceddca0][WARN] copy_aicore_buffer: [chip_swimlane_collector.cpp:689] Core 57: skipped 1024 AICore record slot(s) with start_time=0 (race-window write or recycled-buffer tail). buf seq=0 count=1024
[mono_ns=7319701376539597][T0xf36cec6cdca0][WARN] copy_aicore_buffer: [chip_swimlane_collector.cpp:689] Core 59: skipped 1024 AICore record slot(s) with start_time=0 (race-window write or recycled-buffer tail). buf seq=0 count=1024
[mono_ns=7319701376799738][T0xf36ced6edca0][WARN] copy_aicore_buffer: [chip_swimlane_collector.cpp:689] Core 18: skipped 1024 AICore record slot(s) with start_time=0 (race-window write or recycled-buffer tail). buf seq=0 count=1024
[mono_ns=7319701376803428][T0xf36ceceddca0][WARN] copy_aicore_buffer: [chip_swimlane_collector.cpp:689] Core 19: skipped 1024 AICore record slot(s) with start_time=0 (race-window write or recycled-buffer tail). buf seq=0 count=1024
[mono_ns=7319701376820559][T0xf36cec6cdca0][WARN] copy_aicore_buffer: [chip_swimlane_collector.cpp:689] Core 20: skipped 1024 AICore record slot(s) with start_time=0 (race-window write or recycled-buffer tail). buf seq=0 count=1024
[mono_ns=7319701377093340][T0xf36ceceddca0][WARN] copy_aicore_buffer: [chip_swimlane_collector.cpp:689] Core 62: skipped 1023 AICore record slot(s) with start_time=0 (race-window write or recycled-buffer tail). buf seq=0 count=1024
[mono_ns=7319701377102610][T0xf36ced6edca0][WARN] copy_aicore_buffer: [chip_swimlane_collector.cpp:689] Core 60: skipped 1024 AICore record slot(s) with start_time=0 (race-window write or recycled-buffer tail). buf seq=0 count=1024
[mono_ns=7319701377108840][T0xf36cec6cdca0][WARN] copy_aicore_buffer: [chip_swimlane_collector.cpp:689] Core 64: skipped 1024 AICore record slot(s) with start_time=0 (race-window write or recycled-buffer tail). buf seq=0 count=1024
[mono_ns=7319701377372081][T0xf36ceceddca0][WARN] copy_aicore_buffer: [chip_swimlane_collector.cpp:689] Core 63: skipped 1024 AICore record slot(s) with start_time=0 (race-window write or recycled-buffer tail). buf seq=0 count=1024
[mono_ns=7319701377381251][T0xf36ced6edca0][WARN] copy_aicore_buffer: [chip_swimlane_collector.cpp:689] Core 61: skipped 1024 AICore record slot(s) with start_time=0 (race-window write or recycled-buffer tail). buf seq=0 count=1024
[mono_ns=7319701377387641][T0xf36cec6cdca0][WARN] copy_aicore_buffer: [chip_swimlane_collector.cpp:689] Core 65: skipped 1024 AICore record slot(s) with start_time=0 (race-window write or recycled-buffer tail). buf seq=0 count=1024
[mono_ns=7319701377651222][T0xf36ceceddca0][WARN] copy_aicore_buffer: [chip_swimlane_collector.cpp:689] Core 22: skipped 1024 AICore record slot(s) with start_time=0 (race-window write or recycled-buffer tail). buf seq=0 count=1024
[mono_ns=7319701377659342][T0xf36ced6edca0][WARN] copy_aicore_buffer: [chip_swimlane_collector.cpp:689] Core 21: skipped 1024 AICore record slot(s) with start_time=0 (race-window write or recycled-buffer tail). buf seq=0 count=1024
[mono_ns=7319701377666012][T0xf36cec6cdca0][WARN] copy_aicore_buffer: [chip_swimlane_collector.cpp:689] Core 23: skipped 1024 AICore record slot(s) with start_time=0 (race-window write or recycled-buffer tail). buf seq=0 count=1024
[mono_ns=7319701377930923][T0xf36ceceddca0][WARN] copy_aicore_buffer: [chip_swimlane_collector.cpp:689] Core 68: skipped 1024 AICore record slot(s) with start_time=0 (race-window write or recycled-buffer tail). buf seq=0 count=1024
[mono_ns=7319701377940033][T0xf36ced6edca0][WARN] copy_aicore_buffer: [chip_swimlane_collector.cpp:689] Core 66: skipped 1024 AICore record slot(s) with start_time=0 (race-window write or recycled-buffer tail). buf seq=0 count=1024
[mono_ns=7319701377945383][T0xf36cec6cdca0][WARN] copy_aicore_buffer: [chip_swimlane_collector.cpp:689] Core 70: skipped 1024 AICore record slot(s) with start_time=0 (race-window write or recycled-buffer tail). buf seq=0 count=1024
[mono_ns=7319701378222295][T0xf36ceceddca0][WARN] copy_aicore_buffer: [chip_swimlane_collector.cpp:689] Core 69: skipped 1024 AICore record slot(s) with start_time=0 (race-window write or recycled-buffer tail). buf seq=0 count=1024
[mono_ns=7319701378227005][T0xf36ced6edca0][WARN] copy_aicore_buffer: [chip_swimlane_collector.cpp:689] Core 67: skipped 1024 AICore record slot(s) with start_time=0 (race-window write or recycled-buffer tail). buf seq=0 count=1024
[mono_ns=7319701378236025][T0xf36cec6cdca0][WARN] copy_aicore_buffer: [chip_swimlane_collector.cpp:689] Core 71: skipped 1024 AICore record slot(s) with start_time=0 (race-window write or recycled-buffer tail). buf seq=0 count=1024
[mono_ns=7319701478974103][T0xf36e4a0b7020][TIMING] emit_host_span: [STRACE] v=1 pid=2155045 tid=2155045 inv=88 hid=e3bcbf8fce8ee77f depth=1 name=chip.run.runner_run ts=7319701370614262 dur=108343781 
[mono_ns=7319701480199308][T0xf36e4a0b7020][TIMING] emit_host_span: [STRACE] v=1 pid=2155045 tid=2155045 inv=88 hid=e3bcbf8fce8ee77f depth=1 name=chip.run.validate ts=7319701479011623 dur=1181605 
[mono_ns=7319701480212968][T0xf36e4a0b7020][TIMING] emit_host_span: [STRACE] v=1 pid=2155045 tid=2155045 inv=88 hid=e3bcbf8fce8ee77f depth=2 name=chip.run.runner_run.device_wall ts=0 dur=703380 clk=dev
[mono_ns=7319701480217808][T0xf36e4a0b7020][TIMING] emit_host_span: [STRACE] v=1 pid=2155045 tid=2155045 inv=88 hid=e3bcbf8fce8ee77f depth=3 name=chip.run.runner_run.device_wall.preamble ts=0 dur=623280 clk=dev
[mono_ns=7319701480222088][T0xf36e4a0b7020][TIMING] emit_host_span: [STRACE] v=1 pid=2155045 tid=2155045 inv=88 hid=e3bcbf8fce8ee77f depth=3 name=chip.run.runner_run.device_wall.graph_build ts=619560 dur=72580 clk=dev
[mono_ns=7319701480225958][T0xf36e4a0b7020][TIMING] emit_host_span: [STRACE] v=1 pid=2155045 tid=2155045 inv=88 hid=e3bcbf8fce8ee77f depth=3 name=chip.run.runner_run.device_wall.config_validate ts=619660 dur=640 clk=dev
[mono_ns=7319701480229218][T0xf36e4a0b7020][TIMING] emit_host_span: [STRACE] v=1 pid=2155045 tid=2155045 inv=88 hid=e3bcbf8fce8ee77f depth=3 name=chip.run.runner_run.device_wall.arena_wire ts=620340 dur=240 clk=dev
[mono_ns=7319701480232578][T0xf36e4a0b7020][TIMING] emit_host_span: [STRACE] v=1 pid=2155045 tid=2155045 inv=88 hid=e3bcbf8fce8ee77f depth=3 name=chip.run.runner_run.device_wall.sm_reset ts=620600 dur=500 clk=dev
[mono_ns=7319701480236908][T0xf36e4a0b7020][TIMING] emit_host_span: [STRACE] v=1 pid=2155045 tid=2155045 inv=88 hid=e3bcbf8fce8ee77f depth=3 name=chip.run.runner_run.device_wall.post_orch ts=692220 dur=11060 clk=dev
[mono_ns=7319701480246128][T0xf36e4a0b7020][TIMING] emit_host_span: [STRACE] v=1 pid=2155045 tid=2155045 inv=88 hid=e3bcbf8fce8ee77f depth=3 name=chip.run.runner_run.device_wall.orch ts=621140 dur=1520 clk=dev
[mono_ns=7319701480250078][T0xf36e4a0b7020][TIMING] emit_host_span: [STRACE] v=1 pid=2155045 tid=2155045 inv=88 hid=e3bcbf8fce8ee77f depth=3 name=chip.run.runner_run.device_wall.sched ts=623439 dur=51500 clk=dev
[mono_ns=7319701480256209][T0xf36e4a0b7020][TIMING] emit_host_span: [STRACE] v=1 pid=2155045 tid=2155045 inv=88 hid=e3bcbf8fce8ee77f depth=1 name=chip.run.claim_release ts=7319701480253928 dur=511 
[mono_ns=7319701480262739][T0xf36e4a0b7020][TIMING] emit_host_span: [STRACE] v=1 pid=2155045 tid=2155045 inv=88 hid=e3bcbf8fce8ee77f depth=0 name=chip.run ts=7319701370224871 dur=110035858 run_id=22 dispatch_id=88 slot_id=0 generation=22 run_epoch=88
