[mono_ns=7230170979402552][T0xf2fb9d32b020][TIMING] emit_host_span: [STRACE] v=1 pid=171886 tid=171886 inv=1 hid=e6ec8d6f21e99491 depth=2 name=chip.run.bind.args ts=7230170979271672 dur=123560 
[mono_ns=7230170979423273][T0xf2fb9d32b020][TIMING] emit_host_span: [STRACE] v=1 pid=171886 tid=171886 inv=1 hid=e6ec8d6f21e99491 depth=2 name=chip.run.bind.prebuilt ts=7230170979416833 dur=3900 
[mono_ns=7230170979428503][T0xf2fb9d32b020][TIMING] emit_host_span: [STRACE] v=1 pid=171886 tid=171886 inv=1 hid=e6ec8d6f21e99491 depth=1 name=chip.run.bind ts=7230170978840599 dur=585674 
[mono_ns=7230171096475458][T0xf2fb9d32b020][TIMING] emit_host_span: [STRACE] v=1 pid=171886 tid=171886 inv=1 hid=e6ec8d6f21e99491 depth=1 name=chip.run.runner_run ts=7230170980154586 dur=116311322 
[mono_ns=7230171096595319][T0xf2fb9d32b020][TIMING] emit_host_span: [STRACE] v=1 pid=171886 tid=171886 inv=1 hid=e6ec8d6f21e99491 depth=1 name=chip.run.validate ts=7230171096490758 dur=100531 
[mono_ns=7230171096608599][T0xf2fb9d32b020][TIMING] emit_host_span: [STRACE] v=1 pid=171886 tid=171886 inv=1 hid=e6ec8d6f21e99491 depth=2 name=chip.run.runner_run.device_wall ts=0 dur=338240 clk=dev
[mono_ns=7230171096613049][T0xf2fb9d32b020][TIMING] emit_host_span: [STRACE] v=1 pid=171886 tid=171886 inv=1 hid=e6ec8d6f21e99491 depth=3 name=chip.run.runner_run.device_wall.preamble ts=0 dur=160840 clk=dev
[mono_ns=7230171096617999][T0xf2fb9d32b020][TIMING] emit_host_span: [STRACE] v=1 pid=171886 tid=171886 inv=1 hid=e6ec8d6f21e99491 depth=3 name=chip.run.runner_run.device_wall.graph_build ts=39360 dur=280419 clk=dev
[mono_ns=7230171096623229][T0xf2fb9d32b020][TIMING] emit_host_span: [STRACE] v=1 pid=171886 tid=171886 inv=1 hid=e6ec8d6f21e99491 depth=3 name=chip.run.runner_run.device_wall.config_validate ts=43400 dur=3820 clk=dev
[mono_ns=7230171096628859][T0xf2fb9d32b020][TIMING] emit_host_span: [STRACE] v=1 pid=171886 tid=171886 inv=1 hid=e6ec8d6f21e99491 depth=3 name=chip.run.runner_run.device_wall.arena_wire ts=47240 dur=12459 clk=dev
[mono_ns=7230171096635199][T0xf2fb9d32b020][TIMING] emit_host_span: [STRACE] v=1 pid=171886 tid=171886 inv=1 hid=e6ec8d6f21e99491 depth=3 name=chip.run.runner_run.device_wall.sm_reset ts=59740 dur=18440 clk=dev
[mono_ns=7230171096639929][T0xf2fb9d32b020][TIMING] emit_host_span: [STRACE] v=1 pid=171886 tid=171886 inv=1 hid=e6ec8d6f21e99491 depth=3 name=chip.run.runner_run.device_wall.post_orch ts=319860 dur=14719 clk=dev
[mono_ns=7230171096647139][T0xf2fb9d32b020][TIMING] emit_host_span: [STRACE] v=1 pid=171886 tid=171886 inv=1 hid=e6ec8d6f21e99491 depth=3 name=chip.run.runner_run.device_wall.orch ts=83200 dur=45360 clk=dev
[mono_ns=7230171096657309][T0xf2fb9d32b020][TIMING] emit_host_span: [STRACE] v=1 pid=171886 tid=171886 inv=1 hid=e6ec8d6f21e99491 depth=3 name=chip.run.runner_run.device_wall.sched ts=162480 dur=135580 clk=dev
[mono_ns=7230171096663689][T0xf2fb9d32b020][TIMING] emit_host_span: [STRACE] v=1 pid=171886 tid=171886 inv=1 hid=e6ec8d6f21e99491 depth=1 name=chip.run.claim_release ts=7230171096661329 dur=570 
[mono_ns=7230171096669409][T0xf2fb9d32b020][TIMING] emit_host_span: [STRACE] v=1 pid=171886 tid=171886 inv=1 hid=e6ec8d6f21e99491 depth=0 name=chip.run ts=7230170978810309 dur=117857130 run_id=1 dispatch_id=1 slot_id=0 generation=1 run_epoch=1
[mono_ns=7230171104113909][T0xf2fb9d32b020][TIMING] emit_host_span: [STRACE] v=1 pid=171886 tid=171886 inv=2 hid=e6ec8d6f21e99491 depth=2 name=chip.run.bind.args ts=7230171103994738 dur=113661 
[mono_ns=7230171104133949][T0xf2fb9d32b020][TIMING] emit_host_span: [STRACE] v=1 pid=171886 tid=171886 inv=2 hid=e6ec8d6f21e99491 depth=2 name=chip.run.bind.prebuilt ts=7230171104128389 dur=3100 
[mono_ns=7230171104139099][T0xf2fb9d32b020][TIMING] emit_host_span: [STRACE] v=1 pid=171886 tid=171886 inv=2 hid=e6ec8d6f21e99491 depth=1 name=chip.run.bind ts=7230171103986088 dur=150621 
[mono_ns=7230171159862267][T0xf2fa549ecca0][WARN] copy_aicore_buffer: [chip_swimlane_collector.cpp:689] Core 0: skipped 1024 AICore record slot(s) with start_time=0 (race-window write or recycled-buffer tail). buf seq=0 count=1024
[mono_ns=7230171159887297][T0xf2fa3f7aeca0][WARN] copy_aicore_buffer: [chip_swimlane_collector.cpp:689] Core 2: skipped 1024 AICore record slot(s) with start_time=0 (race-window write or recycled-buffer tail). buf seq=0 count=1024
[mono_ns=7230171159918637][T0xf2fa3ffbeca0][WARN] copy_aicore_buffer: [chip_swimlane_collector.cpp:689] Core 1: skipped 1024 AICore record slot(s) with start_time=0 (race-window write or recycled-buffer tail). buf seq=0 count=1024
[mono_ns=7230171160204759][T0xf2fa549ecca0][WARN] copy_aicore_buffer: [chip_swimlane_collector.cpp:689] Core 24: skipped 1023 AICore record slot(s) with start_time=0 (race-window write or recycled-buffer tail). buf seq=0 count=1024
[mono_ns=7230171160216639][T0xf2fa3f7aeca0][WARN] copy_aicore_buffer: [chip_swimlane_collector.cpp:689] Core 28: skipped 1023 AICore record slot(s) with start_time=0 (race-window write or recycled-buffer tail). buf seq=0 count=1024
[mono_ns=7230171160250079][T0xf2fa3ffbeca0][WARN] copy_aicore_buffer: [chip_swimlane_collector.cpp:689] Core 26: skipped 1023 AICore record slot(s) with start_time=0 (race-window write or recycled-buffer tail). buf seq=0 count=1024
[mono_ns=7230171160502810][T0xf2fa549ecca0][WARN] copy_aicore_buffer: [chip_swimlane_collector.cpp:689] Core 25: skipped 1024 AICore record slot(s) with start_time=0 (race-window write or recycled-buffer tail). buf seq=0 count=1024
[mono_ns=7230171160503520][T0xf2fa3f7aeca0][WARN] copy_aicore_buffer: [chip_swimlane_collector.cpp:689] Core 29: skipped 1024 AICore record slot(s) with start_time=0 (race-window write or recycled-buffer tail). buf seq=0 count=1024
[mono_ns=7230171160549271][T0xf2fa3ffbeca0][WARN] copy_aicore_buffer: [chip_swimlane_collector.cpp:689] Core 27: skipped 1024 AICore record slot(s) with start_time=0 (race-window write or recycled-buffer tail). buf seq=0 count=1024
[mono_ns=7230171160858222][T0xf2fa3f7aeca0][WARN] copy_aicore_buffer: [chip_swimlane_collector.cpp:689] Core 5: skipped 1024 AICore record slot(s) with start_time=0 (race-window write or recycled-buffer tail). buf seq=0 count=1024
[mono_ns=7230171160912532][T0xf2fa3ffbeca0][WARN] copy_aicore_buffer: [chip_swimlane_collector.cpp:689] Core 4: skipped 1024 AICore record slot(s) with start_time=0 (race-window write or recycled-buffer tail). buf seq=0 count=1024
[mono_ns=7230171160925873][T0xf2fa549ecca0][WARN] copy_aicore_buffer: [chip_swimlane_collector.cpp:689] Core 3: skipped 1024 AICore record slot(s) with start_time=0 (race-window write or recycled-buffer tail). buf seq=0 count=1024
[mono_ns=7230171161176714][T0xf2fa3f7aeca0][WARN] copy_aicore_buffer: [chip_swimlane_collector.cpp:689] Core 34: skipped 1024 AICore record slot(s) with start_time=0 (race-window write or recycled-buffer tail). buf seq=0 count=1024
[mono_ns=7230171161240754][T0xf2fa3ffbeca0][WARN] copy_aicore_buffer: [chip_swimlane_collector.cpp:689] Core 32: skipped 1024 AICore record slot(s) with start_time=0 (race-window write or recycled-buffer tail). buf seq=0 count=1024
[mono_ns=7230171161266424][T0xf2fa549ecca0][WARN] copy_aicore_buffer: [chip_swimlane_collector.cpp:689] Core 30: skipped 1024 AICore record slot(s) with start_time=0 (race-window write or recycled-buffer tail). buf seq=0 count=1024
[mono_ns=7230171161482506][T0xf2fa3f7aeca0][WARN] copy_aicore_buffer: [chip_swimlane_collector.cpp:689] Core 35: skipped 1024 AICore record slot(s) with start_time=0 (race-window write or recycled-buffer tail). buf seq=0 count=1024
[mono_ns=7230171161559756][T0xf2fa3ffbeca0][WARN] copy_aicore_buffer: [chip_swimlane_collector.cpp:689] Core 33: skipped 1024 AICore record slot(s) with start_time=0 (race-window write or recycled-buffer tail). buf seq=0 count=1024
[mono_ns=7230171161571966][T0xf2fa549ecca0][WARN] copy_aicore_buffer: [chip_swimlane_collector.cpp:689] Core 31: skipped 1024 AICore record slot(s) with start_time=0 (race-window write or recycled-buffer tail). buf seq=0 count=1024
[mono_ns=7230171161790107][T0xf2fa3f7aeca0][WARN] copy_aicore_buffer: [chip_swimlane_collector.cpp:689] Core 8: skipped 1024 AICore record slot(s) with start_time=0 (race-window write or recycled-buffer tail). buf seq=0 count=1024
[mono_ns=7230171161876628][T0xf2fa3ffbeca0][WARN] copy_aicore_buffer: [chip_swimlane_collector.cpp:689] Core 7: skipped 1024 AICore record slot(s) with start_time=0 (race-window write or recycled-buffer tail). buf seq=0 count=1024
[mono_ns=7230171161881218][T0xf2fa549ecca0][WARN] copy_aicore_buffer: [chip_swimlane_collector.cpp:689] Core 6: skipped 1024 AICore record slot(s) with start_time=0 (race-window write or recycled-buffer tail). buf seq=0 count=1024
[mono_ns=7230171162108589][T0xf2fa3f7aeca0][WARN] copy_aicore_buffer: [chip_swimlane_collector.cpp:689] Core 40: skipped 1024 AICore record slot(s) with start_time=0 (race-window write or recycled-buffer tail). buf seq=0 count=1024
[mono_ns=7230171162201089][T0xf2fa3ffbeca0][WARN] copy_aicore_buffer: [chip_swimlane_collector.cpp:689] Core 38: skipped 1024 AICore record slot(s) with start_time=0 (race-window write or recycled-buffer tail). buf seq=0 count=1024
[mono_ns=7230171162202249][T0xf2fa549ecca0][WARN] copy_aicore_buffer: [chip_swimlane_collector.cpp:689] Core 36: skipped 1024 AICore record slot(s) with start_time=0 (race-window write or recycled-buffer tail). buf seq=0 count=1024
[mono_ns=7230171162412491][T0xf2fa3f7aeca0][WARN] copy_aicore_buffer: [chip_swimlane_collector.cpp:689] Core 41: skipped 1024 AICore record slot(s) with start_time=0 (race-window write or recycled-buffer tail). buf seq=0 count=1024
[mono_ns=7230171162512801][T0xf2fa3ffbeca0][WARN] copy_aicore_buffer: [chip_swimlane_collector.cpp:689] Core 39: skipped 1024 AICore record slot(s) with start_time=0 (race-window write or recycled-buffer tail). buf seq=0 count=1024
[mono_ns=7230171162520991][T0xf2fa549ecca0][WARN] copy_aicore_buffer: [chip_swimlane_collector.cpp:689] Core 37: skipped 1024 AICore record slot(s) with start_time=0 (race-window write or recycled-buffer tail). buf seq=0 count=1024
[mono_ns=7230171162718912][T0xf2fa3f7aeca0][WARN] copy_aicore_buffer: [chip_swimlane_collector.cpp:689] Core 11: skipped 1024 AICore record slot(s) with start_time=0 (race-window write or recycled-buffer tail). buf seq=0 count=1024
[mono_ns=7230171162830263][T0xf2fa3ffbeca0][WARN] copy_aicore_buffer: [chip_swimlane_collector.cpp:689] Core 10: skipped 1024 AICore record slot(s) with start_time=0 (race-window write or recycled-buffer tail). buf seq=0 count=1024
[mono_ns=7230171162836683][T0xf2fa549ecca0][WARN] copy_aicore_buffer: [chip_swimlane_collector.cpp:689] Core 9: skipped 1024 AICore record slot(s) with start_time=0 (race-window write or recycled-buffer tail). buf seq=0 count=1024
[mono_ns=7230171163040134][T0xf2fa3f7aeca0][WARN] copy_aicore_buffer: [chip_swimlane_collector.cpp:689] Core 46: skipped 1024 AICore record slot(s) with start_time=0 (race-window write or recycled-buffer tail). buf seq=0 count=1024
[mono_ns=7230171163142964][T0xf2fa3ffbeca0][WARN] copy_aicore_buffer: [chip_swimlane_collector.cpp:689] Core 44: skipped 1024 AICore record slot(s) with start_time=0 (race-window write or recycled-buffer tail). buf seq=0 count=1024
[mono_ns=7230171163153264][T0xf2fa549ecca0][WARN] copy_aicore_buffer: [chip_swimlane_collector.cpp:689] Core 42: skipped 1024 AICore record slot(s) with start_time=0 (race-window write or recycled-buffer tail). buf seq=0 count=1024
[mono_ns=7230171163345925][T0xf2fa3f7aeca0][WARN] copy_aicore_buffer: [chip_swimlane_collector.cpp:689] Core 47: skipped 1024 AICore record slot(s) with start_time=0 (race-window write or recycled-buffer tail). buf seq=0 count=1024
[mono_ns=7230171163466346][T0xf2fa549ecca0][WARN] copy_aicore_buffer: [chip_swimlane_collector.cpp:689] Core 43: skipped 1024 AICore record slot(s) with start_time=0 (race-window write or recycled-buffer tail). buf seq=0 count=1024
[mono_ns=7230171163472406][T0xf2fa3ffbeca0][WARN] copy_aicore_buffer: [chip_swimlane_collector.cpp:689] Core 45: skipped 1024 AICore record slot(s) with start_time=0 (race-window write or recycled-buffer tail). buf seq=0 count=1024
[mono_ns=7230171163645397][T0xf2fa3f7aeca0][WARN] copy_aicore_buffer: [chip_swimlane_collector.cpp:689] Core 14: skipped 1024 AICore record slot(s) with start_time=0 (race-window write or recycled-buffer tail). buf seq=0 count=1024
[mono_ns=7230171163776988][T0xf2fa549ecca0][WARN] copy_aicore_buffer: [chip_swimlane_collector.cpp:689] Core 12: skipped 1024 AICore record slot(s) with start_time=0 (race-window write or recycled-buffer tail). buf seq=0 count=1024
[mono_ns=7230171163786258][T0xf2fa3ffbeca0][WARN] copy_aicore_buffer: [chip_swimlane_collector.cpp:689] Core 13: skipped 1024 AICore record slot(s) with start_time=0 (race-window write or recycled-buffer tail). buf seq=0 count=1024
[mono_ns=7230171163943029][T0xf2fa3f7aeca0][WARN] copy_aicore_buffer: [chip_swimlane_collector.cpp:689] Core 52: skipped 1024 AICore record slot(s) with start_time=0 (race-window write or recycled-buffer tail). buf seq=0 count=1024
[mono_ns=7230171164096460][T0xf2fa549ecca0][WARN] copy_aicore_buffer: [chip_swimlane_collector.cpp:689] Core 48: skipped 1024 AICore record slot(s) with start_time=0 (race-window write or recycled-buffer tail). buf seq=0 count=1024
[mono_ns=7230171164126030][T0xf2fa3ffbeca0][WARN] copy_aicore_buffer: [chip_swimlane_collector.cpp:689] Core 50: skipped 1024 AICore record slot(s) with start_time=0 (race-window write or recycled-buffer tail). buf seq=0 count=1024
[mono_ns=7230171164249540][T0xf2fa3f7aeca0][WARN] copy_aicore_buffer: [chip_swimlane_collector.cpp:689] Core 53: skipped 1024 AICore record slot(s) with start_time=0 (race-window write or recycled-buffer tail). buf seq=0 count=1024
[mono_ns=7230171164408321][T0xf2fa549ecca0][WARN] copy_aicore_buffer: [chip_swimlane_collector.cpp:689] Core 49: skipped 1024 AICore record slot(s) with start_time=0 (race-window write or recycled-buffer tail). buf seq=0 count=1024
[mono_ns=7230171164442151][T0xf2fa3ffbeca0][WARN] copy_aicore_buffer: [chip_swimlane_collector.cpp:689] Core 51: skipped 1024 AICore record slot(s) with start_time=0 (race-window write or recycled-buffer tail). buf seq=0 count=1024
[mono_ns=7230171164559902][T0xf2fa3f7aeca0][WARN] copy_aicore_buffer: [chip_swimlane_collector.cpp:689] Core 17: skipped 1024 AICore record slot(s) with start_time=0 (race-window write or recycled-buffer tail). buf seq=0 count=1024
[mono_ns=7230171164725913][T0xf2fa549ecca0][WARN] copy_aicore_buffer: [chip_swimlane_collector.cpp:689] Core 15: skipped 1024 AICore record slot(s) with start_time=0 (race-window write or recycled-buffer tail). buf seq=0 count=1024
[mono_ns=7230171164756503][T0xf2fa3ffbeca0][WARN] copy_aicore_buffer: [chip_swimlane_collector.cpp:689] Core 16: skipped 1024 AICore record slot(s) with start_time=0 (race-window write or recycled-buffer tail). buf seq=0 count=1024
[mono_ns=7230171164863564][T0xf2fa3f7aeca0][WARN] copy_aicore_buffer: [chip_swimlane_collector.cpp:689] Core 58: skipped 1024 AICore record slot(s) with start_time=0 (race-window write or recycled-buffer tail). buf seq=0 count=1024
[mono_ns=7230171165039665][T0xf2fa549ecca0][WARN] copy_aicore_buffer: [chip_swimlane_collector.cpp:689] Core 54: skipped 1024 AICore record slot(s) with start_time=0 (race-window write or recycled-buffer tail). buf seq=0 count=1024
[mono_ns=7230171165078365][T0xf2fa3ffbeca0][WARN] copy_aicore_buffer: [chip_swimlane_collector.cpp:689] Core 56: skipped 1024 AICore record slot(s) with start_time=0 (race-window write or recycled-buffer tail). buf seq=0 count=1024
[mono_ns=7230171165182125][T0xf2fa3f7aeca0][WARN] copy_aicore_buffer: [chip_swimlane_collector.cpp:689] Core 59: skipped 1024 AICore record slot(s) with start_time=0 (race-window write or recycled-buffer tail). buf seq=0 count=1024
[mono_ns=7230171165346886][T0xf2fa549ecca0][WARN] copy_aicore_buffer: [chip_swimlane_collector.cpp:689] Core 55: skipped 1024 AICore record slot(s) with start_time=0 (race-window write or recycled-buffer tail). buf seq=0 count=1024
[mono_ns=7230171165387396][T0xf2fa3ffbeca0][WARN] copy_aicore_buffer: [chip_swimlane_collector.cpp:689] Core 57: skipped 1024 AICore record slot(s) with start_time=0 (race-window write or recycled-buffer tail). buf seq=0 count=1024
[mono_ns=7230171165488357][T0xf2fa3f7aeca0][WARN] copy_aicore_buffer: [chip_swimlane_collector.cpp:689] Core 20: skipped 1024 AICore record slot(s) with start_time=0 (race-window write or recycled-buffer tail). buf seq=0 count=1024
[mono_ns=7230171165652528][T0xf2fa549ecca0][WARN] copy_aicore_buffer: [chip_swimlane_collector.cpp:689] Core 18: skipped 1024 AICore record slot(s) with start_time=0 (race-window write or recycled-buffer tail). buf seq=0 count=1024
[mono_ns=7230171165705888][T0xf2fa3ffbeca0][WARN] copy_aicore_buffer: [chip_swimlane_collector.cpp:689] Core 19: skipped 1024 AICore record slot(s) with start_time=0 (race-window write or recycled-buffer tail). buf seq=0 count=1024
[mono_ns=7230171165792459][T0xf2fa3f7aeca0][WARN] copy_aicore_buffer: [chip_swimlane_collector.cpp:689] Core 64: skipped 1024 AICore record slot(s) with start_time=0 (race-window write or recycled-buffer tail). buf seq=0 count=1024
[mono_ns=7230171165972620][T0xf2fa549ecca0][WARN] copy_aicore_buffer: [chip_swimlane_collector.cpp:689] Core 60: skipped 1024 AICore record slot(s) with start_time=0 (race-window write or recycled-buffer tail). buf seq=0 count=1024
[mono_ns=7230171166027800][T0xf2fa3ffbeca0][WARN] copy_aicore_buffer: [chip_swimlane_collector.cpp:689] Core 62: skipped 1024 AICore record slot(s) with start_time=0 (race-window write or recycled-buffer tail). buf seq=0 count=1024
[mono_ns=7230171166108030][T0xf2fa3f7aeca0][WARN] copy_aicore_buffer: [chip_swimlane_collector.cpp:689] Core 65: skipped 1024 AICore record slot(s) with start_time=0 (race-window write or recycled-buffer tail). buf seq=0 count=1024
[mono_ns=7230171166293541][T0xf2fa549ecca0][WARN] copy_aicore_buffer: [chip_swimlane_collector.cpp:689] Core 61: skipped 1024 AICore record slot(s) with start_time=0 (race-window write or recycled-buffer tail). buf seq=0 count=1024
[mono_ns=7230171166336481][T0xf2fa3ffbeca0][WARN] copy_aicore_buffer: [chip_swimlane_collector.cpp:689] Core 63: skipped 1024 AICore record slot(s) with start_time=0 (race-window write or recycled-buffer tail). buf seq=0 count=1024
[mono_ns=7230171166415952][T0xf2fa3f7aeca0][WARN] copy_aicore_buffer: [chip_swimlane_collector.cpp:689] Core 23: skipped 1024 AICore record slot(s) with start_time=0 (race-window write or recycled-buffer tail). buf seq=0 count=1024
[mono_ns=7230171166609283][T0xf2fa549ecca0][WARN] copy_aicore_buffer: [chip_swimlane_collector.cpp:689] Core 21: skipped 1024 AICore record slot(s) with start_time=0 (race-window write or recycled-buffer tail). buf seq=0 count=1024
[mono_ns=7230171166644293][T0xf2fa3ffbeca0][WARN] copy_aicore_buffer: [chip_swimlane_collector.cpp:689] Core 22: skipped 1024 AICore record slot(s) with start_time=0 (race-window write or recycled-buffer tail). buf seq=0 count=1024
[mono_ns=7230171166720224][T0xf2fa3f7aeca0][WARN] copy_aicore_buffer: [chip_swimlane_collector.cpp:689] Core 70: skipped 1024 AICore record slot(s) with start_time=0 (race-window write or recycled-buffer tail). buf seq=0 count=1024
[mono_ns=7230171166918955][T0xf2fa549ecca0][WARN] copy_aicore_buffer: [chip_swimlane_collector.cpp:689] Core 66: skipped 1024 AICore record slot(s) with start_time=0 (race-window write or recycled-buffer tail). buf seq=0 count=1024
[mono_ns=7230171166954845][T0xf2fa3ffbeca0][WARN] copy_aicore_buffer: [chip_swimlane_collector.cpp:689] Core 68: skipped 1024 AICore record slot(s) with start_time=0 (race-window write or recycled-buffer tail). buf seq=0 count=1024
[mono_ns=7230171167044685][T0xf2fa3f7aeca0][WARN] copy_aicore_buffer: [chip_swimlane_collector.cpp:689] Core 71: skipped 1024 AICore record slot(s) with start_time=0 (race-window write or recycled-buffer tail). buf seq=0 count=1024
[mono_ns=7230171167239836][T0xf2fa549ecca0][WARN] copy_aicore_buffer: [chip_swimlane_collector.cpp:689] Core 67: skipped 1024 AICore record slot(s) with start_time=0 (race-window write or recycled-buffer tail). buf seq=0 count=1024
[mono_ns=7230171167277397][T0xf2fa3ffbeca0][WARN] copy_aicore_buffer: [chip_swimlane_collector.cpp:689] Core 69: skipped 1024 AICore record slot(s) with start_time=0 (race-window write or recycled-buffer tail). buf seq=0 count=1024
[mono_ns=7230171267840604][T0xf2fb9d32b020][TIMING] emit_host_span: [STRACE] v=1 pid=171886 tid=171886 inv=2 hid=e6ec8d6f21e99491 depth=1 name=chip.run.runner_run ts=7230171157193603 dur=110640841 
[mono_ns=7230171267924974][T0xf2fb9d32b020][TIMING] emit_host_span: [STRACE] v=1 pid=171886 tid=171886 inv=2 hid=e6ec8d6f21e99491 depth=1 name=chip.run.validate ts=7230171267848184 dur=73240 
[mono_ns=7230171267932034][T0xf2fb9d32b020][TIMING] emit_host_span: [STRACE] v=1 pid=171886 tid=171886 inv=2 hid=e6ec8d6f21e99491 depth=2 name=chip.run.runner_run.device_wall ts=0 dur=970619 clk=dev
[mono_ns=7230171267936764][T0xf2fb9d32b020][TIMING] emit_host_span: [STRACE] v=1 pid=171886 tid=171886 inv=2 hid=e6ec8d6f21e99491 depth=3 name=chip.run.runner_run.device_wall.preamble ts=0 dur=135360 clk=dev
[mono_ns=7230171267940934][T0xf2fb9d32b020][TIMING] emit_host_span: [STRACE] v=1 pid=171886 tid=171886 inv=2 hid=e6ec8d6f21e99491 depth=3 name=chip.run.runner_run.device_wall.graph_build ts=131020 dur=829459 clk=dev
[mono_ns=7230171267944875][T0xf2fb9d32b020][TIMING] emit_host_span: [STRACE] v=1 pid=171886 tid=171886 inv=2 hid=e6ec8d6f21e99491 depth=3 name=chip.run.runner_run.device_wall.config_validate ts=131220 dur=1020 clk=dev
[mono_ns=7230171267949305][T0xf2fb9d32b020][TIMING] emit_host_span: [STRACE] v=1 pid=171886 tid=171886 inv=2 hid=e6ec8d6f21e99491 depth=3 name=chip.run.runner_run.device_wall.arena_wire ts=132280 dur=620 clk=dev
[mono_ns=7230171267953095][T0xf2fb9d32b020][TIMING] emit_host_span: [STRACE] v=1 pid=171886 tid=171886 inv=2 hid=e6ec8d6f21e99491 depth=3 name=chip.run.runner_run.device_wall.sm_reset ts=132940 dur=1560 clk=dev
[mono_ns=7230171267956795][T0xf2fb9d32b020][TIMING] emit_host_span: [STRACE] v=1 pid=171886 tid=171886 inv=2 hid=e6ec8d6f21e99491 depth=3 name=chip.run.runner_run.device_wall.post_orch ts=960560 dur=9940 clk=dev
[mono_ns=7230171267960665][T0xf2fb9d32b020][TIMING] emit_host_span: [STRACE] v=1 pid=171886 tid=171886 inv=2 hid=e6ec8d6f21e99491 depth=3 name=chip.run.runner_run.device_wall.orch ts=134540 dur=7380 clk=dev
[mono_ns=7230171267964075][T0xf2fb9d32b020][TIMING] emit_host_span: [STRACE] v=1 pid=171886 tid=171886 inv=2 hid=e6ec8d6f21e99491 depth=3 name=chip.run.runner_run.device_wall.sched ts=135480 dur=799099 clk=dev
[mono_ns=7230171267968705][T0xf2fb9d32b020][TIMING] emit_host_span: [STRACE] v=1 pid=171886 tid=171886 inv=2 hid=e6ec8d6f21e99491 depth=1 name=chip.run.claim_release ts=7230171267966565 dur=320 
[mono_ns=7230171267973425][T0xf2fb9d32b020][TIMING] emit_host_span: [STRACE] v=1 pid=171886 tid=171886 inv=2 hid=e6ec8d6f21e99491 depth=0 name=chip.run ts=7230171103956868 dur=164014257 run_id=2 dispatch_id=2 slot_id=0 generation=2 run_epoch=2
[mono_ns=7230176120705401][T0xf2fb9d32b020][TIMING] emit_host_span: [STRACE] v=1 pid=171886 tid=171886 inv=3 hid=e6ec8d6f21e99491 depth=2 name=chip.run.bind.args ts=7230176120503280 dur=192851 
[mono_ns=7230176120800352][T0xf2fb9d32b020][TIMING] emit_host_span: [STRACE] v=1 pid=171886 tid=171886 inv=3 hid=e6ec8d6f21e99491 depth=2 name=chip.run.bind.prebuilt ts=7230176120791442 dur=5450 
[mono_ns=7230176120805292][T0xf2fb9d32b020][TIMING] emit_host_span: [STRACE] v=1 pid=171886 tid=171886 inv=3 hid=e6ec8d6f21e99491 depth=1 name=chip.run.bind ts=7230176120450970 dur=352152 
[mono_ns=7230176230821830][T0xf2fb9d32b020][TIMING] emit_host_span: [STRACE] v=1 pid=171886 tid=171886 inv=3 hid=e6ec8d6f21e99491 depth=1 name=chip.run.runner_run ts=7230176121959788 dur=108849732 
[mono_ns=7230176230929070][T0xf2fb9d32b020][TIMING] emit_host_span: [STRACE] v=1 pid=171886 tid=171886 inv=3 hid=e6ec8d6f21e99491 depth=1 name=chip.run.validate ts=7230176230833800 dur=90870 
[mono_ns=7230176230937110][T0xf2fb9d32b020][TIMING] emit_host_span: [STRACE] v=1 pid=171886 tid=171886 inv=3 hid=e6ec8d6f21e99491 depth=2 name=chip.run.runner_run.device_wall ts=0 dur=3319220 clk=dev
[mono_ns=7230176230996641][T0xf2fb9d32b020][TIMING] emit_host_span: [STRACE] v=1 pid=171886 tid=171886 inv=3 hid=e6ec8d6f21e99491 depth=3 name=chip.run.runner_run.device_wall.preamble ts=0 dur=7240 clk=dev
[mono_ns=7230176231023191][T0xf2fb9d32b020][TIMING] emit_host_span: [STRACE] v=1 pid=171886 tid=171886 inv=3 hid=e6ec8d6f21e99491 depth=3 name=chip.run.runner_run.device_wall.graph_build ts=1740 dur=3307220 clk=dev
[mono_ns=7230176231026941][T0xf2fb9d32b020][TIMING] emit_host_span: [STRACE] v=1 pid=171886 tid=171886 inv=3 hid=e6ec8d6f21e99491 depth=3 name=chip.run.runner_run.device_wall.config_validate ts=2020 dur=780 clk=dev
[mono_ns=7230176231029961][T0xf2fb9d32b020][TIMING] emit_host_span: [STRACE] v=1 pid=171886 tid=171886 inv=3 hid=e6ec8d6f21e99491 depth=3 name=chip.run.runner_run.device_wall.arena_wire ts=2820 dur=1440 clk=dev
[mono_ns=7230176231032871][T0xf2fb9d32b020][TIMING] emit_host_span: [STRACE] v=1 pid=171886 tid=171886 inv=3 hid=e6ec8d6f21e99491 depth=3 name=chip.run.runner_run.device_wall.sm_reset ts=4300 dur=2500 clk=dev
[mono_ns=7230176231035731][T0xf2fb9d32b020][TIMING] emit_host_span: [STRACE] v=1 pid=171886 tid=171886 inv=3 hid=e6ec8d6f21e99491 depth=3 name=chip.run.runner_run.device_wall.post_orch ts=3309060 dur=9760 clk=dev
[mono_ns=7230176231038581][T0xf2fb9d32b020][TIMING] emit_host_span: [STRACE] v=1 pid=171886 tid=171886 inv=3 hid=e6ec8d6f21e99491 depth=3 name=chip.run.runner_run.device_wall.orch ts=7780 dur=11700 clk=dev
[mono_ns=7230176231041621][T0xf2fb9d32b020][TIMING] emit_host_span: [STRACE] v=1 pid=171886 tid=171886 inv=3 hid=e6ec8d6f21e99491 depth=3 name=chip.run.runner_run.device_wall.sched ts=7480 dur=3293799 clk=dev
[mono_ns=7230176231096411][T0xf2fb9d32b020][TIMING] emit_host_span: [STRACE] v=1 pid=171886 tid=171886 inv=3 hid=e6ec8d6f21e99491 depth=1 name=chip.run.claim_release ts=7230176231093621 dur=480 
[mono_ns=7230176231101741][T0xf2fb9d32b020][TIMING] emit_host_span: [STRACE] v=1 pid=171886 tid=171886 inv=3 hid=e6ec8d6f21e99491 depth=0 name=chip.run ts=7230176119692766 dur=111407025 run_id=3 dispatch_id=3 slot_id=0 generation=3 run_epoch=3
[mono_ns=7230176376779650][T0xf2fb9d32b020][TIMING] emit_host_span: [STRACE] v=1 pid=171886 tid=171886 inv=4 hid=e6ec8d6f21e99491 depth=2 name=chip.run.bind.args ts=7230176376655309 dur=118661 
[mono_ns=7230176376794680][T0xf2fb9d32b020][TIMING] emit_host_span: [STRACE] v=1 pid=171886 tid=171886 inv=4 hid=e6ec8d6f21e99491 depth=2 name=chip.run.bind.prebuilt ts=7230176376789730 dur=2460 
[mono_ns=7230176376799750][T0xf2fb9d32b020][TIMING] emit_host_span: [STRACE] v=1 pid=171886 tid=171886 inv=4 hid=e6ec8d6f21e99491 depth=1 name=chip.run.bind ts=7230176376646279 dur=150901 
[mono_ns=7230176378956102][T0xf2fa3ffbeca0][WARN] copy_aicore_buffer: [chip_swimlane_collector.cpp:689] Core 1: skipped 1024 AICore record slot(s) with start_time=0 (race-window write or recycled-buffer tail). buf seq=0 count=1024
[mono_ns=7230176378964882][T0xf2fa549ecca0][WARN] copy_aicore_buffer: [chip_swimlane_collector.cpp:689] Core 0: skipped 1024 AICore record slot(s) with start_time=0 (race-window write or recycled-buffer tail). buf seq=0 count=1024
[mono_ns=7230176378995892][T0xf2fa3f7aeca0][WARN] copy_aicore_buffer: [chip_swimlane_collector.cpp:689] Core 2: skipped 1024 AICore record slot(s) with start_time=0 (race-window write or recycled-buffer tail). buf seq=0 count=1024
[mono_ns=7230176379278953][T0xf2fa549ecca0][WARN] copy_aicore_buffer: [chip_swimlane_collector.cpp:689] Core 24: skipped 1024 AICore record slot(s) with start_time=0 (race-window write or recycled-buffer tail). buf seq=0 count=1024
[mono_ns=7230176379302453][T0xf2fa3ffbeca0][WARN] copy_aicore_buffer: [chip_swimlane_collector.cpp:689] Core 26: skipped 1022 AICore record slot(s) with start_time=0 (race-window write or recycled-buffer tail). buf seq=0 count=1024
[mono_ns=7230176379530065][T0xf2fa3f7aeca0][WARN] copy_aicore_buffer: [chip_swimlane_collector.cpp:689] Core 28: skipped 1023 AICore record slot(s) with start_time=0 (race-window write or recycled-buffer tail). buf seq=0 count=1024
[mono_ns=7230176379573335][T0xf2fa549ecca0][WARN] copy_aicore_buffer: [chip_swimlane_collector.cpp:689] Core 25: skipped 1024 AICore record slot(s) with start_time=0 (race-window write or recycled-buffer tail). buf seq=0 count=1024
[mono_ns=7230176379596765][T0xf2fa3ffbeca0][WARN] copy_aicore_buffer: [chip_swimlane_collector.cpp:689] Core 27: skipped 1024 AICore record slot(s) with start_time=0 (race-window write or recycled-buffer tail). buf seq=0 count=1024
[mono_ns=7230176379818236][T0xf2fa3f7aeca0][WARN] copy_aicore_buffer: [chip_swimlane_collector.cpp:689] Core 29: skipped 1024 AICore record slot(s) with start_time=0 (race-window write or recycled-buffer tail). buf seq=0 count=1024
[mono_ns=7230176379871056][T0xf2fa549ecca0][WARN] copy_aicore_buffer: [chip_swimlane_collector.cpp:689] Core 3: skipped 1024 AICore record slot(s) with start_time=0 (race-window write or recycled-buffer tail). buf seq=0 count=1024
[mono_ns=7230176379888337][T0xf2fa3ffbeca0][WARN] copy_aicore_buffer: [chip_swimlane_collector.cpp:689] Core 4: skipped 1024 AICore record slot(s) with start_time=0 (race-window write or recycled-buffer tail). buf seq=0 count=1024
[mono_ns=7230176380120798][T0xf2fa3f7aeca0][WARN] copy_aicore_buffer: [chip_swimlane_collector.cpp:689] Core 5: skipped 1024 AICore record slot(s) with start_time=0 (race-window write or recycled-buffer tail). buf seq=0 count=1024
[mono_ns=7230176380219618][T0xf2fa549ecca0][WARN] copy_aicore_buffer: [chip_swimlane_collector.cpp:689] Core 30: skipped 1024 AICore record slot(s) with start_time=0 (race-window write or recycled-buffer tail). buf seq=0 count=1024
[mono_ns=7230176380225188][T0xf2fa3ffbeca0][WARN] copy_aicore_buffer: [chip_swimlane_collector.cpp:689] Core 32: skipped 1024 AICore record slot(s) with start_time=0 (race-window write or recycled-buffer tail). buf seq=0 count=1024
[mono_ns=7230176380407659][T0xf2fa3f7aeca0][WARN] copy_aicore_buffer: [chip_swimlane_collector.cpp:689] Core 34: skipped 1024 AICore record slot(s) with start_time=0 (race-window write or recycled-buffer tail). buf seq=0 count=1024
[mono_ns=7230176380515630][T0xf2fa549ecca0][WARN] copy_aicore_buffer: [chip_swimlane_collector.cpp:689] Core 31: skipped 1024 AICore record slot(s) with start_time=0 (race-window write or recycled-buffer tail). buf seq=0 count=1024
[mono_ns=7230176380517450][T0xf2fa3ffbeca0][WARN] copy_aicore_buffer: [chip_swimlane_collector.cpp:689] Core 33: skipped 1024 AICore record slot(s) with start_time=0 (race-window write or recycled-buffer tail). buf seq=0 count=1024
[mono_ns=7230176380694581][T0xf2fa3f7aeca0][WARN] copy_aicore_buffer: [chip_swimlane_collector.cpp:689] Core 35: skipped 1024 AICore record slot(s) with start_time=0 (race-window write or recycled-buffer tail). buf seq=0 count=1024
[mono_ns=7230176380811402][T0xf2fa549ecca0][WARN] copy_aicore_buffer: [chip_swimlane_collector.cpp:689] Core 6: skipped 1024 AICore record slot(s) with start_time=0 (race-window write or recycled-buffer tail). buf seq=0 count=1024
[mono_ns=7230176380811992][T0xf2fa3ffbeca0][WARN] copy_aicore_buffer: [chip_swimlane_collector.cpp:689] Core 7: skipped 1024 AICore record slot(s) with start_time=0 (race-window write or recycled-buffer tail). buf seq=0 count=1024
[mono_ns=7230176381024413][T0xf2fa3f7aeca0][WARN] copy_aicore_buffer: [chip_swimlane_collector.cpp:689] Core 8: skipped 1024 AICore record slot(s) with start_time=0 (race-window write or recycled-buffer tail). buf seq=0 count=1024
[mono_ns=7230176381118883][T0xf2fa3ffbeca0][WARN] copy_aicore_buffer: [chip_swimlane_collector.cpp:689] Core 38: skipped 1024 AICore record slot(s) with start_time=0 (race-window write or recycled-buffer tail). buf seq=0 count=1024
[mono_ns=7230176381120553][T0xf2fa549ecca0][WARN] copy_aicore_buffer: [chip_swimlane_collector.cpp:689] Core 36: skipped 1024 AICore record slot(s) with start_time=0 (race-window write or recycled-buffer tail). buf seq=0 count=1024
[mono_ns=7230176381310904][T0xf2fa3f7aeca0][WARN] copy_aicore_buffer: [chip_swimlane_collector.cpp:689] Core 40: skipped 1024 AICore record slot(s) with start_time=0 (race-window write or recycled-buffer tail). buf seq=0 count=1024
[mono_ns=7230176381414145][T0xf2fa549ecca0][WARN] copy_aicore_buffer: [chip_swimlane_collector.cpp:689] Core 37: skipped 1024 AICore record slot(s) with start_time=0 (race-window write or recycled-buffer tail). buf seq=0 count=1024
[mono_ns=7230176381416865][T0xf2fa3ffbeca0][WARN] copy_aicore_buffer: [chip_swimlane_collector.cpp:689] Core 39: skipped 1024 AICore record slot(s) with start_time=0 (race-window write or recycled-buffer tail). buf seq=0 count=1024
[mono_ns=7230176381598566][T0xf2fa3f7aeca0][WARN] copy_aicore_buffer: [chip_swimlane_collector.cpp:689] Core 41: skipped 1024 AICore record slot(s) with start_time=0 (race-window write or recycled-buffer tail). buf seq=0 count=1024
[mono_ns=7230176381710666][T0xf2fa549ecca0][WARN] copy_aicore_buffer: [chip_swimlane_collector.cpp:689] Core 9: skipped 1024 AICore record slot(s) with start_time=0 (race-window write or recycled-buffer tail). buf seq=0 count=1024
[mono_ns=7230176381751047][T0xf2fa3ffbeca0][WARN] copy_aicore_buffer: [chip_swimlane_collector.cpp:689] Core 10: skipped 1024 AICore record slot(s) with start_time=0 (race-window write or recycled-buffer tail). buf seq=0 count=1024
[mono_ns=7230176381885737][T0xf2fa3f7aeca0][WARN] copy_aicore_buffer: [chip_swimlane_collector.cpp:689] Core 11: skipped 1024 AICore record slot(s) with start_time=0 (race-window write or recycled-buffer tail). buf seq=0 count=1024
[mono_ns=7230176382020598][T0xf2fa549ecca0][WARN] copy_aicore_buffer: [chip_swimlane_collector.cpp:689] Core 42: skipped 1024 AICore record slot(s) with start_time=0 (race-window write or recycled-buffer tail). buf seq=0 count=1024
[mono_ns=7230176382061528][T0xf2fa3ffbeca0][WARN] copy_aicore_buffer: [chip_swimlane_collector.cpp:689] Core 44: skipped 1024 AICore record slot(s) with start_time=0 (race-window write or recycled-buffer tail). buf seq=0 count=1024
[mono_ns=7230176382206169][T0xf2fa3f7aeca0][WARN] copy_aicore_buffer: [chip_swimlane_collector.cpp:689] Core 46: skipped 1024 AICore record slot(s) with start_time=0 (race-window write or recycled-buffer tail). buf seq=0 count=1024
[mono_ns=7230176382317240][T0xf2fa549ecca0][WARN] copy_aicore_buffer: [chip_swimlane_collector.cpp:689] Core 43: skipped 1024 AICore record slot(s) with start_time=0 (race-window write or recycled-buffer tail). buf seq=0 count=1024
[mono_ns=7230176382358700][T0xf2fa3ffbeca0][WARN] copy_aicore_buffer: [chip_swimlane_collector.cpp:689] Core 45: skipped 1024 AICore record slot(s) with start_time=0 (race-window write or recycled-buffer tail). buf seq=0 count=1024
[mono_ns=7230176382555861][T0xf2fa3f7aeca0][WARN] copy_aicore_buffer: [chip_swimlane_collector.cpp:689] Core 47: skipped 1024 AICore record slot(s) with start_time=0 (race-window write or recycled-buffer tail). buf seq=0 count=1024
[mono_ns=7230176382692912][T0xf2fa549ecca0][WARN] copy_aicore_buffer: [chip_swimlane_collector.cpp:689] Core 12: skipped 1024 AICore record slot(s) with start_time=0 (race-window write or recycled-buffer tail). buf seq=0 count=1024
[mono_ns=7230176382695592][T0xf2fa3ffbeca0][WARN] copy_aicore_buffer: [chip_swimlane_collector.cpp:689] Core 13: skipped 1024 AICore record slot(s) with start_time=0 (race-window write or recycled-buffer tail). buf seq=0 count=1024
[mono_ns=7230176382862632][T0xf2fa3f7aeca0][WARN] copy_aicore_buffer: [chip_swimlane_collector.cpp:689] Core 14: skipped 1024 AICore record slot(s) with start_time=0 (race-window write or recycled-buffer tail). buf seq=0 count=1024
[mono_ns=7230176383024993][T0xf2fa3ffbeca0][WARN] copy_aicore_buffer: [chip_swimlane_collector.cpp:689] Core 50: skipped 1024 AICore record slot(s) with start_time=0 (race-window write or recycled-buffer tail). buf seq=0 count=1024
[mono_ns=7230176383034993][T0xf2fa549ecca0][WARN] copy_aicore_buffer: [chip_swimlane_collector.cpp:689] Core 48: skipped 1024 AICore record slot(s) with start_time=0 (race-window write or recycled-buffer tail). buf seq=0 count=1024
[mono_ns=7230176383176074][T0xf2fa3f7aeca0][WARN] copy_aicore_buffer: [chip_swimlane_collector.cpp:689] Core 52: skipped 1024 AICore record slot(s) with start_time=0 (race-window write or recycled-buffer tail). buf seq=0 count=1024
[mono_ns=7230176383336795][T0xf2fa3ffbeca0][WARN] copy_aicore_buffer: [chip_swimlane_collector.cpp:689] Core 51: skipped 1024 AICore record slot(s) with start_time=0 (race-window write or recycled-buffer tail). buf seq=0 count=1024
[mono_ns=7230176383375525][T0xf2fa549ecca0][WARN] copy_aicore_buffer: [chip_swimlane_collector.cpp:689] Core 49: skipped 1024 AICore record slot(s) with start_time=0 (race-window write or recycled-buffer tail). buf seq=0 count=1024
[mono_ns=7230176383479026][T0xf2fa3f7aeca0][WARN] copy_aicore_buffer: [chip_swimlane_collector.cpp:689] Core 53: skipped 1024 AICore record slot(s) with start_time=0 (race-window write or recycled-buffer tail). buf seq=0 count=1024
[mono_ns=7230176383649717][T0xf2fa3ffbeca0][WARN] copy_aicore_buffer: [chip_swimlane_collector.cpp:689] Core 16: skipped 1024 AICore record slot(s) with start_time=0 (race-window write or recycled-buffer tail). buf seq=0 count=1024
[mono_ns=7230176383691027][T0xf2fa549ecca0][WARN] copy_aicore_buffer: [chip_swimlane_collector.cpp:689] Core 15: skipped 1024 AICore record slot(s) with start_time=0 (race-window write or recycled-buffer tail). buf seq=0 count=1024
[mono_ns=7230176383785817][T0xf2fa3f7aeca0][WARN] copy_aicore_buffer: [chip_swimlane_collector.cpp:689] Core 17: skipped 1024 AICore record slot(s) with start_time=0 (race-window write or recycled-buffer tail). buf seq=0 count=1024
[mono_ns=7230176383956028][T0xf2fa3ffbeca0][WARN] copy_aicore_buffer: [chip_swimlane_collector.cpp:689] Core 56: skipped 1024 AICore record slot(s) with start_time=0 (race-window write or recycled-buffer tail). buf seq=0 count=1024
[mono_ns=7230176384014529][T0xf2fa549ecca0][WARN] copy_aicore_buffer: [chip_swimlane_collector.cpp:689] Core 54: skipped 1024 AICore record slot(s) with start_time=0 (race-window write or recycled-buffer tail). buf seq=0 count=1024
[mono_ns=7230176384102689][T0xf2fa3f7aeca0][WARN] copy_aicore_buffer: [chip_swimlane_collector.cpp:689] Core 58: skipped 1024 AICore record slot(s) with start_time=0 (race-window write or recycled-buffer tail). buf seq=0 count=1024
[mono_ns=7230176384311210][T0xf2fa3ffbeca0][WARN] copy_aicore_buffer: [chip_swimlane_collector.cpp:689] Core 57: skipped 1024 AICore record slot(s) with start_time=0 (race-window write or recycled-buffer tail). buf seq=0 count=1024
[mono_ns=7230176384321610][T0xf2fa549ecca0][WARN] copy_aicore_buffer: [chip_swimlane_collector.cpp:689] Core 55: skipped 1024 AICore record slot(s) with start_time=0 (race-window write or recycled-buffer tail). buf seq=0 count=1024
[mono_ns=7230176384413691][T0xf2fa3f7aeca0][WARN] copy_aicore_buffer: [chip_swimlane_collector.cpp:689] Core 59: skipped 1024 AICore record slot(s) with start_time=0 (race-window write or recycled-buffer tail). buf seq=0 count=1024
[mono_ns=7230176384623472][T0xf2fa3ffbeca0][WARN] copy_aicore_buffer: [chip_swimlane_collector.cpp:689] Core 19: skipped 1024 AICore record slot(s) with start_time=0 (race-window write or recycled-buffer tail). buf seq=0 count=1024
[mono_ns=7230176384631272][T0xf2fa549ecca0][WARN] copy_aicore_buffer: [chip_swimlane_collector.cpp:689] Core 18: skipped 1024 AICore record slot(s) with start_time=0 (race-window write or recycled-buffer tail). buf seq=0 count=1024
[mono_ns=7230176384712782][T0xf2fa3f7aeca0][WARN] copy_aicore_buffer: [chip_swimlane_collector.cpp:689] Core 20: skipped 1024 AICore record slot(s) with start_time=0 (race-window write or recycled-buffer tail). buf seq=0 count=1024
[mono_ns=7230176384944424][T0xf2fa3ffbeca0][WARN] copy_aicore_buffer: [chip_swimlane_collector.cpp:689] Core 62: skipped 1024 AICore record slot(s) with start_time=0 (race-window write or recycled-buffer tail). buf seq=0 count=1024
[mono_ns=7230176384980234][T0xf2fa549ecca0][WARN] copy_aicore_buffer: [chip_swimlane_collector.cpp:689] Core 60: skipped 1024 AICore record slot(s) with start_time=0 (race-window write or recycled-buffer tail). buf seq=0 count=1024
[mono_ns=7230176385039314][T0xf2fa3f7aeca0][WARN] copy_aicore_buffer: [chip_swimlane_collector.cpp:689] Core 64: skipped 1024 AICore record slot(s) with start_time=0 (race-window write or recycled-buffer tail). buf seq=0 count=1024
[mono_ns=7230176385275505][T0xf2fa3ffbeca0][WARN] copy_aicore_buffer: [chip_swimlane_collector.cpp:689] Core 63: skipped 1024 AICore record slot(s) with start_time=0 (race-window write or recycled-buffer tail). buf seq=0 count=1024
[mono_ns=7230176385312536][T0xf2fa549ecca0][WARN] copy_aicore_buffer: [chip_swimlane_collector.cpp:689] Core 61: skipped 1024 AICore record slot(s) with start_time=0 (race-window write or recycled-buffer tail). buf seq=0 count=1024
[mono_ns=7230176385338056][T0xf2fa3f7aeca0][WARN] copy_aicore_buffer: [chip_swimlane_collector.cpp:689] Core 65: skipped 1024 AICore record slot(s) with start_time=0 (race-window write or recycled-buffer tail). buf seq=0 count=1024
[mono_ns=7230176385590757][T0xf2fa3ffbeca0][WARN] copy_aicore_buffer: [chip_swimlane_collector.cpp:689] Core 22: skipped 1024 AICore record slot(s) with start_time=0 (race-window write or recycled-buffer tail). buf seq=0 count=1024
[mono_ns=7230176385625187][T0xf2fa549ecca0][WARN] copy_aicore_buffer: [chip_swimlane_collector.cpp:689] Core 21: skipped 1024 AICore record slot(s) with start_time=0 (race-window write or recycled-buffer tail). buf seq=0 count=1024
[mono_ns=7230176385637307][T0xf2fa3f7aeca0][WARN] copy_aicore_buffer: [chip_swimlane_collector.cpp:689] Core 23: skipped 1024 AICore record slot(s) with start_time=0 (race-window write or recycled-buffer tail). buf seq=0 count=1024
[mono_ns=7230176385910539][T0xf2fa3ffbeca0][WARN] copy_aicore_buffer: [chip_swimlane_collector.cpp:689] Core 68: skipped 1024 AICore record slot(s) with start_time=0 (race-window write or recycled-buffer tail). buf seq=0 count=1024
[mono_ns=7230176385943309][T0xf2fa3f7aeca0][WARN] copy_aicore_buffer: [chip_swimlane_collector.cpp:689] Core 70: skipped 1024 AICore record slot(s) with start_time=0 (race-window write or recycled-buffer tail). buf seq=0 count=1024
[mono_ns=7230176385971129][T0xf2fa549ecca0][WARN] copy_aicore_buffer: [chip_swimlane_collector.cpp:689] Core 66: skipped 1024 AICore record slot(s) with start_time=0 (race-window write or recycled-buffer tail). buf seq=0 count=1024
[mono_ns=7230176386244421][T0xf2fa3ffbeca0][WARN] copy_aicore_buffer: [chip_swimlane_collector.cpp:689] Core 69: skipped 1024 AICore record slot(s) with start_time=0 (race-window write or recycled-buffer tail). buf seq=0 count=1024
[mono_ns=7230176386259081][T0xf2fa3f7aeca0][WARN] copy_aicore_buffer: [chip_swimlane_collector.cpp:689] Core 71: skipped 1024 AICore record slot(s) with start_time=0 (race-window write or recycled-buffer tail). buf seq=0 count=1024
[mono_ns=7230176386306491][T0xf2fa549ecca0][WARN] copy_aicore_buffer: [chip_swimlane_collector.cpp:689] Core 67: skipped 1024 AICore record slot(s) with start_time=0 (race-window write or recycled-buffer tail). buf seq=0 count=1024
[mono_ns=7230176486915509][T0xf2fb9d32b020][TIMING] emit_host_span: [STRACE] v=1 pid=171886 tid=171886 inv=4 hid=e6ec8d6f21e99491 depth=1 name=chip.run.runner_run ts=7230176377773735 dur=109134334 
[mono_ns=7230176487018119][T0xf2fb9d32b020][TIMING] emit_host_span: [STRACE] v=1 pid=171886 tid=171886 inv=4 hid=e6ec8d6f21e99491 depth=1 name=chip.run.validate ts=7230176486928749 dur=85410 
[mono_ns=7230176487030299][T0xf2fb9d32b020][TIMING] emit_host_span: [STRACE] v=1 pid=171886 tid=171886 inv=4 hid=e6ec8d6f21e99491 depth=2 name=chip.run.runner_run.device_wall ts=0 dur=638060 clk=dev
[mono_ns=7230176487034739][T0xf2fb9d32b020][TIMING] emit_host_span: [STRACE] v=1 pid=171886 tid=171886 inv=4 hid=e6ec8d6f21e99491 depth=3 name=chip.run.runner_run.device_wall.preamble ts=0 dur=108759 clk=dev
[mono_ns=7230176487039139][T0xf2fb9d32b020][TIMING] emit_host_span: [STRACE] v=1 pid=171886 tid=171886 inv=4 hid=e6ec8d6f21e99491 depth=3 name=chip.run.runner_run.device_wall.graph_build ts=104560 dur=523160 clk=dev
[mono_ns=7230176487042389][T0xf2fb9d32b020][TIMING] emit_host_span: [STRACE] v=1 pid=171886 tid=171886 inv=4 hid=e6ec8d6f21e99491 depth=3 name=chip.run.runner_run.device_wall.config_validate ts=104679 dur=740 clk=dev
[mono_ns=7230176487046589][T0xf2fb9d32b020][TIMING] emit_host_span: [STRACE] v=1 pid=171886 tid=171886 inv=4 hid=e6ec8d6f21e99491 depth=3 name=chip.run.runner_run.device_wall.arena_wire ts=105460 dur=679 clk=dev
[mono_ns=7230176487050669][T0xf2fb9d32b020][TIMING] emit_host_span: [STRACE] v=1 pid=171886 tid=171886 inv=4 hid=e6ec8d6f21e99491 depth=3 name=chip.run.runner_run.device_wall.sm_reset ts=106160 dur=780 clk=dev
[mono_ns=7230176487092580][T0xf2fb9d32b020][TIMING] emit_host_span: [STRACE] v=1 pid=171886 tid=171886 inv=4 hid=e6ec8d6f21e99491 depth=3 name=chip.run.runner_run.device_wall.post_orch ts=627760 dur=10200 clk=dev
[mono_ns=7230176487096560][T0xf2fb9d32b020][TIMING] emit_host_span: [STRACE] v=1 pid=171886 tid=171886 inv=4 hid=e6ec8d6f21e99491 depth=3 name=chip.run.runner_run.device_wall.orch ts=106979 dur=6860 clk=dev
[mono_ns=7230176487100320][T0xf2fb9d32b020][TIMING] emit_host_span: [STRACE] v=1 pid=171886 tid=171886 inv=4 hid=e6ec8d6f21e99491 depth=3 name=chip.run.runner_run.device_wall.sched ts=108860 dur=493560 clk=dev
[mono_ns=7230176487104600][T0xf2fb9d32b020][TIMING] emit_host_span: [STRACE] v=1 pid=171886 tid=171886 inv=4 hid=e6ec8d6f21e99491 depth=1 name=chip.run.claim_release ts=7230176487102400 dur=340 
[mono_ns=7230176487109650][T0xf2fb9d32b020][TIMING] emit_host_span: [STRACE] v=1 pid=171886 tid=171886 inv=4 hid=e6ec8d6f21e99491 depth=0 name=chip.run ts=7230176376613799 dur=110493761 run_id=4 dispatch_id=4 slot_id=0 generation=4 run_epoch=4
[mono_ns=7230181325352023][T0xf2fb9d32b020][TIMING] emit_host_span: [STRACE] v=1 pid=171886 tid=171886 inv=5 hid=e6ec8d6f21e99491 depth=2 name=chip.run.bind.args ts=7230181325216212 dur=128211 
[mono_ns=7230181325375143][T0xf2fb9d32b020][TIMING] emit_host_span: [STRACE] v=1 pid=171886 tid=171886 inv=5 hid=e6ec8d6f21e99491 depth=2 name=chip.run.bind.prebuilt ts=7230181325367943 dur=4710 
[mono_ns=7230181325380343][T0xf2fb9d32b020][TIMING] emit_host_span: [STRACE] v=1 pid=171886 tid=171886 inv=5 hid=e6ec8d6f21e99491 depth=1 name=chip.run.bind ts=7230181325204082 dur=173751 
[mono_ns=7230181433912413][T0xf2fb9d32b020][TIMING] emit_host_span: [STRACE] v=1 pid=171886 tid=171886 inv=5 hid=e6ec8d6f21e99491 depth=1 name=chip.run.runner_run ts=7230181325751565 dur=108150708 
[mono_ns=7230181434040554][T0xf2fb9d32b020][TIMING] emit_host_span: [STRACE] v=1 pid=171886 tid=171886 inv=5 hid=e6ec8d6f21e99491 depth=1 name=chip.run.validate ts=7230181433931193 dur=105151 
[mono_ns=7230181434053334][T0xf2fb9d32b020][TIMING] emit_host_span: [STRACE] v=1 pid=171886 tid=171886 inv=5 hid=e6ec8d6f21e99491 depth=2 name=chip.run.runner_run.device_wall ts=0 dur=2326200 clk=dev
[mono_ns=7230181434058284][T0xf2fb9d32b020][TIMING] emit_host_span: [STRACE] v=1 pid=171886 tid=171886 inv=5 hid=e6ec8d6f21e99491 depth=3 name=chip.run.runner_run.device_wall.preamble ts=0 dur=6920 clk=dev
[mono_ns=7230181434062294][T0xf2fb9d32b020][TIMING] emit_host_span: [STRACE] v=1 pid=171886 tid=171886 inv=5 hid=e6ec8d6f21e99491 depth=3 name=chip.run.runner_run.device_wall.graph_build ts=1760 dur=2314300 clk=dev
[mono_ns=7230181434066124][T0xf2fb9d32b020][TIMING] emit_host_span: [STRACE] v=1 pid=171886 tid=171886 inv=5 hid=e6ec8d6f21e99491 depth=3 name=chip.run.runner_run.device_wall.config_validate ts=1880 dur=740 clk=dev
[mono_ns=7230181434070074][T0xf2fb9d32b020][TIMING] emit_host_span: [STRACE] v=1 pid=171886 tid=171886 inv=5 hid=e6ec8d6f21e99491 depth=3 name=chip.run.runner_run.device_wall.arena_wire ts=2660 dur=679 clk=dev
[mono_ns=7230181434073844][T0xf2fb9d32b020][TIMING] emit_host_span: [STRACE] v=1 pid=171886 tid=171886 inv=5 hid=e6ec8d6f21e99491 depth=3 name=chip.run.runner_run.device_wall.sm_reset ts=3380 dur=2440 clk=dev
[mono_ns=7230181434128574][T0xf2fb9d32b020][TIMING] emit_host_span: [STRACE] v=1 pid=171886 tid=171886 inv=5 hid=e6ec8d6f21e99491 depth=3 name=chip.run.runner_run.device_wall.post_orch ts=2316140 dur=9940 clk=dev
[mono_ns=7230181434131964][T0xf2fb9d32b020][TIMING] emit_host_span: [STRACE] v=1 pid=171886 tid=171886 inv=5 hid=e6ec8d6f21e99491 depth=3 name=chip.run.runner_run.device_wall.orch ts=6600 dur=10000 clk=dev
[mono_ns=7230181434135074][T0xf2fb9d32b020][TIMING] emit_host_span: [STRACE] v=1 pid=171886 tid=171886 inv=5 hid=e6ec8d6f21e99491 depth=3 name=chip.run.runner_run.device_wall.sched ts=7080 dur=2301220 clk=dev
[mono_ns=7230181434140454][T0xf2fb9d32b020][TIMING] emit_host_span: [STRACE] v=1 pid=171886 tid=171886 inv=5 hid=e6ec8d6f21e99491 depth=1 name=chip.run.claim_release ts=7230181434137584 dur=410 
[mono_ns=7230181434145875][T0xf2fb9d32b020][TIMING] emit_host_span: [STRACE] v=1 pid=171886 tid=171886 inv=5 hid=e6ec8d6f21e99491 depth=0 name=chip.run ts=7230181325124892 dur=109018942 run_id=5 dispatch_id=5 slot_id=0 generation=5 run_epoch=5
[mono_ns=7230181442936172][T0xf2fb9d32b020][TIMING] emit_host_span: [STRACE] v=1 pid=171886 tid=171886 inv=6 hid=e6ec8d6f21e99491 depth=2 name=chip.run.bind.args ts=7230181442817251 dur=113240 
[mono_ns=7230181442954422][T0xf2fb9d32b020][TIMING] emit_host_span: [STRACE] v=1 pid=171886 tid=171886 inv=6 hid=e6ec8d6f21e99491 depth=2 name=chip.run.bind.prebuilt ts=7230181442949532 dur=2470 
[mono_ns=7230181442958842][T0xf2fb9d32b020][TIMING] emit_host_span: [STRACE] v=1 pid=171886 tid=171886 inv=6 hid=e6ec8d6f21e99491 depth=1 name=chip.run.bind ts=7230181442808221 dur=148611 
[mono_ns=7230181444330719][T0xf2fa549ecca0][WARN] copy_aicore_buffer: [chip_swimlane_collector.cpp:689] Core 0: skipped 1024 AICore record slot(s) with start_time=0 (race-window write or recycled-buffer tail). buf seq=0 count=1024
[mono_ns=7230181444390829][T0xf2fa3ffbeca0][WARN] copy_aicore_buffer: [chip_swimlane_collector.cpp:689] Core 1: skipped 1024 AICore record slot(s) with start_time=0 (race-window write or recycled-buffer tail). buf seq=0 count=1024
[mono_ns=7230181444503210][T0xf2fa3f7aeca0][WARN] copy_aicore_buffer: [chip_swimlane_collector.cpp:689] Core 2: skipped 1024 AICore record slot(s) with start_time=0 (race-window write or recycled-buffer tail). buf seq=0 count=1024
[mono_ns=7230181444641411][T0xf2fa549ecca0][WARN] copy_aicore_buffer: [chip_swimlane_collector.cpp:689] Core 24: skipped 1022 AICore record slot(s) with start_time=0 (race-window write or recycled-buffer tail). buf seq=0 count=1024
[mono_ns=7230181444688481][T0xf2fa3ffbeca0][WARN] copy_aicore_buffer: [chip_swimlane_collector.cpp:689] Core 26: skipped 1023 AICore record slot(s) with start_time=0 (race-window write or recycled-buffer tail). buf seq=0 count=1024
[mono_ns=7230181444797981][T0xf2fa3f7aeca0][WARN] copy_aicore_buffer: [chip_swimlane_collector.cpp:689] Core 28: skipped 1024 AICore record slot(s) with start_time=0 (race-window write or recycled-buffer tail). buf seq=0 count=1024
[mono_ns=7230181444938562][T0xf2fa549ecca0][WARN] copy_aicore_buffer: [chip_swimlane_collector.cpp:689] Core 25: skipped 1024 AICore record slot(s) with start_time=0 (race-window write or recycled-buffer tail). buf seq=0 count=1024
[mono_ns=7230181444972942][T0xf2fa3ffbeca0][WARN] copy_aicore_buffer: [chip_swimlane_collector.cpp:689] Core 27: skipped 1024 AICore record slot(s) with start_time=0 (race-window write or recycled-buffer tail). buf seq=0 count=1024
[mono_ns=7230181445099343][T0xf2fa3f7aeca0][WARN] copy_aicore_buffer: [chip_swimlane_collector.cpp:689] Core 29: skipped 1024 AICore record slot(s) with start_time=0 (race-window write or recycled-buffer tail). buf seq=0 count=1024
[mono_ns=7230181445273144][T0xf2fa3ffbeca0][WARN] copy_aicore_buffer: [chip_swimlane_collector.cpp:689] Core 4: skipped 1024 AICore record slot(s) with start_time=0 (race-window write or recycled-buffer tail). buf seq=0 count=1024
[mono_ns=7230181445285244][T0xf2fa549ecca0][WARN] copy_aicore_buffer: [chip_swimlane_collector.cpp:689] Core 3: skipped 1024 AICore record slot(s) with start_time=0 (race-window write or recycled-buffer tail). buf seq=0 count=1024
[mono_ns=7230181445382745][T0xf2fa3f7aeca0][WARN] copy_aicore_buffer: [chip_swimlane_collector.cpp:689] Core 5: skipped 1024 AICore record slot(s) with start_time=0 (race-window write or recycled-buffer tail). buf seq=0 count=1024
[mono_ns=7230181445557196][T0xf2fa3ffbeca0][WARN] copy_aicore_buffer: [chip_swimlane_collector.cpp:689] Core 32: skipped 1024 AICore record slot(s) with start_time=0 (race-window write or recycled-buffer tail). buf seq=0 count=1024
[mono_ns=7230181445576816][T0xf2fa549ecca0][WARN] copy_aicore_buffer: [chip_swimlane_collector.cpp:689] Core 30: skipped 1024 AICore record slot(s) with start_time=0 (race-window write or recycled-buffer tail). buf seq=0 count=1024
[mono_ns=7230181445666646][T0xf2fa3f7aeca0][WARN] copy_aicore_buffer: [chip_swimlane_collector.cpp:689] Core 34: skipped 1024 AICore record slot(s) with start_time=0 (race-window write or recycled-buffer tail). buf seq=0 count=1024
[mono_ns=7230181445839747][T0xf2fa3ffbeca0][WARN] copy_aicore_buffer: [chip_swimlane_collector.cpp:689] Core 33: skipped 1024 AICore record slot(s) with start_time=0 (race-window write or recycled-buffer tail). buf seq=0 count=1024
[mono_ns=7230181445868797][T0xf2fa549ecca0][WARN] copy_aicore_buffer: [chip_swimlane_collector.cpp:689] Core 31: skipped 1024 AICore record slot(s) with start_time=0 (race-window write or recycled-buffer tail). buf seq=0 count=1024
[mono_ns=7230181445963968][T0xf2fa3f7aeca0][WARN] copy_aicore_buffer: [chip_swimlane_collector.cpp:689] Core 35: skipped 1024 AICore record slot(s) with start_time=0 (race-window write or recycled-buffer tail). buf seq=0 count=1024
[mono_ns=7230181446137349][T0xf2fa3ffbeca0][WARN] copy_aicore_buffer: [chip_swimlane_collector.cpp:689] Core 7: skipped 1024 AICore record slot(s) with start_time=0 (race-window write or recycled-buffer tail). buf seq=0 count=1024
[mono_ns=7230181446176119][T0xf2fa549ecca0][WARN] copy_aicore_buffer: [chip_swimlane_collector.cpp:689] Core 6: skipped 1024 AICore record slot(s) with start_time=0 (race-window write or recycled-buffer tail). buf seq=0 count=1024
[mono_ns=7230181446261049][T0xf2fa3f7aeca0][WARN] copy_aicore_buffer: [chip_swimlane_collector.cpp:689] Core 8: skipped 1024 AICore record slot(s) with start_time=0 (race-window write or recycled-buffer tail). buf seq=0 count=1024
[mono_ns=7230181446421780][T0xf2fa3ffbeca0][WARN] copy_aicore_buffer: [chip_swimlane_collector.cpp:689] Core 38: skipped 1024 AICore record slot(s) with start_time=0 (race-window write or recycled-buffer tail). buf seq=0 count=1024
[mono_ns=7230181446472870][T0xf2fa549ecca0][WARN] copy_aicore_buffer: [chip_swimlane_collector.cpp:689] Core 36: skipped 1024 AICore record slot(s) with start_time=0 (race-window write or recycled-buffer tail). buf seq=0 count=1024
[mono_ns=7230181446544001][T0xf2fa3f7aeca0][WARN] copy_aicore_buffer: [chip_swimlane_collector.cpp:689] Core 40: skipped 1024 AICore record slot(s) with start_time=0 (race-window write or recycled-buffer tail). buf seq=0 count=1024
[mono_ns=7230181446705222][T0xf2fa3ffbeca0][WARN] copy_aicore_buffer: [chip_swimlane_collector.cpp:689] Core 39: skipped 1024 AICore record slot(s) with start_time=0 (race-window write or recycled-buffer tail). buf seq=0 count=1024
[mono_ns=7230181446783262][T0xf2fa549ecca0][WARN] copy_aicore_buffer: [chip_swimlane_collector.cpp:689] Core 37: skipped 1024 AICore record slot(s) with start_time=0 (race-window write or recycled-buffer tail). buf seq=0 count=1024
[mono_ns=7230181446826592][T0xf2fa3f7aeca0][WARN] copy_aicore_buffer: [chip_swimlane_collector.cpp:689] Core 41: skipped 1024 AICore record slot(s) with start_time=0 (race-window write or recycled-buffer tail). buf seq=0 count=1024
[mono_ns=7230181446990393][T0xf2fa3ffbeca0][WARN] copy_aicore_buffer: [chip_swimlane_collector.cpp:689] Core 10: skipped 1024 AICore record slot(s) with start_time=0 (race-window write or recycled-buffer tail). buf seq=0 count=1024
[mono_ns=7230181447092414][T0xf2fa549ecca0][WARN] copy_aicore_buffer: [chip_swimlane_collector.cpp:689] Core 9: skipped 1024 AICore record slot(s) with start_time=0 (race-window write or recycled-buffer tail). buf seq=0 count=1024
[mono_ns=7230181447119804][T0xf2fa3f7aeca0][WARN] copy_aicore_buffer: [chip_swimlane_collector.cpp:689] Core 11: skipped 1024 AICore record slot(s) with start_time=0 (race-window write or recycled-buffer tail). buf seq=0 count=1024
[mono_ns=7230181447283185][T0xf2fa3ffbeca0][WARN] copy_aicore_buffer: [chip_swimlane_collector.cpp:689] Core 44: skipped 1024 AICore record slot(s) with start_time=0 (race-window write or recycled-buffer tail). buf seq=0 count=1024
[mono_ns=7230181447387745][T0xf2fa549ecca0][WARN] copy_aicore_buffer: [chip_swimlane_collector.cpp:689] Core 42: skipped 1024 AICore record slot(s) with start_time=0 (race-window write or recycled-buffer tail). buf seq=0 count=1024
[mono_ns=7230181447435606][T0xf2fa3f7aeca0][WARN] copy_aicore_buffer: [chip_swimlane_collector.cpp:689] Core 46: skipped 1024 AICore record slot(s) with start_time=0 (race-window write or recycled-buffer tail). buf seq=0 count=1024
[mono_ns=7230181447567966][T0xf2fa3ffbeca0][WARN] copy_aicore_buffer: [chip_swimlane_collector.cpp:689] Core 45: skipped 1024 AICore record slot(s) with start_time=0 (race-window write or recycled-buffer tail). buf seq=0 count=1024
[mono_ns=7230181447682917][T0xf2fa549ecca0][WARN] copy_aicore_buffer: [chip_swimlane_collector.cpp:689] Core 43: skipped 1024 AICore record slot(s) with start_time=0 (race-window write or recycled-buffer tail). buf seq=0 count=1024
[mono_ns=7230181447718337][T0xf2fa3f7aeca0][WARN] copy_aicore_buffer: [chip_swimlane_collector.cpp:689] Core 47: skipped 1024 AICore record slot(s) with start_time=0 (race-window write or recycled-buffer tail). buf seq=0 count=1024
[mono_ns=7230181447851878][T0xf2fa3ffbeca0][WARN] copy_aicore_buffer: [chip_swimlane_collector.cpp:689] Core 13: skipped 1024 AICore record slot(s) with start_time=0 (race-window write or recycled-buffer tail). buf seq=0 count=1024
[mono_ns=7230181447978498][T0xf2fa549ecca0][WARN] copy_aicore_buffer: [chip_swimlane_collector.cpp:689] Core 12: skipped 1024 AICore record slot(s) with start_time=0 (race-window write or recycled-buffer tail). buf seq=0 count=1024
[mono_ns=7230181448013349][T0xf2fa3f7aeca0][WARN] copy_aicore_buffer: [chip_swimlane_collector.cpp:689] Core 14: skipped 1024 AICore record slot(s) with start_time=0 (race-window write or recycled-buffer tail). buf seq=0 count=1024
[mono_ns=7230181448148589][T0xf2fa3ffbeca0][WARN] copy_aicore_buffer: [chip_swimlane_collector.cpp:689] Core 50: skipped 1024 AICore record slot(s) with start_time=0 (race-window write or recycled-buffer tail). buf seq=0 count=1024
[mono_ns=7230181448321020][T0xf2fa3f7aeca0][WARN] copy_aicore_buffer: [chip_swimlane_collector.cpp:689] Core 52: skipped 1024 AICore record slot(s) with start_time=0 (race-window write or recycled-buffer tail). buf seq=0 count=1024
[mono_ns=7230181448329500][T0xf2fa549ecca0][WARN] copy_aicore_buffer: [chip_swimlane_collector.cpp:689] Core 48: skipped 1024 AICore record slot(s) with start_time=0 (race-window write or recycled-buffer tail). buf seq=0 count=1024
[mono_ns=7230181448431971][T0xf2fa3ffbeca0][WARN] copy_aicore_buffer: [chip_swimlane_collector.cpp:689] Core 51: skipped 1024 AICore record slot(s) with start_time=0 (race-window write or recycled-buffer tail). buf seq=0 count=1024
[mono_ns=7230181448604962][T0xf2fa3f7aeca0][WARN] copy_aicore_buffer: [chip_swimlane_collector.cpp:689] Core 53: skipped 1024 AICore record slot(s) with start_time=0 (race-window write or recycled-buffer tail). buf seq=0 count=1024
[mono_ns=7230181448620562][T0xf2fa549ecca0][WARN] copy_aicore_buffer: [chip_swimlane_collector.cpp:689] Core 49: skipped 1024 AICore record slot(s) with start_time=0 (race-window write or recycled-buffer tail). buf seq=0 count=1024
[mono_ns=7230181448714562][T0xf2fa3ffbeca0][WARN] copy_aicore_buffer: [chip_swimlane_collector.cpp:689] Core 16: skipped 1024 AICore record slot(s) with start_time=0 (race-window write or recycled-buffer tail). buf seq=0 count=1024
[mono_ns=7230181448887583][T0xf2fa3f7aeca0][WARN] copy_aicore_buffer: [chip_swimlane_collector.cpp:689] Core 17: skipped 1024 AICore record slot(s) with start_time=0 (race-window write or recycled-buffer tail). buf seq=0 count=1024
[mono_ns=7230181448918283][T0xf2fa549ecca0][WARN] copy_aicore_buffer: [chip_swimlane_collector.cpp:689] Core 15: skipped 1024 AICore record slot(s) with start_time=0 (race-window write or recycled-buffer tail). buf seq=0 count=1024
[mono_ns=7230181449018224][T0xf2fa3ffbeca0][WARN] copy_aicore_buffer: [chip_swimlane_collector.cpp:689] Core 56: skipped 1024 AICore record slot(s) with start_time=0 (race-window write or recycled-buffer tail). buf seq=0 count=1024
[mono_ns=7230181449178505][T0xf2fa3f7aeca0][WARN] copy_aicore_buffer: [chip_swimlane_collector.cpp:689] Core 58: skipped 1024 AICore record slot(s) with start_time=0 (race-window write or recycled-buffer tail). buf seq=0 count=1024
[mono_ns=7230181449220375][T0xf2fa549ecca0][WARN] copy_aicore_buffer: [chip_swimlane_collector.cpp:689] Core 54: skipped 1024 AICore record slot(s) with start_time=0 (race-window write or recycled-buffer tail). buf seq=0 count=1024
[mono_ns=7230181449303826][T0xf2fa3ffbeca0][WARN] copy_aicore_buffer: [chip_swimlane_collector.cpp:689] Core 57: skipped 1024 AICore record slot(s) with start_time=0 (race-window write or recycled-buffer tail). buf seq=0 count=1024
[mono_ns=7230181449459856][T0xf2fa3f7aeca0][WARN] copy_aicore_buffer: [chip_swimlane_collector.cpp:689] Core 59: skipped 1024 AICore record slot(s) with start_time=0 (race-window write or recycled-buffer tail). buf seq=0 count=1024
[mono_ns=7230181449519817][T0xf2fa549ecca0][WARN] copy_aicore_buffer: [chip_swimlane_collector.cpp:689] Core 55: skipped 1024 AICore record slot(s) with start_time=0 (race-window write or recycled-buffer tail). buf seq=0 count=1024
[mono_ns=7230181449587247][T0xf2fa3ffbeca0][WARN] copy_aicore_buffer: [chip_swimlane_collector.cpp:689] Core 19: skipped 1024 AICore record slot(s) with start_time=0 (race-window write or recycled-buffer tail). buf seq=0 count=1024
[mono_ns=7230181449742428][T0xf2fa3f7aeca0][WARN] copy_aicore_buffer: [chip_swimlane_collector.cpp:689] Core 20: skipped 1024 AICore record slot(s) with start_time=0 (race-window write or recycled-buffer tail). buf seq=0 count=1024
[mono_ns=7230181449827858][T0xf2fa549ecca0][WARN] copy_aicore_buffer: [chip_swimlane_collector.cpp:689] Core 18: skipped 1024 AICore record slot(s) with start_time=0 (race-window write or recycled-buffer tail). buf seq=0 count=1024
[mono_ns=7230181449870969][T0xf2fa3ffbeca0][WARN] copy_aicore_buffer: [chip_swimlane_collector.cpp:689] Core 62: skipped 1024 AICore record slot(s) with start_time=0 (race-window write or recycled-buffer tail). buf seq=0 count=1024
[mono_ns=7230181450034899][T0xf2fa3f7aeca0][WARN] copy_aicore_buffer: [chip_swimlane_collector.cpp:689] Core 64: skipped 1024 AICore record slot(s) with start_time=0 (race-window write or recycled-buffer tail). buf seq=0 count=1024
[mono_ns=7230181450138490][T0xf2fa549ecca0][WARN] copy_aicore_buffer: [chip_swimlane_collector.cpp:689] Core 60: skipped 1024 AICore record slot(s) with start_time=0 (race-window write or recycled-buffer tail). buf seq=0 count=1024
[mono_ns=7230181450162660][T0xf2fa3ffbeca0][WARN] copy_aicore_buffer: [chip_swimlane_collector.cpp:689] Core 63: skipped 1024 AICore record slot(s) with start_time=0 (race-window write or recycled-buffer tail). buf seq=0 count=1024
[mono_ns=7230181450317061][T0xf2fa3f7aeca0][WARN] copy_aicore_buffer: [chip_swimlane_collector.cpp:689] Core 65: skipped 1024 AICore record slot(s) with start_time=0 (race-window write or recycled-buffer tail). buf seq=0 count=1024
[mono_ns=7230181450434332][T0xf2fa549ecca0][WARN] copy_aicore_buffer: [chip_swimlane_collector.cpp:689] Core 61: skipped 1024 AICore record slot(s) with start_time=0 (race-window write or recycled-buffer tail). buf seq=0 count=1024
[mono_ns=7230181450443312][T0xf2fa3ffbeca0][WARN] copy_aicore_buffer: [chip_swimlane_collector.cpp:689] Core 22: skipped 1024 AICore record slot(s) with start_time=0 (race-window write or recycled-buffer tail). buf seq=0 count=1024
[mono_ns=7230181450610603][T0xf2fa3f7aeca0][WARN] copy_aicore_buffer: [chip_swimlane_collector.cpp:689] Core 23: skipped 1024 AICore record slot(s) with start_time=0 (race-window write or recycled-buffer tail). buf seq=0 count=1024
[mono_ns=7230181450727493][T0xf2fa3ffbeca0][WARN] copy_aicore_buffer: [chip_swimlane_collector.cpp:689] Core 68: skipped 1024 AICore record slot(s) with start_time=0 (race-window write or recycled-buffer tail). buf seq=0 count=1024
[mono_ns=7230181450730233][T0xf2fa549ecca0][WARN] copy_aicore_buffer: [chip_swimlane_collector.cpp:689] Core 21: skipped 1024 AICore record slot(s) with start_time=0 (race-window write or recycled-buffer tail). buf seq=0 count=1024
[mono_ns=7230181450892094][T0xf2fa3f7aeca0][WARN] copy_aicore_buffer: [chip_swimlane_collector.cpp:689] Core 70: skipped 1024 AICore record slot(s) with start_time=0 (race-window write or recycled-buffer tail). buf seq=0 count=1024
[mono_ns=7230181451021485][T0xf2fa3ffbeca0][WARN] copy_aicore_buffer: [chip_swimlane_collector.cpp:689] Core 69: skipped 1024 AICore record slot(s) with start_time=0 (race-window write or recycled-buffer tail). buf seq=0 count=1024
[mono_ns=7230181451034355][T0xf2fa549ecca0][WARN] copy_aicore_buffer: [chip_swimlane_collector.cpp:689] Core 66: skipped 1024 AICore record slot(s) with start_time=0 (race-window write or recycled-buffer tail). buf seq=0 count=1024
[mono_ns=7230181451204516][T0xf2fa3f7aeca0][WARN] copy_aicore_buffer: [chip_swimlane_collector.cpp:689] Core 71: skipped 1024 AICore record slot(s) with start_time=0 (race-window write or recycled-buffer tail). buf seq=0 count=1024
[mono_ns=7230181451338896][T0xf2fa549ecca0][WARN] copy_aicore_buffer: [chip_swimlane_collector.cpp:689] Core 67: skipped 1024 AICore record slot(s) with start_time=0 (race-window write or recycled-buffer tail). buf seq=0 count=1024
[mono_ns=7230181551839074][T0xf2fb9d32b020][TIMING] emit_host_span: [STRACE] v=1 pid=171886 tid=171886 inv=6 hid=e6ec8d6f21e99491 depth=1 name=chip.run.runner_run ts=7230181443567845 dur=108264349 
[mono_ns=7230181551921744][T0xf2fb9d32b020][TIMING] emit_host_span: [STRACE] v=1 pid=171886 tid=171886 inv=6 hid=e6ec8d6f21e99491 depth=1 name=chip.run.validate ts=7230181551850634 dur=67440 
[mono_ns=7230181551932894][T0xf2fb9d32b020][TIMING] emit_host_span: [STRACE] v=1 pid=171886 tid=171886 inv=6 hid=e6ec8d6f21e99491 depth=2 name=chip.run.runner_run.device_wall ts=0 dur=253280 clk=dev
[mono_ns=7230181551937754][T0xf2fb9d32b020][TIMING] emit_host_span: [STRACE] v=1 pid=171886 tid=171886 inv=6 hid=e6ec8d6f21e99491 depth=3 name=chip.run.runner_run.device_wall.preamble ts=0 dur=110080 clk=dev
[mono_ns=7230181551941934][T0xf2fb9d32b020][TIMING] emit_host_span: [STRACE] v=1 pid=171886 tid=171886 inv=6 hid=e6ec8d6f21e99491 depth=3 name=chip.run.runner_run.device_wall.graph_build ts=105720 dur=136820 clk=dev
[mono_ns=7230181551982394][T0xf2fb9d32b020][TIMING] emit_host_span: [STRACE] v=1 pid=171886 tid=171886 inv=6 hid=e6ec8d6f21e99491 depth=3 name=chip.run.runner_run.device_wall.config_validate ts=105820 dur=700 clk=dev
[mono_ns=7230181551986144][T0xf2fb9d32b020][TIMING] emit_host_span: [STRACE] v=1 pid=171886 tid=171886 inv=6 hid=e6ec8d6f21e99491 depth=3 name=chip.run.runner_run.device_wall.arena_wire ts=106540 dur=459 clk=dev
[mono_ns=7230181551989744][T0xf2fb9d32b020][TIMING] emit_host_span: [STRACE] v=1 pid=171886 tid=171886 inv=6 hid=e6ec8d6f21e99491 depth=3 name=chip.run.runner_run.device_wall.sm_reset ts=107020 dur=940 clk=dev
[mono_ns=7230181551992715][T0xf2fb9d32b020][TIMING] emit_host_span: [STRACE] v=1 pid=171886 tid=171886 inv=6 hid=e6ec8d6f21e99491 depth=3 name=chip.run.runner_run.device_wall.post_orch ts=242620 dur=10560 clk=dev
[mono_ns=7230181551996305][T0xf2fb9d32b020][TIMING] emit_host_span: [STRACE] v=1 pid=171886 tid=171886 inv=6 hid=e6ec8d6f21e99491 depth=3 name=chip.run.runner_run.device_wall.orch ts=108000 dur=4019 clk=dev
[mono_ns=7230181551999895][T0xf2fb9d32b020][TIMING] emit_host_span: [STRACE] v=1 pid=171886 tid=171886 inv=6 hid=e6ec8d6f21e99491 depth=3 name=chip.run.runner_run.device_wall.sched ts=110180 dur=109880 clk=dev
[mono_ns=7230181552011195][T0xf2fb9d32b020][TIMING] emit_host_span: [STRACE] v=1 pid=171886 tid=171886 inv=6 hid=e6ec8d6f21e99491 depth=1 name=chip.run.claim_release ts=7230181552009055 dur=240 
[mono_ns=7230181552016415][T0xf2fb9d32b020][TIMING] emit_host_span: [STRACE] v=1 pid=171886 tid=171886 inv=6 hid=e6ec8d6f21e99491 depth=0 name=chip.run ts=7230181442779201 dur=109235204 run_id=6 dispatch_id=6 slot_id=0 generation=6 run_epoch=6
[mono_ns=7230186398066274][T0xf2fb9d32b020][TIMING] emit_host_span: [STRACE] v=1 pid=171886 tid=171886 inv=7 hid=e6ec8d6f21e99491 depth=2 name=chip.run.bind.args ts=7230186397912983 dur=145791 
[mono_ns=7230186398093704][T0xf2fb9d32b020][TIMING] emit_host_span: [STRACE] v=1 pid=171886 tid=171886 inv=7 hid=e6ec8d6f21e99491 depth=2 name=chip.run.bind.prebuilt ts=7230186398085314 dur=5590 
[mono_ns=7230186398098704][T0xf2fb9d32b020][TIMING] emit_host_span: [STRACE] v=1 pid=171886 tid=171886 inv=7 hid=e6ec8d6f21e99491 depth=1 name=chip.run.bind ts=7230186397904583 dur=191711 
[mono_ns=7230186506575664][T0xf2fb9d32b020][TIMING] emit_host_span: [STRACE] v=1 pid=171886 tid=171886 inv=7 hid=e6ec8d6f21e99491 depth=1 name=chip.run.runner_run ts=7230186398349665 dur=108215919 
[mono_ns=7230186506688354][T0xf2fb9d32b020][TIMING] emit_host_span: [STRACE] v=1 pid=171886 tid=171886 inv=7 hid=e6ec8d6f21e99491 depth=1 name=chip.run.validate ts=7230186506590034 dur=94320 
[mono_ns=7230186506695374][T0xf2fb9d32b020][TIMING] emit_host_span: [STRACE] v=1 pid=171886 tid=171886 inv=7 hid=e6ec8d6f21e99491 depth=2 name=chip.run.runner_run.device_wall ts=0 dur=4381380 clk=dev
[mono_ns=7230186506699514][T0xf2fb9d32b020][TIMING] emit_host_span: [STRACE] v=1 pid=171886 tid=171886 inv=7 hid=e6ec8d6f21e99491 depth=3 name=chip.run.runner_run.device_wall.preamble ts=0 dur=7439 clk=dev
[mono_ns=7230186506702974][T0xf2fb9d32b020][TIMING] emit_host_span: [STRACE] v=1 pid=171886 tid=171886 inv=7 hid=e6ec8d6f21e99491 depth=3 name=chip.run.runner_run.device_wall.graph_build ts=1960 dur=4368940 clk=dev
[mono_ns=7230186506747815][T0xf2fb9d32b020][TIMING] emit_host_span: [STRACE] v=1 pid=171886 tid=171886 inv=7 hid=e6ec8d6f21e99491 depth=3 name=chip.run.runner_run.device_wall.config_validate ts=2260 dur=860 clk=dev
[mono_ns=7230186506752475][T0xf2fb9d32b020][TIMING] emit_host_span: [STRACE] v=1 pid=171886 tid=171886 inv=7 hid=e6ec8d6f21e99491 depth=3 name=chip.run.runner_run.device_wall.arena_wire ts=3300 dur=940 clk=dev
[mono_ns=7230186506755625][T0xf2fb9d32b020][TIMING] emit_host_span: [STRACE] v=1 pid=171886 tid=171886 inv=7 hid=e6ec8d6f21e99491 depth=3 name=chip.run.runner_run.device_wall.sm_reset ts=4260 dur=2260 clk=dev
[mono_ns=7230186506758715][T0xf2fb9d32b020][TIMING] emit_host_span: [STRACE] v=1 pid=171886 tid=171886 inv=7 hid=e6ec8d6f21e99491 depth=3 name=chip.run.runner_run.device_wall.post_orch ts=4370980 dur=10220 clk=dev
[mono_ns=7230186506761595][T0xf2fb9d32b020][TIMING] emit_host_span: [STRACE] v=1 pid=171886 tid=171886 inv=7 hid=e6ec8d6f21e99491 depth=3 name=chip.run.runner_run.device_wall.orch ts=7420 dur=10879 clk=dev
[mono_ns=7230186506764465][T0xf2fb9d32b020][TIMING] emit_host_span: [STRACE] v=1 pid=171886 tid=171886 inv=7 hid=e6ec8d6f21e99491 depth=3 name=chip.run.runner_run.device_wall.sched ts=7880 dur=4355320 clk=dev
[mono_ns=7230186506769315][T0xf2fb9d32b020][TIMING] emit_host_span: [STRACE] v=1 pid=171886 tid=171886 inv=7 hid=e6ec8d6f21e99491 depth=1 name=chip.run.claim_release ts=7230186506766835 dur=470 
[mono_ns=7230186506791495][T0xf2fb9d32b020][TIMING] emit_host_span: [STRACE] v=1 pid=171886 tid=171886 inv=7 hid=e6ec8d6f21e99491 depth=0 name=chip.run ts=7230186397848712 dur=108940333 run_id=7 dispatch_id=7 slot_id=0 generation=7 run_epoch=7
[mono_ns=7230186556686722][T0xf2fb9d32b020][TIMING] emit_host_span: [STRACE] v=1 pid=171886 tid=171886 inv=8 hid=e6ec8d6f21e99491 depth=2 name=chip.run.bind.args ts=7230186556574851 dur=106501 
[mono_ns=7230186556708202][T0xf2fb9d32b020][TIMING] emit_host_span: [STRACE] v=1 pid=171886 tid=171886 inv=8 hid=e6ec8d6f21e99491 depth=2 name=chip.run.bind.prebuilt ts=7230186556702902 dur=2940 
[mono_ns=7230186556712622][T0xf2fb9d32b020][TIMING] emit_host_span: [STRACE] v=1 pid=171886 tid=171886 inv=8 hid=e6ec8d6f21e99491 depth=1 name=chip.run.bind ts=7230186556566791 dur=143741 
[mono_ns=7230186557669657][T0xf2fa549ecca0][WARN] copy_aicore_buffer: [chip_swimlane_collector.cpp:689] Core 0: skipped 1024 AICore record slot(s) with start_time=0 (race-window write or recycled-buffer tail). buf seq=0 count=1024
[mono_ns=7230186557672177][T0xf2fa3ffbeca0][WARN] copy_aicore_buffer: [chip_swimlane_collector.cpp:689] Core 1: skipped 1024 AICore record slot(s) with start_time=0 (race-window write or recycled-buffer tail). buf seq=0 count=1024
[mono_ns=7230186557782698][T0xf2fa3f7aeca0][WARN] copy_aicore_buffer: [chip_swimlane_collector.cpp:689] Core 2: skipped 1024 AICore record slot(s) with start_time=0 (race-window write or recycled-buffer tail). buf seq=0 count=1024
[mono_ns=7230186557972209][T0xf2fa3ffbeca0][WARN] copy_aicore_buffer: [chip_swimlane_collector.cpp:689] Core 26: skipped 1024 AICore record slot(s) with start_time=0 (race-window write or recycled-buffer tail). buf seq=0 count=1024
[mono_ns=7230186557972919][T0xf2fa549ecca0][WARN] copy_aicore_buffer: [chip_swimlane_collector.cpp:689] Core 24: skipped 1023 AICore record slot(s) with start_time=0 (race-window write or recycled-buffer tail). buf seq=0 count=1024
[mono_ns=7230186558093399][T0xf2fa3f7aeca0][WARN] copy_aicore_buffer: [chip_swimlane_collector.cpp:689] Core 28: skipped 1022 AICore record slot(s) with start_time=0 (race-window write or recycled-buffer tail). buf seq=0 count=1024
[mono_ns=7230186558295070][T0xf2fa549ecca0][WARN] copy_aicore_buffer: [chip_swimlane_collector.cpp:689] Core 25: skipped 1024 AICore record slot(s) with start_time=0 (race-window write or recycled-buffer tail). buf seq=0 count=1024
[mono_ns=7230186558320390][T0xf2fa3ffbeca0][WARN] copy_aicore_buffer: [chip_swimlane_collector.cpp:689] Core 27: skipped 1024 AICore record slot(s) with start_time=0 (race-window write or recycled-buffer tail). buf seq=0 count=1024
[mono_ns=7230186558382641][T0xf2fa3f7aeca0][WARN] copy_aicore_buffer: [chip_swimlane_collector.cpp:689] Core 29: skipped 1024 AICore record slot(s) with start_time=0 (race-window write or recycled-buffer tail). buf seq=0 count=1024
[mono_ns=7230186558588842][T0xf2fa549ecca0][WARN] copy_aicore_buffer: [chip_swimlane_collector.cpp:689] Core 3: skipped 1024 AICore record slot(s) with start_time=0 (race-window write or recycled-buffer tail). buf seq=0 count=1024
[mono_ns=7230186558613722][T0xf2fa3ffbeca0][WARN] copy_aicore_buffer: [chip_swimlane_collector.cpp:689] Core 4: skipped 1024 AICore record slot(s) with start_time=0 (race-window write or recycled-buffer tail). buf seq=0 count=1024
[mono_ns=7230186558669572][T0xf2fa3f7aeca0][WARN] copy_aicore_buffer: [chip_swimlane_collector.cpp:689] Core 5: skipped 1024 AICore record slot(s) with start_time=0 (race-window write or recycled-buffer tail). buf seq=0 count=1024
[mono_ns=7230186558881683][T0xf2fa549ecca0][WARN] copy_aicore_buffer: [chip_swimlane_collector.cpp:689] Core 30: skipped 1024 AICore record slot(s) with start_time=0 (race-window write or recycled-buffer tail). buf seq=0 count=1024
[mono_ns=7230186558906164][T0xf2fa3ffbeca0][WARN] copy_aicore_buffer: [chip_swimlane_collector.cpp:689] Core 32: skipped 1024 AICore record slot(s) with start_time=0 (race-window write or recycled-buffer tail). buf seq=0 count=1024
[mono_ns=7230186558964094][T0xf2fa3f7aeca0][WARN] copy_aicore_buffer: [chip_swimlane_collector.cpp:689] Core 34: skipped 1024 AICore record slot(s) with start_time=0 (race-window write or recycled-buffer tail). buf seq=0 count=1024
[mono_ns=7230186559190955][T0xf2fa549ecca0][WARN] copy_aicore_buffer: [chip_swimlane_collector.cpp:689] Core 31: skipped 1024 AICore record slot(s) with start_time=0 (race-window write or recycled-buffer tail). buf seq=0 count=1024
[mono_ns=7230186559214195][T0xf2fa3ffbeca0][WARN] copy_aicore_buffer: [chip_swimlane_collector.cpp:689] Core 33: skipped 1024 AICore record slot(s) with start_time=0 (race-window write or recycled-buffer tail). buf seq=0 count=1024
[mono_ns=7230186559261535][T0xf2fa3f7aeca0][WARN] copy_aicore_buffer: [chip_swimlane_collector.cpp:689] Core 35: skipped 1024 AICore record slot(s) with start_time=0 (race-window write or recycled-buffer tail). buf seq=0 count=1024
[mono_ns=7230186559487467][T0xf2fa549ecca0][WARN] copy_aicore_buffer: [chip_swimlane_collector.cpp:689] Core 6: skipped 1024 AICore record slot(s) with start_time=0 (race-window write or recycled-buffer tail). buf seq=0 count=1024
[mono_ns=7230186559504537][T0xf2fa3ffbeca0][WARN] copy_aicore_buffer: [chip_swimlane_collector.cpp:689] Core 7: skipped 1024 AICore record slot(s) with start_time=0 (race-window write or recycled-buffer tail). buf seq=0 count=1024
[mono_ns=7230186559543827][T0xf2fa3f7aeca0][WARN] copy_aicore_buffer: [chip_swimlane_collector.cpp:689] Core 8: skipped 1024 AICore record slot(s) with start_time=0 (race-window write or recycled-buffer tail). buf seq=0 count=1024
[mono_ns=7230186559782738][T0xf2fa549ecca0][WARN] copy_aicore_buffer: [chip_swimlane_collector.cpp:689] Core 36: skipped 1024 AICore record slot(s) with start_time=0 (race-window write or recycled-buffer tail). buf seq=0 count=1024
[mono_ns=7230186559802118][T0xf2fa3ffbeca0][WARN] copy_aicore_buffer: [chip_swimlane_collector.cpp:689] Core 38: skipped 1024 AICore record slot(s) with start_time=0 (race-window write or recycled-buffer tail). buf seq=0 count=1024
[mono_ns=7230186559825088][T0xf2fa3f7aeca0][WARN] copy_aicore_buffer: [chip_swimlane_collector.cpp:689] Core 40: skipped 1024 AICore record slot(s) with start_time=0 (race-window write or recycled-buffer tail). buf seq=0 count=1024
[mono_ns=7230186560103170][T0xf2fa549ecca0][WARN] copy_aicore_buffer: [chip_swimlane_collector.cpp:689] Core 37: skipped 1024 AICore record slot(s) with start_time=0 (race-window write or recycled-buffer tail). buf seq=0 count=1024
[mono_ns=7230186560114290][T0xf2fa3ffbeca0][WARN] copy_aicore_buffer: [chip_swimlane_collector.cpp:689] Core 39: skipped 1024 AICore record slot(s) with start_time=0 (race-window write or recycled-buffer tail). buf seq=0 count=1024
[mono_ns=7230186560126350][T0xf2fa3f7aeca0][WARN] copy_aicore_buffer: [chip_swimlane_collector.cpp:689] Core 41: skipped 1024 AICore record slot(s) with start_time=0 (race-window write or recycled-buffer tail). buf seq=0 count=1024
[mono_ns=7230186560400072][T0xf2fa549ecca0][WARN] copy_aicore_buffer: [chip_swimlane_collector.cpp:689] Core 9: skipped 1024 AICore record slot(s) with start_time=0 (race-window write or recycled-buffer tail). buf seq=0 count=1024
[mono_ns=7230186560405722][T0xf2fa3ffbeca0][WARN] copy_aicore_buffer: [chip_swimlane_collector.cpp:689] Core 10: skipped 1024 AICore record slot(s) with start_time=0 (race-window write or recycled-buffer tail). buf seq=0 count=1024
[mono_ns=7230186560447842][T0xf2fa3f7aeca0][WARN] copy_aicore_buffer: [chip_swimlane_collector.cpp:689] Core 11: skipped 1024 AICore record slot(s) with start_time=0 (race-window write or recycled-buffer tail). buf seq=0 count=1024
[mono_ns=7230186560695643][T0xf2fa549ecca0][WARN] copy_aicore_buffer: [chip_swimlane_collector.cpp:689] Core 42: skipped 1024 AICore record slot(s) with start_time=0 (race-window write or recycled-buffer tail). buf seq=0 count=1024
[mono_ns=7230186560697103][T0xf2fa3ffbeca0][WARN] copy_aicore_buffer: [chip_swimlane_collector.cpp:689] Core 44: skipped 1024 AICore record slot(s) with start_time=0 (race-window write or recycled-buffer tail). buf seq=0 count=1024
[mono_ns=7230186560732663][T0xf2fa3f7aeca0][WARN] copy_aicore_buffer: [chip_swimlane_collector.cpp:689] Core 46: skipped 1024 AICore record slot(s) with start_time=0 (race-window write or recycled-buffer tail). buf seq=0 count=1024
[mono_ns=7230186560990265][T0xf2fa3ffbeca0][WARN] copy_aicore_buffer: [chip_swimlane_collector.cpp:689] Core 45: skipped 1024 AICore record slot(s) with start_time=0 (race-window write or recycled-buffer tail). buf seq=0 count=1024
[mono_ns=7230186560993235][T0xf2fa549ecca0][WARN] copy_aicore_buffer: [chip_swimlane_collector.cpp:689] Core 43: skipped 1024 AICore record slot(s) with start_time=0 (race-window write or recycled-buffer tail). buf seq=0 count=1024
[mono_ns=7230186561029765][T0xf2fa3f7aeca0][WARN] copy_aicore_buffer: [chip_swimlane_collector.cpp:689] Core 47: skipped 1024 AICore record slot(s) with start_time=0 (race-window write or recycled-buffer tail). buf seq=0 count=1024
[mono_ns=7230186561291736][T0xf2fa3ffbeca0][WARN] copy_aicore_buffer: [chip_swimlane_collector.cpp:689] Core 13: skipped 1024 AICore record slot(s) with start_time=0 (race-window write or recycled-buffer tail). buf seq=0 count=1024
[mono_ns=7230186561318206][T0xf2fa3f7aeca0][WARN] copy_aicore_buffer: [chip_swimlane_collector.cpp:689] Core 14: skipped 1024 AICore record slot(s) with start_time=0 (race-window write or recycled-buffer tail). buf seq=0 count=1024
[mono_ns=7230186561423127][T0xf2fa549ecca0][WARN] copy_aicore_buffer: [chip_swimlane_collector.cpp:689] Core 12: skipped 1024 AICore record slot(s) with start_time=0 (race-window write or recycled-buffer tail). buf seq=0 count=1024
[mono_ns=7230186561593108][T0xf2fa3ffbeca0][WARN] copy_aicore_buffer: [chip_swimlane_collector.cpp:689] Core 50: skipped 1024 AICore record slot(s) with start_time=0 (race-window write or recycled-buffer tail). buf seq=0 count=1024
[mono_ns=7230186561605638][T0xf2fa3f7aeca0][WARN] copy_aicore_buffer: [chip_swimlane_collector.cpp:689] Core 52: skipped 1024 AICore record slot(s) with start_time=0 (race-window write or recycled-buffer tail). buf seq=0 count=1024
[mono_ns=7230186561722659][T0xf2fa549ecca0][WARN] copy_aicore_buffer: [chip_swimlane_collector.cpp:689] Core 48: skipped 1024 AICore record slot(s) with start_time=0 (race-window write or recycled-buffer tail). buf seq=0 count=1024
[mono_ns=7230186561888799][T0xf2fa3f7aeca0][WARN] copy_aicore_buffer: [chip_swimlane_collector.cpp:689] Core 53: skipped 1024 AICore record slot(s) with start_time=0 (race-window write or recycled-buffer tail). buf seq=0 count=1024
[mono_ns=7230186561891320][T0xf2fa3ffbeca0][WARN] copy_aicore_buffer: [chip_swimlane_collector.cpp:689] Core 51: skipped 1024 AICore record slot(s) with start_time=0 (race-window write or recycled-buffer tail). buf seq=0 count=1024
[mono_ns=7230186562030260][T0xf2fa549ecca0][WARN] copy_aicore_buffer: [chip_swimlane_collector.cpp:689] Core 49: skipped 1024 AICore record slot(s) with start_time=0 (race-window write or recycled-buffer tail). buf seq=0 count=1024
[mono_ns=7230186562193831][T0xf2fa3f7aeca0][WARN] copy_aicore_buffer: [chip_swimlane_collector.cpp:689] Core 17: skipped 1024 AICore record slot(s) with start_time=0 (race-window write or recycled-buffer tail). buf seq=0 count=1024
[mono_ns=7230186562201431][T0xf2fa3ffbeca0][WARN] copy_aicore_buffer: [chip_swimlane_collector.cpp:689] Core 16: skipped 1024 AICore record slot(s) with start_time=0 (race-window write or recycled-buffer tail). buf seq=0 count=1024
[mono_ns=7230186562326562][T0xf2fa549ecca0][WARN] copy_aicore_buffer: [chip_swimlane_collector.cpp:689] Core 15: skipped 1024 AICore record slot(s) with start_time=0 (race-window write or recycled-buffer tail). buf seq=0 count=1024
[mono_ns=7230186562476303][T0xf2fa3f7aeca0][WARN] copy_aicore_buffer: [chip_swimlane_collector.cpp:689] Core 58: skipped 1024 AICore record slot(s) with start_time=0 (race-window write or recycled-buffer tail). buf seq=0 count=1024
[mono_ns=7230186562493133][T0xf2fa3ffbeca0][WARN] copy_aicore_buffer: [chip_swimlane_collector.cpp:689] Core 56: skipped 1024 AICore record slot(s) with start_time=0 (race-window write or recycled-buffer tail). buf seq=0 count=1024
[mono_ns=7230186562622733][T0xf2fa549ecca0][WARN] copy_aicore_buffer: [chip_swimlane_collector.cpp:689] Core 54: skipped 1024 AICore record slot(s) with start_time=0 (race-window write or recycled-buffer tail). buf seq=0 count=1024
[mono_ns=7230186562758714][T0xf2fa3f7aeca0][WARN] copy_aicore_buffer: [chip_swimlane_collector.cpp:689] Core 59: skipped 1024 AICore record slot(s) with start_time=0 (race-window write or recycled-buffer tail). buf seq=0 count=1024
[mono_ns=7230186562788044][T0xf2fa3ffbeca0][WARN] copy_aicore_buffer: [chip_swimlane_collector.cpp:689] Core 57: skipped 1024 AICore record slot(s) with start_time=0 (race-window write or recycled-buffer tail). buf seq=0 count=1024
[mono_ns=7230186562964005][T0xf2fa549ecca0][WARN] copy_aicore_buffer: [chip_swimlane_collector.cpp:689] Core 55: skipped 1024 AICore record slot(s) with start_time=0 (race-window write or recycled-buffer tail). buf seq=0 count=1024
[mono_ns=7230186563050036][T0xf2fa3f7aeca0][WARN] copy_aicore_buffer: [chip_swimlane_collector.cpp:689] Core 20: skipped 1024 AICore record slot(s) with start_time=0 (race-window write or recycled-buffer tail). buf seq=0 count=1024
[mono_ns=7230186563098506][T0xf2fa3ffbeca0][WARN] copy_aicore_buffer: [chip_swimlane_collector.cpp:689] Core 19: skipped 1024 AICore record slot(s) with start_time=0 (race-window write or recycled-buffer tail). buf seq=0 count=1024
[mono_ns=7230186563274297][T0xf2fa549ecca0][WARN] copy_aicore_buffer: [chip_swimlane_collector.cpp:689] Core 18: skipped 1024 AICore record slot(s) with start_time=0 (race-window write or recycled-buffer tail). buf seq=0 count=1024
[mono_ns=7230186563332647][T0xf2fa3f7aeca0][WARN] copy_aicore_buffer: [chip_swimlane_collector.cpp:689] Core 64: skipped 1024 AICore record slot(s) with start_time=0 (race-window write or recycled-buffer tail). buf seq=0 count=1024
[mono_ns=7230186563394858][T0xf2fa3ffbeca0][WARN] copy_aicore_buffer: [chip_swimlane_collector.cpp:689] Core 62: skipped 1024 AICore record slot(s) with start_time=0 (race-window write or recycled-buffer tail). buf seq=0 count=1024
[mono_ns=7230186563570448][T0xf2fa549ecca0][WARN] copy_aicore_buffer: [chip_swimlane_collector.cpp:689] Core 60: skipped 1024 AICore record slot(s) with start_time=0 (race-window write or recycled-buffer tail). buf seq=0 count=1024
[mono_ns=7230186563651719][T0xf2fa3f7aeca0][WARN] copy_aicore_buffer: [chip_swimlane_collector.cpp:689] Core 65: skipped 1024 AICore record slot(s) with start_time=0 (race-window write or recycled-buffer tail). buf seq=0 count=1024
[mono_ns=7230186563691639][T0xf2fa3ffbeca0][WARN] copy_aicore_buffer: [chip_swimlane_collector.cpp:689] Core 63: skipped 1024 AICore record slot(s) with start_time=0 (race-window write or recycled-buffer tail). buf seq=0 count=1024
[mono_ns=7230186563867530][T0xf2fa549ecca0][WARN] copy_aicore_buffer: [chip_swimlane_collector.cpp:689] Core 61: skipped 1024 AICore record slot(s) with start_time=0 (race-window write or recycled-buffer tail). buf seq=0 count=1024
[mono_ns=7230186563934360][T0xf2fa3f7aeca0][WARN] copy_aicore_buffer: [chip_swimlane_collector.cpp:689] Core 23: skipped 1024 AICore record slot(s) with start_time=0 (race-window write or recycled-buffer tail). buf seq=0 count=1024
[mono_ns=7230186563987321][T0xf2fa3ffbeca0][WARN] copy_aicore_buffer: [chip_swimlane_collector.cpp:689] Core 22: skipped 1024 AICore record slot(s) with start_time=0 (race-window write or recycled-buffer tail). buf seq=0 count=1024
[mono_ns=7230186564173782][T0xf2fa549ecca0][WARN] copy_aicore_buffer: [chip_swimlane_collector.cpp:689] Core 21: skipped 1024 AICore record slot(s) with start_time=0 (race-window write or recycled-buffer tail). buf seq=0 count=1024
[mono_ns=7230186564231442][T0xf2fa3f7aeca0][WARN] copy_aicore_buffer: [chip_swimlane_collector.cpp:689] Core 70: skipped 1024 AICore record slot(s) with start_time=0 (race-window write or recycled-buffer tail). buf seq=0 count=1024
[mono_ns=7230186564292722][T0xf2fa3ffbeca0][WARN] copy_aicore_buffer: [chip_swimlane_collector.cpp:689] Core 68: skipped 1024 AICore record slot(s) with start_time=0 (race-window write or recycled-buffer tail). buf seq=0 count=1024
[mono_ns=7230186564502593][T0xf2fa549ecca0][WARN] copy_aicore_buffer: [chip_swimlane_collector.cpp:689] Core 66: skipped 1024 AICore record slot(s) with start_time=0 (race-window write or recycled-buffer tail). buf seq=0 count=1024
[mono_ns=7230186564514434][T0xf2fa3f7aeca0][WARN] copy_aicore_buffer: [chip_swimlane_collector.cpp:689] Core 71: skipped 1024 AICore record slot(s) with start_time=0 (race-window write or recycled-buffer tail). buf seq=0 count=1024
[mono_ns=7230186564591744][T0xf2fa3ffbeca0][WARN] copy_aicore_buffer: [chip_swimlane_collector.cpp:689] Core 69: skipped 1024 AICore record slot(s) with start_time=0 (race-window write or recycled-buffer tail). buf seq=0 count=1024
[mono_ns=7230186564798545][T0xf2fa549ecca0][WARN] copy_aicore_buffer: [chip_swimlane_collector.cpp:689] Core 67: skipped 1024 AICore record slot(s) with start_time=0 (race-window write or recycled-buffer tail). buf seq=0 count=1024
[mono_ns=7230186665342563][T0xf2fb9d32b020][TIMING] emit_host_span: [STRACE] v=1 pid=171886 tid=171886 inv=8 hid=e6ec8d6f21e99491 depth=1 name=chip.run.runner_run ts=7230186556996473 dur=108339560 
[mono_ns=7230186665425383][T0xf2fb9d32b020][TIMING] emit_host_span: [STRACE] v=1 pid=171886 tid=171886 inv=8 hid=e6ec8d6f21e99491 depth=1 name=chip.run.validate ts=7230186665353743 dur=68000 
[mono_ns=7230186665436603][T0xf2fb9d32b020][TIMING] emit_host_span: [STRACE] v=1 pid=171886 tid=171886 inv=8 hid=e6ec8d6f21e99491 depth=2 name=chip.run.runner_run.device_wall ts=0 dur=249380 clk=dev
[mono_ns=7230186665440783][T0xf2fb9d32b020][TIMING] emit_host_span: [STRACE] v=1 pid=171886 tid=171886 inv=8 hid=e6ec8d6f21e99491 depth=3 name=chip.run.runner_run.device_wall.preamble ts=0 dur=104640 clk=dev
[mono_ns=7230186665445563][T0xf2fb9d32b020][TIMING] emit_host_span: [STRACE] v=1 pid=171886 tid=171886 inv=8 hid=e6ec8d6f21e99491 depth=3 name=chip.run.runner_run.device_wall.graph_build ts=100160 dur=139359 clk=dev
[mono_ns=7230186665449453][T0xf2fb9d32b020][TIMING] emit_host_span: [STRACE] v=1 pid=171886 tid=171886 inv=8 hid=e6ec8d6f21e99491 depth=3 name=chip.run.runner_run.device_wall.config_validate ts=100280 dur=740 clk=dev
[mono_ns=7230186665453183][T0xf2fb9d32b020][TIMING] emit_host_span: [STRACE] v=1 pid=171886 tid=171886 inv=8 hid=e6ec8d6f21e99491 depth=3 name=chip.run.runner_run.device_wall.arena_wire ts=101060 dur=540 clk=dev
[mono_ns=7230186665456783][T0xf2fb9d32b020][TIMING] emit_host_span: [STRACE] v=1 pid=171886 tid=171886 inv=8 hid=e6ec8d6f21e99491 depth=3 name=chip.run.runner_run.device_wall.sm_reset ts=101620 dur=899 clk=dev
[mono_ns=7230186665460413][T0xf2fb9d32b020][TIMING] emit_host_span: [STRACE] v=1 pid=171886 tid=171886 inv=8 hid=e6ec8d6f21e99491 depth=3 name=chip.run.runner_run.device_wall.post_orch ts=239600 dur=9700 clk=dev
[mono_ns=7230186665464163][T0xf2fb9d32b020][TIMING] emit_host_span: [STRACE] v=1 pid=171886 tid=171886 inv=8 hid=e6ec8d6f21e99491 depth=3 name=chip.run.runner_run.device_wall.orch ts=102559 dur=4720 clk=dev
[mono_ns=7230186665510944][T0xf2fb9d32b020][TIMING] emit_host_span: [STRACE] v=1 pid=171886 tid=171886 inv=8 hid=e6ec8d6f21e99491 depth=3 name=chip.run.runner_run.device_wall.sched ts=104740 dur=110020 clk=dev
[mono_ns=7230186665515994][T0xf2fb9d32b020][TIMING] emit_host_span: [STRACE] v=1 pid=171886 tid=171886 inv=8 hid=e6ec8d6f21e99491 depth=1 name=chip.run.claim_release ts=7230186665513924 dur=250 
[mono_ns=7230186665521034][T0xf2fb9d32b020][TIMING] emit_host_span: [STRACE] v=1 pid=171886 tid=171886 inv=8 hid=e6ec8d6f21e99491 depth=0 name=chip.run ts=7230186556538551 dur=108980393 run_id=8 dispatch_id=8 slot_id=0 generation=8 run_epoch=8
[mono_ns=7230191529729554][T0xf2fb9d32b020][TIMING] emit_host_span: [STRACE] v=1 pid=171886 tid=171886 inv=9 hid=e6ec8d6f21e99491 depth=2 name=chip.run.bind.args ts=7230191529591163 dur=131411 
[mono_ns=7230191529755534][T0xf2fb9d32b020][TIMING] emit_host_span: [STRACE] v=1 pid=171886 tid=171886 inv=9 hid=e6ec8d6f21e99491 depth=2 name=chip.run.bind.prebuilt ts=7230191529747214 dur=5540 
[mono_ns=7230191529761274][T0xf2fb9d32b020][TIMING] emit_host_span: [STRACE] v=1 pid=171886 tid=171886 inv=9 hid=e6ec8d6f21e99491 depth=1 name=chip.run.bind ts=7230191529580003 dur=178721 
[mono_ns=7230191638329484][T0xf2fb9d32b020][TIMING] emit_host_span: [STRACE] v=1 pid=171886 tid=171886 inv=9 hid=e6ec8d6f21e99491 depth=1 name=chip.run.runner_run ts=7230191530061455 dur=108257539 
[mono_ns=7230191638494585][T0xf2fb9d32b020][TIMING] emit_host_span: [STRACE] v=1 pid=171886 tid=171886 inv=9 hid=e6ec8d6f21e99491 depth=1 name=chip.run.validate ts=7230191638393795 dur=95980 
[mono_ns=7230191638506785][T0xf2fb9d32b020][TIMING] emit_host_span: [STRACE] v=1 pid=171886 tid=171886 inv=9 hid=e6ec8d6f21e99491 depth=2 name=chip.run.runner_run.device_wall ts=0 dur=5816620 clk=dev
[mono_ns=7230191638511075][T0xf2fb9d32b020][TIMING] emit_host_span: [STRACE] v=1 pid=171886 tid=171886 inv=9 hid=e6ec8d6f21e99491 depth=3 name=chip.run.runner_run.device_wall.preamble ts=0 dur=6380 clk=dev
[mono_ns=7230191638515215][T0xf2fb9d32b020][TIMING] emit_host_span: [STRACE] v=1 pid=171886 tid=171886 inv=9 hid=e6ec8d6f21e99491 depth=3 name=chip.run.runner_run.device_wall.graph_build ts=1579 dur=5804420 clk=dev
[mono_ns=7230191638518325][T0xf2fb9d32b020][TIMING] emit_host_span: [STRACE] v=1 pid=171886 tid=171886 inv=9 hid=e6ec8d6f21e99491 depth=3 name=chip.run.runner_run.device_wall.config_validate ts=2020 dur=600 clk=dev
[mono_ns=7230191638521955][T0xf2fb9d32b020][TIMING] emit_host_span: [STRACE] v=1 pid=171886 tid=171886 inv=9 hid=e6ec8d6f21e99491 depth=3 name=chip.run.runner_run.device_wall.arena_wire ts=2660 dur=1280 clk=dev
[mono_ns=7230191638525595][T0xf2fb9d32b020][TIMING] emit_host_span: [STRACE] v=1 pid=171886 tid=171886 inv=9 hid=e6ec8d6f21e99491 depth=3 name=chip.run.runner_run.device_wall.sm_reset ts=4160 dur=1779 clk=dev
[mono_ns=7230191638529445][T0xf2fb9d32b020][TIMING] emit_host_span: [STRACE] v=1 pid=171886 tid=171886 inv=9 hid=e6ec8d6f21e99491 depth=3 name=chip.run.runner_run.device_wall.post_orch ts=5806060 dur=10400 clk=dev
[mono_ns=7230191638556886][T0xf2fb9d32b020][TIMING] emit_host_span: [STRACE] v=1 pid=171886 tid=171886 inv=9 hid=e6ec8d6f21e99491 depth=3 name=chip.run.runner_run.device_wall.orch ts=6640 dur=9000 clk=dev
[mono_ns=7230191638561136][T0xf2fb9d32b020][TIMING] emit_host_span: [STRACE] v=1 pid=171886 tid=171886 inv=9 hid=e6ec8d6f21e99491 depth=3 name=chip.run.runner_run.device_wall.sched ts=6660 dur=5792120 clk=dev
[mono_ns=7230191638567076][T0xf2fb9d32b020][TIMING] emit_host_span: [STRACE] v=1 pid=171886 tid=171886 inv=9 hid=e6ec8d6f21e99491 depth=1 name=chip.run.claim_release ts=7230191638564776 dur=490 
[mono_ns=7230191638572096][T0xf2fb9d32b020][TIMING] emit_host_span: [STRACE] v=1 pid=171886 tid=171886 inv=9 hid=e6ec8d6f21e99491 depth=0 name=chip.run ts=7230191529494092 dur=109075994 run_id=9 dispatch_id=9 slot_id=0 generation=9 run_epoch=9
[mono_ns=7230191710871102][T0xf2fb9d32b020][TIMING] emit_host_span: [STRACE] v=1 pid=171886 tid=171886 inv=10 hid=e6ec8d6f21e99491 depth=2 name=chip.run.bind.args ts=7230191710752552 dur=113250 
[mono_ns=7230191710888682][T0xf2fb9d32b020][TIMING] emit_host_span: [STRACE] v=1 pid=171886 tid=171886 inv=10 hid=e6ec8d6f21e99491 depth=2 name=chip.run.bind.prebuilt ts=7230191710883282 dur=2860 
[mono_ns=7230191710893652][T0xf2fb9d32b020][TIMING] emit_host_span: [STRACE] v=1 pid=171886 tid=171886 inv=10 hid=e6ec8d6f21e99491 depth=1 name=chip.run.bind ts=7230191710744072 dur=147300 
[mono_ns=7230191712513351][T0xf2fa3ffbeca0][WARN] copy_aicore_buffer: [chip_swimlane_collector.cpp:689] Core 1: skipped 1024 AICore record slot(s) with start_time=0 (race-window write or recycled-buffer tail). buf seq=0 count=1024
[mono_ns=7230191712510621][T0xf2fa549ecca0][WARN] copy_aicore_buffer: [chip_swimlane_collector.cpp:689] Core 0: skipped 1024 AICore record slot(s) with start_time=0 (race-window write or recycled-buffer tail). buf seq=0 count=1024
[mono_ns=7230191712631552][T0xf2fa3f7aeca0][WARN] copy_aicore_buffer: [chip_swimlane_collector.cpp:689] Core 2: skipped 1024 AICore record slot(s) with start_time=0 (race-window write or recycled-buffer tail). buf seq=0 count=1024
[mono_ns=7230191712811993][T0xf2fa3ffbeca0][WARN] copy_aicore_buffer: [chip_swimlane_collector.cpp:689] Core 26: skipped 1024 AICore record slot(s) with start_time=0 (race-window write or recycled-buffer tail). buf seq=0 count=1024
[mono_ns=7230191712847473][T0xf2fa549ecca0][WARN] copy_aicore_buffer: [chip_swimlane_collector.cpp:689] Core 24: skipped 1023 AICore record slot(s) with start_time=0 (race-window write or recycled-buffer tail). buf seq=0 count=1024
[mono_ns=7230191712928803][T0xf2fa3f7aeca0][WARN] copy_aicore_buffer: [chip_swimlane_collector.cpp:689] Core 28: skipped 1022 AICore record slot(s) with start_time=0 (race-window write or recycled-buffer tail). buf seq=0 count=1024
[mono_ns=7230191713110244][T0xf2fa3ffbeca0][WARN] copy_aicore_buffer: [chip_swimlane_collector.cpp:689] Core 27: skipped 1024 AICore record slot(s) with start_time=0 (race-window write or recycled-buffer tail). buf seq=0 count=1024
[mono_ns=7230191713146164][T0xf2fa549ecca0][WARN] copy_aicore_buffer: [chip_swimlane_collector.cpp:689] Core 25: skipped 1024 AICore record slot(s) with start_time=0 (race-window write or recycled-buffer tail). buf seq=0 count=1024
[mono_ns=7230191713226305][T0xf2fa3f7aeca0][WARN] copy_aicore_buffer: [chip_swimlane_collector.cpp:689] Core 29: skipped 1024 AICore record slot(s) with start_time=0 (race-window write or recycled-buffer tail). buf seq=0 count=1024
[mono_ns=7230191713395006][T0xf2fa3ffbeca0][WARN] copy_aicore_buffer: [chip_swimlane_collector.cpp:689] Core 4: skipped 1024 AICore record slot(s) with start_time=0 (race-window write or recycled-buffer tail). buf seq=0 count=1024
[mono_ns=7230191713427086][T0xf2fa549ecca0][WARN] copy_aicore_buffer: [chip_swimlane_collector.cpp:689] Core 3: skipped 1024 AICore record slot(s) with start_time=0 (race-window write or recycled-buffer tail). buf seq=0 count=1024
[mono_ns=7230191713521086][T0xf2fa3f7aeca0][WARN] copy_aicore_buffer: [chip_swimlane_collector.cpp:689] Core 5: skipped 1024 AICore record slot(s) with start_time=0 (race-window write or recycled-buffer tail). buf seq=0 count=1024
[mono_ns=7230191713678347][T0xf2fa3ffbeca0][WARN] copy_aicore_buffer: [chip_swimlane_collector.cpp:689] Core 32: skipped 1024 AICore record slot(s) with start_time=0 (race-window write or recycled-buffer tail). buf seq=0 count=1024
[mono_ns=7230191713709487][T0xf2fa549ecca0][WARN] copy_aicore_buffer: [chip_swimlane_collector.cpp:689] Core 30: skipped 1024 AICore record slot(s) with start_time=0 (race-window write or recycled-buffer tail). buf seq=0 count=1024
[mono_ns=7230191713804198][T0xf2fa3f7aeca0][WARN] copy_aicore_buffer: [chip_swimlane_collector.cpp:689] Core 34: skipped 1024 AICore record slot(s) with start_time=0 (race-window write or recycled-buffer tail). buf seq=0 count=1024
[mono_ns=7230191713961739][T0xf2fa3ffbeca0][WARN] copy_aicore_buffer: [chip_swimlane_collector.cpp:689] Core 33: skipped 1024 AICore record slot(s) with start_time=0 (race-window write or recycled-buffer tail). buf seq=0 count=1024
[mono_ns=7230191713993209][T0xf2fa549ecca0][WARN] copy_aicore_buffer: [chip_swimlane_collector.cpp:689] Core 31: skipped 1024 AICore record slot(s) with start_time=0 (race-window write or recycled-buffer tail). buf seq=0 count=1024
[mono_ns=7230191714099990][T0xf2fa3f7aeca0][WARN] copy_aicore_buffer: [chip_swimlane_collector.cpp:689] Core 35: skipped 1024 AICore record slot(s) with start_time=0 (race-window write or recycled-buffer tail). buf seq=0 count=1024
[mono_ns=7230191714287931][T0xf2fa549ecca0][WARN] copy_aicore_buffer: [chip_swimlane_collector.cpp:689] Core 6: skipped 1024 AICore record slot(s) with start_time=0 (race-window write or recycled-buffer tail). buf seq=0 count=1024
[mono_ns=7230191714289391][T0xf2fa3ffbeca0][WARN] copy_aicore_buffer: [chip_swimlane_collector.cpp:689] Core 7: skipped 1023 AICore record slot(s) with start_time=0 (race-window write or recycled-buffer tail). buf seq=0 count=1024
[mono_ns=7230191714382101][T0xf2fa3f7aeca0][WARN] copy_aicore_buffer: [chip_swimlane_collector.cpp:689] Core 8: skipped 1024 AICore record slot(s) with start_time=0 (race-window write or recycled-buffer tail). buf seq=0 count=1024
[mono_ns=7230191714570652][T0xf2fa549ecca0][WARN] copy_aicore_buffer: [chip_swimlane_collector.cpp:689] Core 36: skipped 1024 AICore record slot(s) with start_time=0 (race-window write or recycled-buffer tail). buf seq=0 count=1024
[mono_ns=7230191714571632][T0xf2fa3ffbeca0][WARN] copy_aicore_buffer: [chip_swimlane_collector.cpp:689] Core 38: skipped 1024 AICore record slot(s) with start_time=0 (race-window write or recycled-buffer tail). buf seq=0 count=1024
[mono_ns=7230191714667243][T0xf2fa3f7aeca0][WARN] copy_aicore_buffer: [chip_swimlane_collector.cpp:689] Core 40: skipped 1024 AICore record slot(s) with start_time=0 (race-window write or recycled-buffer tail). buf seq=0 count=1024
[mono_ns=7230191714852004][T0xf2fa3ffbeca0][WARN] copy_aicore_buffer: [chip_swimlane_collector.cpp:689] Core 39: skipped 1024 AICore record slot(s) with start_time=0 (race-window write or recycled-buffer tail). buf seq=0 count=1024
[mono_ns=7230191714852754][T0xf2fa549ecca0][WARN] copy_aicore_buffer: [chip_swimlane_collector.cpp:689] Core 37: skipped 1024 AICore record slot(s) with start_time=0 (race-window write or recycled-buffer tail). buf seq=0 count=1024
[mono_ns=7230191714991694][T0xf2fa3f7aeca0][WARN] copy_aicore_buffer: [chip_swimlane_collector.cpp:689] Core 41: skipped 1023 AICore record slot(s) with start_time=0 (race-window write or recycled-buffer tail). buf seq=0 count=1024
[mono_ns=7230191715142045][T0xf2fa3ffbeca0][WARN] copy_aicore_buffer: [chip_swimlane_collector.cpp:689] Core 10: skipped 1024 AICore record slot(s) with start_time=0 (race-window write or recycled-buffer tail). buf seq=0 count=1024
[mono_ns=7230191715143365][T0xf2fa549ecca0][WARN] copy_aicore_buffer: [chip_swimlane_collector.cpp:689] Core 9: skipped 1024 AICore record slot(s) with start_time=0 (race-window write or recycled-buffer tail). buf seq=0 count=1024
[mono_ns=7230191715282626][T0xf2fa3f7aeca0][WARN] copy_aicore_buffer: [chip_swimlane_collector.cpp:689] Core 11: skipped 1024 AICore record slot(s) with start_time=0 (race-window write or recycled-buffer tail). buf seq=0 count=1024
[mono_ns=7230191715424077][T0xf2fa549ecca0][WARN] copy_aicore_buffer: [chip_swimlane_collector.cpp:689] Core 42: skipped 1024 AICore record slot(s) with start_time=0 (race-window write or recycled-buffer tail). buf seq=0 count=1024
[mono_ns=7230191715425607][T0xf2fa3ffbeca0][WARN] copy_aicore_buffer: [chip_swimlane_collector.cpp:689] Core 44: skipped 1024 AICore record slot(s) with start_time=0 (race-window write or recycled-buffer tail). buf seq=0 count=1024
[mono_ns=7230191715565487][T0xf2fa3f7aeca0][WARN] copy_aicore_buffer: [chip_swimlane_collector.cpp:689] Core 46: skipped 1024 AICore record slot(s) with start_time=0 (race-window write or recycled-buffer tail). buf seq=0 count=1024
[mono_ns=7230191715706948][T0xf2fa549ecca0][WARN] copy_aicore_buffer: [chip_swimlane_collector.cpp:689] Core 43: skipped 1024 AICore record slot(s) with start_time=0 (race-window write or recycled-buffer tail). buf seq=0 count=1024
[mono_ns=7230191715738538][T0xf2fa3ffbeca0][WARN] copy_aicore_buffer: [chip_swimlane_collector.cpp:689] Core 45: skipped 1024 AICore record slot(s) with start_time=0 (race-window write or recycled-buffer tail). buf seq=0 count=1024
[mono_ns=7230191715847599][T0xf2fa3f7aeca0][WARN] copy_aicore_buffer: [chip_swimlane_collector.cpp:689] Core 47: skipped 1024 AICore record slot(s) with start_time=0 (race-window write or recycled-buffer tail). buf seq=0 count=1024
[mono_ns=7230191715989480][T0xf2fa549ecca0][WARN] copy_aicore_buffer: [chip_swimlane_collector.cpp:689] Core 12: skipped 1024 AICore record slot(s) with start_time=0 (race-window write or recycled-buffer tail). buf seq=0 count=1024
[mono_ns=7230191716033870][T0xf2fa3ffbeca0][WARN] copy_aicore_buffer: [chip_swimlane_collector.cpp:689] Core 13: skipped 1024 AICore record slot(s) with start_time=0 (race-window write or recycled-buffer tail). buf seq=0 count=1024
[mono_ns=7230191716142660][T0xf2fa3f7aeca0][WARN] copy_aicore_buffer: [chip_swimlane_collector.cpp:689] Core 14: skipped 1024 AICore record slot(s) with start_time=0 (race-window write or recycled-buffer tail). buf seq=0 count=1024
[mono_ns=7230191716285301][T0xf2fa549ecca0][WARN] copy_aicore_buffer: [chip_swimlane_collector.cpp:689] Core 48: skipped 1024 AICore record slot(s) with start_time=0 (race-window write or recycled-buffer tail). buf seq=0 count=1024
[mono_ns=7230191716316261][T0xf2fa3ffbeca0][WARN] copy_aicore_buffer: [chip_swimlane_collector.cpp:689] Core 50: skipped 1024 AICore record slot(s) with start_time=0 (race-window write or recycled-buffer tail). buf seq=0 count=1024
[mono_ns=7230191716423872][T0xf2fa3f7aeca0][WARN] copy_aicore_buffer: [chip_swimlane_collector.cpp:689] Core 52: skipped 1024 AICore record slot(s) with start_time=0 (race-window write or recycled-buffer tail). buf seq=0 count=1024
[mono_ns=7230191716576993][T0xf2fa549ecca0][WARN] copy_aicore_buffer: [chip_swimlane_collector.cpp:689] Core 49: skipped 1024 AICore record slot(s) with start_time=0 (race-window write or recycled-buffer tail). buf seq=0 count=1024
[mono_ns=7230191716599363][T0xf2fa3ffbeca0][WARN] copy_aicore_buffer: [chip_swimlane_collector.cpp:689] Core 51: skipped 1024 AICore record slot(s) with start_time=0 (race-window write or recycled-buffer tail). buf seq=0 count=1024
[mono_ns=7230191716705503][T0xf2fa3f7aeca0][WARN] copy_aicore_buffer: [chip_swimlane_collector.cpp:689] Core 53: skipped 1024 AICore record slot(s) with start_time=0 (race-window write or recycled-buffer tail). buf seq=0 count=1024
[mono_ns=7230191716860234][T0xf2fa549ecca0][WARN] copy_aicore_buffer: [chip_swimlane_collector.cpp:689] Core 15: skipped 1024 AICore record slot(s) with start_time=0 (race-window write or recycled-buffer tail). buf seq=0 count=1024
[mono_ns=7230191716882744][T0xf2fa3ffbeca0][WARN] copy_aicore_buffer: [chip_swimlane_collector.cpp:689] Core 16: skipped 1024 AICore record slot(s) with start_time=0 (race-window write or recycled-buffer tail). buf seq=0 count=1024
[mono_ns=7230191716986305][T0xf2fa3f7aeca0][WARN] copy_aicore_buffer: [chip_swimlane_collector.cpp:689] Core 17: skipped 1024 AICore record slot(s) with start_time=0 (race-window write or recycled-buffer tail). buf seq=0 count=1024
[mono_ns=7230191717149516][T0xf2fa549ecca0][WARN] copy_aicore_buffer: [chip_swimlane_collector.cpp:689] Core 54: skipped 1024 AICore record slot(s) with start_time=0 (race-window write or recycled-buffer tail). buf seq=0 count=1024
[mono_ns=7230191717196516][T0xf2fa3ffbeca0][WARN] copy_aicore_buffer: [chip_swimlane_collector.cpp:689] Core 56: skipped 1024 AICore record slot(s) with start_time=0 (race-window write or recycled-buffer tail). buf seq=0 count=1024
[mono_ns=7230191717276836][T0xf2fa3f7aeca0][WARN] copy_aicore_buffer: [chip_swimlane_collector.cpp:689] Core 58: skipped 1024 AICore record slot(s) with start_time=0 (race-window write or recycled-buffer tail). buf seq=0 count=1024
[mono_ns=7230191717431127][T0xf2fa549ecca0][WARN] copy_aicore_buffer: [chip_swimlane_collector.cpp:689] Core 55: skipped 1024 AICore record slot(s) with start_time=0 (race-window write or recycled-buffer tail). buf seq=0 count=1024
[mono_ns=7230191717543088][T0xf2fa3ffbeca0][WARN] copy_aicore_buffer: [chip_swimlane_collector.cpp:689] Core 57: skipped 1024 AICore record slot(s) with start_time=0 (race-window write or recycled-buffer tail). buf seq=0 count=1024
[mono_ns=7230191717556928][T0xf2fa3f7aeca0][WARN] copy_aicore_buffer: [chip_swimlane_collector.cpp:689] Core 59: skipped 1024 AICore record slot(s) with start_time=0 (race-window write or recycled-buffer tail). buf seq=0 count=1024
[mono_ns=7230191717713599][T0xf2fa549ecca0][WARN] copy_aicore_buffer: [chip_swimlane_collector.cpp:689] Core 18: skipped 1024 AICore record slot(s) with start_time=0 (race-window write or recycled-buffer tail). buf seq=0 count=1024
[mono_ns=7230191717841920][T0xf2fa3f7aeca0][WARN] copy_aicore_buffer: [chip_swimlane_collector.cpp:689] Core 20: skipped 1024 AICore record slot(s) with start_time=0 (race-window write or recycled-buffer tail). buf seq=0 count=1024
[mono_ns=7230191717885580][T0xf2fa3ffbeca0][WARN] copy_aicore_buffer: [chip_swimlane_collector.cpp:689] Core 19: skipped 1024 AICore record slot(s) with start_time=0 (race-window write or recycled-buffer tail). buf seq=0 count=1024
[mono_ns=7230191718041441][T0xf2fa549ecca0][WARN] copy_aicore_buffer: [chip_swimlane_collector.cpp:689] Core 60: skipped 1023 AICore record slot(s) with start_time=0 (race-window write or recycled-buffer tail). buf seq=0 count=1024
[mono_ns=7230191718133041][T0xf2fa3f7aeca0][WARN] copy_aicore_buffer: [chip_swimlane_collector.cpp:689] Core 64: skipped 1024 AICore record slot(s) with start_time=0 (race-window write or recycled-buffer tail). buf seq=0 count=1024
[mono_ns=7230191718226062][T0xf2fa3ffbeca0][WARN] copy_aicore_buffer: [chip_swimlane_collector.cpp:689] Core 62: skipped 1024 AICore record slot(s) with start_time=0 (race-window write or recycled-buffer tail). buf seq=0 count=1024
[mono_ns=7230191718324052][T0xf2fa549ecca0][WARN] copy_aicore_buffer: [chip_swimlane_collector.cpp:689] Core 61: skipped 1024 AICore record slot(s) with start_time=0 (race-window write or recycled-buffer tail). buf seq=0 count=1024
[mono_ns=7230191718414833][T0xf2fa3f7aeca0][WARN] copy_aicore_buffer: [chip_swimlane_collector.cpp:689] Core 65: skipped 1024 AICore record slot(s) with start_time=0 (race-window write or recycled-buffer tail). buf seq=0 count=1024
[mono_ns=7230191718549533][T0xf2fa3ffbeca0][WARN] copy_aicore_buffer: [chip_swimlane_collector.cpp:689] Core 63: skipped 1024 AICore record slot(s) with start_time=0 (race-window write or recycled-buffer tail). buf seq=0 count=1024
[mono_ns=7230191718607434][T0xf2fa549ecca0][WARN] copy_aicore_buffer: [chip_swimlane_collector.cpp:689] Core 21: skipped 1024 AICore record slot(s) with start_time=0 (race-window write or recycled-buffer tail). buf seq=0 count=1024
[mono_ns=7230191718695604][T0xf2fa3f7aeca0][WARN] copy_aicore_buffer: [chip_swimlane_collector.cpp:689] Core 23: skipped 1024 AICore record slot(s) with start_time=0 (race-window write or recycled-buffer tail). buf seq=0 count=1024
[mono_ns=7230191718888555][T0xf2fa549ecca0][WARN] copy_aicore_buffer: [chip_swimlane_collector.cpp:689] Core 66: skipped 1024 AICore record slot(s) with start_time=0 (race-window write or recycled-buffer tail). buf seq=0 count=1024
[mono_ns=7230191718890785][T0xf2fa3ffbeca0][WARN] copy_aicore_buffer: [chip_swimlane_collector.cpp:689] Core 22: skipped 1024 AICore record slot(s) with start_time=0 (race-window write or recycled-buffer tail). buf seq=0 count=1024
[mono_ns=7230191718976266][T0xf2fa3f7aeca0][WARN] copy_aicore_buffer: [chip_swimlane_collector.cpp:689] Core 70: skipped 1024 AICore record slot(s) with start_time=0 (race-window write or recycled-buffer tail). buf seq=0 count=1024
[mono_ns=7230191719179797][T0xf2fa549ecca0][WARN] copy_aicore_buffer: [chip_swimlane_collector.cpp:689] Core 67: skipped 1024 AICore record slot(s) with start_time=0 (race-window write or recycled-buffer tail). buf seq=0 count=1024
[mono_ns=7230191719252067][T0xf2fa3ffbeca0][WARN] copy_aicore_buffer: [chip_swimlane_collector.cpp:689] Core 68: skipped 1024 AICore record slot(s) with start_time=0 (race-window write or recycled-buffer tail). buf seq=0 count=1024
[mono_ns=7230191719264947][T0xf2fa3f7aeca0][WARN] copy_aicore_buffer: [chip_swimlane_collector.cpp:689] Core 71: skipped 1024 AICore record slot(s) with start_time=0 (race-window write or recycled-buffer tail). buf seq=0 count=1024
[mono_ns=7230191719587279][T0xf2fa3ffbeca0][WARN] copy_aicore_buffer: [chip_swimlane_collector.cpp:689] Core 69: skipped 1024 AICore record slot(s) with start_time=0 (race-window write or recycled-buffer tail). buf seq=0 count=1024
[mono_ns=7230191820058946][T0xf2fb9d32b020][TIMING] emit_host_span: [STRACE] v=1 pid=171886 tid=171886 inv=10 hid=e6ec8d6f21e99491 depth=1 name=chip.run.runner_run ts=7230191711235404 dur=108816832 
[mono_ns=7230191820140047][T0xf2fb9d32b020][TIMING] emit_host_span: [STRACE] v=1 pid=171886 tid=171886 inv=10 hid=e6ec8d6f21e99491 depth=1 name=chip.run.validate ts=7230191820071206 dur=64971 
[mono_ns=7230191820151907][T0xf2fb9d32b020][TIMING] emit_host_span: [STRACE] v=1 pid=171886 tid=171886 inv=10 hid=e6ec8d6f21e99491 depth=2 name=chip.run.runner_run.device_wall ts=0 dur=819819 clk=dev
[mono_ns=7230191820156007][T0xf2fb9d32b020][TIMING] emit_host_span: [STRACE] v=1 pid=171886 tid=171886 inv=10 hid=e6ec8d6f21e99491 depth=3 name=chip.run.runner_run.device_wall.preamble ts=0 dur=686680 clk=dev
[mono_ns=7230191820159907][T0xf2fb9d32b020][TIMING] emit_host_span: [STRACE] v=1 pid=171886 tid=171886 inv=10 hid=e6ec8d6f21e99491 depth=3 name=chip.run.runner_run.device_wall.graph_build ts=681600 dur=127940 clk=dev
[mono_ns=7230191820163067][T0xf2fb9d32b020][TIMING] emit_host_span: [STRACE] v=1 pid=171886 tid=171886 inv=10 hid=e6ec8d6f21e99491 depth=3 name=chip.run.runner_run.device_wall.config_validate ts=681720 dur=780 clk=dev
[mono_ns=7230191820166847][T0xf2fb9d32b020][TIMING] emit_host_span: [STRACE] v=1 pid=171886 tid=171886 inv=10 hid=e6ec8d6f21e99491 depth=3 name=chip.run.runner_run.device_wall.arena_wire ts=682540 dur=280 clk=dev
[mono_ns=7230191820211967][T0xf2fb9d32b020][TIMING] emit_host_span: [STRACE] v=1 pid=171886 tid=171886 inv=10 hid=e6ec8d6f21e99491 depth=3 name=chip.run.runner_run.device_wall.sm_reset ts=682860 dur=780 clk=dev
[mono_ns=7230191820215277][T0xf2fb9d32b020][TIMING] emit_host_span: [STRACE] v=1 pid=171886 tid=171886 inv=10 hid=e6ec8d6f21e99491 depth=3 name=chip.run.runner_run.device_wall.post_orch ts=809560 dur=10160 clk=dev
[mono_ns=7230191820218247][T0xf2fb9d32b020][TIMING] emit_host_span: [STRACE] v=1 pid=171886 tid=171886 inv=10 hid=e6ec8d6f21e99491 depth=3 name=chip.run.runner_run.device_wall.orch ts=683699 dur=3540 clk=dev
[mono_ns=7230191820221187][T0xf2fb9d32b020][TIMING] emit_host_span: [STRACE] v=1 pid=171886 tid=171886 inv=10 hid=e6ec8d6f21e99491 depth=3 name=chip.run.runner_run.device_wall.sched ts=686860 dur=105440 clk=dev
[mono_ns=7230191820226237][T0xf2fb9d32b020][TIMING] emit_host_span: [STRACE] v=1 pid=171886 tid=171886 inv=10 hid=e6ec8d6f21e99491 depth=1 name=chip.run.claim_release ts=7230191820223557 dur=310 
[mono_ns=7230191820230897][T0xf2fb9d32b020][TIMING] emit_host_span: [STRACE] v=1 pid=171886 tid=171886 inv=10 hid=e6ec8d6f21e99491 depth=0 name=chip.run ts=7230191710713351 dur=109515446 run_id=10 dispatch_id=10 slot_id=0 generation=10 run_epoch=10
[mono_ns=7230196677939286][T0xf2fb9d32b020][TIMING] emit_host_span: [STRACE] v=1 pid=171886 tid=171886 inv=11 hid=e6ec8d6f21e99491 depth=2 name=chip.run.bind.args ts=7230196677804916 dur=126930 
[mono_ns=7230196678031137][T0xf2fb9d32b020][TIMING] emit_host_span: [STRACE] v=1 pid=171886 tid=171886 inv=11 hid=e6ec8d6f21e99491 depth=2 name=chip.run.bind.prebuilt ts=7230196678022377 dur=5270 
[mono_ns=7230196678036187][T0xf2fb9d32b020][TIMING] emit_host_span: [STRACE] v=1 pid=171886 tid=171886 inv=11 hid=e6ec8d6f21e99491 depth=1 name=chip.run.bind ts=7230196677794685 dur=239162 
[mono_ns=7230196786367196][T0xf2fb9d32b020][TIMING] emit_host_span: [STRACE] v=1 pid=171886 tid=171886 inv=11 hid=e6ec8d6f21e99491 depth=1 name=chip.run.runner_run ts=7230196678311828 dur=108043968 
[mono_ns=7230196786480047][T0xf2fb9d32b020][TIMING] emit_host_span: [STRACE] v=1 pid=171886 tid=171886 inv=11 hid=e6ec8d6f21e99491 depth=1 name=chip.run.validate ts=7230196786385226 dur=90771 
[mono_ns=7230196786491547][T0xf2fb9d32b020][TIMING] emit_host_span: [STRACE] v=1 pid=171886 tid=171886 inv=11 hid=e6ec8d6f21e99491 depth=2 name=chip.run.runner_run.device_wall ts=0 dur=5198960 clk=dev
[mono_ns=7230196786495767][T0xf2fb9d32b020][TIMING] emit_host_span: [STRACE] v=1 pid=171886 tid=171886 inv=11 hid=e6ec8d6f21e99491 depth=3 name=chip.run.runner_run.device_wall.preamble ts=0 dur=6160 clk=dev
[mono_ns=7230196786500897][T0xf2fb9d32b020][TIMING] emit_host_span: [STRACE] v=1 pid=171886 tid=171886 inv=11 hid=e6ec8d6f21e99491 depth=3 name=chip.run.runner_run.device_wall.graph_build ts=1359 dur=5186980 clk=dev
[mono_ns=7230196786504177][T0xf2fb9d32b020][TIMING] emit_host_span: [STRACE] v=1 pid=171886 tid=171886 inv=11 hid=e6ec8d6f21e99491 depth=3 name=chip.run.runner_run.device_wall.config_validate ts=1680 dur=820 clk=dev
[mono_ns=7230196786567697][T0xf2fb9d32b020][TIMING] emit_host_span: [STRACE] v=1 pid=171886 tid=171886 inv=11 hid=e6ec8d6f21e99491 depth=3 name=chip.run.runner_run.device_wall.arena_wire ts=2520 dur=1220 clk=dev
[mono_ns=7230196786571277][T0xf2fb9d32b020][TIMING] emit_host_span: [STRACE] v=1 pid=171886 tid=171886 inv=11 hid=e6ec8d6f21e99491 depth=3 name=chip.run.runner_run.device_wall.sm_reset ts=3760 dur=2340 clk=dev
[mono_ns=7230196786574897][T0xf2fb9d32b020][TIMING] emit_host_span: [STRACE] v=1 pid=171886 tid=171886 inv=11 hid=e6ec8d6f21e99491 depth=3 name=chip.run.runner_run.device_wall.post_orch ts=5188400 dur=10360 clk=dev
[mono_ns=7230196786578267][T0xf2fb9d32b020][TIMING] emit_host_span: [STRACE] v=1 pid=171886 tid=171886 inv=11 hid=e6ec8d6f21e99491 depth=3 name=chip.run.runner_run.device_wall.orch ts=6800 dur=10320 clk=dev
[mono_ns=7230196786581747][T0xf2fb9d32b020][TIMING] emit_host_span: [STRACE] v=1 pid=171886 tid=171886 inv=11 hid=e6ec8d6f21e99491 depth=3 name=chip.run.runner_run.device_wall.sched ts=6620 dur=5173980 clk=dev
[mono_ns=7230196786586967][T0xf2fb9d32b020][TIMING] emit_host_span: [STRACE] v=1 pid=171886 tid=171886 inv=11 hid=e6ec8d6f21e99491 depth=1 name=chip.run.claim_release ts=7230196786584437 dur=570 
[mono_ns=7230196786592867][T0xf2fb9d32b020][TIMING] emit_host_span: [STRACE] v=1 pid=171886 tid=171886 inv=11 hid=e6ec8d6f21e99491 depth=0 name=chip.run ts=7230196677714535 dur=108875612 run_id=11 dispatch_id=11 slot_id=0 generation=11 run_epoch=11
[mono_ns=7230196842215465][T0xf2fb9d32b020][TIMING] emit_host_span: [STRACE] v=1 pid=171886 tid=171886 inv=12 hid=e6ec8d6f21e99491 depth=2 name=chip.run.bind.args ts=7230196842099574 dur=110251 
[mono_ns=7230196842241045][T0xf2fb9d32b020][TIMING] emit_host_span: [STRACE] v=1 pid=171886 tid=171886 inv=12 hid=e6ec8d6f21e99491 depth=2 name=chip.run.bind.prebuilt ts=7230196842234485 dur=2580 
[mono_ns=7230196842245635][T0xf2fb9d32b020][TIMING] emit_host_span: [STRACE] v=1 pid=171886 tid=171886 inv=12 hid=e6ec8d6f21e99491 depth=1 name=chip.run.bind ts=7230196842091504 dur=151981 
[mono_ns=7230196843850894][T0xf2fa3f7aeca0][WARN] copy_aicore_buffer: [chip_swimlane_collector.cpp:689] Core 2: skipped 1024 AICore record slot(s) with start_time=0 (race-window write or recycled-buffer tail). buf seq=0 count=1024
[mono_ns=7230196843867374][T0xf2fa3ffbeca0][WARN] copy_aicore_buffer: [chip_swimlane_collector.cpp:689] Core 1: skipped 1024 AICore record slot(s) with start_time=0 (race-window write or recycled-buffer tail). buf seq=0 count=1024
[mono_ns=7230196843966914][T0xf2fa549ecca0][WARN] copy_aicore_buffer: [chip_swimlane_collector.cpp:689] Core 0: skipped 1024 AICore record slot(s) with start_time=0 (race-window write or recycled-buffer tail). buf seq=0 count=1024
[mono_ns=7230196844162205][T0xf2fa3f7aeca0][WARN] copy_aicore_buffer: [chip_swimlane_collector.cpp:689] Core 28: skipped 1023 AICore record slot(s) with start_time=0 (race-window write or recycled-buffer tail). buf seq=0 count=1024
[mono_ns=7230196844208536][T0xf2fa3ffbeca0][WARN] copy_aicore_buffer: [chip_swimlane_collector.cpp:689] Core 26: skipped 1022 AICore record slot(s) with start_time=0 (race-window write or recycled-buffer tail). buf seq=0 count=1024
[mono_ns=7230196844324836][T0xf2fa549ecca0][WARN] copy_aicore_buffer: [chip_swimlane_collector.cpp:689] Core 24: skipped 1024 AICore record slot(s) with start_time=0 (race-window write or recycled-buffer tail). buf seq=0 count=1024
[mono_ns=7230196844445887][T0xf2fa3f7aeca0][WARN] copy_aicore_buffer: [chip_swimlane_collector.cpp:689] Core 29: skipped 1024 AICore record slot(s) with start_time=0 (race-window write or recycled-buffer tail). buf seq=0 count=1024
[mono_ns=7230196844541417][T0xf2fa3ffbeca0][WARN] copy_aicore_buffer: [chip_swimlane_collector.cpp:689] Core 27: skipped 1024 AICore record slot(s) with start_time=0 (race-window write or recycled-buffer tail). buf seq=0 count=1024
[mono_ns=7230196844659828][T0xf2fa549ecca0][WARN] copy_aicore_buffer: [chip_swimlane_collector.cpp:689] Core 25: skipped 1024 AICore record slot(s) with start_time=0 (race-window write or recycled-buffer tail). buf seq=0 count=1024
[mono_ns=7230196844728558][T0xf2fa3f7aeca0][WARN] copy_aicore_buffer: [chip_swimlane_collector.cpp:689] Core 5: skipped 1024 AICore record slot(s) with start_time=0 (race-window write or recycled-buffer tail). buf seq=0 count=1024
[mono_ns=7230196844864749][T0xf2fa3ffbeca0][WARN] copy_aicore_buffer: [chip_swimlane_collector.cpp:689] Core 4: skipped 1024 AICore record slot(s) with start_time=0 (race-window write or recycled-buffer tail). buf seq=0 count=1024
[mono_ns=7230196844977550][T0xf2fa549ecca0][WARN] copy_aicore_buffer: [chip_swimlane_collector.cpp:689] Core 3: skipped 1024 AICore record slot(s) with start_time=0 (race-window write or recycled-buffer tail). buf seq=0 count=1024
[mono_ns=7230196845016290][T0xf2fa3f7aeca0][WARN] copy_aicore_buffer: [chip_swimlane_collector.cpp:689] Core 34: skipped 1024 AICore record slot(s) with start_time=0 (race-window write or recycled-buffer tail). buf seq=0 count=1024
[mono_ns=7230196845196891][T0xf2fa3ffbeca0][WARN] copy_aicore_buffer: [chip_swimlane_collector.cpp:689] Core 32: skipped 1024 AICore record slot(s) with start_time=0 (race-window write or recycled-buffer tail). buf seq=0 count=1024
[mono_ns=7230196845321851][T0xf2fa549ecca0][WARN] copy_aicore_buffer: [chip_swimlane_collector.cpp:689] Core 30: skipped 1024 AICore record slot(s) with start_time=0 (race-window write or recycled-buffer tail). buf seq=0 count=1024
[mono_ns=7230196845338072][T0xf2fa3f7aeca0][WARN] copy_aicore_buffer: [chip_swimlane_collector.cpp:689] Core 35: skipped 1024 AICore record slot(s) with start_time=0 (race-window write or recycled-buffer tail). buf seq=0 count=1024
[mono_ns=7230196845520023][T0xf2fa3ffbeca0][WARN] copy_aicore_buffer: [chip_swimlane_collector.cpp:689] Core 33: skipped 1024 AICore record slot(s) with start_time=0 (race-window write or recycled-buffer tail). buf seq=0 count=1024
[mono_ns=7230196845610733][T0xf2fa549ecca0][WARN] copy_aicore_buffer: [chip_swimlane_collector.cpp:689] Core 31: skipped 1024 AICore record slot(s) with start_time=0 (race-window write or recycled-buffer tail). buf seq=0 count=1024
[mono_ns=7230196845619233][T0xf2fa3f7aeca0][WARN] copy_aicore_buffer: [chip_swimlane_collector.cpp:689] Core 8: skipped 1024 AICore record slot(s) with start_time=0 (race-window write or recycled-buffer tail). buf seq=0 count=1024
[mono_ns=7230196845841724][T0xf2fa3ffbeca0][WARN] copy_aicore_buffer: [chip_swimlane_collector.cpp:689] Core 7: skipped 1024 AICore record slot(s) with start_time=0 (race-window write or recycled-buffer tail). buf seq=0 count=1024
[mono_ns=7230196845899755][T0xf2fa3f7aeca0][WARN] copy_aicore_buffer: [chip_swimlane_collector.cpp:689] Core 40: skipped 1024 AICore record slot(s) with start_time=0 (race-window write or recycled-buffer tail). buf seq=0 count=1024
[mono_ns=7230196845895185][T0xf2fa549ecca0][WARN] copy_aicore_buffer: [chip_swimlane_collector.cpp:689] Core 6: skipped 1024 AICore record slot(s) with start_time=0 (race-window write or recycled-buffer tail). buf seq=0 count=1024
[mono_ns=7230196846169926][T0xf2fa3ffbeca0][WARN] copy_aicore_buffer: [chip_swimlane_collector.cpp:689] Core 38: skipped 1024 AICore record slot(s) with start_time=0 (race-window write or recycled-buffer tail). buf seq=0 count=1024
[mono_ns=7230196846199126][T0xf2fa3f7aeca0][WARN] copy_aicore_buffer: [chip_swimlane_collector.cpp:689] Core 41: skipped 1024 AICore record slot(s) with start_time=0 (race-window write or recycled-buffer tail). buf seq=0 count=1024
[mono_ns=7230196846226886][T0xf2fa549ecca0][WARN] copy_aicore_buffer: [chip_swimlane_collector.cpp:689] Core 36: skipped 1024 AICore record slot(s) with start_time=0 (race-window write or recycled-buffer tail). buf seq=0 count=1024
[mono_ns=7230196846481628][T0xf2fa3f7aeca0][WARN] copy_aicore_buffer: [chip_swimlane_collector.cpp:689] Core 11: skipped 1024 AICore record slot(s) with start_time=0 (race-window write or recycled-buffer tail). buf seq=0 count=1024
[mono_ns=7230196846492398][T0xf2fa3ffbeca0][WARN] copy_aicore_buffer: [chip_swimlane_collector.cpp:689] Core 39: skipped 1024 AICore record slot(s) with start_time=0 (race-window write or recycled-buffer tail). buf seq=0 count=1024
[mono_ns=7230196846509288][T0xf2fa549ecca0][WARN] copy_aicore_buffer: [chip_swimlane_collector.cpp:689] Core 37: skipped 1024 AICore record slot(s) with start_time=0 (race-window write or recycled-buffer tail). buf seq=0 count=1024
[mono_ns=7230196846764769][T0xf2fa3f7aeca0][WARN] copy_aicore_buffer: [chip_swimlane_collector.cpp:689] Core 46: skipped 1024 AICore record slot(s) with start_time=0 (race-window write or recycled-buffer tail). buf seq=0 count=1024
[mono_ns=7230196846790139][T0xf2fa549ecca0][WARN] copy_aicore_buffer: [chip_swimlane_collector.cpp:689] Core 9: skipped 1024 AICore record slot(s) with start_time=0 (race-window write or recycled-buffer tail). buf seq=0 count=1024
[mono_ns=7230196846809299][T0xf2fa3ffbeca0][WARN] copy_aicore_buffer: [chip_swimlane_collector.cpp:689] Core 10: skipped 1024 AICore record slot(s) with start_time=0 (race-window write or recycled-buffer tail). buf seq=0 count=1024
[mono_ns=7230196847067301][T0xf2fa3f7aeca0][WARN] copy_aicore_buffer: [chip_swimlane_collector.cpp:689] Core 47: skipped 1024 AICore record slot(s) with start_time=0 (race-window write or recycled-buffer tail). buf seq=0 count=1024
[mono_ns=7230196847076731][T0xf2fa549ecca0][WARN] copy_aicore_buffer: [chip_swimlane_collector.cpp:689] Core 42: skipped 1024 AICore record slot(s) with start_time=0 (race-window write or recycled-buffer tail). buf seq=0 count=1024
[mono_ns=7230196847146361][T0xf2fa3ffbeca0][WARN] copy_aicore_buffer: [chip_swimlane_collector.cpp:689] Core 44: skipped 1024 AICore record slot(s) with start_time=0 (race-window write or recycled-buffer tail). buf seq=0 count=1024
[mono_ns=7230196847350052][T0xf2fa3f7aeca0][WARN] copy_aicore_buffer: [chip_swimlane_collector.cpp:689] Core 14: skipped 1024 AICore record slot(s) with start_time=0 (race-window write or recycled-buffer tail). buf seq=0 count=1024
[mono_ns=7230196847357792][T0xf2fa549ecca0][WARN] copy_aicore_buffer: [chip_swimlane_collector.cpp:689] Core 43: skipped 1024 AICore record slot(s) with start_time=0 (race-window write or recycled-buffer tail). buf seq=0 count=1024
[mono_ns=7230196847468333][T0xf2fa3ffbeca0][WARN] copy_aicore_buffer: [chip_swimlane_collector.cpp:689] Core 45: skipped 1024 AICore record slot(s) with start_time=0 (race-window write or recycled-buffer tail). buf seq=0 count=1024
[mono_ns=7230196847633364][T0xf2fa3f7aeca0][WARN] copy_aicore_buffer: [chip_swimlane_collector.cpp:689] Core 52: skipped 1024 AICore record slot(s) with start_time=0 (race-window write or recycled-buffer tail). buf seq=0 count=1024
[mono_ns=7230196847638264][T0xf2fa549ecca0][WARN] copy_aicore_buffer: [chip_swimlane_collector.cpp:689] Core 12: skipped 1024 AICore record slot(s) with start_time=0 (race-window write or recycled-buffer tail). buf seq=0 count=1024
[mono_ns=7230196847804235][T0xf2fa3ffbeca0][WARN] copy_aicore_buffer: [chip_swimlane_collector.cpp:689] Core 13: skipped 1024 AICore record slot(s) with start_time=0 (race-window write or recycled-buffer tail). buf seq=0 count=1024
[mono_ns=7230196847916825][T0xf2fa3f7aeca0][WARN] copy_aicore_buffer: [chip_swimlane_collector.cpp:689] Core 53: skipped 1024 AICore record slot(s) with start_time=0 (race-window write or recycled-buffer tail). buf seq=0 count=1024
[mono_ns=7230196847919335][T0xf2fa549ecca0][WARN] copy_aicore_buffer: [chip_swimlane_collector.cpp:689] Core 48: skipped 1024 AICore record slot(s) with start_time=0 (race-window write or recycled-buffer tail). buf seq=0 count=1024
[mono_ns=7230196848137257][T0xf2fa3ffbeca0][WARN] copy_aicore_buffer: [chip_swimlane_collector.cpp:689] Core 50: skipped 1024 AICore record slot(s) with start_time=0 (race-window write or recycled-buffer tail). buf seq=0 count=1024
[mono_ns=7230196848204927][T0xf2fa3f7aeca0][WARN] copy_aicore_buffer: [chip_swimlane_collector.cpp:689] Core 17: skipped 1024 AICore record slot(s) with start_time=0 (race-window write or recycled-buffer tail). buf seq=0 count=1024
[mono_ns=7230196848210987][T0xf2fa549ecca0][WARN] copy_aicore_buffer: [chip_swimlane_collector.cpp:689] Core 49: skipped 1024 AICore record slot(s) with start_time=0 (race-window write or recycled-buffer tail). buf seq=0 count=1024
[mono_ns=7230196848459678][T0xf2fa3ffbeca0][WARN] copy_aicore_buffer: [chip_swimlane_collector.cpp:689] Core 51: skipped 1024 AICore record slot(s) with start_time=0 (race-window write or recycled-buffer tail). buf seq=0 count=1024
[mono_ns=7230196848495568][T0xf2fa549ecca0][WARN] copy_aicore_buffer: [chip_swimlane_collector.cpp:689] Core 15: skipped 1024 AICore record slot(s) with start_time=0 (race-window write or recycled-buffer tail). buf seq=0 count=1024
[mono_ns=7230196848515109][T0xf2fa3f7aeca0][WARN] copy_aicore_buffer: [chip_swimlane_collector.cpp:689] Core 58: skipped 1024 AICore record slot(s) with start_time=0 (race-window write or recycled-buffer tail). buf seq=0 count=1024
[mono_ns=7230196848777930][T0xf2fa549ecca0][WARN] copy_aicore_buffer: [chip_swimlane_collector.cpp:689] Core 54: skipped 1024 AICore record slot(s) with start_time=0 (race-window write or recycled-buffer tail). buf seq=0 count=1024
[mono_ns=7230196848782950][T0xf2fa3ffbeca0][WARN] copy_aicore_buffer: [chip_swimlane_collector.cpp:689] Core 16: skipped 1024 AICore record slot(s) with start_time=0 (race-window write or recycled-buffer tail). buf seq=0 count=1024
[mono_ns=7230196848797260][T0xf2fa3f7aeca0][WARN] copy_aicore_buffer: [chip_swimlane_collector.cpp:689] Core 59: skipped 1024 AICore record slot(s) with start_time=0 (race-window write or recycled-buffer tail). buf seq=0 count=1024
[mono_ns=7230196849068672][T0xf2fa549ecca0][WARN] copy_aicore_buffer: [chip_swimlane_collector.cpp:689] Core 55: skipped 1024 AICore record slot(s) with start_time=0 (race-window write or recycled-buffer tail). buf seq=0 count=1024
[mono_ns=7230196849091682][T0xf2fa3f7aeca0][WARN] copy_aicore_buffer: [chip_swimlane_collector.cpp:689] Core 20: skipped 1024 AICore record slot(s) with start_time=0 (race-window write or recycled-buffer tail). buf seq=0 count=1024
[mono_ns=7230196849108182][T0xf2fa3ffbeca0][WARN] copy_aicore_buffer: [chip_swimlane_collector.cpp:689] Core 56: skipped 1024 AICore record slot(s) with start_time=0 (race-window write or recycled-buffer tail). buf seq=0 count=1024
[mono_ns=7230196849373073][T0xf2fa3f7aeca0][WARN] copy_aicore_buffer: [chip_swimlane_collector.cpp:689] Core 64: skipped 1024 AICore record slot(s) with start_time=0 (race-window write or recycled-buffer tail). buf seq=0 count=1024
[mono_ns=7230196849380963][T0xf2fa549ecca0][WARN] copy_aicore_buffer: [chip_swimlane_collector.cpp:689] Core 18: skipped 1024 AICore record slot(s) with start_time=0 (race-window write or recycled-buffer tail). buf seq=0 count=1024
[mono_ns=7230196849425973][T0xf2fa3ffbeca0][WARN] copy_aicore_buffer: [chip_swimlane_collector.cpp:689] Core 57: skipped 1024 AICore record slot(s) with start_time=0 (race-window write or recycled-buffer tail). buf seq=0 count=1024
[mono_ns=7230196849654595][T0xf2fa3f7aeca0][WARN] copy_aicore_buffer: [chip_swimlane_collector.cpp:689] Core 65: skipped 1024 AICore record slot(s) with start_time=0 (race-window write or recycled-buffer tail). buf seq=0 count=1024
[mono_ns=7230196849662615][T0xf2fa549ecca0][WARN] copy_aicore_buffer: [chip_swimlane_collector.cpp:689] Core 60: skipped 1024 AICore record slot(s) with start_time=0 (race-window write or recycled-buffer tail). buf seq=0 count=1024
[mono_ns=7230196849747995][T0xf2fa3ffbeca0][WARN] copy_aicore_buffer: [chip_swimlane_collector.cpp:689] Core 19: skipped 1024 AICore record slot(s) with start_time=0 (race-window write or recycled-buffer tail). buf seq=0 count=1024
[mono_ns=7230196849936376][T0xf2fa3f7aeca0][WARN] copy_aicore_buffer: [chip_swimlane_collector.cpp:689] Core 23: skipped 1024 AICore record slot(s) with start_time=0 (race-window write or recycled-buffer tail). buf seq=0 count=1024
[mono_ns=7230196849942686][T0xf2fa549ecca0][WARN] copy_aicore_buffer: [chip_swimlane_collector.cpp:689] Core 61: skipped 1024 AICore record slot(s) with start_time=0 (race-window write or recycled-buffer tail). buf seq=0 count=1024
[mono_ns=7230196850088217][T0xf2fa3ffbeca0][WARN] copy_aicore_buffer: [chip_swimlane_collector.cpp:689] Core 62: skipped 1024 AICore record slot(s) with start_time=0 (race-window write or recycled-buffer tail). buf seq=0 count=1024
[mono_ns=7230196850221128][T0xf2fa3f7aeca0][WARN] copy_aicore_buffer: [chip_swimlane_collector.cpp:689] Core 70: skipped 1024 AICore record slot(s) with start_time=0 (race-window write or recycled-buffer tail). buf seq=0 count=1024
[mono_ns=7230196850227138][T0xf2fa549ecca0][WARN] copy_aicore_buffer: [chip_swimlane_collector.cpp:689] Core 21: skipped 1024 AICore record slot(s) with start_time=0 (race-window write or recycled-buffer tail). buf seq=0 count=1024
[mono_ns=7230196850412459][T0xf2fa3ffbeca0][WARN] copy_aicore_buffer: [chip_swimlane_collector.cpp:689] Core 63: skipped 1024 AICore record slot(s) with start_time=0 (race-window write or recycled-buffer tail). buf seq=0 count=1024
[mono_ns=7230196850503149][T0xf2fa3f7aeca0][WARN] copy_aicore_buffer: [chip_swimlane_collector.cpp:689] Core 71: skipped 1024 AICore record slot(s) with start_time=0 (race-window write or recycled-buffer tail). buf seq=0 count=1024
[mono_ns=7230196850507969][T0xf2fa549ecca0][WARN] copy_aicore_buffer: [chip_swimlane_collector.cpp:689] Core 66: skipped 1024 AICore record slot(s) with start_time=0 (race-window write or recycled-buffer tail). buf seq=0 count=1024
[mono_ns=7230196850735340][T0xf2fa3ffbeca0][WARN] copy_aicore_buffer: [chip_swimlane_collector.cpp:689] Core 22: skipped 1024 AICore record slot(s) with start_time=0 (race-window write or recycled-buffer tail). buf seq=0 count=1024
[mono_ns=7230196850793861][T0xf2fa549ecca0][WARN] copy_aicore_buffer: [chip_swimlane_collector.cpp:689] Core 67: skipped 1024 AICore record slot(s) with start_time=0 (race-window write or recycled-buffer tail). buf seq=0 count=1024
[mono_ns=7230196851068712][T0xf2fa3ffbeca0][WARN] copy_aicore_buffer: [chip_swimlane_collector.cpp:689] Core 68: skipped 1024 AICore record slot(s) with start_time=0 (race-window write or recycled-buffer tail). buf seq=0 count=1024
[mono_ns=7230196851392794][T0xf2fa3ffbeca0][WARN] copy_aicore_buffer: [chip_swimlane_collector.cpp:689] Core 69: skipped 1024 AICore record slot(s) with start_time=0 (race-window write or recycled-buffer tail). buf seq=0 count=1024
[mono_ns=7230196951886251][T0xf2fb9d32b020][TIMING] emit_host_span: [STRACE] v=1 pid=171886 tid=171886 inv=12 hid=e6ec8d6f21e99491 depth=1 name=chip.run.runner_run ts=7230196842564647 dur=109314834 
[mono_ns=7230196951977212][T0xf2fb9d32b020][TIMING] emit_host_span: [STRACE] v=1 pid=171886 tid=171886 inv=12 hid=e6ec8d6f21e99491 depth=1 name=chip.run.validate ts=7230196951898461 dur=74911 
[mono_ns=7230196951982412][T0xf2fb9d32b020][TIMING] emit_host_span: [STRACE] v=1 pid=171886 tid=171886 inv=12 hid=e6ec8d6f21e99491 depth=2 name=chip.run.runner_run.device_wall ts=0 dur=772719 clk=dev
[mono_ns=7230196952026272][T0xf2fb9d32b020][TIMING] emit_host_span: [STRACE] v=1 pid=171886 tid=171886 inv=12 hid=e6ec8d6f21e99491 depth=3 name=chip.run.runner_run.device_wall.preamble ts=0 dur=639040 clk=dev
[mono_ns=7230196952030662][T0xf2fb9d32b020][TIMING] emit_host_span: [STRACE] v=1 pid=171886 tid=171886 inv=12 hid=e6ec8d6f21e99491 depth=3 name=chip.run.runner_run.device_wall.graph_build ts=633439 dur=128820 clk=dev
[mono_ns=7230196952034202][T0xf2fb9d32b020][TIMING] emit_host_span: [STRACE] v=1 pid=171886 tid=171886 inv=12 hid=e6ec8d6f21e99491 depth=3 name=chip.run.runner_run.device_wall.config_validate ts=633560 dur=720 clk=dev
[mono_ns=7230196952038272][T0xf2fb9d32b020][TIMING] emit_host_span: [STRACE] v=1 pid=171886 tid=171886 inv=12 hid=e6ec8d6f21e99491 depth=3 name=chip.run.runner_run.device_wall.arena_wire ts=634300 dur=459 clk=dev
[mono_ns=7230196952042232][T0xf2fb9d32b020][TIMING] emit_host_span: [STRACE] v=1 pid=171886 tid=171886 inv=12 hid=e6ec8d6f21e99491 depth=3 name=chip.run.runner_run.device_wall.sm_reset ts=634780 dur=980 clk=dev
[mono_ns=7230196952047292][T0xf2fb9d32b020][TIMING] emit_host_span: [STRACE] v=1 pid=171886 tid=171886 inv=12 hid=e6ec8d6f21e99491 depth=3 name=chip.run.runner_run.device_wall.post_orch ts=762340 dur=10299 clk=dev
[mono_ns=7230196952050922][T0xf2fb9d32b020][TIMING] emit_host_span: [STRACE] v=1 pid=171886 tid=171886 inv=12 hid=e6ec8d6f21e99491 depth=3 name=chip.run.runner_run.device_wall.orch ts=635800 dur=4500 clk=dev
[mono_ns=7230196952054522][T0xf2fb9d32b020][TIMING] emit_host_span: [STRACE] v=1 pid=171886 tid=171886 inv=12 hid=e6ec8d6f21e99491 depth=3 name=chip.run.runner_run.device_wall.sched ts=639160 dur=105900 clk=dev
[mono_ns=7230196952086152][T0xf2fb9d32b020][TIMING] emit_host_span: [STRACE] v=1 pid=171886 tid=171886 inv=12 hid=e6ec8d6f21e99491 depth=1 name=chip.run.claim_release ts=7230196952083332 dur=340 
[mono_ns=7230196952091203][T0xf2fb9d32b020][TIMING] emit_host_span: [STRACE] v=1 pid=171886 tid=171886 inv=12 hid=e6ec8d6f21e99491 depth=0 name=chip.run ts=7230196842062614 dur=110026499 run_id=12 dispatch_id=12 slot_id=0 generation=12 run_epoch=12
[mono_ns=7230201804638448][T0xf2fb9d32b020][TIMING] emit_host_span: [STRACE] v=1 pid=171886 tid=171886 inv=13 hid=e6ec8d6f21e99491 depth=2 name=chip.run.bind.args ts=7230201804498867 dur=132231 
[mono_ns=7230201804660068][T0xf2fb9d32b020][TIMING] emit_host_span: [STRACE] v=1 pid=171886 tid=171886 inv=13 hid=e6ec8d6f21e99491 depth=2 name=chip.run.bind.prebuilt ts=7230201804652808 dur=4500 
[mono_ns=7230201804665218][T0xf2fb9d32b020][TIMING] emit_host_span: [STRACE] v=1 pid=171886 tid=171886 inv=13 hid=e6ec8d6f21e99491 depth=1 name=chip.run.bind ts=7230201804488937 dur=174021 
[mono_ns=7230201913133938][T0xf2fb9d32b020][TIMING] emit_host_span: [STRACE] v=1 pid=171886 tid=171886 inv=13 hid=e6ec8d6f21e99491 depth=1 name=chip.run.runner_run ts=7230201804945910 dur=108177738 
[mono_ns=7230201913250549][T0xf2fb9d32b020][TIMING] emit_host_span: [STRACE] v=1 pid=171886 tid=171886 inv=13 hid=e6ec8d6f21e99491 depth=1 name=chip.run.validate ts=7230201913150928 dur=94701 
[mono_ns=7230201913262479][T0xf2fb9d32b020][TIMING] emit_host_span: [STRACE] v=1 pid=171886 tid=171886 inv=13 hid=e6ec8d6f21e99491 depth=2 name=chip.run.runner_run.device_wall ts=0 dur=153600 clk=dev
[mono_ns=7230201913321199][T0xf2fb9d32b020][TIMING] emit_host_span: [STRACE] v=1 pid=171886 tid=171886 inv=13 hid=e6ec8d6f21e99491 depth=3 name=chip.run.runner_run.device_wall.preamble ts=0 dur=6260 clk=dev
[mono_ns=7230201913325509][T0xf2fb9d32b020][TIMING] emit_host_span: [STRACE] v=1 pid=171886 tid=171886 inv=13 hid=e6ec8d6f21e99491 depth=3 name=chip.run.runner_run.device_wall.graph_build ts=1599 dur=141299 clk=dev
[mono_ns=7230201913329469][T0xf2fb9d32b020][TIMING] emit_host_span: [STRACE] v=1 pid=171886 tid=171886 inv=13 hid=e6ec8d6f21e99491 depth=3 name=chip.run.runner_run.device_wall.config_validate ts=1700 dur=720 clk=dev
[mono_ns=7230201913332489][T0xf2fb9d32b020][TIMING] emit_host_span: [STRACE] v=1 pid=171886 tid=171886 inv=13 hid=e6ec8d6f21e99491 depth=3 name=chip.run.runner_run.device_wall.arena_wire ts=2440 dur=919 clk=dev
[mono_ns=7230201913336179][T0xf2fb9d32b020][TIMING] emit_host_span: [STRACE] v=1 pid=171886 tid=171886 inv=13 hid=e6ec8d6f21e99491 depth=3 name=chip.run.runner_run.device_wall.sm_reset ts=3559 dur=1640 clk=dev
[mono_ns=7230201913339759][T0xf2fb9d32b020][TIMING] emit_host_span: [STRACE] v=1 pid=171886 tid=171886 inv=13 hid=e6ec8d6f21e99491 depth=3 name=chip.run.runner_run.device_wall.post_orch ts=142940 dur=10500 clk=dev
[mono_ns=7230201913343319][T0xf2fb9d32b020][TIMING] emit_host_span: [STRACE] v=1 pid=171886 tid=171886 inv=13 hid=e6ec8d6f21e99491 depth=3 name=chip.run.runner_run.device_wall.orch ts=5859 dur=11219 clk=dev
[mono_ns=7230201913347569][T0xf2fb9d32b020][TIMING] emit_host_span: [STRACE] v=1 pid=171886 tid=171886 inv=13 hid=e6ec8d6f21e99491 depth=3 name=chip.run.runner_run.device_wall.sched ts=6340 dur=127119 clk=dev
[mono_ns=7230201913376130][T0xf2fb9d32b020][TIMING] emit_host_span: [STRACE] v=1 pid=171886 tid=171886 inv=13 hid=e6ec8d6f21e99491 depth=1 name=chip.run.claim_release ts=7230201913373060 dur=890 
[mono_ns=7230201913383730][T0xf2fb9d32b020][TIMING] emit_host_span: [STRACE] v=1 pid=171886 tid=171886 inv=13 hid=e6ec8d6f21e99491 depth=0 name=chip.run ts=7230201804415067 dur=108966593 run_id=13 dispatch_id=13 slot_id=0 generation=13 run_epoch=13
[mono_ns=7230201920534348][T0xf2fb9d32b020][TIMING] emit_host_span: [STRACE] v=1 pid=171886 tid=171886 inv=14 hid=e6ec8d6f21e99491 depth=2 name=chip.run.bind.args ts=7230201920419957 dur=108321 
[mono_ns=7230201920551948][T0xf2fb9d32b020][TIMING] emit_host_span: [STRACE] v=1 pid=171886 tid=171886 inv=14 hid=e6ec8d6f21e99491 depth=2 name=chip.run.bind.prebuilt ts=7230201920546928 dur=2610 
[mono_ns=7230201920556678][T0xf2fb9d32b020][TIMING] emit_host_span: [STRACE] v=1 pid=171886 tid=171886 inv=14 hid=e6ec8d6f21e99491 depth=1 name=chip.run.bind ts=7230201920412337 dur=142041 
[mono_ns=7230201922133386][T0xf2fa3f7aeca0][WARN] copy_aicore_buffer: [chip_swimlane_collector.cpp:689] Core 2: skipped 1024 AICore record slot(s) with start_time=0 (race-window write or recycled-buffer tail). buf seq=0 count=1024
[mono_ns=7230201922195247][T0xf2fa549ecca0][WARN] copy_aicore_buffer: [chip_swimlane_collector.cpp:689] Core 0: skipped 1024 AICore record slot(s) with start_time=0 (race-window write or recycled-buffer tail). buf seq=0 count=1024
[mono_ns=7230201922267177][T0xf2fa3ffbeca0][WARN] copy_aicore_buffer: [chip_swimlane_collector.cpp:689] Core 1: skipped 1024 AICore record slot(s) with start_time=0 (race-window write or recycled-buffer tail). buf seq=0 count=1024
[mono_ns=7230201922429338][T0xf2fa3f7aeca0][WARN] copy_aicore_buffer: [chip_swimlane_collector.cpp:689] Core 28: skipped 1023 AICore record slot(s) with start_time=0 (race-window write or recycled-buffer tail). buf seq=0 count=1024
[mono_ns=7230201922549379][T0xf2fa549ecca0][WARN] copy_aicore_buffer: [chip_swimlane_collector.cpp:689] Core 24: skipped 1024 AICore record slot(s) with start_time=0 (race-window write or recycled-buffer tail). buf seq=0 count=1024
[mono_ns=7230201922557039][T0xf2fa3ffbeca0][WARN] copy_aicore_buffer: [chip_swimlane_collector.cpp:689] Core 26: skipped 1022 AICore record slot(s) with start_time=0 (race-window write or recycled-buffer tail). buf seq=0 count=1024
[mono_ns=7230201922714220][T0xf2fa3f7aeca0][WARN] copy_aicore_buffer: [chip_swimlane_collector.cpp:689] Core 29: skipped 1024 AICore record slot(s) with start_time=0 (race-window write or recycled-buffer tail). buf seq=0 count=1024
[mono_ns=7230201922842790][T0xf2fa3ffbeca0][WARN] copy_aicore_buffer: [chip_swimlane_collector.cpp:689] Core 27: skipped 1024 AICore record slot(s) with start_time=0 (race-window write or recycled-buffer tail). buf seq=0 count=1024
[mono_ns=7230201922846650][T0xf2fa549ecca0][WARN] copy_aicore_buffer: [chip_swimlane_collector.cpp:689] Core 25: skipped 1024 AICore record slot(s) with start_time=0 (race-window write or recycled-buffer tail). buf seq=0 count=1024
[mono_ns=7230201922998751][T0xf2fa3f7aeca0][WARN] copy_aicore_buffer: [chip_swimlane_collector.cpp:689] Core 5: skipped 1024 AICore record slot(s) with start_time=0 (race-window write or recycled-buffer tail). buf seq=0 count=1024
[mono_ns=7230201923139502][T0xf2fa3ffbeca0][WARN] copy_aicore_buffer: [chip_swimlane_collector.cpp:689] Core 4: skipped 1024 AICore record slot(s) with start_time=0 (race-window write or recycled-buffer tail). buf seq=0 count=1024
[mono_ns=7230201923153612][T0xf2fa549ecca0][WARN] copy_aicore_buffer: [chip_swimlane_collector.cpp:689] Core 3: skipped 1024 AICore record slot(s) with start_time=0 (race-window write or recycled-buffer tail). buf seq=0 count=1024
[mono_ns=7230201923323613][T0xf2fa3f7aeca0][WARN] copy_aicore_buffer: [chip_swimlane_collector.cpp:689] Core 34: skipped 1023 AICore record slot(s) with start_time=0 (race-window write or recycled-buffer tail). buf seq=0 count=1024
[mono_ns=7230201923423343][T0xf2fa3ffbeca0][WARN] copy_aicore_buffer: [chip_swimlane_collector.cpp:689] Core 32: skipped 1024 AICore record slot(s) with start_time=0 (race-window write or recycled-buffer tail). buf seq=0 count=1024
[mono_ns=7230201923451774][T0xf2fa549ecca0][WARN] copy_aicore_buffer: [chip_swimlane_collector.cpp:689] Core 30: skipped 1024 AICore record slot(s) with start_time=0 (race-window write or recycled-buffer tail). buf seq=0 count=1024
[mono_ns=7230201923606164][T0xf2fa3f7aeca0][WARN] copy_aicore_buffer: [chip_swimlane_collector.cpp:689] Core 35: skipped 1024 AICore record slot(s) with start_time=0 (race-window write or recycled-buffer tail). buf seq=0 count=1024
[mono_ns=7230201923708625][T0xf2fa3ffbeca0][WARN] copy_aicore_buffer: [chip_swimlane_collector.cpp:689] Core 33: skipped 1022 AICore record slot(s) with start_time=0 (race-window write or recycled-buffer tail). buf seq=0 count=1024
[mono_ns=7230201923748895][T0xf2fa549ecca0][WARN] copy_aicore_buffer: [chip_swimlane_collector.cpp:689] Core 31: skipped 1024 AICore record slot(s) with start_time=0 (race-window write or recycled-buffer tail). buf seq=0 count=1024
[mono_ns=7230201923888076][T0xf2fa3f7aeca0][WARN] copy_aicore_buffer: [chip_swimlane_collector.cpp:689] Core 8: skipped 1024 AICore record slot(s) with start_time=0 (race-window write or recycled-buffer tail). buf seq=0 count=1024
[mono_ns=7230201923990756][T0xf2fa3ffbeca0][WARN] copy_aicore_buffer: [chip_swimlane_collector.cpp:689] Core 7: skipped 1024 AICore record slot(s) with start_time=0 (race-window write or recycled-buffer tail). buf seq=0 count=1024
[mono_ns=7230201924064807][T0xf2fa549ecca0][WARN] copy_aicore_buffer: [chip_swimlane_collector.cpp:689] Core 6: skipped 1024 AICore record slot(s) with start_time=0 (race-window write or recycled-buffer tail). buf seq=0 count=1024
[mono_ns=7230201924185417][T0xf2fa3f7aeca0][WARN] copy_aicore_buffer: [chip_swimlane_collector.cpp:689] Core 40: skipped 1024 AICore record slot(s) with start_time=0 (race-window write or recycled-buffer tail). buf seq=0 count=1024
[mono_ns=7230201924286468][T0xf2fa3ffbeca0][WARN] copy_aicore_buffer: [chip_swimlane_collector.cpp:689] Core 38: skipped 1024 AICore record slot(s) with start_time=0 (race-window write or recycled-buffer tail). buf seq=0 count=1024
[mono_ns=7230201924360748][T0xf2fa549ecca0][WARN] copy_aicore_buffer: [chip_swimlane_collector.cpp:689] Core 36: skipped 1024 AICore record slot(s) with start_time=0 (race-window write or recycled-buffer tail). buf seq=0 count=1024
[mono_ns=7230201924469049][T0xf2fa3f7aeca0][WARN] copy_aicore_buffer: [chip_swimlane_collector.cpp:689] Core 41: skipped 1024 AICore record slot(s) with start_time=0 (race-window write or recycled-buffer tail). buf seq=0 count=1024
[mono_ns=7230201924569200][T0xf2fa3ffbeca0][WARN] copy_aicore_buffer: [chip_swimlane_collector.cpp:689] Core 39: skipped 1024 AICore record slot(s) with start_time=0 (race-window write or recycled-buffer tail). buf seq=0 count=1024
[mono_ns=7230201924656680][T0xf2fa549ecca0][WARN] copy_aicore_buffer: [chip_swimlane_collector.cpp:689] Core 37: skipped 1024 AICore record slot(s) with start_time=0 (race-window write or recycled-buffer tail). buf seq=0 count=1024
[mono_ns=7230201924750970][T0xf2fa3f7aeca0][WARN] copy_aicore_buffer: [chip_swimlane_collector.cpp:689] Core 11: skipped 1024 AICore record slot(s) with start_time=0 (race-window write or recycled-buffer tail). buf seq=0 count=1024
[mono_ns=7230201924862241][T0xf2fa3ffbeca0][WARN] copy_aicore_buffer: [chip_swimlane_collector.cpp:689] Core 10: skipped 1024 AICore record slot(s) with start_time=0 (race-window write or recycled-buffer tail). buf seq=0 count=1024
[mono_ns=7230201924952532][T0xf2fa549ecca0][WARN] copy_aicore_buffer: [chip_swimlane_collector.cpp:689] Core 9: skipped 1024 AICore record slot(s) with start_time=0 (race-window write or recycled-buffer tail). buf seq=0 count=1024
[mono_ns=7230201925044602][T0xf2fa3f7aeca0][WARN] copy_aicore_buffer: [chip_swimlane_collector.cpp:689] Core 46: skipped 1024 AICore record slot(s) with start_time=0 (race-window write or recycled-buffer tail). buf seq=0 count=1024
[mono_ns=7230201925155263][T0xf2fa3ffbeca0][WARN] copy_aicore_buffer: [chip_swimlane_collector.cpp:689] Core 44: skipped 1024 AICore record slot(s) with start_time=0 (race-window write or recycled-buffer tail). buf seq=0 count=1024
[mono_ns=7230201925260813][T0xf2fa549ecca0][WARN] copy_aicore_buffer: [chip_swimlane_collector.cpp:689] Core 42: skipped 1024 AICore record slot(s) with start_time=0 (race-window write or recycled-buffer tail). buf seq=0 count=1024
[mono_ns=7230201925328084][T0xf2fa3f7aeca0][WARN] copy_aicore_buffer: [chip_swimlane_collector.cpp:689] Core 47: skipped 1024 AICore record slot(s) with start_time=0 (race-window write or recycled-buffer tail). buf seq=0 count=1024
[mono_ns=7230201925437414][T0xf2fa3ffbeca0][WARN] copy_aicore_buffer: [chip_swimlane_collector.cpp:689] Core 45: skipped 1024 AICore record slot(s) with start_time=0 (race-window write or recycled-buffer tail). buf seq=0 count=1024
[mono_ns=7230201925592195][T0xf2fa549ecca0][WARN] copy_aicore_buffer: [chip_swimlane_collector.cpp:689] Core 43: skipped 1024 AICore record slot(s) with start_time=0 (race-window write or recycled-buffer tail). buf seq=0 count=1024
[mono_ns=7230201925610475][T0xf2fa3f7aeca0][WARN] copy_aicore_buffer: [chip_swimlane_collector.cpp:689] Core 14: skipped 1024 AICore record slot(s) with start_time=0 (race-window write or recycled-buffer tail). buf seq=0 count=1024
[mono_ns=7230201925717926][T0xf2fa3ffbeca0][WARN] copy_aicore_buffer: [chip_swimlane_collector.cpp:689] Core 13: skipped 1024 AICore record slot(s) with start_time=0 (race-window write or recycled-buffer tail). buf seq=0 count=1024
[mono_ns=7230201925889457][T0xf2fa549ecca0][WARN] copy_aicore_buffer: [chip_swimlane_collector.cpp:689] Core 12: skipped 1024 AICore record slot(s) with start_time=0 (race-window write or recycled-buffer tail). buf seq=0 count=1024
[mono_ns=7230201925893217][T0xf2fa3f7aeca0][WARN] copy_aicore_buffer: [chip_swimlane_collector.cpp:689] Core 52: skipped 1024 AICore record slot(s) with start_time=0 (race-window write or recycled-buffer tail). buf seq=0 count=1024
[mono_ns=7230201926000097][T0xf2fa3ffbeca0][WARN] copy_aicore_buffer: [chip_swimlane_collector.cpp:689] Core 50: skipped 1024 AICore record slot(s) with start_time=0 (race-window write or recycled-buffer tail). buf seq=0 count=1024
[mono_ns=7230201926184768][T0xf2fa3f7aeca0][WARN] copy_aicore_buffer: [chip_swimlane_collector.cpp:689] Core 53: skipped 1024 AICore record slot(s) with start_time=0 (race-window write or recycled-buffer tail). buf seq=0 count=1024
[mono_ns=7230201926191498][T0xf2fa549ecca0][WARN] copy_aicore_buffer: [chip_swimlane_collector.cpp:689] Core 48: skipped 1024 AICore record slot(s) with start_time=0 (race-window write or recycled-buffer tail). buf seq=0 count=1024
[mono_ns=7230201926321009][T0xf2fa3ffbeca0][WARN] copy_aicore_buffer: [chip_swimlane_collector.cpp:689] Core 51: skipped 1024 AICore record slot(s) with start_time=0 (race-window write or recycled-buffer tail). buf seq=0 count=1024
[mono_ns=7230201926467200][T0xf2fa3f7aeca0][WARN] copy_aicore_buffer: [chip_swimlane_collector.cpp:689] Core 17: skipped 1024 AICore record slot(s) with start_time=0 (race-window write or recycled-buffer tail). buf seq=0 count=1024
[mono_ns=7230201926483800][T0xf2fa549ecca0][WARN] copy_aicore_buffer: [chip_swimlane_collector.cpp:689] Core 49: skipped 1024 AICore record slot(s) with start_time=0 (race-window write or recycled-buffer tail). buf seq=0 count=1024
[mono_ns=7230201926603180][T0xf2fa3ffbeca0][WARN] copy_aicore_buffer: [chip_swimlane_collector.cpp:689] Core 16: skipped 1024 AICore record slot(s) with start_time=0 (race-window write or recycled-buffer tail). buf seq=0 count=1024
[mono_ns=7230201926749431][T0xf2fa3f7aeca0][WARN] copy_aicore_buffer: [chip_swimlane_collector.cpp:689] Core 58: skipped 1024 AICore record slot(s) with start_time=0 (race-window write or recycled-buffer tail). buf seq=0 count=1024
[mono_ns=7230201926780711][T0xf2fa549ecca0][WARN] copy_aicore_buffer: [chip_swimlane_collector.cpp:689] Core 15: skipped 1024 AICore record slot(s) with start_time=0 (race-window write or recycled-buffer tail). buf seq=0 count=1024
[mono_ns=7230201926885552][T0xf2fa3ffbeca0][WARN] copy_aicore_buffer: [chip_swimlane_collector.cpp:689] Core 56: skipped 1024 AICore record slot(s) with start_time=0 (race-window write or recycled-buffer tail). buf seq=0 count=1024
[mono_ns=7230201927042243][T0xf2fa3f7aeca0][WARN] copy_aicore_buffer: [chip_swimlane_collector.cpp:689] Core 59: skipped 1024 AICore record slot(s) with start_time=0 (race-window write or recycled-buffer tail). buf seq=0 count=1024
[mono_ns=7230201927108493][T0xf2fa549ecca0][WARN] copy_aicore_buffer: [chip_swimlane_collector.cpp:689] Core 54: skipped 1024 AICore record slot(s) with start_time=0 (race-window write or recycled-buffer tail). buf seq=0 count=1024
[mono_ns=7230201927179953][T0xf2fa3ffbeca0][WARN] copy_aicore_buffer: [chip_swimlane_collector.cpp:689] Core 57: skipped 1024 AICore record slot(s) with start_time=0 (race-window write or recycled-buffer tail). buf seq=0 count=1024
[mono_ns=7230201927324104][T0xf2fa3f7aeca0][WARN] copy_aicore_buffer: [chip_swimlane_collector.cpp:689] Core 20: skipped 1024 AICore record slot(s) with start_time=0 (race-window write or recycled-buffer tail). buf seq=0 count=1024
[mono_ns=7230201927405335][T0xf2fa549ecca0][WARN] copy_aicore_buffer: [chip_swimlane_collector.cpp:689] Core 55: skipped 1024 AICore record slot(s) with start_time=0 (race-window write or recycled-buffer tail). buf seq=0 count=1024
[mono_ns=7230201927464825][T0xf2fa3ffbeca0][WARN] copy_aicore_buffer: [chip_swimlane_collector.cpp:689] Core 19: skipped 1024 AICore record slot(s) with start_time=0 (race-window write or recycled-buffer tail). buf seq=0 count=1024
[mono_ns=7230201927605116][T0xf2fa3f7aeca0][WARN] copy_aicore_buffer: [chip_swimlane_collector.cpp:689] Core 64: skipped 1024 AICore record slot(s) with start_time=0 (race-window write or recycled-buffer tail). buf seq=0 count=1024
[mono_ns=7230201927702846][T0xf2fa549ecca0][WARN] copy_aicore_buffer: [chip_swimlane_collector.cpp:689] Core 18: skipped 1024 AICore record slot(s) with start_time=0 (race-window write or recycled-buffer tail). buf seq=0 count=1024
[mono_ns=7230201927746887][T0xf2fa3ffbeca0][WARN] copy_aicore_buffer: [chip_swimlane_collector.cpp:689] Core 62: skipped 1024 AICore record slot(s) with start_time=0 (race-window write or recycled-buffer tail). buf seq=0 count=1024
[mono_ns=7230201927897387][T0xf2fa3f7aeca0][WARN] copy_aicore_buffer: [chip_swimlane_collector.cpp:689] Core 65: skipped 1024 AICore record slot(s) with start_time=0 (race-window write or recycled-buffer tail). buf seq=0 count=1024
[mono_ns=7230201927999718][T0xf2fa549ecca0][WARN] copy_aicore_buffer: [chip_swimlane_collector.cpp:689] Core 60: skipped 1024 AICore record slot(s) with start_time=0 (race-window write or recycled-buffer tail). buf seq=0 count=1024
[mono_ns=7230201928038948][T0xf2fa3ffbeca0][WARN] copy_aicore_buffer: [chip_swimlane_collector.cpp:689] Core 63: skipped 1024 AICore record slot(s) with start_time=0 (race-window write or recycled-buffer tail). buf seq=0 count=1024
[mono_ns=7230201928210449][T0xf2fa3f7aeca0][WARN] copy_aicore_buffer: [chip_swimlane_collector.cpp:689] Core 23: skipped 1024 AICore record slot(s) with start_time=0 (race-window write or recycled-buffer tail). buf seq=0 count=1024
[mono_ns=7230201928319680][T0xf2fa3ffbeca0][WARN] copy_aicore_buffer: [chip_swimlane_collector.cpp:689] Core 22: skipped 1024 AICore record slot(s) with start_time=0 (race-window write or recycled-buffer tail). buf seq=0 count=1024
[mono_ns=7230201928320000][T0xf2fa549ecca0][WARN] copy_aicore_buffer: [chip_swimlane_collector.cpp:689] Core 61: skipped 1024 AICore record slot(s) with start_time=0 (race-window write or recycled-buffer tail). buf seq=0 count=1024
[mono_ns=7230201928493411][T0xf2fa3f7aeca0][WARN] copy_aicore_buffer: [chip_swimlane_collector.cpp:689] Core 70: skipped 1024 AICore record slot(s) with start_time=0 (race-window write or recycled-buffer tail). buf seq=0 count=1024
[mono_ns=7230201928621291][T0xf2fa549ecca0][WARN] copy_aicore_buffer: [chip_swimlane_collector.cpp:689] Core 21: skipped 1024 AICore record slot(s) with start_time=0 (race-window write or recycled-buffer tail). buf seq=0 count=1024
[mono_ns=7230201928634211][T0xf2fa3ffbeca0][WARN] copy_aicore_buffer: [chip_swimlane_collector.cpp:689] Core 68: skipped 1024 AICore record slot(s) with start_time=0 (race-window write or recycled-buffer tail). buf seq=0 count=1024
[mono_ns=7230201928774952][T0xf2fa3f7aeca0][WARN] copy_aicore_buffer: [chip_swimlane_collector.cpp:689] Core 71: skipped 1024 AICore record slot(s) with start_time=0 (race-window write or recycled-buffer tail). buf seq=0 count=1024
[mono_ns=7230201928916473][T0xf2fa3ffbeca0][WARN] copy_aicore_buffer: [chip_swimlane_collector.cpp:689] Core 69: skipped 1024 AICore record slot(s) with start_time=0 (race-window write or recycled-buffer tail). buf seq=0 count=1024
[mono_ns=7230201928918373][T0xf2fa549ecca0][WARN] copy_aicore_buffer: [chip_swimlane_collector.cpp:689] Core 66: skipped 1024 AICore record slot(s) with start_time=0 (race-window write or recycled-buffer tail). buf seq=0 count=1024
[mono_ns=7230201929219544][T0xf2fa549ecca0][WARN] copy_aicore_buffer: [chip_swimlane_collector.cpp:689] Core 67: skipped 1024 AICore record slot(s) with start_time=0 (race-window write or recycled-buffer tail). buf seq=0 count=1024
[mono_ns=7230202029917153][T0xf2fb9d32b020][TIMING] emit_host_span: [STRACE] v=1 pid=171886 tid=171886 inv=14 hid=e6ec8d6f21e99491 depth=1 name=chip.run.runner_run ts=7230201920893360 dur=109011173 
[mono_ns=7230202030033944][T0xf2fb9d32b020][TIMING] emit_host_span: [STRACE] v=1 pid=171886 tid=171886 inv=14 hid=e6ec8d6f21e99491 depth=1 name=chip.run.validate ts=7230202029934063 dur=95881 
[mono_ns=7230202030046784][T0xf2fb9d32b020][TIMING] emit_host_span: [STRACE] v=1 pid=171886 tid=171886 inv=14 hid=e6ec8d6f21e99491 depth=2 name=chip.run.runner_run.device_wall ts=0 dur=765340 clk=dev
[mono_ns=7230202030050954][T0xf2fb9d32b020][TIMING] emit_host_span: [STRACE] v=1 pid=171886 tid=171886 inv=14 hid=e6ec8d6f21e99491 depth=3 name=chip.run.runner_run.device_wall.preamble ts=0 dur=630740 clk=dev
[mono_ns=7230202030056414][T0xf2fb9d32b020][TIMING] emit_host_span: [STRACE] v=1 pid=171886 tid=171886 inv=14 hid=e6ec8d6f21e99491 depth=3 name=chip.run.runner_run.device_wall.graph_build ts=626800 dur=128380 clk=dev
[mono_ns=7230202030059764][T0xf2fb9d32b020][TIMING] emit_host_span: [STRACE] v=1 pid=171886 tid=171886 inv=14 hid=e6ec8d6f21e99491 depth=3 name=chip.run.runner_run.device_wall.config_validate ts=626900 dur=720 clk=dev
[mono_ns=7230202030062844][T0xf2fb9d32b020][TIMING] emit_host_span: [STRACE] v=1 pid=171886 tid=171886 inv=14 hid=e6ec8d6f21e99491 depth=3 name=chip.run.runner_run.device_wall.arena_wire ts=627640 dur=660 clk=dev
[mono_ns=7230202030065904][T0xf2fb9d32b020][TIMING] emit_host_span: [STRACE] v=1 pid=171886 tid=171886 inv=14 hid=e6ec8d6f21e99491 depth=3 name=chip.run.runner_run.device_wall.sm_reset ts=628320 dur=1040 clk=dev
[mono_ns=7230202030129854][T0xf2fb9d32b020][TIMING] emit_host_span: [STRACE] v=1 pid=171886 tid=171886 inv=14 hid=e6ec8d6f21e99491 depth=3 name=chip.run.runner_run.device_wall.post_orch ts=755220 dur=10000 clk=dev
[mono_ns=7230202030133674][T0xf2fb9d32b020][TIMING] emit_host_span: [STRACE] v=1 pid=171886 tid=171886 inv=14 hid=e6ec8d6f21e99491 depth=3 name=chip.run.runner_run.device_wall.orch ts=629420 dur=4620 clk=dev
[mono_ns=7230202030137024][T0xf2fb9d32b020][TIMING] emit_host_span: [STRACE] v=1 pid=171886 tid=171886 inv=14 hid=e6ec8d6f21e99491 depth=3 name=chip.run.runner_run.device_wall.sched ts=630880 dur=106680 clk=dev
[mono_ns=7230202030141854][T0xf2fb9d32b020][TIMING] emit_host_span: [STRACE] v=1 pid=171886 tid=171886 inv=14 hid=e6ec8d6f21e99491 depth=1 name=chip.run.claim_release ts=7230202030139674 dur=470 
[mono_ns=7230202030146434][T0xf2fb9d32b020][TIMING] emit_host_span: [STRACE] v=1 pid=171886 tid=171886 inv=14 hid=e6ec8d6f21e99491 depth=0 name=chip.run ts=7230201920382387 dur=109762067 run_id=14 dispatch_id=14 slot_id=0 generation=14 run_epoch=14
[mono_ns=7230206882700354][T0xf2fb9d32b020][TIMING] emit_host_span: [STRACE] v=1 pid=171886 tid=171886 inv=15 hid=e6ec8d6f21e99491 depth=2 name=chip.run.bind.args ts=7230206882563873 dur=129051 
[mono_ns=7230206882724164][T0xf2fb9d32b020][TIMING] emit_host_span: [STRACE] v=1 pid=171886 tid=171886 inv=15 hid=e6ec8d6f21e99491 depth=2 name=chip.run.bind.prebuilt ts=7230206882716204 dur=5340 
[mono_ns=7230206882728984][T0xf2fb9d32b020][TIMING] emit_host_span: [STRACE] v=1 pid=171886 tid=171886 inv=15 hid=e6ec8d6f21e99491 depth=1 name=chip.run.bind ts=7230206882553143 dur=173591 
[mono_ns=7230206991321365][T0xf2fb9d32b020][TIMING] emit_host_span: [STRACE] v=1 pid=171886 tid=171886 inv=15 hid=e6ec8d6f21e99491 depth=1 name=chip.run.runner_run ts=7230206883094936 dur=108214929 
[mono_ns=7230206991441875][T0xf2fb9d32b020][TIMING] emit_host_span: [STRACE] v=1 pid=171886 tid=171886 inv=15 hid=e6ec8d6f21e99491 depth=1 name=chip.run.validate ts=7230206991339185 dur=97030 
[mono_ns=7230206991455305][T0xf2fb9d32b020][TIMING] emit_host_span: [STRACE] v=1 pid=171886 tid=171886 inv=15 hid=e6ec8d6f21e99491 depth=2 name=chip.run.runner_run.device_wall ts=0 dur=2680040 clk=dev
[mono_ns=7230206991459895][T0xf2fb9d32b020][TIMING] emit_host_span: [STRACE] v=1 pid=171886 tid=171886 inv=15 hid=e6ec8d6f21e99491 depth=3 name=chip.run.runner_run.device_wall.preamble ts=0 dur=6660 clk=dev
[mono_ns=7230206991465045][T0xf2fb9d32b020][TIMING] emit_host_span: [STRACE] v=1 pid=171886 tid=171886 inv=15 hid=e6ec8d6f21e99491 depth=3 name=chip.run.runner_run.device_wall.graph_build ts=1540 dur=2668120 clk=dev
[mono_ns=7230206991468305][T0xf2fb9d32b020][TIMING] emit_host_span: [STRACE] v=1 pid=171886 tid=171886 inv=15 hid=e6ec8d6f21e99491 depth=3 name=chip.run.runner_run.device_wall.config_validate ts=1799 dur=840 clk=dev
[mono_ns=7230206991472226][T0xf2fb9d32b020][TIMING] emit_host_span: [STRACE] v=1 pid=171886 tid=171886 inv=15 hid=e6ec8d6f21e99491 depth=3 name=chip.run.runner_run.device_wall.arena_wire ts=2680 dur=1000 clk=dev
[mono_ns=7230206991536866][T0xf2fb9d32b020][TIMING] emit_host_span: [STRACE] v=1 pid=171886 tid=171886 inv=15 hid=e6ec8d6f21e99491 depth=3 name=chip.run.runner_run.device_wall.sm_reset ts=3880 dur=1839 clk=dev
[mono_ns=7230206991541406][T0xf2fb9d32b020][TIMING] emit_host_span: [STRACE] v=1 pid=171886 tid=171886 inv=15 hid=e6ec8d6f21e99491 depth=3 name=chip.run.runner_run.device_wall.post_orch ts=2669720 dur=10160 clk=dev
[mono_ns=7230206991545186][T0xf2fb9d32b020][TIMING] emit_host_span: [STRACE] v=1 pid=171886 tid=171886 inv=15 hid=e6ec8d6f21e99491 depth=3 name=chip.run.runner_run.device_wall.orch ts=6300 dur=12340 clk=dev
[mono_ns=7230206991549436][T0xf2fb9d32b020][TIMING] emit_host_span: [STRACE] v=1 pid=171886 tid=171886 inv=15 hid=e6ec8d6f21e99491 depth=3 name=chip.run.runner_run.device_wall.sched ts=7000 dur=2654800 clk=dev
[mono_ns=7230206991554776][T0xf2fb9d32b020][TIMING] emit_host_span: [STRACE] v=1 pid=171886 tid=171886 inv=15 hid=e6ec8d6f21e99491 depth=1 name=chip.run.claim_release ts=7230206991552646 dur=350 
[mono_ns=7230206991559896][T0xf2fb9d32b020][TIMING] emit_host_span: [STRACE] v=1 pid=171886 tid=171886 inv=15 hid=e6ec8d6f21e99491 depth=0 name=chip.run ts=7230206882488212 dur=109069704 run_id=15 dispatch_id=15 slot_id=0 generation=15 run_epoch=15
[mono_ns=7230207043136822][T0xf2fb9d32b020][TIMING] emit_host_span: [STRACE] v=1 pid=171886 tid=171886 inv=16 hid=e6ec8d6f21e99491 depth=2 name=chip.run.bind.args ts=7230207043028451 dur=102921 
[mono_ns=7230207043155172][T0xf2fb9d32b020][TIMING] emit_host_span: [STRACE] v=1 pid=171886 tid=171886 inv=16 hid=e6ec8d6f21e99491 depth=2 name=chip.run.bind.prebuilt ts=7230207043149442 dur=3340 
[mono_ns=7230207043196252][T0xf2fb9d32b020][TIMING] emit_host_span: [STRACE] v=1 pid=171886 tid=171886 inv=16 hid=e6ec8d6f21e99491 depth=1 name=chip.run.bind ts=7230207043019621 dur=173521 
[mono_ns=7230207044765341][T0xf2fa3ffbeca0][WARN] copy_aicore_buffer: [chip_swimlane_collector.cpp:689] Core 1: skipped 1024 AICore record slot(s) with start_time=0 (race-window write or recycled-buffer tail). buf seq=0 count=1024
[mono_ns=7230207044802321][T0xf2fa549ecca0][WARN] copy_aicore_buffer: [chip_swimlane_collector.cpp:689] Core 0: skipped 1024 AICore record slot(s) with start_time=0 (race-window write or recycled-buffer tail). buf seq=0 count=1024
[mono_ns=7230207044812071][T0xf2fa3f7aeca0][WARN] copy_aicore_buffer: [chip_swimlane_collector.cpp:689] Core 2: skipped 1024 AICore record slot(s) with start_time=0 (race-window write or recycled-buffer tail). buf seq=0 count=1024
[mono_ns=7230207045077152][T0xf2fa3ffbeca0][WARN] copy_aicore_buffer: [chip_swimlane_collector.cpp:689] Core 26: skipped 1023 AICore record slot(s) with start_time=0 (race-window write or recycled-buffer tail). buf seq=0 count=1024
[mono_ns=7230207045113632][T0xf2fa549ecca0][WARN] copy_aicore_buffer: [chip_swimlane_collector.cpp:689] Core 24: skipped 1023 AICore record slot(s) with start_time=0 (race-window write or recycled-buffer tail). buf seq=0 count=1024
[mono_ns=7230207045117723][T0xf2fa3f7aeca0][WARN] copy_aicore_buffer: [chip_swimlane_collector.cpp:689] Core 28: skipped 1023 AICore record slot(s) with start_time=0 (race-window write or recycled-buffer tail). buf seq=0 count=1024
[mono_ns=7230207045361624][T0xf2fa3ffbeca0][WARN] copy_aicore_buffer: [chip_swimlane_collector.cpp:689] Core 27: skipped 1024 AICore record slot(s) with start_time=0 (race-window write or recycled-buffer tail). buf seq=0 count=1024
[mono_ns=7230207045404354][T0xf2fa3f7aeca0][WARN] copy_aicore_buffer: [chip_swimlane_collector.cpp:689] Core 29: skipped 1024 AICore record slot(s) with start_time=0 (race-window write or recycled-buffer tail). buf seq=0 count=1024
[mono_ns=7230207045415484][T0xf2fa549ecca0][WARN] copy_aicore_buffer: [chip_swimlane_collector.cpp:689] Core 25: skipped 1022 AICore record slot(s) with start_time=0 (race-window write or recycled-buffer tail). buf seq=0 count=1024
[mono_ns=7230207045656065][T0xf2fa3ffbeca0][WARN] copy_aicore_buffer: [chip_swimlane_collector.cpp:689] Core 4: skipped 1024 AICore record slot(s) with start_time=0 (race-window write or recycled-buffer tail). buf seq=0 count=1024
[mono_ns=7230207045688736][T0xf2fa3f7aeca0][WARN] copy_aicore_buffer: [chip_swimlane_collector.cpp:689] Core 5: skipped 1024 AICore record slot(s) with start_time=0 (race-window write or recycled-buffer tail). buf seq=0 count=1024
[mono_ns=7230207045711776][T0xf2fa549ecca0][WARN] copy_aicore_buffer: [chip_swimlane_collector.cpp:689] Core 3: skipped 1024 AICore record slot(s) with start_time=0 (race-window write or recycled-buffer tail). buf seq=0 count=1024
[mono_ns=7230207045937967][T0xf2fa3ffbeca0][WARN] copy_aicore_buffer: [chip_swimlane_collector.cpp:689] Core 32: skipped 1024 AICore record slot(s) with start_time=0 (race-window write or recycled-buffer tail). buf seq=0 count=1024
[mono_ns=7230207045972927][T0xf2fa3f7aeca0][WARN] copy_aicore_buffer: [chip_swimlane_collector.cpp:689] Core 34: skipped 1024 AICore record slot(s) with start_time=0 (race-window write or recycled-buffer tail). buf seq=0 count=1024
[mono_ns=7230207046016257][T0xf2fa549ecca0][WARN] copy_aicore_buffer: [chip_swimlane_collector.cpp:689] Core 30: skipped 1024 AICore record slot(s) with start_time=0 (race-window write or recycled-buffer tail). buf seq=0 count=1024
[mono_ns=7230207046238389][T0xf2fa3ffbeca0][WARN] copy_aicore_buffer: [chip_swimlane_collector.cpp:689] Core 33: skipped 1023 AICore record slot(s) with start_time=0 (race-window write or recycled-buffer tail). buf seq=0 count=1024
[mono_ns=7230207046265149][T0xf2fa3f7aeca0][WARN] copy_aicore_buffer: [chip_swimlane_collector.cpp:689] Core 35: skipped 1024 AICore record slot(s) with start_time=0 (race-window write or recycled-buffer tail). buf seq=0 count=1024
[mono_ns=7230207046351799][T0xf2fa549ecca0][WARN] copy_aicore_buffer: [chip_swimlane_collector.cpp:689] Core 31: skipped 1024 AICore record slot(s) with start_time=0 (race-window write or recycled-buffer tail). buf seq=0 count=1024
[mono_ns=7230207046521720][T0xf2fa3ffbeca0][WARN] copy_aicore_buffer: [chip_swimlane_collector.cpp:689] Core 7: skipped 1024 AICore record slot(s) with start_time=0 (race-window write or recycled-buffer tail). buf seq=0 count=1024
[mono_ns=7230207046548150][T0xf2fa3f7aeca0][WARN] copy_aicore_buffer: [chip_swimlane_collector.cpp:689] Core 8: skipped 1024 AICore record slot(s) with start_time=0 (race-window write or recycled-buffer tail). buf seq=0 count=1024
[mono_ns=7230207046649281][T0xf2fa549ecca0][WARN] copy_aicore_buffer: [chip_swimlane_collector.cpp:689] Core 6: skipped 1024 AICore record slot(s) with start_time=0 (race-window write or recycled-buffer tail). buf seq=0 count=1024
[mono_ns=7230207046804502][T0xf2fa3ffbeca0][WARN] copy_aicore_buffer: [chip_swimlane_collector.cpp:689] Core 38: skipped 1024 AICore record slot(s) with start_time=0 (race-window write or recycled-buffer tail). buf seq=0 count=1024
[mono_ns=7230207046830632][T0xf2fa3f7aeca0][WARN] copy_aicore_buffer: [chip_swimlane_collector.cpp:689] Core 40: skipped 1024 AICore record slot(s) with start_time=0 (race-window write or recycled-buffer tail). buf seq=0 count=1024
[mono_ns=7230207046944902][T0xf2fa549ecca0][WARN] copy_aicore_buffer: [chip_swimlane_collector.cpp:689] Core 36: skipped 1024 AICore record slot(s) with start_time=0 (race-window write or recycled-buffer tail). buf seq=0 count=1024
[mono_ns=7230207047145933][T0xf2fa3f7aeca0][WARN] copy_aicore_buffer: [chip_swimlane_collector.cpp:689] Core 41: skipped 1024 AICore record slot(s) with start_time=0 (race-window write or recycled-buffer tail). buf seq=0 count=1024
[mono_ns=7230207047147233][T0xf2fa3ffbeca0][WARN] copy_aicore_buffer: [chip_swimlane_collector.cpp:689] Core 39: skipped 1024 AICore record slot(s) with start_time=0 (race-window write or recycled-buffer tail). buf seq=0 count=1024
[mono_ns=7230207047258294][T0xf2fa549ecca0][WARN] copy_aicore_buffer: [chip_swimlane_collector.cpp:689] Core 37: skipped 1024 AICore record slot(s) with start_time=0 (race-window write or recycled-buffer tail). buf seq=0 count=1024
[mono_ns=7230207047429755][T0xf2fa3ffbeca0][WARN] copy_aicore_buffer: [chip_swimlane_collector.cpp:689] Core 10: skipped 1024 AICore record slot(s) with start_time=0 (race-window write or recycled-buffer tail). buf seq=0 count=1024
[mono_ns=7230207047429825][T0xf2fa3f7aeca0][WARN] copy_aicore_buffer: [chip_swimlane_collector.cpp:689] Core 11: skipped 1024 AICore record slot(s) with start_time=0 (race-window write or recycled-buffer tail). buf seq=0 count=1024
[mono_ns=7230207047554486][T0xf2fa549ecca0][WARN] copy_aicore_buffer: [chip_swimlane_collector.cpp:689] Core 9: skipped 1024 AICore record slot(s) with start_time=0 (race-window write or recycled-buffer tail). buf seq=0 count=1024
[mono_ns=7230207047711686][T0xf2fa3ffbeca0][WARN] copy_aicore_buffer: [chip_swimlane_collector.cpp:689] Core 44: skipped 1024 AICore record slot(s) with start_time=0 (race-window write or recycled-buffer tail). buf seq=0 count=1024
[mono_ns=7230207047712886][T0xf2fa3f7aeca0][WARN] copy_aicore_buffer: [chip_swimlane_collector.cpp:689] Core 46: skipped 1024 AICore record slot(s) with start_time=0 (race-window write or recycled-buffer tail). buf seq=0 count=1024
[mono_ns=7230207047891397][T0xf2fa549ecca0][WARN] copy_aicore_buffer: [chip_swimlane_collector.cpp:689] Core 42: skipped 1024 AICore record slot(s) with start_time=0 (race-window write or recycled-buffer tail). buf seq=0 count=1024
[mono_ns=7230207047993428][T0xf2fa3ffbeca0][WARN] copy_aicore_buffer: [chip_swimlane_collector.cpp:689] Core 45: skipped 1024 AICore record slot(s) with start_time=0 (race-window write or recycled-buffer tail). buf seq=0 count=1024
[mono_ns=7230207047994628][T0xf2fa3f7aeca0][WARN] copy_aicore_buffer: [chip_swimlane_collector.cpp:689] Core 47: skipped 1024 AICore record slot(s) with start_time=0 (race-window write or recycled-buffer tail). buf seq=0 count=1024
[mono_ns=7230207048195169][T0xf2fa549ecca0][WARN] copy_aicore_buffer: [chip_swimlane_collector.cpp:689] Core 43: skipped 1024 AICore record slot(s) with start_time=0 (race-window write or recycled-buffer tail). buf seq=0 count=1024
[mono_ns=7230207048288489][T0xf2fa3f7aeca0][WARN] copy_aicore_buffer: [chip_swimlane_collector.cpp:689] Core 14: skipped 1024 AICore record slot(s) with start_time=0 (race-window write or recycled-buffer tail). buf seq=0 count=1024
[mono_ns=7230207048290079][T0xf2fa3ffbeca0][WARN] copy_aicore_buffer: [chip_swimlane_collector.cpp:689] Core 13: skipped 1024 AICore record slot(s) with start_time=0 (race-window write or recycled-buffer tail). buf seq=0 count=1024
[mono_ns=7230207048491431][T0xf2fa549ecca0][WARN] copy_aicore_buffer: [chip_swimlane_collector.cpp:689] Core 12: skipped 1024 AICore record slot(s) with start_time=0 (race-window write or recycled-buffer tail). buf seq=0 count=1024
[mono_ns=7230207048572991][T0xf2fa3f7aeca0][WARN] copy_aicore_buffer: [chip_swimlane_collector.cpp:689] Core 52: skipped 1024 AICore record slot(s) with start_time=0 (race-window write or recycled-buffer tail). buf seq=0 count=1024
[mono_ns=7230207048600041][T0xf2fa3ffbeca0][WARN] copy_aicore_buffer: [chip_swimlane_collector.cpp:689] Core 50: skipped 1024 AICore record slot(s) with start_time=0 (race-window write or recycled-buffer tail). buf seq=0 count=1024
[mono_ns=7230207048788152][T0xf2fa549ecca0][WARN] copy_aicore_buffer: [chip_swimlane_collector.cpp:689] Core 48: skipped 1024 AICore record slot(s) with start_time=0 (race-window write or recycled-buffer tail). buf seq=0 count=1024
[mono_ns=7230207048855963][T0xf2fa3f7aeca0][WARN] copy_aicore_buffer: [chip_swimlane_collector.cpp:689] Core 53: skipped 1024 AICore record slot(s) with start_time=0 (race-window write or recycled-buffer tail). buf seq=0 count=1024
[mono_ns=7230207048881473][T0xf2fa3ffbeca0][WARN] copy_aicore_buffer: [chip_swimlane_collector.cpp:689] Core 51: skipped 1024 AICore record slot(s) with start_time=0 (race-window write or recycled-buffer tail). buf seq=0 count=1024
[mono_ns=7230207049094294][T0xf2fa549ecca0][WARN] copy_aicore_buffer: [chip_swimlane_collector.cpp:689] Core 49: skipped 1024 AICore record slot(s) with start_time=0 (race-window write or recycled-buffer tail). buf seq=0 count=1024
[mono_ns=7230207049150784][T0xf2fa3f7aeca0][WARN] copy_aicore_buffer: [chip_swimlane_collector.cpp:689] Core 17: skipped 1024 AICore record slot(s) with start_time=0 (race-window write or recycled-buffer tail). buf seq=0 count=1024
[mono_ns=7230207049176634][T0xf2fa3ffbeca0][WARN] copy_aicore_buffer: [chip_swimlane_collector.cpp:689] Core 16: skipped 1024 AICore record slot(s) with start_time=0 (race-window write or recycled-buffer tail). buf seq=0 count=1024
[mono_ns=7230207049390605][T0xf2fa549ecca0][WARN] copy_aicore_buffer: [chip_swimlane_collector.cpp:689] Core 15: skipped 1024 AICore record slot(s) with start_time=0 (race-window write or recycled-buffer tail). buf seq=0 count=1024
[mono_ns=7230207049445546][T0xf2fa3f7aeca0][WARN] copy_aicore_buffer: [chip_swimlane_collector.cpp:689] Core 58: skipped 1024 AICore record slot(s) with start_time=0 (race-window write or recycled-buffer tail). buf seq=0 count=1024
[mono_ns=7230207049458806][T0xf2fa3ffbeca0][WARN] copy_aicore_buffer: [chip_swimlane_collector.cpp:689] Core 56: skipped 1024 AICore record slot(s) with start_time=0 (race-window write or recycled-buffer tail). buf seq=0 count=1024
[mono_ns=7230207049686517][T0xf2fa549ecca0][WARN] copy_aicore_buffer: [chip_swimlane_collector.cpp:689] Core 54: skipped 1024 AICore record slot(s) with start_time=0 (race-window write or recycled-buffer tail). buf seq=0 count=1024
[mono_ns=7230207049730867][T0xf2fa3f7aeca0][WARN] copy_aicore_buffer: [chip_swimlane_collector.cpp:689] Core 59: skipped 1024 AICore record slot(s) with start_time=0 (race-window write or recycled-buffer tail). buf seq=0 count=1024
[mono_ns=7230207049774857][T0xf2fa3ffbeca0][WARN] copy_aicore_buffer: [chip_swimlane_collector.cpp:689] Core 57: skipped 1024 AICore record slot(s) with start_time=0 (race-window write or recycled-buffer tail). buf seq=0 count=1024
[mono_ns=7230207049982969][T0xf2fa549ecca0][WARN] copy_aicore_buffer: [chip_swimlane_collector.cpp:689] Core 55: skipped 1024 AICore record slot(s) with start_time=0 (race-window write or recycled-buffer tail). buf seq=0 count=1024
[mono_ns=7230207050035609][T0xf2fa3f7aeca0][WARN] copy_aicore_buffer: [chip_swimlane_collector.cpp:689] Core 20: skipped 1024 AICore record slot(s) with start_time=0 (race-window write or recycled-buffer tail). buf seq=0 count=1024
[mono_ns=7230207050069169][T0xf2fa3ffbeca0][WARN] copy_aicore_buffer: [chip_swimlane_collector.cpp:689] Core 19: skipped 1024 AICore record slot(s) with start_time=0 (race-window write or recycled-buffer tail). buf seq=0 count=1024
[mono_ns=7230207050310980][T0xf2fa549ecca0][WARN] copy_aicore_buffer: [chip_swimlane_collector.cpp:689] Core 18: skipped 1024 AICore record slot(s) with start_time=0 (race-window write or recycled-buffer tail). buf seq=0 count=1024
[mono_ns=7230207050317420][T0xf2fa3f7aeca0][WARN] copy_aicore_buffer: [chip_swimlane_collector.cpp:689] Core 64: skipped 1024 AICore record slot(s) with start_time=0 (race-window write or recycled-buffer tail). buf seq=0 count=1024
[mono_ns=7230207050351321][T0xf2fa3ffbeca0][WARN] copy_aicore_buffer: [chip_swimlane_collector.cpp:689] Core 62: skipped 1024 AICore record slot(s) with start_time=0 (race-window write or recycled-buffer tail). buf seq=0 count=1024
[mono_ns=7230207050600522][T0xf2fa3f7aeca0][WARN] copy_aicore_buffer: [chip_swimlane_collector.cpp:689] Core 65: skipped 1024 AICore record slot(s) with start_time=0 (race-window write or recycled-buffer tail). buf seq=0 count=1024
[mono_ns=7230207050608152][T0xf2fa549ecca0][WARN] copy_aicore_buffer: [chip_swimlane_collector.cpp:689] Core 60: skipped 1024 AICore record slot(s) with start_time=0 (race-window write or recycled-buffer tail). buf seq=0 count=1024
[mono_ns=7230207050633982][T0xf2fa3ffbeca0][WARN] copy_aicore_buffer: [chip_swimlane_collector.cpp:689] Core 63: skipped 1024 AICore record slot(s) with start_time=0 (race-window write or recycled-buffer tail). buf seq=0 count=1024
[mono_ns=7230207050884783][T0xf2fa3f7aeca0][WARN] copy_aicore_buffer: [chip_swimlane_collector.cpp:689] Core 23: skipped 1024 AICore record slot(s) with start_time=0 (race-window write or recycled-buffer tail). buf seq=0 count=1024
[mono_ns=7230207050916494][T0xf2fa3ffbeca0][WARN] copy_aicore_buffer: [chip_swimlane_collector.cpp:689] Core 22: skipped 1024 AICore record slot(s) with start_time=0 (race-window write or recycled-buffer tail). buf seq=0 count=1024
[mono_ns=7230207050942644][T0xf2fa549ecca0][WARN] copy_aicore_buffer: [chip_swimlane_collector.cpp:689] Core 61: skipped 1024 AICore record slot(s) with start_time=0 (race-window write or recycled-buffer tail). buf seq=0 count=1024
[mono_ns=7230207051176915][T0xf2fa3f7aeca0][WARN] copy_aicore_buffer: [chip_swimlane_collector.cpp:689] Core 70: skipped 1024 AICore record slot(s) with start_time=0 (race-window write or recycled-buffer tail). buf seq=0 count=1024
[mono_ns=7230207051208755][T0xf2fa3ffbeca0][WARN] copy_aicore_buffer: [chip_swimlane_collector.cpp:689] Core 68: skipped 1024 AICore record slot(s) with start_time=0 (race-window write or recycled-buffer tail). buf seq=0 count=1024
[mono_ns=7230207051251105][T0xf2fa549ecca0][WARN] copy_aicore_buffer: [chip_swimlane_collector.cpp:689] Core 21: skipped 1024 AICore record slot(s) with start_time=0 (race-window write or recycled-buffer tail). buf seq=0 count=1024
[mono_ns=7230207051459766][T0xf2fa3f7aeca0][WARN] copy_aicore_buffer: [chip_swimlane_collector.cpp:689] Core 71: skipped 1024 AICore record slot(s) with start_time=0 (race-window write or recycled-buffer tail). buf seq=0 count=1024
[mono_ns=7230207051490427][T0xf2fa3ffbeca0][WARN] copy_aicore_buffer: [chip_swimlane_collector.cpp:689] Core 69: skipped 1024 AICore record slot(s) with start_time=0 (race-window write or recycled-buffer tail). buf seq=0 count=1024
[mono_ns=7230207051547517][T0xf2fa549ecca0][WARN] copy_aicore_buffer: [chip_swimlane_collector.cpp:689] Core 66: skipped 1024 AICore record slot(s) with start_time=0 (race-window write or recycled-buffer tail). buf seq=0 count=1024
[mono_ns=7230207051844278][T0xf2fa549ecca0][WARN] copy_aicore_buffer: [chip_swimlane_collector.cpp:689] Core 67: skipped 1024 AICore record slot(s) with start_time=0 (race-window write or recycled-buffer tail). buf seq=0 count=1024
[mono_ns=7230207152333456][T0xf2fb9d32b020][TIMING] emit_host_span: [STRACE] v=1 pid=171886 tid=171886 inv=16 hid=e6ec8d6f21e99491 depth=1 name=chip.run.runner_run ts=7230207043528264 dur=108798082 
[mono_ns=7230207152415667][T0xf2fb9d32b020][TIMING] emit_host_span: [STRACE] v=1 pid=171886 tid=171886 inv=16 hid=e6ec8d6f21e99491 depth=1 name=chip.run.validate ts=7230207152345766 dur=66011 
[mono_ns=7230207152427397][T0xf2fb9d32b020][TIMING] emit_host_span: [STRACE] v=1 pid=171886 tid=171886 inv=16 hid=e6ec8d6f21e99491 depth=2 name=chip.run.runner_run.device_wall ts=0 dur=751140 clk=dev
[mono_ns=7230207152431527][T0xf2fb9d32b020][TIMING] emit_host_span: [STRACE] v=1 pid=171886 tid=171886 inv=16 hid=e6ec8d6f21e99491 depth=3 name=chip.run.runner_run.device_wall.preamble ts=0 dur=614120 clk=dev
[mono_ns=7230207152435747][T0xf2fb9d32b020][TIMING] emit_host_span: [STRACE] v=1 pid=171886 tid=171886 inv=16 hid=e6ec8d6f21e99491 depth=3 name=chip.run.runner_run.device_wall.graph_build ts=610120 dur=130460 clk=dev
[mono_ns=7230207152480077][T0xf2fb9d32b020][TIMING] emit_host_span: [STRACE] v=1 pid=171886 tid=171886 inv=16 hid=e6ec8d6f21e99491 depth=3 name=chip.run.runner_run.device_wall.config_validate ts=610260 dur=720 clk=dev
[mono_ns=7230207152484157][T0xf2fb9d32b020][TIMING] emit_host_span: [STRACE] v=1 pid=171886 tid=171886 inv=16 hid=e6ec8d6f21e99491 depth=3 name=chip.run.runner_run.device_wall.arena_wire ts=611000 dur=560 clk=dev
[mono_ns=7230207152487177][T0xf2fb9d32b020][TIMING] emit_host_span: [STRACE] v=1 pid=171886 tid=171886 inv=16 hid=e6ec8d6f21e99491 depth=3 name=chip.run.runner_run.device_wall.sm_reset ts=611580 dur=799 clk=dev
[mono_ns=7230207152490057][T0xf2fb9d32b020][TIMING] emit_host_span: [STRACE] v=1 pid=171886 tid=171886 inv=16 hid=e6ec8d6f21e99491 depth=3 name=chip.run.runner_run.device_wall.post_orch ts=740620 dur=10420 clk=dev
[mono_ns=7230207152493687][T0xf2fb9d32b020][TIMING] emit_host_span: [STRACE] v=1 pid=171886 tid=171886 inv=16 hid=e6ec8d6f21e99491 depth=3 name=chip.run.runner_run.device_wall.orch ts=612440 dur=4640 clk=dev
[mono_ns=7230207152497367][T0xf2fb9d32b020][TIMING] emit_host_span: [STRACE] v=1 pid=171886 tid=171886 inv=16 hid=e6ec8d6f21e99491 depth=3 name=chip.run.runner_run.device_wall.sched ts=614280 dur=109259 clk=dev
[mono_ns=7230207152501867][T0xf2fb9d32b020][TIMING] emit_host_span: [STRACE] v=1 pid=171886 tid=171886 inv=16 hid=e6ec8d6f21e99491 depth=1 name=chip.run.claim_release ts=7230207152499697 dur=440 
[mono_ns=7230207152507017][T0xf2fb9d32b020][TIMING] emit_host_span: [STRACE] v=1 pid=171886 tid=171886 inv=16 hid=e6ec8d6f21e99491 depth=0 name=chip.run ts=7230207042975821 dur=109529216 run_id=16 dispatch_id=16 slot_id=0 generation=16 run_epoch=16
[mono_ns=7230212000639047][T0xf2fb9d32b020][TIMING] emit_host_span: [STRACE] v=1 pid=171886 tid=171886 inv=17 hid=e6ec8d6f21e99491 depth=2 name=chip.run.bind.args ts=7230212000500086 dur=129770 
[mono_ns=7230212000663137][T0xf2fb9d32b020][TIMING] emit_host_span: [STRACE] v=1 pid=171886 tid=171886 inv=17 hid=e6ec8d6f21e99491 depth=2 name=chip.run.bind.prebuilt ts=7230212000655107 dur=5450 
[mono_ns=7230212000668187][T0xf2fb9d32b020][TIMING] emit_host_span: [STRACE] v=1 pid=171886 tid=171886 inv=17 hid=e6ec8d6f21e99491 depth=1 name=chip.run.bind ts=7230212000487276 dur=178581 
[mono_ns=7230212109119377][T0xf2fb9d32b020][TIMING] emit_host_span: [STRACE] v=1 pid=171886 tid=171886 inv=17 hid=e6ec8d6f21e99491 depth=1 name=chip.run.runner_run ts=7230212001022299 dur=108086368 
[mono_ns=7230212109229798][T0xf2fb9d32b020][TIMING] emit_host_span: [STRACE] v=1 pid=171886 tid=171886 inv=17 hid=e6ec8d6f21e99491 depth=1 name=chip.run.validate ts=7230212109138607 dur=87241 
[mono_ns=7230212109241518][T0xf2fb9d32b020][TIMING] emit_host_span: [STRACE] v=1 pid=171886 tid=171886 inv=17 hid=e6ec8d6f21e99491 depth=2 name=chip.run.runner_run.device_wall ts=0 dur=2744880 clk=dev
[mono_ns=7230212109247098][T0xf2fb9d32b020][TIMING] emit_host_span: [STRACE] v=1 pid=171886 tid=171886 inv=17 hid=e6ec8d6f21e99491 depth=3 name=chip.run.runner_run.device_wall.preamble ts=0 dur=6420 clk=dev
[mono_ns=7230212109298738][T0xf2fb9d32b020][TIMING] emit_host_span: [STRACE] v=1 pid=171886 tid=171886 inv=17 hid=e6ec8d6f21e99491 depth=3 name=chip.run.runner_run.device_wall.graph_build ts=1839 dur=2732640 clk=dev
[mono_ns=7230212109302778][T0xf2fb9d32b020][TIMING] emit_host_span: [STRACE] v=1 pid=171886 tid=171886 inv=17 hid=e6ec8d6f21e99491 depth=3 name=chip.run.runner_run.device_wall.config_validate ts=1920 dur=700 clk=dev
[mono_ns=7230212109306878][T0xf2fb9d32b020][TIMING] emit_host_span: [STRACE] v=1 pid=171886 tid=171886 inv=17 hid=e6ec8d6f21e99491 depth=3 name=chip.run.runner_run.device_wall.arena_wire ts=2640 dur=640 clk=dev
[mono_ns=7230212109310058][T0xf2fb9d32b020][TIMING] emit_host_span: [STRACE] v=1 pid=171886 tid=171886 inv=17 hid=e6ec8d6f21e99491 depth=3 name=chip.run.runner_run.device_wall.sm_reset ts=3300 dur=1599 clk=dev
[mono_ns=7230212109313858][T0xf2fb9d32b020][TIMING] emit_host_span: [STRACE] v=1 pid=171886 tid=171886 inv=17 hid=e6ec8d6f21e99491 depth=3 name=chip.run.runner_run.device_wall.post_orch ts=2734520 dur=10200 clk=dev
[mono_ns=7230212109317598][T0xf2fb9d32b020][TIMING] emit_host_span: [STRACE] v=1 pid=171886 tid=171886 inv=17 hid=e6ec8d6f21e99491 depth=3 name=chip.run.runner_run.device_wall.orch ts=5420 dur=9900 clk=dev
[mono_ns=7230212109320618][T0xf2fb9d32b020][TIMING] emit_host_span: [STRACE] v=1 pid=171886 tid=171886 inv=17 hid=e6ec8d6f21e99491 depth=3 name=chip.run.runner_run.device_wall.sched ts=6479 dur=2720859 clk=dev
[mono_ns=7230212109325898][T0xf2fb9d32b020][TIMING] emit_host_span: [STRACE] v=1 pid=171886 tid=171886 inv=17 hid=e6ec8d6f21e99491 depth=1 name=chip.run.claim_release ts=7230212109323718 dur=360 
[mono_ns=7230212109348168][T0xf2fb9d32b020][TIMING] emit_host_span: [STRACE] v=1 pid=171886 tid=171886 inv=17 hid=e6ec8d6f21e99491 depth=0 name=chip.run ts=7230212000388025 dur=108956413 run_id=17 dispatch_id=17 slot_id=0 generation=17 run_epoch=17
[mono_ns=7230212118478487][T0xf2fb9d32b020][TIMING] emit_host_span: [STRACE] v=1 pid=171886 tid=171886 inv=18 hid=e6ec8d6f21e99491 depth=2 name=chip.run.bind.args ts=7230212118364176 dur=108621 
[mono_ns=7230212118496347][T0xf2fb9d32b020][TIMING] emit_host_span: [STRACE] v=1 pid=171886 tid=171886 inv=18 hid=e6ec8d6f21e99491 depth=2 name=chip.run.bind.prebuilt ts=7230212118490907 dur=3050 
[mono_ns=7230212118501067][T0xf2fb9d32b020][TIMING] emit_host_span: [STRACE] v=1 pid=171886 tid=171886 inv=18 hid=e6ec8d6f21e99491 depth=1 name=chip.run.bind ts=7230212118355966 dur=142821 
[mono_ns=7230212120071736][T0xf2fa3f7aeca0][WARN] copy_aicore_buffer: [chip_swimlane_collector.cpp:689] Core 2: skipped 1024 AICore record slot(s) with start_time=0 (race-window write or recycled-buffer tail). buf seq=0 count=1024
[mono_ns=7230212120092326][T0xf2fa3ffbeca0][WARN] copy_aicore_buffer: [chip_swimlane_collector.cpp:689] Core 1: skipped 1024 AICore record slot(s) with start_time=0 (race-window write or recycled-buffer tail). buf seq=0 count=1024
[mono_ns=7230212120125586][T0xf2fa549ecca0][WARN] copy_aicore_buffer: [chip_swimlane_collector.cpp:689] Core 0: skipped 1024 AICore record slot(s) with start_time=0 (race-window write or recycled-buffer tail). buf seq=0 count=1024
[mono_ns=7230212120362857][T0xf2fa3f7aeca0][WARN] copy_aicore_buffer: [chip_swimlane_collector.cpp:689] Core 28: skipped 1023 AICore record slot(s) with start_time=0 (race-window write or recycled-buffer tail). buf seq=0 count=1024
[mono_ns=7230212120379747][T0xf2fa3ffbeca0][WARN] copy_aicore_buffer: [chip_swimlane_collector.cpp:689] Core 26: skipped 1022 AICore record slot(s) with start_time=0 (race-window write or recycled-buffer tail). buf seq=0 count=1024
[mono_ns=7230212120427417][T0xf2fa549ecca0][WARN] copy_aicore_buffer: [chip_swimlane_collector.cpp:689] Core 24: skipped 1024 AICore record slot(s) with start_time=0 (race-window write or recycled-buffer tail). buf seq=0 count=1024
[mono_ns=7230212120662559][T0xf2fa3f7aeca0][WARN] copy_aicore_buffer: [chip_swimlane_collector.cpp:689] Core 29: skipped 1024 AICore record slot(s) with start_time=0 (race-window write or recycled-buffer tail). buf seq=0 count=1024
[mono_ns=7230212120663879][T0xf2fa3ffbeca0][WARN] copy_aicore_buffer: [chip_swimlane_collector.cpp:689] Core 27: skipped 1024 AICore record slot(s) with start_time=0 (race-window write or recycled-buffer tail). buf seq=0 count=1024
[mono_ns=7230212120724989][T0xf2fa549ecca0][WARN] copy_aicore_buffer: [chip_swimlane_collector.cpp:689] Core 25: skipped 1023 AICore record slot(s) with start_time=0 (race-window write or recycled-buffer tail). buf seq=0 count=1024
[mono_ns=7230212120945840][T0xf2fa3ffbeca0][WARN] copy_aicore_buffer: [chip_swimlane_collector.cpp:689] Core 4: skipped 1024 AICore record slot(s) with start_time=0 (race-window write or recycled-buffer tail). buf seq=0 count=1024
[mono_ns=7230212120946140][T0xf2fa3f7aeca0][WARN] copy_aicore_buffer: [chip_swimlane_collector.cpp:689] Core 5: skipped 1024 AICore record slot(s) with start_time=0 (race-window write or recycled-buffer tail). buf seq=0 count=1024
[mono_ns=7230212121037481][T0xf2fa549ecca0][WARN] copy_aicore_buffer: [chip_swimlane_collector.cpp:689] Core 3: skipped 1024 AICore record slot(s) with start_time=0 (race-window write or recycled-buffer tail). buf seq=0 count=1024
[mono_ns=7230212121243392][T0xf2fa3ffbeca0][WARN] copy_aicore_buffer: [chip_swimlane_collector.cpp:689] Core 32: skipped 1024 AICore record slot(s) with start_time=0 (race-window write or recycled-buffer tail). buf seq=0 count=1024
[mono_ns=7230212121244302][T0xf2fa3f7aeca0][WARN] copy_aicore_buffer: [chip_swimlane_collector.cpp:689] Core 34: skipped 1022 AICore record slot(s) with start_time=0 (race-window write or recycled-buffer tail). buf seq=0 count=1024
[mono_ns=7230212121347492][T0xf2fa549ecca0][WARN] copy_aicore_buffer: [chip_swimlane_collector.cpp:689] Core 30: skipped 1024 AICore record slot(s) with start_time=0 (race-window write or recycled-buffer tail). buf seq=0 count=1024
[mono_ns=7230212121526893][T0xf2fa3f7aeca0][WARN] copy_aicore_buffer: [chip_swimlane_collector.cpp:689] Core 35: skipped 1024 AICore record slot(s) with start_time=0 (race-window write or recycled-buffer tail). buf seq=0 count=1024
[mono_ns=7230212121528333][T0xf2fa3ffbeca0][WARN] copy_aicore_buffer: [chip_swimlane_collector.cpp:689] Core 33: skipped 1024 AICore record slot(s) with start_time=0 (race-window write or recycled-buffer tail). buf seq=0 count=1024
[mono_ns=7230212121643944][T0xf2fa549ecca0][WARN] copy_aicore_buffer: [chip_swimlane_collector.cpp:689] Core 31: skipped 1024 AICore record slot(s) with start_time=0 (race-window write or recycled-buffer tail). buf seq=0 count=1024
[mono_ns=7230212121809865][T0xf2fa3ffbeca0][WARN] copy_aicore_buffer: [chip_swimlane_collector.cpp:689] Core 7: skipped 1024 AICore record slot(s) with start_time=0 (race-window write or recycled-buffer tail). buf seq=0 count=1024
[mono_ns=7230212121810515][T0xf2fa3f7aeca0][WARN] copy_aicore_buffer: [chip_swimlane_collector.cpp:689] Core 8: skipped 1024 AICore record slot(s) with start_time=0 (race-window write or recycled-buffer tail). buf seq=0 count=1024
[mono_ns=7230212121940016][T0xf2fa549ecca0][WARN] copy_aicore_buffer: [chip_swimlane_collector.cpp:689] Core 6: skipped 1024 AICore record slot(s) with start_time=0 (race-window write or recycled-buffer tail). buf seq=0 count=1024
[mono_ns=7230212122106606][T0xf2fa3ffbeca0][WARN] copy_aicore_buffer: [chip_swimlane_collector.cpp:689] Core 38: skipped 1024 AICore record slot(s) with start_time=0 (race-window write or recycled-buffer tail). buf seq=0 count=1024
[mono_ns=7230212122141587][T0xf2fa3f7aeca0][WARN] copy_aicore_buffer: [chip_swimlane_collector.cpp:689] Core 40: skipped 1024 AICore record slot(s) with start_time=0 (race-window write or recycled-buffer tail). buf seq=0 count=1024
[mono_ns=7230212122244517][T0xf2fa549ecca0][WARN] copy_aicore_buffer: [chip_swimlane_collector.cpp:689] Core 36: skipped 1024 AICore record slot(s) with start_time=0 (race-window write or recycled-buffer tail). buf seq=0 count=1024
[mono_ns=7230212122389508][T0xf2fa3ffbeca0][WARN] copy_aicore_buffer: [chip_swimlane_collector.cpp:689] Core 39: skipped 1024 AICore record slot(s) with start_time=0 (race-window write or recycled-buffer tail). buf seq=0 count=1024
[mono_ns=7230212122426248][T0xf2fa3f7aeca0][WARN] copy_aicore_buffer: [chip_swimlane_collector.cpp:689] Core 41: skipped 1024 AICore record slot(s) with start_time=0 (race-window write or recycled-buffer tail). buf seq=0 count=1024
[mono_ns=7230212122541219][T0xf2fa549ecca0][WARN] copy_aicore_buffer: [chip_swimlane_collector.cpp:689] Core 37: skipped 1024 AICore record slot(s) with start_time=0 (race-window write or recycled-buffer tail). buf seq=0 count=1024
[mono_ns=7230212122672209][T0xf2fa3ffbeca0][WARN] copy_aicore_buffer: [chip_swimlane_collector.cpp:689] Core 10: skipped 1024 AICore record slot(s) with start_time=0 (race-window write or recycled-buffer tail). buf seq=0 count=1024
[mono_ns=7230212122708380][T0xf2fa3f7aeca0][WARN] copy_aicore_buffer: [chip_swimlane_collector.cpp:689] Core 11: skipped 1024 AICore record slot(s) with start_time=0 (race-window write or recycled-buffer tail). buf seq=0 count=1024
[mono_ns=7230212122873651][T0xf2fa549ecca0][WARN] copy_aicore_buffer: [chip_swimlane_collector.cpp:689] Core 9: skipped 1024 AICore record slot(s) with start_time=0 (race-window write or recycled-buffer tail). buf seq=0 count=1024
[mono_ns=7230212122953961][T0xf2fa3ffbeca0][WARN] copy_aicore_buffer: [chip_swimlane_collector.cpp:689] Core 44: skipped 1024 AICore record slot(s) with start_time=0 (race-window write or recycled-buffer tail). buf seq=0 count=1024
[mono_ns=7230212122991171][T0xf2fa3f7aeca0][WARN] copy_aicore_buffer: [chip_swimlane_collector.cpp:689] Core 46: skipped 1024 AICore record slot(s) with start_time=0 (race-window write or recycled-buffer tail). buf seq=0 count=1024
[mono_ns=7230212123187162][T0xf2fa549ecca0][WARN] copy_aicore_buffer: [chip_swimlane_collector.cpp:689] Core 42: skipped 1024 AICore record slot(s) with start_time=0 (race-window write or recycled-buffer tail). buf seq=0 count=1024
[mono_ns=7230212123243983][T0xf2fa3ffbeca0][WARN] copy_aicore_buffer: [chip_swimlane_collector.cpp:689] Core 45: skipped 1024 AICore record slot(s) with start_time=0 (race-window write or recycled-buffer tail). buf seq=0 count=1024
[mono_ns=7230212123287173][T0xf2fa3f7aeca0][WARN] copy_aicore_buffer: [chip_swimlane_collector.cpp:689] Core 47: skipped 1024 AICore record slot(s) with start_time=0 (race-window write or recycled-buffer tail). buf seq=0 count=1024
[mono_ns=7230212123483424][T0xf2fa549ecca0][WARN] copy_aicore_buffer: [chip_swimlane_collector.cpp:689] Core 43: skipped 1024 AICore record slot(s) with start_time=0 (race-window write or recycled-buffer tail). buf seq=0 count=1024
[mono_ns=7230212123526234][T0xf2fa3ffbeca0][WARN] copy_aicore_buffer: [chip_swimlane_collector.cpp:689] Core 13: skipped 1024 AICore record slot(s) with start_time=0 (race-window write or recycled-buffer tail). buf seq=0 count=1024
[mono_ns=7230212123579794][T0xf2fa3f7aeca0][WARN] copy_aicore_buffer: [chip_swimlane_collector.cpp:689] Core 14: skipped 1024 AICore record slot(s) with start_time=0 (race-window write or recycled-buffer tail). buf seq=0 count=1024
[mono_ns=7230212123780835][T0xf2fa549ecca0][WARN] copy_aicore_buffer: [chip_swimlane_collector.cpp:689] Core 12: skipped 1024 AICore record slot(s) with start_time=0 (race-window write or recycled-buffer tail). buf seq=0 count=1024
[mono_ns=7230212123809086][T0xf2fa3ffbeca0][WARN] copy_aicore_buffer: [chip_swimlane_collector.cpp:689] Core 50: skipped 1024 AICore record slot(s) with start_time=0 (race-window write or recycled-buffer tail). buf seq=0 count=1024
[mono_ns=7230212123862666][T0xf2fa3f7aeca0][WARN] copy_aicore_buffer: [chip_swimlane_collector.cpp:689] Core 52: skipped 1024 AICore record slot(s) with start_time=0 (race-window write or recycled-buffer tail). buf seq=0 count=1024
[mono_ns=7230212124082847][T0xf2fa549ecca0][WARN] copy_aicore_buffer: [chip_swimlane_collector.cpp:689] Core 48: skipped 1024 AICore record slot(s) with start_time=0 (race-window write or recycled-buffer tail). buf seq=0 count=1024
[mono_ns=7230212124100797][T0xf2fa3ffbeca0][WARN] copy_aicore_buffer: [chip_swimlane_collector.cpp:689] Core 51: skipped 1024 AICore record slot(s) with start_time=0 (race-window write or recycled-buffer tail). buf seq=0 count=1024
[mono_ns=7230212124155677][T0xf2fa3f7aeca0][WARN] copy_aicore_buffer: [chip_swimlane_collector.cpp:689] Core 53: skipped 1024 AICore record slot(s) with start_time=0 (race-window write or recycled-buffer tail). buf seq=0 count=1024
[mono_ns=7230212124380679][T0xf2fa549ecca0][WARN] copy_aicore_buffer: [chip_swimlane_collector.cpp:689] Core 49: skipped 1024 AICore record slot(s) with start_time=0 (race-window write or recycled-buffer tail). buf seq=0 count=1024
[mono_ns=7230212124383299][T0xf2fa3ffbeca0][WARN] copy_aicore_buffer: [chip_swimlane_collector.cpp:689] Core 16: skipped 1024 AICore record slot(s) with start_time=0 (race-window write or recycled-buffer tail). buf seq=0 count=1024
[mono_ns=7230212124438399][T0xf2fa3f7aeca0][WARN] copy_aicore_buffer: [chip_swimlane_collector.cpp:689] Core 17: skipped 1024 AICore record slot(s) with start_time=0 (race-window write or recycled-buffer tail). buf seq=0 count=1024
[mono_ns=7230212124667940][T0xf2fa3ffbeca0][WARN] copy_aicore_buffer: [chip_swimlane_collector.cpp:689] Core 56: skipped 1024 AICore record slot(s) with start_time=0 (race-window write or recycled-buffer tail). buf seq=0 count=1024
[mono_ns=7230212124678560][T0xf2fa549ecca0][WARN] copy_aicore_buffer: [chip_swimlane_collector.cpp:689] Core 15: skipped 1024 AICore record slot(s) with start_time=0 (race-window write or recycled-buffer tail). buf seq=0 count=1024
[mono_ns=7230212124722050][T0xf2fa3f7aeca0][WARN] copy_aicore_buffer: [chip_swimlane_collector.cpp:689] Core 58: skipped 1024 AICore record slot(s) with start_time=0 (race-window write or recycled-buffer tail). buf seq=0 count=1024
[mono_ns=7230212124948902][T0xf2fa3ffbeca0][WARN] copy_aicore_buffer: [chip_swimlane_collector.cpp:689] Core 57: skipped 1024 AICore record slot(s) with start_time=0 (race-window write or recycled-buffer tail). buf seq=0 count=1024
[mono_ns=7230212124973832][T0xf2fa549ecca0][WARN] copy_aicore_buffer: [chip_swimlane_collector.cpp:689] Core 54: skipped 1024 AICore record slot(s) with start_time=0 (race-window write or recycled-buffer tail). buf seq=0 count=1024
[mono_ns=7230212125045002][T0xf2fa3f7aeca0][WARN] copy_aicore_buffer: [chip_swimlane_collector.cpp:689] Core 59: skipped 1024 AICore record slot(s) with start_time=0 (race-window write or recycled-buffer tail). buf seq=0 count=1024
[mono_ns=7230212125240773][T0xf2fa3ffbeca0][WARN] copy_aicore_buffer: [chip_swimlane_collector.cpp:689] Core 19: skipped 1024 AICore record slot(s) with start_time=0 (race-window write or recycled-buffer tail). buf seq=0 count=1024
[mono_ns=7230212125279583][T0xf2fa549ecca0][WARN] copy_aicore_buffer: [chip_swimlane_collector.cpp:689] Core 55: skipped 1024 AICore record slot(s) with start_time=0 (race-window write or recycled-buffer tail). buf seq=0 count=1024
[mono_ns=7230212125328164][T0xf2fa3f7aeca0][WARN] copy_aicore_buffer: [chip_swimlane_collector.cpp:689] Core 20: skipped 1024 AICore record slot(s) with start_time=0 (race-window write or recycled-buffer tail). buf seq=0 count=1024
[mono_ns=7230212125523105][T0xf2fa3ffbeca0][WARN] copy_aicore_buffer: [chip_swimlane_collector.cpp:689] Core 62: skipped 1024 AICore record slot(s) with start_time=0 (race-window write or recycled-buffer tail). buf seq=0 count=1024
[mono_ns=7230212125576675][T0xf2fa549ecca0][WARN] copy_aicore_buffer: [chip_swimlane_collector.cpp:689] Core 18: skipped 1024 AICore record slot(s) with start_time=0 (race-window write or recycled-buffer tail). buf seq=0 count=1024
[mono_ns=7230212125612175][T0xf2fa3f7aeca0][WARN] copy_aicore_buffer: [chip_swimlane_collector.cpp:689] Core 64: skipped 1024 AICore record slot(s) with start_time=0 (race-window write or recycled-buffer tail). buf seq=0 count=1024
[mono_ns=7230212125804546][T0xf2fa3ffbeca0][WARN] copy_aicore_buffer: [chip_swimlane_collector.cpp:689] Core 63: skipped 1024 AICore record slot(s) with start_time=0 (race-window write or recycled-buffer tail). buf seq=0 count=1024
[mono_ns=7230212125895907][T0xf2fa3f7aeca0][WARN] copy_aicore_buffer: [chip_swimlane_collector.cpp:689] Core 65: skipped 1024 AICore record slot(s) with start_time=0 (race-window write or recycled-buffer tail). buf seq=0 count=1024
[mono_ns=7230212125902437][T0xf2fa549ecca0][WARN] copy_aicore_buffer: [chip_swimlane_collector.cpp:689] Core 60: skipped 1024 AICore record slot(s) with start_time=0 (race-window write or recycled-buffer tail). buf seq=0 count=1024
[mono_ns=7230212126101418][T0xf2fa3ffbeca0][WARN] copy_aicore_buffer: [chip_swimlane_collector.cpp:689] Core 22: skipped 1024 AICore record slot(s) with start_time=0 (race-window write or recycled-buffer tail). buf seq=0 count=1024
[mono_ns=7230212126196638][T0xf2fa3f7aeca0][WARN] copy_aicore_buffer: [chip_swimlane_collector.cpp:689] Core 23: skipped 1024 AICore record slot(s) with start_time=0 (race-window write or recycled-buffer tail). buf seq=0 count=1024
[mono_ns=7230212126204878][T0xf2fa549ecca0][WARN] copy_aicore_buffer: [chip_swimlane_collector.cpp:689] Core 61: skipped 1024 AICore record slot(s) with start_time=0 (race-window write or recycled-buffer tail). buf seq=0 count=1024
[mono_ns=7230212126384239][T0xf2fa3ffbeca0][WARN] copy_aicore_buffer: [chip_swimlane_collector.cpp:689] Core 68: skipped 1024 AICore record slot(s) with start_time=0 (race-window write or recycled-buffer tail). buf seq=0 count=1024
[mono_ns=7230212126480170][T0xf2fa3f7aeca0][WARN] copy_aicore_buffer: [chip_swimlane_collector.cpp:689] Core 70: skipped 1024 AICore record slot(s) with start_time=0 (race-window write or recycled-buffer tail). buf seq=0 count=1024
[mono_ns=7230212126496820][T0xf2fa549ecca0][WARN] copy_aicore_buffer: [chip_swimlane_collector.cpp:689] Core 21: skipped 1024 AICore record slot(s) with start_time=0 (race-window write or recycled-buffer tail). buf seq=0 count=1024
[mono_ns=7230212126675981][T0xf2fa3ffbeca0][WARN] copy_aicore_buffer: [chip_swimlane_collector.cpp:689] Core 69: skipped 1024 AICore record slot(s) with start_time=0 (race-window write or recycled-buffer tail). buf seq=0 count=1024
[mono_ns=7230212126761871][T0xf2fa3f7aeca0][WARN] copy_aicore_buffer: [chip_swimlane_collector.cpp:689] Core 71: skipped 1024 AICore record slot(s) with start_time=0 (race-window write or recycled-buffer tail). buf seq=0 count=1024
[mono_ns=7230212126793162][T0xf2fa549ecca0][WARN] copy_aicore_buffer: [chip_swimlane_collector.cpp:689] Core 66: skipped 1024 AICore record slot(s) with start_time=0 (race-window write or recycled-buffer tail). buf seq=0 count=1024
[mono_ns=7230212127100413][T0xf2fa549ecca0][WARN] copy_aicore_buffer: [chip_swimlane_collector.cpp:689] Core 67: skipped 1024 AICore record slot(s) with start_time=0 (race-window write or recycled-buffer tail). buf seq=0 count=1024
[mono_ns=7230212227499550][T0xf2fb9d32b020][TIMING] emit_host_span: [STRACE] v=1 pid=171886 tid=171886 inv=18 hid=e6ec8d6f21e99491 depth=1 name=chip.run.runner_run ts=7230212118831679 dur=108661091 
[mono_ns=7230212227588201][T0xf2fb9d32b020][TIMING] emit_host_span: [STRACE] v=1 pid=171886 tid=171886 inv=18 hid=e6ec8d6f21e99491 depth=1 name=chip.run.validate ts=7230212227511880 dur=72501 
[mono_ns=7230212227608081][T0xf2fb9d32b020][TIMING] emit_host_span: [STRACE] v=1 pid=171886 tid=171886 inv=18 hid=e6ec8d6f21e99491 depth=2 name=chip.run.runner_run.device_wall ts=0 dur=751200 clk=dev
[mono_ns=7230212227612731][T0xf2fb9d32b020][TIMING] emit_host_span: [STRACE] v=1 pid=171886 tid=171886 inv=18 hid=e6ec8d6f21e99491 depth=3 name=chip.run.runner_run.device_wall.preamble ts=0 dur=620160 clk=dev
[mono_ns=7230212227616921][T0xf2fb9d32b020][TIMING] emit_host_span: [STRACE] v=1 pid=171886 tid=171886 inv=18 hid=e6ec8d6f21e99491 depth=3 name=chip.run.runner_run.device_wall.graph_build ts=615620 dur=125279 clk=dev
[mono_ns=7230212227621161][T0xf2fb9d32b020][TIMING] emit_host_span: [STRACE] v=1 pid=171886 tid=171886 inv=18 hid=e6ec8d6f21e99491 depth=3 name=chip.run.runner_run.device_wall.config_validate ts=615720 dur=740 clk=dev
[mono_ns=7230212227625151][T0xf2fb9d32b020][TIMING] emit_host_span: [STRACE] v=1 pid=171886 tid=171886 inv=18 hid=e6ec8d6f21e99491 depth=3 name=chip.run.runner_run.device_wall.arena_wire ts=616500 dur=640 clk=dev
[mono_ns=7230212227628881][T0xf2fb9d32b020][TIMING] emit_host_span: [STRACE] v=1 pid=171886 tid=171886 inv=18 hid=e6ec8d6f21e99491 depth=3 name=chip.run.runner_run.device_wall.sm_reset ts=617180 dur=700 clk=dev
[mono_ns=7230212227633551][T0xf2fb9d32b020][TIMING] emit_host_span: [STRACE] v=1 pid=171886 tid=171886 inv=18 hid=e6ec8d6f21e99491 depth=3 name=chip.run.runner_run.device_wall.post_orch ts=740980 dur=10080 clk=dev
[mono_ns=7230212227679451][T0xf2fb9d32b020][TIMING] emit_host_span: [STRACE] v=1 pid=171886 tid=171886 inv=18 hid=e6ec8d6f21e99491 depth=3 name=chip.run.runner_run.device_wall.orch ts=617920 dur=4400 clk=dev
[mono_ns=7230212227683261][T0xf2fb9d32b020][TIMING] emit_host_span: [STRACE] v=1 pid=171886 tid=171886 inv=18 hid=e6ec8d6f21e99491 depth=3 name=chip.run.runner_run.device_wall.sched ts=620360 dur=104380 clk=dev
[mono_ns=7230212227687791][T0xf2fb9d32b020][TIMING] emit_host_span: [STRACE] v=1 pid=171886 tid=171886 inv=18 hid=e6ec8d6f21e99491 depth=1 name=chip.run.claim_release ts=7230212227685751 dur=250 
[mono_ns=7230212227692121][T0xf2fb9d32b020][TIMING] emit_host_span: [STRACE] v=1 pid=171886 tid=171886 inv=18 hid=e6ec8d6f21e99491 depth=0 name=chip.run ts=7230212118326266 dur=109363905 run_id=18 dispatch_id=18 slot_id=0 generation=18 run_epoch=18
[mono_ns=7230217082675711][T0xf2fb9d32b020][TIMING] emit_host_span: [STRACE] v=1 pid=171886 tid=171886 inv=19 hid=e6ec8d6f21e99491 depth=2 name=chip.run.bind.args ts=7230217082471880 dur=197031 
[mono_ns=7230217082695771][T0xf2fb9d32b020][TIMING] emit_host_span: [STRACE] v=1 pid=171886 tid=171886 inv=19 hid=e6ec8d6f21e99491 depth=2 name=chip.run.bind.prebuilt ts=7230217082689211 dur=3930 
[mono_ns=7230217082700981][T0xf2fb9d32b020][TIMING] emit_host_span: [STRACE] v=1 pid=171886 tid=171886 inv=19 hid=e6ec8d6f21e99491 depth=1 name=chip.run.bind ts=7230217082464630 dur=234171 
[mono_ns=7230217190428738][T0xf2fb9d32b020][TIMING] emit_host_span: [STRACE] v=1 pid=171886 tid=171886 inv=19 hid=e6ec8d6f21e99491 depth=1 name=chip.run.runner_run ts=7230217082914463 dur=107505765 
[mono_ns=7230217190542349][T0xf2fb9d32b020][TIMING] emit_host_span: [STRACE] v=1 pid=171886 tid=171886 inv=19 hid=e6ec8d6f21e99491 depth=1 name=chip.run.validate ts=7230217190453898 dur=84291 
[mono_ns=7230217190554749][T0xf2fb9d32b020][TIMING] emit_host_span: [STRACE] v=1 pid=171886 tid=171886 inv=19 hid=e6ec8d6f21e99491 depth=2 name=chip.run.runner_run.device_wall ts=0 dur=158500 clk=dev
[mono_ns=7230217190560509][T0xf2fb9d32b020][TIMING] emit_host_span: [STRACE] v=1 pid=171886 tid=171886 inv=19 hid=e6ec8d6f21e99491 depth=3 name=chip.run.runner_run.device_wall.preamble ts=0 dur=6840 clk=dev
[mono_ns=7230217190564819][T0xf2fb9d32b020][TIMING] emit_host_span: [STRACE] v=1 pid=171886 tid=171886 inv=19 hid=e6ec8d6f21e99491 depth=3 name=chip.run.runner_run.device_wall.graph_build ts=1320 dur=146019 clk=dev
[mono_ns=7230217190568129][T0xf2fb9d32b020][TIMING] emit_host_span: [STRACE] v=1 pid=171886 tid=171886 inv=19 hid=e6ec8d6f21e99491 depth=3 name=chip.run.runner_run.device_wall.config_validate ts=1440 dur=840 clk=dev
[mono_ns=7230217190571149][T0xf2fb9d32b020][TIMING] emit_host_span: [STRACE] v=1 pid=171886 tid=171886 inv=19 hid=e6ec8d6f21e99491 depth=3 name=chip.run.runner_run.device_wall.arena_wire ts=2300 dur=1300 clk=dev
[mono_ns=7230217190575719][T0xf2fb9d32b020][TIMING] emit_host_span: [STRACE] v=1 pid=171886 tid=171886 inv=19 hid=e6ec8d6f21e99491 depth=3 name=chip.run.runner_run.device_wall.sm_reset ts=3639 dur=1640 clk=dev
[mono_ns=7230217190578709][T0xf2fb9d32b020][TIMING] emit_host_span: [STRACE] v=1 pid=171886 tid=171886 inv=19 hid=e6ec8d6f21e99491 depth=3 name=chip.run.runner_run.device_wall.post_orch ts=147400 dur=10900 clk=dev
[mono_ns=7230217190586159][T0xf2fb9d32b020][TIMING] emit_host_span: [STRACE] v=1 pid=171886 tid=171886 inv=19 hid=e6ec8d6f21e99491 depth=3 name=chip.run.runner_run.device_wall.orch ts=5980 dur=12220 clk=dev
[mono_ns=7230217190589279][T0xf2fb9d32b020][TIMING] emit_host_span: [STRACE] v=1 pid=171886 tid=171886 inv=19 hid=e6ec8d6f21e99491 depth=3 name=chip.run.runner_run.device_wall.sched ts=7240 dur=130259 clk=dev
[mono_ns=7230217190595199][T0xf2fb9d32b020][TIMING] emit_host_span: [STRACE] v=1 pid=171886 tid=171886 inv=19 hid=e6ec8d6f21e99491 depth=1 name=chip.run.claim_release ts=7230217190592779 dur=620 
[mono_ns=7230217190601069][T0xf2fb9d32b020][TIMING] emit_host_span: [STRACE] v=1 pid=171886 tid=171886 inv=19 hid=e6ec8d6f21e99491 depth=0 name=chip.run ts=7230217082418670 dur=108180429 run_id=19 dispatch_id=19 slot_id=0 generation=19 run_epoch=19
[mono_ns=7230217197439925][T0xf2fb9d32b020][TIMING] emit_host_span: [STRACE] v=1 pid=171886 tid=171886 inv=20 hid=e6ec8d6f21e99491 depth=2 name=chip.run.bind.args ts=7230217197324095 dur=110330 
[mono_ns=7230217197463656][T0xf2fb9d32b020][TIMING] emit_host_span: [STRACE] v=1 pid=171886 tid=171886 inv=20 hid=e6ec8d6f21e99491 depth=2 name=chip.run.bind.prebuilt ts=7230217197457726 dur=3100 
[mono_ns=7230217197468366][T0xf2fb9d32b020][TIMING] emit_host_span: [STRACE] v=1 pid=171886 tid=171886 inv=20 hid=e6ec8d6f21e99491 depth=1 name=chip.run.bind ts=7230217197316325 dur=149941 
[mono_ns=7230217198929863][T0xf2fa3ffbeca0][WARN] copy_aicore_buffer: [chip_swimlane_collector.cpp:689] Core 1: skipped 1024 AICore record slot(s) with start_time=0 (race-window write or recycled-buffer tail). buf seq=0 count=1024
[mono_ns=7230217198949244][T0xf2fa3f7aeca0][WARN] copy_aicore_buffer: [chip_swimlane_collector.cpp:689] Core 2: skipped 1024 AICore record slot(s) with start_time=0 (race-window write or recycled-buffer tail). buf seq=0 count=1024
[mono_ns=7230217198970634][T0xf2fa549ecca0][WARN] copy_aicore_buffer: [chip_swimlane_collector.cpp:689] Core 0: skipped 1024 AICore record slot(s) with start_time=0 (race-window write or recycled-buffer tail). buf seq=0 count=1024
[mono_ns=7230217199268415][T0xf2fa3ffbeca0][WARN] copy_aicore_buffer: [chip_swimlane_collector.cpp:689] Core 26: skipped 1023 AICore record slot(s) with start_time=0 (race-window write or recycled-buffer tail). buf seq=0 count=1024
[mono_ns=7230217199269055][T0xf2fa3f7aeca0][WARN] copy_aicore_buffer: [chip_swimlane_collector.cpp:689] Core 28: skipped 1022 AICore record slot(s) with start_time=0 (race-window write or recycled-buffer tail). buf seq=0 count=1024
[mono_ns=7230217199285195][T0xf2fa549ecca0][WARN] copy_aicore_buffer: [chip_swimlane_collector.cpp:689] Core 24: skipped 1024 AICore record slot(s) with start_time=0 (race-window write or recycled-buffer tail). buf seq=0 count=1024
[mono_ns=7230217199555267][T0xf2fa3ffbeca0][WARN] copy_aicore_buffer: [chip_swimlane_collector.cpp:689] Core 27: skipped 1024 AICore record slot(s) with start_time=0 (race-window write or recycled-buffer tail). buf seq=0 count=1024
[mono_ns=7230217199558557][T0xf2fa3f7aeca0][WARN] copy_aicore_buffer: [chip_swimlane_collector.cpp:689] Core 29: skipped 1024 AICore record slot(s) with start_time=0 (race-window write or recycled-buffer tail). buf seq=0 count=1024
[mono_ns=7230217199578387][T0xf2fa549ecca0][WARN] copy_aicore_buffer: [chip_swimlane_collector.cpp:689] Core 25: skipped 1023 AICore record slot(s) with start_time=0 (race-window write or recycled-buffer tail). buf seq=0 count=1024
[mono_ns=7230217199842948][T0xf2fa3ffbeca0][WARN] copy_aicore_buffer: [chip_swimlane_collector.cpp:689] Core 4: skipped 1024 AICore record slot(s) with start_time=0 (race-window write or recycled-buffer tail). buf seq=0 count=1024
[mono_ns=7230217199893709][T0xf2fa3f7aeca0][WARN] copy_aicore_buffer: [chip_swimlane_collector.cpp:689] Core 5: skipped 1024 AICore record slot(s) with start_time=0 (race-window write or recycled-buffer tail). buf seq=0 count=1024
[mono_ns=7230217199900279][T0xf2fa549ecca0][WARN] copy_aicore_buffer: [chip_swimlane_collector.cpp:689] Core 3: skipped 1024 AICore record slot(s) with start_time=0 (race-window write or recycled-buffer tail). buf seq=0 count=1024
[mono_ns=7230217200154330][T0xf2fa3ffbeca0][WARN] copy_aicore_buffer: [chip_swimlane_collector.cpp:689] Core 32: skipped 1024 AICore record slot(s) with start_time=0 (race-window write or recycled-buffer tail). buf seq=0 count=1024
[mono_ns=7230217200210940][T0xf2fa3f7aeca0][WARN] copy_aicore_buffer: [chip_swimlane_collector.cpp:689] Core 34: skipped 1022 AICore record slot(s) with start_time=0 (race-window write or recycled-buffer tail). buf seq=0 count=1024
[mono_ns=7230217200212880][T0xf2fa549ecca0][WARN] copy_aicore_buffer: [chip_swimlane_collector.cpp:689] Core 30: skipped 1024 AICore record slot(s) with start_time=0 (race-window write or recycled-buffer tail). buf seq=0 count=1024
[mono_ns=7230217200441292][T0xf2fa3ffbeca0][WARN] copy_aicore_buffer: [chip_swimlane_collector.cpp:689] Core 33: skipped 1024 AICore record slot(s) with start_time=0 (race-window write or recycled-buffer tail). buf seq=0 count=1024
[mono_ns=7230217200497952][T0xf2fa3f7aeca0][WARN] copy_aicore_buffer: [chip_swimlane_collector.cpp:689] Core 35: skipped 1024 AICore record slot(s) with start_time=0 (race-window write or recycled-buffer tail). buf seq=0 count=1024
[mono_ns=7230217200508092][T0xf2fa549ecca0][WARN] copy_aicore_buffer: [chip_swimlane_collector.cpp:689] Core 31: skipped 1024 AICore record slot(s) with start_time=0 (race-window write or recycled-buffer tail). buf seq=0 count=1024
[mono_ns=7230217200761183][T0xf2fa3ffbeca0][WARN] copy_aicore_buffer: [chip_swimlane_collector.cpp:689] Core 7: skipped 1024 AICore record slot(s) with start_time=0 (race-window write or recycled-buffer tail). buf seq=0 count=1024
[mono_ns=7230217200786143][T0xf2fa3f7aeca0][WARN] copy_aicore_buffer: [chip_swimlane_collector.cpp:689] Core 8: skipped 1024 AICore record slot(s) with start_time=0 (race-window write or recycled-buffer tail). buf seq=0 count=1024
[mono_ns=7230217200801833][T0xf2fa549ecca0][WARN] copy_aicore_buffer: [chip_swimlane_collector.cpp:689] Core 6: skipped 1024 AICore record slot(s) with start_time=0 (race-window write or recycled-buffer tail). buf seq=0 count=1024
[mono_ns=7230217201058075][T0xf2fa3ffbeca0][WARN] copy_aicore_buffer: [chip_swimlane_collector.cpp:689] Core 38: skipped 1024 AICore record slot(s) with start_time=0 (race-window write or recycled-buffer tail). buf seq=0 count=1024
[mono_ns=7230217201085515][T0xf2fa3f7aeca0][WARN] copy_aicore_buffer: [chip_swimlane_collector.cpp:689] Core 40: skipped 1024 AICore record slot(s) with start_time=0 (race-window write or recycled-buffer tail). buf seq=0 count=1024
[mono_ns=7230217201103295][T0xf2fa549ecca0][WARN] copy_aicore_buffer: [chip_swimlane_collector.cpp:689] Core 36: skipped 1024 AICore record slot(s) with start_time=0 (race-window write or recycled-buffer tail). buf seq=0 count=1024
[mono_ns=7230217201344806][T0xf2fa3ffbeca0][WARN] copy_aicore_buffer: [chip_swimlane_collector.cpp:689] Core 39: skipped 1024 AICore record slot(s) with start_time=0 (race-window write or recycled-buffer tail). buf seq=0 count=1024
[mono_ns=7230217201373766][T0xf2fa3f7aeca0][WARN] copy_aicore_buffer: [chip_swimlane_collector.cpp:689] Core 41: skipped 1024 AICore record slot(s) with start_time=0 (race-window write or recycled-buffer tail). buf seq=0 count=1024
[mono_ns=7230217201400227][T0xf2fa549ecca0][WARN] copy_aicore_buffer: [chip_swimlane_collector.cpp:689] Core 37: skipped 1024 AICore record slot(s) with start_time=0 (race-window write or recycled-buffer tail). buf seq=0 count=1024
[mono_ns=7230217201633728][T0xf2fa3ffbeca0][WARN] copy_aicore_buffer: [chip_swimlane_collector.cpp:689] Core 10: skipped 1024 AICore record slot(s) with start_time=0 (race-window write or recycled-buffer tail). buf seq=0 count=1024
[mono_ns=7230217201661618][T0xf2fa3f7aeca0][WARN] copy_aicore_buffer: [chip_swimlane_collector.cpp:689] Core 11: skipped 1024 AICore record slot(s) with start_time=0 (race-window write or recycled-buffer tail). buf seq=0 count=1024
[mono_ns=7230217201693968][T0xf2fa549ecca0][WARN] copy_aicore_buffer: [chip_swimlane_collector.cpp:689] Core 9: skipped 1024 AICore record slot(s) with start_time=0 (race-window write or recycled-buffer tail). buf seq=0 count=1024
[mono_ns=7230217201921139][T0xf2fa3ffbeca0][WARN] copy_aicore_buffer: [chip_swimlane_collector.cpp:689] Core 44: skipped 1023 AICore record slot(s) with start_time=0 (race-window write or recycled-buffer tail). buf seq=0 count=1024
[mono_ns=7230217201949090][T0xf2fa3f7aeca0][WARN] copy_aicore_buffer: [chip_swimlane_collector.cpp:689] Core 46: skipped 1024 AICore record slot(s) with start_time=0 (race-window write or recycled-buffer tail). buf seq=0 count=1024
[mono_ns=7230217201987160][T0xf2fa549ecca0][WARN] copy_aicore_buffer: [chip_swimlane_collector.cpp:689] Core 42: skipped 1024 AICore record slot(s) with start_time=0 (race-window write or recycled-buffer tail). buf seq=0 count=1024
[mono_ns=7230217202218921][T0xf2fa3ffbeca0][WARN] copy_aicore_buffer: [chip_swimlane_collector.cpp:689] Core 45: skipped 1024 AICore record slot(s) with start_time=0 (race-window write or recycled-buffer tail). buf seq=0 count=1024
[mono_ns=7230217202264651][T0xf2fa3f7aeca0][WARN] copy_aicore_buffer: [chip_swimlane_collector.cpp:689] Core 47: skipped 1023 AICore record slot(s) with start_time=0 (race-window write or recycled-buffer tail). buf seq=0 count=1024
[mono_ns=7230217202291261][T0xf2fa549ecca0][WARN] copy_aicore_buffer: [chip_swimlane_collector.cpp:689] Core 43: skipped 1024 AICore record slot(s) with start_time=0 (race-window write or recycled-buffer tail). buf seq=0 count=1024
[mono_ns=7230217202506303][T0xf2fa3ffbeca0][WARN] copy_aicore_buffer: [chip_swimlane_collector.cpp:689] Core 13: skipped 1024 AICore record slot(s) with start_time=0 (race-window write or recycled-buffer tail). buf seq=0 count=1024
[mono_ns=7230217202551513][T0xf2fa3f7aeca0][WARN] copy_aicore_buffer: [chip_swimlane_collector.cpp:689] Core 14: skipped 1024 AICore record slot(s) with start_time=0 (race-window write or recycled-buffer tail). buf seq=0 count=1024
[mono_ns=7230217202586173][T0xf2fa549ecca0][WARN] copy_aicore_buffer: [chip_swimlane_collector.cpp:689] Core 12: skipped 1024 AICore record slot(s) with start_time=0 (race-window write or recycled-buffer tail). buf seq=0 count=1024
[mono_ns=7230217202792044][T0xf2fa3ffbeca0][WARN] copy_aicore_buffer: [chip_swimlane_collector.cpp:689] Core 50: skipped 1024 AICore record slot(s) with start_time=0 (race-window write or recycled-buffer tail). buf seq=0 count=1024
[mono_ns=7230217202839814][T0xf2fa3f7aeca0][WARN] copy_aicore_buffer: [chip_swimlane_collector.cpp:689] Core 52: skipped 1024 AICore record slot(s) with start_time=0 (race-window write or recycled-buffer tail). buf seq=0 count=1024
[mono_ns=7230217202915825][T0xf2fa549ecca0][WARN] copy_aicore_buffer: [chip_swimlane_collector.cpp:689] Core 48: skipped 1024 AICore record slot(s) with start_time=0 (race-window write or recycled-buffer tail). buf seq=0 count=1024
[mono_ns=7230217203090266][T0xf2fa3ffbeca0][WARN] copy_aicore_buffer: [chip_swimlane_collector.cpp:689] Core 51: skipped 1024 AICore record slot(s) with start_time=0 (race-window write or recycled-buffer tail). buf seq=0 count=1024
[mono_ns=7230217203136266][T0xf2fa3f7aeca0][WARN] copy_aicore_buffer: [chip_swimlane_collector.cpp:689] Core 53: skipped 1024 AICore record slot(s) with start_time=0 (race-window write or recycled-buffer tail). buf seq=0 count=1024
[mono_ns=7230217203218066][T0xf2fa549ecca0][WARN] copy_aicore_buffer: [chip_swimlane_collector.cpp:689] Core 49: skipped 1024 AICore record slot(s) with start_time=0 (race-window write or recycled-buffer tail). buf seq=0 count=1024
[mono_ns=7230217203375847][T0xf2fa3ffbeca0][WARN] copy_aicore_buffer: [chip_swimlane_collector.cpp:689] Core 16: skipped 1024 AICore record slot(s) with start_time=0 (race-window write or recycled-buffer tail). buf seq=0 count=1024
[mono_ns=7230217203423277][T0xf2fa3f7aeca0][WARN] copy_aicore_buffer: [chip_swimlane_collector.cpp:689] Core 17: skipped 1024 AICore record slot(s) with start_time=0 (race-window write or recycled-buffer tail). buf seq=0 count=1024
[mono_ns=7230217203510278][T0xf2fa549ecca0][WARN] copy_aicore_buffer: [chip_swimlane_collector.cpp:689] Core 15: skipped 1024 AICore record slot(s) with start_time=0 (race-window write or recycled-buffer tail). buf seq=0 count=1024
[mono_ns=7230217203663239][T0xf2fa3ffbeca0][WARN] copy_aicore_buffer: [chip_swimlane_collector.cpp:689] Core 56: skipped 1024 AICore record slot(s) with start_time=0 (race-window write or recycled-buffer tail). buf seq=0 count=1024
[mono_ns=7230217203742519][T0xf2fa3f7aeca0][WARN] copy_aicore_buffer: [chip_swimlane_collector.cpp:689] Core 58: skipped 1024 AICore record slot(s) with start_time=0 (race-window write or recycled-buffer tail). buf seq=0 count=1024
[mono_ns=7230217203803099][T0xf2fa549ecca0][WARN] copy_aicore_buffer: [chip_swimlane_collector.cpp:689] Core 54: skipped 1024 AICore record slot(s) with start_time=0 (race-window write or recycled-buffer tail). buf seq=0 count=1024
[mono_ns=7230217203949140][T0xf2fa3ffbeca0][WARN] copy_aicore_buffer: [chip_swimlane_collector.cpp:689] Core 57: skipped 1024 AICore record slot(s) with start_time=0 (race-window write or recycled-buffer tail). buf seq=0 count=1024
[mono_ns=7230217204042471][T0xf2fa3f7aeca0][WARN] copy_aicore_buffer: [chip_swimlane_collector.cpp:689] Core 59: skipped 1024 AICore record slot(s) with start_time=0 (race-window write or recycled-buffer tail). buf seq=0 count=1024
[mono_ns=7230217204099931][T0xf2fa549ecca0][WARN] copy_aicore_buffer: [chip_swimlane_collector.cpp:689] Core 55: skipped 1024 AICore record slot(s) with start_time=0 (race-window write or recycled-buffer tail). buf seq=0 count=1024
[mono_ns=7230217204246982][T0xf2fa3ffbeca0][WARN] copy_aicore_buffer: [chip_swimlane_collector.cpp:689] Core 19: skipped 1024 AICore record slot(s) with start_time=0 (race-window write or recycled-buffer tail). buf seq=0 count=1024
[mono_ns=7230217204329832][T0xf2fa3f7aeca0][WARN] copy_aicore_buffer: [chip_swimlane_collector.cpp:689] Core 20: skipped 1024 AICore record slot(s) with start_time=0 (race-window write or recycled-buffer tail). buf seq=0 count=1024
[mono_ns=7230217204393763][T0xf2fa549ecca0][WARN] copy_aicore_buffer: [chip_swimlane_collector.cpp:689] Core 18: skipped 1024 AICore record slot(s) with start_time=0 (race-window write or recycled-buffer tail). buf seq=0 count=1024
[mono_ns=7230217204544513][T0xf2fa3ffbeca0][WARN] copy_aicore_buffer: [chip_swimlane_collector.cpp:689] Core 62: skipped 1024 AICore record slot(s) with start_time=0 (race-window write or recycled-buffer tail). buf seq=0 count=1024
[mono_ns=7230217204617534][T0xf2fa3f7aeca0][WARN] copy_aicore_buffer: [chip_swimlane_collector.cpp:689] Core 64: skipped 1024 AICore record slot(s) with start_time=0 (race-window write or recycled-buffer tail). buf seq=0 count=1024
[mono_ns=7230217204687284][T0xf2fa549ecca0][WARN] copy_aicore_buffer: [chip_swimlane_collector.cpp:689] Core 60: skipped 1024 AICore record slot(s) with start_time=0 (race-window write or recycled-buffer tail). buf seq=0 count=1024
[mono_ns=7230217204831955][T0xf2fa3ffbeca0][WARN] copy_aicore_buffer: [chip_swimlane_collector.cpp:689] Core 63: skipped 1024 AICore record slot(s) with start_time=0 (race-window write or recycled-buffer tail). buf seq=0 count=1024
[mono_ns=7230217204904465][T0xf2fa3f7aeca0][WARN] copy_aicore_buffer: [chip_swimlane_collector.cpp:689] Core 65: skipped 1024 AICore record slot(s) with start_time=0 (race-window write or recycled-buffer tail). buf seq=0 count=1024
[mono_ns=7230217204980096][T0xf2fa549ecca0][WARN] copy_aicore_buffer: [chip_swimlane_collector.cpp:689] Core 61: skipped 1023 AICore record slot(s) with start_time=0 (race-window write or recycled-buffer tail). buf seq=0 count=1024
[mono_ns=7230217205129487][T0xf2fa3ffbeca0][WARN] copy_aicore_buffer: [chip_swimlane_collector.cpp:689] Core 22: skipped 1024 AICore record slot(s) with start_time=0 (race-window write or recycled-buffer tail). buf seq=0 count=1024
[mono_ns=7230217205208927][T0xf2fa3f7aeca0][WARN] copy_aicore_buffer: [chip_swimlane_collector.cpp:689] Core 23: skipped 1024 AICore record slot(s) with start_time=0 (race-window write or recycled-buffer tail). buf seq=0 count=1024
[mono_ns=7230217205303118][T0xf2fa549ecca0][WARN] copy_aicore_buffer: [chip_swimlane_collector.cpp:689] Core 21: skipped 1024 AICore record slot(s) with start_time=0 (race-window write or recycled-buffer tail). buf seq=0 count=1024
[mono_ns=7230217205415558][T0xf2fa3ffbeca0][WARN] copy_aicore_buffer: [chip_swimlane_collector.cpp:689] Core 68: skipped 1024 AICore record slot(s) with start_time=0 (race-window write or recycled-buffer tail). buf seq=0 count=1024
[mono_ns=7230217205496489][T0xf2fa3f7aeca0][WARN] copy_aicore_buffer: [chip_swimlane_collector.cpp:689] Core 70: skipped 1024 AICore record slot(s) with start_time=0 (race-window write or recycled-buffer tail). buf seq=0 count=1024
[mono_ns=7230217205596809][T0xf2fa549ecca0][WARN] copy_aicore_buffer: [chip_swimlane_collector.cpp:689] Core 66: skipped 1024 AICore record slot(s) with start_time=0 (race-window write or recycled-buffer tail). buf seq=0 count=1024
[mono_ns=7230217205701890][T0xf2fa3ffbeca0][WARN] copy_aicore_buffer: [chip_swimlane_collector.cpp:689] Core 69: skipped 1024 AICore record slot(s) with start_time=0 (race-window write or recycled-buffer tail). buf seq=0 count=1024
[mono_ns=7230217205784360][T0xf2fa3f7aeca0][WARN] copy_aicore_buffer: [chip_swimlane_collector.cpp:689] Core 71: skipped 1024 AICore record slot(s) with start_time=0 (race-window write or recycled-buffer tail). buf seq=0 count=1024
[mono_ns=7230217205890131][T0xf2fa549ecca0][WARN] copy_aicore_buffer: [chip_swimlane_collector.cpp:689] Core 67: skipped 1024 AICore record slot(s) with start_time=0 (race-window write or recycled-buffer tail). buf seq=0 count=1024
[mono_ns=7230217306321978][T0xf2fb9d32b020][TIMING] emit_host_span: [STRACE] v=1 pid=171886 tid=171886 inv=20 hid=e6ec8d6f21e99491 depth=1 name=chip.run.runner_run ts=7230217197732567 dur=108582941 
[mono_ns=7230217306406019][T0xf2fb9d32b020][TIMING] emit_host_span: [STRACE] v=1 pid=171886 tid=171886 inv=20 hid=e6ec8d6f21e99491 depth=1 name=chip.run.validate ts=7230217306334508 dur=68031 
[mono_ns=7230217306418449][T0xf2fb9d32b020][TIMING] emit_host_span: [STRACE] v=1 pid=171886 tid=171886 inv=20 hid=e6ec8d6f21e99491 depth=2 name=chip.run.runner_run.device_wall ts=0 dur=770480 clk=dev
[mono_ns=7230217306423079][T0xf2fb9d32b020][TIMING] emit_host_span: [STRACE] v=1 pid=171886 tid=171886 inv=20 hid=e6ec8d6f21e99491 depth=3 name=chip.run.runner_run.device_wall.preamble ts=0 dur=636320 clk=dev
[mono_ns=7230217306427429][T0xf2fb9d32b020][TIMING] emit_host_span: [STRACE] v=1 pid=171886 tid=171886 inv=20 hid=e6ec8d6f21e99491 depth=3 name=chip.run.runner_run.device_wall.graph_build ts=631619 dur=128359 clk=dev
[mono_ns=7230217306431929][T0xf2fb9d32b020][TIMING] emit_host_span: [STRACE] v=1 pid=171886 tid=171886 inv=20 hid=e6ec8d6f21e99491 depth=3 name=chip.run.runner_run.device_wall.config_validate ts=631720 dur=720 clk=dev
[mono_ns=7230217306441379][T0xf2fb9d32b020][TIMING] emit_host_span: [STRACE] v=1 pid=171886 tid=171886 inv=20 hid=e6ec8d6f21e99491 depth=3 name=chip.run.runner_run.device_wall.arena_wire ts=632480 dur=440 clk=dev
[mono_ns=7230217306448209][T0xf2fb9d32b020][TIMING] emit_host_span: [STRACE] v=1 pid=171886 tid=171886 inv=20 hid=e6ec8d6f21e99491 depth=3 name=chip.run.runner_run.device_wall.sm_reset ts=632940 dur=1020 clk=dev
[mono_ns=7230217306454279][T0xf2fb9d32b020][TIMING] emit_host_span: [STRACE] v=1 pid=171886 tid=171886 inv=20 hid=e6ec8d6f21e99491 depth=3 name=chip.run.runner_run.device_wall.post_orch ts=760020 dur=10360 clk=dev
[mono_ns=7230217306460369][T0xf2fb9d32b020][TIMING] emit_host_span: [STRACE] v=1 pid=171886 tid=171886 inv=20 hid=e6ec8d6f21e99491 depth=3 name=chip.run.runner_run.device_wall.orch ts=634000 dur=4180 clk=dev
[mono_ns=7230217306466439][T0xf2fb9d32b020][TIMING] emit_host_span: [STRACE] v=1 pid=171886 tid=171886 inv=20 hid=e6ec8d6f21e99491 depth=3 name=chip.run.runner_run.device_wall.sched ts=636480 dur=107120 clk=dev
[mono_ns=7230217306477549][T0xf2fb9d32b020][TIMING] emit_host_span: [STRACE] v=1 pid=171886 tid=171886 inv=20 hid=e6ec8d6f21e99491 depth=1 name=chip.run.claim_release ts=7230217306475379 dur=310 
[mono_ns=7230217306482949][T0xf2fb9d32b020][TIMING] emit_host_span: [STRACE] v=1 pid=171886 tid=171886 inv=20 hid=e6ec8d6f21e99491 depth=0 name=chip.run ts=7230217197280695 dur=109199954 run_id=20 dispatch_id=20 slot_id=0 generation=20 run_epoch=20
[mono_ns=7230222155466920][T0xf2fb9d32b020][TIMING] emit_host_span: [STRACE] v=1 pid=171886 tid=171886 inv=21 hid=e6ec8d6f21e99491 depth=2 name=chip.run.bind.args ts=7230222155340520 dur=120200 
[mono_ns=7230222155497691][T0xf2fb9d32b020][TIMING] emit_host_span: [STRACE] v=1 pid=171886 tid=171886 inv=21 hid=e6ec8d6f21e99491 depth=2 name=chip.run.bind.prebuilt ts=7230222155492021 dur=3130 
[mono_ns=7230222155502291][T0xf2fb9d32b020][TIMING] emit_host_span: [STRACE] v=1 pid=171886 tid=171886 inv=21 hid=e6ec8d6f21e99491 depth=1 name=chip.run.bind ts=7230222155331130 dur=169001 
[mono_ns=7230222260300662][T0xf2fb9d32b020][TIMING] emit_host_span: [STRACE] v=1 pid=171886 tid=171886 inv=21 hid=e6ec8d6f21e99491 depth=1 name=chip.run.runner_run ts=7230222155782882 dur=104507789 
[mono_ns=7230222260407502][T0xf2fb9d32b020][TIMING] emit_host_span: [STRACE] v=1 pid=171886 tid=171886 inv=21 hid=e6ec8d6f21e99491 depth=1 name=chip.run.validate ts=7230222260317822 dur=85430 
[mono_ns=7230222260415392][T0xf2fb9d32b020][TIMING] emit_host_span: [STRACE] v=1 pid=171886 tid=171886 inv=21 hid=e6ec8d6f21e99491 depth=2 name=chip.run.runner_run.device_wall ts=0 dur=154500 clk=dev
[mono_ns=7230222260420222][T0xf2fb9d32b020][TIMING] emit_host_span: [STRACE] v=1 pid=171886 tid=171886 inv=21 hid=e6ec8d6f21e99491 depth=3 name=chip.run.runner_run.device_wall.preamble ts=0 dur=6340 clk=dev
[mono_ns=7230222260424172][T0xf2fb9d32b020][TIMING] emit_host_span: [STRACE] v=1 pid=171886 tid=171886 inv=21 hid=e6ec8d6f21e99491 depth=3 name=chip.run.runner_run.device_wall.graph_build ts=1240 dur=142440 clk=dev
[mono_ns=7230222260429242][T0xf2fb9d32b020][TIMING] emit_host_span: [STRACE] v=1 pid=171886 tid=171886 inv=21 hid=e6ec8d6f21e99491 depth=3 name=chip.run.runner_run.device_wall.config_validate ts=1540 dur=899 clk=dev
[mono_ns=7230222260480573][T0xf2fb9d32b020][TIMING] emit_host_span: [STRACE] v=1 pid=171886 tid=171886 inv=21 hid=e6ec8d6f21e99491 depth=3 name=chip.run.runner_run.device_wall.arena_wire ts=2460 dur=640 clk=dev
[mono_ns=7230222260483993][T0xf2fb9d32b020][TIMING] emit_host_span: [STRACE] v=1 pid=171886 tid=171886 inv=21 hid=e6ec8d6f21e99491 depth=3 name=chip.run.runner_run.device_wall.sm_reset ts=3140 dur=1700 clk=dev
[mono_ns=7230222260487053][T0xf2fb9d32b020][TIMING] emit_host_span: [STRACE] v=1 pid=171886 tid=171886 inv=21 hid=e6ec8d6f21e99491 depth=3 name=chip.run.runner_run.device_wall.post_orch ts=143720 dur=10459 clk=dev
[mono_ns=7230222260490323][T0xf2fb9d32b020][TIMING] emit_host_span: [STRACE] v=1 pid=171886 tid=171886 inv=21 hid=e6ec8d6f21e99491 depth=3 name=chip.run.runner_run.device_wall.orch ts=5500 dur=8020 clk=dev
[mono_ns=7230222260493363][T0xf2fb9d32b020][TIMING] emit_host_span: [STRACE] v=1 pid=171886 tid=171886 inv=21 hid=e6ec8d6f21e99491 depth=3 name=chip.run.runner_run.device_wall.sched ts=6440 dur=127899 clk=dev
[mono_ns=7230222260498113][T0xf2fb9d32b020][TIMING] emit_host_span: [STRACE] v=1 pid=171886 tid=171886 inv=21 hid=e6ec8d6f21e99491 depth=1 name=chip.run.claim_release ts=7230222260495713 dur=680 
[mono_ns=7230222260503153][T0xf2fb9d32b020][TIMING] emit_host_span: [STRACE] v=1 pid=171886 tid=171886 inv=21 hid=e6ec8d6f21e99491 depth=0 name=chip.run ts=7230222155295690 dur=105205533 run_id=21 dispatch_id=21 slot_id=0 generation=21 run_epoch=21
[mono_ns=7230222270023804][T0xf2fb9d32b020][TIMING] emit_host_span: [STRACE] v=1 pid=171886 tid=171886 inv=22 hid=e6ec8d6f21e99491 depth=2 name=chip.run.bind.args ts=7230222269895603 dur=122631 
[mono_ns=7230222270037844][T0xf2fb9d32b020][TIMING] emit_host_span: [STRACE] v=1 pid=171886 tid=171886 inv=22 hid=e6ec8d6f21e99491 depth=2 name=chip.run.bind.prebuilt ts=7230222270032284 dur=3190 
[mono_ns=7230222270041934][T0xf2fb9d32b020][TIMING] emit_host_span: [STRACE] v=1 pid=171886 tid=171886 inv=22 hid=e6ec8d6f21e99491 depth=1 name=chip.run.bind ts=7230222269886903 dur=152891 
[mono_ns=7230222271465641][T0xf2fa3f7aeca0][WARN] copy_aicore_buffer: [chip_swimlane_collector.cpp:689] Core 2: skipped 1024 AICore record slot(s) with start_time=0 (race-window write or recycled-buffer tail). buf seq=0 count=1024
[mono_ns=7230222271472591][T0xf2fa3ffbeca0][WARN] copy_aicore_buffer: [chip_swimlane_collector.cpp:689] Core 1: skipped 1024 AICore record slot(s) with start_time=0 (race-window write or recycled-buffer tail). buf seq=0 count=1024
[mono_ns=7230222271566842][T0xf2fa549ecca0][WARN] copy_aicore_buffer: [chip_swimlane_collector.cpp:689] Core 0: skipped 1024 AICore record slot(s) with start_time=0 (race-window write or recycled-buffer tail). buf seq=0 count=1024
[mono_ns=7230222271764613][T0xf2fa3ffbeca0][WARN] copy_aicore_buffer: [chip_swimlane_collector.cpp:689] Core 26: skipped 1023 AICore record slot(s) with start_time=0 (race-window write or recycled-buffer tail). buf seq=0 count=1024
[mono_ns=7230222271765253][T0xf2fa3f7aeca0][WARN] copy_aicore_buffer: [chip_swimlane_collector.cpp:689] Core 28: skipped 1023 AICore record slot(s) with start_time=0 (race-window write or recycled-buffer tail). buf seq=0 count=1024
[mono_ns=7230222271868323][T0xf2fa549ecca0][WARN] copy_aicore_buffer: [chip_swimlane_collector.cpp:689] Core 24: skipped 1023 AICore record slot(s) with start_time=0 (race-window write or recycled-buffer tail). buf seq=0 count=1024
[mono_ns=7230222272071745][T0xf2fa3ffbeca0][WARN] copy_aicore_buffer: [chip_swimlane_collector.cpp:689] Core 27: skipped 1024 AICore record slot(s) with start_time=0 (race-window write or recycled-buffer tail). buf seq=0 count=1024
[mono_ns=7230222272120265][T0xf2fa3f7aeca0][WARN] copy_aicore_buffer: [chip_swimlane_collector.cpp:689] Core 29: skipped 1024 AICore record slot(s) with start_time=0 (race-window write or recycled-buffer tail). buf seq=0 count=1024
[mono_ns=7230222272175215][T0xf2fa549ecca0][WARN] copy_aicore_buffer: [chip_swimlane_collector.cpp:689] Core 25: skipped 1024 AICore record slot(s) with start_time=0 (race-window write or recycled-buffer tail). buf seq=0 count=1024
[mono_ns=7230222272359936][T0xf2fa3ffbeca0][WARN] copy_aicore_buffer: [chip_swimlane_collector.cpp:689] Core 4: skipped 1024 AICore record slot(s) with start_time=0 (race-window write or recycled-buffer tail). buf seq=0 count=1024
[mono_ns=7230222272406536][T0xf2fa3f7aeca0][WARN] copy_aicore_buffer: [chip_swimlane_collector.cpp:689] Core 5: skipped 1024 AICore record slot(s) with start_time=0 (race-window write or recycled-buffer tail). buf seq=0 count=1024
[mono_ns=7230222272469667][T0xf2fa549ecca0][WARN] copy_aicore_buffer: [chip_swimlane_collector.cpp:689] Core 3: skipped 1024 AICore record slot(s) with start_time=0 (race-window write or recycled-buffer tail). buf seq=0 count=1024
[mono_ns=7230222272647088][T0xf2fa3ffbeca0][WARN] copy_aicore_buffer: [chip_swimlane_collector.cpp:689] Core 32: skipped 1024 AICore record slot(s) with start_time=0 (race-window write or recycled-buffer tail). buf seq=0 count=1024
[mono_ns=7230222272691778][T0xf2fa3f7aeca0][WARN] copy_aicore_buffer: [chip_swimlane_collector.cpp:689] Core 34: skipped 1023 AICore record slot(s) with start_time=0 (race-window write or recycled-buffer tail). buf seq=0 count=1024
[mono_ns=7230222272762088][T0xf2fa549ecca0][WARN] copy_aicore_buffer: [chip_swimlane_collector.cpp:689] Core 30: skipped 1024 AICore record slot(s) with start_time=0 (race-window write or recycled-buffer tail). buf seq=0 count=1024
[mono_ns=7230222272972979][T0xf2fa3f7aeca0][WARN] copy_aicore_buffer: [chip_swimlane_collector.cpp:689] Core 35: skipped 1024 AICore record slot(s) with start_time=0 (race-window write or recycled-buffer tail). buf seq=0 count=1024
[mono_ns=7230222272977249][T0xf2fa3ffbeca0][WARN] copy_aicore_buffer: [chip_swimlane_collector.cpp:689] Core 33: skipped 1022 AICore record slot(s) with start_time=0 (race-window write or recycled-buffer tail). buf seq=0 count=1024
[mono_ns=7230222273072410][T0xf2fa549ecca0][WARN] copy_aicore_buffer: [chip_swimlane_collector.cpp:689] Core 31: skipped 1024 AICore record slot(s) with start_time=0 (race-window write or recycled-buffer tail). buf seq=0 count=1024
[mono_ns=7230222273277621][T0xf2fa3f7aeca0][WARN] copy_aicore_buffer: [chip_swimlane_collector.cpp:689] Core 8: skipped 1024 AICore record slot(s) with start_time=0 (race-window write or recycled-buffer tail). buf seq=0 count=1024
[mono_ns=7230222273280871][T0xf2fa3ffbeca0][WARN] copy_aicore_buffer: [chip_swimlane_collector.cpp:689] Core 7: skipped 1024 AICore record slot(s) with start_time=0 (race-window write or recycled-buffer tail). buf seq=0 count=1024
[mono_ns=7230222273365271][T0xf2fa549ecca0][WARN] copy_aicore_buffer: [chip_swimlane_collector.cpp:689] Core 6: skipped 1024 AICore record slot(s) with start_time=0 (race-window write or recycled-buffer tail). buf seq=0 count=1024
[mono_ns=7230222273563163][T0xf2fa3f7aeca0][WARN] copy_aicore_buffer: [chip_swimlane_collector.cpp:689] Core 40: skipped 1024 AICore record slot(s) with start_time=0 (race-window write or recycled-buffer tail). buf seq=0 count=1024
[mono_ns=7230222273564033][T0xf2fa3ffbeca0][WARN] copy_aicore_buffer: [chip_swimlane_collector.cpp:689] Core 38: skipped 1024 AICore record slot(s) with start_time=0 (race-window write or recycled-buffer tail). buf seq=0 count=1024
[mono_ns=7230222273670343][T0xf2fa549ecca0][WARN] copy_aicore_buffer: [chip_swimlane_collector.cpp:689] Core 36: skipped 1024 AICore record slot(s) with start_time=0 (race-window write or recycled-buffer tail). buf seq=0 count=1024
[mono_ns=7230222273849174][T0xf2fa3f7aeca0][WARN] copy_aicore_buffer: [chip_swimlane_collector.cpp:689] Core 41: skipped 1024 AICore record slot(s) with start_time=0 (race-window write or recycled-buffer tail). buf seq=0 count=1024
[mono_ns=7230222273850324][T0xf2fa3ffbeca0][WARN] copy_aicore_buffer: [chip_swimlane_collector.cpp:689] Core 39: skipped 1024 AICore record slot(s) with start_time=0 (race-window write or recycled-buffer tail). buf seq=0 count=1024
[mono_ns=7230222273962245][T0xf2fa549ecca0][WARN] copy_aicore_buffer: [chip_swimlane_collector.cpp:689] Core 37: skipped 1024 AICore record slot(s) with start_time=0 (race-window write or recycled-buffer tail). buf seq=0 count=1024
[mono_ns=7230222274145146][T0xf2fa3f7aeca0][WARN] copy_aicore_buffer: [chip_swimlane_collector.cpp:689] Core 11: skipped 1024 AICore record slot(s) with start_time=0 (race-window write or recycled-buffer tail). buf seq=0 count=1024
[mono_ns=7230222274146596][T0xf2fa3ffbeca0][WARN] copy_aicore_buffer: [chip_swimlane_collector.cpp:689] Core 10: skipped 1024 AICore record slot(s) with start_time=0 (race-window write or recycled-buffer tail). buf seq=0 count=1024
[mono_ns=7230222274266786][T0xf2fa549ecca0][WARN] copy_aicore_buffer: [chip_swimlane_collector.cpp:689] Core 9: skipped 1024 AICore record slot(s) with start_time=0 (race-window write or recycled-buffer tail). buf seq=0 count=1024
[mono_ns=7230222274429587][T0xf2fa3f7aeca0][WARN] copy_aicore_buffer: [chip_swimlane_collector.cpp:689] Core 46: skipped 1024 AICore record slot(s) with start_time=0 (race-window write or recycled-buffer tail). buf seq=0 count=1024
[mono_ns=7230222274457167][T0xf2fa3ffbeca0][WARN] copy_aicore_buffer: [chip_swimlane_collector.cpp:689] Core 44: skipped 1024 AICore record slot(s) with start_time=0 (race-window write or recycled-buffer tail). buf seq=0 count=1024
[mono_ns=7230222274560458][T0xf2fa549ecca0][WARN] copy_aicore_buffer: [chip_swimlane_collector.cpp:689] Core 42: skipped 1024 AICore record slot(s) with start_time=0 (race-window write or recycled-buffer tail). buf seq=0 count=1024
[mono_ns=7230222274713849][T0xf2fa3f7aeca0][WARN] copy_aicore_buffer: [chip_swimlane_collector.cpp:689] Core 47: skipped 1024 AICore record slot(s) with start_time=0 (race-window write or recycled-buffer tail). buf seq=0 count=1024
[mono_ns=7230222274742949][T0xf2fa3ffbeca0][WARN] copy_aicore_buffer: [chip_swimlane_collector.cpp:689] Core 45: skipped 1024 AICore record slot(s) with start_time=0 (race-window write or recycled-buffer tail). buf seq=0 count=1024
[mono_ns=7230222274852339][T0xf2fa549ecca0][WARN] copy_aicore_buffer: [chip_swimlane_collector.cpp:689] Core 43: skipped 1024 AICore record slot(s) with start_time=0 (race-window write or recycled-buffer tail). buf seq=0 count=1024
[mono_ns=7230222274999790][T0xf2fa3f7aeca0][WARN] copy_aicore_buffer: [chip_swimlane_collector.cpp:689] Core 14: skipped 1024 AICore record slot(s) with start_time=0 (race-window write or recycled-buffer tail). buf seq=0 count=1024
[mono_ns=7230222275037230][T0xf2fa3ffbeca0][WARN] copy_aicore_buffer: [chip_swimlane_collector.cpp:689] Core 13: skipped 1024 AICore record slot(s) with start_time=0 (race-window write or recycled-buffer tail). buf seq=0 count=1024
[mono_ns=7230222275212881][T0xf2fa549ecca0][WARN] copy_aicore_buffer: [chip_swimlane_collector.cpp:689] Core 12: skipped 1024 AICore record slot(s) with start_time=0 (race-window write or recycled-buffer tail). buf seq=0 count=1024
[mono_ns=7230222275304012][T0xf2fa3f7aeca0][WARN] copy_aicore_buffer: [chip_swimlane_collector.cpp:689] Core 52: skipped 1024 AICore record slot(s) with start_time=0 (race-window write or recycled-buffer tail). buf seq=0 count=1024
[mono_ns=7230222275317782][T0xf2fa3ffbeca0][WARN] copy_aicore_buffer: [chip_swimlane_collector.cpp:689] Core 50: skipped 1024 AICore record slot(s) with start_time=0 (race-window write or recycled-buffer tail). buf seq=0 count=1024
[mono_ns=7230222275507033][T0xf2fa549ecca0][WARN] copy_aicore_buffer: [chip_swimlane_collector.cpp:689] Core 48: skipped 1024 AICore record slot(s) with start_time=0 (race-window write or recycled-buffer tail). buf seq=0 count=1024
[mono_ns=7230222275588453][T0xf2fa3f7aeca0][WARN] copy_aicore_buffer: [chip_swimlane_collector.cpp:689] Core 53: skipped 1024 AICore record slot(s) with start_time=0 (race-window write or recycled-buffer tail). buf seq=0 count=1024
[mono_ns=7230222275599043][T0xf2fa3ffbeca0][WARN] copy_aicore_buffer: [chip_swimlane_collector.cpp:689] Core 51: skipped 1024 AICore record slot(s) with start_time=0 (race-window write or recycled-buffer tail). buf seq=0 count=1024
[mono_ns=7230222275799274][T0xf2fa549ecca0][WARN] copy_aicore_buffer: [chip_swimlane_collector.cpp:689] Core 49: skipped 1024 AICore record slot(s) with start_time=0 (race-window write or recycled-buffer tail). buf seq=0 count=1024
[mono_ns=7230222275874055][T0xf2fa3f7aeca0][WARN] copy_aicore_buffer: [chip_swimlane_collector.cpp:689] Core 17: skipped 1024 AICore record slot(s) with start_time=0 (race-window write or recycled-buffer tail). buf seq=0 count=1024
[mono_ns=7230222275919335][T0xf2fa3ffbeca0][WARN] copy_aicore_buffer: [chip_swimlane_collector.cpp:689] Core 16: skipped 1024 AICore record slot(s) with start_time=0 (race-window write or recycled-buffer tail). buf seq=0 count=1024
[mono_ns=7230222276103626][T0xf2fa549ecca0][WARN] copy_aicore_buffer: [chip_swimlane_collector.cpp:689] Core 15: skipped 1024 AICore record slot(s) with start_time=0 (race-window write or recycled-buffer tail). buf seq=0 count=1024
[mono_ns=7230222276168166][T0xf2fa3f7aeca0][WARN] copy_aicore_buffer: [chip_swimlane_collector.cpp:689] Core 58: skipped 1024 AICore record slot(s) with start_time=0 (race-window write or recycled-buffer tail). buf seq=0 count=1024
[mono_ns=7230222276218627][T0xf2fa3ffbeca0][WARN] copy_aicore_buffer: [chip_swimlane_collector.cpp:689] Core 56: skipped 1024 AICore record slot(s) with start_time=0 (race-window write or recycled-buffer tail). buf seq=0 count=1024
[mono_ns=7230222276396848][T0xf2fa549ecca0][WARN] copy_aicore_buffer: [chip_swimlane_collector.cpp:689] Core 54: skipped 1024 AICore record slot(s) with start_time=0 (race-window write or recycled-buffer tail). buf seq=0 count=1024
[mono_ns=7230222276452308][T0xf2fa3f7aeca0][WARN] copy_aicore_buffer: [chip_swimlane_collector.cpp:689] Core 59: skipped 1024 AICore record slot(s) with start_time=0 (race-window write or recycled-buffer tail). buf seq=0 count=1024
[mono_ns=7230222276505988][T0xf2fa3ffbeca0][WARN] copy_aicore_buffer: [chip_swimlane_collector.cpp:689] Core 57: skipped 1024 AICore record slot(s) with start_time=0 (race-window write or recycled-buffer tail). buf seq=0 count=1024
[mono_ns=7230222276689829][T0xf2fa549ecca0][WARN] copy_aicore_buffer: [chip_swimlane_collector.cpp:689] Core 55: skipped 1024 AICore record slot(s) with start_time=0 (race-window write or recycled-buffer tail). buf seq=0 count=1024
[mono_ns=7230222276749680][T0xf2fa3f7aeca0][WARN] copy_aicore_buffer: [chip_swimlane_collector.cpp:689] Core 20: skipped 1024 AICore record slot(s) with start_time=0 (race-window write or recycled-buffer tail). buf seq=0 count=1024
[mono_ns=7230222276792650][T0xf2fa3ffbeca0][WARN] copy_aicore_buffer: [chip_swimlane_collector.cpp:689] Core 19: skipped 1024 AICore record slot(s) with start_time=0 (race-window write or recycled-buffer tail). buf seq=0 count=1024
[mono_ns=7230222276982601][T0xf2fa549ecca0][WARN] copy_aicore_buffer: [chip_swimlane_collector.cpp:689] Core 18: skipped 1024 AICore record slot(s) with start_time=0 (race-window write or recycled-buffer tail). buf seq=0 count=1024
[mono_ns=7230222277045851][T0xf2fa3f7aeca0][WARN] copy_aicore_buffer: [chip_swimlane_collector.cpp:689] Core 64: skipped 1024 AICore record slot(s) with start_time=0 (race-window write or recycled-buffer tail). buf seq=0 count=1024
[mono_ns=7230222277088991][T0xf2fa3ffbeca0][WARN] copy_aicore_buffer: [chip_swimlane_collector.cpp:689] Core 62: skipped 1024 AICore record slot(s) with start_time=0 (race-window write or recycled-buffer tail). buf seq=0 count=1024
[mono_ns=7230222277330063][T0xf2fa3f7aeca0][WARN] copy_aicore_buffer: [chip_swimlane_collector.cpp:689] Core 65: skipped 1024 AICore record slot(s) with start_time=0 (race-window write or recycled-buffer tail). buf seq=0 count=1024
[mono_ns=7230222277332333][T0xf2fa549ecca0][WARN] copy_aicore_buffer: [chip_swimlane_collector.cpp:689] Core 60: skipped 1024 AICore record slot(s) with start_time=0 (race-window write or recycled-buffer tail). buf seq=0 count=1024
[mono_ns=7230222277377453][T0xf2fa3ffbeca0][WARN] copy_aicore_buffer: [chip_swimlane_collector.cpp:689] Core 63: skipped 1024 AICore record slot(s) with start_time=0 (race-window write or recycled-buffer tail). buf seq=0 count=1024
[mono_ns=7230222277639644][T0xf2fa3f7aeca0][WARN] copy_aicore_buffer: [chip_swimlane_collector.cpp:689] Core 23: skipped 1024 AICore record slot(s) with start_time=0 (race-window write or recycled-buffer tail). buf seq=0 count=1024
[mono_ns=7230222277651344][T0xf2fa549ecca0][WARN] copy_aicore_buffer: [chip_swimlane_collector.cpp:689] Core 61: skipped 1024 AICore record slot(s) with start_time=0 (race-window write or recycled-buffer tail). buf seq=0 count=1024
[mono_ns=7230222277660184][T0xf2fa3ffbeca0][WARN] copy_aicore_buffer: [chip_swimlane_collector.cpp:689] Core 22: skipped 1024 AICore record slot(s) with start_time=0 (race-window write or recycled-buffer tail). buf seq=0 count=1024
[mono_ns=7230222277926276][T0xf2fa3f7aeca0][WARN] copy_aicore_buffer: [chip_swimlane_collector.cpp:689] Core 70: skipped 1024 AICore record slot(s) with start_time=0 (race-window write or recycled-buffer tail). buf seq=0 count=1024
[mono_ns=7230222277942796][T0xf2fa3ffbeca0][WARN] copy_aicore_buffer: [chip_swimlane_collector.cpp:689] Core 68: skipped 1024 AICore record slot(s) with start_time=0 (race-window write or recycled-buffer tail). buf seq=0 count=1024
[mono_ns=7230222277945926][T0xf2fa549ecca0][WARN] copy_aicore_buffer: [chip_swimlane_collector.cpp:689] Core 21: skipped 1024 AICore record slot(s) with start_time=0 (race-window write or recycled-buffer tail). buf seq=0 count=1024
[mono_ns=7230222278216727][T0xf2fa3f7aeca0][WARN] copy_aicore_buffer: [chip_swimlane_collector.cpp:689] Core 71: skipped 1024 AICore record slot(s) with start_time=0 (race-window write or recycled-buffer tail). buf seq=0 count=1024
[mono_ns=7230222278249598][T0xf2fa549ecca0][WARN] copy_aicore_buffer: [chip_swimlane_collector.cpp:689] Core 66: skipped 1024 AICore record slot(s) with start_time=0 (race-window write or recycled-buffer tail). buf seq=0 count=1024
[mono_ns=7230222278266998][T0xf2fa3ffbeca0][WARN] copy_aicore_buffer: [chip_swimlane_collector.cpp:689] Core 69: skipped 1024 AICore record slot(s) with start_time=0 (race-window write or recycled-buffer tail). buf seq=0 count=1024
[mono_ns=7230222278543219][T0xf2fa549ecca0][WARN] copy_aicore_buffer: [chip_swimlane_collector.cpp:689] Core 67: skipped 1024 AICore record slot(s) with start_time=0 (race-window write or recycled-buffer tail). buf seq=0 count=1024
[mono_ns=7230222379130818][T0xf2fb9d32b020][TIMING] emit_host_span: [STRACE] v=1 pid=171886 tid=171886 inv=22 hid=e6ec8d6f21e99491 depth=1 name=chip.run.runner_run ts=7230222270298965 dur=108823883 
[mono_ns=7230222379220828][T0xf2fb9d32b020][TIMING] emit_host_span: [STRACE] v=1 pid=171886 tid=171886 inv=22 hid=e6ec8d6f21e99491 depth=1 name=chip.run.validate ts=7230222379141728 dur=75400 
[mono_ns=7230222379228588][T0xf2fb9d32b020][TIMING] emit_host_span: [STRACE] v=1 pid=171886 tid=171886 inv=22 hid=e6ec8d6f21e99491 depth=2 name=chip.run.runner_run.device_wall ts=0 dur=762960 clk=dev
[mono_ns=7230222379273408][T0xf2fb9d32b020][TIMING] emit_host_span: [STRACE] v=1 pid=171886 tid=171886 inv=22 hid=e6ec8d6f21e99491 depth=3 name=chip.run.runner_run.device_wall.preamble ts=0 dur=625079 clk=dev
[mono_ns=7230222379277828][T0xf2fb9d32b020][TIMING] emit_host_span: [STRACE] v=1 pid=171886 tid=171886 inv=22 hid=e6ec8d6f21e99491 depth=3 name=chip.run.runner_run.device_wall.graph_build ts=621200 dur=131280 clk=dev
[mono_ns=7230222379281558][T0xf2fb9d32b020][TIMING] emit_host_span: [STRACE] v=1 pid=171886 tid=171886 inv=22 hid=e6ec8d6f21e99491 depth=3 name=chip.run.runner_run.device_wall.config_validate ts=621300 dur=700 clk=dev
[mono_ns=7230222379285998][T0xf2fb9d32b020][TIMING] emit_host_span: [STRACE] v=1 pid=171886 tid=171886 inv=22 hid=e6ec8d6f21e99491 depth=3 name=chip.run.runner_run.device_wall.arena_wire ts=622040 dur=280 clk=dev
[mono_ns=7230222379289418][T0xf2fb9d32b020][TIMING] emit_host_span: [STRACE] v=1 pid=171886 tid=171886 inv=22 hid=e6ec8d6f21e99491 depth=3 name=chip.run.runner_run.device_wall.sm_reset ts=622340 dur=760 clk=dev
[mono_ns=7230222379292548][T0xf2fb9d32b020][TIMING] emit_host_span: [STRACE] v=1 pid=171886 tid=171886 inv=22 hid=e6ec8d6f21e99491 depth=3 name=chip.run.runner_run.device_wall.post_orch ts=752540 dur=10360 clk=dev
[mono_ns=7230222379296118][T0xf2fb9d32b020][TIMING] emit_host_span: [STRACE] v=1 pid=171886 tid=171886 inv=22 hid=e6ec8d6f21e99491 depth=3 name=chip.run.runner_run.device_wall.orch ts=623140 dur=4460 clk=dev
[mono_ns=7230222379299258][T0xf2fb9d32b020][TIMING] emit_host_span: [STRACE] v=1 pid=171886 tid=171886 inv=22 hid=e6ec8d6f21e99491 depth=3 name=chip.run.runner_run.device_wall.sched ts=625220 dur=109860 clk=dev
[mono_ns=7230222379319699][T0xf2fb9d32b020][TIMING] emit_host_span: [STRACE] v=1 pid=171886 tid=171886 inv=22 hid=e6ec8d6f21e99491 depth=1 name=chip.run.claim_release ts=7230222379317009 dur=450 
[mono_ns=7230222379326059][T0xf2fb9d32b020][TIMING] emit_host_span: [STRACE] v=1 pid=171886 tid=171886 inv=22 hid=e6ec8d6f21e99491 depth=0 name=chip.run ts=7230222269855773 dur=109468256 run_id=22 dispatch_id=22 slot_id=0 generation=22 run_epoch=22
