[mono_ns=7258309971329450][T0xea73bdab9020][TIMING] emit_host_span: [STRACE] v=1 pid=3002038 tid=3002038 inv=1 hid=6ccca4d8c4e91962 depth=2 name=chip.run.bind.args ts=7258309969097372 dur=2224358 
[mono_ns=7258309971349450][T0xea73bdab9020][TIMING] emit_host_span: [STRACE] v=1 pid=3002038 tid=3002038 inv=1 hid=6ccca4d8c4e91962 depth=2 name=chip.run.bind.prebuilt ts=7258309971343510 dur=3220 
[mono_ns=7258309971355760][T0xea73bdab9020][TIMING] emit_host_span: [STRACE] v=1 pid=3002038 tid=3002038 inv=1 hid=6ccca4d8c4e91962 depth=1 name=chip.run.bind ts=7258309967530200 dur=3823210 
[mono_ns=7258310088540672][T0xea73bdab9020][TIMING] emit_host_span: [STRACE] v=1 pid=3002038 tid=3002038 inv=1 hid=6ccca4d8c4e91962 depth=1 name=chip.run.runner_run ts=7258309972420718 dur=116111984 
[mono_ns=7258310091119232][T0xea73bdab9020][TIMING] emit_host_span: [STRACE] v=1 pid=3002038 tid=3002038 inv=1 hid=6ccca4d8c4e91962 depth=1 name=chip.run.validate ts=7258310088559402 dur=2553300 
[mono_ns=7258310091135252][T0xea73bdab9020][TIMING] emit_host_span: [STRACE] v=1 pid=3002038 tid=3002038 inv=1 hid=6ccca4d8c4e91962 depth=2 name=chip.run.runner_run.device_wall ts=0 dur=18232320 clk=dev
[mono_ns=7258310091140002][T0xea73bdab9020][TIMING] emit_host_span: [STRACE] v=1 pid=3002038 tid=3002038 inv=1 hid=6ccca4d8c4e91962 depth=3 name=chip.run.runner_run.device_wall.preamble ts=0 dur=167400 clk=dev
[mono_ns=7258310091144662][T0xea73bdab9020][TIMING] emit_host_span: [STRACE] v=1 pid=3002038 tid=3002038 inv=1 hid=6ccca4d8c4e91962 depth=3 name=chip.run.runner_run.device_wall.graph_build ts=38920 dur=18171739 clk=dev
[mono_ns=7258310091149532][T0xea73bdab9020][TIMING] emit_host_span: [STRACE] v=1 pid=3002038 tid=3002038 inv=1 hid=6ccca4d8c4e91962 depth=3 name=chip.run.runner_run.device_wall.config_validate ts=42600 dur=3540 clk=dev
[mono_ns=7258310091153052][T0xea73bdab9020][TIMING] emit_host_span: [STRACE] v=1 pid=3002038 tid=3002038 inv=1 hid=6ccca4d8c4e91962 depth=3 name=chip.run.runner_run.device_wall.arena_wire ts=46160 dur=12500 clk=dev
[mono_ns=7258310091156352][T0xea73bdab9020][TIMING] emit_host_span: [STRACE] v=1 pid=3002038 tid=3002038 inv=1 hid=6ccca4d8c4e91962 depth=3 name=chip.run.runner_run.device_wall.sm_reset ts=58820 dur=18460 clk=dev
[mono_ns=7258310091159982][T0xea73bdab9020][TIMING] emit_host_span: [STRACE] v=1 pid=3002038 tid=3002038 inv=1 hid=6ccca4d8c4e91962 depth=3 name=chip.run.runner_run.device_wall.post_orch ts=18210720 dur=17560 clk=dev
[mono_ns=7258310091165262][T0xea73bdab9020][TIMING] emit_host_span: [STRACE] v=1 pid=3002038 tid=3002038 inv=1 hid=6ccca4d8c4e91962 depth=3 name=chip.run.runner_run.device_wall.orch ts=82280 dur=41300 clk=dev
[mono_ns=7258310091170282][T0xea73bdab9020][TIMING] emit_host_span: [STRACE] v=1 pid=3002038 tid=3002038 inv=1 hid=6ccca4d8c4e91962 depth=3 name=chip.run.runner_run.device_wall.sched ts=169299 dur=18018120 clk=dev
[mono_ns=7258310091176802][T0xea73bdab9020][TIMING] emit_host_span: [STRACE] v=1 pid=3002038 tid=3002038 inv=1 hid=6ccca4d8c4e91962 depth=1 name=chip.run.claim_release ts=7258310091173902 dur=1130 
[mono_ns=7258310091183953][T0xea73bdab9020][TIMING] emit_host_span: [STRACE] v=1 pid=3002038 tid=3002038 inv=1 hid=6ccca4d8c4e91962 depth=0 name=chip.run ts=7258309967497890 dur=123683942 run_id=1 dispatch_id=1 slot_id=0 generation=1 run_epoch=1
[mono_ns=7258310100240892][T0xea73bdab9020][TIMING] emit_host_span: [STRACE] v=1 pid=3002038 tid=3002038 inv=2 hid=6ccca4d8c4e91962 depth=2 name=chip.run.bind.args ts=7258310097923264 dur=2310588 
[mono_ns=7258310100259632][T0xea73bdab9020][TIMING] emit_host_span: [STRACE] v=1 pid=3002038 tid=3002038 inv=2 hid=6ccca4d8c4e91962 depth=2 name=chip.run.bind.prebuilt ts=7258310100254132 dur=2820 
[mono_ns=7258310100264872][T0xea73bdab9020][TIMING] emit_host_span: [STRACE] v=1 pid=3002038 tid=3002038 inv=2 hid=6ccca4d8c4e91962 depth=1 name=chip.run.bind ts=7258310097916424 dur=2346308 
[mono_ns=7258310186974950][T0xea7260dcaca0][WARN] copy_aicore_buffer: [chip_swimlane_collector.cpp:689] Core 2: skipped 1024 AICore record slot(s) with start_time=0 (race-window write or recycled-buffer tail). buf seq=0 count=1024
[mono_ns=7258310186979110][T0xea72749ecca0][WARN] copy_aicore_buffer: [chip_swimlane_collector.cpp:689] Core 1: skipped 1024 AICore record slot(s) with start_time=0 (race-window write or recycled-buffer tail). buf seq=0 count=1024
[mono_ns=7258310186999330][T0xea72751fcca0][WARN] copy_aicore_buffer: [chip_swimlane_collector.cpp:689] Core 0: skipped 1024 AICore record slot(s) with start_time=0 (race-window write or recycled-buffer tail). buf seq=0 count=1024
[mono_ns=7258310187333113][T0xea72749ecca0][WARN] copy_aicore_buffer: [chip_swimlane_collector.cpp:689] Core 26: skipped 1024 AICore record slot(s) with start_time=0 (race-window write or recycled-buffer tail). buf seq=0 count=1024
[mono_ns=7258310187351143][T0xea72751fcca0][WARN] copy_aicore_buffer: [chip_swimlane_collector.cpp:689] Core 24: skipped 1022 AICore record slot(s) with start_time=0 (race-window write or recycled-buffer tail). buf seq=0 count=1024
[mono_ns=7258310187350923][T0xea7260dcaca0][WARN] copy_aicore_buffer: [chip_swimlane_collector.cpp:689] Core 28: skipped 1023 AICore record slot(s) with start_time=0 (race-window write or recycled-buffer tail). buf seq=0 count=1024
[mono_ns=7258310187662895][T0xea72749ecca0][WARN] copy_aicore_buffer: [chip_swimlane_collector.cpp:689] Core 27: skipped 1024 AICore record slot(s) with start_time=0 (race-window write or recycled-buffer tail). buf seq=0 count=1024
[mono_ns=7258310187675026][T0xea72751fcca0][WARN] copy_aicore_buffer: [chip_swimlane_collector.cpp:689] Core 25: skipped 1024 AICore record slot(s) with start_time=0 (race-window write or recycled-buffer tail). buf seq=0 count=1024
[mono_ns=7258310187675856][T0xea7260dcaca0][WARN] copy_aicore_buffer: [chip_swimlane_collector.cpp:689] Core 29: skipped 1024 AICore record slot(s) with start_time=0 (race-window write or recycled-buffer tail). buf seq=0 count=1024
[mono_ns=7258310188102829][T0xea72751fcca0][WARN] copy_aicore_buffer: [chip_swimlane_collector.cpp:689] Core 3: skipped 1024 AICore record slot(s) with start_time=0 (race-window write or recycled-buffer tail). buf seq=0 count=1024
[mono_ns=7258310188103159][T0xea7260dcaca0][WARN] copy_aicore_buffer: [chip_swimlane_collector.cpp:689] Core 5: skipped 1024 AICore record slot(s) with start_time=0 (race-window write or recycled-buffer tail). buf seq=0 count=1024
[mono_ns=7258310188103629][T0xea72749ecca0][WARN] copy_aicore_buffer: [chip_swimlane_collector.cpp:689] Core 4: skipped 1024 AICore record slot(s) with start_time=0 (race-window write or recycled-buffer tail). buf seq=0 count=1024
[mono_ns=7258310188439041][T0xea7260dcaca0][WARN] copy_aicore_buffer: [chip_swimlane_collector.cpp:689] Core 34: skipped 1024 AICore record slot(s) with start_time=0 (race-window write or recycled-buffer tail). buf seq=0 count=1024
[mono_ns=7258310188451412][T0xea72751fcca0][WARN] copy_aicore_buffer: [chip_swimlane_collector.cpp:689] Core 30: skipped 1024 AICore record slot(s) with start_time=0 (race-window write or recycled-buffer tail). buf seq=0 count=1024
[mono_ns=7258310188463672][T0xea72749ecca0][WARN] copy_aicore_buffer: [chip_swimlane_collector.cpp:689] Core 32: skipped 1024 AICore record slot(s) with start_time=0 (race-window write or recycled-buffer tail). buf seq=0 count=1024
[mono_ns=7258310188768844][T0xea7260dcaca0][WARN] copy_aicore_buffer: [chip_swimlane_collector.cpp:689] Core 35: skipped 1024 AICore record slot(s) with start_time=0 (race-window write or recycled-buffer tail). buf seq=0 count=1024
[mono_ns=7258310188781514][T0xea72751fcca0][WARN] copy_aicore_buffer: [chip_swimlane_collector.cpp:689] Core 31: skipped 1024 AICore record slot(s) with start_time=0 (race-window write or recycled-buffer tail). buf seq=0 count=1024
[mono_ns=7258310188792134][T0xea72749ecca0][WARN] copy_aicore_buffer: [chip_swimlane_collector.cpp:689] Core 33: skipped 1024 AICore record slot(s) with start_time=0 (race-window write or recycled-buffer tail). buf seq=0 count=1024
[mono_ns=7258310189104637][T0xea7260dcaca0][WARN] copy_aicore_buffer: [chip_swimlane_collector.cpp:689] Core 8: skipped 1024 AICore record slot(s) with start_time=0 (race-window write or recycled-buffer tail). buf seq=0 count=1024
[mono_ns=7258310189115777][T0xea72751fcca0][WARN] copy_aicore_buffer: [chip_swimlane_collector.cpp:689] Core 6: skipped 1024 AICore record slot(s) with start_time=0 (race-window write or recycled-buffer tail). buf seq=0 count=1024
[mono_ns=7258310189126937][T0xea72749ecca0][WARN] copy_aicore_buffer: [chip_swimlane_collector.cpp:689] Core 7: skipped 1024 AICore record slot(s) with start_time=0 (race-window write or recycled-buffer tail). buf seq=0 count=1024
[mono_ns=7258310189436339][T0xea7260dcaca0][WARN] copy_aicore_buffer: [chip_swimlane_collector.cpp:689] Core 40: skipped 1024 AICore record slot(s) with start_time=0 (race-window write or recycled-buffer tail). buf seq=0 count=1024
[mono_ns=7258310189439529][T0xea72751fcca0][WARN] copy_aicore_buffer: [chip_swimlane_collector.cpp:689] Core 36: skipped 1024 AICore record slot(s) with start_time=0 (race-window write or recycled-buffer tail). buf seq=0 count=1024
[mono_ns=7258310189455369][T0xea72749ecca0][WARN] copy_aicore_buffer: [chip_swimlane_collector.cpp:689] Core 38: skipped 1024 AICore record slot(s) with start_time=0 (race-window write or recycled-buffer tail). buf seq=0 count=1024
[mono_ns=7258310189766182][T0xea7260dcaca0][WARN] copy_aicore_buffer: [chip_swimlane_collector.cpp:689] Core 41: skipped 1024 AICore record slot(s) with start_time=0 (race-window write or recycled-buffer tail). buf seq=0 count=1024
[mono_ns=7258310189775602][T0xea72751fcca0][WARN] copy_aicore_buffer: [chip_swimlane_collector.cpp:689] Core 37: skipped 1024 AICore record slot(s) with start_time=0 (race-window write or recycled-buffer tail). buf seq=0 count=1024
[mono_ns=7258310189781082][T0xea72749ecca0][WARN] copy_aicore_buffer: [chip_swimlane_collector.cpp:689] Core 39: skipped 1024 AICore record slot(s) with start_time=0 (race-window write or recycled-buffer tail). buf seq=0 count=1024
[mono_ns=7258310190112424][T0xea7260dcaca0][WARN] copy_aicore_buffer: [chip_swimlane_collector.cpp:689] Core 11: skipped 1024 AICore record slot(s) with start_time=0 (race-window write or recycled-buffer tail). buf seq=0 count=1024
[mono_ns=7258310190123364][T0xea72751fcca0][WARN] copy_aicore_buffer: [chip_swimlane_collector.cpp:689] Core 9: skipped 1024 AICore record slot(s) with start_time=0 (race-window write or recycled-buffer tail). buf seq=0 count=1024
[mono_ns=7258310190124164][T0xea72749ecca0][WARN] copy_aicore_buffer: [chip_swimlane_collector.cpp:689] Core 10: skipped 1024 AICore record slot(s) with start_time=0 (race-window write or recycled-buffer tail). buf seq=0 count=1024
[mono_ns=7258310190442007][T0xea7260dcaca0][WARN] copy_aicore_buffer: [chip_swimlane_collector.cpp:689] Core 46: skipped 1024 AICore record slot(s) with start_time=0 (race-window write or recycled-buffer tail). buf seq=0 count=1024
[mono_ns=7258310190453427][T0xea72749ecca0][WARN] copy_aicore_buffer: [chip_swimlane_collector.cpp:689] Core 44: skipped 1024 AICore record slot(s) with start_time=0 (race-window write or recycled-buffer tail). buf seq=0 count=1024
[mono_ns=7258310190462617][T0xea72751fcca0][WARN] copy_aicore_buffer: [chip_swimlane_collector.cpp:689] Core 42: skipped 1024 AICore record slot(s) with start_time=0 (race-window write or recycled-buffer tail). buf seq=0 count=1024
[mono_ns=7258310190771479][T0xea7260dcaca0][WARN] copy_aicore_buffer: [chip_swimlane_collector.cpp:689] Core 47: skipped 1024 AICore record slot(s) with start_time=0 (race-window write or recycled-buffer tail). buf seq=0 count=1024
[mono_ns=7258310190780459][T0xea72749ecca0][WARN] copy_aicore_buffer: [chip_swimlane_collector.cpp:689] Core 45: skipped 1024 AICore record slot(s) with start_time=0 (race-window write or recycled-buffer tail). buf seq=0 count=1024
[mono_ns=7258310190788229][T0xea72751fcca0][WARN] copy_aicore_buffer: [chip_swimlane_collector.cpp:689] Core 43: skipped 1024 AICore record slot(s) with start_time=0 (race-window write or recycled-buffer tail). buf seq=0 count=1024
[mono_ns=7258310191112232][T0xea72749ecca0][WARN] copy_aicore_buffer: [chip_swimlane_collector.cpp:689] Core 13: skipped 1024 AICore record slot(s) with start_time=0 (race-window write or recycled-buffer tail). buf seq=0 count=1024
[mono_ns=7258310191113322][T0xea7260dcaca0][WARN] copy_aicore_buffer: [chip_swimlane_collector.cpp:689] Core 14: skipped 1024 AICore record slot(s) with start_time=0 (race-window write or recycled-buffer tail). buf seq=0 count=1024
[mono_ns=7258310191125092][T0xea72751fcca0][WARN] copy_aicore_buffer: [chip_swimlane_collector.cpp:689] Core 12: skipped 1024 AICore record slot(s) with start_time=0 (race-window write or recycled-buffer tail). buf seq=0 count=1024
[mono_ns=7258310191442055][T0xea7260dcaca0][WARN] copy_aicore_buffer: [chip_swimlane_collector.cpp:689] Core 52: skipped 1024 AICore record slot(s) with start_time=0 (race-window write or recycled-buffer tail). buf seq=0 count=1024
[mono_ns=7258310191451425][T0xea72749ecca0][WARN] copy_aicore_buffer: [chip_swimlane_collector.cpp:689] Core 50: skipped 1024 AICore record slot(s) with start_time=0 (race-window write or recycled-buffer tail). buf seq=0 count=1024
[mono_ns=7258310191462645][T0xea72751fcca0][WARN] copy_aicore_buffer: [chip_swimlane_collector.cpp:689] Core 48: skipped 1024 AICore record slot(s) with start_time=0 (race-window write or recycled-buffer tail). buf seq=0 count=1024
[mono_ns=7258310191771277][T0xea7260dcaca0][WARN] copy_aicore_buffer: [chip_swimlane_collector.cpp:689] Core 53: skipped 1024 AICore record slot(s) with start_time=0 (race-window write or recycled-buffer tail). buf seq=0 count=1024
[mono_ns=7258310191779297][T0xea72749ecca0][WARN] copy_aicore_buffer: [chip_swimlane_collector.cpp:689] Core 51: skipped 1024 AICore record slot(s) with start_time=0 (race-window write or recycled-buffer tail). buf seq=0 count=1024
[mono_ns=7258310191793337][T0xea72751fcca0][WARN] copy_aicore_buffer: [chip_swimlane_collector.cpp:689] Core 49: skipped 1024 AICore record slot(s) with start_time=0 (race-window write or recycled-buffer tail). buf seq=0 count=1024
[mono_ns=7258310192126840][T0xea72749ecca0][WARN] copy_aicore_buffer: [chip_swimlane_collector.cpp:689] Core 16: skipped 1024 AICore record slot(s) with start_time=0 (race-window write or recycled-buffer tail). buf seq=0 count=1024
[mono_ns=7258310192126630][T0xea7260dcaca0][WARN] copy_aicore_buffer: [chip_swimlane_collector.cpp:689] Core 17: skipped 1024 AICore record slot(s) with start_time=0 (race-window write or recycled-buffer tail). buf seq=0 count=1024
[mono_ns=7258310192137270][T0xea72751fcca0][WARN] copy_aicore_buffer: [chip_swimlane_collector.cpp:689] Core 15: skipped 1024 AICore record slot(s) with start_time=0 (race-window write or recycled-buffer tail). buf seq=0 count=1024
[mono_ns=7258310192454342][T0xea7260dcaca0][WARN] copy_aicore_buffer: [chip_swimlane_collector.cpp:689] Core 58: skipped 1024 AICore record slot(s) with start_time=0 (race-window write or recycled-buffer tail). buf seq=0 count=1024
[mono_ns=7258310192463692][T0xea72749ecca0][WARN] copy_aicore_buffer: [chip_swimlane_collector.cpp:689] Core 56: skipped 1024 AICore record slot(s) with start_time=0 (race-window write or recycled-buffer tail). buf seq=0 count=1024
[mono_ns=7258310192474992][T0xea72751fcca0][WARN] copy_aicore_buffer: [chip_swimlane_collector.cpp:689] Core 54: skipped 1024 AICore record slot(s) with start_time=0 (race-window write or recycled-buffer tail). buf seq=0 count=1024
[mono_ns=7258310192781935][T0xea7260dcaca0][WARN] copy_aicore_buffer: [chip_swimlane_collector.cpp:689] Core 59: skipped 1024 AICore record slot(s) with start_time=0 (race-window write or recycled-buffer tail). buf seq=0 count=1024
[mono_ns=7258310192788925][T0xea72749ecca0][WARN] copy_aicore_buffer: [chip_swimlane_collector.cpp:689] Core 57: skipped 1024 AICore record slot(s) with start_time=0 (race-window write or recycled-buffer tail). buf seq=0 count=1024
[mono_ns=7258310192802145][T0xea72751fcca0][WARN] copy_aicore_buffer: [chip_swimlane_collector.cpp:689] Core 55: skipped 1024 AICore record slot(s) with start_time=0 (race-window write or recycled-buffer tail). buf seq=0 count=1024
[mono_ns=7258310193132068][T0xea7260dcaca0][WARN] copy_aicore_buffer: [chip_swimlane_collector.cpp:689] Core 20: skipped 1024 AICore record slot(s) with start_time=0 (race-window write or recycled-buffer tail). buf seq=0 count=1024
[mono_ns=7258310193136808][T0xea72749ecca0][WARN] copy_aicore_buffer: [chip_swimlane_collector.cpp:689] Core 19: skipped 1024 AICore record slot(s) with start_time=0 (race-window write or recycled-buffer tail). buf seq=0 count=1024
[mono_ns=7258310193138758][T0xea72751fcca0][WARN] copy_aicore_buffer: [chip_swimlane_collector.cpp:689] Core 18: skipped 1024 AICore record slot(s) with start_time=0 (race-window write or recycled-buffer tail). buf seq=0 count=1024
[mono_ns=7258310193462290][T0xea7260dcaca0][WARN] copy_aicore_buffer: [chip_swimlane_collector.cpp:689] Core 64: skipped 1024 AICore record slot(s) with start_time=0 (race-window write or recycled-buffer tail). buf seq=0 count=1024
[mono_ns=7258310193475040][T0xea72749ecca0][WARN] copy_aicore_buffer: [chip_swimlane_collector.cpp:689] Core 62: skipped 1024 AICore record slot(s) with start_time=0 (race-window write or recycled-buffer tail). buf seq=0 count=1024
[mono_ns=7258310193481870][T0xea72751fcca0][WARN] copy_aicore_buffer: [chip_swimlane_collector.cpp:689] Core 60: skipped 1024 AICore record slot(s) with start_time=0 (race-window write or recycled-buffer tail). buf seq=0 count=1024
[mono_ns=7258310193790133][T0xea7260dcaca0][WARN] copy_aicore_buffer: [chip_swimlane_collector.cpp:689] Core 65: skipped 1024 AICore record slot(s) with start_time=0 (race-window write or recycled-buffer tail). buf seq=0 count=1024
[mono_ns=7258310193798923][T0xea72749ecca0][WARN] copy_aicore_buffer: [chip_swimlane_collector.cpp:689] Core 63: skipped 1024 AICore record slot(s) with start_time=0 (race-window write or recycled-buffer tail). buf seq=0 count=1024
[mono_ns=7258310193813083][T0xea72751fcca0][WARN] copy_aicore_buffer: [chip_swimlane_collector.cpp:689] Core 61: skipped 1024 AICore record slot(s) with start_time=0 (race-window write or recycled-buffer tail). buf seq=0 count=1024
[mono_ns=7258310194131655][T0xea7260dcaca0][WARN] copy_aicore_buffer: [chip_swimlane_collector.cpp:689] Core 23: skipped 1024 AICore record slot(s) with start_time=0 (race-window write or recycled-buffer tail). buf seq=0 count=1024
[mono_ns=7258310194140495][T0xea72749ecca0][WARN] copy_aicore_buffer: [chip_swimlane_collector.cpp:689] Core 22: skipped 1024 AICore record slot(s) with start_time=0 (race-window write or recycled-buffer tail). buf seq=0 count=1024
[mono_ns=7258310194144435][T0xea72751fcca0][WARN] copy_aicore_buffer: [chip_swimlane_collector.cpp:689] Core 21: skipped 1024 AICore record slot(s) with start_time=0 (race-window write or recycled-buffer tail). buf seq=0 count=1024
[mono_ns=7258310194460968][T0xea7260dcaca0][WARN] copy_aicore_buffer: [chip_swimlane_collector.cpp:689] Core 70: skipped 1024 AICore record slot(s) with start_time=0 (race-window write or recycled-buffer tail). buf seq=0 count=1024
[mono_ns=7258310194472948][T0xea72749ecca0][WARN] copy_aicore_buffer: [chip_swimlane_collector.cpp:689] Core 68: skipped 1024 AICore record slot(s) with start_time=0 (race-window write or recycled-buffer tail). buf seq=0 count=1024
[mono_ns=7258310194477578][T0xea72751fcca0][WARN] copy_aicore_buffer: [chip_swimlane_collector.cpp:689] Core 66: skipped 1024 AICore record slot(s) with start_time=0 (race-window write or recycled-buffer tail). buf seq=0 count=1024
[mono_ns=7258310194789630][T0xea7260dcaca0][WARN] copy_aicore_buffer: [chip_swimlane_collector.cpp:689] Core 71: skipped 1024 AICore record slot(s) with start_time=0 (race-window write or recycled-buffer tail). buf seq=0 count=1024
[mono_ns=7258310194796230][T0xea72749ecca0][WARN] copy_aicore_buffer: [chip_swimlane_collector.cpp:689] Core 69: skipped 1024 AICore record slot(s) with start_time=0 (race-window write or recycled-buffer tail). buf seq=0 count=1024
[mono_ns=7258310194802650][T0xea72751fcca0][WARN] copy_aicore_buffer: [chip_swimlane_collector.cpp:689] Core 67: skipped 1024 AICore record slot(s) with start_time=0 (race-window write or recycled-buffer tail). buf seq=0 count=1024
[mono_ns=7258310295403345][T0xea73bdab9020][TIMING] emit_host_span: [STRACE] v=1 pid=3002038 tid=3002038 inv=2 hid=6ccca4d8c4e91962 depth=1 name=chip.run.runner_run ts=7258310153836665 dur=141558270 
[mono_ns=7258310297156129][T0xea73bdab9020][TIMING] emit_host_span: [STRACE] v=1 pid=3002038 tid=3002038 inv=2 hid=6ccca4d8c4e91962 depth=1 name=chip.run.validate ts=7258310295411625 dur=1738214 
[mono_ns=7258310297166539][T0xea73bdab9020][TIMING] emit_host_span: [STRACE] v=1 pid=3002038 tid=3002038 inv=2 hid=6ccca4d8c4e91962 depth=2 name=chip.run.runner_run.device_wall ts=0 dur=30956320 clk=dev
[mono_ns=7258310297171549][T0xea73bdab9020][TIMING] emit_host_span: [STRACE] v=1 pid=3002038 tid=3002038 inv=2 hid=6ccca4d8c4e91962 depth=3 name=chip.run.runner_run.device_wall.preamble ts=0 dur=138660 clk=dev
[mono_ns=7258310297175839][T0xea73bdab9020][TIMING] emit_host_span: [STRACE] v=1 pid=3002038 tid=3002038 inv=2 hid=6ccca4d8c4e91962 depth=3 name=chip.run.runner_run.device_wall.graph_build ts=132580 dur=30813700 clk=dev
[mono_ns=7258310297179499][T0xea73bdab9020][TIMING] emit_host_span: [STRACE] v=1 pid=3002038 tid=3002038 inv=2 hid=6ccca4d8c4e91962 depth=3 name=chip.run.runner_run.device_wall.config_validate ts=132820 dur=1140 clk=dev
[mono_ns=7258310297183109][T0xea73bdab9020][TIMING] emit_host_span: [STRACE] v=1 pid=3002038 tid=3002038 inv=2 hid=6ccca4d8c4e91962 depth=3 name=chip.run.runner_run.device_wall.arena_wire ts=133980 dur=1160 clk=dev
[mono_ns=7258310297186469][T0xea73bdab9020][TIMING] emit_host_span: [STRACE] v=1 pid=3002038 tid=3002038 inv=2 hid=6ccca4d8c4e91962 depth=3 name=chip.run.runner_run.device_wall.sm_reset ts=135160 dur=2880 clk=dev
[mono_ns=7258310297191229][T0xea73bdab9020][TIMING] emit_host_span: [STRACE] v=1 pid=3002038 tid=3002038 inv=2 hid=6ccca4d8c4e91962 depth=3 name=chip.run.runner_run.device_wall.post_orch ts=30946460 dur=9680 clk=dev
[mono_ns=7258310297194909][T0xea73bdab9020][TIMING] emit_host_span: [STRACE] v=1 pid=3002038 tid=3002038 inv=2 hid=6ccca4d8c4e91962 depth=3 name=chip.run.runner_run.device_wall.orch ts=138080 dur=5160 clk=dev
[mono_ns=7258310297198299][T0xea73bdab9020][TIMING] emit_host_span: [STRACE] v=1 pid=3002038 tid=3002038 inv=2 hid=6ccca4d8c4e91962 depth=3 name=chip.run.runner_run.device_wall.sched ts=138800 dur=30780360 clk=dev
[mono_ns=7258310297203909][T0xea73bdab9020][TIMING] emit_host_span: [STRACE] v=1 pid=3002038 tid=3002038 inv=2 hid=6ccca4d8c4e91962 depth=1 name=chip.run.claim_release ts=7258310297200909 dur=1080 
[mono_ns=7258310297209059][T0xea73bdab9020][TIMING] emit_host_span: [STRACE] v=1 pid=3002038 tid=3002038 inv=2 hid=6ccca4d8c4e91962 depth=0 name=chip.run ts=7258310097885734 dur=199321345 run_id=2 dispatch_id=2 slot_id=0 generation=2 run_epoch=2
[mono_ns=7258315115739393][T0xea73bdab9020][TIMING] emit_host_span: [STRACE] v=1 pid=3002038 tid=3002038 inv=3 hid=6ccca4d8c4e91962 depth=2 name=chip.run.bind.args ts=7258315113678897 dur=2040395 
[mono_ns=7258315115796173][T0xea73bdab9020][TIMING] emit_host_span: [STRACE] v=1 pid=3002038 tid=3002038 inv=3 hid=6ccca4d8c4e91962 depth=2 name=chip.run.bind.prebuilt ts=7258315115789943 dur=3310 
[mono_ns=7258315115801413][T0xea73bdab9020][TIMING] emit_host_span: [STRACE] v=1 pid=3002038 tid=3002038 inv=3 hid=6ccca4d8c4e91962 depth=1 name=chip.run.bind ts=7258315113617216 dur=2181887 
[mono_ns=7258315300753815][T0xea73bdab9020][TIMING] emit_host_span: [STRACE] v=1 pid=3002038 tid=3002038 inv=3 hid=6ccca4d8c4e91962 depth=1 name=chip.run.runner_run ts=7258315116823001 dur=183915494 
[mono_ns=7258315302298987][T0xea73bdab9020][TIMING] emit_host_span: [STRACE] v=1 pid=3002038 tid=3002038 inv=3 hid=6ccca4d8c4e91962 depth=1 name=chip.run.validate ts=7258315300774455 dur=1517832 
[mono_ns=7258315302308497][T0xea73bdab9020][TIMING] emit_host_span: [STRACE] v=1 pid=3002038 tid=3002038 inv=3 hid=6ccca4d8c4e91962 depth=2 name=chip.run.runner_run.device_wall ts=0 dur=28260540 clk=dev
[mono_ns=7258315302313007][T0xea73bdab9020][TIMING] emit_host_span: [STRACE] v=1 pid=3002038 tid=3002038 inv=3 hid=6ccca4d8c4e91962 depth=3 name=chip.run.runner_run.device_wall.preamble ts=0 dur=8719 clk=dev
[mono_ns=7258315302316757][T0xea73bdab9020][TIMING] emit_host_span: [STRACE] v=1 pid=3002038 tid=3002038 inv=3 hid=6ccca4d8c4e91962 depth=3 name=chip.run.runner_run.device_wall.graph_build ts=1839 dur=28247600 clk=dev
[mono_ns=7258315302360497][T0xea73bdab9020][TIMING] emit_host_span: [STRACE] v=1 pid=3002038 tid=3002038 inv=3 hid=6ccca4d8c4e91962 depth=3 name=chip.run.runner_run.device_wall.config_validate ts=2200 dur=960 clk=dev
[mono_ns=7258315302363807][T0xea73bdab9020][TIMING] emit_host_span: [STRACE] v=1 pid=3002038 tid=3002038 inv=3 hid=6ccca4d8c4e91962 depth=3 name=chip.run.runner_run.device_wall.arena_wire ts=3199 dur=799 clk=dev
[mono_ns=7258315302366767][T0xea73bdab9020][TIMING] emit_host_span: [STRACE] v=1 pid=3002038 tid=3002038 inv=3 hid=6ccca4d8c4e91962 depth=3 name=chip.run.runner_run.device_wall.sm_reset ts=4019 dur=2280 clk=dev
[mono_ns=7258315302369727][T0xea73bdab9020][TIMING] emit_host_span: [STRACE] v=1 pid=3002038 tid=3002038 inv=3 hid=6ccca4d8c4e91962 depth=3 name=chip.run.runner_run.device_wall.post_orch ts=28249500 dur=10640 clk=dev
[mono_ns=7258315302372608][T0xea73bdab9020][TIMING] emit_host_span: [STRACE] v=1 pid=3002038 tid=3002038 inv=3 hid=6ccca4d8c4e91962 depth=3 name=chip.run.runner_run.device_wall.orch ts=7420 dur=11300 clk=dev
[mono_ns=7258315302375468][T0xea73bdab9020][TIMING] emit_host_span: [STRACE] v=1 pid=3002038 tid=3002038 inv=3 hid=6ccca4d8c4e91962 depth=3 name=chip.run.runner_run.device_wall.sched ts=9020 dur=28231540 clk=dev
[mono_ns=7258315302380318][T0xea73bdab9020][TIMING] emit_host_span: [STRACE] v=1 pid=3002038 tid=3002038 inv=3 hid=6ccca4d8c4e91962 depth=1 name=chip.run.claim_release ts=7258315302377768 dur=810 
[mono_ns=7258315302385318][T0xea73bdab9020][TIMING] emit_host_span: [STRACE] v=1 pid=3002038 tid=3002038 inv=3 hid=6ccca4d8c4e91962 depth=0 name=chip.run ts=7258315112869811 dur=189513397 run_id=3 dispatch_id=3 slot_id=0 generation=3 run_epoch=3
[mono_ns=7258315344804664][T0xea73bdab9020][TIMING] emit_host_span: [STRACE] v=1 pid=3002038 tid=3002038 inv=4 hid=6ccca4d8c4e91962 depth=2 name=chip.run.bind.args ts=7258315342972690 dur=1825804 
[mono_ns=7258315344819034][T0xea73bdab9020][TIMING] emit_host_span: [STRACE] v=1 pid=3002038 tid=3002038 inv=4 hid=6ccca4d8c4e91962 depth=2 name=chip.run.bind.prebuilt ts=7258315344812864 dur=2690 
[mono_ns=7258315344823334][T0xea73bdab9020][TIMING] emit_host_span: [STRACE] v=1 pid=3002038 tid=3002038 inv=4 hid=6ccca4d8c4e91962 depth=1 name=chip.run.bind ts=7258315342964370 dur=1856654 
[mono_ns=7258315365751865][T0xea72749ecca0][WARN] copy_aicore_buffer: [chip_swimlane_collector.cpp:689] Core 1: skipped 1024 AICore record slot(s) with start_time=0 (race-window write or recycled-buffer tail). buf seq=0 count=1024
[mono_ns=7258315365837715][T0xea7260dcaca0][WARN] copy_aicore_buffer: [chip_swimlane_collector.cpp:689] Core 2: skipped 1024 AICore record slot(s) with start_time=0 (race-window write or recycled-buffer tail). buf seq=0 count=1024
[mono_ns=7258315365915116][T0xea72751fcca0][WARN] copy_aicore_buffer: [chip_swimlane_collector.cpp:689] Core 0: skipped 1024 AICore record slot(s) with start_time=0 (race-window write or recycled-buffer tail). buf seq=0 count=1024
[mono_ns=7258315366154168][T0xea72749ecca0][WARN] copy_aicore_buffer: [chip_swimlane_collector.cpp:689] Core 26: skipped 1023 AICore record slot(s) with start_time=0 (race-window write or recycled-buffer tail). buf seq=0 count=1024
[mono_ns=7258315366227008][T0xea7260dcaca0][WARN] copy_aicore_buffer: [chip_swimlane_collector.cpp:689] Core 28: skipped 1023 AICore record slot(s) with start_time=0 (race-window write or recycled-buffer tail). buf seq=0 count=1024
[mono_ns=7258315366256789][T0xea72751fcca0][WARN] copy_aicore_buffer: [chip_swimlane_collector.cpp:689] Core 24: skipped 1023 AICore record slot(s) with start_time=0 (race-window write or recycled-buffer tail). buf seq=0 count=1024
[mono_ns=7258315366518901][T0xea72749ecca0][WARN] copy_aicore_buffer: [chip_swimlane_collector.cpp:689] Core 27: skipped 1024 AICore record slot(s) with start_time=0 (race-window write or recycled-buffer tail). buf seq=0 count=1024
[mono_ns=7258315366551201][T0xea7260dcaca0][WARN] copy_aicore_buffer: [chip_swimlane_collector.cpp:689] Core 29: skipped 1024 AICore record slot(s) with start_time=0 (race-window write or recycled-buffer tail). buf seq=0 count=1024
[mono_ns=7258315366580471][T0xea72751fcca0][WARN] copy_aicore_buffer: [chip_swimlane_collector.cpp:689] Core 25: skipped 1024 AICore record slot(s) with start_time=0 (race-window write or recycled-buffer tail). buf seq=0 count=1024
[mono_ns=7258315366842843][T0xea72749ecca0][WARN] copy_aicore_buffer: [chip_swimlane_collector.cpp:689] Core 4: skipped 1024 AICore record slot(s) with start_time=0 (race-window write or recycled-buffer tail). buf seq=0 count=1024
[mono_ns=7258315366872883][T0xea7260dcaca0][WARN] copy_aicore_buffer: [chip_swimlane_collector.cpp:689] Core 5: skipped 1024 AICore record slot(s) with start_time=0 (race-window write or recycled-buffer tail). buf seq=0 count=1024
[mono_ns=7258315366899414][T0xea72751fcca0][WARN] copy_aicore_buffer: [chip_swimlane_collector.cpp:689] Core 3: skipped 1024 AICore record slot(s) with start_time=0 (race-window write or recycled-buffer tail). buf seq=0 count=1024
[mono_ns=7258315367176196][T0xea72749ecca0][WARN] copy_aicore_buffer: [chip_swimlane_collector.cpp:689] Core 32: skipped 1024 AICore record slot(s) with start_time=0 (race-window write or recycled-buffer tail). buf seq=0 count=1024
[mono_ns=7258315367215736][T0xea7260dcaca0][WARN] copy_aicore_buffer: [chip_swimlane_collector.cpp:689] Core 34: skipped 1024 AICore record slot(s) with start_time=0 (race-window write or recycled-buffer tail). buf seq=0 count=1024
[mono_ns=7258315367263436][T0xea72751fcca0][WARN] copy_aicore_buffer: [chip_swimlane_collector.cpp:689] Core 30: skipped 1024 AICore record slot(s) with start_time=0 (race-window write or recycled-buffer tail). buf seq=0 count=1024
[mono_ns=7258315367499988][T0xea72749ecca0][WARN] copy_aicore_buffer: [chip_swimlane_collector.cpp:689] Core 33: skipped 1024 AICore record slot(s) with start_time=0 (race-window write or recycled-buffer tail). buf seq=0 count=1024
[mono_ns=7258315367536749][T0xea7260dcaca0][WARN] copy_aicore_buffer: [chip_swimlane_collector.cpp:689] Core 35: skipped 1024 AICore record slot(s) with start_time=0 (race-window write or recycled-buffer tail). buf seq=0 count=1024
[mono_ns=7258315367586169][T0xea72751fcca0][WARN] copy_aicore_buffer: [chip_swimlane_collector.cpp:689] Core 31: skipped 1024 AICore record slot(s) with start_time=0 (race-window write or recycled-buffer tail). buf seq=0 count=1024
[mono_ns=7258315367822881][T0xea72749ecca0][WARN] copy_aicore_buffer: [chip_swimlane_collector.cpp:689] Core 7: skipped 1024 AICore record slot(s) with start_time=0 (race-window write or recycled-buffer tail). buf seq=0 count=1024
[mono_ns=7258315367908991][T0xea72751fcca0][WARN] copy_aicore_buffer: [chip_swimlane_collector.cpp:689] Core 6: skipped 1024 AICore record slot(s) with start_time=0 (race-window write or recycled-buffer tail). buf seq=0 count=1024
[mono_ns=7258315367857091][T0xea7260dcaca0][WARN] copy_aicore_buffer: [chip_swimlane_collector.cpp:689] Core 8: skipped 1024 AICore record slot(s) with start_time=0 (race-window write or recycled-buffer tail). buf seq=0 count=1024
[mono_ns=7258315368158863][T0xea72749ecca0][WARN] copy_aicore_buffer: [chip_swimlane_collector.cpp:689] Core 38: skipped 1024 AICore record slot(s) with start_time=0 (race-window write or recycled-buffer tail). buf seq=0 count=1024
[mono_ns=7258315368256374][T0xea72751fcca0][WARN] copy_aicore_buffer: [chip_swimlane_collector.cpp:689] Core 36: skipped 1024 AICore record slot(s) with start_time=0 (race-window write or recycled-buffer tail). buf seq=0 count=1024
[mono_ns=7258315368257534][T0xea7260dcaca0][WARN] copy_aicore_buffer: [chip_swimlane_collector.cpp:689] Core 40: skipped 1024 AICore record slot(s) with start_time=0 (race-window write or recycled-buffer tail). buf seq=0 count=1024
[mono_ns=7258315368482536][T0xea72749ecca0][WARN] copy_aicore_buffer: [chip_swimlane_collector.cpp:689] Core 39: skipped 1024 AICore record slot(s) with start_time=0 (race-window write or recycled-buffer tail). buf seq=0 count=1024
[mono_ns=7258315368576107][T0xea7260dcaca0][WARN] copy_aicore_buffer: [chip_swimlane_collector.cpp:689] Core 41: skipped 1024 AICore record slot(s) with start_time=0 (race-window write or recycled-buffer tail). buf seq=0 count=1024
[mono_ns=7258315368578827][T0xea72751fcca0][WARN] copy_aicore_buffer: [chip_swimlane_collector.cpp:689] Core 37: skipped 1024 AICore record slot(s) with start_time=0 (race-window write or recycled-buffer tail). buf seq=0 count=1024
[mono_ns=7258315368805728][T0xea72749ecca0][WARN] copy_aicore_buffer: [chip_swimlane_collector.cpp:689] Core 10: skipped 1024 AICore record slot(s) with start_time=0 (race-window write or recycled-buffer tail). buf seq=0 count=1024
[mono_ns=7258315368897699][T0xea72751fcca0][WARN] copy_aicore_buffer: [chip_swimlane_collector.cpp:689] Core 9: skipped 1024 AICore record slot(s) with start_time=0 (race-window write or recycled-buffer tail). buf seq=0 count=1024
[mono_ns=7258315368898479][T0xea7260dcaca0][WARN] copy_aicore_buffer: [chip_swimlane_collector.cpp:689] Core 11: skipped 1024 AICore record slot(s) with start_time=0 (race-window write or recycled-buffer tail). buf seq=0 count=1024
[mono_ns=7258315369205911][T0xea72749ecca0][WARN] copy_aicore_buffer: [chip_swimlane_collector.cpp:689] Core 44: skipped 1024 AICore record slot(s) with start_time=0 (race-window write or recycled-buffer tail). buf seq=0 count=1024
[mono_ns=7258315369242042][T0xea72751fcca0][WARN] copy_aicore_buffer: [chip_swimlane_collector.cpp:689] Core 42: skipped 1024 AICore record slot(s) with start_time=0 (race-window write or recycled-buffer tail). buf seq=0 count=1024
[mono_ns=7258315369253862][T0xea7260dcaca0][WARN] copy_aicore_buffer: [chip_swimlane_collector.cpp:689] Core 46: skipped 1024 AICore record slot(s) with start_time=0 (race-window write or recycled-buffer tail). buf seq=0 count=1024
[mono_ns=7258315369561604][T0xea72749ecca0][WARN] copy_aicore_buffer: [chip_swimlane_collector.cpp:689] Core 45: skipped 1024 AICore record slot(s) with start_time=0 (race-window write or recycled-buffer tail). buf seq=0 count=1024
[mono_ns=7258315369591704][T0xea72751fcca0][WARN] copy_aicore_buffer: [chip_swimlane_collector.cpp:689] Core 43: skipped 1024 AICore record slot(s) with start_time=0 (race-window write or recycled-buffer tail). buf seq=0 count=1024
[mono_ns=7258315369609414][T0xea7260dcaca0][WARN] copy_aicore_buffer: [chip_swimlane_collector.cpp:689] Core 47: skipped 1024 AICore record slot(s) with start_time=0 (race-window write or recycled-buffer tail). buf seq=0 count=1024
[mono_ns=7258315369895147][T0xea72749ecca0][WARN] copy_aicore_buffer: [chip_swimlane_collector.cpp:689] Core 13: skipped 1024 AICore record slot(s) with start_time=0 (race-window write or recycled-buffer tail). buf seq=0 count=1024
[mono_ns=7258315369953967][T0xea7260dcaca0][WARN] copy_aicore_buffer: [chip_swimlane_collector.cpp:689] Core 14: skipped 1024 AICore record slot(s) with start_time=0 (race-window write or recycled-buffer tail). buf seq=0 count=1024
[mono_ns=7258315369967737][T0xea72751fcca0][WARN] copy_aicore_buffer: [chip_swimlane_collector.cpp:689] Core 12: skipped 1024 AICore record slot(s) with start_time=0 (race-window write or recycled-buffer tail). buf seq=0 count=1024
[mono_ns=7258315370240349][T0xea72749ecca0][WARN] copy_aicore_buffer: [chip_swimlane_collector.cpp:689] Core 50: skipped 1024 AICore record slot(s) with start_time=0 (race-window write or recycled-buffer tail). buf seq=0 count=1024
[mono_ns=7258315370294110][T0xea7260dcaca0][WARN] copy_aicore_buffer: [chip_swimlane_collector.cpp:689] Core 52: skipped 1024 AICore record slot(s) with start_time=0 (race-window write or recycled-buffer tail). buf seq=0 count=1024
[mono_ns=7258315370311450][T0xea72751fcca0][WARN] copy_aicore_buffer: [chip_swimlane_collector.cpp:689] Core 48: skipped 1024 AICore record slot(s) with start_time=0 (race-window write or recycled-buffer tail). buf seq=0 count=1024
[mono_ns=7258315370570562][T0xea72749ecca0][WARN] copy_aicore_buffer: [chip_swimlane_collector.cpp:689] Core 51: skipped 1024 AICore record slot(s) with start_time=0 (race-window write or recycled-buffer tail). buf seq=0 count=1024
[mono_ns=7258315370624782][T0xea7260dcaca0][WARN] copy_aicore_buffer: [chip_swimlane_collector.cpp:689] Core 53: skipped 1024 AICore record slot(s) with start_time=0 (race-window write or recycled-buffer tail). buf seq=0 count=1024
[mono_ns=7258315370639912][T0xea72751fcca0][WARN] copy_aicore_buffer: [chip_swimlane_collector.cpp:689] Core 49: skipped 1024 AICore record slot(s) with start_time=0 (race-window write or recycled-buffer tail). buf seq=0 count=1024
[mono_ns=7258315370922965][T0xea72749ecca0][WARN] copy_aicore_buffer: [chip_swimlane_collector.cpp:689] Core 16: skipped 1024 AICore record slot(s) with start_time=0 (race-window write or recycled-buffer tail). buf seq=0 count=1024
[mono_ns=7258315370957005][T0xea7260dcaca0][WARN] copy_aicore_buffer: [chip_swimlane_collector.cpp:689] Core 17: skipped 1024 AICore record slot(s) with start_time=0 (race-window write or recycled-buffer tail). buf seq=0 count=1024
[mono_ns=7258315370968295][T0xea72751fcca0][WARN] copy_aicore_buffer: [chip_swimlane_collector.cpp:689] Core 15: skipped 1024 AICore record slot(s) with start_time=0 (race-window write or recycled-buffer tail). buf seq=0 count=1024
[mono_ns=7258315371258937][T0xea72749ecca0][WARN] copy_aicore_buffer: [chip_swimlane_collector.cpp:689] Core 56: skipped 1024 AICore record slot(s) with start_time=0 (race-window write or recycled-buffer tail). buf seq=0 count=1024
[mono_ns=7258315371304257][T0xea72751fcca0][WARN] copy_aicore_buffer: [chip_swimlane_collector.cpp:689] Core 54: skipped 1024 AICore record slot(s) with start_time=0 (race-window write or recycled-buffer tail). buf seq=0 count=1024
[mono_ns=7258315371307058][T0xea7260dcaca0][WARN] copy_aicore_buffer: [chip_swimlane_collector.cpp:689] Core 58: skipped 1024 AICore record slot(s) with start_time=0 (race-window write or recycled-buffer tail). buf seq=0 count=1024
[mono_ns=7258315371589390][T0xea72749ecca0][WARN] copy_aicore_buffer: [chip_swimlane_collector.cpp:689] Core 57: skipped 1024 AICore record slot(s) with start_time=0 (race-window write or recycled-buffer tail). buf seq=0 count=1024
[mono_ns=7258315371635580][T0xea72751fcca0][WARN] copy_aicore_buffer: [chip_swimlane_collector.cpp:689] Core 55: skipped 1024 AICore record slot(s) with start_time=0 (race-window write or recycled-buffer tail). buf seq=0 count=1024
[mono_ns=7258315371674990][T0xea7260dcaca0][WARN] copy_aicore_buffer: [chip_swimlane_collector.cpp:689] Core 59: skipped 1024 AICore record slot(s) with start_time=0 (race-window write or recycled-buffer tail). buf seq=0 count=1024
[mono_ns=7258315371920942][T0xea72749ecca0][WARN] copy_aicore_buffer: [chip_swimlane_collector.cpp:689] Core 19: skipped 1024 AICore record slot(s) with start_time=0 (race-window write or recycled-buffer tail). buf seq=0 count=1024
[mono_ns=7258315371967953][T0xea72751fcca0][WARN] copy_aicore_buffer: [chip_swimlane_collector.cpp:689] Core 18: skipped 1024 AICore record slot(s) with start_time=0 (race-window write or recycled-buffer tail). buf seq=0 count=1024
[mono_ns=7258315372014583][T0xea7260dcaca0][WARN] copy_aicore_buffer: [chip_swimlane_collector.cpp:689] Core 20: skipped 1024 AICore record slot(s) with start_time=0 (race-window write or recycled-buffer tail). buf seq=0 count=1024
[mono_ns=7258315372262265][T0xea72749ecca0][WARN] copy_aicore_buffer: [chip_swimlane_collector.cpp:689] Core 62: skipped 1024 AICore record slot(s) with start_time=0 (race-window write or recycled-buffer tail). buf seq=0 count=1024
[mono_ns=7258315372315565][T0xea72751fcca0][WARN] copy_aicore_buffer: [chip_swimlane_collector.cpp:689] Core 60: skipped 1024 AICore record slot(s) with start_time=0 (race-window write or recycled-buffer tail). buf seq=0 count=1024
[mono_ns=7258315372341445][T0xea7260dcaca0][WARN] copy_aicore_buffer: [chip_swimlane_collector.cpp:689] Core 64: skipped 1024 AICore record slot(s) with start_time=0 (race-window write or recycled-buffer tail). buf seq=0 count=1024
[mono_ns=7258315372591947][T0xea72749ecca0][WARN] copy_aicore_buffer: [chip_swimlane_collector.cpp:689] Core 63: skipped 1024 AICore record slot(s) with start_time=0 (race-window write or recycled-buffer tail). buf seq=0 count=1024
[mono_ns=7258315372654658][T0xea72751fcca0][WARN] copy_aicore_buffer: [chip_swimlane_collector.cpp:689] Core 61: skipped 1024 AICore record slot(s) with start_time=0 (race-window write or recycled-buffer tail). buf seq=0 count=1024
[mono_ns=7258315372667638][T0xea7260dcaca0][WARN] copy_aicore_buffer: [chip_swimlane_collector.cpp:689] Core 65: skipped 1024 AICore record slot(s) with start_time=0 (race-window write or recycled-buffer tail). buf seq=0 count=1024
[mono_ns=7258315372922070][T0xea72749ecca0][WARN] copy_aicore_buffer: [chip_swimlane_collector.cpp:689] Core 22: skipped 1024 AICore record slot(s) with start_time=0 (race-window write or recycled-buffer tail). buf seq=0 count=1024
[mono_ns=7258315372981910][T0xea72751fcca0][WARN] copy_aicore_buffer: [chip_swimlane_collector.cpp:689] Core 21: skipped 1024 AICore record slot(s) with start_time=0 (race-window write or recycled-buffer tail). buf seq=0 count=1024
[mono_ns=7258315372988900][T0xea7260dcaca0][WARN] copy_aicore_buffer: [chip_swimlane_collector.cpp:689] Core 23: skipped 1024 AICore record slot(s) with start_time=0 (race-window write or recycled-buffer tail). buf seq=0 count=1024
[mono_ns=7258315373258463][T0xea72749ecca0][WARN] copy_aicore_buffer: [chip_swimlane_collector.cpp:689] Core 68: skipped 1024 AICore record slot(s) with start_time=0 (race-window write or recycled-buffer tail). buf seq=0 count=1024
[mono_ns=7258315373321743][T0xea72751fcca0][WARN] copy_aicore_buffer: [chip_swimlane_collector.cpp:689] Core 66: skipped 1024 AICore record slot(s) with start_time=0 (race-window write or recycled-buffer tail). buf seq=0 count=1024
[mono_ns=7258315373350903][T0xea7260dcaca0][WARN] copy_aicore_buffer: [chip_swimlane_collector.cpp:689] Core 70: skipped 1024 AICore record slot(s) with start_time=0 (race-window write or recycled-buffer tail). buf seq=0 count=1024
[mono_ns=7258315373591545][T0xea72749ecca0][WARN] copy_aicore_buffer: [chip_swimlane_collector.cpp:689] Core 69: skipped 1024 AICore record slot(s) with start_time=0 (race-window write or recycled-buffer tail). buf seq=0 count=1024
[mono_ns=7258315373652526][T0xea72751fcca0][WARN] copy_aicore_buffer: [chip_swimlane_collector.cpp:689] Core 67: skipped 1024 AICore record slot(s) with start_time=0 (race-window write or recycled-buffer tail). buf seq=0 count=1024
[mono_ns=7258315373676956][T0xea7260dcaca0][WARN] copy_aicore_buffer: [chip_swimlane_collector.cpp:689] Core 71: skipped 1024 AICore record slot(s) with start_time=0 (race-window write or recycled-buffer tail). buf seq=0 count=1024
[mono_ns=7258315474728413][T0xea73bdab9020][TIMING] emit_host_span: [STRACE] v=1 pid=3002038 tid=3002038 inv=4 hid=6ccca4d8c4e91962 depth=1 name=chip.run.runner_run ts=7258315346471997 dur=128241606 
[mono_ns=7258315476348615][T0xea73bdab9020][TIMING] emit_host_span: [STRACE] v=1 pid=3002038 tid=3002038 inv=4 hid=6ccca4d8c4e91962 depth=1 name=chip.run.validate ts=7258315474749893 dur=1593042 
[mono_ns=7258315476395825][T0xea73bdab9020][TIMING] emit_host_span: [STRACE] v=1 pid=3002038 tid=3002038 inv=4 hid=6ccca4d8c4e91962 depth=2 name=chip.run.runner_run.device_wall ts=0 dur=18614539 clk=dev
[mono_ns=7258315476400176][T0xea73bdab9020][TIMING] emit_host_span: [STRACE] v=1 pid=3002038 tid=3002038 inv=4 hid=6ccca4d8c4e91962 depth=3 name=chip.run.runner_run.device_wall.preamble ts=0 dur=109860 clk=dev
[mono_ns=7258315476404246][T0xea73bdab9020][TIMING] emit_host_span: [STRACE] v=1 pid=3002038 tid=3002038 inv=4 hid=6ccca4d8c4e91962 depth=3 name=chip.run.runner_run.device_wall.graph_build ts=105380 dur=18499340 clk=dev
[mono_ns=7258315476407716][T0xea73bdab9020][TIMING] emit_host_span: [STRACE] v=1 pid=3002038 tid=3002038 inv=4 hid=6ccca4d8c4e91962 depth=3 name=chip.run.runner_run.device_wall.config_validate ts=105520 dur=740 clk=dev
[mono_ns=7258315476410706][T0xea73bdab9020][TIMING] emit_host_span: [STRACE] v=1 pid=3002038 tid=3002038 inv=4 hid=6ccca4d8c4e91962 depth=3 name=chip.run.runner_run.device_wall.arena_wire ts=106280 dur=380 clk=dev
[mono_ns=7258315476413546][T0xea73bdab9020][TIMING] emit_host_span: [STRACE] v=1 pid=3002038 tid=3002038 inv=4 hid=6ccca4d8c4e91962 depth=3 name=chip.run.runner_run.device_wall.sm_reset ts=106680 dur=1200 clk=dev
[mono_ns=7258315476417346][T0xea73bdab9020][TIMING] emit_host_span: [STRACE] v=1 pid=3002038 tid=3002038 inv=4 hid=6ccca4d8c4e91962 depth=3 name=chip.run.runner_run.device_wall.post_orch ts=18604780 dur=9680 clk=dev
[mono_ns=7258315476421496][T0xea73bdab9020][TIMING] emit_host_span: [STRACE] v=1 pid=3002038 tid=3002038 inv=4 hid=6ccca4d8c4e91962 depth=3 name=chip.run.runner_run.device_wall.orch ts=107920 dur=4080 clk=dev
[mono_ns=7258315476439776][T0xea73bdab9020][TIMING] emit_host_span: [STRACE] v=1 pid=3002038 tid=3002038 inv=4 hid=6ccca4d8c4e91962 depth=3 name=chip.run.runner_run.device_wall.sched ts=109880 dur=18469760 clk=dev
[mono_ns=7258315476444386][T0xea73bdab9020][TIMING] emit_host_span: [STRACE] v=1 pid=3002038 tid=3002038 inv=4 hid=6ccca4d8c4e91962 depth=1 name=chip.run.claim_release ts=7258315476441986 dur=640 
[mono_ns=7258315476449236][T0xea73bdab9020][TIMING] emit_host_span: [STRACE] v=1 pid=3002038 tid=3002038 inv=4 hid=6ccca4d8c4e91962 depth=0 name=chip.run ts=7258315342907749 dur=133539467 run_id=4 dispatch_id=4 slot_id=0 generation=4 run_epoch=4
[mono_ns=7258320280710890][T0xea73bdab9020][TIMING] emit_host_span: [STRACE] v=1 pid=3002038 tid=3002038 inv=5 hid=6ccca4d8c4e91962 depth=2 name=chip.run.bind.args ts=7258320278784815 dur=1915955 
[mono_ns=7258320280734160][T0xea73bdab9020][TIMING] emit_host_span: [STRACE] v=1 pid=3002038 tid=3002038 inv=5 hid=6ccca4d8c4e91962 depth=2 name=chip.run.bind.prebuilt ts=7258320280728590 dur=2940 
[mono_ns=7258320280739400][T0xea73bdab9020][TIMING] emit_host_span: [STRACE] v=1 pid=3002038 tid=3002038 inv=5 hid=6ccca4d8c4e91962 depth=1 name=chip.run.bind ts=7258320278772645 dur=1964425 
[mono_ns=7258320389522716][T0xea73bdab9020][TIMING] emit_host_span: [STRACE] v=1 pid=3002038 tid=3002038 inv=5 hid=6ccca4d8c4e91962 depth=1 name=chip.run.runner_run ts=7258320281125593 dur=108382542 
[mono_ns=7258320392009565][T0xea73bdab9020][TIMING] emit_host_span: [STRACE] v=1 pid=3002038 tid=3002038 inv=5 hid=6ccca4d8c4e91962 depth=1 name=chip.run.validate ts=7258320389537946 dur=2457779 
[mono_ns=7258320392044515][T0xea73bdab9020][TIMING] emit_host_span: [STRACE] v=1 pid=3002038 tid=3002038 inv=5 hid=6ccca4d8c4e91962 depth=2 name=chip.run.runner_run.device_wall ts=0 dur=18417420 clk=dev
[mono_ns=7258320392050295][T0xea73bdab9020][TIMING] emit_host_span: [STRACE] v=1 pid=3002038 tid=3002038 inv=5 hid=6ccca4d8c4e91962 depth=3 name=chip.run.runner_run.device_wall.preamble ts=0 dur=6980 clk=dev
[mono_ns=7258320392055475][T0xea73bdab9020][TIMING] emit_host_span: [STRACE] v=1 pid=3002038 tid=3002038 inv=5 hid=6ccca4d8c4e91962 depth=3 name=chip.run.runner_run.device_wall.graph_build ts=1500 dur=18405340 clk=dev
[mono_ns=7258320392059185][T0xea73bdab9020][TIMING] emit_host_span: [STRACE] v=1 pid=3002038 tid=3002038 inv=5 hid=6ccca4d8c4e91962 depth=3 name=chip.run.runner_run.device_wall.config_validate ts=2200 dur=1120 clk=dev
[mono_ns=7258320392062555][T0xea73bdab9020][TIMING] emit_host_span: [STRACE] v=1 pid=3002038 tid=3002038 inv=5 hid=6ccca4d8c4e91962 depth=3 name=chip.run.runner_run.device_wall.arena_wire ts=3340 dur=1260 clk=dev
[mono_ns=7258320392065745][T0xea73bdab9020][TIMING] emit_host_span: [STRACE] v=1 pid=3002038 tid=3002038 inv=5 hid=6ccca4d8c4e91962 depth=3 name=chip.run.runner_run.device_wall.sm_reset ts=4780 dur=2420 clk=dev
[mono_ns=7258320392068955][T0xea73bdab9020][TIMING] emit_host_span: [STRACE] v=1 pid=3002038 tid=3002038 inv=5 hid=6ccca4d8c4e91962 depth=3 name=chip.run.runner_run.device_wall.post_orch ts=18406860 dur=10200 clk=dev
[mono_ns=7258320392171146][T0xea73bdab9020][TIMING] emit_host_span: [STRACE] v=1 pid=3002038 tid=3002038 inv=5 hid=6ccca4d8c4e91962 depth=3 name=chip.run.runner_run.device_wall.orch ts=7940 dur=11180 clk=dev
[mono_ns=7258320392175186][T0xea73bdab9020][TIMING] emit_host_span: [STRACE] v=1 pid=3002038 tid=3002038 inv=5 hid=6ccca4d8c4e91962 depth=3 name=chip.run.runner_run.device_wall.sched ts=7380 dur=18391340 clk=dev
[mono_ns=7258320392181476][T0xea73bdab9020][TIMING] emit_host_span: [STRACE] v=1 pid=3002038 tid=3002038 inv=5 hid=6ccca4d8c4e91962 depth=1 name=chip.run.claim_release ts=7258320392178706 dur=920 
[mono_ns=7258320392188346][T0xea73bdab9020][TIMING] emit_host_span: [STRACE] v=1 pid=3002038 tid=3002038 inv=5 hid=6ccca4d8c4e91962 depth=0 name=chip.run ts=7258320278606934 dur=113578472 run_id=5 dispatch_id=5 slot_id=0 generation=5 run_epoch=5
[mono_ns=7258320400637481][T0xea73bdab9020][TIMING] emit_host_span: [STRACE] v=1 pid=3002038 tid=3002038 inv=6 hid=6ccca4d8c4e91962 depth=2 name=chip.run.bind.args ts=7258320398732726 dur=1897915 
[mono_ns=7258320400655811][T0xea73bdab9020][TIMING] emit_host_span: [STRACE] v=1 pid=3002038 tid=3002038 inv=6 hid=6ccca4d8c4e91962 depth=2 name=chip.run.bind.prebuilt ts=7258320400650401 dur=2790 
[mono_ns=7258320400660871][T0xea73bdab9020][TIMING] emit_host_span: [STRACE] v=1 pid=3002038 tid=3002038 inv=6 hid=6ccca4d8c4e91962 depth=1 name=chip.run.bind ts=7258320398723426 dur=1935215 
[mono_ns=7258320420755455][T0xea72749ecca0][WARN] copy_aicore_buffer: [chip_swimlane_collector.cpp:689] Core 1: skipped 1024 AICore record slot(s) with start_time=0 (race-window write or recycled-buffer tail). buf seq=0 count=1024
[mono_ns=7258320420803426][T0xea7260dcaca0][WARN] copy_aicore_buffer: [chip_swimlane_collector.cpp:689] Core 2: skipped 1024 AICore record slot(s) with start_time=0 (race-window write or recycled-buffer tail). buf seq=0 count=1024
[mono_ns=7258320420910677][T0xea72751fcca0][WARN] copy_aicore_buffer: [chip_swimlane_collector.cpp:689] Core 0: skipped 1024 AICore record slot(s) with start_time=0 (race-window write or recycled-buffer tail). buf seq=0 count=1024
[mono_ns=7258320421143958][T0xea7260dcaca0][WARN] copy_aicore_buffer: [chip_swimlane_collector.cpp:689] Core 28: skipped 1022 AICore record slot(s) with start_time=0 (race-window write or recycled-buffer tail). buf seq=0 count=1024
[mono_ns=7258320421147498][T0xea72749ecca0][WARN] copy_aicore_buffer: [chip_swimlane_collector.cpp:689] Core 26: skipped 1023 AICore record slot(s) with start_time=0 (race-window write or recycled-buffer tail). buf seq=0 count=1024
[mono_ns=7258320421327440][T0xea72751fcca0][WARN] copy_aicore_buffer: [chip_swimlane_collector.cpp:689] Core 24: skipped 1024 AICore record slot(s) with start_time=0 (race-window write or recycled-buffer tail). buf seq=0 count=1024
[mono_ns=7258320421464171][T0xea7260dcaca0][WARN] copy_aicore_buffer: [chip_swimlane_collector.cpp:689] Core 29: skipped 1024 AICore record slot(s) with start_time=0 (race-window write or recycled-buffer tail). buf seq=0 count=1024
[mono_ns=7258320421466561][T0xea72749ecca0][WARN] copy_aicore_buffer: [chip_swimlane_collector.cpp:689] Core 27: skipped 1024 AICore record slot(s) with start_time=0 (race-window write or recycled-buffer tail). buf seq=0 count=1024
[mono_ns=7258320421646772][T0xea72751fcca0][WARN] copy_aicore_buffer: [chip_swimlane_collector.cpp:689] Core 25: skipped 1024 AICore record slot(s) with start_time=0 (race-window write or recycled-buffer tail). buf seq=0 count=1024
[mono_ns=7258320421781273][T0xea7260dcaca0][WARN] copy_aicore_buffer: [chip_swimlane_collector.cpp:689] Core 5: skipped 1024 AICore record slot(s) with start_time=0 (race-window write or recycled-buffer tail). buf seq=0 count=1024
[mono_ns=7258320421784343][T0xea72749ecca0][WARN] copy_aicore_buffer: [chip_swimlane_collector.cpp:689] Core 4: skipped 1024 AICore record slot(s) with start_time=0 (race-window write or recycled-buffer tail). buf seq=0 count=1024
[mono_ns=7258320421975105][T0xea72751fcca0][WARN] copy_aicore_buffer: [chip_swimlane_collector.cpp:689] Core 3: skipped 1024 AICore record slot(s) with start_time=0 (race-window write or recycled-buffer tail). buf seq=0 count=1024
[mono_ns=7258320422109406][T0xea7260dcaca0][WARN] copy_aicore_buffer: [chip_swimlane_collector.cpp:689] Core 34: skipped 1024 AICore record slot(s) with start_time=0 (race-window write or recycled-buffer tail). buf seq=0 count=1024
[mono_ns=7258320422114566][T0xea72749ecca0][WARN] copy_aicore_buffer: [chip_swimlane_collector.cpp:689] Core 32: skipped 1024 AICore record slot(s) with start_time=0 (race-window write or recycled-buffer tail). buf seq=0 count=1024
[mono_ns=7258320422303897][T0xea72751fcca0][WARN] copy_aicore_buffer: [chip_swimlane_collector.cpp:689] Core 30: skipped 1024 AICore record slot(s) with start_time=0 (race-window write or recycled-buffer tail). buf seq=0 count=1024
[mono_ns=7258320422425468][T0xea7260dcaca0][WARN] copy_aicore_buffer: [chip_swimlane_collector.cpp:689] Core 35: skipped 1024 AICore record slot(s) with start_time=0 (race-window write or recycled-buffer tail). buf seq=0 count=1024
[mono_ns=7258320422431198][T0xea72749ecca0][WARN] copy_aicore_buffer: [chip_swimlane_collector.cpp:689] Core 33: skipped 1024 AICore record slot(s) with start_time=0 (race-window write or recycled-buffer tail). buf seq=0 count=1024
[mono_ns=7258320422621270][T0xea72751fcca0][WARN] copy_aicore_buffer: [chip_swimlane_collector.cpp:689] Core 31: skipped 1024 AICore record slot(s) with start_time=0 (race-window write or recycled-buffer tail). buf seq=0 count=1024
[mono_ns=7258320422742431][T0xea7260dcaca0][WARN] copy_aicore_buffer: [chip_swimlane_collector.cpp:689] Core 8: skipped 1024 AICore record slot(s) with start_time=0 (race-window write or recycled-buffer tail). buf seq=0 count=1024
[mono_ns=7258320422797351][T0xea72749ecca0][WARN] copy_aicore_buffer: [chip_swimlane_collector.cpp:689] Core 7: skipped 1024 AICore record slot(s) with start_time=0 (race-window write or recycled-buffer tail). buf seq=0 count=1024
[mono_ns=7258320422938382][T0xea72751fcca0][WARN] copy_aicore_buffer: [chip_swimlane_collector.cpp:689] Core 6: skipped 1024 AICore record slot(s) with start_time=0 (race-window write or recycled-buffer tail). buf seq=0 count=1024
[mono_ns=7258320423067553][T0xea7260dcaca0][WARN] copy_aicore_buffer: [chip_swimlane_collector.cpp:689] Core 40: skipped 1024 AICore record slot(s) with start_time=0 (race-window write or recycled-buffer tail). buf seq=0 count=1024
[mono_ns=7258320423122563][T0xea72749ecca0][WARN] copy_aicore_buffer: [chip_swimlane_collector.cpp:689] Core 38: skipped 1024 AICore record slot(s) with start_time=0 (race-window write or recycled-buffer tail). buf seq=0 count=1024
[mono_ns=7258320423265715][T0xea72751fcca0][WARN] copy_aicore_buffer: [chip_swimlane_collector.cpp:689] Core 36: skipped 1024 AICore record slot(s) with start_time=0 (race-window write or recycled-buffer tail). buf seq=0 count=1024
[mono_ns=7258320423383945][T0xea7260dcaca0][WARN] copy_aicore_buffer: [chip_swimlane_collector.cpp:689] Core 41: skipped 1024 AICore record slot(s) with start_time=0 (race-window write or recycled-buffer tail). buf seq=0 count=1024
[mono_ns=7258320423439976][T0xea72749ecca0][WARN] copy_aicore_buffer: [chip_swimlane_collector.cpp:689] Core 39: skipped 1024 AICore record slot(s) with start_time=0 (race-window write or recycled-buffer tail). buf seq=0 count=1024
[mono_ns=7258320423628147][T0xea72751fcca0][WARN] copy_aicore_buffer: [chip_swimlane_collector.cpp:689] Core 37: skipped 1024 AICore record slot(s) with start_time=0 (race-window write or recycled-buffer tail). buf seq=0 count=1024
[mono_ns=7258320423700128][T0xea7260dcaca0][WARN] copy_aicore_buffer: [chip_swimlane_collector.cpp:689] Core 11: skipped 1024 AICore record slot(s) with start_time=0 (race-window write or recycled-buffer tail). buf seq=0 count=1024
[mono_ns=7258320423757008][T0xea72749ecca0][WARN] copy_aicore_buffer: [chip_swimlane_collector.cpp:689] Core 10: skipped 1024 AICore record slot(s) with start_time=0 (race-window write or recycled-buffer tail). buf seq=0 count=1024
[mono_ns=7258320423944450][T0xea72751fcca0][WARN] copy_aicore_buffer: [chip_swimlane_collector.cpp:689] Core 9: skipped 1024 AICore record slot(s) with start_time=0 (race-window write or recycled-buffer tail). buf seq=0 count=1024
[mono_ns=7258320424029480][T0xea7260dcaca0][WARN] copy_aicore_buffer: [chip_swimlane_collector.cpp:689] Core 46: skipped 1024 AICore record slot(s) with start_time=0 (race-window write or recycled-buffer tail). buf seq=0 count=1024
[mono_ns=7258320424081861][T0xea72749ecca0][WARN] copy_aicore_buffer: [chip_swimlane_collector.cpp:689] Core 44: skipped 1024 AICore record slot(s) with start_time=0 (race-window write or recycled-buffer tail). buf seq=0 count=1024
[mono_ns=7258320424270562][T0xea72751fcca0][WARN] copy_aicore_buffer: [chip_swimlane_collector.cpp:689] Core 42: skipped 1024 AICore record slot(s) with start_time=0 (race-window write or recycled-buffer tail). buf seq=0 count=1024
[mono_ns=7258320424346093][T0xea7260dcaca0][WARN] copy_aicore_buffer: [chip_swimlane_collector.cpp:689] Core 47: skipped 1024 AICore record slot(s) with start_time=0 (race-window write or recycled-buffer tail). buf seq=0 count=1024
[mono_ns=7258320424442184][T0xea72749ecca0][WARN] copy_aicore_buffer: [chip_swimlane_collector.cpp:689] Core 45: skipped 1024 AICore record slot(s) with start_time=0 (race-window write or recycled-buffer tail). buf seq=0 count=1024
[mono_ns=7258320424587865][T0xea72751fcca0][WARN] copy_aicore_buffer: [chip_swimlane_collector.cpp:689] Core 43: skipped 1024 AICore record slot(s) with start_time=0 (race-window write or recycled-buffer tail). buf seq=0 count=1024
[mono_ns=7258320424661735][T0xea7260dcaca0][WARN] copy_aicore_buffer: [chip_swimlane_collector.cpp:689] Core 14: skipped 1024 AICore record slot(s) with start_time=0 (race-window write or recycled-buffer tail). buf seq=0 count=1024
[mono_ns=7258320424761596][T0xea72749ecca0][WARN] copy_aicore_buffer: [chip_swimlane_collector.cpp:689] Core 13: skipped 1024 AICore record slot(s) with start_time=0 (race-window write or recycled-buffer tail). buf seq=0 count=1024
[mono_ns=7258320424905477][T0xea72751fcca0][WARN] copy_aicore_buffer: [chip_swimlane_collector.cpp:689] Core 12: skipped 1024 AICore record slot(s) with start_time=0 (race-window write or recycled-buffer tail). buf seq=0 count=1024
[mono_ns=7258320424978698][T0xea7260dcaca0][WARN] copy_aicore_buffer: [chip_swimlane_collector.cpp:689] Core 52: skipped 1024 AICore record slot(s) with start_time=0 (race-window write or recycled-buffer tail). buf seq=0 count=1024
[mono_ns=7258320425099489][T0xea72749ecca0][WARN] copy_aicore_buffer: [chip_swimlane_collector.cpp:689] Core 50: skipped 1024 AICore record slot(s) with start_time=0 (race-window write or recycled-buffer tail). buf seq=0 count=1024
[mono_ns=7258320425234030][T0xea72751fcca0][WARN] copy_aicore_buffer: [chip_swimlane_collector.cpp:689] Core 48: skipped 1024 AICore record slot(s) with start_time=0 (race-window write or recycled-buffer tail). buf seq=0 count=1024
[mono_ns=7258320425324900][T0xea7260dcaca0][WARN] copy_aicore_buffer: [chip_swimlane_collector.cpp:689] Core 53: skipped 1024 AICore record slot(s) with start_time=0 (race-window write or recycled-buffer tail). buf seq=0 count=1024
[mono_ns=7258320425418221][T0xea72749ecca0][WARN] copy_aicore_buffer: [chip_swimlane_collector.cpp:689] Core 51: skipped 1024 AICore record slot(s) with start_time=0 (race-window write or recycled-buffer tail). buf seq=0 count=1024
[mono_ns=7258320425551242][T0xea72751fcca0][WARN] copy_aicore_buffer: [chip_swimlane_collector.cpp:689] Core 49: skipped 1024 AICore record slot(s) with start_time=0 (race-window write or recycled-buffer tail). buf seq=0 count=1024
[mono_ns=7258320425641433][T0xea7260dcaca0][WARN] copy_aicore_buffer: [chip_swimlane_collector.cpp:689] Core 17: skipped 1024 AICore record slot(s) with start_time=0 (race-window write or recycled-buffer tail). buf seq=0 count=1024
[mono_ns=7258320425736444][T0xea72749ecca0][WARN] copy_aicore_buffer: [chip_swimlane_collector.cpp:689] Core 16: skipped 1024 AICore record slot(s) with start_time=0 (race-window write or recycled-buffer tail). buf seq=0 count=1024
[mono_ns=7258320425866805][T0xea72751fcca0][WARN] copy_aicore_buffer: [chip_swimlane_collector.cpp:689] Core 15: skipped 1024 AICore record slot(s) with start_time=0 (race-window write or recycled-buffer tail). buf seq=0 count=1024
[mono_ns=7258320425959275][T0xea7260dcaca0][WARN] copy_aicore_buffer: [chip_swimlane_collector.cpp:689] Core 58: skipped 1024 AICore record slot(s) with start_time=0 (race-window write or recycled-buffer tail). buf seq=0 count=1024
[mono_ns=7258320426063626][T0xea72749ecca0][WARN] copy_aicore_buffer: [chip_swimlane_collector.cpp:689] Core 56: skipped 1024 AICore record slot(s) with start_time=0 (race-window write or recycled-buffer tail). buf seq=0 count=1024
[mono_ns=7258320426205527][T0xea72751fcca0][WARN] copy_aicore_buffer: [chip_swimlane_collector.cpp:689] Core 54: skipped 1024 AICore record slot(s) with start_time=0 (race-window write or recycled-buffer tail). buf seq=0 count=1024
[mono_ns=7258320426284128][T0xea7260dcaca0][WARN] copy_aicore_buffer: [chip_swimlane_collector.cpp:689] Core 59: skipped 1024 AICore record slot(s) with start_time=0 (race-window write or recycled-buffer tail). buf seq=0 count=1024
[mono_ns=7258320426381349][T0xea72749ecca0][WARN] copy_aicore_buffer: [chip_swimlane_collector.cpp:689] Core 57: skipped 1024 AICore record slot(s) with start_time=0 (race-window write or recycled-buffer tail). buf seq=0 count=1024
[mono_ns=7258320426522100][T0xea72751fcca0][WARN] copy_aicore_buffer: [chip_swimlane_collector.cpp:689] Core 55: skipped 1024 AICore record slot(s) with start_time=0 (race-window write or recycled-buffer tail). buf seq=0 count=1024
[mono_ns=7258320426599640][T0xea7260dcaca0][WARN] copy_aicore_buffer: [chip_swimlane_collector.cpp:689] Core 20: skipped 1024 AICore record slot(s) with start_time=0 (race-window write or recycled-buffer tail). buf seq=0 count=1024
[mono_ns=7258320426699371][T0xea72749ecca0][WARN] copy_aicore_buffer: [chip_swimlane_collector.cpp:689] Core 19: skipped 1024 AICore record slot(s) with start_time=0 (race-window write or recycled-buffer tail). buf seq=0 count=1024
[mono_ns=7258320426838362][T0xea72751fcca0][WARN] copy_aicore_buffer: [chip_swimlane_collector.cpp:689] Core 18: skipped 1024 AICore record slot(s) with start_time=0 (race-window write or recycled-buffer tail). buf seq=0 count=1024
[mono_ns=7258320426946543][T0xea7260dcaca0][WARN] copy_aicore_buffer: [chip_swimlane_collector.cpp:689] Core 64: skipped 1024 AICore record slot(s) with start_time=0 (race-window write or recycled-buffer tail). buf seq=0 count=1024
[mono_ns=7258320427032034][T0xea72749ecca0][WARN] copy_aicore_buffer: [chip_swimlane_collector.cpp:689] Core 62: skipped 1024 AICore record slot(s) with start_time=0 (race-window write or recycled-buffer tail). buf seq=0 count=1024
[mono_ns=7258320427161664][T0xea72751fcca0][WARN] copy_aicore_buffer: [chip_swimlane_collector.cpp:689] Core 60: skipped 1024 AICore record slot(s) with start_time=0 (race-window write or recycled-buffer tail). buf seq=0 count=1024
[mono_ns=7258320427276125][T0xea7260dcaca0][WARN] copy_aicore_buffer: [chip_swimlane_collector.cpp:689] Core 65: skipped 1024 AICore record slot(s) with start_time=0 (race-window write or recycled-buffer tail). buf seq=0 count=1024
[mono_ns=7258320427350816][T0xea72749ecca0][WARN] copy_aicore_buffer: [chip_swimlane_collector.cpp:689] Core 63: skipped 1024 AICore record slot(s) with start_time=0 (race-window write or recycled-buffer tail). buf seq=0 count=1024
[mono_ns=7258320427479867][T0xea72751fcca0][WARN] copy_aicore_buffer: [chip_swimlane_collector.cpp:689] Core 61: skipped 1024 AICore record slot(s) with start_time=0 (race-window write or recycled-buffer tail). buf seq=0 count=1024
[mono_ns=7258320427592458][T0xea7260dcaca0][WARN] copy_aicore_buffer: [chip_swimlane_collector.cpp:689] Core 23: skipped 1024 AICore record slot(s) with start_time=0 (race-window write or recycled-buffer tail). buf seq=0 count=1024
[mono_ns=7258320427669358][T0xea72749ecca0][WARN] copy_aicore_buffer: [chip_swimlane_collector.cpp:689] Core 22: skipped 1024 AICore record slot(s) with start_time=0 (race-window write or recycled-buffer tail). buf seq=0 count=1024
[mono_ns=7258320427824470][T0xea72751fcca0][WARN] copy_aicore_buffer: [chip_swimlane_collector.cpp:689] Core 21: skipped 1024 AICore record slot(s) with start_time=0 (race-window write or recycled-buffer tail). buf seq=0 count=1024
[mono_ns=7258320427908270][T0xea7260dcaca0][WARN] copy_aicore_buffer: [chip_swimlane_collector.cpp:689] Core 70: skipped 1024 AICore record slot(s) with start_time=0 (race-window write or recycled-buffer tail). buf seq=0 count=1024
[mono_ns=7258320427988021][T0xea72749ecca0][WARN] copy_aicore_buffer: [chip_swimlane_collector.cpp:689] Core 68: skipped 1024 AICore record slot(s) with start_time=0 (race-window write or recycled-buffer tail). buf seq=0 count=1024
[mono_ns=7258320428154952][T0xea72751fcca0][WARN] copy_aicore_buffer: [chip_swimlane_collector.cpp:689] Core 66: skipped 1024 AICore record slot(s) with start_time=0 (race-window write or recycled-buffer tail). buf seq=0 count=1024
[mono_ns=7258320428268603][T0xea7260dcaca0][WARN] copy_aicore_buffer: [chip_swimlane_collector.cpp:689] Core 71: skipped 1024 AICore record slot(s) with start_time=0 (race-window write or recycled-buffer tail). buf seq=0 count=1024
[mono_ns=7258320428331313][T0xea72749ecca0][WARN] copy_aicore_buffer: [chip_swimlane_collector.cpp:689] Core 69: skipped 1024 AICore record slot(s) with start_time=0 (race-window write or recycled-buffer tail). buf seq=0 count=1024
[mono_ns=7258320428521045][T0xea72751fcca0][WARN] copy_aicore_buffer: [chip_swimlane_collector.cpp:689] Core 67: skipped 1024 AICore record slot(s) with start_time=0 (race-window write or recycled-buffer tail). buf seq=0 count=1024
[mono_ns=7258320529482570][T0xea73bdab9020][TIMING] emit_host_span: [STRACE] v=1 pid=3002038 tid=3002038 inv=6 hid=6ccca4d8c4e91962 depth=1 name=chip.run.runner_run ts=7258320401567528 dur=127900982 
[mono_ns=7258320531105992][T0xea73bdab9020][TIMING] emit_host_span: [STRACE] v=1 pid=3002038 tid=3002038 inv=6 hid=6ccca4d8c4e91962 depth=1 name=chip.run.validate ts=7258320529498520 dur=1601502 
[mono_ns=7258320531126253][T0xea73bdab9020][TIMING] emit_host_span: [STRACE] v=1 pid=3002038 tid=3002038 inv=6 hid=6ccca4d8c4e91962 depth=2 name=chip.run.runner_run.device_wall ts=0 dur=18603820 clk=dev
[mono_ns=7258320531130693][T0xea73bdab9020][TIMING] emit_host_span: [STRACE] v=1 pid=3002038 tid=3002038 inv=6 hid=6ccca4d8c4e91962 depth=3 name=chip.run.runner_run.device_wall.preamble ts=0 dur=108800 clk=dev
[mono_ns=7258320531136033][T0xea73bdab9020][TIMING] emit_host_span: [STRACE] v=1 pid=3002038 tid=3002038 inv=6 hid=6ccca4d8c4e91962 depth=3 name=chip.run.runner_run.device_wall.graph_build ts=104200 dur=18489399 clk=dev
[mono_ns=7258320531140063][T0xea73bdab9020][TIMING] emit_host_span: [STRACE] v=1 pid=3002038 tid=3002038 inv=6 hid=6ccca4d8c4e91962 depth=3 name=chip.run.runner_run.device_wall.config_validate ts=104300 dur=799 clk=dev
[mono_ns=7258320531143503][T0xea73bdab9020][TIMING] emit_host_span: [STRACE] v=1 pid=3002038 tid=3002038 inv=6 hid=6ccca4d8c4e91962 depth=3 name=chip.run.runner_run.device_wall.arena_wire ts=105140 dur=300 clk=dev
[mono_ns=7258320531183193][T0xea73bdab9020][TIMING] emit_host_span: [STRACE] v=1 pid=3002038 tid=3002038 inv=6 hid=6ccca4d8c4e91962 depth=3 name=chip.run.runner_run.device_wall.sm_reset ts=105460 dur=899 clk=dev
[mono_ns=7258320531186293][T0xea73bdab9020][TIMING] emit_host_span: [STRACE] v=1 pid=3002038 tid=3002038 inv=6 hid=6ccca4d8c4e91962 depth=3 name=chip.run.runner_run.device_wall.post_orch ts=18593660 dur=10040 clk=dev
[mono_ns=7258320531189193][T0xea73bdab9020][TIMING] emit_host_span: [STRACE] v=1 pid=3002038 tid=3002038 inv=6 hid=6ccca4d8c4e91962 depth=3 name=chip.run.runner_run.device_wall.orch ts=106420 dur=3480 clk=dev
[mono_ns=7258320531192143][T0xea73bdab9020][TIMING] emit_host_span: [STRACE] v=1 pid=3002038 tid=3002038 inv=6 hid=6ccca4d8c4e91962 depth=3 name=chip.run.runner_run.device_wall.sched ts=108940 dur=18460700 clk=dev
[mono_ns=7258320531196833][T0xea73bdab9020][TIMING] emit_host_span: [STRACE] v=1 pid=3002038 tid=3002038 inv=6 hid=6ccca4d8c4e91962 depth=1 name=chip.run.claim_release ts=7258320531194323 dur=700 
[mono_ns=7258320531202103][T0xea73bdab9020][TIMING] emit_host_span: [STRACE] v=1 pid=3002038 tid=3002038 inv=6 hid=6ccca4d8c4e91962 depth=0 name=chip.run ts=7258320398668996 dur=132530717 run_id=6 dispatch_id=6 slot_id=0 generation=6 run_epoch=6
[mono_ns=7258325341545717][T0xea73bdab9020][TIMING] emit_host_span: [STRACE] v=1 pid=3002038 tid=3002038 inv=7 hid=6ccca4d8c4e91962 depth=2 name=chip.run.bind.args ts=7258325339727823 dur=1807134 
[mono_ns=7258325341573317][T0xea73bdab9020][TIMING] emit_host_span: [STRACE] v=1 pid=3002038 tid=3002038 inv=7 hid=6ccca4d8c4e91962 depth=2 name=chip.run.bind.prebuilt ts=7258325341566407 dur=4100 
[mono_ns=7258325341607757][T0xea73bdab9020][TIMING] emit_host_span: [STRACE] v=1 pid=3002038 tid=3002038 inv=7 hid=6ccca4d8c4e91962 depth=1 name=chip.run.bind ts=7258325339715273 dur=1888974 
[mono_ns=7258325450250180][T0xea73bdab9020][TIMING] emit_host_span: [STRACE] v=1 pid=3002038 tid=3002038 inv=7 hid=6ccca4d8c4e91962 depth=1 name=chip.run.runner_run ts=7258325341961050 dur=108273860 
[mono_ns=7258325451707731][T0xea73bdab9020][TIMING] emit_host_span: [STRACE] v=1 pid=3002038 tid=3002038 inv=7 hid=6ccca4d8c4e91962 depth=1 name=chip.run.validate ts=7258325450265880 dur=1435681 
[mono_ns=7258325451723131][T0xea73bdab9020][TIMING] emit_host_span: [STRACE] v=1 pid=3002038 tid=3002038 inv=7 hid=6ccca4d8c4e91962 depth=2 name=chip.run.runner_run.device_wall ts=0 dur=19037160 clk=dev
[mono_ns=7258325451728121][T0xea73bdab9020][TIMING] emit_host_span: [STRACE] v=1 pid=3002038 tid=3002038 inv=7 hid=6ccca4d8c4e91962 depth=3 name=chip.run.runner_run.device_wall.preamble ts=0 dur=6680 clk=dev
[mono_ns=7258325451732641][T0xea73bdab9020][TIMING] emit_host_span: [STRACE] v=1 pid=3002038 tid=3002038 inv=7 hid=6ccca4d8c4e91962 depth=3 name=chip.run.runner_run.device_wall.graph_build ts=1460 dur=19024440 clk=dev
[mono_ns=7258325451736281][T0xea73bdab9020][TIMING] emit_host_span: [STRACE] v=1 pid=3002038 tid=3002038 inv=7 hid=6ccca4d8c4e91962 depth=3 name=chip.run.runner_run.device_wall.config_validate ts=1640 dur=940 clk=dev
[mono_ns=7258325451799812][T0xea73bdab9020][TIMING] emit_host_span: [STRACE] v=1 pid=3002038 tid=3002038 inv=7 hid=6ccca4d8c4e91962 depth=3 name=chip.run.runner_run.device_wall.arena_wire ts=2600 dur=700 clk=dev
[mono_ns=7258325451803732][T0xea73bdab9020][TIMING] emit_host_span: [STRACE] v=1 pid=3002038 tid=3002038 inv=7 hid=6ccca4d8c4e91962 depth=3 name=chip.run.runner_run.device_wall.sm_reset ts=3320 dur=1359 clk=dev
[mono_ns=7258325451807852][T0xea73bdab9020][TIMING] emit_host_span: [STRACE] v=1 pid=3002038 tid=3002038 inv=7 hid=6ccca4d8c4e91962 depth=3 name=chip.run.runner_run.device_wall.post_orch ts=19025960 dur=10980 clk=dev
[mono_ns=7258325451810762][T0xea73bdab9020][TIMING] emit_host_span: [STRACE] v=1 pid=3002038 tid=3002038 inv=7 hid=6ccca4d8c4e91962 depth=3 name=chip.run.runner_run.device_wall.orch ts=5580 dur=10340 clk=dev
[mono_ns=7258325451814642][T0xea73bdab9020][TIMING] emit_host_span: [STRACE] v=1 pid=3002038 tid=3002038 inv=7 hid=6ccca4d8c4e91962 depth=3 name=chip.run.runner_run.device_wall.sched ts=6780 dur=19010880 clk=dev
[mono_ns=7258325451820122][T0xea73bdab9020][TIMING] emit_host_span: [STRACE] v=1 pid=3002038 tid=3002038 inv=7 hid=6ccca4d8c4e91962 depth=1 name=chip.run.claim_release ts=7258325451817492 dur=830 
[mono_ns=7258325451826512][T0xea73bdab9020][TIMING] emit_host_span: [STRACE] v=1 pid=3002038 tid=3002038 inv=7 hid=6ccca4d8c4e91962 depth=0 name=chip.run ts=7258325339577842 dur=112246310 run_id=7 dispatch_id=7 slot_id=0 generation=7 run_epoch=7
[mono_ns=7258325460265477][T0xea73bdab9020][TIMING] emit_host_span: [STRACE] v=1 pid=3002038 tid=3002038 inv=8 hid=6ccca4d8c4e91962 depth=2 name=chip.run.bind.args ts=7258325458245031 dur=2013766 
[mono_ns=7258325460321967][T0xea73bdab9020][TIMING] emit_host_span: [STRACE] v=1 pid=3002038 tid=3002038 inv=8 hid=6ccca4d8c4e91962 depth=2 name=chip.run.bind.prebuilt ts=7258325460314787 dur=3330 
[mono_ns=7258325460326647][T0xea73bdab9020][TIMING] emit_host_span: [STRACE] v=1 pid=3002038 tid=3002038 inv=8 hid=6ccca4d8c4e91962 depth=1 name=chip.run.bind ts=7258325458235981 dur=2088466 
[mono_ns=7258325479702496][T0xea72749ecca0][WARN] copy_aicore_buffer: [chip_swimlane_collector.cpp:689] Core 1: skipped 1024 AICore record slot(s) with start_time=0 (race-window write or recycled-buffer tail). buf seq=0 count=1024
[mono_ns=7258325479777436][T0xea72751fcca0][WARN] copy_aicore_buffer: [chip_swimlane_collector.cpp:689] Core 0: skipped 1024 AICore record slot(s) with start_time=0 (race-window write or recycled-buffer tail). buf seq=0 count=1024
[mono_ns=7258325479850307][T0xea7260dcaca0][WARN] copy_aicore_buffer: [chip_swimlane_collector.cpp:689] Core 2: skipped 1024 AICore record slot(s) with start_time=0 (race-window write or recycled-buffer tail). buf seq=0 count=1024
[mono_ns=7258325480050608][T0xea72749ecca0][WARN] copy_aicore_buffer: [chip_swimlane_collector.cpp:689] Core 26: skipped 1023 AICore record slot(s) with start_time=0 (race-window write or recycled-buffer tail). buf seq=0 count=1024
[mono_ns=7258325480119849][T0xea72751fcca0][WARN] copy_aicore_buffer: [chip_swimlane_collector.cpp:689] Core 24: skipped 1023 AICore record slot(s) with start_time=0 (race-window write or recycled-buffer tail). buf seq=0 count=1024
[mono_ns=7258325480196199][T0xea7260dcaca0][WARN] copy_aicore_buffer: [chip_swimlane_collector.cpp:689] Core 28: skipped 1023 AICore record slot(s) with start_time=0 (race-window write or recycled-buffer tail). buf seq=0 count=1024
[mono_ns=7258325480380341][T0xea72749ecca0][WARN] copy_aicore_buffer: [chip_swimlane_collector.cpp:689] Core 27: skipped 1024 AICore record slot(s) with start_time=0 (race-window write or recycled-buffer tail). buf seq=0 count=1024
[mono_ns=7258325480449061][T0xea72751fcca0][WARN] copy_aicore_buffer: [chip_swimlane_collector.cpp:689] Core 25: skipped 1024 AICore record slot(s) with start_time=0 (race-window write or recycled-buffer tail). buf seq=0 count=1024
[mono_ns=7258325480535892][T0xea7260dcaca0][WARN] copy_aicore_buffer: [chip_swimlane_collector.cpp:689] Core 29: skipped 1024 AICore record slot(s) with start_time=0 (race-window write or recycled-buffer tail). buf seq=0 count=1024
[mono_ns=7258325480704883][T0xea72749ecca0][WARN] copy_aicore_buffer: [chip_swimlane_collector.cpp:689] Core 4: skipped 1024 AICore record slot(s) with start_time=0 (race-window write or recycled-buffer tail). buf seq=0 count=1024
[mono_ns=7258325480771164][T0xea72751fcca0][WARN] copy_aicore_buffer: [chip_swimlane_collector.cpp:689] Core 3: skipped 1024 AICore record slot(s) with start_time=0 (race-window write or recycled-buffer tail). buf seq=0 count=1024
[mono_ns=7258325480861605][T0xea7260dcaca0][WARN] copy_aicore_buffer: [chip_swimlane_collector.cpp:689] Core 5: skipped 1024 AICore record slot(s) with start_time=0 (race-window write or recycled-buffer tail). buf seq=0 count=1024
[mono_ns=7258325481041046][T0xea72749ecca0][WARN] copy_aicore_buffer: [chip_swimlane_collector.cpp:689] Core 32: skipped 1024 AICore record slot(s) with start_time=0 (race-window write or recycled-buffer tail). buf seq=0 count=1024
[mono_ns=7258325481107056][T0xea72751fcca0][WARN] copy_aicore_buffer: [chip_swimlane_collector.cpp:689] Core 30: skipped 1024 AICore record slot(s) with start_time=0 (race-window write or recycled-buffer tail). buf seq=0 count=1024
[mono_ns=7258325481198487][T0xea7260dcaca0][WARN] copy_aicore_buffer: [chip_swimlane_collector.cpp:689] Core 34: skipped 1024 AICore record slot(s) with start_time=0 (race-window write or recycled-buffer tail). buf seq=0 count=1024
[mono_ns=7258325481362758][T0xea72749ecca0][WARN] copy_aicore_buffer: [chip_swimlane_collector.cpp:689] Core 33: skipped 1024 AICore record slot(s) with start_time=0 (race-window write or recycled-buffer tail). buf seq=0 count=1024
[mono_ns=7258325481441759][T0xea72751fcca0][WARN] copy_aicore_buffer: [chip_swimlane_collector.cpp:689] Core 31: skipped 1024 AICore record slot(s) with start_time=0 (race-window write or recycled-buffer tail). buf seq=0 count=1024
[mono_ns=7258325481519030][T0xea7260dcaca0][WARN] copy_aicore_buffer: [chip_swimlane_collector.cpp:689] Core 35: skipped 1024 AICore record slot(s) with start_time=0 (race-window write or recycled-buffer tail). buf seq=0 count=1024
[mono_ns=7258325481681611][T0xea72749ecca0][WARN] copy_aicore_buffer: [chip_swimlane_collector.cpp:689] Core 7: skipped 1024 AICore record slot(s) with start_time=0 (race-window write or recycled-buffer tail). buf seq=0 count=1024
[mono_ns=7258325481760021][T0xea72751fcca0][WARN] copy_aicore_buffer: [chip_swimlane_collector.cpp:689] Core 6: skipped 1024 AICore record slot(s) with start_time=0 (race-window write or recycled-buffer tail). buf seq=0 count=1024
[mono_ns=7258325481835862][T0xea7260dcaca0][WARN] copy_aicore_buffer: [chip_swimlane_collector.cpp:689] Core 8: skipped 1024 AICore record slot(s) with start_time=0 (race-window write or recycled-buffer tail). buf seq=0 count=1024
[mono_ns=7258325481998543][T0xea72749ecca0][WARN] copy_aicore_buffer: [chip_swimlane_collector.cpp:689] Core 38: skipped 1024 AICore record slot(s) with start_time=0 (race-window write or recycled-buffer tail). buf seq=0 count=1024
[mono_ns=7258325482090034][T0xea72751fcca0][WARN] copy_aicore_buffer: [chip_swimlane_collector.cpp:689] Core 36: skipped 1024 AICore record slot(s) with start_time=0 (race-window write or recycled-buffer tail). buf seq=0 count=1024
[mono_ns=7258325482208715][T0xea7260dcaca0][WARN] copy_aicore_buffer: [chip_swimlane_collector.cpp:689] Core 40: skipped 1024 AICore record slot(s) with start_time=0 (race-window write or recycled-buffer tail). buf seq=0 count=1024
[mono_ns=7258325482332506][T0xea72749ecca0][WARN] copy_aicore_buffer: [chip_swimlane_collector.cpp:689] Core 39: skipped 1024 AICore record slot(s) with start_time=0 (race-window write or recycled-buffer tail). buf seq=0 count=1024
[mono_ns=7258325482413596][T0xea72751fcca0][WARN] copy_aicore_buffer: [chip_swimlane_collector.cpp:689] Core 37: skipped 1024 AICore record slot(s) with start_time=0 (race-window write or recycled-buffer tail). buf seq=0 count=1024
[mono_ns=7258325482530587][T0xea7260dcaca0][WARN] copy_aicore_buffer: [chip_swimlane_collector.cpp:689] Core 41: skipped 1024 AICore record slot(s) with start_time=0 (race-window write or recycled-buffer tail). buf seq=0 count=1024
[mono_ns=7258325482653618][T0xea72749ecca0][WARN] copy_aicore_buffer: [chip_swimlane_collector.cpp:689] Core 10: skipped 1024 AICore record slot(s) with start_time=0 (race-window write or recycled-buffer tail). buf seq=0 count=1024
[mono_ns=7258325482733119][T0xea72751fcca0][WARN] copy_aicore_buffer: [chip_swimlane_collector.cpp:689] Core 9: skipped 1024 AICore record slot(s) with start_time=0 (race-window write or recycled-buffer tail). buf seq=0 count=1024
[mono_ns=7258325482848290][T0xea7260dcaca0][WARN] copy_aicore_buffer: [chip_swimlane_collector.cpp:689] Core 11: skipped 1024 AICore record slot(s) with start_time=0 (race-window write or recycled-buffer tail). buf seq=0 count=1024
[mono_ns=7258325482974341][T0xea72749ecca0][WARN] copy_aicore_buffer: [chip_swimlane_collector.cpp:689] Core 44: skipped 1024 AICore record slot(s) with start_time=0 (race-window write or recycled-buffer tail). buf seq=0 count=1024
[mono_ns=7258325483107712][T0xea72751fcca0][WARN] copy_aicore_buffer: [chip_swimlane_collector.cpp:689] Core 42: skipped 1024 AICore record slot(s) with start_time=0 (race-window write or recycled-buffer tail). buf seq=0 count=1024
[mono_ns=7258325483185402][T0xea7260dcaca0][WARN] copy_aicore_buffer: [chip_swimlane_collector.cpp:689] Core 46: skipped 1024 AICore record slot(s) with start_time=0 (race-window write or recycled-buffer tail). buf seq=0 count=1024
[mono_ns=7258325483305133][T0xea72749ecca0][WARN] copy_aicore_buffer: [chip_swimlane_collector.cpp:689] Core 45: skipped 1024 AICore record slot(s) with start_time=0 (race-window write or recycled-buffer tail). buf seq=0 count=1024
[mono_ns=7258325483425274][T0xea72751fcca0][WARN] copy_aicore_buffer: [chip_swimlane_collector.cpp:689] Core 43: skipped 1024 AICore record slot(s) with start_time=0 (race-window write or recycled-buffer tail). buf seq=0 count=1024
[mono_ns=7258325483503115][T0xea7260dcaca0][WARN] copy_aicore_buffer: [chip_swimlane_collector.cpp:689] Core 47: skipped 1024 AICore record slot(s) with start_time=0 (race-window write or recycled-buffer tail). buf seq=0 count=1024
[mono_ns=7258325483626436][T0xea72749ecca0][WARN] copy_aicore_buffer: [chip_swimlane_collector.cpp:689] Core 13: skipped 1024 AICore record slot(s) with start_time=0 (race-window write or recycled-buffer tail). buf seq=0 count=1024
[mono_ns=7258325483747527][T0xea72751fcca0][WARN] copy_aicore_buffer: [chip_swimlane_collector.cpp:689] Core 12: skipped 1024 AICore record slot(s) with start_time=0 (race-window write or recycled-buffer tail). buf seq=0 count=1024
[mono_ns=7258325483825127][T0xea7260dcaca0][WARN] copy_aicore_buffer: [chip_swimlane_collector.cpp:689] Core 14: skipped 1024 AICore record slot(s) with start_time=0 (race-window write or recycled-buffer tail). buf seq=0 count=1024
[mono_ns=7258325483957758][T0xea72749ecca0][WARN] copy_aicore_buffer: [chip_swimlane_collector.cpp:689] Core 50: skipped 1024 AICore record slot(s) with start_time=0 (race-window write or recycled-buffer tail). buf seq=0 count=1024
[mono_ns=7258325484079459][T0xea72751fcca0][WARN] copy_aicore_buffer: [chip_swimlane_collector.cpp:689] Core 48: skipped 1024 AICore record slot(s) with start_time=0 (race-window write or recycled-buffer tail). buf seq=0 count=1024
[mono_ns=7258325484158410][T0xea7260dcaca0][WARN] copy_aicore_buffer: [chip_swimlane_collector.cpp:689] Core 52: skipped 1024 AICore record slot(s) with start_time=0 (race-window write or recycled-buffer tail). buf seq=0 count=1024
[mono_ns=7258325484290651][T0xea72749ecca0][WARN] copy_aicore_buffer: [chip_swimlane_collector.cpp:689] Core 51: skipped 1024 AICore record slot(s) with start_time=0 (race-window write or recycled-buffer tail). buf seq=0 count=1024
[mono_ns=7258325484398052][T0xea72751fcca0][WARN] copy_aicore_buffer: [chip_swimlane_collector.cpp:689] Core 49: skipped 1024 AICore record slot(s) with start_time=0 (race-window write or recycled-buffer tail). buf seq=0 count=1024
[mono_ns=7258325484476602][T0xea7260dcaca0][WARN] copy_aicore_buffer: [chip_swimlane_collector.cpp:689] Core 53: skipped 1024 AICore record slot(s) with start_time=0 (race-window write or recycled-buffer tail). buf seq=0 count=1024
[mono_ns=7258325484611113][T0xea72749ecca0][WARN] copy_aicore_buffer: [chip_swimlane_collector.cpp:689] Core 16: skipped 1024 AICore record slot(s) with start_time=0 (race-window write or recycled-buffer tail). buf seq=0 count=1024
[mono_ns=7258325484715994][T0xea72751fcca0][WARN] copy_aicore_buffer: [chip_swimlane_collector.cpp:689] Core 15: skipped 1024 AICore record slot(s) with start_time=0 (race-window write or recycled-buffer tail). buf seq=0 count=1024
[mono_ns=7258325484806275][T0xea7260dcaca0][WARN] copy_aicore_buffer: [chip_swimlane_collector.cpp:689] Core 17: skipped 1024 AICore record slot(s) with start_time=0 (race-window write or recycled-buffer tail). buf seq=0 count=1024
[mono_ns=7258325484930446][T0xea72749ecca0][WARN] copy_aicore_buffer: [chip_swimlane_collector.cpp:689] Core 56: skipped 1024 AICore record slot(s) with start_time=0 (race-window write or recycled-buffer tail). buf seq=0 count=1024
[mono_ns=7258325485053847][T0xea72751fcca0][WARN] copy_aicore_buffer: [chip_swimlane_collector.cpp:689] Core 54: skipped 1024 AICore record slot(s) with start_time=0 (race-window write or recycled-buffer tail). buf seq=0 count=1024
[mono_ns=7258325485138687][T0xea7260dcaca0][WARN] copy_aicore_buffer: [chip_swimlane_collector.cpp:689] Core 58: skipped 1024 AICore record slot(s) with start_time=0 (race-window write or recycled-buffer tail). buf seq=0 count=1024
[mono_ns=7258325485259638][T0xea72749ecca0][WARN] copy_aicore_buffer: [chip_swimlane_collector.cpp:689] Core 57: skipped 1024 AICore record slot(s) with start_time=0 (race-window write or recycled-buffer tail). buf seq=0 count=1024
[mono_ns=7258325485372439][T0xea72751fcca0][WARN] copy_aicore_buffer: [chip_swimlane_collector.cpp:689] Core 55: skipped 1024 AICore record slot(s) with start_time=0 (race-window write or recycled-buffer tail). buf seq=0 count=1024
[mono_ns=7258325485460380][T0xea7260dcaca0][WARN] copy_aicore_buffer: [chip_swimlane_collector.cpp:689] Core 59: skipped 1024 AICore record slot(s) with start_time=0 (race-window write or recycled-buffer tail). buf seq=0 count=1024
[mono_ns=7258325485623291][T0xea72749ecca0][WARN] copy_aicore_buffer: [chip_swimlane_collector.cpp:689] Core 19: skipped 1024 AICore record slot(s) with start_time=0 (race-window write or recycled-buffer tail). buf seq=0 count=1024
[mono_ns=7258325485692442][T0xea72751fcca0][WARN] copy_aicore_buffer: [chip_swimlane_collector.cpp:689] Core 18: skipped 1024 AICore record slot(s) with start_time=0 (race-window write or recycled-buffer tail). buf seq=0 count=1024
[mono_ns=7258325485778102][T0xea7260dcaca0][WARN] copy_aicore_buffer: [chip_swimlane_collector.cpp:689] Core 20: skipped 1024 AICore record slot(s) with start_time=0 (race-window write or recycled-buffer tail). buf seq=0 count=1024
[mono_ns=7258325485943373][T0xea72749ecca0][WARN] copy_aicore_buffer: [chip_swimlane_collector.cpp:689] Core 62: skipped 1024 AICore record slot(s) with start_time=0 (race-window write or recycled-buffer tail). buf seq=0 count=1024
[mono_ns=7258325486020044][T0xea72751fcca0][WARN] copy_aicore_buffer: [chip_swimlane_collector.cpp:689] Core 60: skipped 1024 AICore record slot(s) with start_time=0 (race-window write or recycled-buffer tail). buf seq=0 count=1024
[mono_ns=7258325486105685][T0xea7260dcaca0][WARN] copy_aicore_buffer: [chip_swimlane_collector.cpp:689] Core 64: skipped 1024 AICore record slot(s) with start_time=0 (race-window write or recycled-buffer tail). buf seq=0 count=1024
[mono_ns=7258325486273556][T0xea72749ecca0][WARN] copy_aicore_buffer: [chip_swimlane_collector.cpp:689] Core 63: skipped 1024 AICore record slot(s) with start_time=0 (race-window write or recycled-buffer tail). buf seq=0 count=1024
[mono_ns=7258325486339417][T0xea72751fcca0][WARN] copy_aicore_buffer: [chip_swimlane_collector.cpp:689] Core 61: skipped 1024 AICore record slot(s) with start_time=0 (race-window write or recycled-buffer tail). buf seq=0 count=1024
[mono_ns=7258325486460767][T0xea7260dcaca0][WARN] copy_aicore_buffer: [chip_swimlane_collector.cpp:689] Core 65: skipped 1024 AICore record slot(s) with start_time=0 (race-window write or recycled-buffer tail). buf seq=0 count=1024
[mono_ns=7258325486618029][T0xea72749ecca0][WARN] copy_aicore_buffer: [chip_swimlane_collector.cpp:689] Core 22: skipped 1024 AICore record slot(s) with start_time=0 (race-window write or recycled-buffer tail). buf seq=0 count=1024
[mono_ns=7258325486658549][T0xea72751fcca0][WARN] copy_aicore_buffer: [chip_swimlane_collector.cpp:689] Core 21: skipped 1024 AICore record slot(s) with start_time=0 (race-window write or recycled-buffer tail). buf seq=0 count=1024
[mono_ns=7258325486778470][T0xea7260dcaca0][WARN] copy_aicore_buffer: [chip_swimlane_collector.cpp:689] Core 23: skipped 1024 AICore record slot(s) with start_time=0 (race-window write or recycled-buffer tail). buf seq=0 count=1024
[mono_ns=7258325486936481][T0xea72749ecca0][WARN] copy_aicore_buffer: [chip_swimlane_collector.cpp:689] Core 68: skipped 1024 AICore record slot(s) with start_time=0 (race-window write or recycled-buffer tail). buf seq=0 count=1024
[mono_ns=7258325486976681][T0xea72751fcca0][WARN] copy_aicore_buffer: [chip_swimlane_collector.cpp:689] Core 66: skipped 1024 AICore record slot(s) with start_time=0 (race-window write or recycled-buffer tail). buf seq=0 count=1024
[mono_ns=7258325487111172][T0xea7260dcaca0][WARN] copy_aicore_buffer: [chip_swimlane_collector.cpp:689] Core 70: skipped 1024 AICore record slot(s) with start_time=0 (race-window write or recycled-buffer tail). buf seq=0 count=1024
[mono_ns=7258325487269884][T0xea72749ecca0][WARN] copy_aicore_buffer: [chip_swimlane_collector.cpp:689] Core 69: skipped 1024 AICore record slot(s) with start_time=0 (race-window write or recycled-buffer tail). buf seq=0 count=1024
[mono_ns=7258325487323954][T0xea72751fcca0][WARN] copy_aicore_buffer: [chip_swimlane_collector.cpp:689] Core 67: skipped 1024 AICore record slot(s) with start_time=0 (race-window write or recycled-buffer tail). buf seq=0 count=1024
[mono_ns=7258325487431345][T0xea7260dcaca0][WARN] copy_aicore_buffer: [chip_swimlane_collector.cpp:689] Core 71: skipped 1024 AICore record slot(s) with start_time=0 (race-window write or recycled-buffer tail). buf seq=0 count=1024
[mono_ns=7258325588390659][T0xea73bdab9020][TIMING] emit_host_span: [STRACE] v=1 pid=3002038 tid=3002038 inv=8 hid=6ccca4d8c4e91962 depth=1 name=chip.run.runner_run ts=7258325460764720 dur=127611728 
[mono_ns=7258325590083062][T0xea73bdab9020][TIMING] emit_host_span: [STRACE] v=1 pid=3002038 tid=3002038 inv=8 hid=6ccca4d8c4e91962 depth=1 name=chip.run.validate ts=7258325588410589 dur=1666662 
[mono_ns=7258325590097832][T0xea73bdab9020][TIMING] emit_host_span: [STRACE] v=1 pid=3002038 tid=3002038 inv=8 hid=6ccca4d8c4e91962 depth=2 name=chip.run.runner_run.device_wall ts=0 dur=18415100 clk=dev
[mono_ns=7258325590102252][T0xea73bdab9020][TIMING] emit_host_span: [STRACE] v=1 pid=3002038 tid=3002038 inv=8 hid=6ccca4d8c4e91962 depth=3 name=chip.run.runner_run.device_wall.preamble ts=0 dur=109860 clk=dev
[mono_ns=7258325590146212][T0xea73bdab9020][TIMING] emit_host_span: [STRACE] v=1 pid=3002038 tid=3002038 inv=8 hid=6ccca4d8c4e91962 depth=3 name=chip.run.runner_run.device_wall.graph_build ts=105560 dur=18299160 clk=dev
[mono_ns=7258325590150392][T0xea73bdab9020][TIMING] emit_host_span: [STRACE] v=1 pid=3002038 tid=3002038 inv=8 hid=6ccca4d8c4e91962 depth=3 name=chip.run.runner_run.device_wall.config_validate ts=105740 dur=780 clk=dev
[mono_ns=7258325590153512][T0xea73bdab9020][TIMING] emit_host_span: [STRACE] v=1 pid=3002038 tid=3002038 inv=8 hid=6ccca4d8c4e91962 depth=3 name=chip.run.runner_run.device_wall.arena_wire ts=106540 dur=360 clk=dev
[mono_ns=7258325590156842][T0xea73bdab9020][TIMING] emit_host_span: [STRACE] v=1 pid=3002038 tid=3002038 inv=8 hid=6ccca4d8c4e91962 depth=3 name=chip.run.runner_run.device_wall.sm_reset ts=106920 dur=780 clk=dev
[mono_ns=7258325590159782][T0xea73bdab9020][TIMING] emit_host_span: [STRACE] v=1 pid=3002038 tid=3002038 inv=8 hid=6ccca4d8c4e91962 depth=3 name=chip.run.runner_run.device_wall.post_orch ts=18404780 dur=10200 clk=dev
[mono_ns=7258325590163462][T0xea73bdab9020][TIMING] emit_host_span: [STRACE] v=1 pid=3002038 tid=3002038 inv=8 hid=6ccca4d8c4e91962 depth=3 name=chip.run.runner_run.device_wall.orch ts=107740 dur=4140 clk=dev
[mono_ns=7258325590166662][T0xea73bdab9020][TIMING] emit_host_span: [STRACE] v=1 pid=3002038 tid=3002038 inv=8 hid=6ccca4d8c4e91962 depth=3 name=chip.run.runner_run.device_wall.sched ts=110020 dur=18269840 clk=dev
[mono_ns=7258325590189882][T0xea73bdab9020][TIMING] emit_host_span: [STRACE] v=1 pid=3002038 tid=3002038 inv=8 hid=6ccca4d8c4e91962 depth=1 name=chip.run.claim_release ts=7258325590187012 dur=640 
[mono_ns=7258325590195842][T0xea73bdab9020][TIMING] emit_host_span: [STRACE] v=1 pid=3002038 tid=3002038 inv=8 hid=6ccca4d8c4e91962 depth=0 name=chip.run ts=7258325458187321 dur=132006021 run_id=8 dispatch_id=8 slot_id=0 generation=8 run_epoch=8
[mono_ns=7258330387091466][T0xea73bdab9020][TIMING] emit_host_span: [STRACE] v=1 pid=3002038 tid=3002038 inv=9 hid=6ccca4d8c4e91962 depth=2 name=chip.run.bind.args ts=7258330385127741 dur=1955185 
[mono_ns=7258330387111166][T0xea73bdab9020][TIMING] emit_host_span: [STRACE] v=1 pid=3002038 tid=3002038 inv=9 hid=6ccca4d8c4e91962 depth=2 name=chip.run.bind.prebuilt ts=7258330387105106 dur=3300 
[mono_ns=7258330387116246][T0xea73bdab9020][TIMING] emit_host_span: [STRACE] v=1 pid=3002038 tid=3002038 inv=9 hid=6ccca4d8c4e91962 depth=1 name=chip.run.bind ts=7258330385116581 dur=1997385 
[mono_ns=7258330491952519][T0xea73bdab9020][TIMING] emit_host_span: [STRACE] v=1 pid=3002038 tid=3002038 inv=9 hid=6ccca4d8c4e91962 depth=1 name=chip.run.runner_run ts=7258330387422699 dur=104515960 
[mono_ns=7258330493487220][T0xea73bdab9020][TIMING] emit_host_span: [STRACE] v=1 pid=3002038 tid=3002038 inv=9 hid=6ccca4d8c4e91962 depth=1 name=chip.run.validate ts=7258330491970679 dur=1509451 
[mono_ns=7258330493502901][T0xea73bdab9020][TIMING] emit_host_span: [STRACE] v=1 pid=3002038 tid=3002038 inv=9 hid=6ccca4d8c4e91962 depth=2 name=chip.run.runner_run.device_wall ts=0 dur=19520740 clk=dev
[mono_ns=7258330493572081][T0xea73bdab9020][TIMING] emit_host_span: [STRACE] v=1 pid=3002038 tid=3002038 inv=9 hid=6ccca4d8c4e91962 depth=3 name=chip.run.runner_run.device_wall.preamble ts=0 dur=7580 clk=dev
[mono_ns=7258330493576541][T0xea73bdab9020][TIMING] emit_host_span: [STRACE] v=1 pid=3002038 tid=3002038 inv=9 hid=6ccca4d8c4e91962 depth=3 name=chip.run.runner_run.device_wall.graph_build ts=2080 dur=19507219 clk=dev
[mono_ns=7258330493580831][T0xea73bdab9020][TIMING] emit_host_span: [STRACE] v=1 pid=3002038 tid=3002038 inv=9 hid=6ccca4d8c4e91962 depth=3 name=chip.run.runner_run.device_wall.config_validate ts=2600 dur=880 clk=dev
[mono_ns=7258330493583821][T0xea73bdab9020][TIMING] emit_host_span: [STRACE] v=1 pid=3002038 tid=3002038 inv=9 hid=6ccca4d8c4e91962 depth=3 name=chip.run.runner_run.device_wall.arena_wire ts=3660 dur=799 clk=dev
[mono_ns=7258330493587751][T0xea73bdab9020][TIMING] emit_host_span: [STRACE] v=1 pid=3002038 tid=3002038 inv=9 hid=6ccca4d8c4e91962 depth=3 name=chip.run.runner_run.device_wall.sm_reset ts=4640 dur=2500 clk=dev
[mono_ns=7258330493592471][T0xea73bdab9020][TIMING] emit_host_span: [STRACE] v=1 pid=3002038 tid=3002038 inv=9 hid=6ccca4d8c4e91962 depth=3 name=chip.run.runner_run.device_wall.post_orch ts=19509360 dur=11060 clk=dev
[mono_ns=7258330493596381][T0xea73bdab9020][TIMING] emit_host_span: [STRACE] v=1 pid=3002038 tid=3002038 inv=9 hid=6ccca4d8c4e91962 depth=3 name=chip.run.runner_run.device_wall.orch ts=8360 dur=10860 clk=dev
[mono_ns=7258330493600381][T0xea73bdab9020][TIMING] emit_host_span: [STRACE] v=1 pid=3002038 tid=3002038 inv=9 hid=6ccca4d8c4e91962 depth=3 name=chip.run.runner_run.device_wall.sched ts=7659 dur=19492960 clk=dev
[mono_ns=7258330493623961][T0xea73bdab9020][TIMING] emit_host_span: [STRACE] v=1 pid=3002038 tid=3002038 inv=9 hid=6ccca4d8c4e91962 depth=1 name=chip.run.claim_release ts=7258330493620841 dur=930 
[mono_ns=7258330493636072][T0xea73bdab9020][TIMING] emit_host_span: [STRACE] v=1 pid=3002038 tid=3002038 inv=9 hid=6ccca4d8c4e91962 depth=0 name=chip.run ts=7258330384952880 dur=108680952 run_id=9 dispatch_id=9 slot_id=0 generation=9 run_epoch=9
[mono_ns=7258330507280206][T0xea73bdab9020][TIMING] emit_host_span: [STRACE] v=1 pid=3002038 tid=3002038 inv=10 hid=6ccca4d8c4e91962 depth=2 name=chip.run.bind.args ts=7258330505367841 dur=1904655 
[mono_ns=7258330507298976][T0xea73bdab9020][TIMING] emit_host_span: [STRACE] v=1 pid=3002038 tid=3002038 inv=10 hid=6ccca4d8c4e91962 depth=2 name=chip.run.bind.prebuilt ts=7258330507293706 dur=2690 
[mono_ns=7258330507303696][T0xea73bdab9020][TIMING] emit_host_span: [STRACE] v=1 pid=3002038 tid=3002038 inv=10 hid=6ccca4d8c4e91962 depth=1 name=chip.run.bind ts=7258330505358481 dur=1943085 
[mono_ns=7258330527692072][T0xea7260dcaca0][WARN] copy_aicore_buffer: [chip_swimlane_collector.cpp:689] Core 2: skipped 1024 AICore record slot(s) with start_time=0 (race-window write or recycled-buffer tail). buf seq=0 count=1024
[mono_ns=7258330527725012][T0xea72749ecca0][WARN] copy_aicore_buffer: [chip_swimlane_collector.cpp:689] Core 1: skipped 1024 AICore record slot(s) with start_time=0 (race-window write or recycled-buffer tail). buf seq=0 count=1024
[mono_ns=7258330527743183][T0xea72751fcca0][WARN] copy_aicore_buffer: [chip_swimlane_collector.cpp:689] Core 0: skipped 1024 AICore record slot(s) with start_time=0 (race-window write or recycled-buffer tail). buf seq=0 count=1024
[mono_ns=7258330528052315][T0xea7260dcaca0][WARN] copy_aicore_buffer: [chip_swimlane_collector.cpp:689] Core 28: skipped 1024 AICore record slot(s) with start_time=0 (race-window write or recycled-buffer tail). buf seq=0 count=1024
[mono_ns=7258330528068225][T0xea72749ecca0][WARN] copy_aicore_buffer: [chip_swimlane_collector.cpp:689] Core 26: skipped 1022 AICore record slot(s) with start_time=0 (race-window write or recycled-buffer tail). buf seq=0 count=1024
[mono_ns=7258330528196876][T0xea72751fcca0][WARN] copy_aicore_buffer: [chip_swimlane_collector.cpp:689] Core 24: skipped 1023 AICore record slot(s) with start_time=0 (race-window write or recycled-buffer tail). buf seq=0 count=1024
[mono_ns=7258330528373347][T0xea7260dcaca0][WARN] copy_aicore_buffer: [chip_swimlane_collector.cpp:689] Core 29: skipped 1024 AICore record slot(s) with start_time=0 (race-window write or recycled-buffer tail). buf seq=0 count=1024
[mono_ns=7258330528385037][T0xea72749ecca0][WARN] copy_aicore_buffer: [chip_swimlane_collector.cpp:689] Core 27: skipped 1024 AICore record slot(s) with start_time=0 (race-window write or recycled-buffer tail). buf seq=0 count=1024
[mono_ns=7258330528519808][T0xea72751fcca0][WARN] copy_aicore_buffer: [chip_swimlane_collector.cpp:689] Core 25: skipped 1024 AICore record slot(s) with start_time=0 (race-window write or recycled-buffer tail). buf seq=0 count=1024
[mono_ns=7258330528692940][T0xea7260dcaca0][WARN] copy_aicore_buffer: [chip_swimlane_collector.cpp:689] Core 5: skipped 1024 AICore record slot(s) with start_time=0 (race-window write or recycled-buffer tail). buf seq=0 count=1024
[mono_ns=7258330528702600][T0xea72749ecca0][WARN] copy_aicore_buffer: [chip_swimlane_collector.cpp:689] Core 4: skipped 1024 AICore record slot(s) with start_time=0 (race-window write or recycled-buffer tail). buf seq=0 count=1024
[mono_ns=7258330528841571][T0xea72751fcca0][WARN] copy_aicore_buffer: [chip_swimlane_collector.cpp:689] Core 3: skipped 1024 AICore record slot(s) with start_time=0 (race-window write or recycled-buffer tail). buf seq=0 count=1024
[mono_ns=7258330529052313][T0xea72749ecca0][WARN] copy_aicore_buffer: [chip_swimlane_collector.cpp:689] Core 32: skipped 1024 AICore record slot(s) with start_time=0 (race-window write or recycled-buffer tail). buf seq=0 count=1024
[mono_ns=7258330529072433][T0xea7260dcaca0][WARN] copy_aicore_buffer: [chip_swimlane_collector.cpp:689] Core 34: skipped 1024 AICore record slot(s) with start_time=0 (race-window write or recycled-buffer tail). buf seq=0 count=1024
[mono_ns=7258330529178184][T0xea72751fcca0][WARN] copy_aicore_buffer: [chip_swimlane_collector.cpp:689] Core 30: skipped 1024 AICore record slot(s) with start_time=0 (race-window write or recycled-buffer tail). buf seq=0 count=1024
[mono_ns=7258330529371765][T0xea72749ecca0][WARN] copy_aicore_buffer: [chip_swimlane_collector.cpp:689] Core 33: skipped 1024 AICore record slot(s) with start_time=0 (race-window write or recycled-buffer tail). buf seq=0 count=1024
[mono_ns=7258330529389705][T0xea7260dcaca0][WARN] copy_aicore_buffer: [chip_swimlane_collector.cpp:689] Core 35: skipped 1024 AICore record slot(s) with start_time=0 (race-window write or recycled-buffer tail). buf seq=0 count=1024
[mono_ns=7258330529497446][T0xea72751fcca0][WARN] copy_aicore_buffer: [chip_swimlane_collector.cpp:689] Core 31: skipped 1024 AICore record slot(s) with start_time=0 (race-window write or recycled-buffer tail). buf seq=0 count=1024
[mono_ns=7258330529690237][T0xea72749ecca0][WARN] copy_aicore_buffer: [chip_swimlane_collector.cpp:689] Core 7: skipped 1024 AICore record slot(s) with start_time=0 (race-window write or recycled-buffer tail). buf seq=0 count=1024
[mono_ns=7258330529708668][T0xea7260dcaca0][WARN] copy_aicore_buffer: [chip_swimlane_collector.cpp:689] Core 8: skipped 1024 AICore record slot(s) with start_time=0 (race-window write or recycled-buffer tail). buf seq=0 count=1024
[mono_ns=7258330529858379][T0xea72751fcca0][WARN] copy_aicore_buffer: [chip_swimlane_collector.cpp:689] Core 6: skipped 1022 AICore record slot(s) with start_time=0 (race-window write or recycled-buffer tail). buf seq=0 count=1024
[mono_ns=7258330530018650][T0xea72749ecca0][WARN] copy_aicore_buffer: [chip_swimlane_collector.cpp:689] Core 38: skipped 1024 AICore record slot(s) with start_time=0 (race-window write or recycled-buffer tail). buf seq=0 count=1024
[mono_ns=7258330530044010][T0xea7260dcaca0][WARN] copy_aicore_buffer: [chip_swimlane_collector.cpp:689] Core 40: skipped 1024 AICore record slot(s) with start_time=0 (race-window write or recycled-buffer tail). buf seq=0 count=1024
[mono_ns=7258330530199481][T0xea72751fcca0][WARN] copy_aicore_buffer: [chip_swimlane_collector.cpp:689] Core 36: skipped 1024 AICore record slot(s) with start_time=0 (race-window write or recycled-buffer tail). buf seq=0 count=1024
[mono_ns=7258330530338362][T0xea72749ecca0][WARN] copy_aicore_buffer: [chip_swimlane_collector.cpp:689] Core 39: skipped 1024 AICore record slot(s) with start_time=0 (race-window write or recycled-buffer tail). buf seq=0 count=1024
[mono_ns=7258330530362423][T0xea7260dcaca0][WARN] copy_aicore_buffer: [chip_swimlane_collector.cpp:689] Core 41: skipped 1024 AICore record slot(s) with start_time=0 (race-window write or recycled-buffer tail). buf seq=0 count=1024
[mono_ns=7258330530519364][T0xea72751fcca0][WARN] copy_aicore_buffer: [chip_swimlane_collector.cpp:689] Core 37: skipped 1024 AICore record slot(s) with start_time=0 (race-window write or recycled-buffer tail). buf seq=0 count=1024
[mono_ns=7258330530655435][T0xea72749ecca0][WARN] copy_aicore_buffer: [chip_swimlane_collector.cpp:689] Core 10: skipped 1024 AICore record slot(s) with start_time=0 (race-window write or recycled-buffer tail). buf seq=0 count=1024
[mono_ns=7258330530704515][T0xea7260dcaca0][WARN] copy_aicore_buffer: [chip_swimlane_collector.cpp:689] Core 11: skipped 1024 AICore record slot(s) with start_time=0 (race-window write or recycled-buffer tail). buf seq=0 count=1024
[mono_ns=7258330530836776][T0xea72751fcca0][WARN] copy_aicore_buffer: [chip_swimlane_collector.cpp:689] Core 9: skipped 1024 AICore record slot(s) with start_time=0 (race-window write or recycled-buffer tail). buf seq=0 count=1024
[mono_ns=7258330530972527][T0xea72749ecca0][WARN] copy_aicore_buffer: [chip_swimlane_collector.cpp:689] Core 44: skipped 1024 AICore record slot(s) with start_time=0 (race-window write or recycled-buffer tail). buf seq=0 count=1024
[mono_ns=7258330531047468][T0xea7260dcaca0][WARN] copy_aicore_buffer: [chip_swimlane_collector.cpp:689] Core 46: skipped 1024 AICore record slot(s) with start_time=0 (race-window write or recycled-buffer tail). buf seq=0 count=1024
[mono_ns=7258330531171739][T0xea72751fcca0][WARN] copy_aicore_buffer: [chip_swimlane_collector.cpp:689] Core 42: skipped 1024 AICore record slot(s) with start_time=0 (race-window write or recycled-buffer tail). buf seq=0 count=1024
[mono_ns=7258330531307700][T0xea72749ecca0][WARN] copy_aicore_buffer: [chip_swimlane_collector.cpp:689] Core 45: skipped 1024 AICore record slot(s) with start_time=0 (race-window write or recycled-buffer tail). buf seq=0 count=1024
[mono_ns=7258330531368020][T0xea7260dcaca0][WARN] copy_aicore_buffer: [chip_swimlane_collector.cpp:689] Core 47: skipped 1023 AICore record slot(s) with start_time=0 (race-window write or recycled-buffer tail). buf seq=0 count=1024
[mono_ns=7258330531490341][T0xea72751fcca0][WARN] copy_aicore_buffer: [chip_swimlane_collector.cpp:689] Core 43: skipped 1024 AICore record slot(s) with start_time=0 (race-window write or recycled-buffer tail). buf seq=0 count=1024
[mono_ns=7258330531638392][T0xea72749ecca0][WARN] copy_aicore_buffer: [chip_swimlane_collector.cpp:689] Core 13: skipped 1024 AICore record slot(s) with start_time=0 (race-window write or recycled-buffer tail). buf seq=0 count=1024
[mono_ns=7258330531686913][T0xea7260dcaca0][WARN] copy_aicore_buffer: [chip_swimlane_collector.cpp:689] Core 14: skipped 1024 AICore record slot(s) with start_time=0 (race-window write or recycled-buffer tail). buf seq=0 count=1024
[mono_ns=7258330531809664][T0xea72751fcca0][WARN] copy_aicore_buffer: [chip_swimlane_collector.cpp:689] Core 12: skipped 1024 AICore record slot(s) with start_time=0 (race-window write or recycled-buffer tail). buf seq=0 count=1024
[mono_ns=7258330531956465][T0xea72749ecca0][WARN] copy_aicore_buffer: [chip_swimlane_collector.cpp:689] Core 50: skipped 1024 AICore record slot(s) with start_time=0 (race-window write or recycled-buffer tail). buf seq=0 count=1024
[mono_ns=7258330532018265][T0xea7260dcaca0][WARN] copy_aicore_buffer: [chip_swimlane_collector.cpp:689] Core 52: skipped 1024 AICore record slot(s) with start_time=0 (race-window write or recycled-buffer tail). buf seq=0 count=1024
[mono_ns=7258330532139316][T0xea72751fcca0][WARN] copy_aicore_buffer: [chip_swimlane_collector.cpp:689] Core 48: skipped 1024 AICore record slot(s) with start_time=0 (race-window write or recycled-buffer tail). buf seq=0 count=1024
[mono_ns=7258330532284587][T0xea72749ecca0][WARN] copy_aicore_buffer: [chip_swimlane_collector.cpp:689] Core 51: skipped 1024 AICore record slot(s) with start_time=0 (race-window write or recycled-buffer tail). buf seq=0 count=1024
[mono_ns=7258330532365568][T0xea7260dcaca0][WARN] copy_aicore_buffer: [chip_swimlane_collector.cpp:689] Core 53: skipped 1024 AICore record slot(s) with start_time=0 (race-window write or recycled-buffer tail). buf seq=0 count=1024
[mono_ns=7258330532457859][T0xea72751fcca0][WARN] copy_aicore_buffer: [chip_swimlane_collector.cpp:689] Core 49: skipped 1024 AICore record slot(s) with start_time=0 (race-window write or recycled-buffer tail). buf seq=0 count=1024
[mono_ns=7258330532602450][T0xea72749ecca0][WARN] copy_aicore_buffer: [chip_swimlane_collector.cpp:689] Core 16: skipped 1024 AICore record slot(s) with start_time=0 (race-window write or recycled-buffer tail). buf seq=0 count=1024
[mono_ns=7258330532683170][T0xea7260dcaca0][WARN] copy_aicore_buffer: [chip_swimlane_collector.cpp:689] Core 17: skipped 1024 AICore record slot(s) with start_time=0 (race-window write or recycled-buffer tail). buf seq=0 count=1024
[mono_ns=7258330532775061][T0xea72751fcca0][WARN] copy_aicore_buffer: [chip_swimlane_collector.cpp:689] Core 15: skipped 1024 AICore record slot(s) with start_time=0 (race-window write or recycled-buffer tail). buf seq=0 count=1024
[mono_ns=7258330532919192][T0xea72749ecca0][WARN] copy_aicore_buffer: [chip_swimlane_collector.cpp:689] Core 56: skipped 1024 AICore record slot(s) with start_time=0 (race-window write or recycled-buffer tail). buf seq=0 count=1024
[mono_ns=7258330533019623][T0xea7260dcaca0][WARN] copy_aicore_buffer: [chip_swimlane_collector.cpp:689] Core 58: skipped 1024 AICore record slot(s) with start_time=0 (race-window write or recycled-buffer tail). buf seq=0 count=1024
[mono_ns=7258330533114524][T0xea72751fcca0][WARN] copy_aicore_buffer: [chip_swimlane_collector.cpp:689] Core 54: skipped 1024 AICore record slot(s) with start_time=0 (race-window write or recycled-buffer tail). buf seq=0 count=1024
[mono_ns=7258330533286455][T0xea72749ecca0][WARN] copy_aicore_buffer: [chip_swimlane_collector.cpp:689] Core 57: skipped 1024 AICore record slot(s) with start_time=0 (race-window write or recycled-buffer tail). buf seq=0 count=1024
[mono_ns=7258330533338295][T0xea7260dcaca0][WARN] copy_aicore_buffer: [chip_swimlane_collector.cpp:689] Core 59: skipped 1024 AICore record slot(s) with start_time=0 (race-window write or recycled-buffer tail). buf seq=0 count=1024
[mono_ns=7258330533430806][T0xea72751fcca0][WARN] copy_aicore_buffer: [chip_swimlane_collector.cpp:689] Core 55: skipped 1024 AICore record slot(s) with start_time=0 (race-window write or recycled-buffer tail). buf seq=0 count=1024
[mono_ns=7258330533604567][T0xea72749ecca0][WARN] copy_aicore_buffer: [chip_swimlane_collector.cpp:689] Core 19: skipped 1024 AICore record slot(s) with start_time=0 (race-window write or recycled-buffer tail). buf seq=0 count=1024
[mono_ns=7258330533655058][T0xea7260dcaca0][WARN] copy_aicore_buffer: [chip_swimlane_collector.cpp:689] Core 20: skipped 1024 AICore record slot(s) with start_time=0 (race-window write or recycled-buffer tail). buf seq=0 count=1024
[mono_ns=7258330533747878][T0xea72751fcca0][WARN] copy_aicore_buffer: [chip_swimlane_collector.cpp:689] Core 18: skipped 1024 AICore record slot(s) with start_time=0 (race-window write or recycled-buffer tail). buf seq=0 count=1024
[mono_ns=7258330533927070][T0xea72749ecca0][WARN] copy_aicore_buffer: [chip_swimlane_collector.cpp:689] Core 62: skipped 1024 AICore record slot(s) with start_time=0 (race-window write or recycled-buffer tail). buf seq=0 count=1024
[mono_ns=7258330533972670][T0xea7260dcaca0][WARN] copy_aicore_buffer: [chip_swimlane_collector.cpp:689] Core 64: skipped 1024 AICore record slot(s) with start_time=0 (race-window write or recycled-buffer tail). buf seq=0 count=1024
[mono_ns=7258330534089371][T0xea72751fcca0][WARN] copy_aicore_buffer: [chip_swimlane_collector.cpp:689] Core 60: skipped 1024 AICore record slot(s) with start_time=0 (race-window write or recycled-buffer tail). buf seq=0 count=1024
[mono_ns=7258330534261352][T0xea72749ecca0][WARN] copy_aicore_buffer: [chip_swimlane_collector.cpp:689] Core 63: skipped 1024 AICore record slot(s) with start_time=0 (race-window write or recycled-buffer tail). buf seq=0 count=1024
[mono_ns=7258330534307303][T0xea7260dcaca0][WARN] copy_aicore_buffer: [chip_swimlane_collector.cpp:689] Core 65: skipped 1024 AICore record slot(s) with start_time=0 (race-window write or recycled-buffer tail). buf seq=0 count=1024
[mono_ns=7258330534408274][T0xea72751fcca0][WARN] copy_aicore_buffer: [chip_swimlane_collector.cpp:689] Core 61: skipped 1024 AICore record slot(s) with start_time=0 (race-window write or recycled-buffer tail). buf seq=0 count=1024
[mono_ns=7258330534583825][T0xea72749ecca0][WARN] copy_aicore_buffer: [chip_swimlane_collector.cpp:689] Core 22: skipped 1024 AICore record slot(s) with start_time=0 (race-window write or recycled-buffer tail). buf seq=0 count=1024
[mono_ns=7258330534623335][T0xea7260dcaca0][WARN] copy_aicore_buffer: [chip_swimlane_collector.cpp:689] Core 23: skipped 1024 AICore record slot(s) with start_time=0 (race-window write or recycled-buffer tail). buf seq=0 count=1024
[mono_ns=7258330534725156][T0xea72751fcca0][WARN] copy_aicore_buffer: [chip_swimlane_collector.cpp:689] Core 21: skipped 1024 AICore record slot(s) with start_time=0 (race-window write or recycled-buffer tail). buf seq=0 count=1024
[mono_ns=7258330534901417][T0xea72749ecca0][WARN] copy_aicore_buffer: [chip_swimlane_collector.cpp:689] Core 68: skipped 1024 AICore record slot(s) with start_time=0 (race-window write or recycled-buffer tail). buf seq=0 count=1024
[mono_ns=7258330534959738][T0xea7260dcaca0][WARN] copy_aicore_buffer: [chip_swimlane_collector.cpp:689] Core 70: skipped 1024 AICore record slot(s) with start_time=0 (race-window write or recycled-buffer tail). buf seq=0 count=1024
[mono_ns=7258330535057849][T0xea72751fcca0][WARN] copy_aicore_buffer: [chip_swimlane_collector.cpp:689] Core 66: skipped 1024 AICore record slot(s) with start_time=0 (race-window write or recycled-buffer tail). buf seq=0 count=1024
[mono_ns=7258330535233800][T0xea72749ecca0][WARN] copy_aicore_buffer: [chip_swimlane_collector.cpp:689] Core 69: skipped 1024 AICore record slot(s) with start_time=0 (race-window write or recycled-buffer tail). buf seq=0 count=1024
[mono_ns=7258330535288830][T0xea7260dcaca0][WARN] copy_aicore_buffer: [chip_swimlane_collector.cpp:689] Core 71: skipped 1024 AICore record slot(s) with start_time=0 (race-window write or recycled-buffer tail). buf seq=0 count=1024
[mono_ns=7258330535374931][T0xea72751fcca0][WARN] copy_aicore_buffer: [chip_swimlane_collector.cpp:689] Core 67: skipped 1024 AICore record slot(s) with start_time=0 (race-window write or recycled-buffer tail). buf seq=0 count=1024
[mono_ns=7258330636020101][T0xea73bdab9020][TIMING] emit_host_span: [STRACE] v=1 pid=3002038 tid=3002038 inv=10 hid=6ccca4d8c4e91962 depth=1 name=chip.run.runner_run ts=7258330507621129 dur=128368672 
[mono_ns=7258330638429809][T0xea73bdab9020][TIMING] emit_host_span: [STRACE] v=1 pid=3002038 tid=3002038 inv=10 hid=6ccca4d8c4e91962 depth=1 name=chip.run.validate ts=7258330636037421 dur=2385558 
[mono_ns=7258330638444129][T0xea73bdab9020][TIMING] emit_host_span: [STRACE] v=1 pid=3002038 tid=3002038 inv=10 hid=6ccca4d8c4e91962 depth=2 name=chip.run.runner_run.device_wall ts=0 dur=19594420 clk=dev
[mono_ns=7258330638449840][T0xea73bdab9020][TIMING] emit_host_span: [STRACE] v=1 pid=3002038 tid=3002038 inv=10 hid=6ccca4d8c4e91962 depth=3 name=chip.run.runner_run.device_wall.preamble ts=0 dur=681800 clk=dev
[mono_ns=7258330638454570][T0xea73bdab9020][TIMING] emit_host_span: [STRACE] v=1 pid=3002038 tid=3002038 inv=10 hid=6ccca4d8c4e91962 depth=3 name=chip.run.runner_run.device_wall.graph_build ts=677199 dur=18907380 clk=dev
[mono_ns=7258330638458510][T0xea73bdab9020][TIMING] emit_host_span: [STRACE] v=1 pid=3002038 tid=3002038 inv=10 hid=6ccca4d8c4e91962 depth=3 name=chip.run.runner_run.device_wall.config_validate ts=677340 dur=840 clk=dev
[mono_ns=7258330638462050][T0xea73bdab9020][TIMING] emit_host_span: [STRACE] v=1 pid=3002038 tid=3002038 inv=10 hid=6ccca4d8c4e91962 depth=3 name=chip.run.runner_run.device_wall.arena_wire ts=678200 dur=260 clk=dev
[mono_ns=7258330638465370][T0xea73bdab9020][TIMING] emit_host_span: [STRACE] v=1 pid=3002038 tid=3002038 inv=10 hid=6ccca4d8c4e91962 depth=3 name=chip.run.runner_run.device_wall.sm_reset ts=678480 dur=1060 clk=dev
[mono_ns=7258330638531470][T0xea73bdab9020][TIMING] emit_host_span: [STRACE] v=1 pid=3002038 tid=3002038 inv=10 hid=6ccca4d8c4e91962 depth=3 name=chip.run.runner_run.device_wall.post_orch ts=19584640 dur=9680 clk=dev
[mono_ns=7258330638535460][T0xea73bdab9020][TIMING] emit_host_span: [STRACE] v=1 pid=3002038 tid=3002038 inv=10 hid=6ccca4d8c4e91962 depth=3 name=chip.run.runner_run.device_wall.orch ts=679600 dur=3360 clk=dev
[mono_ns=7258330638539040][T0xea73bdab9020][TIMING] emit_host_span: [STRACE] v=1 pid=3002038 tid=3002038 inv=10 hid=6ccca4d8c4e91962 depth=3 name=chip.run.runner_run.device_wall.sched ts=682020 dur=18883899 clk=dev
[mono_ns=7258330638544820][T0xea73bdab9020][TIMING] emit_host_span: [STRACE] v=1 pid=3002038 tid=3002038 inv=10 hid=6ccca4d8c4e91962 depth=1 name=chip.run.claim_release ts=7258330638542230 dur=650 
[mono_ns=7258330638551270][T0xea73bdab9020][TIMING] emit_host_span: [STRACE] v=1 pid=3002038 tid=3002038 inv=10 hid=6ccca4d8c4e91962 depth=0 name=chip.run ts=7258330505309801 dur=133238549 run_id=10 dispatch_id=10 slot_id=0 generation=10 run_epoch=10
[mono_ns=7258335436243254][T0xea73bdab9020][TIMING] emit_host_span: [STRACE] v=1 pid=3002038 tid=3002038 inv=11 hid=6ccca4d8c4e91962 depth=2 name=chip.run.bind.args ts=7258335434309069 dur=1924815 
[mono_ns=7258335436268274][T0xea73bdab9020][TIMING] emit_host_span: [STRACE] v=1 pid=3002038 tid=3002038 inv=11 hid=6ccca4d8c4e91962 depth=2 name=chip.run.bind.prebuilt ts=7258335436262624 dur=2890 
[mono_ns=7258335436273404][T0xea73bdab9020][TIMING] emit_host_span: [STRACE] v=1 pid=3002038 tid=3002038 inv=11 hid=6ccca4d8c4e91962 depth=1 name=chip.run.bind ts=7258335434299019 dur=1972065 
[mono_ns=7258335546171354][T0xea73bdab9020][TIMING] emit_host_span: [STRACE] v=1 pid=3002038 tid=3002038 inv=11 hid=6ccca4d8c4e91962 depth=1 name=chip.run.runner_run ts=7258335436617037 dur=109540777 
[mono_ns=7258335547598855][T0xea73bdab9020][TIMING] emit_host_span: [STRACE] v=1 pid=3002038 tid=3002038 inv=11 hid=6ccca4d8c4e91962 depth=1 name=chip.run.validate ts=7258335546190504 dur=1401331 
[mono_ns=7258335547614065][T0xea73bdab9020][TIMING] emit_host_span: [STRACE] v=1 pid=3002038 tid=3002038 inv=11 hid=6ccca4d8c4e91962 depth=2 name=chip.run.runner_run.device_wall ts=0 dur=18951780 clk=dev
[mono_ns=7258335547618695][T0xea73bdab9020][TIMING] emit_host_span: [STRACE] v=1 pid=3002038 tid=3002038 inv=11 hid=6ccca4d8c4e91962 depth=3 name=chip.run.runner_run.device_wall.preamble ts=0 dur=6880 clk=dev
[mono_ns=7258335547623335][T0xea73bdab9020][TIMING] emit_host_span: [STRACE] v=1 pid=3002038 tid=3002038 inv=11 hid=6ccca4d8c4e91962 depth=3 name=chip.run.runner_run.device_wall.graph_build ts=2160 dur=18938680 clk=dev
[mono_ns=7258335547626865][T0xea73bdab9020][TIMING] emit_host_span: [STRACE] v=1 pid=3002038 tid=3002038 inv=11 hid=6ccca4d8c4e91962 depth=3 name=chip.run.runner_run.device_wall.config_validate ts=2340 dur=880 clk=dev
[mono_ns=7258335547630135][T0xea73bdab9020][TIMING] emit_host_span: [STRACE] v=1 pid=3002038 tid=3002038 inv=11 hid=6ccca4d8c4e91962 depth=3 name=chip.run.runner_run.device_wall.arena_wire ts=3239 dur=600 clk=dev
[mono_ns=7258335547634325][T0xea73bdab9020][TIMING] emit_host_span: [STRACE] v=1 pid=3002038 tid=3002038 inv=11 hid=6ccca4d8c4e91962 depth=3 name=chip.run.runner_run.device_wall.sm_reset ts=3860 dur=2260 clk=dev
[mono_ns=7258335547699356][T0xea73bdab9020][TIMING] emit_host_span: [STRACE] v=1 pid=3002038 tid=3002038 inv=11 hid=6ccca4d8c4e91962 depth=3 name=chip.run.runner_run.device_wall.post_orch ts=18940900 dur=10620 clk=dev
[mono_ns=7258335547703586][T0xea73bdab9020][TIMING] emit_host_span: [STRACE] v=1 pid=3002038 tid=3002038 inv=11 hid=6ccca4d8c4e91962 depth=3 name=chip.run.runner_run.device_wall.orch ts=7140 dur=8360 clk=dev
[mono_ns=7258335547707246][T0xea73bdab9020][TIMING] emit_host_span: [STRACE] v=1 pid=3002038 tid=3002038 inv=11 hid=6ccca4d8c4e91962 depth=3 name=chip.run.runner_run.device_wall.sched ts=7000 dur=18925560 clk=dev
[mono_ns=7258335547713916][T0xea73bdab9020][TIMING] emit_host_span: [STRACE] v=1 pid=3002038 tid=3002038 inv=11 hid=6ccca4d8c4e91962 depth=1 name=chip.run.claim_release ts=7258335547711046 dur=1040 
[mono_ns=7258335547719646][T0xea73bdab9020][TIMING] emit_host_span: [STRACE] v=1 pid=3002038 tid=3002038 inv=11 hid=6ccca4d8c4e91962 depth=0 name=chip.run ts=7258335434056217 dur=113661409 run_id=11 dispatch_id=11 slot_id=0 generation=11 run_epoch=11
[mono_ns=7258335556475123][T0xea73bdab9020][TIMING] emit_host_span: [STRACE] v=1 pid=3002038 tid=3002038 inv=12 hid=6ccca4d8c4e91962 depth=2 name=chip.run.bind.args ts=7258335554542198 dur=1925895 
[mono_ns=7258335556495003][T0xea73bdab9020][TIMING] emit_host_span: [STRACE] v=1 pid=3002038 tid=3002038 inv=12 hid=6ccca4d8c4e91962 depth=2 name=chip.run.bind.prebuilt ts=7258335556488833 dur=3730 
[mono_ns=7258335556500103][T0xea73bdab9020][TIMING] emit_host_span: [STRACE] v=1 pid=3002038 tid=3002038 inv=12 hid=6ccca4d8c4e91962 depth=1 name=chip.run.bind ts=7258335554532708 dur=1965185 
[mono_ns=7258335576689567][T0xea7260dcaca0][WARN] copy_aicore_buffer: [chip_swimlane_collector.cpp:689] Core 2: skipped 1024 AICore record slot(s) with start_time=0 (race-window write or recycled-buffer tail). buf seq=0 count=1024
[mono_ns=7258335576692977][T0xea72749ecca0][WARN] copy_aicore_buffer: [chip_swimlane_collector.cpp:689] Core 1: skipped 1024 AICore record slot(s) with start_time=0 (race-window write or recycled-buffer tail). buf seq=0 count=1024
[mono_ns=7258335576772468][T0xea72751fcca0][WARN] copy_aicore_buffer: [chip_swimlane_collector.cpp:689] Core 0: skipped 1024 AICore record slot(s) with start_time=0 (race-window write or recycled-buffer tail). buf seq=0 count=1024
[mono_ns=7258335577046100][T0xea7260dcaca0][WARN] copy_aicore_buffer: [chip_swimlane_collector.cpp:689] Core 28: skipped 1023 AICore record slot(s) with start_time=0 (race-window write or recycled-buffer tail). buf seq=0 count=1024
[mono_ns=7258335577050890][T0xea72749ecca0][WARN] copy_aicore_buffer: [chip_swimlane_collector.cpp:689] Core 26: skipped 1022 AICore record slot(s) with start_time=0 (race-window write or recycled-buffer tail). buf seq=0 count=1024
[mono_ns=7258335577111220][T0xea72751fcca0][WARN] copy_aicore_buffer: [chip_swimlane_collector.cpp:689] Core 24: skipped 1024 AICore record slot(s) with start_time=0 (race-window write or recycled-buffer tail). buf seq=0 count=1024
[mono_ns=7258335577364222][T0xea7260dcaca0][WARN] copy_aicore_buffer: [chip_swimlane_collector.cpp:689] Core 29: skipped 1024 AICore record slot(s) with start_time=0 (race-window write or recycled-buffer tail). buf seq=0 count=1024
[mono_ns=7258335577369542][T0xea72749ecca0][WARN] copy_aicore_buffer: [chip_swimlane_collector.cpp:689] Core 27: skipped 1024 AICore record slot(s) with start_time=0 (race-window write or recycled-buffer tail). buf seq=0 count=1024
[mono_ns=7258335577431023][T0xea72751fcca0][WARN] copy_aicore_buffer: [chip_swimlane_collector.cpp:689] Core 25: skipped 1024 AICore record slot(s) with start_time=0 (race-window write or recycled-buffer tail). buf seq=0 count=1024
[mono_ns=7258335577697205][T0xea72749ecca0][WARN] copy_aicore_buffer: [chip_swimlane_collector.cpp:689] Core 4: skipped 1024 AICore record slot(s) with start_time=0 (race-window write or recycled-buffer tail). buf seq=0 count=1024
[mono_ns=7258335577715135][T0xea7260dcaca0][WARN] copy_aicore_buffer: [chip_swimlane_collector.cpp:689] Core 5: skipped 1024 AICore record slot(s) with start_time=0 (race-window write or recycled-buffer tail). buf seq=0 count=1024
[mono_ns=7258335577747265][T0xea72751fcca0][WARN] copy_aicore_buffer: [chip_swimlane_collector.cpp:689] Core 3: skipped 1024 AICore record slot(s) with start_time=0 (race-window write or recycled-buffer tail). buf seq=0 count=1024
[mono_ns=7258335578025447][T0xea72749ecca0][WARN] copy_aicore_buffer: [chip_swimlane_collector.cpp:689] Core 32: skipped 1024 AICore record slot(s) with start_time=0 (race-window write or recycled-buffer tail). buf seq=0 count=1024
[mono_ns=7258335578041438][T0xea7260dcaca0][WARN] copy_aicore_buffer: [chip_swimlane_collector.cpp:689] Core 34: skipped 1024 AICore record slot(s) with start_time=0 (race-window write or recycled-buffer tail). buf seq=0 count=1024
[mono_ns=7258335578073228][T0xea72751fcca0][WARN] copy_aicore_buffer: [chip_swimlane_collector.cpp:689] Core 30: skipped 1024 AICore record slot(s) with start_time=0 (race-window write or recycled-buffer tail). buf seq=0 count=1024
[mono_ns=7258335578344310][T0xea72749ecca0][WARN] copy_aicore_buffer: [chip_swimlane_collector.cpp:689] Core 33: skipped 1024 AICore record slot(s) with start_time=0 (race-window write or recycled-buffer tail). buf seq=0 count=1024
[mono_ns=7258335578356620][T0xea7260dcaca0][WARN] copy_aicore_buffer: [chip_swimlane_collector.cpp:689] Core 35: skipped 1024 AICore record slot(s) with start_time=0 (race-window write or recycled-buffer tail). buf seq=0 count=1024
[mono_ns=7258335578401120][T0xea72751fcca0][WARN] copy_aicore_buffer: [chip_swimlane_collector.cpp:689] Core 31: skipped 1024 AICore record slot(s) with start_time=0 (race-window write or recycled-buffer tail). buf seq=0 count=1024
[mono_ns=7258335578662502][T0xea72749ecca0][WARN] copy_aicore_buffer: [chip_swimlane_collector.cpp:689] Core 7: skipped 1024 AICore record slot(s) with start_time=0 (race-window write or recycled-buffer tail). buf seq=0 count=1024
[mono_ns=7258335578670952][T0xea7260dcaca0][WARN] copy_aicore_buffer: [chip_swimlane_collector.cpp:689] Core 8: skipped 1024 AICore record slot(s) with start_time=0 (race-window write or recycled-buffer tail). buf seq=0 count=1024
[mono_ns=7258335578717353][T0xea72751fcca0][WARN] copy_aicore_buffer: [chip_swimlane_collector.cpp:689] Core 6: skipped 1024 AICore record slot(s) with start_time=0 (race-window write or recycled-buffer tail). buf seq=0 count=1024
[mono_ns=7258335578980425][T0xea72749ecca0][WARN] copy_aicore_buffer: [chip_swimlane_collector.cpp:689] Core 38: skipped 1024 AICore record slot(s) with start_time=0 (race-window write or recycled-buffer tail). buf seq=0 count=1024
[mono_ns=7258335578984535][T0xea7260dcaca0][WARN] copy_aicore_buffer: [chip_swimlane_collector.cpp:689] Core 40: skipped 1024 AICore record slot(s) with start_time=0 (race-window write or recycled-buffer tail). buf seq=0 count=1024
[mono_ns=7258335579047065][T0xea72751fcca0][WARN] copy_aicore_buffer: [chip_swimlane_collector.cpp:689] Core 36: skipped 1024 AICore record slot(s) with start_time=0 (race-window write or recycled-buffer tail). buf seq=0 count=1024
[mono_ns=7258335579310507][T0xea72749ecca0][WARN] copy_aicore_buffer: [chip_swimlane_collector.cpp:689] Core 39: skipped 1024 AICore record slot(s) with start_time=0 (race-window write or recycled-buffer tail). buf seq=0 count=1024
[mono_ns=7258335579347067][T0xea7260dcaca0][WARN] copy_aicore_buffer: [chip_swimlane_collector.cpp:689] Core 41: skipped 1024 AICore record slot(s) with start_time=0 (race-window write or recycled-buffer tail). buf seq=0 count=1024
[mono_ns=7258335579362038][T0xea72751fcca0][WARN] copy_aicore_buffer: [chip_swimlane_collector.cpp:689] Core 37: skipped 1024 AICore record slot(s) with start_time=0 (race-window write or recycled-buffer tail). buf seq=0 count=1024
[mono_ns=7258335579627630][T0xea72749ecca0][WARN] copy_aicore_buffer: [chip_swimlane_collector.cpp:689] Core 10: skipped 1024 AICore record slot(s) with start_time=0 (race-window write or recycled-buffer tail). buf seq=0 count=1024
[mono_ns=7258335579663250][T0xea7260dcaca0][WARN] copy_aicore_buffer: [chip_swimlane_collector.cpp:689] Core 11: skipped 1024 AICore record slot(s) with start_time=0 (race-window write or recycled-buffer tail). buf seq=0 count=1024
[mono_ns=7258335579677020][T0xea72751fcca0][WARN] copy_aicore_buffer: [chip_swimlane_collector.cpp:689] Core 9: skipped 1024 AICore record slot(s) with start_time=0 (race-window write or recycled-buffer tail). buf seq=0 count=1024
[mono_ns=7258335579945942][T0xea72749ecca0][WARN] copy_aicore_buffer: [chip_swimlane_collector.cpp:689] Core 44: skipped 1024 AICore record slot(s) with start_time=0 (race-window write or recycled-buffer tail). buf seq=0 count=1024
[mono_ns=7258335579980562][T0xea7260dcaca0][WARN] copy_aicore_buffer: [chip_swimlane_collector.cpp:689] Core 46: skipped 1024 AICore record slot(s) with start_time=0 (race-window write or recycled-buffer tail). buf seq=0 count=1024
[mono_ns=7258335579991462][T0xea72751fcca0][WARN] copy_aicore_buffer: [chip_swimlane_collector.cpp:689] Core 42: skipped 1024 AICore record slot(s) with start_time=0 (race-window write or recycled-buffer tail). buf seq=0 count=1024
[mono_ns=7258335580283615][T0xea72749ecca0][WARN] copy_aicore_buffer: [chip_swimlane_collector.cpp:689] Core 45: skipped 1024 AICore record slot(s) with start_time=0 (race-window write or recycled-buffer tail). buf seq=0 count=1024
[mono_ns=7258335580312735][T0xea7260dcaca0][WARN] copy_aicore_buffer: [chip_swimlane_collector.cpp:689] Core 47: skipped 1024 AICore record slot(s) with start_time=0 (race-window write or recycled-buffer tail). buf seq=0 count=1024
[mono_ns=7258335580319215][T0xea72751fcca0][WARN] copy_aicore_buffer: [chip_swimlane_collector.cpp:689] Core 43: skipped 1024 AICore record slot(s) with start_time=0 (race-window write or recycled-buffer tail). buf seq=0 count=1024
[mono_ns=7258335580599927][T0xea72749ecca0][WARN] copy_aicore_buffer: [chip_swimlane_collector.cpp:689] Core 13: skipped 1024 AICore record slot(s) with start_time=0 (race-window write or recycled-buffer tail). buf seq=0 count=1024
[mono_ns=7258335580628327][T0xea7260dcaca0][WARN] copy_aicore_buffer: [chip_swimlane_collector.cpp:689] Core 14: skipped 1024 AICore record slot(s) with start_time=0 (race-window write or recycled-buffer tail). buf seq=0 count=1024
[mono_ns=7258335580632837][T0xea72751fcca0][WARN] copy_aicore_buffer: [chip_swimlane_collector.cpp:689] Core 12: skipped 1024 AICore record slot(s) with start_time=0 (race-window write or recycled-buffer tail). buf seq=0 count=1024
[mono_ns=7258335580917959][T0xea72749ecca0][WARN] copy_aicore_buffer: [chip_swimlane_collector.cpp:689] Core 50: skipped 1024 AICore record slot(s) with start_time=0 (race-window write or recycled-buffer tail). buf seq=0 count=1024
[mono_ns=7258335580954410][T0xea72751fcca0][WARN] copy_aicore_buffer: [chip_swimlane_collector.cpp:689] Core 48: skipped 1024 AICore record slot(s) with start_time=0 (race-window write or recycled-buffer tail). buf seq=0 count=1024
[mono_ns=7258335580977340][T0xea7260dcaca0][WARN] copy_aicore_buffer: [chip_swimlane_collector.cpp:689] Core 52: skipped 1024 AICore record slot(s) with start_time=0 (race-window write or recycled-buffer tail). buf seq=0 count=1024
[mono_ns=7258335581243462][T0xea72749ecca0][WARN] copy_aicore_buffer: [chip_swimlane_collector.cpp:689] Core 51: skipped 1024 AICore record slot(s) with start_time=0 (race-window write or recycled-buffer tail). buf seq=0 count=1024
[mono_ns=7258335581288712][T0xea72751fcca0][WARN] copy_aicore_buffer: [chip_swimlane_collector.cpp:689] Core 49: skipped 1024 AICore record slot(s) with start_time=0 (race-window write or recycled-buffer tail). buf seq=0 count=1024
[mono_ns=7258335581306112][T0xea7260dcaca0][WARN] copy_aicore_buffer: [chip_swimlane_collector.cpp:689] Core 53: skipped 1024 AICore record slot(s) with start_time=0 (race-window write or recycled-buffer tail). buf seq=0 count=1024
[mono_ns=7258335581560234][T0xea72749ecca0][WARN] copy_aicore_buffer: [chip_swimlane_collector.cpp:689] Core 16: skipped 1024 AICore record slot(s) with start_time=0 (race-window write or recycled-buffer tail). buf seq=0 count=1024
[mono_ns=7258335581604655][T0xea72751fcca0][WARN] copy_aicore_buffer: [chip_swimlane_collector.cpp:689] Core 15: skipped 1024 AICore record slot(s) with start_time=0 (race-window write or recycled-buffer tail). buf seq=0 count=1024
[mono_ns=7258335581623205][T0xea7260dcaca0][WARN] copy_aicore_buffer: [chip_swimlane_collector.cpp:689] Core 17: skipped 1024 AICore record slot(s) with start_time=0 (race-window write or recycled-buffer tail). buf seq=0 count=1024
[mono_ns=7258335581915537][T0xea72749ecca0][WARN] copy_aicore_buffer: [chip_swimlane_collector.cpp:689] Core 56: skipped 1024 AICore record slot(s) with start_time=0 (race-window write or recycled-buffer tail). buf seq=0 count=1024
[mono_ns=7258335581918827][T0xea72751fcca0][WARN] copy_aicore_buffer: [chip_swimlane_collector.cpp:689] Core 54: skipped 1024 AICore record slot(s) with start_time=0 (race-window write or recycled-buffer tail). buf seq=0 count=1024
[mono_ns=7258335581938817][T0xea7260dcaca0][WARN] copy_aicore_buffer: [chip_swimlane_collector.cpp:689] Core 58: skipped 1024 AICore record slot(s) with start_time=0 (race-window write or recycled-buffer tail). buf seq=0 count=1024
[mono_ns=7258335582240780][T0xea72749ecca0][WARN] copy_aicore_buffer: [chip_swimlane_collector.cpp:689] Core 57: skipped 1024 AICore record slot(s) with start_time=0 (race-window write or recycled-buffer tail). buf seq=0 count=1024
[mono_ns=7258335582243570][T0xea72751fcca0][WARN] copy_aicore_buffer: [chip_swimlane_collector.cpp:689] Core 55: skipped 1024 AICore record slot(s) with start_time=0 (race-window write or recycled-buffer tail). buf seq=0 count=1024
[mono_ns=7258335582266530][T0xea7260dcaca0][WARN] copy_aicore_buffer: [chip_swimlane_collector.cpp:689] Core 59: skipped 1024 AICore record slot(s) with start_time=0 (race-window write or recycled-buffer tail). buf seq=0 count=1024
[mono_ns=7258335582557082][T0xea72749ecca0][WARN] copy_aicore_buffer: [chip_swimlane_collector.cpp:689] Core 19: skipped 1024 AICore record slot(s) with start_time=0 (race-window write or recycled-buffer tail). buf seq=0 count=1024
[mono_ns=7258335582560472][T0xea72751fcca0][WARN] copy_aicore_buffer: [chip_swimlane_collector.cpp:689] Core 18: skipped 1024 AICore record slot(s) with start_time=0 (race-window write or recycled-buffer tail). buf seq=0 count=1024
[mono_ns=7258335582583332][T0xea7260dcaca0][WARN] copy_aicore_buffer: [chip_swimlane_collector.cpp:689] Core 20: skipped 1024 AICore record slot(s) with start_time=0 (race-window write or recycled-buffer tail). buf seq=0 count=1024
[mono_ns=7258335582873544][T0xea72749ecca0][WARN] copy_aicore_buffer: [chip_swimlane_collector.cpp:689] Core 62: skipped 1024 AICore record slot(s) with start_time=0 (race-window write or recycled-buffer tail). buf seq=0 count=1024
[mono_ns=7258335582874844][T0xea72751fcca0][WARN] copy_aicore_buffer: [chip_swimlane_collector.cpp:689] Core 60: skipped 1024 AICore record slot(s) with start_time=0 (race-window write or recycled-buffer tail). buf seq=0 count=1024
[mono_ns=7258335582898765][T0xea7260dcaca0][WARN] copy_aicore_buffer: [chip_swimlane_collector.cpp:689] Core 64: skipped 1024 AICore record slot(s) with start_time=0 (race-window write or recycled-buffer tail). buf seq=0 count=1024
[mono_ns=7258335583202207][T0xea72751fcca0][WARN] copy_aicore_buffer: [chip_swimlane_collector.cpp:689] Core 61: skipped 1024 AICore record slot(s) with start_time=0 (race-window write or recycled-buffer tail). buf seq=0 count=1024
[mono_ns=7258335583205777][T0xea72749ecca0][WARN] copy_aicore_buffer: [chip_swimlane_collector.cpp:689] Core 63: skipped 1024 AICore record slot(s) with start_time=0 (race-window write or recycled-buffer tail). buf seq=0 count=1024
[mono_ns=7258335583229077][T0xea7260dcaca0][WARN] copy_aicore_buffer: [chip_swimlane_collector.cpp:689] Core 65: skipped 1024 AICore record slot(s) with start_time=0 (race-window write or recycled-buffer tail). buf seq=0 count=1024
[mono_ns=7258335583518209][T0xea72751fcca0][WARN] copy_aicore_buffer: [chip_swimlane_collector.cpp:689] Core 21: skipped 1024 AICore record slot(s) with start_time=0 (race-window write or recycled-buffer tail). buf seq=0 count=1024
[mono_ns=7258335583555220][T0xea72749ecca0][WARN] copy_aicore_buffer: [chip_swimlane_collector.cpp:689] Core 22: skipped 1024 AICore record slot(s) with start_time=0 (race-window write or recycled-buffer tail). buf seq=0 count=1024
[mono_ns=7258335583555470][T0xea7260dcaca0][WARN] copy_aicore_buffer: [chip_swimlane_collector.cpp:689] Core 23: skipped 1024 AICore record slot(s) with start_time=0 (race-window write or recycled-buffer tail). buf seq=0 count=1024
[mono_ns=7258335583834712][T0xea72751fcca0][WARN] copy_aicore_buffer: [chip_swimlane_collector.cpp:689] Core 66: skipped 1024 AICore record slot(s) with start_time=0 (race-window write or recycled-buffer tail). buf seq=0 count=1024
[mono_ns=7258335583872172][T0xea7260dcaca0][WARN] copy_aicore_buffer: [chip_swimlane_collector.cpp:689] Core 70: skipped 1024 AICore record slot(s) with start_time=0 (race-window write or recycled-buffer tail). buf seq=0 count=1024
[mono_ns=7258335583873292][T0xea72749ecca0][WARN] copy_aicore_buffer: [chip_swimlane_collector.cpp:689] Core 68: skipped 1024 AICore record slot(s) with start_time=0 (race-window write or recycled-buffer tail). buf seq=0 count=1024
[mono_ns=7258335584165774][T0xea72751fcca0][WARN] copy_aicore_buffer: [chip_swimlane_collector.cpp:689] Core 67: skipped 1024 AICore record slot(s) with start_time=0 (race-window write or recycled-buffer tail). buf seq=0 count=1024
[mono_ns=7258335584203205][T0xea7260dcaca0][WARN] copy_aicore_buffer: [chip_swimlane_collector.cpp:689] Core 71: skipped 1024 AICore record slot(s) with start_time=0 (race-window write or recycled-buffer tail). buf seq=0 count=1024
[mono_ns=7258335584225435][T0xea72749ecca0][WARN] copy_aicore_buffer: [chip_swimlane_collector.cpp:689] Core 69: skipped 1024 AICore record slot(s) with start_time=0 (race-window write or recycled-buffer tail). buf seq=0 count=1024
[mono_ns=7258335684939054][T0xea73bdab9020][TIMING] emit_host_span: [STRACE] v=1 pid=3002038 tid=3002038 inv=12 hid=6ccca4d8c4e91962 depth=1 name=chip.run.runner_run ts=7258335556955276 dur=127971148 
[mono_ns=7258335686773058][T0xea73bdab9020][TIMING] emit_host_span: [STRACE] v=1 pid=3002038 tid=3002038 inv=12 hid=6ccca4d8c4e91962 depth=1 name=chip.run.validate ts=7258335684955834 dur=1810064 
[mono_ns=7258335686787468][T0xea73bdab9020][TIMING] emit_host_span: [STRACE] v=1 pid=3002038 tid=3002038 inv=12 hid=6ccca4d8c4e91962 depth=2 name=chip.run.runner_run.device_wall ts=0 dur=19145640 clk=dev
[mono_ns=7258335686793558][T0xea73bdab9020][TIMING] emit_host_span: [STRACE] v=1 pid=3002038 tid=3002038 inv=12 hid=6ccca4d8c4e91962 depth=3 name=chip.run.runner_run.device_wall.preamble ts=0 dur=644420 clk=dev
[mono_ns=7258335686798498][T0xea73bdab9020][TIMING] emit_host_span: [STRACE] v=1 pid=3002038 tid=3002038 inv=12 hid=6ccca4d8c4e91962 depth=3 name=chip.run.runner_run.device_wall.graph_build ts=640320 dur=18494140 clk=dev
[mono_ns=7258335686866419][T0xea73bdab9020][TIMING] emit_host_span: [STRACE] v=1 pid=3002038 tid=3002038 inv=12 hid=6ccca4d8c4e91962 depth=3 name=chip.run.runner_run.device_wall.config_validate ts=640480 dur=679 clk=dev
[mono_ns=7258335686870349][T0xea73bdab9020][TIMING] emit_host_span: [STRACE] v=1 pid=3002038 tid=3002038 inv=12 hid=6ccca4d8c4e91962 depth=3 name=chip.run.runner_run.device_wall.arena_wire ts=641199 dur=240 clk=dev
[mono_ns=7258335686874039][T0xea73bdab9020][TIMING] emit_host_span: [STRACE] v=1 pid=3002038 tid=3002038 inv=12 hid=6ccca4d8c4e91962 depth=3 name=chip.run.runner_run.device_wall.sm_reset ts=641459 dur=1140 clk=dev
[mono_ns=7258335686877589][T0xea73bdab9020][TIMING] emit_host_span: [STRACE] v=1 pid=3002038 tid=3002038 inv=12 hid=6ccca4d8c4e91962 depth=3 name=chip.run.runner_run.device_wall.post_orch ts=19134519 dur=10520 clk=dev
[mono_ns=7258335686881089][T0xea73bdab9020][TIMING] emit_host_span: [STRACE] v=1 pid=3002038 tid=3002038 inv=12 hid=6ccca4d8c4e91962 depth=3 name=chip.run.runner_run.device_wall.orch ts=642640 dur=3860 clk=dev
[mono_ns=7258335686884609][T0xea73bdab9020][TIMING] emit_host_span: [STRACE] v=1 pid=3002038 tid=3002038 inv=12 hid=6ccca4d8c4e91962 depth=3 name=chip.run.runner_run.device_wall.sched ts=644660 dur=18471980 clk=dev
[mono_ns=7258335686890519][T0xea73bdab9020][TIMING] emit_host_span: [STRACE] v=1 pid=3002038 tid=3002038 inv=12 hid=6ccca4d8c4e91962 depth=1 name=chip.run.claim_release ts=7258335686888069 dur=610 
[mono_ns=7258335686896419][T0xea73bdab9020][TIMING] emit_host_span: [STRACE] v=1 pid=3002038 tid=3002038 inv=12 hid=6ccca4d8c4e91962 depth=0 name=chip.run ts=7258335554482618 dur=132411711 run_id=12 dispatch_id=12 slot_id=0 generation=12 run_epoch=12
[mono_ns=7258340488391976][T0xea73bdab9020][TIMING] emit_host_span: [STRACE] v=1 pid=3002038 tid=3002038 inv=13 hid=6ccca4d8c4e91962 depth=2 name=chip.run.bind.args ts=7258340486343301 dur=2038005 
[mono_ns=7258340488416257][T0xea73bdab9020][TIMING] emit_host_span: [STRACE] v=1 pid=3002038 tid=3002038 inv=13 hid=6ccca4d8c4e91962 depth=2 name=chip.run.bind.prebuilt ts=7258340488410436 dur=3001 
[mono_ns=7258340488421917][T0xea73bdab9020][TIMING] emit_host_span: [STRACE] v=1 pid=3002038 tid=3002038 inv=13 hid=6ccca4d8c4e91962 depth=1 name=chip.run.bind ts=7258340486331811 dur=2087546 
[mono_ns=7258340593244596][T0xea73bdab9020][TIMING] emit_host_span: [STRACE] v=1 pid=3002038 tid=3002038 inv=13 hid=6ccca4d8c4e91962 depth=1 name=chip.run.runner_run ts=7258340488717389 dur=104512787 
[mono_ns=7258340594705377][T0xea73bdab9020][TIMING] emit_host_span: [STRACE] v=1 pid=3002038 tid=3002038 inv=13 hid=6ccca4d8c4e91962 depth=1 name=chip.run.validate ts=7258340593263496 dur=1433861 
[mono_ns=7258340594722057][T0xea73bdab9020][TIMING] emit_host_span: [STRACE] v=1 pid=3002038 tid=3002038 inv=13 hid=6ccca4d8c4e91962 depth=2 name=chip.run.runner_run.device_wall ts=0 dur=19058240 clk=dev
[mono_ns=7258340594726858][T0xea73bdab9020][TIMING] emit_host_span: [STRACE] v=1 pid=3002038 tid=3002038 inv=13 hid=6ccca4d8c4e91962 depth=3 name=chip.run.runner_run.device_wall.preamble ts=0 dur=6399 clk=dev
[mono_ns=7258340594731158][T0xea73bdab9020][TIMING] emit_host_span: [STRACE] v=1 pid=3002038 tid=3002038 inv=13 hid=6ccca4d8c4e91962 depth=3 name=chip.run.runner_run.device_wall.graph_build ts=1520 dur=19045640 clk=dev
[mono_ns=7258340594806738][T0xea73bdab9020][TIMING] emit_host_span: [STRACE] v=1 pid=3002038 tid=3002038 inv=13 hid=6ccca4d8c4e91962 depth=3 name=chip.run.runner_run.device_wall.config_validate ts=1819 dur=720 clk=dev
[mono_ns=7258340594811948][T0xea73bdab9020][TIMING] emit_host_span: [STRACE] v=1 pid=3002038 tid=3002038 inv=13 hid=6ccca4d8c4e91962 depth=3 name=chip.run.runner_run.device_wall.arena_wire ts=2560 dur=500 clk=dev
[mono_ns=7258340594815158][T0xea73bdab9020][TIMING] emit_host_span: [STRACE] v=1 pid=3002038 tid=3002038 inv=13 hid=6ccca4d8c4e91962 depth=3 name=chip.run.runner_run.device_wall.sm_reset ts=3080 dur=1920 clk=dev
[mono_ns=7258340594819258][T0xea73bdab9020][TIMING] emit_host_span: [STRACE] v=1 pid=3002038 tid=3002038 inv=13 hid=6ccca4d8c4e91962 depth=3 name=chip.run.runner_run.device_wall.post_orch ts=19047220 dur=10820 clk=dev
[mono_ns=7258340594822798][T0xea73bdab9020][TIMING] emit_host_span: [STRACE] v=1 pid=3002038 tid=3002038 inv=13 hid=6ccca4d8c4e91962 depth=3 name=chip.run.runner_run.device_wall.orch ts=5820 dur=7680 clk=dev
[mono_ns=7258340594826758][T0xea73bdab9020][TIMING] emit_host_span: [STRACE] v=1 pid=3002038 tid=3002038 inv=13 hid=6ccca4d8c4e91962 depth=3 name=chip.run.runner_run.device_wall.sched ts=6500 dur=19032700 clk=dev
[mono_ns=7258340594833348][T0xea73bdab9020][TIMING] emit_host_span: [STRACE] v=1 pid=3002038 tid=3002038 inv=13 hid=6ccca4d8c4e91962 depth=1 name=chip.run.claim_release ts=7258340594830358 dur=1070 
[mono_ns=7258340594860579][T0xea73bdab9020][TIMING] emit_host_span: [STRACE] v=1 pid=3002038 tid=3002038 inv=13 hid=6ccca4d8c4e91962 depth=0 name=chip.run ts=7258340486264950 dur=108593099 run_id=13 dispatch_id=13 slot_id=0 generation=13 run_epoch=13
[mono_ns=7258340604447532][T0xea73bdab9020][TIMING] emit_host_span: [STRACE] v=1 pid=3002038 tid=3002038 inv=14 hid=6ccca4d8c4e91962 depth=2 name=chip.run.bind.args ts=7258340602319905 dur=2119557 
[mono_ns=7258340604469792][T0xea73bdab9020][TIMING] emit_host_span: [STRACE] v=1 pid=3002038 tid=3002038 inv=14 hid=6ccca4d8c4e91962 depth=2 name=chip.run.bind.prebuilt ts=7258340604463672 dur=3210 
[mono_ns=7258340604475452][T0xea73bdab9020][TIMING] emit_host_span: [STRACE] v=1 pid=3002038 tid=3002038 inv=14 hid=6ccca4d8c4e91962 depth=1 name=chip.run.bind ts=7258340602310405 dur=2162677 
[mono_ns=7258340624851907][T0xea72751fcca0][WARN] copy_aicore_buffer: [chip_swimlane_collector.cpp:689] Core 0: skipped 1024 AICore record slot(s) with start_time=0 (race-window write or recycled-buffer tail). buf seq=0 count=1024
[mono_ns=7258340624877708][T0xea7260dcaca0][WARN] copy_aicore_buffer: [chip_swimlane_collector.cpp:689] Core 2: skipped 1024 AICore record slot(s) with start_time=0 (race-window write or recycled-buffer tail). buf seq=0 count=1024
[mono_ns=7258340624926988][T0xea72749ecca0][WARN] copy_aicore_buffer: [chip_swimlane_collector.cpp:689] Core 1: skipped 1024 AICore record slot(s) with start_time=0 (race-window write or recycled-buffer tail). buf seq=0 count=1024
[mono_ns=7258340625218760][T0xea72751fcca0][WARN] copy_aicore_buffer: [chip_swimlane_collector.cpp:689] Core 24: skipped 1023 AICore record slot(s) with start_time=0 (race-window write or recycled-buffer tail). buf seq=0 count=1024
[mono_ns=7258340625229360][T0xea7260dcaca0][WARN] copy_aicore_buffer: [chip_swimlane_collector.cpp:689] Core 28: skipped 1023 AICore record slot(s) with start_time=0 (race-window write or recycled-buffer tail). buf seq=0 count=1024
[mono_ns=7258340625310851][T0xea72749ecca0][WARN] copy_aicore_buffer: [chip_swimlane_collector.cpp:689] Core 26: skipped 1022 AICore record slot(s) with start_time=0 (race-window write or recycled-buffer tail). buf seq=0 count=1024
[mono_ns=7258340625556903][T0xea7260dcaca0][WARN] copy_aicore_buffer: [chip_swimlane_collector.cpp:689] Core 29: skipped 1024 AICore record slot(s) with start_time=0 (race-window write or recycled-buffer tail). buf seq=0 count=1024
[mono_ns=7258340625586123][T0xea72751fcca0][WARN] copy_aicore_buffer: [chip_swimlane_collector.cpp:689] Core 25: skipped 1024 AICore record slot(s) with start_time=0 (race-window write or recycled-buffer tail). buf seq=0 count=1024
[mono_ns=7258340625650193][T0xea72749ecca0][WARN] copy_aicore_buffer: [chip_swimlane_collector.cpp:689] Core 27: skipped 1023 AICore record slot(s) with start_time=0 (race-window write or recycled-buffer tail). buf seq=0 count=1024
[mono_ns=7258340625878435][T0xea7260dcaca0][WARN] copy_aicore_buffer: [chip_swimlane_collector.cpp:689] Core 5: skipped 1024 AICore record slot(s) with start_time=0 (race-window write or recycled-buffer tail). buf seq=0 count=1024
[mono_ns=7258340625904835][T0xea72751fcca0][WARN] copy_aicore_buffer: [chip_swimlane_collector.cpp:689] Core 3: skipped 1024 AICore record slot(s) with start_time=0 (race-window write or recycled-buffer tail). buf seq=0 count=1024
[mono_ns=7258340625983986][T0xea72749ecca0][WARN] copy_aicore_buffer: [chip_swimlane_collector.cpp:689] Core 4: skipped 1024 AICore record slot(s) with start_time=0 (race-window write or recycled-buffer tail). buf seq=0 count=1024
[mono_ns=7258340626204168][T0xea7260dcaca0][WARN] copy_aicore_buffer: [chip_swimlane_collector.cpp:689] Core 34: skipped 1024 AICore record slot(s) with start_time=0 (race-window write or recycled-buffer tail). buf seq=0 count=1024
[mono_ns=7258340626237448][T0xea72751fcca0][WARN] copy_aicore_buffer: [chip_swimlane_collector.cpp:689] Core 30: skipped 1023 AICore record slot(s) with start_time=0 (race-window write or recycled-buffer tail). buf seq=0 count=1024
[mono_ns=7258340626356049][T0xea72749ecca0][WARN] copy_aicore_buffer: [chip_swimlane_collector.cpp:689] Core 32: skipped 1024 AICore record slot(s) with start_time=0 (race-window write or recycled-buffer tail). buf seq=0 count=1024
[mono_ns=7258340626522270][T0xea7260dcaca0][WARN] copy_aicore_buffer: [chip_swimlane_collector.cpp:689] Core 35: skipped 1024 AICore record slot(s) with start_time=0 (race-window write or recycled-buffer tail). buf seq=0 count=1024
[mono_ns=7258340626555490][T0xea72751fcca0][WARN] copy_aicore_buffer: [chip_swimlane_collector.cpp:689] Core 31: skipped 1024 AICore record slot(s) with start_time=0 (race-window write or recycled-buffer tail). buf seq=0 count=1024
[mono_ns=7258340626691801][T0xea72749ecca0][WARN] copy_aicore_buffer: [chip_swimlane_collector.cpp:689] Core 33: skipped 1024 AICore record slot(s) with start_time=0 (race-window write or recycled-buffer tail). buf seq=0 count=1024
[mono_ns=7258340626839432][T0xea7260dcaca0][WARN] copy_aicore_buffer: [chip_swimlane_collector.cpp:689] Core 8: skipped 1024 AICore record slot(s) with start_time=0 (race-window write or recycled-buffer tail). buf seq=0 count=1024
[mono_ns=7258340626873663][T0xea72751fcca0][WARN] copy_aicore_buffer: [chip_swimlane_collector.cpp:689] Core 6: skipped 1024 AICore record slot(s) with start_time=0 (race-window write or recycled-buffer tail). buf seq=0 count=1024
[mono_ns=7258340627046224][T0xea72749ecca0][WARN] copy_aicore_buffer: [chip_swimlane_collector.cpp:689] Core 7: skipped 1024 AICore record slot(s) with start_time=0 (race-window write or recycled-buffer tail). buf seq=0 count=1024
[mono_ns=7258340627172055][T0xea7260dcaca0][WARN] copy_aicore_buffer: [chip_swimlane_collector.cpp:689] Core 40: skipped 1024 AICore record slot(s) with start_time=0 (race-window write or recycled-buffer tail). buf seq=0 count=1024
[mono_ns=7258340627217345][T0xea72751fcca0][WARN] copy_aicore_buffer: [chip_swimlane_collector.cpp:689] Core 36: skipped 1024 AICore record slot(s) with start_time=0 (race-window write or recycled-buffer tail). buf seq=0 count=1024
[mono_ns=7258340627380147][T0xea72749ecca0][WARN] copy_aicore_buffer: [chip_swimlane_collector.cpp:689] Core 38: skipped 1024 AICore record slot(s) with start_time=0 (race-window write or recycled-buffer tail). buf seq=0 count=1024
[mono_ns=7258340627489437][T0xea7260dcaca0][WARN] copy_aicore_buffer: [chip_swimlane_collector.cpp:689] Core 41: skipped 1024 AICore record slot(s) with start_time=0 (race-window write or recycled-buffer tail). buf seq=0 count=1024
[mono_ns=7258340627535148][T0xea72751fcca0][WARN] copy_aicore_buffer: [chip_swimlane_collector.cpp:689] Core 37: skipped 1024 AICore record slot(s) with start_time=0 (race-window write or recycled-buffer tail). buf seq=0 count=1024
[mono_ns=7258340627713759][T0xea72749ecca0][WARN] copy_aicore_buffer: [chip_swimlane_collector.cpp:689] Core 39: skipped 1024 AICore record slot(s) with start_time=0 (race-window write or recycled-buffer tail). buf seq=0 count=1024
[mono_ns=7258340627806870][T0xea7260dcaca0][WARN] copy_aicore_buffer: [chip_swimlane_collector.cpp:689] Core 11: skipped 1024 AICore record slot(s) with start_time=0 (race-window write or recycled-buffer tail). buf seq=0 count=1024
[mono_ns=7258340627854120][T0xea72751fcca0][WARN] copy_aicore_buffer: [chip_swimlane_collector.cpp:689] Core 9: skipped 1024 AICore record slot(s) with start_time=0 (race-window write or recycled-buffer tail). buf seq=0 count=1024
[mono_ns=7258340628152412][T0xea7260dcaca0][WARN] copy_aicore_buffer: [chip_swimlane_collector.cpp:689] Core 46: skipped 1024 AICore record slot(s) with start_time=0 (race-window write or recycled-buffer tail). buf seq=0 count=1024
[mono_ns=7258340628158833][T0xea72749ecca0][WARN] copy_aicore_buffer: [chip_swimlane_collector.cpp:689] Core 10: skipped 1024 AICore record slot(s) with start_time=0 (race-window write or recycled-buffer tail). buf seq=0 count=1024
[mono_ns=7258340628183933][T0xea72751fcca0][WARN] copy_aicore_buffer: [chip_swimlane_collector.cpp:689] Core 42: skipped 1024 AICore record slot(s) with start_time=0 (race-window write or recycled-buffer tail). buf seq=0 count=1024
[mono_ns=7258340628470235][T0xea7260dcaca0][WARN] copy_aicore_buffer: [chip_swimlane_collector.cpp:689] Core 47: skipped 1024 AICore record slot(s) with start_time=0 (race-window write or recycled-buffer tail). buf seq=0 count=1024
[mono_ns=7258340628475905][T0xea72749ecca0][WARN] copy_aicore_buffer: [chip_swimlane_collector.cpp:689] Core 44: skipped 1024 AICore record slot(s) with start_time=0 (race-window write or recycled-buffer tail). buf seq=0 count=1024
[mono_ns=7258340628502435][T0xea72751fcca0][WARN] copy_aicore_buffer: [chip_swimlane_collector.cpp:689] Core 43: skipped 1024 AICore record slot(s) with start_time=0 (race-window write or recycled-buffer tail). buf seq=0 count=1024
[mono_ns=7258340628785637][T0xea7260dcaca0][WARN] copy_aicore_buffer: [chip_swimlane_collector.cpp:689] Core 14: skipped 1024 AICore record slot(s) with start_time=0 (race-window write or recycled-buffer tail). buf seq=0 count=1024
[mono_ns=7258340628792887][T0xea72749ecca0][WARN] copy_aicore_buffer: [chip_swimlane_collector.cpp:689] Core 45: skipped 1024 AICore record slot(s) with start_time=0 (race-window write or recycled-buffer tail). buf seq=0 count=1024
[mono_ns=7258340628848788][T0xea72751fcca0][WARN] copy_aicore_buffer: [chip_swimlane_collector.cpp:689] Core 12: skipped 1024 AICore record slot(s) with start_time=0 (race-window write or recycled-buffer tail). buf seq=0 count=1024
[mono_ns=7258340629107380][T0xea7260dcaca0][WARN] copy_aicore_buffer: [chip_swimlane_collector.cpp:689] Core 52: skipped 1024 AICore record slot(s) with start_time=0 (race-window write or recycled-buffer tail). buf seq=0 count=1024
[mono_ns=7258340629113990][T0xea72749ecca0][WARN] copy_aicore_buffer: [chip_swimlane_collector.cpp:689] Core 13: skipped 1024 AICore record slot(s) with start_time=0 (race-window write or recycled-buffer tail). buf seq=0 count=1024
[mono_ns=7258340629170410][T0xea72751fcca0][WARN] copy_aicore_buffer: [chip_swimlane_collector.cpp:689] Core 48: skipped 1024 AICore record slot(s) with start_time=0 (race-window write or recycled-buffer tail). buf seq=0 count=1024
[mono_ns=7258340629425602][T0xea7260dcaca0][WARN] copy_aicore_buffer: [chip_swimlane_collector.cpp:689] Core 53: skipped 1024 AICore record slot(s) with start_time=0 (race-window write or recycled-buffer tail). buf seq=0 count=1024
[mono_ns=7258340629428722][T0xea72749ecca0][WARN] copy_aicore_buffer: [chip_swimlane_collector.cpp:689] Core 50: skipped 1024 AICore record slot(s) with start_time=0 (race-window write or recycled-buffer tail). buf seq=0 count=1024
[mono_ns=7258340629487693][T0xea72751fcca0][WARN] copy_aicore_buffer: [chip_swimlane_collector.cpp:689] Core 49: skipped 1024 AICore record slot(s) with start_time=0 (race-window write or recycled-buffer tail). buf seq=0 count=1024
[mono_ns=7258340629742005][T0xea7260dcaca0][WARN] copy_aicore_buffer: [chip_swimlane_collector.cpp:689] Core 17: skipped 1024 AICore record slot(s) with start_time=0 (race-window write or recycled-buffer tail). buf seq=0 count=1024
[mono_ns=7258340629783155][T0xea72749ecca0][WARN] copy_aicore_buffer: [chip_swimlane_collector.cpp:689] Core 51: skipped 1024 AICore record slot(s) with start_time=0 (race-window write or recycled-buffer tail). buf seq=0 count=1024
[mono_ns=7258340629804365][T0xea72751fcca0][WARN] copy_aicore_buffer: [chip_swimlane_collector.cpp:689] Core 15: skipped 1024 AICore record slot(s) with start_time=0 (race-window write or recycled-buffer tail). buf seq=0 count=1024
[mono_ns=7258340630070467][T0xea7260dcaca0][WARN] copy_aicore_buffer: [chip_swimlane_collector.cpp:689] Core 58: skipped 1024 AICore record slot(s) with start_time=0 (race-window write or recycled-buffer tail). buf seq=0 count=1024
[mono_ns=7258340630117357][T0xea72749ecca0][WARN] copy_aicore_buffer: [chip_swimlane_collector.cpp:689] Core 16: skipped 1024 AICore record slot(s) with start_time=0 (race-window write or recycled-buffer tail). buf seq=0 count=1024
[mono_ns=7258340630141698][T0xea72751fcca0][WARN] copy_aicore_buffer: [chip_swimlane_collector.cpp:689] Core 54: skipped 1024 AICore record slot(s) with start_time=0 (race-window write or recycled-buffer tail). buf seq=0 count=1024
[mono_ns=7258340630387420][T0xea7260dcaca0][WARN] copy_aicore_buffer: [chip_swimlane_collector.cpp:689] Core 59: skipped 1024 AICore record slot(s) with start_time=0 (race-window write or recycled-buffer tail). buf seq=0 count=1024
[mono_ns=7258340630435020][T0xea72749ecca0][WARN] copy_aicore_buffer: [chip_swimlane_collector.cpp:689] Core 56: skipped 1024 AICore record slot(s) with start_time=0 (race-window write or recycled-buffer tail). buf seq=0 count=1024
[mono_ns=7258340630459510][T0xea72751fcca0][WARN] copy_aicore_buffer: [chip_swimlane_collector.cpp:689] Core 55: skipped 1024 AICore record slot(s) with start_time=0 (race-window write or recycled-buffer tail). buf seq=0 count=1024
[mono_ns=7258340630717322][T0xea7260dcaca0][WARN] copy_aicore_buffer: [chip_swimlane_collector.cpp:689] Core 20: skipped 1024 AICore record slot(s) with start_time=0 (race-window write or recycled-buffer tail). buf seq=0 count=1024
[mono_ns=7258340630751472][T0xea72749ecca0][WARN] copy_aicore_buffer: [chip_swimlane_collector.cpp:689] Core 57: skipped 1024 AICore record slot(s) with start_time=0 (race-window write or recycled-buffer tail). buf seq=0 count=1024
[mono_ns=7258340630776803][T0xea72751fcca0][WARN] copy_aicore_buffer: [chip_swimlane_collector.cpp:689] Core 18: skipped 1024 AICore record slot(s) with start_time=0 (race-window write or recycled-buffer tail). buf seq=0 count=1024
[mono_ns=7258340631044725][T0xea7260dcaca0][WARN] copy_aicore_buffer: [chip_swimlane_collector.cpp:689] Core 64: skipped 1024 AICore record slot(s) with start_time=0 (race-window write or recycled-buffer tail). buf seq=0 count=1024
[mono_ns=7258340631076735][T0xea72749ecca0][WARN] copy_aicore_buffer: [chip_swimlane_collector.cpp:689] Core 19: skipped 1024 AICore record slot(s) with start_time=0 (race-window write or recycled-buffer tail). buf seq=0 count=1024
[mono_ns=7258340631104435][T0xea72751fcca0][WARN] copy_aicore_buffer: [chip_swimlane_collector.cpp:689] Core 60: skipped 1024 AICore record slot(s) with start_time=0 (race-window write or recycled-buffer tail). buf seq=0 count=1024
[mono_ns=7258340631362267][T0xea7260dcaca0][WARN] copy_aicore_buffer: [chip_swimlane_collector.cpp:689] Core 65: skipped 1024 AICore record slot(s) with start_time=0 (race-window write or recycled-buffer tail). buf seq=0 count=1024
[mono_ns=7258340631421397][T0xea72751fcca0][WARN] copy_aicore_buffer: [chip_swimlane_collector.cpp:689] Core 61: skipped 1024 AICore record slot(s) with start_time=0 (race-window write or recycled-buffer tail). buf seq=0 count=1024
[mono_ns=7258340631421367][T0xea72749ecca0][WARN] copy_aicore_buffer: [chip_swimlane_collector.cpp:689] Core 62: skipped 1024 AICore record slot(s) with start_time=0 (race-window write or recycled-buffer tail). buf seq=0 count=1024
[mono_ns=7258340631680279][T0xea7260dcaca0][WARN] copy_aicore_buffer: [chip_swimlane_collector.cpp:689] Core 23: skipped 1024 AICore record slot(s) with start_time=0 (race-window write or recycled-buffer tail). buf seq=0 count=1024
[mono_ns=7258340631739240][T0xea72749ecca0][WARN] copy_aicore_buffer: [chip_swimlane_collector.cpp:689] Core 63: skipped 1024 AICore record slot(s) with start_time=0 (race-window write or recycled-buffer tail). buf seq=0 count=1024
[mono_ns=7258340631739800][T0xea72751fcca0][WARN] copy_aicore_buffer: [chip_swimlane_collector.cpp:689] Core 21: skipped 1024 AICore record slot(s) with start_time=0 (race-window write or recycled-buffer tail). buf seq=0 count=1024
[mono_ns=7258340631997212][T0xea7260dcaca0][WARN] copy_aicore_buffer: [chip_swimlane_collector.cpp:689] Core 70: skipped 1024 AICore record slot(s) with start_time=0 (race-window write or recycled-buffer tail). buf seq=0 count=1024
[mono_ns=7258340632063662][T0xea72751fcca0][WARN] copy_aicore_buffer: [chip_swimlane_collector.cpp:689] Core 66: skipped 1024 AICore record slot(s) with start_time=0 (race-window write or recycled-buffer tail). buf seq=0 count=1024
[mono_ns=7258340632065602][T0xea72749ecca0][WARN] copy_aicore_buffer: [chip_swimlane_collector.cpp:689] Core 22: skipped 1024 AICore record slot(s) with start_time=0 (race-window write or recycled-buffer tail). buf seq=0 count=1024
[mono_ns=7258340632369545][T0xea7260dcaca0][WARN] copy_aicore_buffer: [chip_swimlane_collector.cpp:689] Core 71: skipped 1024 AICore record slot(s) with start_time=0 (race-window write or recycled-buffer tail). buf seq=0 count=1024
[mono_ns=7258340632379545][T0xea72751fcca0][WARN] copy_aicore_buffer: [chip_swimlane_collector.cpp:689] Core 67: skipped 1024 AICore record slot(s) with start_time=0 (race-window write or recycled-buffer tail). buf seq=0 count=1024
[mono_ns=7258340632381755][T0xea72749ecca0][WARN] copy_aicore_buffer: [chip_swimlane_collector.cpp:689] Core 68: skipped 1024 AICore record slot(s) with start_time=0 (race-window write or recycled-buffer tail). buf seq=0 count=1024
[mono_ns=7258340632696277][T0xea72749ecca0][WARN] copy_aicore_buffer: [chip_swimlane_collector.cpp:689] Core 69: skipped 1024 AICore record slot(s) with start_time=0 (race-window write or recycled-buffer tail). buf seq=0 count=1024
[mono_ns=7258340733340975][T0xea73bdab9020][TIMING] emit_host_span: [STRACE] v=1 pid=3002038 tid=3002038 inv=14 hid=6ccca4d8c4e91962 depth=1 name=chip.run.runner_run ts=7258340604838535 dur=128488190 
[mono_ns=7258340736019835][T0xea73bdab9020][TIMING] emit_host_span: [STRACE] v=1 pid=3002038 tid=3002038 inv=14 hid=6ccca4d8c4e91962 depth=1 name=chip.run.validate ts=7258340733359225 dur=2653930 
[mono_ns=7258340736045635][T0xea73bdab9020][TIMING] emit_host_span: [STRACE] v=1 pid=3002038 tid=3002038 inv=14 hid=6ccca4d8c4e91962 depth=2 name=chip.run.runner_run.device_wall ts=0 dur=19529100 clk=dev
[mono_ns=7258340736052126][T0xea73bdab9020][TIMING] emit_host_span: [STRACE] v=1 pid=3002038 tid=3002038 inv=14 hid=6ccca4d8c4e91962 depth=3 name=chip.run.runner_run.device_wall.preamble ts=0 dur=618000 clk=dev
[mono_ns=7258340736056526][T0xea73bdab9020][TIMING] emit_host_span: [STRACE] v=1 pid=3002038 tid=3002038 inv=14 hid=6ccca4d8c4e91962 depth=3 name=chip.run.runner_run.device_wall.graph_build ts=613140 dur=18905900 clk=dev
[mono_ns=7258340736059976][T0xea73bdab9020][TIMING] emit_host_span: [STRACE] v=1 pid=3002038 tid=3002038 inv=14 hid=6ccca4d8c4e91962 depth=3 name=chip.run.runner_run.device_wall.config_validate ts=613220 dur=760 clk=dev
[mono_ns=7258340736063366][T0xea73bdab9020][TIMING] emit_host_span: [STRACE] v=1 pid=3002038 tid=3002038 inv=14 hid=6ccca4d8c4e91962 depth=3 name=chip.run.runner_run.device_wall.arena_wire ts=614000 dur=260 clk=dev
[mono_ns=7258340736066506][T0xea73bdab9020][TIMING] emit_host_span: [STRACE] v=1 pid=3002038 tid=3002038 inv=14 hid=6ccca4d8c4e91962 depth=3 name=chip.run.runner_run.device_wall.sm_reset ts=614300 dur=1340 clk=dev
[mono_ns=7258340736070766][T0xea73bdab9020][TIMING] emit_host_span: [STRACE] v=1 pid=3002038 tid=3002038 inv=14 hid=6ccca4d8c4e91962 depth=3 name=chip.run.runner_run.device_wall.post_orch ts=19519080 dur=9920 clk=dev
[mono_ns=7258340736075056][T0xea73bdab9020][TIMING] emit_host_span: [STRACE] v=1 pid=3002038 tid=3002038 inv=14 hid=6ccca4d8c4e91962 depth=3 name=chip.run.runner_run.device_wall.orch ts=615680 dur=3760 clk=dev
[mono_ns=7258340736138986][T0xea73bdab9020][TIMING] emit_host_span: [STRACE] v=1 pid=3002038 tid=3002038 inv=14 hid=6ccca4d8c4e91962 depth=3 name=chip.run.runner_run.device_wall.sched ts=618120 dur=18883600 clk=dev
[mono_ns=7258340736144146][T0xea73bdab9020][TIMING] emit_host_span: [STRACE] v=1 pid=3002038 tid=3002038 inv=14 hid=6ccca4d8c4e91962 depth=1 name=chip.run.claim_release ts=7258340736141756 dur=560 
[mono_ns=7258340736149996][T0xea73bdab9020][TIMING] emit_host_span: [STRACE] v=1 pid=3002038 tid=3002038 inv=14 hid=6ccca4d8c4e91962 depth=0 name=chip.run ts=7258340602258945 dur=133888901 run_id=14 dispatch_id=14 slot_id=0 generation=14 run_epoch=14
[mono_ns=7258345537592978][T0xea73bdab9020][TIMING] emit_host_span: [STRACE] v=1 pid=3002038 tid=3002038 inv=15 hid=6ccca4d8c4e91962 depth=2 name=chip.run.bind.args ts=7258345535300031 dur=2283637 
[mono_ns=7258345537613928][T0xea73bdab9020][TIMING] emit_host_span: [STRACE] v=1 pid=3002038 tid=3002038 inv=15 hid=6ccca4d8c4e91962 depth=2 name=chip.run.bind.prebuilt ts=7258345537607978 dur=3360 
[mono_ns=7258345537619138][T0xea73bdab9020][TIMING] emit_host_span: [STRACE] v=1 pid=3002038 tid=3002038 inv=15 hid=6ccca4d8c4e91962 depth=1 name=chip.run.bind ts=7258345535290651 dur=2326257 
[mono_ns=7258345642480927][T0xea73bdab9020][TIMING] emit_host_span: [STRACE] v=1 pid=3002038 tid=3002038 inv=15 hid=6ccca4d8c4e91962 depth=1 name=chip.run.runner_run ts=7258345538098582 dur=104370345 
[mono_ns=7258345644142610][T0xea73bdab9020][TIMING] emit_host_span: [STRACE] v=1 pid=3002038 tid=3002038 inv=15 hid=6ccca4d8c4e91962 depth=1 name=chip.run.validate ts=7258345642569638 dur=1566452 
[mono_ns=7258345644158030][T0xea73bdab9020][TIMING] emit_host_span: [STRACE] v=1 pid=3002038 tid=3002038 inv=15 hid=6ccca4d8c4e91962 depth=2 name=chip.run.runner_run.device_wall ts=0 dur=18609620 clk=dev
[mono_ns=7258345644162800][T0xea73bdab9020][TIMING] emit_host_span: [STRACE] v=1 pid=3002038 tid=3002038 inv=15 hid=6ccca4d8c4e91962 depth=3 name=chip.run.runner_run.device_wall.preamble ts=0 dur=10879 clk=dev
[mono_ns=7258345644167470][T0xea73bdab9020][TIMING] emit_host_span: [STRACE] v=1 pid=3002038 tid=3002038 inv=15 hid=6ccca4d8c4e91962 depth=3 name=chip.run.runner_run.device_wall.graph_build ts=2440 dur=18595739 clk=dev
[mono_ns=7258345644170680][T0xea73bdab9020][TIMING] emit_host_span: [STRACE] v=1 pid=3002038 tid=3002038 inv=15 hid=6ccca4d8c4e91962 depth=3 name=chip.run.runner_run.device_wall.config_validate ts=2620 dur=1040 clk=dev
[mono_ns=7258345644173830][T0xea73bdab9020][TIMING] emit_host_span: [STRACE] v=1 pid=3002038 tid=3002038 inv=15 hid=6ccca4d8c4e91962 depth=3 name=chip.run.runner_run.device_wall.arena_wire ts=3679 dur=540 clk=dev
[mono_ns=7258345644177720][T0xea73bdab9020][TIMING] emit_host_span: [STRACE] v=1 pid=3002038 tid=3002038 inv=15 hid=6ccca4d8c4e91962 depth=3 name=chip.run.runner_run.device_wall.sm_reset ts=4240 dur=2240 clk=dev
[mono_ns=7258345644181770][T0xea73bdab9020][TIMING] emit_host_span: [STRACE] v=1 pid=3002038 tid=3002038 inv=15 hid=6ccca4d8c4e91962 depth=3 name=chip.run.runner_run.device_wall.post_orch ts=18598239 dur=11140 clk=dev
[mono_ns=7258345644223150][T0xea73bdab9020][TIMING] emit_host_span: [STRACE] v=1 pid=3002038 tid=3002038 inv=15 hid=6ccca4d8c4e91962 depth=3 name=chip.run.runner_run.device_wall.orch ts=7720 dur=10500 clk=dev
[mono_ns=7258345644227380][T0xea73bdab9020][TIMING] emit_host_span: [STRACE] v=1 pid=3002038 tid=3002038 inv=15 hid=6ccca4d8c4e91962 depth=3 name=chip.run.runner_run.device_wall.sched ts=11080 dur=18578720 clk=dev
[mono_ns=7258345644233440][T0xea73bdab9020][TIMING] emit_host_span: [STRACE] v=1 pid=3002038 tid=3002038 inv=15 hid=6ccca4d8c4e91962 depth=1 name=chip.run.claim_release ts=7258345644230880 dur=710 
[mono_ns=7258345644239700][T0xea73bdab9020][TIMING] emit_host_span: [STRACE] v=1 pid=3002038 tid=3002038 inv=15 hid=6ccca4d8c4e91962 depth=0 name=chip.run ts=7258345535225040 dur=109012620 run_id=15 dispatch_id=15 slot_id=0 generation=15 run_epoch=15
[mono_ns=7258345654223376][T0xea73bdab9020][TIMING] emit_host_span: [STRACE] v=1 pid=3002038 tid=3002038 inv=16 hid=6ccca4d8c4e91962 depth=2 name=chip.run.bind.args ts=7258345652446763 dur=1770023 
[mono_ns=7258345654243617][T0xea73bdab9020][TIMING] emit_host_span: [STRACE] v=1 pid=3002038 tid=3002038 inv=16 hid=6ccca4d8c4e91962 depth=2 name=chip.run.bind.prebuilt ts=7258345654238507 dur=2670 
[mono_ns=7258345654248717][T0xea73bdab9020][TIMING] emit_host_span: [STRACE] v=1 pid=3002038 tid=3002038 inv=16 hid=6ccca4d8c4e91962 depth=1 name=chip.run.bind ts=7258345652437783 dur=1808464 
[mono_ns=7258345674195579][T0xea7260dcaca0][WARN] copy_aicore_buffer: [chip_swimlane_collector.cpp:689] Core 2: skipped 1024 AICore record slot(s) with start_time=0 (race-window write or recycled-buffer tail). buf seq=0 count=1024
[mono_ns=7258345674220539][T0xea72751fcca0][WARN] copy_aicore_buffer: [chip_swimlane_collector.cpp:689] Core 0: skipped 1024 AICore record slot(s) with start_time=0 (race-window write or recycled-buffer tail). buf seq=0 count=1024
[mono_ns=7258345674240989][T0xea72749ecca0][WARN] copy_aicore_buffer: [chip_swimlane_collector.cpp:689] Core 1: skipped 1024 AICore record slot(s) with start_time=0 (race-window write or recycled-buffer tail). buf seq=0 count=1024
[mono_ns=7258345674539201][T0xea7260dcaca0][WARN] copy_aicore_buffer: [chip_swimlane_collector.cpp:689] Core 28: skipped 1024 AICore record slot(s) with start_time=0 (race-window write or recycled-buffer tail). buf seq=0 count=1024
[mono_ns=7258345674542401][T0xea72751fcca0][WARN] copy_aicore_buffer: [chip_swimlane_collector.cpp:689] Core 24: skipped 1023 AICore record slot(s) with start_time=0 (race-window write or recycled-buffer tail). buf seq=0 count=1024
[mono_ns=7258345674566451][T0xea72749ecca0][WARN] copy_aicore_buffer: [chip_swimlane_collector.cpp:689] Core 26: skipped 1022 AICore record slot(s) with start_time=0 (race-window write or recycled-buffer tail). buf seq=0 count=1024
[mono_ns=7258345674855354][T0xea7260dcaca0][WARN] copy_aicore_buffer: [chip_swimlane_collector.cpp:689] Core 29: skipped 1024 AICore record slot(s) with start_time=0 (race-window write or recycled-buffer tail). buf seq=0 count=1024
[mono_ns=7258345674858074][T0xea72751fcca0][WARN] copy_aicore_buffer: [chip_swimlane_collector.cpp:689] Core 25: skipped 1024 AICore record slot(s) with start_time=0 (race-window write or recycled-buffer tail). buf seq=0 count=1024
[mono_ns=7258345674889944][T0xea72749ecca0][WARN] copy_aicore_buffer: [chip_swimlane_collector.cpp:689] Core 27: skipped 1023 AICore record slot(s) with start_time=0 (race-window write or recycled-buffer tail). buf seq=0 count=1024
[mono_ns=7258345675198466][T0xea72751fcca0][WARN] copy_aicore_buffer: [chip_swimlane_collector.cpp:689] Core 3: skipped 1024 AICore record slot(s) with start_time=0 (race-window write or recycled-buffer tail). buf seq=0 count=1024
[mono_ns=7258345675198536][T0xea7260dcaca0][WARN] copy_aicore_buffer: [chip_swimlane_collector.cpp:689] Core 5: skipped 1024 AICore record slot(s) with start_time=0 (race-window write or recycled-buffer tail). buf seq=0 count=1024
[mono_ns=7258345675261727][T0xea72749ecca0][WARN] copy_aicore_buffer: [chip_swimlane_collector.cpp:689] Core 4: skipped 1024 AICore record slot(s) with start_time=0 (race-window write or recycled-buffer tail). buf seq=0 count=1024
[mono_ns=7258345675514879][T0xea72751fcca0][WARN] copy_aicore_buffer: [chip_swimlane_collector.cpp:689] Core 30: skipped 1024 AICore record slot(s) with start_time=0 (race-window write or recycled-buffer tail). buf seq=0 count=1024
[mono_ns=7258345675515229][T0xea7260dcaca0][WARN] copy_aicore_buffer: [chip_swimlane_collector.cpp:689] Core 34: skipped 1024 AICore record slot(s) with start_time=0 (race-window write or recycled-buffer tail). buf seq=0 count=1024
[mono_ns=7258345675582289][T0xea72749ecca0][WARN] copy_aicore_buffer: [chip_swimlane_collector.cpp:689] Core 32: skipped 1024 AICore record slot(s) with start_time=0 (race-window write or recycled-buffer tail). buf seq=0 count=1024
[mono_ns=7258345675831181][T0xea72751fcca0][WARN] copy_aicore_buffer: [chip_swimlane_collector.cpp:689] Core 31: skipped 1024 AICore record slot(s) with start_time=0 (race-window write or recycled-buffer tail). buf seq=0 count=1024
[mono_ns=7258345675833271][T0xea7260dcaca0][WARN] copy_aicore_buffer: [chip_swimlane_collector.cpp:689] Core 35: skipped 1022 AICore record slot(s) with start_time=0 (race-window write or recycled-buffer tail). buf seq=0 count=1024
[mono_ns=7258345675901882][T0xea72749ecca0][WARN] copy_aicore_buffer: [chip_swimlane_collector.cpp:689] Core 33: skipped 1024 AICore record slot(s) with start_time=0 (race-window write or recycled-buffer tail). buf seq=0 count=1024
[mono_ns=7258345676168884][T0xea7260dcaca0][WARN] copy_aicore_buffer: [chip_swimlane_collector.cpp:689] Core 8: skipped 1024 AICore record slot(s) with start_time=0 (race-window write or recycled-buffer tail). buf seq=0 count=1024
[mono_ns=7258345676199004][T0xea72751fcca0][WARN] copy_aicore_buffer: [chip_swimlane_collector.cpp:689] Core 6: skipped 1024 AICore record slot(s) with start_time=0 (race-window write or recycled-buffer tail). buf seq=0 count=1024
[mono_ns=7258345676232254][T0xea72749ecca0][WARN] copy_aicore_buffer: [chip_swimlane_collector.cpp:689] Core 7: skipped 1024 AICore record slot(s) with start_time=0 (race-window write or recycled-buffer tail). buf seq=0 count=1024
[mono_ns=7258345676486216][T0xea7260dcaca0][WARN] copy_aicore_buffer: [chip_swimlane_collector.cpp:689] Core 40: skipped 1024 AICore record slot(s) with start_time=0 (race-window write or recycled-buffer tail). buf seq=0 count=1024
[mono_ns=7258345676516006][T0xea72751fcca0][WARN] copy_aicore_buffer: [chip_swimlane_collector.cpp:689] Core 36: skipped 1024 AICore record slot(s) with start_time=0 (race-window write or recycled-buffer tail). buf seq=0 count=1024
[mono_ns=7258345676551156][T0xea72749ecca0][WARN] copy_aicore_buffer: [chip_swimlane_collector.cpp:689] Core 38: skipped 1024 AICore record slot(s) with start_time=0 (race-window write or recycled-buffer tail). buf seq=0 count=1024
[mono_ns=7258345676803468][T0xea7260dcaca0][WARN] copy_aicore_buffer: [chip_swimlane_collector.cpp:689] Core 41: skipped 1024 AICore record slot(s) with start_time=0 (race-window write or recycled-buffer tail). buf seq=0 count=1024
[mono_ns=7258345676832369][T0xea72751fcca0][WARN] copy_aicore_buffer: [chip_swimlane_collector.cpp:689] Core 37: skipped 1024 AICore record slot(s) with start_time=0 (race-window write or recycled-buffer tail). buf seq=0 count=1024
[mono_ns=7258345676904679][T0xea72749ecca0][WARN] copy_aicore_buffer: [chip_swimlane_collector.cpp:689] Core 39: skipped 1024 AICore record slot(s) with start_time=0 (race-window write or recycled-buffer tail). buf seq=0 count=1024
[mono_ns=7258345677141131][T0xea7260dcaca0][WARN] copy_aicore_buffer: [chip_swimlane_collector.cpp:689] Core 11: skipped 1024 AICore record slot(s) with start_time=0 (race-window write or recycled-buffer tail). buf seq=0 count=1024
[mono_ns=7258345677170251][T0xea72751fcca0][WARN] copy_aicore_buffer: [chip_swimlane_collector.cpp:689] Core 9: skipped 1024 AICore record slot(s) with start_time=0 (race-window write or recycled-buffer tail). buf seq=0 count=1024
[mono_ns=7258345677239052][T0xea72749ecca0][WARN] copy_aicore_buffer: [chip_swimlane_collector.cpp:689] Core 10: skipped 1024 AICore record slot(s) with start_time=0 (race-window write or recycled-buffer tail). buf seq=0 count=1024
[mono_ns=7258345677458933][T0xea7260dcaca0][WARN] copy_aicore_buffer: [chip_swimlane_collector.cpp:689] Core 46: skipped 1024 AICore record slot(s) with start_time=0 (race-window write or recycled-buffer tail). buf seq=0 count=1024
[mono_ns=7258345677486124][T0xea72751fcca0][WARN] copy_aicore_buffer: [chip_swimlane_collector.cpp:689] Core 42: skipped 1024 AICore record slot(s) with start_time=0 (race-window write or recycled-buffer tail). buf seq=0 count=1024
[mono_ns=7258345677557994][T0xea72749ecca0][WARN] copy_aicore_buffer: [chip_swimlane_collector.cpp:689] Core 44: skipped 1024 AICore record slot(s) with start_time=0 (race-window write or recycled-buffer tail). buf seq=0 count=1024
[mono_ns=7258345677774456][T0xea7260dcaca0][WARN] copy_aicore_buffer: [chip_swimlane_collector.cpp:689] Core 47: skipped 1024 AICore record slot(s) with start_time=0 (race-window write or recycled-buffer tail). buf seq=0 count=1024
[mono_ns=7258345677810726][T0xea72751fcca0][WARN] copy_aicore_buffer: [chip_swimlane_collector.cpp:689] Core 43: skipped 1024 AICore record slot(s) with start_time=0 (race-window write or recycled-buffer tail). buf seq=0 count=1024
[mono_ns=7258345677880197][T0xea72749ecca0][WARN] copy_aicore_buffer: [chip_swimlane_collector.cpp:689] Core 45: skipped 1024 AICore record slot(s) with start_time=0 (race-window write or recycled-buffer tail). buf seq=0 count=1024
[mono_ns=7258345678106188][T0xea7260dcaca0][WARN] copy_aicore_buffer: [chip_swimlane_collector.cpp:689] Core 14: skipped 1024 AICore record slot(s) with start_time=0 (race-window write or recycled-buffer tail). buf seq=0 count=1024
[mono_ns=7258345678143869][T0xea72751fcca0][WARN] copy_aicore_buffer: [chip_swimlane_collector.cpp:689] Core 12: skipped 1024 AICore record slot(s) with start_time=0 (race-window write or recycled-buffer tail). buf seq=0 count=1024
[mono_ns=7258345678212119][T0xea72749ecca0][WARN] copy_aicore_buffer: [chip_swimlane_collector.cpp:689] Core 13: skipped 1024 AICore record slot(s) with start_time=0 (race-window write or recycled-buffer tail). buf seq=0 count=1024
[mono_ns=7258345678422161][T0xea7260dcaca0][WARN] copy_aicore_buffer: [chip_swimlane_collector.cpp:689] Core 52: skipped 1024 AICore record slot(s) with start_time=0 (race-window write or recycled-buffer tail). buf seq=0 count=1024
[mono_ns=7258345678459701][T0xea72751fcca0][WARN] copy_aicore_buffer: [chip_swimlane_collector.cpp:689] Core 48: skipped 1024 AICore record slot(s) with start_time=0 (race-window write or recycled-buffer tail). buf seq=0 count=1024
[mono_ns=7258345678529482][T0xea72749ecca0][WARN] copy_aicore_buffer: [chip_swimlane_collector.cpp:689] Core 50: skipped 1024 AICore record slot(s) with start_time=0 (race-window write or recycled-buffer tail). buf seq=0 count=1024
[mono_ns=7258345678748783][T0xea7260dcaca0][WARN] copy_aicore_buffer: [chip_swimlane_collector.cpp:689] Core 53: skipped 1024 AICore record slot(s) with start_time=0 (race-window write or recycled-buffer tail). buf seq=0 count=1024
[mono_ns=7258345678773973][T0xea72751fcca0][WARN] copy_aicore_buffer: [chip_swimlane_collector.cpp:689] Core 49: skipped 1024 AICore record slot(s) with start_time=0 (race-window write or recycled-buffer tail). buf seq=0 count=1024
[mono_ns=7258345678848744][T0xea72749ecca0][WARN] copy_aicore_buffer: [chip_swimlane_collector.cpp:689] Core 51: skipped 1024 AICore record slot(s) with start_time=0 (race-window write or recycled-buffer tail). buf seq=0 count=1024
[mono_ns=7258345679073316][T0xea7260dcaca0][WARN] copy_aicore_buffer: [chip_swimlane_collector.cpp:689] Core 17: skipped 1024 AICore record slot(s) with start_time=0 (race-window write or recycled-buffer tail). buf seq=0 count=1024
[mono_ns=7258345679098946][T0xea72751fcca0][WARN] copy_aicore_buffer: [chip_swimlane_collector.cpp:689] Core 15: skipped 1024 AICore record slot(s) with start_time=0 (race-window write or recycled-buffer tail). buf seq=0 count=1024
[mono_ns=7258345679176936][T0xea72749ecca0][WARN] copy_aicore_buffer: [chip_swimlane_collector.cpp:689] Core 16: skipped 1024 AICore record slot(s) with start_time=0 (race-window write or recycled-buffer tail). buf seq=0 count=1024
[mono_ns=7258345679389558][T0xea7260dcaca0][WARN] copy_aicore_buffer: [chip_swimlane_collector.cpp:689] Core 58: skipped 1024 AICore record slot(s) with start_time=0 (race-window write or recycled-buffer tail). buf seq=0 count=1024
[mono_ns=7258345679444428][T0xea72751fcca0][WARN] copy_aicore_buffer: [chip_swimlane_collector.cpp:689] Core 54: skipped 1024 AICore record slot(s) with start_time=0 (race-window write or recycled-buffer tail). buf seq=0 count=1024
[mono_ns=7258345679495309][T0xea72749ecca0][WARN] copy_aicore_buffer: [chip_swimlane_collector.cpp:689] Core 56: skipped 1024 AICore record slot(s) with start_time=0 (race-window write or recycled-buffer tail). buf seq=0 count=1024
[mono_ns=7258345679705190][T0xea7260dcaca0][WARN] copy_aicore_buffer: [chip_swimlane_collector.cpp:689] Core 59: skipped 1024 AICore record slot(s) with start_time=0 (race-window write or recycled-buffer tail). buf seq=0 count=1024
[mono_ns=7258345679759061][T0xea72751fcca0][WARN] copy_aicore_buffer: [chip_swimlane_collector.cpp:689] Core 55: skipped 1024 AICore record slot(s) with start_time=0 (race-window write or recycled-buffer tail). buf seq=0 count=1024
[mono_ns=7258345679813261][T0xea72749ecca0][WARN] copy_aicore_buffer: [chip_swimlane_collector.cpp:689] Core 57: skipped 1024 AICore record slot(s) with start_time=0 (race-window write or recycled-buffer tail). buf seq=0 count=1024
[mono_ns=7258345680038803][T0xea7260dcaca0][WARN] copy_aicore_buffer: [chip_swimlane_collector.cpp:689] Core 20: skipped 1024 AICore record slot(s) with start_time=0 (race-window write or recycled-buffer tail). buf seq=0 count=1024
[mono_ns=7258345680092343][T0xea72751fcca0][WARN] copy_aicore_buffer: [chip_swimlane_collector.cpp:689] Core 18: skipped 1024 AICore record slot(s) with start_time=0 (race-window write or recycled-buffer tail). buf seq=0 count=1024
[mono_ns=7258345680150964][T0xea72749ecca0][WARN] copy_aicore_buffer: [chip_swimlane_collector.cpp:689] Core 19: skipped 1024 AICore record slot(s) with start_time=0 (race-window write or recycled-buffer tail). buf seq=0 count=1024
[mono_ns=7258345680386086][T0xea7260dcaca0][WARN] copy_aicore_buffer: [chip_swimlane_collector.cpp:689] Core 64: skipped 1024 AICore record slot(s) with start_time=0 (race-window write or recycled-buffer tail). buf seq=0 count=1024
[mono_ns=7258345680406736][T0xea72751fcca0][WARN] copy_aicore_buffer: [chip_swimlane_collector.cpp:689] Core 60: skipped 1024 AICore record slot(s) with start_time=0 (race-window write or recycled-buffer tail). buf seq=0 count=1024
[mono_ns=7258345680469926][T0xea72749ecca0][WARN] copy_aicore_buffer: [chip_swimlane_collector.cpp:689] Core 62: skipped 1024 AICore record slot(s) with start_time=0 (race-window write or recycled-buffer tail). buf seq=0 count=1024
[mono_ns=7258345680702978][T0xea7260dcaca0][WARN] copy_aicore_buffer: [chip_swimlane_collector.cpp:689] Core 65: skipped 1024 AICore record slot(s) with start_time=0 (race-window write or recycled-buffer tail). buf seq=0 count=1024
[mono_ns=7258345680721898][T0xea72751fcca0][WARN] copy_aicore_buffer: [chip_swimlane_collector.cpp:689] Core 61: skipped 1024 AICore record slot(s) with start_time=0 (race-window write or recycled-buffer tail). buf seq=0 count=1024
[mono_ns=7258345680789059][T0xea72749ecca0][WARN] copy_aicore_buffer: [chip_swimlane_collector.cpp:689] Core 63: skipped 1024 AICore record slot(s) with start_time=0 (race-window write or recycled-buffer tail). buf seq=0 count=1024
[mono_ns=7258345681047991][T0xea72751fcca0][WARN] copy_aicore_buffer: [chip_swimlane_collector.cpp:689] Core 21: skipped 1024 AICore record slot(s) with start_time=0 (race-window write or recycled-buffer tail). buf seq=0 count=1024
[mono_ns=7258345681069891][T0xea7260dcaca0][WARN] copy_aicore_buffer: [chip_swimlane_collector.cpp:689] Core 23: skipped 1024 AICore record slot(s) with start_time=0 (race-window write or recycled-buffer tail). buf seq=0 count=1024
[mono_ns=7258345681126221][T0xea72749ecca0][WARN] copy_aicore_buffer: [chip_swimlane_collector.cpp:689] Core 22: skipped 1024 AICore record slot(s) with start_time=0 (race-window write or recycled-buffer tail). buf seq=0 count=1024
[mono_ns=7258345681365603][T0xea72751fcca0][WARN] copy_aicore_buffer: [chip_swimlane_collector.cpp:689] Core 66: skipped 1024 AICore record slot(s) with start_time=0 (race-window write or recycled-buffer tail). buf seq=0 count=1024
[mono_ns=7258345681385873][T0xea7260dcaca0][WARN] copy_aicore_buffer: [chip_swimlane_collector.cpp:689] Core 70: skipped 1024 AICore record slot(s) with start_time=0 (race-window write or recycled-buffer tail). buf seq=0 count=1024
[mono_ns=7258345681444394][T0xea72749ecca0][WARN] copy_aicore_buffer: [chip_swimlane_collector.cpp:689] Core 68: skipped 1024 AICore record slot(s) with start_time=0 (race-window write or recycled-buffer tail). buf seq=0 count=1024
[mono_ns=7258345681682286][T0xea72751fcca0][WARN] copy_aicore_buffer: [chip_swimlane_collector.cpp:689] Core 67: skipped 1024 AICore record slot(s) with start_time=0 (race-window write or recycled-buffer tail). buf seq=0 count=1024
[mono_ns=7258345681702596][T0xea7260dcaca0][WARN] copy_aicore_buffer: [chip_swimlane_collector.cpp:689] Core 71: skipped 1024 AICore record slot(s) with start_time=0 (race-window write or recycled-buffer tail). buf seq=0 count=1024
[mono_ns=7258345681763016][T0xea72749ecca0][WARN] copy_aicore_buffer: [chip_swimlane_collector.cpp:689] Core 69: skipped 1024 AICore record slot(s) with start_time=0 (race-window write or recycled-buffer tail). buf seq=0 count=1024
[mono_ns=7258345782412313][T0xea73bdab9020][TIMING] emit_host_span: [STRACE] v=1 pid=3002038 tid=3002038 inv=16 hid=6ccca4d8c4e91962 depth=1 name=chip.run.runner_run ts=7258345654555049 dur=127844564 
[mono_ns=7258345784464768][T0xea73bdab9020][TIMING] emit_host_span: [STRACE] v=1 pid=3002038 tid=3002038 inv=16 hid=6ccca4d8c4e91962 depth=1 name=chip.run.validate ts=7258345782430643 dur=2027205 
[mono_ns=7258345784480218][T0xea73bdab9020][TIMING] emit_host_span: [STRACE] v=1 pid=3002038 tid=3002038 inv=16 hid=6ccca4d8c4e91962 depth=2 name=chip.run.runner_run.device_wall ts=0 dur=19140100 clk=dev
[mono_ns=7258345784485149][T0xea73bdab9020][TIMING] emit_host_span: [STRACE] v=1 pid=3002038 tid=3002038 inv=16 hid=6ccca4d8c4e91962 depth=3 name=chip.run.runner_run.device_wall.preamble ts=0 dur=639660 clk=dev
[mono_ns=7258345784490139][T0xea73bdab9020][TIMING] emit_host_span: [STRACE] v=1 pid=3002038 tid=3002038 inv=16 hid=6ccca4d8c4e91962 depth=3 name=chip.run.runner_run.device_wall.graph_build ts=635640 dur=18494480 clk=dev
[mono_ns=7258345784493769][T0xea73bdab9020][TIMING] emit_host_span: [STRACE] v=1 pid=3002038 tid=3002038 inv=16 hid=6ccca4d8c4e91962 depth=3 name=chip.run.runner_run.device_wall.config_validate ts=635800 dur=700 clk=dev
[mono_ns=7258345784497379][T0xea73bdab9020][TIMING] emit_host_span: [STRACE] v=1 pid=3002038 tid=3002038 inv=16 hid=6ccca4d8c4e91962 depth=3 name=chip.run.runner_run.device_wall.arena_wire ts=636540 dur=300 clk=dev
[mono_ns=7258345784542019][T0xea73bdab9020][TIMING] emit_host_span: [STRACE] v=1 pid=3002038 tid=3002038 inv=16 hid=6ccca4d8c4e91962 depth=3 name=chip.run.runner_run.device_wall.sm_reset ts=636860 dur=1040 clk=dev
[mono_ns=7258345784546279][T0xea73bdab9020][TIMING] emit_host_span: [STRACE] v=1 pid=3002038 tid=3002038 inv=16 hid=6ccca4d8c4e91962 depth=3 name=chip.run.runner_run.device_wall.post_orch ts=19130180 dur=9799 clk=dev
[mono_ns=7258345784551249][T0xea73bdab9020][TIMING] emit_host_span: [STRACE] v=1 pid=3002038 tid=3002038 inv=16 hid=6ccca4d8c4e91962 depth=3 name=chip.run.runner_run.device_wall.orch ts=637960 dur=3719 clk=dev
[mono_ns=7258345784555299][T0xea73bdab9020][TIMING] emit_host_span: [STRACE] v=1 pid=3002038 tid=3002038 inv=16 hid=6ccca4d8c4e91962 depth=3 name=chip.run.runner_run.device_wall.sched ts=639760 dur=18472280 clk=dev
[mono_ns=7258345784561399][T0xea73bdab9020][TIMING] emit_host_span: [STRACE] v=1 pid=3002038 tid=3002038 inv=16 hid=6ccca4d8c4e91962 depth=1 name=chip.run.claim_release ts=7258345784558649 dur=860 
[mono_ns=7258345784566999][T0xea73bdab9020][TIMING] emit_host_span: [STRACE] v=1 pid=3002038 tid=3002038 inv=16 hid=6ccca4d8c4e91962 depth=0 name=chip.run ts=7258345652395302 dur=132169537 run_id=16 dispatch_id=16 slot_id=0 generation=16 run_epoch=16
[mono_ns=7258350589549953][T0xea73bdab9020][TIMING] emit_host_span: [STRACE] v=1 pid=3002038 tid=3002038 inv=17 hid=6ccca4d8c4e91962 depth=2 name=chip.run.bind.args ts=7258350586497580 dur=3043723 
[mono_ns=7258350589645994][T0xea73bdab9020][TIMING] emit_host_span: [STRACE] v=1 pid=3002038 tid=3002038 inv=17 hid=6ccca4d8c4e91962 depth=2 name=chip.run.bind.prebuilt ts=7258350589638944 dur=3300 
[mono_ns=7258350589651194][T0xea73bdab9020][TIMING] emit_host_span: [STRACE] v=1 pid=3002038 tid=3002038 inv=17 hid=6ccca4d8c4e91962 depth=1 name=chip.run.bind ts=7258350586487710 dur=3161234 
[mono_ns=7258350694374230][T0xea73bdab9020][TIMING] emit_host_span: [STRACE] v=1 pid=3002038 tid=3002038 inv=17 hid=6ccca4d8c4e91962 depth=1 name=chip.run.runner_run ts=7258350589920446 dur=104438134 
[mono_ns=7258350695918322][T0xea73bdab9020][TIMING] emit_host_span: [STRACE] v=1 pid=3002038 tid=3002038 inv=17 hid=6ccca4d8c4e91962 depth=1 name=chip.run.validate ts=7258350694392301 dur=1519481 
[mono_ns=7258350695933392][T0xea73bdab9020][TIMING] emit_host_span: [STRACE] v=1 pid=3002038 tid=3002038 inv=17 hid=6ccca4d8c4e91962 depth=2 name=chip.run.runner_run.device_wall ts=0 dur=18413180 clk=dev
[mono_ns=7258350695938282][T0xea73bdab9020][TIMING] emit_host_span: [STRACE] v=1 pid=3002038 tid=3002038 inv=17 hid=6ccca4d8c4e91962 depth=3 name=chip.run.runner_run.device_wall.preamble ts=0 dur=6880 clk=dev
[mono_ns=7258350695943162][T0xea73bdab9020][TIMING] emit_host_span: [STRACE] v=1 pid=3002038 tid=3002038 inv=17 hid=6ccca4d8c4e91962 depth=3 name=chip.run.runner_run.device_wall.graph_build ts=1680 dur=18400219 clk=dev
[mono_ns=7258350695946402][T0xea73bdab9020][TIMING] emit_host_span: [STRACE] v=1 pid=3002038 tid=3002038 inv=17 hid=6ccca4d8c4e91962 depth=3 name=chip.run.runner_run.device_wall.config_validate ts=2200 dur=919 clk=dev
[mono_ns=7258350696049313][T0xea73bdab9020][TIMING] emit_host_span: [STRACE] v=1 pid=3002038 tid=3002038 inv=17 hid=6ccca4d8c4e91962 depth=3 name=chip.run.runner_run.device_wall.arena_wire ts=3140 dur=1060 clk=dev
[mono_ns=7258350696054363][T0xea73bdab9020][TIMING] emit_host_span: [STRACE] v=1 pid=3002038 tid=3002038 inv=17 hid=6ccca4d8c4e91962 depth=3 name=chip.run.runner_run.device_wall.sm_reset ts=4220 dur=2520 clk=dev
[mono_ns=7258350696058443][T0xea73bdab9020][TIMING] emit_host_span: [STRACE] v=1 pid=3002038 tid=3002038 inv=17 hid=6ccca4d8c4e91962 depth=3 name=chip.run.runner_run.device_wall.post_orch ts=18401980 dur=11080 clk=dev
[mono_ns=7258350696061293][T0xea73bdab9020][TIMING] emit_host_span: [STRACE] v=1 pid=3002038 tid=3002038 inv=17 hid=6ccca4d8c4e91962 depth=3 name=chip.run.runner_run.device_wall.orch ts=7640 dur=8940 clk=dev
[mono_ns=7258350696064173][T0xea73bdab9020][TIMING] emit_host_span: [STRACE] v=1 pid=3002038 tid=3002038 inv=17 hid=6ccca4d8c4e91962 depth=3 name=chip.run.runner_run.device_wall.sched ts=7060 dur=18386420 clk=dev
[mono_ns=7258350696069443][T0xea73bdab9020][TIMING] emit_host_span: [STRACE] v=1 pid=3002038 tid=3002038 inv=17 hid=6ccca4d8c4e91962 depth=1 name=chip.run.claim_release ts=7258350696066793 dur=850 
[mono_ns=7258350696074883][T0xea73bdab9020][TIMING] emit_host_span: [STRACE] v=1 pid=3002038 tid=3002038 inv=17 hid=6ccca4d8c4e91962 depth=0 name=chip.run ts=7258350586422519 dur=109650174 run_id=17 dispatch_id=17 slot_id=0 generation=17 run_epoch=17
[mono_ns=7258350707545441][T0xea73bdab9020][TIMING] emit_host_span: [STRACE] v=1 pid=3002038 tid=3002038 inv=18 hid=6ccca4d8c4e91962 depth=2 name=chip.run.bind.args ts=7258350705719097 dur=1819194 
[mono_ns=7258350707573191][T0xea73bdab9020][TIMING] emit_host_span: [STRACE] v=1 pid=3002038 tid=3002038 inv=18 hid=6ccca4d8c4e91962 depth=2 name=chip.run.bind.prebuilt ts=7258350707568171 dur=2460 
[mono_ns=7258350707578771][T0xea73bdab9020][TIMING] emit_host_span: [STRACE] v=1 pid=3002038 tid=3002038 inv=18 hid=6ccca4d8c4e91962 depth=1 name=chip.run.bind ts=7258350705709767 dur=1866734 
[mono_ns=7258350727343441][T0xea7260dcaca0][WARN] copy_aicore_buffer: [chip_swimlane_collector.cpp:689] Core 2: skipped 1024 AICore record slot(s) with start_time=0 (race-window write or recycled-buffer tail). buf seq=0 count=1024
[mono_ns=7258350727373601][T0xea72749ecca0][WARN] copy_aicore_buffer: [chip_swimlane_collector.cpp:689] Core 1: skipped 1024 AICore record slot(s) with start_time=0 (race-window write or recycled-buffer tail). buf seq=0 count=1024
[mono_ns=7258350727431272][T0xea72751fcca0][WARN] copy_aicore_buffer: [chip_swimlane_collector.cpp:689] Core 0: skipped 1024 AICore record slot(s) with start_time=0 (race-window write or recycled-buffer tail). buf seq=0 count=1024
[mono_ns=7258350727671654][T0xea7260dcaca0][WARN] copy_aicore_buffer: [chip_swimlane_collector.cpp:689] Core 28: skipped 1022 AICore record slot(s) with start_time=0 (race-window write or recycled-buffer tail). buf seq=0 count=1024
[mono_ns=7258350727693544][T0xea72749ecca0][WARN] copy_aicore_buffer: [chip_swimlane_collector.cpp:689] Core 26: skipped 1023 AICore record slot(s) with start_time=0 (race-window write or recycled-buffer tail). buf seq=0 count=1024
[mono_ns=7258350727752154][T0xea72751fcca0][WARN] copy_aicore_buffer: [chip_swimlane_collector.cpp:689] Core 24: skipped 1024 AICore record slot(s) with start_time=0 (race-window write or recycled-buffer tail). buf seq=0 count=1024
[mono_ns=7258350727992916][T0xea7260dcaca0][WARN] copy_aicore_buffer: [chip_swimlane_collector.cpp:689] Core 29: skipped 1024 AICore record slot(s) with start_time=0 (race-window write or recycled-buffer tail). buf seq=0 count=1024
[mono_ns=7258350728039337][T0xea72749ecca0][WARN] copy_aicore_buffer: [chip_swimlane_collector.cpp:689] Core 27: skipped 1023 AICore record slot(s) with start_time=0 (race-window write or recycled-buffer tail). buf seq=0 count=1024
[mono_ns=7258350728110987][T0xea72751fcca0][WARN] copy_aicore_buffer: [chip_swimlane_collector.cpp:689] Core 25: skipped 1024 AICore record slot(s) with start_time=0 (race-window write or recycled-buffer tail). buf seq=0 count=1024
[mono_ns=7258350728335359][T0xea7260dcaca0][WARN] copy_aicore_buffer: [chip_swimlane_collector.cpp:689] Core 5: skipped 1024 AICore record slot(s) with start_time=0 (race-window write or recycled-buffer tail). buf seq=0 count=1024
[mono_ns=7258350728354959][T0xea72749ecca0][WARN] copy_aicore_buffer: [chip_swimlane_collector.cpp:689] Core 4: skipped 1024 AICore record slot(s) with start_time=0 (race-window write or recycled-buffer tail). buf seq=0 count=1024
[mono_ns=7258350728428819][T0xea72751fcca0][WARN] copy_aicore_buffer: [chip_swimlane_collector.cpp:689] Core 3: skipped 1024 AICore record slot(s) with start_time=0 (race-window write or recycled-buffer tail). buf seq=0 count=1024
[mono_ns=7258350728655201][T0xea7260dcaca0][WARN] copy_aicore_buffer: [chip_swimlane_collector.cpp:689] Core 34: skipped 1024 AICore record slot(s) with start_time=0 (race-window write or recycled-buffer tail). buf seq=0 count=1024
[mono_ns=7258350728676001][T0xea72749ecca0][WARN] copy_aicore_buffer: [chip_swimlane_collector.cpp:689] Core 32: skipped 1024 AICore record slot(s) with start_time=0 (race-window write or recycled-buffer tail). buf seq=0 count=1024
[mono_ns=7258350728749452][T0xea72751fcca0][WARN] copy_aicore_buffer: [chip_swimlane_collector.cpp:689] Core 30: skipped 1023 AICore record slot(s) with start_time=0 (race-window write or recycled-buffer tail). buf seq=0 count=1024
[mono_ns=7258350729046384][T0xea7260dcaca0][WARN] copy_aicore_buffer: [chip_swimlane_collector.cpp:689] Core 35: skipped 1023 AICore record slot(s) with start_time=0 (race-window write or recycled-buffer tail). buf seq=0 count=1024
[mono_ns=7258350729054614][T0xea72749ecca0][WARN] copy_aicore_buffer: [chip_swimlane_collector.cpp:689] Core 33: skipped 1024 AICore record slot(s) with start_time=0 (race-window write or recycled-buffer tail). buf seq=0 count=1024
[mono_ns=7258350729093185][T0xea72751fcca0][WARN] copy_aicore_buffer: [chip_swimlane_collector.cpp:689] Core 31: skipped 1024 AICore record slot(s) with start_time=0 (race-window write or recycled-buffer tail). buf seq=0 count=1024
[mono_ns=7258350729364007][T0xea7260dcaca0][WARN] copy_aicore_buffer: [chip_swimlane_collector.cpp:689] Core 8: skipped 1024 AICore record slot(s) with start_time=0 (race-window write or recycled-buffer tail). buf seq=0 count=1024
[mono_ns=7258350729373417][T0xea72749ecca0][WARN] copy_aicore_buffer: [chip_swimlane_collector.cpp:689] Core 7: skipped 1024 AICore record slot(s) with start_time=0 (race-window write or recycled-buffer tail). buf seq=0 count=1024
[mono_ns=7258350729410287][T0xea72751fcca0][WARN] copy_aicore_buffer: [chip_swimlane_collector.cpp:689] Core 6: skipped 1024 AICore record slot(s) with start_time=0 (race-window write or recycled-buffer tail). buf seq=0 count=1024
[mono_ns=7258350729682619][T0xea7260dcaca0][WARN] copy_aicore_buffer: [chip_swimlane_collector.cpp:689] Core 40: skipped 1024 AICore record slot(s) with start_time=0 (race-window write or recycled-buffer tail). buf seq=0 count=1024
[mono_ns=7258350729691039][T0xea72749ecca0][WARN] copy_aicore_buffer: [chip_swimlane_collector.cpp:689] Core 38: skipped 1024 AICore record slot(s) with start_time=0 (race-window write or recycled-buffer tail). buf seq=0 count=1024
[mono_ns=7258350729761890][T0xea72751fcca0][WARN] copy_aicore_buffer: [chip_swimlane_collector.cpp:689] Core 36: skipped 1024 AICore record slot(s) with start_time=0 (race-window write or recycled-buffer tail). buf seq=0 count=1024
[mono_ns=7258350729999571][T0xea7260dcaca0][WARN] copy_aicore_buffer: [chip_swimlane_collector.cpp:689] Core 41: skipped 1024 AICore record slot(s) with start_time=0 (race-window write or recycled-buffer tail). buf seq=0 count=1024
[mono_ns=7258350730024852][T0xea72749ecca0][WARN] copy_aicore_buffer: [chip_swimlane_collector.cpp:689] Core 39: skipped 1024 AICore record slot(s) with start_time=0 (race-window write or recycled-buffer tail). buf seq=0 count=1024
[mono_ns=7258350730092312][T0xea72751fcca0][WARN] copy_aicore_buffer: [chip_swimlane_collector.cpp:689] Core 37: skipped 1024 AICore record slot(s) with start_time=0 (race-window write or recycled-buffer tail). buf seq=0 count=1024
[mono_ns=7258350730337944][T0xea7260dcaca0][WARN] copy_aicore_buffer: [chip_swimlane_collector.cpp:689] Core 11: skipped 1024 AICore record slot(s) with start_time=0 (race-window write or recycled-buffer tail). buf seq=0 count=1024
[mono_ns=7258350730340314][T0xea72749ecca0][WARN] copy_aicore_buffer: [chip_swimlane_collector.cpp:689] Core 10: skipped 1024 AICore record slot(s) with start_time=0 (race-window write or recycled-buffer tail). buf seq=0 count=1024
[mono_ns=7258350730409375][T0xea72751fcca0][WARN] copy_aicore_buffer: [chip_swimlane_collector.cpp:689] Core 9: skipped 1024 AICore record slot(s) with start_time=0 (race-window write or recycled-buffer tail). buf seq=0 count=1024
[mono_ns=7258350730655466][T0xea7260dcaca0][WARN] copy_aicore_buffer: [chip_swimlane_collector.cpp:689] Core 46: skipped 1024 AICore record slot(s) with start_time=0 (race-window write or recycled-buffer tail). buf seq=0 count=1024
[mono_ns=7258350730692917][T0xea72749ecca0][WARN] copy_aicore_buffer: [chip_swimlane_collector.cpp:689] Core 44: skipped 1024 AICore record slot(s) with start_time=0 (race-window write or recycled-buffer tail). buf seq=0 count=1024
[mono_ns=7258350730727057][T0xea72751fcca0][WARN] copy_aicore_buffer: [chip_swimlane_collector.cpp:689] Core 42: skipped 1024 AICore record slot(s) with start_time=0 (race-window write or recycled-buffer tail). buf seq=0 count=1024
[mono_ns=7258350730974409][T0xea7260dcaca0][WARN] copy_aicore_buffer: [chip_swimlane_collector.cpp:689] Core 47: skipped 1024 AICore record slot(s) with start_time=0 (race-window write or recycled-buffer tail). buf seq=0 count=1024
[mono_ns=7258350731021449][T0xea72749ecca0][WARN] copy_aicore_buffer: [chip_swimlane_collector.cpp:689] Core 45: skipped 1024 AICore record slot(s) with start_time=0 (race-window write or recycled-buffer tail). buf seq=0 count=1024
[mono_ns=7258350731053089][T0xea72751fcca0][WARN] copy_aicore_buffer: [chip_swimlane_collector.cpp:689] Core 43: skipped 1024 AICore record slot(s) with start_time=0 (race-window write or recycled-buffer tail). buf seq=0 count=1024
[mono_ns=7258350731301761][T0xea7260dcaca0][WARN] copy_aicore_buffer: [chip_swimlane_collector.cpp:689] Core 14: skipped 1024 AICore record slot(s) with start_time=0 (race-window write or recycled-buffer tail). buf seq=0 count=1024
[mono_ns=7258350731340532][T0xea72749ecca0][WARN] copy_aicore_buffer: [chip_swimlane_collector.cpp:689] Core 13: skipped 1024 AICore record slot(s) with start_time=0 (race-window write or recycled-buffer tail). buf seq=0 count=1024
[mono_ns=7258350731369082][T0xea72751fcca0][WARN] copy_aicore_buffer: [chip_swimlane_collector.cpp:689] Core 12: skipped 1024 AICore record slot(s) with start_time=0 (race-window write or recycled-buffer tail). buf seq=0 count=1024
[mono_ns=7258350731638944][T0xea7260dcaca0][WARN] copy_aicore_buffer: [chip_swimlane_collector.cpp:689] Core 52: skipped 1024 AICore record slot(s) with start_time=0 (race-window write or recycled-buffer tail). buf seq=0 count=1024
[mono_ns=7258350731656354][T0xea72749ecca0][WARN] copy_aicore_buffer: [chip_swimlane_collector.cpp:689] Core 50: skipped 1024 AICore record slot(s) with start_time=0 (race-window write or recycled-buffer tail). buf seq=0 count=1024
[mono_ns=7258350731684934][T0xea72751fcca0][WARN] copy_aicore_buffer: [chip_swimlane_collector.cpp:689] Core 48: skipped 1024 AICore record slot(s) with start_time=0 (race-window write or recycled-buffer tail). buf seq=0 count=1024
[mono_ns=7258350731957886][T0xea7260dcaca0][WARN] copy_aicore_buffer: [chip_swimlane_collector.cpp:689] Core 53: skipped 1024 AICore record slot(s) with start_time=0 (race-window write or recycled-buffer tail). buf seq=0 count=1024
[mono_ns=7258350731971956][T0xea72749ecca0][WARN] copy_aicore_buffer: [chip_swimlane_collector.cpp:689] Core 51: skipped 1024 AICore record slot(s) with start_time=0 (race-window write or recycled-buffer tail). buf seq=0 count=1024
[mono_ns=7258350732030217][T0xea72751fcca0][WARN] copy_aicore_buffer: [chip_swimlane_collector.cpp:689] Core 49: skipped 1024 AICore record slot(s) with start_time=0 (race-window write or recycled-buffer tail). buf seq=0 count=1024
[mono_ns=7258350732313039][T0xea7260dcaca0][WARN] copy_aicore_buffer: [chip_swimlane_collector.cpp:689] Core 17: skipped 1024 AICore record slot(s) with start_time=0 (race-window write or recycled-buffer tail). buf seq=0 count=1024
[mono_ns=7258350732323569][T0xea72749ecca0][WARN] copy_aicore_buffer: [chip_swimlane_collector.cpp:689] Core 16: skipped 1024 AICore record slot(s) with start_time=0 (race-window write or recycled-buffer tail). buf seq=0 count=1024
[mono_ns=7258350732344459][T0xea72751fcca0][WARN] copy_aicore_buffer: [chip_swimlane_collector.cpp:689] Core 15: skipped 1024 AICore record slot(s) with start_time=0 (race-window write or recycled-buffer tail). buf seq=0 count=1024
[mono_ns=7258350732632331][T0xea7260dcaca0][WARN] copy_aicore_buffer: [chip_swimlane_collector.cpp:689] Core 58: skipped 1024 AICore record slot(s) with start_time=0 (race-window write or recycled-buffer tail). buf seq=0 count=1024
[mono_ns=7258350732639192][T0xea72749ecca0][WARN] copy_aicore_buffer: [chip_swimlane_collector.cpp:689] Core 56: skipped 1024 AICore record slot(s) with start_time=0 (race-window write or recycled-buffer tail). buf seq=0 count=1024
[mono_ns=7258350732660502][T0xea72751fcca0][WARN] copy_aicore_buffer: [chip_swimlane_collector.cpp:689] Core 54: skipped 1024 AICore record slot(s) with start_time=0 (race-window write or recycled-buffer tail). buf seq=0 count=1024
[mono_ns=7258350732948864][T0xea7260dcaca0][WARN] copy_aicore_buffer: [chip_swimlane_collector.cpp:689] Core 59: skipped 1024 AICore record slot(s) with start_time=0 (race-window write or recycled-buffer tail). buf seq=0 count=1024
[mono_ns=7258350732955004][T0xea72749ecca0][WARN] copy_aicore_buffer: [chip_swimlane_collector.cpp:689] Core 57: skipped 1024 AICore record slot(s) with start_time=0 (race-window write or recycled-buffer tail). buf seq=0 count=1024
[mono_ns=7258350732976074][T0xea72751fcca0][WARN] copy_aicore_buffer: [chip_swimlane_collector.cpp:689] Core 55: skipped 1024 AICore record slot(s) with start_time=0 (race-window write or recycled-buffer tail). buf seq=0 count=1024
[mono_ns=7258350733288256][T0xea72749ecca0][WARN] copy_aicore_buffer: [chip_swimlane_collector.cpp:689] Core 19: skipped 1024 AICore record slot(s) with start_time=0 (race-window write or recycled-buffer tail). buf seq=0 count=1024
[mono_ns=7258350733308067][T0xea72751fcca0][WARN] copy_aicore_buffer: [chip_swimlane_collector.cpp:689] Core 18: skipped 1024 AICore record slot(s) with start_time=0 (race-window write or recycled-buffer tail). buf seq=0 count=1024
[mono_ns=7258350733308307][T0xea7260dcaca0][WARN] copy_aicore_buffer: [chip_swimlane_collector.cpp:689] Core 20: skipped 1024 AICore record slot(s) with start_time=0 (race-window write or recycled-buffer tail). buf seq=0 count=1024
[mono_ns=7258350733607519][T0xea72749ecca0][WARN] copy_aicore_buffer: [chip_swimlane_collector.cpp:689] Core 62: skipped 1024 AICore record slot(s) with start_time=0 (race-window write or recycled-buffer tail). buf seq=0 count=1024
[mono_ns=7258350733622319][T0xea72751fcca0][WARN] copy_aicore_buffer: [chip_swimlane_collector.cpp:689] Core 60: skipped 1024 AICore record slot(s) with start_time=0 (race-window write or recycled-buffer tail). buf seq=0 count=1024
[mono_ns=7258350733624889][T0xea7260dcaca0][WARN] copy_aicore_buffer: [chip_swimlane_collector.cpp:689] Core 64: skipped 1024 AICore record slot(s) with start_time=0 (race-window write or recycled-buffer tail). buf seq=0 count=1024
[mono_ns=7258350733925761][T0xea72749ecca0][WARN] copy_aicore_buffer: [chip_swimlane_collector.cpp:689] Core 63: skipped 1024 AICore record slot(s) with start_time=0 (race-window write or recycled-buffer tail). buf seq=0 count=1024
[mono_ns=7258350733936521][T0xea72751fcca0][WARN] copy_aicore_buffer: [chip_swimlane_collector.cpp:689] Core 61: skipped 1024 AICore record slot(s) with start_time=0 (race-window write or recycled-buffer tail). buf seq=0 count=1024
[mono_ns=7258350733945971][T0xea7260dcaca0][WARN] copy_aicore_buffer: [chip_swimlane_collector.cpp:689] Core 65: skipped 1024 AICore record slot(s) with start_time=0 (race-window write or recycled-buffer tail). buf seq=0 count=1024
[mono_ns=7258350734264474][T0xea72749ecca0][WARN] copy_aicore_buffer: [chip_swimlane_collector.cpp:689] Core 22: skipped 1024 AICore record slot(s) with start_time=0 (race-window write or recycled-buffer tail). buf seq=0 count=1024
[mono_ns=7258350734274154][T0xea7260dcaca0][WARN] copy_aicore_buffer: [chip_swimlane_collector.cpp:689] Core 23: skipped 1024 AICore record slot(s) with start_time=0 (race-window write or recycled-buffer tail). buf seq=0 count=1024
[mono_ns=7258350734276024][T0xea72751fcca0][WARN] copy_aicore_buffer: [chip_swimlane_collector.cpp:689] Core 21: skipped 1024 AICore record slot(s) with start_time=0 (race-window write or recycled-buffer tail). buf seq=0 count=1024
[mono_ns=7258350734582846][T0xea72749ecca0][WARN] copy_aicore_buffer: [chip_swimlane_collector.cpp:689] Core 68: skipped 1024 AICore record slot(s) with start_time=0 (race-window write or recycled-buffer tail). buf seq=0 count=1024
[mono_ns=7258350734589876][T0xea72751fcca0][WARN] copy_aicore_buffer: [chip_swimlane_collector.cpp:689] Core 66: skipped 1024 AICore record slot(s) with start_time=0 (race-window write or recycled-buffer tail). buf seq=0 count=1024
[mono_ns=7258350734589646][T0xea7260dcaca0][WARN] copy_aicore_buffer: [chip_swimlane_collector.cpp:689] Core 70: skipped 1024 AICore record slot(s) with start_time=0 (race-window write or recycled-buffer tail). buf seq=0 count=1024
[mono_ns=7258350734900119][T0xea72749ecca0][WARN] copy_aicore_buffer: [chip_swimlane_collector.cpp:689] Core 69: skipped 1024 AICore record slot(s) with start_time=0 (race-window write or recycled-buffer tail). buf seq=0 count=1024
[mono_ns=7258350734908259][T0xea72751fcca0][WARN] copy_aicore_buffer: [chip_swimlane_collector.cpp:689] Core 67: skipped 1024 AICore record slot(s) with start_time=0 (race-window write or recycled-buffer tail). buf seq=0 count=1024
[mono_ns=7258350734931879][T0xea7260dcaca0][WARN] copy_aicore_buffer: [chip_swimlane_collector.cpp:689] Core 71: skipped 1024 AICore record slot(s) with start_time=0 (race-window write or recycled-buffer tail). buf seq=0 count=1024
[mono_ns=7258350835507854][T0xea73bdab9020][TIMING] emit_host_span: [STRACE] v=1 pid=3002038 tid=3002038 inv=18 hid=6ccca4d8c4e91962 depth=1 name=chip.run.runner_run ts=7258350707900643 dur=127597411 
[mono_ns=7258350836993045][T0xea73bdab9020][TIMING] emit_host_span: [STRACE] v=1 pid=3002038 tid=3002038 inv=18 hid=6ccca4d8c4e91962 depth=1 name=chip.run.validate ts=7258350835520824 dur=1466511 
[mono_ns=7258350837029225][T0xea73bdab9020][TIMING] emit_host_span: [STRACE] v=1 pid=3002038 tid=3002038 inv=18 hid=6ccca4d8c4e91962 depth=2 name=chip.run.runner_run.device_wall ts=0 dur=18927579 clk=dev
[mono_ns=7258350837087936][T0xea73bdab9020][TIMING] emit_host_span: [STRACE] v=1 pid=3002038 tid=3002038 inv=18 hid=6ccca4d8c4e91962 depth=3 name=chip.run.runner_run.device_wall.preamble ts=0 dur=630180 clk=dev
[mono_ns=7258350837092416][T0xea73bdab9020][TIMING] emit_host_span: [STRACE] v=1 pid=3002038 tid=3002038 inv=18 hid=6ccca4d8c4e91962 depth=3 name=chip.run.runner_run.device_wall.graph_build ts=626200 dur=18291000 clk=dev
[mono_ns=7258350837097516][T0xea73bdab9020][TIMING] emit_host_span: [STRACE] v=1 pid=3002038 tid=3002038 inv=18 hid=6ccca4d8c4e91962 depth=3 name=chip.run.runner_run.device_wall.config_validate ts=626319 dur=840 clk=dev
[mono_ns=7258350837100426][T0xea73bdab9020][TIMING] emit_host_span: [STRACE] v=1 pid=3002038 tid=3002038 inv=18 hid=6ccca4d8c4e91962 depth=3 name=chip.run.runner_run.device_wall.arena_wire ts=627420 dur=260 clk=dev
[mono_ns=7258350837104396][T0xea73bdab9020][TIMING] emit_host_span: [STRACE] v=1 pid=3002038 tid=3002038 inv=18 hid=6ccca4d8c4e91962 depth=3 name=chip.run.runner_run.device_wall.sm_reset ts=627720 dur=760 clk=dev
[mono_ns=7258350837108586][T0xea73bdab9020][TIMING] emit_host_span: [STRACE] v=1 pid=3002038 tid=3002038 inv=18 hid=6ccca4d8c4e91962 depth=3 name=chip.run.runner_run.device_wall.post_orch ts=18917219 dur=10260 clk=dev
[mono_ns=7258350837111576][T0xea73bdab9020][TIMING] emit_host_span: [STRACE] v=1 pid=3002038 tid=3002038 inv=18 hid=6ccca4d8c4e91962 depth=3 name=chip.run.runner_run.device_wall.orch ts=628540 dur=3480 clk=dev
[mono_ns=7258350837115606][T0xea73bdab9020][TIMING] emit_host_span: [STRACE] v=1 pid=3002038 tid=3002038 inv=18 hid=6ccca4d8c4e91962 depth=3 name=chip.run.runner_run.device_wall.sched ts=630339 dur=18268660 clk=dev
[mono_ns=7258350837164886][T0xea73bdab9020][TIMING] emit_host_span: [STRACE] v=1 pid=3002038 tid=3002038 inv=18 hid=6ccca4d8c4e91962 depth=1 name=chip.run.claim_release ts=7258350837162176 dur=600 
[mono_ns=7258350837170137][T0xea73bdab9020][TIMING] emit_host_span: [STRACE] v=1 pid=3002038 tid=3002038 inv=18 hid=6ccca4d8c4e91962 depth=0 name=chip.run ts=7258350705648466 dur=131519610 run_id=18 dispatch_id=18 slot_id=0 generation=18 run_epoch=18
[mono_ns=7258355642160677][T0xea73bdab9020][TIMING] emit_host_span: [STRACE] v=1 pid=3002038 tid=3002038 inv=19 hid=6ccca4d8c4e91962 depth=2 name=chip.run.bind.args ts=7258355639990700 dur=2162196 
[mono_ns=7258355642182267][T0xea73bdab9020][TIMING] emit_host_span: [STRACE] v=1 pid=3002038 tid=3002038 inv=19 hid=6ccca4d8c4e91962 depth=2 name=chip.run.bind.prebuilt ts=7258355642175957 dur=2670 
[mono_ns=7258355642187427][T0xea73bdab9020][TIMING] emit_host_span: [STRACE] v=1 pid=3002038 tid=3002038 inv=19 hid=6ccca4d8c4e91962 depth=1 name=chip.run.bind ts=7258355639979140 dur=2205927 
[mono_ns=7258355746900822][T0xea73bdab9020][TIMING] emit_host_span: [STRACE] v=1 pid=3002038 tid=3002038 inv=19 hid=6ccca4d8c4e91962 depth=1 name=chip.run.runner_run ts=7258355642550970 dur=104336162 
[mono_ns=7258355748390903][T0xea73bdab9020][TIMING] emit_host_span: [STRACE] v=1 pid=3002038 tid=3002038 inv=19 hid=6ccca4d8c4e91962 depth=1 name=chip.run.validate ts=7258355746917412 dur=1467881 
[mono_ns=7258355748405863][T0xea73bdab9020][TIMING] emit_host_span: [STRACE] v=1 pid=3002038 tid=3002038 inv=19 hid=6ccca4d8c4e91962 depth=2 name=chip.run.runner_run.device_wall ts=0 dur=18617500 clk=dev
[mono_ns=7258355748480384][T0xea73bdab9020][TIMING] emit_host_span: [STRACE] v=1 pid=3002038 tid=3002038 inv=19 hid=6ccca4d8c4e91962 depth=3 name=chip.run.runner_run.device_wall.preamble ts=0 dur=7580 clk=dev
[mono_ns=7258355748485034][T0xea73bdab9020][TIMING] emit_host_span: [STRACE] v=1 pid=3002038 tid=3002038 inv=19 hid=6ccca4d8c4e91962 depth=3 name=chip.run.runner_run.device_wall.graph_build ts=1460 dur=18604780 clk=dev
[mono_ns=7258355748490254][T0xea73bdab9020][TIMING] emit_host_span: [STRACE] v=1 pid=3002038 tid=3002038 inv=19 hid=6ccca4d8c4e91962 depth=3 name=chip.run.runner_run.device_wall.config_validate ts=1660 dur=980 clk=dev
[mono_ns=7258355748493294][T0xea73bdab9020][TIMING] emit_host_span: [STRACE] v=1 pid=3002038 tid=3002038 inv=19 hid=6ccca4d8c4e91962 depth=3 name=chip.run.runner_run.device_wall.arena_wire ts=2680 dur=760 clk=dev
[mono_ns=7258355748497214][T0xea73bdab9020][TIMING] emit_host_span: [STRACE] v=1 pid=3002038 tid=3002038 inv=19 hid=6ccca4d8c4e91962 depth=3 name=chip.run.runner_run.device_wall.sm_reset ts=3460 dur=2460 clk=dev
[mono_ns=7258355748500154][T0xea73bdab9020][TIMING] emit_host_span: [STRACE] v=1 pid=3002038 tid=3002038 inv=19 hid=6ccca4d8c4e91962 depth=3 name=chip.run.runner_run.device_wall.post_orch ts=18606340 dur=10760 clk=dev
[mono_ns=7258355748504104][T0xea73bdab9020][TIMING] emit_host_span: [STRACE] v=1 pid=3002038 tid=3002038 inv=19 hid=6ccca4d8c4e91962 depth=3 name=chip.run.runner_run.device_wall.orch ts=7199 dur=10840 clk=dev
[mono_ns=7258355748507824][T0xea73bdab9020][TIMING] emit_host_span: [STRACE] v=1 pid=3002038 tid=3002038 inv=19 hid=6ccca4d8c4e91962 depth=3 name=chip.run.runner_run.device_wall.sched ts=7900 dur=18590079 clk=dev
[mono_ns=7258355748532554][T0xea73bdab9020][TIMING] emit_host_span: [STRACE] v=1 pid=3002038 tid=3002038 inv=19 hid=6ccca4d8c4e91962 depth=1 name=chip.run.claim_release ts=7258355748529084 dur=1230 
[mono_ns=7258355748537404][T0xea73bdab9020][TIMING] emit_host_span: [STRACE] v=1 pid=3002038 tid=3002038 inv=19 hid=6ccca4d8c4e91962 depth=0 name=chip.run ts=7258355639913509 dur=108621825 run_id=19 dispatch_id=19 slot_id=0 generation=19 run_epoch=19
[mono_ns=7258355757601193][T0xea73bdab9020][TIMING] emit_host_span: [STRACE] v=1 pid=3002038 tid=3002038 inv=20 hid=6ccca4d8c4e91962 depth=2 name=chip.run.bind.args ts=7258355755791249 dur=1803844 
[mono_ns=7258355757620083][T0xea73bdab9020][TIMING] emit_host_span: [STRACE] v=1 pid=3002038 tid=3002038 inv=20 hid=6ccca4d8c4e91962 depth=2 name=chip.run.bind.prebuilt ts=7258355757615153 dur=2430 
[mono_ns=7258355757624863][T0xea73bdab9020][TIMING] emit_host_span: [STRACE] v=1 pid=3002038 tid=3002038 inv=20 hid=6ccca4d8c4e91962 depth=1 name=chip.run.bind ts=7258355755782789 dur=1839924 
[mono_ns=7258355777360333][T0xea72751fcca0][WARN] copy_aicore_buffer: [chip_swimlane_collector.cpp:689] Core 0: skipped 1024 AICore record slot(s) with start_time=0 (race-window write or recycled-buffer tail). buf seq=0 count=1024
[mono_ns=7258355777372493][T0xea7260dcaca0][WARN] copy_aicore_buffer: [chip_swimlane_collector.cpp:689] Core 2: skipped 1024 AICore record slot(s) with start_time=0 (race-window write or recycled-buffer tail). buf seq=0 count=1024
[mono_ns=7258355777378563][T0xea72749ecca0][WARN] copy_aicore_buffer: [chip_swimlane_collector.cpp:689] Core 1: skipped 1024 AICore record slot(s) with start_time=0 (race-window write or recycled-buffer tail). buf seq=0 count=1024
[mono_ns=7258355777688926][T0xea72751fcca0][WARN] copy_aicore_buffer: [chip_swimlane_collector.cpp:689] Core 24: skipped 1023 AICore record slot(s) with start_time=0 (race-window write or recycled-buffer tail). buf seq=0 count=1024
[mono_ns=7258355777709476][T0xea72749ecca0][WARN] copy_aicore_buffer: [chip_swimlane_collector.cpp:689] Core 26: skipped 1023 AICore record slot(s) with start_time=0 (race-window write or recycled-buffer tail). buf seq=0 count=1024
[mono_ns=7258355777767716][T0xea7260dcaca0][WARN] copy_aicore_buffer: [chip_swimlane_collector.cpp:689] Core 28: skipped 1023 AICore record slot(s) with start_time=0 (race-window write or recycled-buffer tail). buf seq=0 count=1024
[mono_ns=7258355778038288][T0xea72751fcca0][WARN] copy_aicore_buffer: [chip_swimlane_collector.cpp:689] Core 25: skipped 1024 AICore record slot(s) with start_time=0 (race-window write or recycled-buffer tail). buf seq=0 count=1024
[mono_ns=7258355778059399][T0xea72749ecca0][WARN] copy_aicore_buffer: [chip_swimlane_collector.cpp:689] Core 27: skipped 1022 AICore record slot(s) with start_time=0 (race-window write or recycled-buffer tail). buf seq=0 count=1024
[mono_ns=7258355778113939][T0xea7260dcaca0][WARN] copy_aicore_buffer: [chip_swimlane_collector.cpp:689] Core 29: skipped 1024 AICore record slot(s) with start_time=0 (race-window write or recycled-buffer tail). buf seq=0 count=1024
[mono_ns=7258355778354681][T0xea72751fcca0][WARN] copy_aicore_buffer: [chip_swimlane_collector.cpp:689] Core 3: skipped 1024 AICore record slot(s) with start_time=0 (race-window write or recycled-buffer tail). buf seq=0 count=1024
[mono_ns=7258355778375301][T0xea72749ecca0][WARN] copy_aicore_buffer: [chip_swimlane_collector.cpp:689] Core 4: skipped 1024 AICore record slot(s) with start_time=0 (race-window write or recycled-buffer tail). buf seq=0 count=1024
[mono_ns=7258355778434251][T0xea7260dcaca0][WARN] copy_aicore_buffer: [chip_swimlane_collector.cpp:689] Core 5: skipped 1024 AICore record slot(s) with start_time=0 (race-window write or recycled-buffer tail). buf seq=0 count=1024
[mono_ns=7258355778699083][T0xea72751fcca0][WARN] copy_aicore_buffer: [chip_swimlane_collector.cpp:689] Core 30: skipped 1023 AICore record slot(s) with start_time=0 (race-window write or recycled-buffer tail). buf seq=0 count=1024
[mono_ns=7258355778703463][T0xea72749ecca0][WARN] copy_aicore_buffer: [chip_swimlane_collector.cpp:689] Core 32: skipped 1024 AICore record slot(s) with start_time=0 (race-window write or recycled-buffer tail). buf seq=0 count=1024
[mono_ns=7258355778751504][T0xea7260dcaca0][WARN] copy_aicore_buffer: [chip_swimlane_collector.cpp:689] Core 34: skipped 1024 AICore record slot(s) with start_time=0 (race-window write or recycled-buffer tail). buf seq=0 count=1024
[mono_ns=7258355779025506][T0xea72749ecca0][WARN] copy_aicore_buffer: [chip_swimlane_collector.cpp:689] Core 33: skipped 1024 AICore record slot(s) with start_time=0 (race-window write or recycled-buffer tail). buf seq=0 count=1024
[mono_ns=7258355779028846][T0xea72751fcca0][WARN] copy_aicore_buffer: [chip_swimlane_collector.cpp:689] Core 31: skipped 1024 AICore record slot(s) with start_time=0 (race-window write or recycled-buffer tail). buf seq=0 count=1024
[mono_ns=7258355779074436][T0xea7260dcaca0][WARN] copy_aicore_buffer: [chip_swimlane_collector.cpp:689] Core 35: skipped 1024 AICore record slot(s) with start_time=0 (race-window write or recycled-buffer tail). buf seq=0 count=1024
[mono_ns=7258355779342688][T0xea72749ecca0][WARN] copy_aicore_buffer: [chip_swimlane_collector.cpp:689] Core 7: skipped 1024 AICore record slot(s) with start_time=0 (race-window write or recycled-buffer tail). buf seq=0 count=1024
[mono_ns=7258355779344798][T0xea72751fcca0][WARN] copy_aicore_buffer: [chip_swimlane_collector.cpp:689] Core 6: skipped 1024 AICore record slot(s) with start_time=0 (race-window write or recycled-buffer tail). buf seq=0 count=1024
[mono_ns=7258355779402499][T0xea7260dcaca0][WARN] copy_aicore_buffer: [chip_swimlane_collector.cpp:689] Core 8: skipped 1024 AICore record slot(s) with start_time=0 (race-window write or recycled-buffer tail). buf seq=0 count=1024
[mono_ns=7258355779658881][T0xea72751fcca0][WARN] copy_aicore_buffer: [chip_swimlane_collector.cpp:689] Core 36: skipped 1024 AICore record slot(s) with start_time=0 (race-window write or recycled-buffer tail). buf seq=0 count=1024
[mono_ns=7258355779659591][T0xea72749ecca0][WARN] copy_aicore_buffer: [chip_swimlane_collector.cpp:689] Core 38: skipped 1024 AICore record slot(s) with start_time=0 (race-window write or recycled-buffer tail). buf seq=0 count=1024
[mono_ns=7258355779718891][T0xea7260dcaca0][WARN] copy_aicore_buffer: [chip_swimlane_collector.cpp:689] Core 40: skipped 1024 AICore record slot(s) with start_time=0 (race-window write or recycled-buffer tail). buf seq=0 count=1024
[mono_ns=7258355779973733][T0xea72751fcca0][WARN] copy_aicore_buffer: [chip_swimlane_collector.cpp:689] Core 37: skipped 1024 AICore record slot(s) with start_time=0 (race-window write or recycled-buffer tail). buf seq=0 count=1024
[mono_ns=7258355779976243][T0xea72749ecca0][WARN] copy_aicore_buffer: [chip_swimlane_collector.cpp:689] Core 39: skipped 1024 AICore record slot(s) with start_time=0 (race-window write or recycled-buffer tail). buf seq=0 count=1024
[mono_ns=7258355780060074][T0xea7260dcaca0][WARN] copy_aicore_buffer: [chip_swimlane_collector.cpp:689] Core 41: skipped 1024 AICore record slot(s) with start_time=0 (race-window write or recycled-buffer tail). buf seq=0 count=1024
[mono_ns=7258355780305596][T0xea72751fcca0][WARN] copy_aicore_buffer: [chip_swimlane_collector.cpp:689] Core 9: skipped 1022 AICore record slot(s) with start_time=0 (race-window write or recycled-buffer tail). buf seq=0 count=1024
[mono_ns=7258355780349406][T0xea72749ecca0][WARN] copy_aicore_buffer: [chip_swimlane_collector.cpp:689] Core 10: skipped 1024 AICore record slot(s) with start_time=0 (race-window write or recycled-buffer tail). buf seq=0 count=1024
[mono_ns=7258355780381316][T0xea7260dcaca0][WARN] copy_aicore_buffer: [chip_swimlane_collector.cpp:689] Core 11: skipped 1024 AICore record slot(s) with start_time=0 (race-window write or recycled-buffer tail). buf seq=0 count=1024
[mono_ns=7258355780621558][T0xea72751fcca0][WARN] copy_aicore_buffer: [chip_swimlane_collector.cpp:689] Core 42: skipped 1024 AICore record slot(s) with start_time=0 (race-window write or recycled-buffer tail). buf seq=0 count=1024
[mono_ns=7258355780666188][T0xea72749ecca0][WARN] copy_aicore_buffer: [chip_swimlane_collector.cpp:689] Core 44: skipped 1024 AICore record slot(s) with start_time=0 (race-window write or recycled-buffer tail). buf seq=0 count=1024
[mono_ns=7258355780699349][T0xea7260dcaca0][WARN] copy_aicore_buffer: [chip_swimlane_collector.cpp:689] Core 46: skipped 1024 AICore record slot(s) with start_time=0 (race-window write or recycled-buffer tail). buf seq=0 count=1024
[mono_ns=7258355780939710][T0xea72751fcca0][WARN] copy_aicore_buffer: [chip_swimlane_collector.cpp:689] Core 43: skipped 1024 AICore record slot(s) with start_time=0 (race-window write or recycled-buffer tail). buf seq=0 count=1024
[mono_ns=7258355780982191][T0xea72749ecca0][WARN] copy_aicore_buffer: [chip_swimlane_collector.cpp:689] Core 45: skipped 1024 AICore record slot(s) with start_time=0 (race-window write or recycled-buffer tail). buf seq=0 count=1024
[mono_ns=7258355781057411][T0xea7260dcaca0][WARN] copy_aicore_buffer: [chip_swimlane_collector.cpp:689] Core 47: skipped 1024 AICore record slot(s) with start_time=0 (race-window write or recycled-buffer tail). buf seq=0 count=1024
[mono_ns=7258355781268873][T0xea72751fcca0][WARN] copy_aicore_buffer: [chip_swimlane_collector.cpp:689] Core 12: skipped 1024 AICore record slot(s) with start_time=0 (race-window write or recycled-buffer tail). buf seq=0 count=1024
[mono_ns=7258355781311313][T0xea72749ecca0][WARN] copy_aicore_buffer: [chip_swimlane_collector.cpp:689] Core 13: skipped 1024 AICore record slot(s) with start_time=0 (race-window write or recycled-buffer tail). buf seq=0 count=1024
[mono_ns=7258355781375624][T0xea7260dcaca0][WARN] copy_aicore_buffer: [chip_swimlane_collector.cpp:689] Core 14: skipped 1024 AICore record slot(s) with start_time=0 (race-window write or recycled-buffer tail). buf seq=0 count=1024
[mono_ns=7258355781585525][T0xea72751fcca0][WARN] copy_aicore_buffer: [chip_swimlane_collector.cpp:689] Core 48: skipped 1024 AICore record slot(s) with start_time=0 (race-window write or recycled-buffer tail). buf seq=0 count=1024
[mono_ns=7258355781628626][T0xea72749ecca0][WARN] copy_aicore_buffer: [chip_swimlane_collector.cpp:689] Core 50: skipped 1024 AICore record slot(s) with start_time=0 (race-window write or recycled-buffer tail). buf seq=0 count=1024
[mono_ns=7258355781691926][T0xea7260dcaca0][WARN] copy_aicore_buffer: [chip_swimlane_collector.cpp:689] Core 52: skipped 1024 AICore record slot(s) with start_time=0 (race-window write or recycled-buffer tail). buf seq=0 count=1024
[mono_ns=7258355781901478][T0xea72751fcca0][WARN] copy_aicore_buffer: [chip_swimlane_collector.cpp:689] Core 49: skipped 1024 AICore record slot(s) with start_time=0 (race-window write or recycled-buffer tail). buf seq=0 count=1024
[mono_ns=7258355781974288][T0xea72749ecca0][WARN] copy_aicore_buffer: [chip_swimlane_collector.cpp:689] Core 51: skipped 1024 AICore record slot(s) with start_time=0 (race-window write or recycled-buffer tail). buf seq=0 count=1024
[mono_ns=7258355782032149][T0xea7260dcaca0][WARN] copy_aicore_buffer: [chip_swimlane_collector.cpp:689] Core 53: skipped 1024 AICore record slot(s) with start_time=0 (race-window write or recycled-buffer tail). buf seq=0 count=1024
[mono_ns=7258355782241480][T0xea72751fcca0][WARN] copy_aicore_buffer: [chip_swimlane_collector.cpp:689] Core 15: skipped 1024 AICore record slot(s) with start_time=0 (race-window write or recycled-buffer tail). buf seq=0 count=1024
[mono_ns=7258355782316641][T0xea72749ecca0][WARN] copy_aicore_buffer: [chip_swimlane_collector.cpp:689] Core 16: skipped 1024 AICore record slot(s) with start_time=0 (race-window write or recycled-buffer tail). buf seq=0 count=1024
[mono_ns=7258355782352841][T0xea7260dcaca0][WARN] copy_aicore_buffer: [chip_swimlane_collector.cpp:689] Core 17: skipped 1023 AICore record slot(s) with start_time=0 (race-window write or recycled-buffer tail). buf seq=0 count=1024
[mono_ns=7258355782558623][T0xea72751fcca0][WARN] copy_aicore_buffer: [chip_swimlane_collector.cpp:689] Core 54: skipped 1024 AICore record slot(s) with start_time=0 (race-window write or recycled-buffer tail). buf seq=0 count=1024
[mono_ns=7258355782634323][T0xea72749ecca0][WARN] copy_aicore_buffer: [chip_swimlane_collector.cpp:689] Core 56: skipped 1024 AICore record slot(s) with start_time=0 (race-window write or recycled-buffer tail). buf seq=0 count=1024
[mono_ns=7258355782672664][T0xea7260dcaca0][WARN] copy_aicore_buffer: [chip_swimlane_collector.cpp:689] Core 58: skipped 1024 AICore record slot(s) with start_time=0 (race-window write or recycled-buffer tail). buf seq=0 count=1024
[mono_ns=7258355782885025][T0xea72751fcca0][WARN] copy_aicore_buffer: [chip_swimlane_collector.cpp:689] Core 55: skipped 1024 AICore record slot(s) with start_time=0 (race-window write or recycled-buffer tail). buf seq=0 count=1024
[mono_ns=7258355782950236][T0xea72749ecca0][WARN] copy_aicore_buffer: [chip_swimlane_collector.cpp:689] Core 57: skipped 1024 AICore record slot(s) with start_time=0 (race-window write or recycled-buffer tail). buf seq=0 count=1024
[mono_ns=7258355782989636][T0xea7260dcaca0][WARN] copy_aicore_buffer: [chip_swimlane_collector.cpp:689] Core 59: skipped 1024 AICore record slot(s) with start_time=0 (race-window write or recycled-buffer tail). buf seq=0 count=1024
[mono_ns=7258355783213898][T0xea72751fcca0][WARN] copy_aicore_buffer: [chip_swimlane_collector.cpp:689] Core 18: skipped 1024 AICore record slot(s) with start_time=0 (race-window write or recycled-buffer tail). buf seq=0 count=1024
[mono_ns=7258355783290658][T0xea72749ecca0][WARN] copy_aicore_buffer: [chip_swimlane_collector.cpp:689] Core 19: skipped 1024 AICore record slot(s) with start_time=0 (race-window write or recycled-buffer tail). buf seq=0 count=1024
[mono_ns=7258355783329919][T0xea7260dcaca0][WARN] copy_aicore_buffer: [chip_swimlane_collector.cpp:689] Core 20: skipped 1024 AICore record slot(s) with start_time=0 (race-window write or recycled-buffer tail). buf seq=0 count=1024
[mono_ns=7258355783530130][T0xea72751fcca0][WARN] copy_aicore_buffer: [chip_swimlane_collector.cpp:689] Core 60: skipped 1024 AICore record slot(s) with start_time=0 (race-window write or recycled-buffer tail). buf seq=0 count=1024
[mono_ns=7258355783608401][T0xea72749ecca0][WARN] copy_aicore_buffer: [chip_swimlane_collector.cpp:689] Core 62: skipped 1024 AICore record slot(s) with start_time=0 (race-window write or recycled-buffer tail). buf seq=0 count=1024
[mono_ns=7258355783656861][T0xea7260dcaca0][WARN] copy_aicore_buffer: [chip_swimlane_collector.cpp:689] Core 64: skipped 1024 AICore record slot(s) with start_time=0 (race-window write or recycled-buffer tail). buf seq=0 count=1024
[mono_ns=7258355783846423][T0xea72751fcca0][WARN] copy_aicore_buffer: [chip_swimlane_collector.cpp:689] Core 61: skipped 1024 AICore record slot(s) with start_time=0 (race-window write or recycled-buffer tail). buf seq=0 count=1024
[mono_ns=7258355783926463][T0xea72749ecca0][WARN] copy_aicore_buffer: [chip_swimlane_collector.cpp:689] Core 63: skipped 1024 AICore record slot(s) with start_time=0 (race-window write or recycled-buffer tail). buf seq=0 count=1024
[mono_ns=7258355783975934][T0xea7260dcaca0][WARN] copy_aicore_buffer: [chip_swimlane_collector.cpp:689] Core 65: skipped 1024 AICore record slot(s) with start_time=0 (race-window write or recycled-buffer tail). buf seq=0 count=1024
[mono_ns=7258355784179545][T0xea72751fcca0][WARN] copy_aicore_buffer: [chip_swimlane_collector.cpp:689] Core 21: skipped 1024 AICore record slot(s) with start_time=0 (race-window write or recycled-buffer tail). buf seq=0 count=1024
[mono_ns=7258355784265536][T0xea72749ecca0][WARN] copy_aicore_buffer: [chip_swimlane_collector.cpp:689] Core 22: skipped 1024 AICore record slot(s) with start_time=0 (race-window write or recycled-buffer tail). buf seq=0 count=1024
[mono_ns=7258355784314916][T0xea7260dcaca0][WARN] copy_aicore_buffer: [chip_swimlane_collector.cpp:689] Core 23: skipped 1024 AICore record slot(s) with start_time=0 (race-window write or recycled-buffer tail). buf seq=0 count=1024
[mono_ns=7258355784523938][T0xea72751fcca0][WARN] copy_aicore_buffer: [chip_swimlane_collector.cpp:689] Core 66: skipped 1024 AICore record slot(s) with start_time=0 (race-window write or recycled-buffer tail). buf seq=0 count=1024
[mono_ns=7258355784581548][T0xea72749ecca0][WARN] copy_aicore_buffer: [chip_swimlane_collector.cpp:689] Core 68: skipped 1024 AICore record slot(s) with start_time=0 (race-window write or recycled-buffer tail). buf seq=0 count=1024
[mono_ns=7258355784632409][T0xea7260dcaca0][WARN] copy_aicore_buffer: [chip_swimlane_collector.cpp:689] Core 70: skipped 1024 AICore record slot(s) with start_time=0 (race-window write or recycled-buffer tail). buf seq=0 count=1024
[mono_ns=7258355784844130][T0xea72751fcca0][WARN] copy_aicore_buffer: [chip_swimlane_collector.cpp:689] Core 67: skipped 1024 AICore record slot(s) with start_time=0 (race-window write or recycled-buffer tail). buf seq=0 count=1024
[mono_ns=7258355784901231][T0xea72749ecca0][WARN] copy_aicore_buffer: [chip_swimlane_collector.cpp:689] Core 69: skipped 1024 AICore record slot(s) with start_time=0 (race-window write or recycled-buffer tail). buf seq=0 count=1024
[mono_ns=7258355784952901][T0xea7260dcaca0][WARN] copy_aicore_buffer: [chip_swimlane_collector.cpp:689] Core 71: skipped 1024 AICore record slot(s) with start_time=0 (race-window write or recycled-buffer tail). buf seq=0 count=1024
[mono_ns=7258355885549645][T0xea73bdab9020][TIMING] emit_host_span: [STRACE] v=1 pid=3002038 tid=3002038 inv=20 hid=6ccca4d8c4e91962 depth=1 name=chip.run.runner_run ts=7258355757927346 dur=127610589 
[mono_ns=7258355887141167][T0xea73bdab9020][TIMING] emit_host_span: [STRACE] v=1 pid=3002038 tid=3002038 inv=20 hid=6ccca4d8c4e91962 depth=1 name=chip.run.validate ts=7258355885565985 dur=1569012 
[mono_ns=7258355887155127][T0xea73bdab9020][TIMING] emit_host_span: [STRACE] v=1 pid=3002038 tid=3002038 inv=20 hid=6ccca4d8c4e91962 depth=2 name=chip.run.runner_run.device_wall ts=0 dur=18933260 clk=dev
[mono_ns=7258355887159937][T0xea73bdab9020][TIMING] emit_host_span: [STRACE] v=1 pid=3002038 tid=3002038 inv=20 hid=6ccca4d8c4e91962 depth=3 name=chip.run.runner_run.device_wall.preamble ts=0 dur=646300 clk=dev
[mono_ns=7258355887164667][T0xea73bdab9020][TIMING] emit_host_span: [STRACE] v=1 pid=3002038 tid=3002038 inv=20 hid=6ccca4d8c4e91962 depth=3 name=chip.run.runner_run.device_wall.graph_build ts=641700 dur=18281059 clk=dev
[mono_ns=7258355887169147][T0xea73bdab9020][TIMING] emit_host_span: [STRACE] v=1 pid=3002038 tid=3002038 inv=20 hid=6ccca4d8c4e91962 depth=3 name=chip.run.runner_run.device_wall.config_validate ts=641839 dur=919 clk=dev
[mono_ns=7258355887172677][T0xea73bdab9020][TIMING] emit_host_span: [STRACE] v=1 pid=3002038 tid=3002038 inv=20 hid=6ccca4d8c4e91962 depth=3 name=chip.run.runner_run.device_wall.arena_wire ts=642780 dur=260 clk=dev
[mono_ns=7258355887175897][T0xea73bdab9020][TIMING] emit_host_span: [STRACE] v=1 pid=3002038 tid=3002038 inv=20 hid=6ccca4d8c4e91962 depth=3 name=chip.run.runner_run.device_wall.sm_reset ts=643079 dur=1220 clk=dev
[mono_ns=7258355887231738][T0xea73bdab9020][TIMING] emit_host_span: [STRACE] v=1 pid=3002038 tid=3002038 inv=20 hid=6ccca4d8c4e91962 depth=3 name=chip.run.runner_run.device_wall.post_orch ts=18922820 dur=10340 clk=dev
[mono_ns=7258355887235538][T0xea73bdab9020][TIMING] emit_host_span: [STRACE] v=1 pid=3002038 tid=3002038 inv=20 hid=6ccca4d8c4e91962 depth=3 name=chip.run.runner_run.device_wall.orch ts=644360 dur=3980 clk=dev
[mono_ns=7258355887239248][T0xea73bdab9020][TIMING] emit_host_span: [STRACE] v=1 pid=3002038 tid=3002038 inv=20 hid=6ccca4d8c4e91962 depth=3 name=chip.run.runner_run.device_wall.sched ts=646540 dur=18257940 clk=dev
[mono_ns=7258355887244098][T0xea73bdab9020][TIMING] emit_host_span: [STRACE] v=1 pid=3002038 tid=3002038 inv=20 hid=6ccca4d8c4e91962 depth=1 name=chip.run.claim_release ts=7258355887241528 dur=690 
[mono_ns=7258355887249698][T0xea73bdab9020][TIMING] emit_host_span: [STRACE] v=1 pid=3002038 tid=3002038 inv=20 hid=6ccca4d8c4e91962 depth=0 name=chip.run ts=7258355755723559 dur=131523879 run_id=20 dispatch_id=20 slot_id=0 generation=20 run_epoch=20
[mono_ns=7258360697384013][T0xea73bdab9020][TIMING] emit_host_span: [STRACE] v=1 pid=3002038 tid=3002038 inv=21 hid=6ccca4d8c4e91962 depth=2 name=chip.run.bind.args ts=7258360695248017 dur=2127716 
[mono_ns=7258360697405673][T0xea73bdab9020][TIMING] emit_host_span: [STRACE] v=1 pid=3002038 tid=3002038 inv=21 hid=6ccca4d8c4e91962 depth=2 name=chip.run.bind.prebuilt ts=7258360697399543 dur=3410 
[mono_ns=7258360697410983][T0xea73bdab9020][TIMING] emit_host_span: [STRACE] v=1 pid=3002038 tid=3002038 inv=21 hid=6ccca4d8c4e91962 depth=1 name=chip.run.bind ts=7258360695236837 dur=2171926 
[mono_ns=7258360802240758][T0xea73bdab9020][TIMING] emit_host_span: [STRACE] v=1 pid=3002038 tid=3002038 inv=21 hid=6ccca4d8c4e91962 depth=1 name=chip.run.runner_run ts=7258360697863937 dur=104361761 
[mono_ns=7258360803805670][T0xea73bdab9020][TIMING] emit_host_span: [STRACE] v=1 pid=3002038 tid=3002038 inv=21 hid=6ccca4d8c4e91962 depth=1 name=chip.run.validate ts=7258360802258779 dur=1540301 
[mono_ns=7258360803820630][T0xea73bdab9020][TIMING] emit_host_span: [STRACE] v=1 pid=3002038 tid=3002038 inv=21 hid=6ccca4d8c4e91962 depth=2 name=chip.run.runner_run.device_wall ts=0 dur=18413800 clk=dev
[mono_ns=7258360803825190][T0xea73bdab9020][TIMING] emit_host_span: [STRACE] v=1 pid=3002038 tid=3002038 inv=21 hid=6ccca4d8c4e91962 depth=3 name=chip.run.runner_run.device_wall.preamble ts=0 dur=6720 clk=dev
[mono_ns=7258360803829460][T0xea73bdab9020][TIMING] emit_host_span: [STRACE] v=1 pid=3002038 tid=3002038 inv=21 hid=6ccca4d8c4e91962 depth=3 name=chip.run.runner_run.device_wall.graph_build ts=1180 dur=18402200 clk=dev
[mono_ns=7258360803833060][T0xea73bdab9020][TIMING] emit_host_span: [STRACE] v=1 pid=3002038 tid=3002038 inv=21 hid=6ccca4d8c4e91962 depth=3 name=chip.run.runner_run.device_wall.config_validate ts=1280 dur=700 clk=dev
[mono_ns=7258360803836951][T0xea73bdab9020][TIMING] emit_host_span: [STRACE] v=1 pid=3002038 tid=3002038 inv=21 hid=6ccca4d8c4e91962 depth=3 name=chip.run.runner_run.device_wall.arena_wire ts=2020 dur=520 clk=dev
[mono_ns=7258360803840021][T0xea73bdab9020][TIMING] emit_host_span: [STRACE] v=1 pid=3002038 tid=3002038 inv=21 hid=6ccca4d8c4e91962 depth=3 name=chip.run.runner_run.device_wall.sm_reset ts=2580 dur=1619 clk=dev
[mono_ns=7258360803913081][T0xea73bdab9020][TIMING] emit_host_span: [STRACE] v=1 pid=3002038 tid=3002038 inv=21 hid=6ccca4d8c4e91962 depth=3 name=chip.run.runner_run.device_wall.post_orch ts=18403420 dur=10240 clk=dev
[mono_ns=7258360803916961][T0xea73bdab9020][TIMING] emit_host_span: [STRACE] v=1 pid=3002038 tid=3002038 inv=21 hid=6ccca4d8c4e91962 depth=3 name=chip.run.runner_run.device_wall.orch ts=4720 dur=8399 clk=dev
[mono_ns=7258360803920881][T0xea73bdab9020][TIMING] emit_host_span: [STRACE] v=1 pid=3002038 tid=3002038 inv=21 hid=6ccca4d8c4e91962 depth=3 name=chip.run.runner_run.device_wall.sched ts=6800 dur=18388519 clk=dev
[mono_ns=7258360803926151][T0xea73bdab9020][TIMING] emit_host_span: [STRACE] v=1 pid=3002038 tid=3002038 inv=21 hid=6ccca4d8c4e91962 depth=1 name=chip.run.claim_release ts=7258360803923511 dur=760 
[mono_ns=7258360803932111][T0xea73bdab9020][TIMING] emit_host_span: [STRACE] v=1 pid=3002038 tid=3002038 inv=21 hid=6ccca4d8c4e91962 depth=0 name=chip.run ts=7258360695171166 dur=108758915 run_id=21 dispatch_id=21 slot_id=0 generation=21 run_epoch=21
[mono_ns=7258360813030050][T0xea73bdab9020][TIMING] emit_host_span: [STRACE] v=1 pid=3002038 tid=3002038 inv=22 hid=6ccca4d8c4e91962 depth=2 name=chip.run.bind.args ts=7258360810834504 dur=2188536 
[mono_ns=7258360813047570][T0xea73bdab9020][TIMING] emit_host_span: [STRACE] v=1 pid=3002038 tid=3002038 inv=22 hid=6ccca4d8c4e91962 depth=2 name=chip.run.bind.prebuilt ts=7258360813042520 dur=2530 
[mono_ns=7258360813083841][T0xea73bdab9020][TIMING] emit_host_span: [STRACE] v=1 pid=3002038 tid=3002038 inv=22 hid=6ccca4d8c4e91962 depth=1 name=chip.run.bind ts=7258360810824804 dur=2256207 
[mono_ns=7258360832973691][T0xea72751fcca0][WARN] copy_aicore_buffer: [chip_swimlane_collector.cpp:689] Core 0: skipped 1024 AICore record slot(s) with start_time=0 (race-window write or recycled-buffer tail). buf seq=0 count=1024
[mono_ns=7258360832980442][T0xea7260dcaca0][WARN] copy_aicore_buffer: [chip_swimlane_collector.cpp:689] Core 2: skipped 1024 AICore record slot(s) with start_time=0 (race-window write or recycled-buffer tail). buf seq=0 count=1024
[mono_ns=7258360832980052][T0xea72749ecca0][WARN] copy_aicore_buffer: [chip_swimlane_collector.cpp:689] Core 1: skipped 1024 AICore record slot(s) with start_time=0 (race-window write or recycled-buffer tail). buf seq=0 count=1024
[mono_ns=7258360833343634][T0xea72751fcca0][WARN] copy_aicore_buffer: [chip_swimlane_collector.cpp:689] Core 24: skipped 1024 AICore record slot(s) with start_time=0 (race-window write or recycled-buffer tail). buf seq=0 count=1024
[mono_ns=7258360833344064][T0xea72749ecca0][WARN] copy_aicore_buffer: [chip_swimlane_collector.cpp:689] Core 26: skipped 1022 AICore record slot(s) with start_time=0 (race-window write or recycled-buffer tail). buf seq=0 count=1024
[mono_ns=7258360833347864][T0xea7260dcaca0][WARN] copy_aicore_buffer: [chip_swimlane_collector.cpp:689] Core 28: skipped 1023 AICore record slot(s) with start_time=0 (race-window write or recycled-buffer tail). buf seq=0 count=1024
[mono_ns=7258360833663307][T0xea72751fcca0][WARN] copy_aicore_buffer: [chip_swimlane_collector.cpp:689] Core 25: skipped 1024 AICore record slot(s) with start_time=0 (race-window write or recycled-buffer tail). buf seq=0 count=1024
[mono_ns=7258360833665347][T0xea72749ecca0][WARN] copy_aicore_buffer: [chip_swimlane_collector.cpp:689] Core 27: skipped 1022 AICore record slot(s) with start_time=0 (race-window write or recycled-buffer tail). buf seq=0 count=1024
[mono_ns=7258360833665447][T0xea7260dcaca0][WARN] copy_aicore_buffer: [chip_swimlane_collector.cpp:689] Core 29: skipped 1024 AICore record slot(s) with start_time=0 (race-window write or recycled-buffer tail). buf seq=0 count=1024
[mono_ns=7258360833981769][T0xea7260dcaca0][WARN] copy_aicore_buffer: [chip_swimlane_collector.cpp:689] Core 5: skipped 1024 AICore record slot(s) with start_time=0 (race-window write or recycled-buffer tail). buf seq=0 count=1024
[mono_ns=7258360833992359][T0xea72751fcca0][WARN] copy_aicore_buffer: [chip_swimlane_collector.cpp:689] Core 3: skipped 1024 AICore record slot(s) with start_time=0 (race-window write or recycled-buffer tail). buf seq=0 count=1024
[mono_ns=7258360833993149][T0xea72749ecca0][WARN] copy_aicore_buffer: [chip_swimlane_collector.cpp:689] Core 4: skipped 1024 AICore record slot(s) with start_time=0 (race-window write or recycled-buffer tail). buf seq=0 count=1024
[mono_ns=7258360834312072][T0xea7260dcaca0][WARN] copy_aicore_buffer: [chip_swimlane_collector.cpp:689] Core 34: skipped 1024 AICore record slot(s) with start_time=0 (race-window write or recycled-buffer tail). buf seq=0 count=1024
[mono_ns=7258360834332612][T0xea72751fcca0][WARN] copy_aicore_buffer: [chip_swimlane_collector.cpp:689] Core 30: skipped 1024 AICore record slot(s) with start_time=0 (race-window write or recycled-buffer tail). buf seq=0 count=1024
[mono_ns=7258360834333092][T0xea72749ecca0][WARN] copy_aicore_buffer: [chip_swimlane_collector.cpp:689] Core 32: skipped 1024 AICore record slot(s) with start_time=0 (race-window write or recycled-buffer tail). buf seq=0 count=1024
[mono_ns=7258360834630094][T0xea7260dcaca0][WARN] copy_aicore_buffer: [chip_swimlane_collector.cpp:689] Core 35: skipped 1023 AICore record slot(s) with start_time=0 (race-window write or recycled-buffer tail). buf seq=0 count=1024
[mono_ns=7258360834650134][T0xea72751fcca0][WARN] copy_aicore_buffer: [chip_swimlane_collector.cpp:689] Core 31: skipped 1024 AICore record slot(s) with start_time=0 (race-window write or recycled-buffer tail). buf seq=0 count=1024
[mono_ns=7258360834687444][T0xea72749ecca0][WARN] copy_aicore_buffer: [chip_swimlane_collector.cpp:689] Core 33: skipped 1024 AICore record slot(s) with start_time=0 (race-window write or recycled-buffer tail). buf seq=0 count=1024
[mono_ns=7258360834946696][T0xea7260dcaca0][WARN] copy_aicore_buffer: [chip_swimlane_collector.cpp:689] Core 8: skipped 1024 AICore record slot(s) with start_time=0 (race-window write or recycled-buffer tail). buf seq=0 count=1024
[mono_ns=7258360834969237][T0xea72751fcca0][WARN] copy_aicore_buffer: [chip_swimlane_collector.cpp:689] Core 6: skipped 1024 AICore record slot(s) with start_time=0 (race-window write or recycled-buffer tail). buf seq=0 count=1024
[mono_ns=7258360835030147][T0xea72749ecca0][WARN] copy_aicore_buffer: [chip_swimlane_collector.cpp:689] Core 7: skipped 1024 AICore record slot(s) with start_time=0 (race-window write or recycled-buffer tail). buf seq=0 count=1024
[mono_ns=7258360835289559][T0xea7260dcaca0][WARN] copy_aicore_buffer: [chip_swimlane_collector.cpp:689] Core 40: skipped 1024 AICore record slot(s) with start_time=0 (race-window write or recycled-buffer tail). buf seq=0 count=1024
[mono_ns=7258360835347829][T0xea72749ecca0][WARN] copy_aicore_buffer: [chip_swimlane_collector.cpp:689] Core 38: skipped 1024 AICore record slot(s) with start_time=0 (race-window write or recycled-buffer tail). buf seq=0 count=1024
[mono_ns=7258360835605421][T0xea7260dcaca0][WARN] copy_aicore_buffer: [chip_swimlane_collector.cpp:689] Core 41: skipped 1024 AICore record slot(s) with start_time=0 (race-window write or recycled-buffer tail). buf seq=0 count=1024
[mono_ns=7258360835662152][T0xea72749ecca0][WARN] copy_aicore_buffer: [chip_swimlane_collector.cpp:689] Core 39: skipped 1024 AICore record slot(s) with start_time=0 (race-window write or recycled-buffer tail). buf seq=0 count=1024
[mono_ns=7258360835310219][T0xea72751fcca0][WARN] copy_aicore_buffer: [chip_swimlane_collector.cpp:689] Core 36: skipped 1024 AICore record slot(s) with start_time=0 (race-window write or recycled-buffer tail). buf seq=0 count=1024
[mono_ns=7258360835920804][T0xea7260dcaca0][WARN] copy_aicore_buffer: [chip_swimlane_collector.cpp:689] Core 11: skipped 1024 AICore record slot(s) with start_time=0 (race-window write or recycled-buffer tail). buf seq=0 count=1024
[mono_ns=7258360835977984][T0xea72749ecca0][WARN] copy_aicore_buffer: [chip_swimlane_collector.cpp:689] Core 10: skipped 1024 AICore record slot(s) with start_time=0 (race-window write or recycled-buffer tail). buf seq=0 count=1024
[mono_ns=7258360836033125][T0xea72751fcca0][WARN] copy_aicore_buffer: [chip_swimlane_collector.cpp:689] Core 37: skipped 1024 AICore record slot(s) with start_time=0 (race-window write or recycled-buffer tail). buf seq=0 count=1024
[mono_ns=7258360836251616][T0xea7260dcaca0][WARN] copy_aicore_buffer: [chip_swimlane_collector.cpp:689] Core 46: skipped 1024 AICore record slot(s) with start_time=0 (race-window write or recycled-buffer tail). buf seq=0 count=1024
[mono_ns=7258360836315097][T0xea72749ecca0][WARN] copy_aicore_buffer: [chip_swimlane_collector.cpp:689] Core 44: skipped 1024 AICore record slot(s) with start_time=0 (race-window write or recycled-buffer tail). buf seq=0 count=1024
[mono_ns=7258360836352557][T0xea72751fcca0][WARN] copy_aicore_buffer: [chip_swimlane_collector.cpp:689] Core 9: skipped 1024 AICore record slot(s) with start_time=0 (race-window write or recycled-buffer tail). buf seq=0 count=1024
[mono_ns=7258360836606909][T0xea7260dcaca0][WARN] copy_aicore_buffer: [chip_swimlane_collector.cpp:689] Core 47: skipped 1024 AICore record slot(s) with start_time=0 (race-window write or recycled-buffer tail). buf seq=0 count=1024
[mono_ns=7258360836632649][T0xea72749ecca0][WARN] copy_aicore_buffer: [chip_swimlane_collector.cpp:689] Core 45: skipped 1024 AICore record slot(s) with start_time=0 (race-window write or recycled-buffer tail). buf seq=0 count=1024
[mono_ns=7258360836672910][T0xea72751fcca0][WARN] copy_aicore_buffer: [chip_swimlane_collector.cpp:689] Core 42: skipped 1024 AICore record slot(s) with start_time=0 (race-window write or recycled-buffer tail). buf seq=0 count=1024
[mono_ns=7258360836923691][T0xea7260dcaca0][WARN] copy_aicore_buffer: [chip_swimlane_collector.cpp:689] Core 14: skipped 1024 AICore record slot(s) with start_time=0 (race-window write or recycled-buffer tail). buf seq=0 count=1024
[mono_ns=7258360836948602][T0xea72749ecca0][WARN] copy_aicore_buffer: [chip_swimlane_collector.cpp:689] Core 13: skipped 1024 AICore record slot(s) with start_time=0 (race-window write or recycled-buffer tail). buf seq=0 count=1024
[mono_ns=7258360836992452][T0xea72751fcca0][WARN] copy_aicore_buffer: [chip_swimlane_collector.cpp:689] Core 43: skipped 1024 AICore record slot(s) with start_time=0 (race-window write or recycled-buffer tail). buf seq=0 count=1024
[mono_ns=7258360837265294][T0xea7260dcaca0][WARN] copy_aicore_buffer: [chip_swimlane_collector.cpp:689] Core 52: skipped 1024 AICore record slot(s) with start_time=0 (race-window write or recycled-buffer tail). buf seq=0 count=1024
[mono_ns=7258360837279674][T0xea72749ecca0][WARN] copy_aicore_buffer: [chip_swimlane_collector.cpp:689] Core 50: skipped 1024 AICore record slot(s) with start_time=0 (race-window write or recycled-buffer tail). buf seq=0 count=1024
[mono_ns=7258360837367845][T0xea72751fcca0][WARN] copy_aicore_buffer: [chip_swimlane_collector.cpp:689] Core 12: skipped 1024 AICore record slot(s) with start_time=0 (race-window write or recycled-buffer tail). buf seq=0 count=1024
[mono_ns=7258360837581796][T0xea7260dcaca0][WARN] copy_aicore_buffer: [chip_swimlane_collector.cpp:689] Core 53: skipped 1024 AICore record slot(s) with start_time=0 (race-window write or recycled-buffer tail). buf seq=0 count=1024
[mono_ns=7258360837593166][T0xea72749ecca0][WARN] copy_aicore_buffer: [chip_swimlane_collector.cpp:689] Core 51: skipped 1024 AICore record slot(s) with start_time=0 (race-window write or recycled-buffer tail). buf seq=0 count=1024
[mono_ns=7258360837722507][T0xea72751fcca0][WARN] copy_aicore_buffer: [chip_swimlane_collector.cpp:689] Core 48: skipped 1024 AICore record slot(s) with start_time=0 (race-window write or recycled-buffer tail). buf seq=0 count=1024
[mono_ns=7258360837898529][T0xea7260dcaca0][WARN] copy_aicore_buffer: [chip_swimlane_collector.cpp:689] Core 17: skipped 1024 AICore record slot(s) with start_time=0 (race-window write or recycled-buffer tail). buf seq=0 count=1024
[mono_ns=7258360837907249][T0xea72749ecca0][WARN] copy_aicore_buffer: [chip_swimlane_collector.cpp:689] Core 16: skipped 1024 AICore record slot(s) with start_time=0 (race-window write or recycled-buffer tail). buf seq=0 count=1024
[mono_ns=7258360838056620][T0xea72751fcca0][WARN] copy_aicore_buffer: [chip_swimlane_collector.cpp:689] Core 49: skipped 1024 AICore record slot(s) with start_time=0 (race-window write or recycled-buffer tail). buf seq=0 count=1024
[mono_ns=7258360838236261][T0xea7260dcaca0][WARN] copy_aicore_buffer: [chip_swimlane_collector.cpp:689] Core 58: skipped 1024 AICore record slot(s) with start_time=0 (race-window write or recycled-buffer tail). buf seq=0 count=1024
[mono_ns=7258360838238811][T0xea72749ecca0][WARN] copy_aicore_buffer: [chip_swimlane_collector.cpp:689] Core 56: skipped 1024 AICore record slot(s) with start_time=0 (race-window write or recycled-buffer tail). buf seq=0 count=1024
[mono_ns=7258360838374522][T0xea72751fcca0][WARN] copy_aicore_buffer: [chip_swimlane_collector.cpp:689] Core 15: skipped 1024 AICore record slot(s) with start_time=0 (race-window write or recycled-buffer tail). buf seq=0 count=1024
[mono_ns=7258360838551574][T0xea7260dcaca0][WARN] copy_aicore_buffer: [chip_swimlane_collector.cpp:689] Core 59: skipped 1024 AICore record slot(s) with start_time=0 (race-window write or recycled-buffer tail). buf seq=0 count=1024
[mono_ns=7258360838554264][T0xea72749ecca0][WARN] copy_aicore_buffer: [chip_swimlane_collector.cpp:689] Core 57: skipped 1024 AICore record slot(s) with start_time=0 (race-window write or recycled-buffer tail). buf seq=0 count=1024
[mono_ns=7258360838692055][T0xea72751fcca0][WARN] copy_aicore_buffer: [chip_swimlane_collector.cpp:689] Core 54: skipped 1024 AICore record slot(s) with start_time=0 (race-window write or recycled-buffer tail). buf seq=0 count=1024
[mono_ns=7258360838867696][T0xea7260dcaca0][WARN] copy_aicore_buffer: [chip_swimlane_collector.cpp:689] Core 20: skipped 1024 AICore record slot(s) with start_time=0 (race-window write or recycled-buffer tail). buf seq=0 count=1024
[mono_ns=7258360838869646][T0xea72749ecca0][WARN] copy_aicore_buffer: [chip_swimlane_collector.cpp:689] Core 19: skipped 1024 AICore record slot(s) with start_time=0 (race-window write or recycled-buffer tail). buf seq=0 count=1024
[mono_ns=7258360839021437][T0xea72751fcca0][WARN] copy_aicore_buffer: [chip_swimlane_collector.cpp:689] Core 55: skipped 1024 AICore record slot(s) with start_time=0 (race-window write or recycled-buffer tail). buf seq=0 count=1024
[mono_ns=7258360839193409][T0xea72749ecca0][WARN] copy_aicore_buffer: [chip_swimlane_collector.cpp:689] Core 62: skipped 1024 AICore record slot(s) with start_time=0 (race-window write or recycled-buffer tail). buf seq=0 count=1024
[mono_ns=7258360839204689][T0xea7260dcaca0][WARN] copy_aicore_buffer: [chip_swimlane_collector.cpp:689] Core 64: skipped 1024 AICore record slot(s) with start_time=0 (race-window write or recycled-buffer tail). buf seq=0 count=1024
[mono_ns=7258360839339110][T0xea72751fcca0][WARN] copy_aicore_buffer: [chip_swimlane_collector.cpp:689] Core 18: skipped 1024 AICore record slot(s) with start_time=0 (race-window write or recycled-buffer tail). buf seq=0 count=1024
[mono_ns=7258360839509861][T0xea72749ecca0][WARN] copy_aicore_buffer: [chip_swimlane_collector.cpp:689] Core 63: skipped 1024 AICore record slot(s) with start_time=0 (race-window write or recycled-buffer tail). buf seq=0 count=1024
[mono_ns=7258360839518211][T0xea7260dcaca0][WARN] copy_aicore_buffer: [chip_swimlane_collector.cpp:689] Core 65: skipped 1024 AICore record slot(s) with start_time=0 (race-window write or recycled-buffer tail). buf seq=0 count=1024
[mono_ns=7258360839656032][T0xea72751fcca0][WARN] copy_aicore_buffer: [chip_swimlane_collector.cpp:689] Core 60: skipped 1024 AICore record slot(s) with start_time=0 (race-window write or recycled-buffer tail). buf seq=0 count=1024
[mono_ns=7258360839826233][T0xea72749ecca0][WARN] copy_aicore_buffer: [chip_swimlane_collector.cpp:689] Core 22: skipped 1024 AICore record slot(s) with start_time=0 (race-window write or recycled-buffer tail). buf seq=0 count=1024
[mono_ns=7258360839860024][T0xea7260dcaca0][WARN] copy_aicore_buffer: [chip_swimlane_collector.cpp:689] Core 23: skipped 1024 AICore record slot(s) with start_time=0 (race-window write or recycled-buffer tail). buf seq=0 count=1024
[mono_ns=7258360839973775][T0xea72751fcca0][WARN] copy_aicore_buffer: [chip_swimlane_collector.cpp:689] Core 61: skipped 1024 AICore record slot(s) with start_time=0 (race-window write or recycled-buffer tail). buf seq=0 count=1024
[mono_ns=7258360840152256][T0xea72749ecca0][WARN] copy_aicore_buffer: [chip_swimlane_collector.cpp:689] Core 68: skipped 1024 AICore record slot(s) with start_time=0 (race-window write or recycled-buffer tail). buf seq=0 count=1024
[mono_ns=7258360840206016][T0xea7260dcaca0][WARN] copy_aicore_buffer: [chip_swimlane_collector.cpp:689] Core 70: skipped 1024 AICore record slot(s) with start_time=0 (race-window write or recycled-buffer tail). buf seq=0 count=1024
[mono_ns=7258360840295247][T0xea72751fcca0][WARN] copy_aicore_buffer: [chip_swimlane_collector.cpp:689] Core 21: skipped 1024 AICore record slot(s) with start_time=0 (race-window write or recycled-buffer tail). buf seq=0 count=1024
[mono_ns=7258360840468418][T0xea72749ecca0][WARN] copy_aicore_buffer: [chip_swimlane_collector.cpp:689] Core 69: skipped 1024 AICore record slot(s) with start_time=0 (race-window write or recycled-buffer tail). buf seq=0 count=1024
[mono_ns=7258360840520939][T0xea7260dcaca0][WARN] copy_aicore_buffer: [chip_swimlane_collector.cpp:689] Core 71: skipped 1024 AICore record slot(s) with start_time=0 (race-window write or recycled-buffer tail). buf seq=0 count=1024
[mono_ns=7258360840612989][T0xea72751fcca0][WARN] copy_aicore_buffer: [chip_swimlane_collector.cpp:689] Core 66: skipped 1024 AICore record slot(s) with start_time=0 (race-window write or recycled-buffer tail). buf seq=0 count=1024
[mono_ns=7258360840930922][T0xea72751fcca0][WARN] copy_aicore_buffer: [chip_swimlane_collector.cpp:689] Core 67: skipped 1024 AICore record slot(s) with start_time=0 (race-window write or recycled-buffer tail). buf seq=0 count=1024
[mono_ns=7258360941683646][T0xea73bdab9020][TIMING] emit_host_span: [STRACE] v=1 pid=3002038 tid=3002038 inv=22 hid=6ccca4d8c4e91962 depth=1 name=chip.run.runner_run ts=7258360813400673 dur=128269223 
[mono_ns=7258360943887393][T0xea73bdab9020][TIMING] emit_host_span: [STRACE] v=1 pid=3002038 tid=3002038 inv=22 hid=6ccca4d8c4e91962 depth=1 name=chip.run.validate ts=7258360941703546 dur=2171176 
[mono_ns=7258360943910943][T0xea73bdab9020][TIMING] emit_host_span: [STRACE] v=1 pid=3002038 tid=3002038 inv=22 hid=6ccca4d8c4e91962 depth=2 name=chip.run.runner_run.device_wall ts=0 dur=19109540 clk=dev
[mono_ns=7258360943916383][T0xea73bdab9020][TIMING] emit_host_span: [STRACE] v=1 pid=3002038 tid=3002038 inv=22 hid=6ccca4d8c4e91962 depth=3 name=chip.run.runner_run.device_wall.preamble ts=0 dur=624600 clk=dev
[mono_ns=7258360943920343][T0xea73bdab9020][TIMING] emit_host_span: [STRACE] v=1 pid=3002038 tid=3002038 inv=22 hid=6ccca4d8c4e91962 depth=3 name=chip.run.runner_run.device_wall.graph_build ts=619980 dur=18479520 clk=dev
[mono_ns=7258360944098564][T0xea73bdab9020][TIMING] emit_host_span: [STRACE] v=1 pid=3002038 tid=3002038 inv=22 hid=6ccca4d8c4e91962 depth=3 name=chip.run.runner_run.device_wall.config_validate ts=620060 dur=740 clk=dev
[mono_ns=7258360944105004][T0xea73bdab9020][TIMING] emit_host_span: [STRACE] v=1 pid=3002038 tid=3002038 inv=22 hid=6ccca4d8c4e91962 depth=3 name=chip.run.runner_run.device_wall.arena_wire ts=620840 dur=260 clk=dev
[mono_ns=7258360944108864][T0xea73bdab9020][TIMING] emit_host_span: [STRACE] v=1 pid=3002038 tid=3002038 inv=22 hid=6ccca4d8c4e91962 depth=3 name=chip.run.runner_run.device_wall.sm_reset ts=621120 dur=1040 clk=dev
[mono_ns=7258360944113184][T0xea73bdab9020][TIMING] emit_host_span: [STRACE] v=1 pid=3002038 tid=3002038 inv=22 hid=6ccca4d8c4e91962 depth=3 name=chip.run.runner_run.device_wall.post_orch ts=19099560 dur=9880 clk=dev
[mono_ns=7258360944117464][T0xea73bdab9020][TIMING] emit_host_span: [STRACE] v=1 pid=3002038 tid=3002038 inv=22 hid=6ccca4d8c4e91962 depth=3 name=chip.run.runner_run.device_wall.orch ts=622200 dur=3820 clk=dev
[mono_ns=7258360944121524][T0xea73bdab9020][TIMING] emit_host_span: [STRACE] v=1 pid=3002038 tid=3002038 inv=22 hid=6ccca4d8c4e91962 depth=3 name=chip.run.runner_run.device_wall.sched ts=624780 dur=18456120 clk=dev
[mono_ns=7258360944128614][T0xea73bdab9020][TIMING] emit_host_span: [STRACE] v=1 pid=3002038 tid=3002038 inv=22 hid=6ccca4d8c4e91962 depth=1 name=chip.run.claim_release ts=7258360944125804 dur=810 
[mono_ns=7258360944135804][T0xea73bdab9020][TIMING] emit_host_span: [STRACE] v=1 pid=3002038 tid=3002038 inv=22 hid=6ccca4d8c4e91962 depth=0 name=chip.run ts=7258360810775193 dur=133358071 run_id=22 dispatch_id=22 slot_id=0 generation=22 run_epoch=22
